epoch,split,week,tow,time_gps_s,obs_count,obs_count_ls_gate,coarse_ok,coarse_iter,coarse_rx_x_m,coarse_rx_y_m,coarse_rx_z_m,coarse_cb_m,gt_lat_deg,gt_lon_deg,gt_h_m,speed_mps,is_static
1,train,2206,379365.208049767,1334568165.20805,6,6,1,6,-2399704.6175566204,5383203.290583172,2429711.011968496,-14943.304078628218,22.5395161633321,114.026177252802,5.26845383919431,0.136970751124754,0
2,train,2206,379365.505050401,1334568165.50505,6,6,1,2,-2399704.409808909,5383203.085796087,2429710.865995806,-15114.145114709061,22.5395163491475,114.026177052244,5.31207848200571,0.195321741405967,1
3,train,2206,379366.005051317,1334568166.00505,8,8,1,2,-2399704.413175584,5383208.564679164,2429710.3546396154,-15399.082400264733,22.539516600761,114.02617680534,5.36605669673026,0.0173515677063204,1
4,train,2206,379366.505052273,1334568166.50505,8,8,1,2,-2399703.6985031674,5383204.024593144,2429710.803936558,-15688.180588087265,22.5395167493792,114.02617664958,5.39996047981104,0.114161845492808,1
5,train,2206,379367.005053228,1334568167.00505,9,9,1,2,-2399704.0237815036,5383203.669707478,2429710.9232594743,-15974.848167860471,22.539516899788,114.026176498873,5.4297057621353,0.0151588961771892,1
6,train,2206,379367.505054186,1334568167.50505,9,9,1,2,-2399703.8898038846,5383201.8569374895,2429711.0718955654,-16262.614811266627,22.5395170513657,114.026176450421,5.42433738772415,0.0483985851625378,1
7,train,2206,379368.005055144,1334568168.00506,9,9,1,2,-2399703.64244445,5383201.394991284,2429710.8998780428,-16550.13131396337,22.5395172003009,114.026176401367,5.41730263235974,0.0179519936058585,1
8,train,2206,379368.505056104,1334568168.50506,9,9,1,2,-2399703.6770843067,5383202.48752391,2429710.3662272277,-16836.96992095383,22.5395171555682,114.02617634771,5.3806228593167,0.104514544542872,1
9,train,2206,379369.005057063,1334568169.00506,9,9,1,2,-2399703.5624804813,5383202.083957812,2429710.1701615425,-17124.375732607314,22.5395170979907,114.026176298358,5.35071961080019,0.0136891999886452,1
10,train,2206,379369.505058022,1334568169.50506,9,9,1,2,-2399703.1639497476,5383202.692935961,2429709.2834762684,-17411.89301224168,22.5395170458928,114.026175998081,5.34139369847758,0.100468149015112,1
11,train,2206,379370.005058981,1334568170.00506,9,9,1,2,-2399702.9426594586,5383202.311524134,2429709.0907408437,-17699.37517646782,22.5395169985781,114.026175702182,5.33558476428129,0.0266036692202985,1
12,train,2206,379370.505059939,1334568170.50506,10,9,1,2,-2399702.953774316,5383202.279367282,2429708.8888601754,-17986.577206619084,22.5395170459635,114.026175349768,5.35284360846055,0.114679046827871,1
13,train,2206,379371.005060897,1334568171.00506,10,9,1,2,-2399702.9926501513,5383202.630253798,2429708.724214383,-18273.649074970865,22.5395170998897,114.026175002998,5.36590137744977,0.0148468894533687,1
14,train,2206,379371.505061854,1334568171.50506,9,9,1,2,-2399702.943392388,5383202.635560182,2429708.6973164426,-18560.797459342455,22.539517152829,114.026174646515,5.37794338054505,0.113415459629504,1
15,train,2206,379372.005062808,1334568172.00506,9,9,1,2,-2399702.9981770823,5383202.978629469,2429708.263622339,-18846.832714216343,22.5395171965228,114.026174297987,5.39229517315416,0.0196404291485636,1
16,train,2206,379372.505063766,1334568172.50506,9,9,1,2,-2399703.04944237,5383203.262674421,2429708.412511032,-19133.832312884537,22.5395173536264,114.02617399377,5.37834105417203,0.114977353522997,1
17,train,2206,379373.005064724,1334568173.00506,9,9,1,2,-2399703.1185381883,5383203.488057302,2429708.4540143223,-19420.873317167774,22.5395175046802,114.026173698292,5.36483092531158,0.0187251705943294,1
18,train,2206,379373.505065681,1334568173.50507,9,9,1,2,-2399703.201567955,5383203.661958438,2429708.628734307,-19707.831992525396,22.5395173961648,114.026173488868,5.36810652831908,0.0728078803691635,1
19,train,2206,379374.005066638,1334568174.00507,9,9,1,2,-2399703.413375015,5383203.72711239,2429708.984834391,-19994.636173816696,22.5395172985878,114.026173297706,5.36495694400405,0.0123333354328581,1
20,train,2206,379374.505067595,1334568174.50507,9,9,1,2,-2399703.535780793,5383204.130839833,2429708.971777242,-20281.600238134906,22.5395174944171,114.02617315157,5.37893337117852,0.0882953511339967,1
21,train,2206,379375.005068552,1334568175.00507,9,9,1,2,-2399703.4774246425,5383203.964014698,2429708.94340663,-20568.820234369818,22.5395176993484,114.026173000332,5.39110489994289,0.0192328391490122,1
22,train,2206,379375.505069509,1334568175.50507,9,9,1,2,-2399703.485913025,5383204.050323257,2429709.1947224606,-20855.779174357802,22.5395176081161,114.026172846885,5.3841730531679,0.0607349000020853,1
23,train,2206,379376.005070466,1334568176.00507,9,9,1,2,-2399703.54600545,5383204.154920923,2429709.0189724322,-21143.005528275462,22.5395175055682,114.026172700306,5.38283571828623,0.0112443973011977,1
24,train,2206,379376.505071423,1334568176.50507,9,9,1,2,-2399703.55674956,5383204.304773192,2429708.8214024655,-21430.238556219425,22.5395174588236,114.026172500897,5.37633122832718,0.0677812793051881,1
25,train,2206,379377.005072383,1334568177.00507,9,9,1,2,-2399703.4838968245,5383204.795939489,2429708.768971016,-21717.373945079016,22.539517393933,114.026172302479,5.37345173740879,0.0212232834444965,1
26,train,2206,379377.505073342,1334568177.50507,9,9,1,2,-2399703.368629976,5383204.990963103,2429708.692039942,-22004.57424912437,22.5395174477969,114.026172147888,5.36843997965338,0.0549026683362379,1
27,train,2206,379378.005074302,1334568178.00507,10,10,1,2,-2399703.312795386,5383205.370729992,2429708.380016567,-22291.893682359638,22.5395174976501,114.026171997612,5.36669604316035,0.0324542648770085,1
28,train,2206,379378.505075261,1334568178.50508,14,14,1,2,-2399694.9576948946,5383203.792842218,2429699.042827349,-22579.766921394945,22.539517641816,114.026171945495,5.37115057845622,0.0515017337671674,1
29,train,2206,379379.005076219,1334568179.00508,14,14,1,2,-2399694.968414461,5383203.697252376,2429699.012429313,-22866.887561063555,22.5395177951724,114.026171897096,5.36809833147957,0.0054037257439643,1
30,train,2206,379379.505077176,1334568179.50508,14,14,1,2,-2399694.952209153,5383203.75209231,2429699.106171312,-23153.922929674718,22.5395178929406,114.026171798951,5.37736311045617,0.0493257811524123,1
31,train,2206,379380.005078135,1334568180.00508,14,14,1,2,-2399694.831966925,5383203.893643,2429698.7560165166,-23441.2712328618,22.539518002058,114.026171703568,5.38333621985763,0.0134315563953052,1
32,train,2206,379380.505079089,1334568180.50508,14,14,1,2,-2399694.803813591,5383203.530142476,2429698.796182992,-23728.325259861012,22.5395179014215,114.026171546588,5.38226674670426,0.0604287600553069,1
33,train,2206,379381.005080047,1334568181.00508,14,14,1,2,-2399694.738443043,5383203.779944258,2429698.58601664,-24015.47945893701,22.5395178028267,114.026171396589,5.37905214239899,0.018828256127269,1
34,train,2206,379381.505081004,1334568181.50508,14,14,1,2,-2399694.761565007,5383203.767207721,2429698.6406332254,-24302.457477041782,22.5395177040842,114.026171198729,5.38803802031823,0.0800445129560892,1
35,train,2206,379382.00508196,1334568182.00508,14,14,1,2,-2399694.7107916987,5383203.484440468,2429698.5716954353,-24589.602660008113,22.5395175980447,114.026170999372,5.39978408663996,0.00763867965614838,1
36,train,2206,379382.505082916,1334568182.50508,14,14,1,2,-2399694.7233767174,5383203.229763676,2429698.521844456,-24876.716466973343,22.5395176013749,114.026170943949,5.38567142755474,0.0418627986523239,1
37,train,2206,379383.005083874,1334568183.00508,14,14,1,2,-2399694.7287755623,5383203.1201917445,2429698.5091277696,-25163.768639498616,22.539517602866,114.02617089715,5.37240974989279,0.00570406290814984,1
38,train,2206,379383.505084832,1334568183.50508,14,14,1,2,-2399694.8835827014,5383203.25476836,2429698.5263675046,-25450.68183906823,22.5395176999686,114.026170902382,5.34592468848456,0.0840202319113252,1
39,train,2206,379384.005085789,1334568184.00509,14,14,1,2,-2399694.9300067252,5383203.204813974,2429698.601058229,-25737.63076088698,22.5395177991679,114.026170897584,5.31739490935744,0.0156168688109094,1
40,train,2206,379384.505086747,1334568184.50509,14,14,1,2,-2399694.926032013,5383203.233857817,2429698.647611792,-26024.606919574788,22.5395178971486,114.026170844732,5.31002701154842,0.0368374203369153,1
41,train,2206,379385.005087705,1334568185.00509,14,14,1,2,-2399694.873766852,5383203.274808967,2429698.70114257,-26311.65129725626,22.5395179997525,114.026170800259,5.30039157559906,0.0223825241579406,1
42,train,2206,379385.505088662,1334568185.50509,14,14,1,2,-2399694.825068635,5383203.141536506,2429698.6761758192,-26598.758971728643,22.5395180541662,114.026170651541,5.3260213509904,0.098109118603059,1
43,train,2206,379386.00508962,1334568186.00509,14,14,1,2,-2399694.7007790348,5383202.9534885585,2429698.5394481434,-26885.929964758514,22.5395180988706,114.026170504638,5.34953088073293,0.0251564241088107,1
44,train,2206,379386.505090578,1334568186.50509,14,14,1,2,-2399694.7219899627,5383202.787486696,2429698.6129049486,-27172.941459631627,22.5395181537499,114.026170354918,5.37596895967835,0.103619605376113,1
45,train,2206,379387.005091536,1334568187.00509,14,14,1,2,-2399694.651773705,5383202.412478385,2429698.5883985353,-27460.1825026027,22.5395182006498,114.026170201966,5.40324698076014,0.0180122984862799,1
46,train,2206,379387.505092494,1334568187.50509,14,14,1,2,-2399694.5769227976,5383202.2639695695,2429698.748006445,-27747.262117219907,22.5395181971686,114.02617004609,5.4262156860957,0.0876434999198391,1
47,train,2206,379388.005093452,1334568188.00509,14,14,1,2,-2399694.423804783,5383202.099125138,2429698.625976565,-28034.589753970493,22.539518200801,114.026169896609,5.44491643724175,0.0310651984960794,1
48,train,2206,379388.505094409,1334568188.50509,15,15,1,2,-2399695.763321782,5383203.724642021,2429703.8599168723,-28317.709088937034,22.5395182055654,114.026169798333,5.45443613003808,0.0524675747856448,1
49,train,2206,379389.005095364,1334568189.0051,15,15,1,2,-2399694.5605123024,5383201.965698991,2429699.239546153,-28608.471584900813,22.5395182038515,114.026169699939,5.46497112539133,0.024415710958534,1
50,train,2206,379389.505096321,1334568189.5051,15,15,1,2,-2399694.1090063057,5383201.314870301,2429697.882791757,-28896.795236908332,22.5395182037019,114.026169596544,5.47242371442265,0.0434355856668953,1
51,train,2206,379390.005097278,1334568190.0051,15,15,1,2,-2399694.3555616024,5383201.055461142,2429698.886779239,-29183.404539712712,22.5395182013917,114.026169495486,5.47598215044248,0.0372514905358409,1
52,train,2206,379390.505098237,1334568190.5051,15,15,1,2,-2399693.9417481394,5383200.260882665,2429697.784776536,-29471.584623958297,22.5395181480187,114.02616924577,5.47843859907406,0.0796319889522949,1
53,train,2206,379391.005099188,1334568191.0051,15,15,1,2,-2399693.8360817228,5383199.84472688,2429697.742668202,-29758.891134422993,22.5395181031133,114.026168997866,5.47873300410311,0.0431240238470868,1
54,train,2206,379391.505100122,1334568191.5051,15,15,1,2,-2399693.9515187955,5383199.481088521,2429698.628558426,-30045.546843879667,22.5395180584987,114.026168899571,5.48329369559912,0.0466500208206807,1
55,train,2206,379392.005101142,1334568192.0051,15,15,1,2,-2399693.9576585004,5383198.86306263,2429698.7402075306,-30332.75599867463,22.539518004155,114.026168798273,5.48680692877157,0.0448007393954302,1
56,train,2206,379393.000103014,1334568193.0001,16,16,1,2,-2399694.1728238394,5383198.937000558,2429699.845432375,-30903.755531730196,22.5395178040812,114.026168798709,5.47782872344971,0.0505772985691846,1
57,train,2206,379394.000104928,1334568194.0001,16,16,1,2,-2399694.215222556,5383197.9832347,2429700.1358784013,-31478.184528542104,22.5395176006535,114.026168699865,5.48254038291526,0.038264356459194,1
58,train,2206,379395.000106856,1334568195.00011,16,16,1,2,-2399692.3468129258,5383197.604012239,2429695.7790742544,-32063.08643686247,22.5395174998415,114.026168699758,5.48857051228409,0.0347494137409681,1
59,train,2206,379396.000108788,1334568196.00011,16,16,1,2,-2399691.275896991,5383191.7052672105,2429695.9343550885,-32643.626198779024,22.5395173020785,114.026168898945,5.40046616593472,0.0238813526546634,1
60,train,2206,379397.000110714,1334568197.00011,17,17,1,2,-2399692.0852408465,5383193.054658243,2429697.3150941706,-33218.344417077846,22.539517405182,114.026169099094,5.32860729253647,0.0194874950433925,1
61,train,2206,379398.000112638,1334568198.00011,17,17,1,2,-2399691.684421744,5383193.493676565,2429697.5542742424,-33793.548163644955,22.5395173967138,114.02616940012,5.23173276864789,0.0381768886162378,1
62,train,2206,379399.000114559,1334568199.00011,17,17,1,2,-2399691.6847345307,5383195.477815123,2429697.973943387,-34367.329117043606,22.5395169981346,114.026169798921,5.11112043226544,0.0141402264529011,1
63,train,2206,379400.000116477,1334568200.00012,18,18,1,2,-2399696.3820680343,5383198.908352743,2429701.56383555,-34937.20520030465,22.5395170026307,114.026169803947,5.10209447085057,0.00807518070752157,1
64,train,2206,379401.000118394,1334568201.00012,18,18,1,2,-2399696.684024154,5383200.188536606,2429701.932742547,-35510.976432968906,22.5395168951685,114.026169697506,5.08120217422242,0.00620046036246122,1
65,train,2206,379402.00012031,1334568202.00012,18,18,1,2,-2399696.639159062,5383200.043413295,2429701.2945326837,-36085.73454982289,22.5395165031503,114.026170002922,5.02144787959368,0.0170762809638687,1
66,train,2206,379403.000122225,1334568203.00012,18,18,1,2,-2399696.3766051237,5383200.225356034,2429701.2258840105,-36660.20308642306,22.5395162016883,114.026170105833,4.98188290679292,0.00790858086905144,1
67,train,2206,379404.000124141,1334568204.00012,18,18,1,2,-2399696.6325290687,5383200.769464043,2429701.134574137,-37234.366909959266,22.5395159967815,114.026170202106,4.9191628119695,0.00894309918438998,1
68,train,2206,379405.000126055,1334568205.00013,18,18,1,2,-2399696.8868137295,5383200.949396613,2429701.0044931555,-37808.69021877904,22.5395160978995,114.026170495965,4.85305088499422,0.0129439832957177,1
69,train,2206,379406.00012797,1334568206.00013,18,18,1,2,-2399697.1785863065,5383200.997958548,2429701.3449789113,-38382.756918426516,22.5395162013468,114.026170899372,4.788926443184,0.00780686782758451,1
70,train,2206,379407.000129885,1334568207.00013,18,18,1,2,-2399697.127810634,5383200.356355179,2429700.9761732514,-38957.46728925414,22.5395164005223,114.026171096314,4.74621632684408,0.0078213523777238,1
71,train,2206,379408.0001318,1334568208.00013,18,18,1,2,-2399697.5914678243,5383200.780875667,2429701.3395437063,-39531.29191296114,22.5395165007076,114.026171296032,4.71687560017495,0.0100455156007499,1
72,train,2206,379409.000133716,1334568209.00013,18,18,1,2,-2399698.5361628667,5383201.866471831,2429702.6344439327,-40104.18085727106,22.5395164986513,114.026171399693,4.71481666358351,0.00883309580500853,1
73,train,2206,379410.000135631,1334568210.00014,18,18,1,2,-2399699.4145906265,5383202.922036666,2429702.775042978,-40677.732908101345,22.539516603308,114.026171394772,4.71819741544187,0.011016071012845,1
74,train,2206,379411.000137546,1334568211.00014,18,18,1,2,-2399699.209712688,5383203.215575505,2429702.6954764673,-41251.995145230256,22.5395168002412,114.026171295925,4.74130576189896,0.0100510234208104,1
75,train,2206,379412.000139463,1334568212.00014,18,18,1,2,-2399699.080127699,5383203.363453484,2429702.4154480505,-41826.35215648544,22.5395168977004,114.02617130288,4.74138993594005,0.0129463212783565,1
76,train,2206,379413.000141378,1334568213.00014,18,18,1,2,-2399699.7895333804,5383204.310991133,2429703.7430881183,-42399.207960405445,22.539516995481,114.026171298169,4.72312561137672,0.0110315669800161,1
77,train,2206,379414.000143291,1334568214.00014,18,18,1,2,-2399699.4012579974,5383203.975337375,2429701.8485901933,-42974.69690273138,22.539516900702,114.026171398195,4.68580493205709,0.0161127378444757,1
78,train,2206,379415.000145205,1334568215.00015,18,18,1,2,-2399699.87826376,5383204.643004955,2429703.6240607863,-43547.382089815546,22.5395167000801,114.026171300628,4.66107234691826,0.016541153451447,1
79,train,2206,379416.00014712,1334568216.00015,19,19,1,2,-2399700.042788823,5383204.331304929,2429703.5291565685,-44121.65201061002,22.5395164963006,114.026171199109,4.63718291892672,0.0164864280772167,1
80,train,2206,379417.000149047,1334568217.00015,19,19,1,2,-2399704.954654349,5383213.020856481,2429706.236685694,-44700.350393887195,22.5395161999114,114.026171098335,4.63278422757071,0.0184131843683912,1
81,train,2206,379418.000150984,1334568218.00015,19,19,1,2,-2399704.1554572303,5383209.215410502,2429707.2590426286,-45279.55657757453,22.5395153027915,114.0261707987,4.64780371045439,0.0302526222888054,1
82,train,2206,379419.000152912,1334568219.00015,19,19,1,2,-2399702.392299311,5383206.29777083,2429704.9973214157,-45857.78441478101,22.5395144044613,114.026170497137,4.65792737003195,0.0252914615405278,1
83,train,2206,379420.000154838,1334568220.00015,19,19,1,2,-2399702.0584239503,5383206.937143019,2429704.2925767954,-46433.01543894221,22.5395135997,114.026170198464,4.6796055117249,0.0130470218742182,1
84,train,2206,379421.000156752,1334568221.00016,19,19,1,2,-2399700.4187106714,5383204.613000134,2429703.8490029033,-47008.58193022936,22.5395132967887,114.026169995745,4.70303764878945,0.0205479920723537,1
85,train,2206,379422.00015867,1334568222.00016,19,19,1,2,-2399700.7408158276,5383206.82152359,2429703.658512365,-47582.58653456202,22.5395126993279,114.026169799979,4.70853416583059,0.0152269918323693,1
86,train,2206,379423.00016059,1334568223.00016,19,19,1,2,-2399698.87338444,5383205.695588832,2429702.199643785,-48158.60267177217,22.5395119998052,114.026169697932,4.71517845400394,0.0172717940871318,1
87,train,2206,379424.000162508,1334568224.00016,19,19,1,2,-2399698.7421227694,5383206.272559526,2429702.3079373282,-48732.66556511435,22.5395114981819,114.026169500667,4.77597642639715,0.0102837168791545,1
88,train,2206,379425.00016442,1334568225.00016,19,19,1,2,-2399698.6087721125,5383206.521435916,2429702.4101413703,-49306.68279448207,22.5395107946844,114.026169299668,4.8071608978485,0.0145064822347284,1
89,train,2206,379426.00016633,1334568226.00017,19,19,1,2,-2399698.5032190247,5383206.744457994,2429702.4645702136,-49880.689445066215,22.5395107028515,114.02616920478,4.81601183888609,0.0184691734410025,1
90,train,2206,379427.000168245,1334568227.00017,19,19,1,2,-2399698.320918145,5383206.5467374325,2429702.1617640886,-50455.04780528966,22.5395107028047,114.026169195686,4.83689329315349,0.011432551547111,1
91,train,2206,379428.00017016,1334568228.00017,19,19,1,2,-2399698.5532094897,5383206.5020310525,2429702.1020847713,-51029.048220803,22.5395106994271,114.026169403112,4.82213961161448,0.0198690445463836,1
92,train,2206,379429.000172075,1334568229.00017,19,19,1,2,-2399698.8547341656,5383206.532257222,2429702.1262783413,-51602.954320236684,22.5395108033266,114.026169598662,4.81528639021462,0.0178193223519528,1
93,train,2206,379430.000174032,1334568230.00017,19,19,1,2,-2399694.9752038936,5383202.668130975,2429702.641310204,-52185.5544905578,22.5395105030448,114.026169904078,4.75975515161708,0.0170438971485995,1
94,train,2206,379431.000175959,1334568231.00018,19,19,1,2,-2399694.190494097,5383200.789170257,2429700.632049694,-52765.47416749649,22.5395100982911,114.026170098767,4.71644201046954,0.0118762550477176,1
95,train,2206,379432.000177881,1334568232.00018,20,20,1,2,-2399696.4603252644,5383203.2116428865,2429699.7227813317,-53340.9069349194,22.5395097982703,114.026170102302,4.74431894708122,0.0151851688352094,1
96,train,2206,379433.000179795,1334568233.00018,20,20,1,2,-2399697.201651908,5383203.456962451,2429700.545356284,-53915.08739456858,22.539509505221,114.026170200506,4.78077062440022,0.00914738641633415,1
97,train,2206,379434.000181714,1334568234.00018,20,20,1,2,-2399697.045840687,5383203.027185598,2429700.4918251513,-54490.162192353135,22.5395089954782,114.026170202115,4.79416708014368,0.0138722842260083,1
98,train,2206,379435.00018363,1334568235.00018,20,20,1,2,-2399697.25653657,5383202.514071345,2429701.386352644,-55064.52274038538,22.5395084031691,114.026170098134,4.80090175275198,0.0135260048748701,1
99,train,2206,379436.000185545,1334568236.00019,20,20,1,2,-2399697.748254406,5383202.8651002385,2429702.3615425015,-55638.29112079509,22.5395077034845,114.02617019752,4.79975958966154,0.00575495272509097,1
100,train,2206,379437.000187459,1334568237.00019,20,20,1,2,-2399697.882465552,5383202.68331946,2429702.771131551,-56212.5481184121,22.5395078990572,114.026170303422,4.87801361437713,0.0273943246060802,1
101,train,2206,379438.000189377,1334568238.00019,20,20,1,2,-2399698.3295858037,5383201.94505147,2429703.870021961,-56787.014406873604,22.5395078979091,114.026170296797,4.94875865629295,0.0143167939752803,1
102,train,2206,379439.00019129,1334568239.00019,20,20,1,2,-2399698.7879791167,5383201.747109995,2429704.8327022926,-57361.07402162321,22.5395078988656,114.026170200848,5.06850464737068,0.0232610963663145,1
103,train,2206,379440.000193204,1334568240.00019,20,20,1,2,-2399699.3331411025,5383201.69617856,2429706.7598444214,-57934.536389876994,22.5395076014154,114.026169901958,5.13482813437647,0.0204672452173972,1
104,train,2206,379441.000195118,1334568241.0002,20,20,1,2,-2399699.942675211,5383202.434292656,2429708.798320726,-58507.42631824466,22.5395077020785,114.026169698493,5.2514502244184,0.0193019283024966,1
105,train,2206,379442.000197034,1334568242.0002,20,20,1,2,-2399700.0418709777,5383202.293196074,2429708.3382252813,-59082.150222380595,22.5395076971253,114.026169496311,5.33364463929562,0.0266558614913039,1
106,train,2206,379443.000198947,1334568243.0002,20,20,1,2,-2399700.3223123536,5383202.549773716,2429708.6882403363,-59656.12151361717,22.5395078037432,114.026169298091,5.41998138072102,0.0194218630957913,1
107,train,2206,379444.00020086,1334568244.0002,20,20,1,2,-2399700.5828098287,5383203.040671881,2429708.381725957,-60230.26480157022,22.5395078951591,114.026169100076,5.4842888386325,0.0279235156208245,1
108,train,2206,379445.000202773,1334568245.0002,20,20,1,2,-2399700.876224825,5383203.603848123,2429708.4044282665,-60804.0663547421,22.5395080954834,114.02616890389,5.56910035207458,0.045404959264115,1
109,train,2206,379446.000204689,1334568246.0002,20,20,1,2,-2399701.060348636,5383203.998603832,2429708.276672487,-61378.08242370963,22.5395082966396,114.026168602108,5.65108255228498,0.0466359621861112,1
110,train,2206,379447.000206604,1334568247.00021,20,20,1,2,-2399701.118484965,5383204.398372225,2429708.3357378496,-61952.10002920694,22.5395083988814,114.026168398006,5.73336854466006,0.0453069410090965,1
111,train,2206,379448.000208525,1334568248.00021,20,20,1,2,-2399701.2076037475,5383204.729336047,2429708.0715800524,-62526.452683396856,22.5395084998012,114.026168297668,5.80296681438382,0.0326482932456614,1
112,train,2206,379449.000210437,1334568249.00021,20,20,1,2,-2399701.352662389,5383204.929841187,2429707.8875947203,-63100.678040580104,22.5395086001452,114.026168100622,5.87010467656862,0.0388058250691288,1
113,train,2206,379450.00021235,1334568250.00021,20,20,1,2,-2399701.2729485026,5383205.048531083,2429707.6759613235,-63675.018253838556,22.5395087038478,114.026167896726,5.93113421336238,0.0264086267013871,1
114,train,2206,379451.000214265,1334568251.00021,20,20,1,2,-2399701.2187372018,5383204.886173618,2429707.4501072955,-64249.42281080634,22.539508697693,114.026167797464,5.98756273710631,0.0259835647014953,1
115,train,2206,379452.000216181,1334568252.00022,20,20,1,2,-2399701.2629915937,5383204.758117723,2429707.355133633,-64823.776707343124,22.5395088982388,114.026167800142,6.02535913300157,0.0364092279076672,1
116,train,2206,379453.000218097,1334568253.00022,20,20,1,2,-2399701.3072251496,5383204.736874577,2429707.321833323,-65398.02965273622,22.5395090987828,114.02616780282,6.06315766137402,0.0380571154043671,1
117,train,2206,379454.000220014,1334568254.00022,20,20,1,2,-2399701.3407218335,5383204.646926698,2429707.4076808314,-65972.20580102938,22.5395091974959,114.026167897492,6.07595411485114,0.0230532485547994,1
118,train,2206,379455.00022193,1334568255.00022,20,20,1,2,-2399701.161477393,5383204.061783687,2429707.241501511,-66546.71449340996,22.539509403263,114.026167905304,6.09409729780749,0.0190350682660552,1
119,train,2206,379456.000223848,1334568256.00022,20,20,1,2,-2399701.0483456547,5383203.768257302,2429707.2440553857,-67121.17413823446,22.539509502608,114.026167800362,6.13020290189222,0.00818984592260893,1
120,train,2206,379457.00022576,1334568257.00023,21,20,1,2,-2399700.7186150374,5383203.323953718,2429706.579584141,-67696.08194538023,22.5395096982045,114.026167700448,6.16149685246915,0.00312849157867405,1
121,train,2206,379458.000227674,1334568258.00023,21,20,1,2,-2399700.3148385305,5383202.777853016,2429705.8676208234,-68270.98659362027,22.5395097019559,114.026167600531,6.18397263123464,0.00638611070846536,1
122,train,2206,379459.000229589,1334568259.00023,21,21,1,2,-2399686.312246043,5383198.582791783,2429727.4193484434,-68832.87177251735,22.5395097982834,114.026167595615,6.18696903713846,0.00861725422517589,1
123,train,2206,379460.000231505,1334568260.00023,22,21,1,3,-2399707.491760775,5383200.732221357,2429733.1846942687,-69401.57278741116,22.5395099016431,114.026167598719,6.17765350385388,0.0122654630177273,1
124,train,2206,379461.000233424,1334568261.00023,22,22,1,2,-2399693.265103797,5383197.603285593,2429747.836987917,-69967.64931058195,22.5395098016543,114.026167798443,6.13911460089425,0.0153007018801338,1
125,train,2206,379462.000235338,1334568262.00024,22,22,1,2,-2399692.423385154,5383196.804896511,2429746.237139576,-70543.3714531122,22.5395097984253,114.026167804436,6.1321500613624,0.0117173112112382,1
126,train,2206,379463.000237252,1334568263.00024,22,22,1,2,-2399693.2878023293,5383197.974838438,2429747.562265631,-71116.2215085519,22.5395097979497,114.026167802612,6.11662333368924,0.00804129180031164,1
127,train,2206,379464.000239168,1334568264.00024,22,22,1,2,-2399692.4725243445,5383197.1240130775,2429746.577963237,-71691.5889608371,22.539509599724,114.026167804646,6.10168763778742,0.00785586708799985,1
128,train,2206,379465.000241085,1334568265.00024,22,22,1,2,-2399693.288886744,5383197.733181353,2429747.496674587,-72264.7342866787,22.5395095043322,114.026167798871,6.082792951696,0.0093730914911749,1
129,train,2206,379466.000243002,1334568266.00024,22,22,1,2,-2399693.0737194405,5383196.474043147,2429745.8577851737,-72840.39821314538,22.5395092973089,114.026167703336,6.05194115206766,0.00884643456970151,1
130,train,2206,379467.000244915,1334568267.00024,23,23,1,2,-2399692.284295543,5383194.127153511,2429739.7589708543,-73419.01006890868,22.5395093037006,114.026167596476,6.07893420766544,0.0113907733655544,1
131,train,2206,379468.00024683,1334568268.00025,23,22,1,2,-2399706.0651040752,5383198.604728381,2429730.6387314503,-73997.34501400833,22.539508995566,114.026167598286,6.08027875744335,0.0230009882786529,1
132,train,2206,379469.000248745,1334568269.00025,23,22,1,2,-2399706.043298919,5383198.465867847,2429730.7691948176,-74571.3335114076,22.5395088042349,114.026167600112,6.08698364204483,0.017846839018434,1
133,train,2206,379470.000250659,1334568270.00025,23,22,1,2,-2399706.156438111,5383198.606757235,2429730.707756504,-75145.26053143776,22.539508301624,114.026167704628,6.07499944241486,0.014378932655565,1
134,train,2206,379471.000252572,1334568271.00025,23,22,1,2,-2399706.62937059,5383199.146790144,2429730.8829078358,-75718.86579312843,22.5395079009215,114.026167396534,6.06974067008182,0.0245708201381824,1
135,train,2206,379472.000254487,1334568272.00025,23,22,1,2,-2399707.150121915,5383199.953992044,2429731.0573407635,-76292.41677840106,22.5395075042502,114.026167201732,6.08688305683572,0.0207981503464042,1
136,train,2206,379473.000256402,1334568273.00026,23,22,1,2,-2399707.5386510952,5383200.511691301,2429731.079961624,-76866.20991184132,22.5395064017408,114.026166996557,6.02365471824678,0.0174848747839008,1
137,train,2206,379474.000258317,1334568274.00026,23,22,1,2,-2399707.6754857134,5383200.839455765,2429731.2242105016,-77440.13822490956,22.5395057967915,114.0261666952,6.02593325159695,0.0107724254508072,1
138,train,2206,379475.000260233,1334568275.00026,23,22,1,2,-2399707.825076945,5383201.170181863,2429731.2074577343,-78014.06230038714,22.5395053008036,114.026166404762,6.02783658812024,0.0120487512783168,1
139,train,2206,379476.000262151,1334568276.00026,23,23,1,2,-2399697.0618445757,5383197.70379976,2429738.11482613,-78584.9285493425,22.5395049994678,114.026166201406,6.01693225058948,0.0130592855350113,1
140,train,2206,379477.000264067,1334568277.00026,23,23,1,2,-2399697.64278294,5383198.090655476,2429737.6798319486,-79159.24519870499,22.539504702734,114.026166097956,5.98393135664652,0.0132263634848288,1
141,train,2206,379478.000265983,1334568278.00027,23,23,1,2,-2399697.967508344,5383198.286482488,2429736.936887216,-79733.74756780651,22.5395044005614,114.026166105011,5.95499185005026,0.0286138526168661,1
142,train,2206,379479.000267898,1334568279.00027,23,23,1,2,-2399698.2830767655,5383198.538167427,2429736.7487771455,-80307.88695192077,22.5395041969829,114.026166102771,5.97278672367159,0.0219531198068915,1
143,train,2206,379480.000269813,1334568280.00027,23,23,1,2,-2399698.9188098772,5383198.927802587,2429736.465307015,-80881.8971394549,22.5395042031443,114.026166102447,6.00505581251135,0.0122507954715291,1
144,train,2206,379481.000271727,1334568281.00027,23,23,1,2,-2399699.6789240222,5383199.378062382,2429736.290933542,-81455.73951815093,22.5395043004197,114.026165996326,6.05997374513038,0.0159277659048671,1
145,train,2206,379482.000273641,1334568282.00027,23,23,1,2,-2399699.8375221244,5383200.003717732,2429735.9842883786,-82029.6934636983,22.5395044975555,114.026165996757,6.12476670775678,0.0107861692020196,1
146,train,2206,379483.000275555,1334568283.00028,23,23,1,2,-2399699.9000810357,5383200.398608195,2429735.8244680734,-82603.68616959627,22.5395043961641,114.026165899945,6.12834059109792,0.0100679800542165,1
147,train,2206,379484.00027747,1334568284.00028,23,23,1,2,-2399700.2739067506,5383200.951657602,2429735.845699028,-83177.48611899077,22.5395045019188,114.026165897803,6.14969142544173,0.0136368046140536,1
148,train,2206,379485.000279385,1334568285.00028,23,23,1,2,-2399700.595645507,5383201.411270287,2429736.3869992136,-83751.0972751276,22.5395045952432,114.02616590241,6.18740042660515,0.0127953683651352,1
149,train,2206,379486.000281301,1334568286.00028,24,23,1,2,-2399700.7294350304,5383201.477353948,2429737.070790159,-84324.82240663451,22.5395045990847,114.026165897378,6.19681204321649,0.0171333553652198,1
150,train,2206,379487.000283215,1334568287.00028,24,23,1,2,-2399700.7901137657,5383201.604849979,2429737.259302585,-84898.92836603623,22.5395046996251,114.026165994943,6.21693987886856,0.0104850928785381,1
151,train,2206,379488.00028513,1334568288.00029,24,23,1,2,-2399700.450556413,5383201.295708688,2429737.3661019453,-85473.31029688759,22.5395047970515,114.026166097637,6.21703219033278,0.0122544379029101,1
152,train,2206,379489.000287045,1334568289.00029,24,23,1,2,-2399700.183781208,5383200.639448647,2429737.68207208,-86047.63597127568,22.5395049982859,114.026166300998,6.22334085521919,0.00960167418559804,1
153,train,2206,379490.00028896,1334568290.00029,24,24,1,3,-2399709.7403700664,5383214.794077425,2429741.086328865,-86611.00566425896,22.5395049007149,114.026166399739,6.21546039785008,0.00851083035976024,1
154,train,2206,379491.000290874,1334568291.00029,24,24,1,2,-2399709.793913895,5383214.586706843,2429741.0919959373,-87185.27199506038,22.5395044946799,114.026166297034,6.20118407782111,0.00566967931713939,1
155,train,2206,379492.000292789,1334568292.00029,24,24,1,2,-2399709.718954504,5383213.7580492515,2429741.5010209135,-87759.5044845799,22.5395039981779,114.026166205355,6.16669958516275,0.00810861880046641,1
156,train,2206,379493.000294705,1334568293.00029,24,24,1,2,-2399709.6301425733,5383212.442208758,2429742.37618485,-88333.5364880571,22.5395040015819,114.026165797348,6.20231360306527,0.00804664268613271,1
157,train,2206,379494.000296616,1334568294.0003,24,24,1,2,-2399709.811793999,5383211.330192212,2429743.9329765826,-88906.89912752547,22.539503799742,114.026165598275,6.2613882609515,0.0130493289240115,1
158,train,2206,379495.000298531,1334568295.0003,24,24,1,2,-2399709.7558912593,5383210.566067872,2429744.1759221223,-89480.9942791629,22.539503401731,114.026165402399,6.28671071870867,0.0256538346828524,1
159,train,2206,379496.000300446,1334568296.0003,23,23,1,2,-2399702.515925752,5383217.262693356,2429723.7052482567,-90066.91192723242,22.5395028965803,114.026165198505,6.31974971363636,0.040856624513654,1
160,train,2206,379497.000302361,1334568297.0003,24,24,1,3,-2399715.1936852275,5383205.353622043,2429759.8982939394,-90620.24802971001,22.5395029036114,114.026165002094,6.41700784945582,0.0424824426960027,1
161,train,2206,379498.000304277,1334568298.0003,24,24,1,2,-2399714.1696636546,5383205.000533276,2429759.2016601004,-91195.36605125634,22.5395029028664,114.026164902406,6.51633810212693,0.0467474085236461,1
162,train,2206,379499.000306193,1334568299.00031,24,24,1,2,-2399712.173605198,5383205.9920790605,2429755.1043963074,-91772.28610079068,22.5395025999084,114.026164905507,6.58673938588919,0.0276137711323287,1
163,train,2206,379500.000308109,1334568300.00031,24,24,1,2,-2399709.9939014097,5383206.728716986,2429750.918379945,-92349.25781631634,22.5395027960702,114.026164802706,6.70918316530736,0.0525685930084358,1
164,train,2206,379501.000310024,1334568301.00031,23,23,1,2,-2399699.6424468653,5383215.591497535,2429722.852498277,-92939.87896925562,22.5395027984138,114.02616489847,6.80769091680756,0.0541333155453073,1
165,train,2206,379502.000311941,1334568302.00031,24,24,1,2,-2399707.0343055483,5383208.192929972,2429744.3684444707,-93501.81954391641,22.5395023993435,114.026165000519,6.84894930251357,0.0462679916807089,1
166,train,2206,379503.000313855,1334568303.00031,24,24,1,2,-2399706.593321836,5383208.580630475,2429742.7864961866,-94076.94637003753,22.5395024044727,114.026165097556,6.91801412149426,0.0485420487155529,1
167,train,2206,379504.000315771,1334568304.00032,23,23,1,2,-2399699.54195765,5383216.212218556,2429722.3954737145,-94662.43359335046,22.5395022033173,114.026165099159,6.94560042350438,0.0386161450884039,1
168,train,2206,379505.000317687,1334568305.00032,24,24,1,2,-2399708.717542344,5383208.419627386,2429747.389480105,-95222.04265433294,22.5395018033031,114.02616530242,6.93493756588142,0.0370582214132146,1
169,train,2206,379506.000319601,1334568306.00032,24,24,1,2,-2399706.560843505,5383209.154194149,2429743.0924795424,-95799.06089118244,22.5395018011896,114.026165501817,6.93289168061438,0.0287088983515663,1
170,train,2206,379507.000321518,1334568307.00032,24,23,1,2,-2399709.9270783747,5383210.937658435,2429744.4359902986,-96370.46685135055,22.5395018010678,114.026165703264,6.92510334200832,0.0270112477428129,1
171,train,2206,379508.000323432,1334568308.00032,24,24,1,2,-2399705.7033003643,5383209.1911320565,2429741.4775878065,-96948.54566850972,22.5395013988736,114.026165900945,6.87850343383606,0.0197068223155731,1
172,train,2206,379509.000325346,1334568309.00033,24,24,1,2,-2399705.240071171,5383208.760417656,2429740.1871897015,-97523.7711479445,22.5395010948438,114.026166000862,6.84223453725751,0.0142735984895443,1
173,train,2206,379510.000327262,1334568310.00033,24,24,1,2,-2399705.5094729946,5383208.758514549,2429739.456973167,-98098.25294590133,22.539500499268,114.026166098207,6.75331284445828,0.0149366161496925,1
174,train,2206,379511.000329177,1334568311.00033,24,24,1,2,-2399706.140384239,5383209.181146569,2429738.8154033236,-98672.34100234939,22.5394999027458,114.026166197158,6.70116715958261,0.0184568150820926,1
175,train,2206,379512.000331092,1334568312.00033,24,24,1,2,-2399707.597960198,5383210.819769717,2429738.7521914123,-99245.51805214342,22.5394992993428,114.026166401184,6.60651452457278,0.0106116355693441,1
176,train,2206,379513.000333009,1334568313.00033,24,24,1,2,-2399708.136270773,5383211.203736537,2429738.7478853143,-99819.16067666135,22.5394988031711,114.026166402662,6.53281001739847,0.0171495289858029,1
177,train,2206,379514.000334924,1334568314.00033,24,24,1,2,-2399708.057408389,5383210.777408318,2429738.596955113,-100393.55194379656,22.5394983051074,114.026166497012,6.45178931185224,0.0169085885410431,1
178,train,2206,379515.000336837,1334568315.00034,24,24,1,2,-2399709.300412639,5383212.875984012,2429738.873783478,-100966.06093063808,22.5394978029984,114.026166598112,6.38749952577942,0.012523435720649,1
179,train,2206,379516.000338755,1334568316.00034,25,25,1,2,-2399709.345344626,5383212.026605966,2429739.016022411,-101540.56105671094,22.539497499636,114.026166597994,6.28583286087686,0.015971006195266,1
180,train,2206,379517.000340671,1334568317.00034,25,25,1,2,-2399709.4548852034,5383212.481027167,2429738.7716713585,-102114.45359310205,22.5394974970945,114.026166699841,6.26824615234575,0.00675182879687837,1
181,train,2206,379518.000342586,1334568318.00034,25,25,1,2,-2399708.815304824,5383211.932847118,2429738.59182025,-102688.98837847092,22.5394974999811,114.026166801258,6.293564434514,0.005393321207715,1
182,train,2206,379519.000344501,1334568319.00034,25,25,1,2,-2399708.7018770333,5383212.607954335,2429738.9014113597,-103262.48812715082,22.5394979018135,114.026166600879,6.3115737263248,0.021038843000045,1
183,train,2206,379520.000346416,1334568320.00035,25,25,1,2,-2399707.732663025,5383212.327314798,2429738.713459733,-103836.96675072279,22.5394982035239,114.026166601109,6.30411569212435,0.0273466456200262,1
184,train,2206,379521.000348333,1334568321.00035,25,25,1,2,-2399707.813816081,5383212.663293769,2429738.800364514,-104410.91474181472,22.5394983986983,114.026166899673,6.26508454565521,0.0331640526985983,1
185,train,2206,379522.000350248,1334568322.00035,25,25,1,2,-2399707.440137574,5383212.5250498755,2429738.5885987985,-104985.42365040397,22.5394988010744,114.026167197174,6.24380955393321,0.0132648854544029,1
186,train,2206,379523.000352163,1334568323.00035,25,24,1,2,-2399700.381978372,5383202.519765056,2429736.2136115893,-105567.30961791496,22.5394993039242,114.026167401605,6.25572846577281,0.0113312899511226,1
187,train,2206,379524.000354078,1334568324.00035,25,23,1,2,-2399711.7612871923,5383207.858131216,2429730.7835060223,-106142.44037791755,22.5394997965749,114.026167698893,6.25993410501391,0.0177127283777054,1
188,train,2206,379525.000355992,1334568325.00036,25,23,1,2,-2399712.602795484,5383208.835614227,2429731.4685754073,-106715.41697849534,22.5395000993417,114.026167797625,6.27045750713363,0.0119738550613061,1
189,train,2206,379526.000357909,1334568326.00036,25,24,1,2,-2399717.8466836396,5383215.951356401,2429733.5756568373,-107283.96572618402,22.539500499058,114.02616800249,6.33337581177869,0.0134342287416111,1
190,train,2206,379527.000359824,1334568327.00036,26,25,1,2,-2399718.382122161,5383216.754181389,2429733.99850003,-107857.43241764783,22.5395008983978,114.026168099836,6.38856541348364,0.014187280237383,1
191,train,2206,379528.000361737,1334568328.00036,26,25,1,2,-2399718.602053922,5383217.064229148,2429734.0688808383,-108431.37229699458,22.5395013052679,114.026168102197,6.46783622716172,0.0169296796235826,1
192,train,2206,379529.000363652,1334568329.00036,26,25,1,2,-2399717.924428186,5383216.482306224,2429733.545374903,-109006.30000124493,22.5395018004337,114.026168302884,6.55745835134094,0.0121046973564711,1
193,train,2206,379530.000365568,1334568330.00037,26,25,1,2,-2399716.427012563,5383215.40225624,2429732.329536609,-109582.17403400182,22.5395021957736,114.026168397022,6.63719770908905,0.0190324001341506,1
194,train,2206,379531.000367483,1334568331.00037,26,25,1,2,-2399716.1357337297,5383214.94573765,2429731.7153272885,-110157.02561908323,22.539502397064,114.02616859568,6.71914918603957,0.0197614409895068,1
195,train,2206,379532.000369397,1334568332.00037,26,24,1,2,-2399711.724499777,5383219.496221264,2429715.439904699,-110741.28768014339,22.5395027992767,114.026168799694,6.8674902129519,0.0219415045632819,1
196,train,2206,379533.000371311,1334568333.00037,26,24,1,2,-2399711.5050341105,5383218.709644484,2429715.2091812766,-111315.9856698793,22.5395028040842,114.026168798295,6.90794748471164,0.0239974630727696,1
197,train,2206,379534.000373225,1334568334.00037,26,24,1,2,-2399711.6876016315,5383218.495704459,2429715.235209724,-111890.13581686684,22.5395032974817,114.026168795525,7.01108818834938,0.0167390084813563,1
198,train,2206,379535.000375139,1334568335.00038,26,24,1,2,-2399711.5410819775,5383217.780080993,2429715.2753002075,-112464.49446239116,22.5395036958964,114.026168798734,7.10304606298717,0.0162689687017202,1
199,train,2206,379536.000377054,1334568336.00038,26,24,1,2,-2399711.91182125,5383218.068155042,2429715.5736153685,-113038.22577798303,22.5395040047405,114.026168802263,7.15890651914265,0.0151048991309503,1
200,train,2206,379537.000378968,1334568337.00038,26,25,1,2,-2399717.6577866385,5383213.523307421,2429734.4404595234,-113600.4073251365,22.5395042990219,114.026168797019,7.20299976555738,0.0201552212521772,1
201,train,2206,379538.000380883,1334568338.00038,25,25,1,2,-2399717.6714369874,5383213.312041758,2429734.694512148,-114174.46676674925,22.5395045990545,114.026168903571,7.22207632999918,0.015652115218245,1
202,train,2206,379539.000382798,1334568339.00038,25,25,1,2,-2399717.1941449405,5383213.286728224,2429734.01935987,-114749.23279841828,22.5395046951028,114.026169100942,7.23036109075975,0.0128784938277554,1
203,train,2206,379540.000384716,1334568340.00038,25,25,1,2,-2399715.087697148,5383211.515452012,2429732.6209817687,-115325.70938845453,22.5395049986364,114.026169199787,7.23024615390595,0.0184681561400425,1
204,train,2206,379541.000386632,1334568341.00039,25,25,1,2,-2399714.764085225,5383211.320697381,2429732.371050496,-115900.38400386552,22.5395052001206,114.026169296596,7.23126300664328,0.0357871899682024,1
205,train,2206,379542.000388547,1334568342.00039,26,25,1,2,-2399713.9202312063,5383210.230286573,2429732.1388932196,-116475.49867207702,22.5395054028153,114.026169500178,7.21631256913653,0.0277056332720062,1
206,train,2206,379543.000390462,1334568343.00039,25,25,1,2,-2399713.360704009,5383209.372990858,2429731.9001546027,-117050.30855116644,22.539505496704,114.026169701072,7.16778044321025,0.0159635658044939,1
207,train,2206,379544.000392379,1334568344.00039,25,25,1,2,-2399712.9979328765,5383208.769840336,2429731.5841540573,-117625.01443401448,22.5395056998191,114.026169996944,7.10054285772865,0.021312045714238,1
208,train,2206,379545.000394296,1334568345.00039,25,25,1,2,-2399711.842104793,5383207.618774343,2429730.9072776707,-118200.36780760197,22.5395057028564,114.026170301935,7.00320397117666,0.00780438481005923,1
209,train,2206,379546.000396212,1334568346.0004,25,25,1,2,-2399710.409534982,5383207.337726824,2429729.7682805695,-118775.88895075062,22.539505396106,114.026170605004,6.88678355526758,0.0302587298286685,1
210,train,2206,379547.000398126,1334568347.0004,25,25,1,2,-2399709.8705451903,5383207.513447675,2429729.3062146064,-119350.33826236262,22.5395057031302,114.02617060039,6.86747310437262,0.0324877434406493,1
211,train,2206,379548.000400041,1334568348.0004,25,25,1,2,-2399709.9749839706,5383207.707955986,2429729.2411674145,-119924.33456386527,22.5395058970055,114.026170601558,6.85747790620286,0.0257792178198537,1
212,train,2206,379549.000401957,1334568349.0004,25,25,1,2,-2399709.9852553485,5383207.836947118,2429729.072169738,-120498.46076595606,22.5395058001193,114.026170796151,6.8389851005521,0.0111816954861488,1
213,train,2206,379550.000403872,1334568350.0004,25,25,1,2,-2399710.2643071585,5383208.103664101,2429729.127517795,-121072.3683175372,22.5395059023506,114.026171002294,6.85865812217272,0.0130054424335314,1
214,train,2206,379551.000405785,1334568351.00041,25,25,1,2,-2399709.9956790474,5383208.030738299,2429729.0845615314,-121646.70655672692,22.5395058029557,114.026171298723,6.8225658414639,0.0366870704239567,1
215,train,2206,379552.000407701,1334568352.00041,26,26,1,2,-2399707.495741539,5383207.9276461275,2429732.1424528905,-122218.75500141336,22.5395059018855,114.026171702331,6.83529543294624,0.0419559563103195,1
216,train,2206,379553.000409617,1334568353.00041,26,26,1,2,-2399708.0513530853,5383207.816966193,2429731.765122778,-122793.24073059675,22.5395065018252,114.02617189724,6.91523168282845,0.0148247496333555,1
217,train,2206,379554.000411532,1334568354.00041,26,26,1,2,-2399708.16633983,5383208.019671171,2429731.669246155,-123367.36387442506,22.5395070007882,114.026172102851,7.00644703483281,0.0351625675011161,1
218,train,2206,379555.000413445,1334568355.00041,26,26,1,2,-2399708.4079561145,5383207.725038284,2429731.5707961693,-123941.66665047477,22.5395070990089,114.026172200943,7.07154163448458,0.0450693831191656,1
219,train,2206,379556.000415358,1334568356.00042,26,26,1,2,-2399708.776345049,5383207.626283002,2429731.629737147,-124515.68582033717,22.5395071048946,114.026172202345,7.12997297455287,0.0305401849467607,1
220,train,2206,379557.000417271,1334568357.00042,26,26,1,2,-2399709.1686757454,5383207.287462246,2429731.6341418982,-125089.59848580447,22.539507099745,114.026172297351,7.20439015811809,0.0342748014526277,1
221,train,2206,379558.000419185,1334568358.00042,26,26,1,2,-2399708.9010311845,5383207.192303496,2429732.0236026077,-125663.28912213756,22.5395067040302,114.026172497385,7.2186702738758,0.0156663072521909,1
222,train,2206,379559.0004211,1334568359.00042,26,26,1,2,-2399708.6406757035,5383207.123884169,2429732.413451557,-126236.9398093568,22.5395063027028,114.026172603831,7.21617493752573,0.0267731765280664,1
223,train,2206,379560.000423015,1334568360.00042,26,26,1,2,-2399708.6030603955,5383207.001434368,2429732.455535126,-126811.00712424377,22.5395058034242,114.026172797256,7.19808734622594,0.0275145497075838,1
224,train,2206,379561.000424932,1334568361.00042,26,26,1,2,-2399708.190740805,5383206.976346048,2429732.7527091065,-127384.76973756943,22.5395055000666,114.026172998261,7.21902261107127,0.027434703768661,1
225,train,2206,379562.00042685,1334568362.00043,26,26,1,2,-2399707.7541008615,5383206.81833113,2429732.710242447,-127959.0466947831,22.5395049964562,114.026173099134,7.17599859684457,0.027473785258531,1
226,train,2206,379563.000428765,1334568363.00043,26,26,1,2,-2399707.3597365767,5383207.153410006,2429732.5834609545,-128533.17272889262,22.5395051039453,114.02617320558,7.19689385485117,0.0205569613325988,1
227,train,2206,379564.000430681,1334568364.00043,26,26,1,2,-2399706.184400993,5383206.190676966,2429732.602765408,-129107.8542420229,22.539505096156,114.026173398038,7.19897385974064,0.0172291596299109,1
228,train,2206,379565.000432599,1334568365.00043,26,26,1,2,-2399705.098709151,5383205.045049368,2429732.758007422,-129682.55028961106,22.5395051978626,114.026173397403,7.16922983572675,0.0265697340871999,1
229,train,2206,379566.000434514,1334568366.00043,26,26,1,2,-2399704.488126232,5383203.839199581,2429733.077111629,-130256.95198614121,22.5395051042827,114.026173699941,7.11593930578303,0.0205185572586722,1
230,train,2206,379567.000436429,1334568367.00044,27,27,1,4,-2400646.929065309,5382223.197912277,2411415.9612203795,-142357.67303428985,22.5395053012926,114.026174001401,7.08424563994424,0.0203665448700443,1
231,train,2206,379568.000438341,1334568368.00044,26,26,1,3,-2399704.4803548465,5383202.202897309,2429733.695421928,-131405.38960297365,22.5395053027785,114.026174297063,7.02906459941308,0.00903357197063748,1
232,train,2206,379569.000440255,1334568369.00044,26,26,1,2,-2399704.95695735,5383201.820288163,2429733.962452163,-131979.40285271956,22.5395054997924,114.026174598532,6.99736700443211,0.0115094997448661,1
233,train,2206,379570.000442169,1334568370.00044,26,26,1,2,-2399704.616199416,5383200.732745627,2429734.2985557504,-132553.8371280363,22.539505504009,114.026174896358,6.92581067492068,0.0118594491287287,1
234,train,2206,379571.000444084,1334568371.00044,26,26,1,2,-2399704.559006583,5383199.874355623,2429734.6055246005,-133128.2480239151,22.5395056971661,114.026175202837,6.88471086180982,0.00386595848745436,1
235,train,2206,379572.000446002,1334568372.00045,26,26,1,2,-2399703.765827913,5383198.412496697,2429734.555743686,-133703.342261425,22.5395058959504,114.026175602929,6.86036390363828,0.0100295713900262,1
236,train,2206,379573.000447919,1334568373.00045,26,25,1,2,-2399708.5079255984,5383198.820078008,2429730.4436257198,-134280.71631205454,22.5395060021755,114.02617579793,6.80854732030026,0.00520044716601756,1
237,train,2206,379574.000449834,1334568374.00045,26,25,1,2,-2399708.4515566207,5383199.14286753,2429730.695193046,-134854.7366310478,22.5395061004506,114.02617600473,6.76406768199545,0.0139016262145966,1
238,train,2206,379575.000451749,1334568375.00045,26,25,1,2,-2399708.6619863366,5383199.791295145,2429730.834451866,-135428.38939332496,22.5395063013402,114.026176205415,6.74177056656967,0.00810416634199778,1
239,train,2206,379576.000453664,1334568376.00045,26,25,1,2,-2399708.1949905814,5383199.179494061,2429730.6473895973,-136002.9681126359,22.5395064022529,114.026176300404,6.72267159777932,0.00814716119774087,1
240,train,2206,379577.00045558,1334568377.00046,26,25,1,2,-2399707.9929091786,5383199.149678554,2429730.6927693887,-136577.0802172405,22.5395065954442,114.026176301478,6.72330240565579,0.0143268789477672,1
241,train,2206,379578.000457495,1334568378.00046,26,25,1,2,-2399702.2384685827,5383199.182873519,2429736.355639031,-137146.72017505008,22.5395067039687,114.026176300621,6.71521739495457,0.0142699631164456,1
242,train,2206,379579.000459408,1334568379.00046,26,25,1,2,-2399702.547100185,5383199.7060786085,2429736.6248483537,-137720.25215166996,22.5395068028485,114.026176202939,6.7149227377298,0.0309309671456394,1
243,train,2206,379580.000461321,1334568380.00046,26,25,1,2,-2399702.9540653285,5383200.339022792,2429736.8866540412,-138293.62766031624,22.5395068968975,114.026176097575,6.69505016028148,0.0380657811264966,1
244,train,2206,379581.000463235,1334568381.00046,26,25,1,2,-2399703.189185433,5383200.9424647065,2429737.2191856205,-138866.94543062212,22.5395068958498,114.026175999041,6.67706369386078,0.0231899849860041,1
245,train,2206,379582.000465151,1334568382.00047,26,26,1,2,-2399699.806085851,5383196.028801028,2429736.0915615796,-139444.62878110353,22.539507303128,114.026176103681,6.69622470723378,0.0139557010561438,1
246,train,2206,379583.000467068,1334568383.00047,26,26,1,2,-2399699.9164714366,5383196.289207591,2429736.057596798,-140018.52354390538,22.5395075989062,114.026176098654,6.7190445856146,0.0180542310419464,1
247,train,2206,379584.000468983,1334568384.00047,26,26,1,2,-2399700.6788108475,5383197.393571062,2429735.989574936,-140592.14015009956,22.5395080010731,114.026176101543,6.74478783860411,0.0152568021164273,1
248,train,2206,379585.000470897,1334568385.00047,26,26,1,2,-2399700.672840507,5383197.934025371,2429736.0180624085,-141166.14204202965,22.5395081010215,114.02617610239,6.76246973780695,0.016950487463075,1
249,train,2206,379586.000472811,1334568386.00047,26,26,1,2,-2399700.7281581615,5383198.331767981,2429735.822937591,-141740.26090263526,22.5395083030071,114.026176000444,6.79987980121732,0.0129139989901423,1
250,train,2206,379587.000474725,1334568387.00047,26,26,1,2,-2399701.067398645,5383199.112222291,2429735.2787459623,-142314.56222178836,22.5395084997968,114.026175998203,6.83607108271337,0.0159725498905081,1
251,train,2206,379588.000476647,1334568388.00048,26,26,1,2,-2399700.8121163105,5383198.9999013,2429734.796245226,-142889.43366156163,22.5395080976124,114.026176100145,6.78946519084293,0.0146016365490169,1
252,train,2206,379589.000478563,1334568389.00048,26,26,1,2,-2399701.0008135787,5383199.606421442,2429734.6617984427,-143463.34390502283,22.5395077993989,114.026176197069,6.75686221276263,0.0169976119648469,1
253,train,2206,379590.000480476,1334568390.00048,26,26,1,2,-2399701.873675921,5383200.979640524,2429734.5672629355,-144036.76543957257,22.5395074984254,114.026176301784,6.73281566301144,0.0142817595713653,1
254,train,2206,379591.00048239,1334568391.00048,26,26,1,2,-2399703.106833119,5383202.549893785,2429734.548777525,-144609.88316295203,22.53950709874,114.026176397644,6.70380381086801,0.0196274685039907,1
255,train,2206,379592.000484305,1334568392.00048,26,26,1,2,-2399703.9500717116,5383203.916088926,2429734.7998745567,-145183.0448671797,22.5395068991541,114.02617649435,6.69706228440665,0.0239566067409052,1
256,train,2206,379593.000486221,1334568393.00049,26,26,1,2,-2399705.0849150796,5383205.643194353,2429735.1952851587,-145755.85858979443,22.5395068016387,114.026176497331,6.68916067655148,0.0152501257604915,1
257,train,2206,379594.000488135,1334568394.00049,26,26,1,2,-2399705.8087617555,5383206.791387202,2429735.599900477,-146329.01757632947,22.5395066981679,114.026176599931,6.69068026657271,0.01986329049808,1
258,train,2206,379595.000490049,1334568395.00049,26,26,1,2,-2399706.1940157157,5383207.341570304,2429735.90111495,-146902.704489692,22.5395064045372,114.026176596176,6.65684892815047,0.0169075042786596,1
259,train,2206,379596.000491963,1334568396.00049,26,26,1,2,-2399706.4867587322,5383207.86254278,2429736.2640388515,-147476.28321866537,22.539505900371,114.026176600347,6.61136955207503,0.0130798881399872,1
260,train,2206,379597.000493879,1334568397.00049,26,26,1,2,-2399706.4515848565,5383207.331818835,2429736.1737204622,-148050.7590140631,22.5395060941979,114.026176401796,6.63530815597151,0.0174414633986476,1
261,train,2206,379598.000495795,1334568398.0005,26,26,1,2,-2399707.298035303,5383208.3125343025,2429736.521176968,-148624.06843270012,22.5395061963312,114.026176298131,6.64196589095397,0.017507731207673,1
262,train,2206,379599.000497709,1334568399.0005,26,26,1,2,-2399706.753166939,5383207.215777098,2429736.284875135,-149198.9295544604,22.5395062021414,114.026176304214,6.62476119753006,0.00994421032336311,1
263,train,2206,379600.000499622,1334568400.0005,26,26,1,2,-2399707.018383779,5383207.5844729375,2429736.605332466,-149772.666963344,22.5395059977214,114.026176297483,6.59843464211928,0.0112211125583697,1
264,train,2206,379601.000501536,1334568401.0005,26,26,1,2,-2399707.4678486804,5383208.142551628,2429736.7576771537,149446.0844601403,22.5395061985423,114.026176097867,6.63093725491082,0.0198104851168977,1
265,train,2206,379601.999503448,1334568401.9995,26,26,1,2,-2399707.308635371,5383208.014621167,2429736.8632613258,148872.55262300503,22.5395061959154,114.026175894332,6.65509628740126,0.0104680755410106,1
266,train,2206,379602.999505362,1334568402.99951,26,26,1,2,-2399707.5987429586,5383208.240574448,2429736.9555161414,148298.62939980734,22.5395058968053,114.026175801371,6.65925568498967,0.00819993962514291,1
267,train,2206,379603.999507279,1334568403.99951,26,26,1,2,-2399707.714855008,5383208.497334365,2429736.8782044416,147724.4436918441,22.5395060043624,114.026175601547,6.70882025411,0.0252673140469607,1
268,train,2206,379604.999509198,1334568404.99951,26,26,1,2,-2399707.6260232897,5383208.876887989,2429737.1680964683,147150.3963605462,22.5395062985885,114.026175300826,6.78684965610889,0.0511219364239373,1
269,train,2206,379605.999511113,1334568405.99951,26,26,1,2,-2399707.3768589427,5383209.116450278,2429737.4934839117,146576.49825447673,22.5395063009004,114.026175200708,6.83057887948054,0.0374088527384206,1
270,train,2206,379606.999513029,1334568406.99951,26,26,1,2,-2399707.638625165,5383209.59800908,2429737.5239806245,146002.40382346004,22.5395066964309,114.026174997676,6.91809954647606,0.0395984472942169,1
271,train,2206,379607.999514943,1334568407.99952,26,26,1,2,-2399707.2346250513,5383209.761773708,2429737.748960901,145428.4338262849,22.5395073015556,114.026174902257,7.0122958499577,0.0370456387863182,1
272,train,2206,379608.999516859,1334568408.99952,26,26,1,2,-2399706.5716120047,5383210.244540758,2429738.496380203,144854.88295140403,22.5395080038155,114.026174896901,7.08579729444959,0.042479676013607,1
273,train,2206,379609.999518774,1334568409.99952,26,26,1,2,-2399706.2863980955,5383210.492068257,2429738.5983299785,144280.875388555,22.5395085989153,114.02617499832,7.1383245906387,0.025559305503418,1
274,train,2206,379610.99952069,1334568410.99952,26,26,1,2,-2399705.9358857544,5383210.322568648,2429738.5875588586,143706.735292509,22.5395092036756,114.026175100808,7.18305294960378,0.013167420735067,1
275,train,2206,379611.999522605,1334568411.99952,26,26,1,2,-2399705.896663048,5383210.051450822,2429738.604663136,143132.68083149206,22.539509802116,114.026175300202,7.20859695992038,0.00766064414366665,1
276,train,2206,379612.999524521,1334568412.99952,26,25,1,2,-2399712.83074548,5383211.718786471,2429733.35639463,142555.40633769234,22.539510297916,114.026175496614,7.23283938160748,0.013250153353323,1
277,train,2206,379613.999526436,1334568413.99953,26,26,1,2,-2399705.9314183183,5383209.535089021,2429738.872607548,141984.4008773607,22.5395108006891,114.026175606153,7.25782867027211,0.016930882118381,1
278,train,2206,379614.999528351,1334568414.99953,26,25,1,2,-2399713.0672711954,5383211.247221997,2429733.677152801,141406.96815970677,22.5395112048558,114.026175801709,7.26477672538521,0.0205178009849837,1
279,train,2206,379615.999530267,1334568415.99953,26,25,1,2,-2399713.043797467,5383210.956449037,2429733.7973861205,140832.58929947886,22.5395114999703,114.026175996283,7.26429737733078,0.0255601095728679,1
280,train,2206,379616.999532181,1334568416.99953,26,25,1,2,-2399712.9925136087,5383210.337416865,2429733.944771731,140258.1406086157,22.5395118009933,114.02617610122,7.24659448078836,0.0296591103597368,1
281,train,2206,379617.999534096,1334568417.99953,26,25,1,2,-2399713.0217529875,5383209.763458953,2429733.9962996533,139683.7325020001,22.5395119031725,114.026176198167,7.23238895344453,0.0376430859120565,1
282,train,2206,379618.999536008,1334568418.99954,27,26,1,2,-2399712.4875485813,5383206.504455823,2429734.324619612,139108.7353343681,22.5395121041041,114.026176397968,7.19701668617062,0.0212545066474349,1
283,train,2206,379619.999537923,1334568419.99954,27,26,1,2,-2399712.6013657423,5383206.568102164,2429733.858936981,138534.3274759409,22.5395123966395,114.026176503762,7.19200268407756,0.0160339840802232,1
284,train,2206,379620.999539837,1334568420.99954,27,27,1,2,-2399705.0481337463,5383207.091791809,2429739.6260062684,137964.51380868052,22.5395127020578,114.026176499808,7.20703002833894,0.0134703804743402,1
285,train,2206,379621.999541752,1334568421.99954,27,26,1,2,-2399698.8979939013,5383197.140172419,2429737.5701951496,137383.53559028896,22.5395129971267,114.026176503758,7.2196058378606,0.017921041883704,1
286,train,2206,379622.999543667,1334568422.99954,27,26,1,2,-2399698.417802573,5383196.103876114,2429737.591370992,136809.19579177638,22.539513304398,114.026176502688,7.24196873573808,0.012661419809944,1
287,train,2206,379623.999545579,1334568423.99955,27,26,1,2,-2399698.5640006014,5383195.853418544,2429737.4167742394,136234.99627165165,22.5395135000804,114.026176497661,7.26018846823705,0.0111272869916951,1
288,train,2206,379624.999547493,1334568424.99955,26,26,1,2,-2399698.225882991,5383195.363318133,2429737.4870691956,135660.81603305816,22.5395138009362,114.026176498615,7.27643412965998,0.00936881801919054,1
289,train,2206,379625.99954941,1334568425.99955,26,26,1,2,-2399698.3557153842,5383195.074823382,2429737.5070286826,135086.74946906735,22.5395140947555,114.026176596391,7.28412376090654,0.00800753655025099,1
290,train,2206,379626.999551328,1334568426.99955,28,28,1,2,-2399701.938627208,5383202.3115023365,2429738.8795577083,134516.3302339055,22.539514405302,114.026176598427,7.29256991833075,0.0078118068503157,1
291,train,2206,379627.999553244,1334568427.99955,28,28,1,2,-2399701.6594084874,5383201.201018599,2429738.960851559,133941.93800415905,22.5395145978849,114.026176703365,7.26988075310401,0.0130838185810356,1
292,train,2206,379628.99955516,1334568428.99956,28,28,1,2,-2399701.4518268253,5383200.217847732,2429738.931587903,133367.59659960333,22.5395148040549,114.026176899231,7.23573910617487,0.00978259536246994,1
293,train,2206,379629.999557074,1334568429.99956,29,28,1,2,-2399701.17448377,5383199.476913913,2429739.2374997875,132793.41186880838,22.5395150005688,114.02617710312,7.18851290040934,0.00893343073273687,1
294,train,2206,379630.999558989,1334568430.99956,29,28,1,2,-2399701.0617550537,5383198.9974888,2429739.576635419,132219.3488169802,22.5395149997364,114.026177404034,7.10264757799596,0.0217116268321868,1
295,train,2206,379631.999560903,1334568431.99956,29,29,1,2,-2399701.146510506,5383198.70830177,2429739.2894828306,131645.01793689452,22.5395150986813,114.026177802418,7.04754896300393,0.0264453441548312,1
296,train,2206,379632.999562816,1334568432.99956,29,29,1,2,-2399701.3709826856,5383198.779221396,2429739.639299596,131071.41292657633,22.5395158017646,114.026177901157,7.07647745596319,0.00724718434049284,1
297,train,2206,379633.999564731,1334568433.99956,29,28,1,2,-2399705.7563539157,5383201.207978598,2429742.339033432,130501.38441470847,22.5395163027531,114.026177997851,7.10193293092928,0.0120400600501461,1
298,train,2206,379634.99956665,1334568434.99957,29,28,1,2,-2399706.9363237983,5383202.311174248,2429743.1775007183,129928.60526823944,22.5395166944672,114.026178200134,7.12524489851134,0.0197603279509147,1
299,train,2206,379635.999568566,1334568435.99957,29,29,1,2,-2399706.445300006,5383202.500535953,2429742.983053772,129354.3261450642,22.539517200453,114.026178303692,7.15719513905289,0.0185273848409829,1
300,train,2206,379636.999570479,1334568436.99957,29,29,1,2,-2399707.980297273,5383204.5009558,2429744.3317028577,128782.42486642959,22.5395178958394,114.02617829855,7.2090460208107,0.0175336861180801,1
301,train,2206,379637.999572394,1334568437.99957,29,28,1,2,-2399713.897455134,5383203.086785055,2429738.7864740714,128203.93655616845,22.5395183000365,114.02617839837,7.21598341070834,0.0163542756553443,1
302,train,2206,379638.999574309,1334568438.99957,29,28,1,2,-2399714.544032279,5383203.768862899,2429738.901153011,127630.23727709596,22.5395188954962,114.026178401468,7.22927961199881,0.0176056557245107,1
303,train,2206,379639.999576224,1334568439.99958,29,28,1,2,-2399714.2080488815,5383203.504677412,2429738.9129418675,127055.76933595109,22.539519298774,114.026178401902,7.20515503221843,0.0183825022455646,1
304,train,2206,379640.999578139,1334568440.99958,29,28,1,2,-2399714.3309467677,5383203.542997482,2429738.786957864,126481.57019165647,22.539519700809,114.02617840039,7.1761432596392,0.0208430150620101,1
305,train,2206,379641.999580053,1334568441.99958,29,28,1,2,-2399714.647521913,5383203.109647622,2429739.3076161896,125907.66546126753,22.5395203048301,114.026178497526,7.16367927008453,0.0186455986436238,1
306,train,2206,379642.999581966,1334568442.99958,29,28,1,2,-2399714.5731375064,5383202.495429798,2429739.3221547347,125333.34283414998,22.5395206003988,114.026178498054,7.12394301775904,0.0240844550113848,1
307,train,2206,379643.999583882,1334568443.99958,29,28,1,2,-2399715.3681356404,5383202.402150417,2429740.3191107293,124760.19227133105,22.5395210047441,114.026178501262,7.11779925794854,0.0198517295090696,1
308,train,2206,379644.999585794,1334568444.99959,29,28,1,2,-2399715.4747303748,5383202.000737715,2429740.5937508126,124186.30286007673,22.5395212982833,114.026178404883,7.09686848899802,0.0193991597107304,1
309,train,2206,379645.999587707,1334568445.99959,29,28,1,2,-2399715.5231173364,5383201.337761693,2429740.6127619664,123612.25159362316,22.5395214952301,114.026178195966,7.07301562775842,0.0244051965500934,1
310,train,2206,379646.999589618,1334568446.99959,29,28,1,2,-2399715.391900908,5383200.508519845,2429740.542431769,123037.9260440229,22.5395215987452,114.026178102468,7.05061435958647,0.0170609062860603,1
311,train,2206,379647.999591535,1334568447.99959,29,28,1,2,-2399715.221689143,5383200.004295665,2429740.4485911727,122463.68035536922,22.53952179988,114.026177996026,7.04390535173158,0.0166038548854382,1
312,train,2206,379648.999593453,1334568448.99959,29,28,1,2,-2399715.5045032534,5383199.466233187,2429741.135103614,121889.97688529933,22.5395217982209,114.02617800138,7.00260976018527,0.0162233395939877,1
313,train,2206,379649.999595368,1334568449.9996,28,28,1,2,-2399715.4917216846,5383198.457738712,2429741.5711358967,121315.92370877581,22.539521602286,114.026178002872,6.94271150710649,0.0243472994600737,1
314,train,2206,379650.999597283,1334568450.9996,29,29,1,3,-2399728.1927673477,5383234.187959243,2429748.810790323,120759.63135579698,22.5395219963624,114.026177899216,6.96278509010607,0.0178689548291212,1
315,train,2206,379651.999599198,1334568451.9996,29,29,1,2,-2399728.031801027,5383231.873840111,2429749.711249277,120185.3989482537,22.5395220985242,114.026177900403,6.94857143950708,0.0155523659098799,1
316,train,2206,379652.999601113,1334568452.9996,29,28,1,2,-2399733.4357036822,5383234.084220764,2429753.412433177,119616.26328950732,22.5395219031777,114.026177998589,6.89112263544814,0.015696968589407,1
317,train,2206,379653.99960303,1334568453.9996,28,27,1,2,-2399725.2812888664,5383231.705266484,2429737.3031108873,119029.1211591867,22.5395216974152,114.026178296198,6.83124500008587,0.0101321871922475,1
318,train,2206,379654.999604944,1334568454.9996,29,29,1,2,-2399728.073593445,5383229.144801387,2429750.5229928656,118462.63552939569,22.5395214031991,114.026178501168,6.75321954559797,0.0129486434246421,1
319,train,2206,379655.999606858,1334568455.99961,29,29,1,2,-2399726.5906970506,5383227.346675517,2429749.2187258205,117886.5648525978,22.5395215002076,114.02617880176,6.70385832833472,0.0305989070130895,1
320,train,2206,379656.999608774,1334568456.99961,28,28,1,2,-2399720.5066628614,5383226.495515145,2429735.1763987285,117301.8580763821,22.5395220965123,114.026179095738,6.74823885983655,0.0513588996596916,1
321,train,2206,379657.999610691,1334568457.99961,29,29,1,2,-2399725.8390119895,5383225.25819577,2429752.009350408,116738.89749240201,22.5395225974522,114.026179202401,6.76588591548678,0.0469664001783214,1
322,train,2206,379658.999612606,1334568458.99961,29,29,1,2,-2399723.788932622,5383224.734105953,2429748.457670398,116161.96432596528,22.5395232945127,114.026179296755,6.83816337230906,0.0349000274638426,1
323,train,2206,379659.999614522,1334568459.99961,28,28,1,2,-2399716.924133229,5383224.234038524,2429731.28937575,115575.41851494824,22.5395239975819,114.026179195783,6.90101313888861,0.0104679437125975,1
324,train,2206,379660.999616439,1334568460.99962,29,29,1,2,-2399723.7029028153,5383225.204013389,2429746.8404034195,115013.26445469508,22.5395248021012,114.026179300832,6.99418324234351,0.027094278233746,1
325,train,2206,379661.999618354,1334568461.99962,29,29,1,2,-2399722.7856654953,5383225.772994165,2429744.7252383237,114437.91275465171,22.5395256009675,114.026179303192,7.09147654521876,0.0409439545858534,1
326,train,2206,379662.999620269,1334568462.99962,28,28,1,2,-2399717.29564579,5383226.085081515,2429730.6391914184,113853.8541622965,22.5395261038041,114.026179297948,7.14514027289764,0.025803241187142,1
327,train,2206,379663.999622185,1334568463.99962,30,29,1,2,-2399720.889272392,5383227.271993572,2429739.793332129,113286.68476102152,22.539526896897,114.026179303307,7.23875323578023,0.0224529906299127,1
328,train,2206,379664.999624099,1334568464.99962,30,29,1,2,-2399721.7747453293,5383228.3057330875,2429741.204790205,112714.16966649883,22.5395275960051,114.026179293995,7.3130954216231,0.0214002760468729,1
329,train,2206,379665.999626013,1334568465.99963,30,29,1,2,-2399722.6066237055,5383229.336374988,2429742.503290819,112141.46749746536,22.5395282987597,114.026179395296,7.38124458520562,0.0242377773667553,1
330,train,2206,379666.999627924,1334568466.99963,30,29,1,2,-2399723.1990401284,5383230.130737611,2429743.210570314,111568.30002411715,22.5395286008854,114.026179302445,7.40237925169074,0.0391141803139456,1
331,train,2206,379667.999629837,1334568467.99963,30,29,1,2,-2399723.80467997,5383230.811948323,2429743.8584301667,110995.00351336313,22.5395290019801,114.02617919773,7.43101446600193,0.0200906338216181,1
332,train,2206,379668.999631751,1334568468.99963,30,29,1,2,-2399724.004853738,5383231.0356012285,2429744.2691601324,110421.34042629432,22.5395292963839,114.026179000992,7.47507255564927,0.0148057786838271,1
333,train,2206,379669.999633665,1334568469.99963,30,29,1,2,-2399724.1991476677,5383231.219899313,2429744.6548208967,109847.66247177518,22.5395296023348,114.026178798278,7.52648938978087,0.0167474625729997,1
334,train,2206,379670.999635579,1334568470.99964,30,28,1,2,-2399722.710117492,5383228.9962111665,2429744.8996288497,109272.21114617768,22.5395299018975,114.026178597593,7.57178105265756,0.0173739215050762,1
335,train,2206,379671.999637493,1334568471.99964,28,27,1,2,-2399727.3769587865,5383232.046598692,2429747.2529818597,108702.51036511727,22.5395300993157,114.026178395732,7.63128706468178,0.0220501105665015,1
336,train,2206,379672.999639404,1334568472.99964,29,28,1,2,-2399729.2406910798,5383234.003506173,2429747.97891106,108130.40847553324,22.5395304005769,114.026178198795,7.6969944546305,0.0227130939692649,1
337,train,2206,379673.999641318,1334568473.99964,29,28,1,2,-2399726.9791918853,5383230.927490042,2429746.5510103717,107553.6778727806,22.539530702443,114.026178002808,7.76515702365858,0.0303571307899799,1
338,train,2206,379674.999643233,1334568474.99964,29,29,1,2,-2399729.623976753,5383234.49305097,2429746.7156479014,106982.16348695217,22.5395314001985,114.026177997679,7.91550704924255,0.0231139529989415,1
339,train,2206,379675.999645149,1334568475.99965,29,29,1,2,-2399729.628968019,5383234.836062607,2429746.349886315,106408.01804962069,22.539531698912,114.026177902593,7.963623348084,0.026521200682314,1
340,train,2206,379676.999647063,1334568476.99965,29,29,1,2,-2399729.845712106,5383234.987417415,2429745.828659303,105833.7876882343,22.5395318962817,114.026177901293,8.00226461282761,0.026955194680762,1
341,train,2206,379677.999648979,1334568477.99965,29,29,1,2,-2399730.211524304,5383235.4504976235,2429745.8690529577,105259.9920576177,22.539532595865,114.026177798061,8.09212881794424,0.00828820116982233,1
342,train,2206,379678.999650896,1334568478.99965,29,29,1,2,-2399730.1244088463,5383236.042302711,2429745.7686665272,104685.98832578295,22.5395328028268,114.026177598129,8.15690988555628,0.00746634258619606,1
343,train,2206,379679.999652813,1334568479.99965,29,29,1,2,-2399729.6790493364,5383236.110367786,2429745.5133647984,104111.51236708813,22.5395331049334,114.026177400429,8.19891146866101,0.0060919853972233,1
344,train,2206,379680.99965473,1334568480.99965,29,29,1,2,-2399729.294545122,5383235.957527267,2429745.6340887803,103537.10671359525,22.5395332030939,114.026177197818,8.23011315315452,0.00566608068971913,1
345,train,2206,379681.999656647,1334568481.99966,30,29,1,3,-2399708.2813900895,5383226.075449784,2429752.1636576355,102959.84979797345,22.5395336025178,114.026177103688,8.28528058146005,0.0120936255064796,1
346,train,2206,379682.999658562,1334568482.99966,30,29,1,2,-2399707.3899257844,5383225.866217111,2429752.3143943595,102385.66537735474,22.5395340974573,114.026176995422,8.3749635061748,0.00889106637449096,1
347,train,2206,379683.999660476,1334568483.99966,30,29,1,2,-2399707.5045202645,5383225.905129296,2429752.216750865,101811.47250094451,22.5395346973689,114.026176999708,8.46794424289271,0.00955891379374153,1
348,train,2206,379684.999662393,1334568484.99966,30,30,1,2,-2399715.3228098364,5383236.880781592,2429754.2798045226,101246.20534892617,22.539535297346,114.02617709887,8.54786241999476,0.00371166401947519,1
349,train,2206,379685.999664311,1334568485.99966,30,30,1,2,-2399729.3485960034,5383234.700287273,2429744.0063834526,100664.48894243201,22.5395357970531,114.026177098761,8.58148782507875,0.00989857587700059,1
350,train,2206,379686.999666226,1334568486.99967,30,30,1,2,-2399728.980765359,5383234.215108382,2429743.928048975,100090.26355637927,22.5395362004997,114.026177198469,8.59906077399339,0.0145686398504888,1
351,train,2206,379687.999668139,1334568487.99967,30,30,1,2,-2399729.1899493206,5383233.031756673,2429743.34623866,99515.25772750803,22.5395366008618,114.026177198466,8.61745716350322,0.0052114414058478,1
352,train,2206,379688.99967005,1334568488.99967,30,30,1,2,-2399728.6195172905,5383232.029845531,2429743.2788710482,98940.61168546081,22.5395370987451,114.026177300306,8.62287141825771,0.00709435057096993,1
353,train,2206,379689.999671964,1334568489.99967,30,30,1,2,-2399728.174872744,5383231.063645505,2429743.735778436,98366.14421814194,22.5395374979862,114.026177297517,8.62330164023489,0.0112831419928961,1
354,train,2206,379690.999673878,1334568490.99967,30,30,1,2,-2399728.316793046,5383230.836266823,2429744.309789839,97792.13666011316,22.5395380034924,114.026177399254,8.6397323256333,0.0106983416124677,1
355,train,2206,379691.999675794,1334568491.99968,30,29,1,2,-2399719.384907009,5383220.164158192,2429731.1622555405,97204.33780454106,22.5395383020478,114.026177395512,8.63311515459033,0.0106723661006849,1
356,train,2206,379692.999677709,1334568492.99968,30,29,1,2,-2399719.4734229906,5383220.371856103,2429731.3041243954,96630.34473204866,22.5395385979749,114.026177398714,8.62197963267736,0.0136277843233144,1
357,train,2206,379693.999679625,1334568493.99968,30,29,1,2,-2399719.4559497414,5383219.469017566,2429731.8539718883,96056.14667758881,22.5395389046453,114.026177501514,8.6210244419791,0.0148942142791693,1
358,train,2206,379694.99968154,1334568494.99968,30,29,1,2,-2399720.5540742236,5383220.274561654,2429732.5964491754,95483.26128542246,22.5395391974167,114.026177500767,8.61073733118172,0.0121591985449794,1
359,train,2206,379695.999683454,1334568495.99968,30,29,1,2,-2399719.477065108,5383219.267788361,2429732.275887958,94908.37451620997,22.5395397028999,114.026177602507,8.6271670119791,0.0185641150242367,1
360,train,2206,379696.999685368,1334568496.99969,30,30,1,2,-2399728.3082243702,5383230.357959255,2429747.1087220632,94348.82359384521,22.5395400982502,114.026177796236,8.61820505474849,0.0139844735741053,1
361,train,2206,379697.999687279,1334568497.99969,30,30,1,2,-2399728.2719763494,5383230.166669205,2429746.698190494,93774.45634476416,22.5395405997062,114.026178095344,8.63831991719128,0.0171186128663173,1
362,train,2206,379698.999689193,1334568498.99969,30,30,1,2,-2399727.977913597,5383230.384219671,2429746.912478501,93200.6145993857,22.5395411021431,114.026178398087,8.68948473237568,0.0173925530274317,1
363,train,2206,379699.999691109,1334568499.99969,30,30,1,2,-2399727.3546337485,5383230.386381448,2429746.4213627367,92626.15516497729,22.5395416039665,114.026178699873,8.7381992512171,0.018753024903401,1
364,train,2206,379700.999693024,1334568500.99969,30,30,1,2,-2399727.236981328,5383231.209838009,2429746.568810376,92052.57180403057,22.5395420024871,114.026178696973,8.74925928512793,0.020575285735041,1
365,train,2206,379701.99969494,1334568501.99969,30,30,1,2,-2399726.8500972623,5383231.923528255,2429746.8127524573,91478.79995802252,22.5395422963259,114.026178794755,8.75694433263947,0.0177787026319303,1
366,train,2206,379702.999696859,1334568502.9997,30,30,1,2,-2399726.768277056,5383232.811913083,2429746.885625239,90904.87393230195,22.5395422994544,114.026179095038,8.73523779411354,0.0411503952860033,1
367,train,2206,379703.999698777,1334568503.9997,30,30,1,2,-2399726.062180177,5383233.205855207,2429746.6001503784,90330.48913236863,22.5395429033302,114.026179198269,8.80368282930285,0.0303241973202329,1
368,train,2206,379704.999700693,1334568504.9997,30,30,1,2,-2399725.182372612,5383232.964667531,2429746.2642291863,89755.78106380386,22.5395434949824,114.026179297444,8.88321495308078,0.0285992180153878,1
369,train,2206,379705.999702609,1334568505.9997,30,30,1,2,-2399724.8000282217,5383233.088950343,2429746.100151466,89181.3047002266,22.5395439012334,114.02617940367,8.93917365775455,0.0155006136600173,1
370,train,2206,379706.999704524,1334568506.9997,30,30,1,2,-2399723.9824018516,5383232.520440516,2429745.812075443,88606.64390573464,22.5395439990923,114.026179603932,8.95480731112001,0.0304482918033572,1
371,train,2206,379707.999706439,1334568507.99971,30,30,1,2,-2399724.173848549,5383232.3534546625,2429745.817975658,88032.51226859096,22.5395444968375,114.026179601791,8.99417511856416,0.0390476671894491,1
372,train,2206,379708.999708353,1334568508.99971,30,30,1,2,-2399724.252475278,5383232.0158041315,2429745.991863271,87458.49725856892,22.5395451009391,114.026179694229,9.05734491682309,0.0277496915993526,1
373,train,2206,379709.999710267,1334568509.99971,31,30,1,4,-2399159.9711695206,5379304.0633035125,2420274.6741038007,79677.49795076194,22.5395453996101,114.026180000283,9.06373927333215,0.0165669824314496,1
374,train,2206,379710.999712181,1334568510.99971,31,30,1,3,-2399153.064193908,5379265.160379725,2420196.767113695,79041.37754377961,22.5395461011897,114.026180003928,9.12698641889519,0.0212920053607614,1
375,train,2206,379711.999714095,1334568511.99971,31,30,1,3,-2399146.642023654,5379227.748865853,2420120.377890709,78406.77533856279,22.5395466977914,114.026180095609,9.16606590421597,0.0121357628291746,1
376,train,2206,379712.999716008,1334568512.99972,30,29,1,3,-2399714.8260363596,5383216.119348959,2429731.6585720484,85145.47119829991,22.5395468977441,114.02618020216,9.18054148681962,0.0113761616807636,1
377,train,2206,379713.999717922,1334568513.99972,30,29,1,2,-2399714.463530858,5383215.759587796,2429731.879648542,84571.29693064431,22.5395475011677,114.026180102999,9.25432527135525,0.0095894626234673,1
378,train,2206,379714.999719836,1334568514.99972,30,29,1,2,-2399714.6047941996,5383215.880882742,2429732.1039847936,83997.37889198396,22.5395478993154,114.026180102679,9.30462034639297,0.0246326049470544,1
379,train,2206,379715.999721752,1334568515.99972,30,29,1,2,-2399714.565557648,5383216.259671814,2429732.3035838124,83423.43976605062,22.5395478025715,114.02618009583,9.2939135399731,0.0454320585044847,1
380,train,2206,379716.999723667,1334568516.99972,30,29,1,2,-2399714.6385584646,5383216.505235816,2429732.37909183,82849.42399250688,22.5395480053369,114.026179898252,9.32068059001412,0.0248564624626154,1
381,train,2206,379717.999725582,1334568517.99973,30,29,1,2,-2399714.8394996272,5383216.953521394,2429732.5689510056,82275.62567440834,22.5395481030703,114.026179702905,9.31547339965609,0.0221413018969032,1
382,train,2206,379718.999727498,1334568518.99973,30,30,1,2,-2399721.1190163065,5383224.907099174,2429743.110033953,81711.98721773659,22.5395479018409,114.02617960439,9.28829648903548,0.0308724444556263,1
383,train,2206,379719.999729413,1334568519.99973,30,30,1,2,-2399721.7363954196,5383225.615381033,2429743.547269076,81138.497247632,22.539548097687,114.026179502749,9.29343297763548,0.0162520062032137,1
384,train,2206,379720.999731335,1334568520.99973,30,29,1,2,-2399719.990428272,5383224.00486888,2429743.556375095,80562.94841110188,22.5395481019365,114.026179399414,9.2636060009099,0.0237011455461997,1
385,train,2206,379721.999733244,1334568521.99973,30,29,1,2,-2399720.3720948454,5383225.42031592,2429743.9589728634,79989.81841480757,22.5395478011953,114.026179502417,9.2134120818132,0.0318171337220549,1
386,train,2206,379722.999735163,1334568522.99974,30,30,1,2,-2399722.484432381,5383229.5203939425,2429744.993892924,79418.86022484775,22.539547894558,114.026179301205,9.20415455188586,0.0263195683317895,1
387,train,2206,379723.999737078,1334568523.99974,30,30,1,2,-2399722.69815127,5383230.692908561,2429744.9524236536,78845.1515726229,22.5395477994646,114.026179197974,9.15909099034562,0.0102957986096945,1
388,train,2206,379724.999738993,1334568524.99974,30,30,1,2,-2399722.302709505,5383231.467615031,2429744.9369210503,78271.35612713831,22.5395473975894,114.026179097628,9.10718899006832,0.0142621788853588,1
389,train,2206,379725.99974091,1334568525.99974,30,30,1,2,-2399722.1354501094,5383232.390085252,2429744.556219598,77697.63204776683,22.539547203758,114.026178794888,9.07020733758203,0.0145026164538391,1
390,train,2206,379726.999742825,1334568526.99974,30,30,1,2,-2399722.5983514544,5383233.473540811,2429744.3884007125,77124.06819436037,22.5395465043659,114.026178400366,9.00899356723187,0.0225760836428356,1
391,train,2206,379727.999744741,1334568527.99974,30,30,1,2,-2399722.432417296,5383233.873606159,2429744.5307207764,76550.19312482931,22.5395457960858,114.026178099752,8.93188489037534,0.0215340215343598,1
392,train,2206,379728.999746656,1334568528.99975,30,30,1,2,-2399722.5028244625,5383234.278987884,2429744.4210971408,75976.13222335116,22.5395451013623,114.026177594613,8.87724929307803,0.0277753017889313,1
393,train,2206,379729.99974857,1334568529.99975,30,30,1,2,-2399721.5140959444,5383232.926905638,2429743.4850353976,75400.56295353964,22.5395445019254,114.026177200938,8.83370943900475,0.0285961762514931,1
394,train,2206,379730.999750483,1334568530.99975,30,30,1,2,-2399721.52461967,5383232.494012448,2429742.8615598055,74826.02808143733,22.5395440988408,114.026176898088,8.79777470917258,0.0243857785980203,1
395,train,2206,379731.999752395,1334568531.99975,30,30,1,2,-2399721.851176075,5383232.586566836,2429742.6123241265,74251.97745752711,22.5395437033893,114.026176499386,8.77284677912855,0.0154800819159862,1
396,train,2206,379732.999754308,1334568532.99975,30,29,1,2,-2399722.152467383,5383232.115022338,2429742.438673019,73677.68595696258,22.5395435036378,114.026176200487,8.74527166217034,0.0126732696423856,1
397,train,2206,379733.999756219,1334568533.99976,30,29,1,2,-2399722.479107154,5383231.53415184,2429742.4137779777,73103.32537562794,22.5395433024023,114.026175997129,8.73896411804287,0.0153415332076546,1
398,train,2206,379734.999758132,1334568534.99976,30,29,1,2,-2399721.4422955844,5383230.023060382,2429741.758201458,72527.99657157109,22.5395433000328,114.026175801792,8.72915838857382,0.00921019514823188,1
399,train,2206,379735.999760053,1334568535.99976,30,28,1,2,-2399712.478245055,5383218.341194073,2429731.2392482134,71941.02702553831,22.5395432000612,114.026175800929,8.71148334301758,0.00789157426067751,1
400,train,2206,379736.999761974,1334568536.99976,30,28,1,2,-2399713.0307783354,5383217.871426925,2429732.036196923,71367.3601224035,22.5395429944553,114.026175801352,8.65938217235011,0.0103103222277503,1
401,train,2206,379737.999763888,1334568537.99976,30,29,1,2,-2399713.5149663105,5383218.853696925,2429732.479395826,70794.18569538546,22.5395426973704,114.02617580007,8.57690836030754,0.00712666935092036,1
402,train,2206,379738.999765804,1334568538.99977,30,29,1,2,-2399713.9590553036,5383218.350605519,2429733.2191634015,70220.42746404065,22.5395421005948,114.026176000322,8.46221679740634,0.0155688976125518,1
403,train,2206,379739.999767717,1334568539.99977,30,29,1,2,-2399713.489838899,5383217.496539664,2429733.1424197587,69645.7736055909,22.539542597015,114.026175997112,8.50976239035495,0.029911395627498,1
404,train,2206,379740.999769632,1334568540.99977,30,29,1,2,-2399712.9603341096,5383216.919503518,2429733.3274797993,69071.47397051273,22.5395430025459,114.026176103234,8.57634770327836,0.0128502653597557,1
405,train,2206,379741.999771546,1334568541.99977,30,29,1,2,-2399712.640637613,5383216.226437387,2429733.443944919,68497.04905835295,22.5395435024462,114.026176202399,8.65166426373368,0.00648241680464966,1
406,train,2206,379742.999773461,1334568542.99977,30,29,1,2,-2399712.517984943,5383215.772683099,2429733.484298405,67922.65660243442,22.5395444029321,114.026176305099,8.78705774919654,0.01260471425174,1
407,train,2206,379743.999775375,1334568543.99978,30,29,1,2,-2399713.164854138,5383216.579763625,2429734.0044792923,67349.30260801374,22.5395451969406,114.026176305002,8.93260008595562,0.00634732295406147,1
408,train,2206,379744.999777293,1334568544.99978,30,29,1,2,-2399712.9444470364,5383216.45742564,2429733.7620286704,66775.02523738894,22.5395459030143,114.026176500454,9.06247205108974,0.00690186656442487,1
409,train,2206,379745.999779212,1334568545.99978,30,29,1,2,-2399713.3540829797,5383217.063753649,2429733.9614143255,66201.32691553528,22.5395468011944,114.026176598443,9.17500128856268,0.00949624137891298,1
410,train,2206,379746.999781129,1334568546.99978,30,29,1,2,-2399712.942108846,5383217.073715096,2429734.0768670198,65627.21654845723,22.5395475948467,114.026176700506,9.27107214833941,0.00882988718341129,1
411,train,2206,379747.999783042,1334568547.99978,29,29,1,2,-2399712.991015546,5383217.4130995525,2429734.0872111614,65053.43518191211,22.5395480983702,114.026176895947,9.29324414081339,0.0166871382546526,1
412,train,2206,379748.999784953,1334568548.99978,29,29,1,2,-2399712.7484906013,5383217.40499445,2429734.073700947,64479.56482367388,22.5395488017401,114.026177103061,9.34296661979844,0.013553457989826,1
413,train,2206,379749.999786866,1334568549.99979,30,30,1,2,-2399712.6342361723,5383216.123738656,2429736.806875071,63906.825924944096,22.5395493000686,114.026177197619,9.38479082347916,0.0112845239350398,1
414,train,2206,379750.99978878,1334568550.99979,30,30,1,2,-2399712.9764806395,5383216.768775595,2429735.248258712,63332.19954644882,22.5395497013547,114.026177401846,9.41337507803401,0.0172118143495949,1
415,train,2206,379751.999790694,1334568551.99979,30,30,1,2,-2399712.9278090117,5383216.66054907,2429736.1696132943,62758.87148737774,22.5395500007294,114.026177498332,9.45088718588653,0.0150135408866259,1
416,train,2206,379752.999792609,1334568552.99979,30,30,1,2,-2399713.000529347,5383216.853489377,2429735.9380235593,62184.92963184901,22.5395506972222,114.026177606069,9.56766657097641,0.0140493977480496,1
417,train,2206,379753.999794524,1334568553.99979,30,30,1,2,-2399712.9310839307,5383217.474942784,2429735.8421898223,61611.111348242004,22.5395512970902,114.026177706089,9.66065840800145,0.0139044570302236,1
418,train,2206,379754.999796441,1334568554.9998,31,31,1,3,-2399725.2254147236,5383234.07725393,2429754.356284954,61056.61551837744,22.5395514053458,114.026177697854,9.69960161160007,0.0138086884700077,1
419,train,2206,379755.999798352,1334568555.9998,31,31,1,2,-2399723.1513878484,5383231.821603269,2429751.469502383,60479.51322150143,22.53955210071,114.026177697967,9.81928783290412,0.0172132077027372,1
420,train,2206,379756.999800263,1334568556.9998,31,30,1,3,-2399711.5789093836,5383217.791371154,2429736.1546723647,59888.76978097011,22.5395526967663,114.026177602438,9.92373342973235,0.0197267299027469,1
421,train,2206,379757.999802177,1334568557.9998,31,30,1,2,-2399710.965300805,5383217.469153885,2429736.1724321353,59314.26692729714,22.5395529975457,114.02617740368,9.97391833860323,0.0144629740173159,1
422,train,2206,379758.999804092,1334568558.9998,32,30,1,4,-2401490.117343423,5394088.394523899,2449478.7755742,74838.39316379408,22.5395534963805,114.026177299493,10.0521273535003,0.0173199286260977,1
423,train,2206,379759.999806007,1334568559.99981,31,30,1,3,-2399710.284225361,5383215.510485353,2429736.585856807,58164.75593720005,22.539554004329,114.026177099664,10.1200793615475,0.0171809495304719,1
424,train,2206,379760.999807922,1334568560.99981,31,30,1,2,-2399710.5976947285,5383214.749920846,2429736.883675676,57590.2652636429,22.539553995657,114.026176896413,10.1119593186699,0.0131738263513076,1
425,train,2206,379761.999809837,1334568561.99981,31,30,1,2,-2399710.7336891266,5383213.824139102,2429736.8886312917,57015.64728045659,22.5395540987057,114.02617649568,10.1157690936701,0.0210840550130534,1
426,train,2206,379762.999811752,1334568562.99981,30,30,1,2,-2399710.773298474,5383212.457132955,2429736.5571562406,56440.53159275695,22.5395540965113,114.026176203741,10.0928744156997,0.0170999391853097,1
427,train,2206,379763.999813671,1334568563.99981,30,30,1,2,-2399710.1550891204,5383210.880043493,2429736.286081994,55865.24087853072,22.5395543021761,114.026175901752,10.097999845189,0.0157922470193479,1
428,train,2206,379764.999815589,1334568564.99982,30,30,1,2,-2399709.6576938354,5383209.351195097,2429736.1739906063,55290.08764567177,22.5395543007658,114.026175495132,10.0931605459655,0.0178741892994059,1
429,train,2206,379765.999817504,1334568565.99982,30,30,1,2,-2399708.8895968106,5383208.25761597,2429736.318124876,54715.21077281881,22.5395545023408,114.026175199887,10.1150307879421,0.0198166273683948,1
430,train,2206,379766.999819421,1334568566.99982,30,30,1,2,-2399708.366592511,5383207.813444267,2429736.765807315,54140.76762195398,22.5395546986866,114.026174899496,10.1565578999865,0.0219893673191734,1
431,train,2206,379767.999821338,1334568567.99982,30,30,1,2,-2399707.813313396,5383207.410209579,2429737.112318995,53566.54538640389,22.5395550978434,114.026174696994,10.1909270222334,0.0202205202135638,1
432,train,2206,379768.999823253,1334568568.99982,30,30,1,2,-2399707.557452207,5383207.171468989,2429737.5855108085,52992.59263447042,22.5395555040409,114.02617439768,10.2338542263853,0.0245768228665207,1
433,train,2206,379769.999825167,1334568569.99983,30,30,1,2,-2399707.822838797,5383207.470917404,2429738.5707869288,52419.43149052716,22.5395558976533,114.026174201706,10.3062273641707,0.0304328112088534,1
434,train,2206,379770.999827081,1334568570.99983,30,30,1,2,-2399707.79548006,5383207.88625986,2429739.2860229136,51846.22929056349,22.5395561953917,114.026174102964,10.3233091732651,0.0431930828025644,1
435,train,2206,379771.999828993,1334568571.99983,30,30,1,2,-2399708.25695868,5383208.730108957,2429740.203121977,51273.410011401356,22.539556499542,114.02617400219,10.3465060027517,0.0256953834622838,1
436,train,2206,379772.999830908,1334568572.99983,30,30,1,2,-2399708.489082681,5383208.873809725,2429740.9623929155,50700.13421875541,22.5395569025159,114.026173995236,10.3694234594303,0.0305777212066186,1
437,train,2206,379773.999832822,1334568573.99983,30,30,1,2,-2399708.471112295,5383209.201666238,2429741.4408656103,50126.73955408489,22.5395572019838,114.026174005077,10.3860417389664,0.00806208237088225,1
438,train,2206,379774.999834738,1334568574.99983,30,30,1,2,-2399708.5687525924,5383209.56967225,2429741.948883371,49553.281585761564,22.5395578008863,114.026174101465,10.44798900335,0.0179168320339241,1
439,train,2206,379775.999836653,1334568575.99984,30,30,1,2,-2399708.679757265,5383209.970251849,2429741.866317127,48979.53418554391,22.5395585003981,114.026174103927,10.5300463096702,0.0140092132186133,1
440,train,2206,379776.999838568,1334568576.99984,30,30,1,2,-2399708.5583829917,5383209.976288752,2429741.57794397,48405.3917769681,22.5395593001647,114.026174301407,10.6584000933371,0.0135306053243789,1
441,train,2206,379777.99984048,1334568577.99984,30,30,1,2,-2399708.062755628,5383209.77548721,2429741.1738306256,47831.007324217986,22.5395599959082,114.026174298953,10.7388574924694,0.0282290960839626,1
442,train,2206,379778.999842392,1334568578.99984,30,30,1,2,-2399707.892806663,5383210.05200017,2429740.6926081576,47256.90747302892,22.5395603953741,114.026174395444,10.7809717795637,0.0192717163426777,1
443,train,2206,379779.999844304,1334568579.99984,30,30,1,2,-2399707.8126368728,5383210.5345963,2429739.919085561,46682.64729123669,22.5395610042066,114.026174601267,10.8559208825735,0.0289872421698903,1
444,train,2206,379780.999846217,1334568580.99985,30,30,1,2,-2399707.477994689,5383210.379747508,2429739.013021648,46107.95775693235,22.5395608985975,114.026174602555,10.8214884180915,0.0213829607360502,1
445,train,2206,379781.99984813,1334568581.99985,30,30,1,2,-2399707.1675197897,5383211.057111537,2429738.195700816,45533.88053831828,22.5395606040481,114.026174499423,10.7565987428144,0.0304360692030423,1
446,train,2206,379782.999850044,1334568582.99985,30,30,1,2,-2399707.4959769617,5383211.97062063,2429737.7083345545,44960.19728707024,22.5395602040596,114.026174496857,10.6989722826985,0.018812055508885,1
447,train,2206,379783.999851959,1334568583.99985,30,30,1,2,-2399707.816283255,5383213.675417633,2429737.520526081,44387.04165314753,22.5395599024166,114.026174299911,10.6385852771529,0.0179454947442571,1
448,train,2206,379784.999853874,1334568584.99985,30,30,1,2,-2399707.847831161,5383214.732029336,2429737.053877701,43813.455988084264,22.5395593031538,114.026174200848,10.5480400410693,0.0194589626797076,1
449,train,2206,379785.999855789,1334568585.99986,30,30,1,2,-2399708.308641687,5383216.315821438,2429736.9280621368,43240.15534586384,22.5395587983027,114.02617399909,10.4662180213848,0.0243026217175596,1
450,train,2206,379786.999857704,1334568586.99986,30,30,1,2,-2399708.4272702737,5383217.654115837,2429737.121462777,42666.81944215205,22.5395582984344,114.026173804179,10.3908938193518,0.0257386211656176,1
451,train,2206,379787.99985962,1334568587.99986,30,30,1,2,-2399708.178641276,5383217.901391855,2429737.4828683357,42092.89614019323,22.5395579018695,114.026173603267,10.3271330757239,0.0152717427281888,1
452,train,2206,379788.999861536,1334568588.99986,30,30,1,2,-2399707.799896307,5383217.605493649,2429737.5945992162,41518.64503639779,22.5395575963264,114.02617340226,10.2782181211054,0.0108583479396081,1
453,train,2206,379789.999863455,1334568589.99986,30,30,1,2,-2399707.644421583,5383217.750078366,2429737.7244449602,40944.650610258635,22.5395573997068,114.02617320307,10.2498102429717,0.0189115648179637,1
454,train,2206,379790.999865374,1334568590.99987,30,30,1,2,-2399707.648056053,5383217.86446242,2429737.821919576,40370.565643215945,22.539557200007,114.026173094812,10.2091765479209,0.008624278709072,1
455,train,2206,379791.99986729,1334568591.99987,30,29,1,2,-2399707.742031855,5383218.013261376,2429738.4379367963,39796.89306764185,22.5395570013381,114.026172999277,10.1787048008666,0.01911481720951,1
456,train,2206,379792.999869205,1334568592.99987,30,29,1,2,-2399707.466097032,5383216.466087693,2429738.675477772,39222.23402568827,22.5395569989333,114.026172899682,10.1689105669283,0.0045840623815086,1
457,train,2206,379793.99987112,1334568593.99987,30,29,1,2,-2399707.3091364424,5383215.428990552,2429738.7228671163,38647.597807517726,22.5395569972737,114.026172800191,10.14848219092,0.0170062868195775,1
458,train,2206,379794.999873034,1334568594.99987,30,29,1,2,-2399707.7485135742,5383215.806146921,2429738.6667599212,38073.72633358819,22.5395570001838,114.026172695785,10.1268362614743,0.0194922590512561,1
459,train,2206,379795.999874949,1334568595.99987,30,28,1,2,-2399707.859835726,5383214.816007813,2429739.017996003,37499.71113914473,22.5395570952041,114.026172698882,10.1171334647716,0.011556699342302,1
460,train,2206,379796.999876864,1334568596.99988,31,29,1,2,-2399709.201650569,5383216.063684106,2429740.9865461774,36927.64992295568,22.5395571961346,114.026172698128,10.0980292065631,0.00878594064328951,1
461,train,2206,379797.999878779,1334568597.99988,31,29,1,2,-2399710.522445746,5383217.272073877,2429741.997092835,36355.100162613075,22.5395574035891,114.026172599605,10.0896326006918,0.00970225536064732,1
462,train,2206,379798.999880696,1334568598.99988,30,29,1,2,-2399710.7933821375,5383218.225376587,2429742.4566802466,35781.92167129167,22.5395576001571,114.026172498084,10.0841415132742,0.00655504174586665,1
463,train,2206,379799.999882611,1334568599.99988,30,28,1,2,-2399708.746883214,5383217.534256189,2429739.021114769,35205.137709047325,22.5395576979706,114.026172397635,10.0658679304944,0.0117303613674286,1
464,train,2206,379800.999884524,1334568600.99988,29,28,1,2,-2399708.8446585503,5383217.886607294,2429739.2363083595,34631.49422462074,22.5395578039988,114.026172298037,10.061056853686,0.0117915122690747,1
465,train,2206,379801.999886438,1334568601.99989,29,28,1,2,-2399709.0746849775,5383218.222581578,2429739.366254915,34057.82314875497,22.5395577984946,114.026172203577,10.0312200165429,0.00877350176536148,1
466,train,2206,379802.999888352,1334568602.99989,29,28,1,2,-2399708.491742564,5383217.890511398,2429738.972151547,33483.2429248539,22.5395578015143,114.026172098309,9.99649901598994,0.0223846099233456,1
467,train,2206,379803.999890267,1334568603.99989,29,28,1,2,-2399708.7337873876,5383217.913670746,2429739.0140228174,32909.256201989236,22.5395577974584,114.026171899225,9.9662765633214,0.0215838016144468,1
468,train,2206,379804.999892182,1334568604.99989,30,29,1,2,-2399712.011927559,5383220.265787121,2429746.316431349,32341.092519803387,22.5395578043738,114.026171798026,9.92008099397052,0.0256932704344932,1
469,train,2206,379805.999894097,1334568605.99989,30,27,1,2,-2399713.9672295037,5383217.099859536,2429733.678287363,31757.019186895748,22.5395577984195,114.026171606,9.87471163388802,0.0273117986379685,1
470,train,2206,379806.999896013,1334568606.9999,30,28,1,2,-2399713.8499012147,5383217.255957054,2429733.375565201,31182.752928722548,22.5395578001985,114.02617159455,9.83510605901196,0.0225833793073875,1
471,train,2206,379807.999897927,1334568607.9999,30,28,1,2,-2399714.282512247,5383217.700998472,2429733.448525998,30608.964098991746,22.5395576965524,114.026171502123,9.79493258220262,0.0194598202863929,1
472,train,2206,379808.999899842,1334568608.9999,30,28,1,2,-2399714.1770871743,5383217.424528796,2429733.333159017,30034.60139934288,22.5395577016488,114.026171398033,9.74139603522263,0.0175050436235159,1
473,train,2206,379809.999901757,1334568609.9999,30,28,1,2,-2399713.9905771366,5383217.049577671,2429733.0111115887,29459.95915078518,22.5395577059077,114.026171399527,9.69069284539374,0.0179193699052418,1
474,train,2206,379810.999903673,1334568610.9999,31,28,1,2,-2399713.787881552,5383216.787743725,2429732.7486316008,28885.486339443793,22.5395576991444,114.026171398884,9.65597473536995,0.0206084861867925,1
475,train,2206,379811.999905589,1334568611.99991,31,28,1,2,-2399713.435888522,5383216.27439897,2429732.300657201,28310.858124416434,22.5395576955463,114.026171402196,9.62041194358403,0.0226422860722175,1
476,train,2206,379812.999907504,1334568612.99991,31,28,1,2,-2399713.6409949223,5383216.113631898,2429732.086180201,27736.771004155267,22.5395577041291,114.026171400486,9.59464311369033,0.0265830469482599,1
477,train,2206,379813.999909418,1334568613.99991,31,29,1,2,-2399718.8444042206,5383221.019773158,2429742.234518002,27171.819559494274,22.5395575002424,114.026171404656,9.56295544266617,0.0165895400751019,1
478,train,2206,379814.999911331,1334568614.99991,31,29,1,2,-2399719.5588917774,5383221.723692614,2429742.2994833295,26598.402810851247,22.5395574993099,114.026171305276,9.53189809779115,0.0220901438723409,1
479,train,2206,379815.999913244,1334568615.99991,31,29,1,2,-2399719.7716581426,5383221.48513996,2429741.9451662363,26024.21018475289,22.5395575020936,114.026171201723,9.52333008180865,0.0160537197959819,1
480,train,2206,379816.999915156,1334568616.99992,31,29,1,2,-2399720.046670192,5383221.276450971,2429741.623241522,25450.07478075108,22.5395574028556,114.026171200975,9.49502510669529,0.0233377033782104,1
481,train,2206,379817.999917069,1334568617.99992,31,29,1,2,-2399720.4725074708,5383220.831299161,2429741.4811736224,24876.00637936479,22.539557394915,114.026171102659,9.45540305294393,0.0314612439799,1
482,train,2206,379818.999918984,1334568618.99992,31,29,1,2,-2399720.170532671,5383219.825046029,2429741.1860045907,24301.335107827003,22.5395574014336,114.026171099772,9.44844698096319,0.0325139700802985,1
483,train,2206,379819.9999209,1334568619.99992,31,29,1,2,-2399720.1542558386,5383219.485910957,2429741.5733219143,23727.49423433244,22.539557502254,114.02617109988,9.44241577190183,0.0197180426376381,1
484,train,2206,379820.999922817,1334568620.99992,31,29,1,2,-2399719.701072965,5383219.210517345,2429740.898851323,23152.807828221612,22.5395573999064,114.026171104263,9.39407019853773,0.0250185282250844,1
485,train,2206,379821.999924731,1334568621.99992,30,29,1,2,-2399719.59998374,5383218.812781848,2429740.3348297416,22578.38565444061,22.5395572038304,114.026171202359,9.34725480956116,0.0290646416495319,1
486,train,2206,379822.999926643,1334568622.99993,30,29,1,2,-2399719.915580184,5383219.65425261,2429739.854480011,22004.633852968902,22.5395572046411,114.026171297352,9.32355909545744,0.0368434110801216,1
487,train,2206,379823.999928553,1334568623.99993,31,30,1,2,-2399719.8503293595,5383219.626566104,2429740.502399387,21431.181704948114,22.5395573995174,114.026171302167,9.34460808740186,0.032140154723516,1
488,train,2206,379824.999930464,1334568624.99993,31,30,1,2,-2399719.9296280174,5383219.991714448,2429740.522340713,20857.55700416189,22.5395571986767,114.026171597526,9.31210730802361,0.0162365302374324,1
489,train,2206,379825.999932379,1334568625.99993,31,30,1,2,-2399719.8300397485,5383220.20162338,2429740.4644146743,20283.71007178103,22.5395573007069,114.026171599558,9.31097178625057,0.0333385548285255,1
490,train,2206,379826.999934293,1334568626.99993,31,30,1,2,-2399720.0633693705,5383220.7007654095,2429740.8509552297,19710.31796756194,22.5395572993835,114.026171703323,9.29828097750364,0.0249930350804131,1
491,train,2206,379827.999936281,1334568627.99994,31,26,1,3,-2399737.5214667614,5383272.340253019,2429727.4297468374,19131.031934456223,22.5395567018722,114.026171798637,9.21509511648449,0.00654680700588026,1
492,train,2206,379828.999938486,1334568628.99994,30,26,1,3,-2399754.7018665634,5383318.181659106,2429758.1547312057,18542.634859109356,22.5395566966906,114.026171802592,9.2138689948798,0.0189686872656917,1
493,train,2206,379829.99994042,1334568629.99994,29,27,1,3,-2399760.212910128,5383284.425547695,2429771.9912711573,17949.005954914548,22.5395565038888,114.026171798955,9.17400637361435,0.0117531320514821,1
494,train,2206,379830.999942331,1334568630.99994,28,27,1,3,-2399751.894916837,5383250.738098475,2429761.995699343,17341.943654861207,22.5395557991613,114.026171896192,9.09073155782364,0.0113777118546375,1
495,train,2206,379831.999944266,1334568631.99994,28,27,1,2,-2399740.012359188,5383243.298626274,2429752.1025814326,16751.3232084289,22.53955569633,114.026171904005,9.09468978286716,0.0120836599238997,1
496,train,2206,379832.999946181,1334568632.99995,29,28,1,2,-2399737.9138848865,5383239.0956373615,2429754.0472260634,16175.197531269794,22.5395553027808,114.026171803657,9.04317247709992,0.0141937308148312,1
497,train,2206,379833.9999481,1334568633.99995,29,29,1,2,-2399733.9989622403,5383234.74382569,2429751.506757089,15595.454111387442,22.5395546009584,114.026171796487,8.93825172620569,0.0122367508969779,1
498,train,2206,379834.999950015,1334568634.99995,29,29,1,2,-2399732.712148298,5383235.186991042,2429752.4522968377,15020.28584192976,22.5395543016296,114.02617160425,8.90072519260888,0.0104027376765244,1
499,train,2206,379835.999951931,1334568635.99995,29,29,1,2,-2399730.720441246,5383233.592365077,2429751.05133175,14443.475485071769,22.5395543017463,114.02617149856,8.90852124073688,0.0339651476497081,1
500,train,2206,379836.999953845,1334568636.99995,29,28,1,2,-2399722.024396563,5383225.211214293,2429735.9084027223,13854.681908555312,22.5395542035859,114.026171395756,8.91905881346197,0.0131898454571735,1
501,train,2206,379837.999955759,1334568637.99996,29,28,1,2,-2399719.9272847306,5383223.475617678,2429734.5431225374,13278.04031854906,22.5395545048462,114.026171198817,8.98476764167421,0.0194384575956548,1
502,train,2206,379838.999957673,1334568638.99996,29,28,1,2,-2399720.4217403084,5383223.845710112,2429734.9160832837,12704.464548625323,22.5395547971187,114.026171096657,9.0476570000445,0.0204829438222539,1
503,train,2206,379839.999959589,1334568639.99996,30,29,1,2,-2399711.7048575943,5383224.092783359,2429739.5920883412,12133.419568058593,22.539554702503,114.026171105323,9.06507647424236,0.0200464523440932,1
504,train,2206,379840.999961504,1334568640.99996,30,29,1,2,-2399710.882083979,5383223.847165486,2429738.476366375,11558.213865800357,22.539554800511,114.026170999312,9.10936273320794,0.0231876079702679,1
505,train,2206,379841.99996342,1334568641.99996,30,30,1,2,-2399715.5674495343,5383227.060229774,2429748.857172204,10992.141331615872,22.5395548980696,114.026170795738,9.13811635021438,0.0252306792694466,1
506,train,2206,379842.999965338,1334568642.99997,30,30,1,2,-2399714.1332375268,5383224.190707201,2429747.3420362924,10415.59684094765,22.5395546958393,114.026170899397,9.1268564090849,0.0230217238748925,1
507,train,2206,379843.999967253,1334568643.99997,30,30,1,2,-2399713.372278062,5383222.101827567,2429747.5834192825,9840.678610140529,22.5395549969739,114.026170698068,9.13781295197039,0.013555229329541,1
508,train,2206,379844.999969169,1334568644.99997,30,30,1,2,-2399712.9134507165,5383220.383750901,2429746.5499796066,9265.075068935967,22.5395548020558,114.026170497377,9.06199127660469,0.0111846122419086,1
509,train,2206,379845.999971084,1334568645.99997,30,30,1,2,-2399712.810007446,5383218.854197093,2429745.6432770104,8689.49805619298,22.5395542992421,114.026170497372,8.94049301848222,0.0236077864511214,1
510,train,2206,379846.999972997,1334568646.99997,30,30,1,2,-2399711.5544314543,5383216.800570692,2429745.2082766346,8113.924750335092,22.5395540963212,114.026170499936,8.8720246891089,0.00905861990460078,1
511,train,2206,379847.999974911,1334568647.99997,30,30,1,2,-2399710.6592103215,5383215.892014253,2429744.935595088,7539.034877341462,22.5395540991306,114.026170606053,8.82170814491951,0.00969193766827062,1
512,train,2206,379848.999976826,1334568648.99998,30,30,1,2,-2399710.486454211,5383215.719479435,2429744.913405942,6964.710806509547,22.539553596764,114.026170703611,8.71574345260124,0.0106698757527187,1
513,train,2206,379849.999978741,1334568649.99998,31,29,1,2,-2399715.614692085,5383213.338047511,2429740.5506041297,6386.374223976207,22.5395536031965,114.02617060059,8.65402512012108,0.00425026055550495,1
514,train,2206,379850.999980655,1334568650.99998,31,30,1,2,-2399716.0206310772,5383213.690482649,2429740.8564711115,5812.800860338982,22.5395535974101,114.026170598339,8.58252326850986,0.0128128876432142,1
515,train,2206,379851.999982571,1334568651.99998,31,30,1,2,-2399715.9737418424,5383213.759352989,2429740.72401963,5238.753525794448,22.5395535008127,114.026170695472,8.53786067773511,0.0092771659595768,1
516,train,2206,379852.999984488,1334568652.99998,31,30,1,2,-2399716.3839301835,5383213.998230963,2429740.9097650237,4665.216477263283,22.5395538003551,114.026170800201,8.54141638344644,0.0037444534178425,1
517,train,2206,379853.999986403,1334568653.99999,31,30,1,2,-2399717.5605487525,5383215.599295283,2429741.775254724,4092.61191547733,22.53955390235,114.026170897976,8.5402897316393,0.00519632501623121,1
518,train,2206,379854.999988314,1334568654.99999,31,30,1,2,-2399718.3661117307,5383216.317718454,2429742.0389602403,3519.4258126729073,22.5395540037482,114.026171099624,8.51584283038516,0.00830718413214287,1
519,train,2206,379855.999990222,1334568655.99999,31,30,1,2,-2399719.3218689817,5383217.577463381,2429742.0413981415,2946.272070838799,22.5395539019462,114.026171401293,8.44908981844753,0.0231471041939261,1
520,train,2206,379856.999992137,1334568656.99999,31,30,1,2,-2399720.21229733,5383218.941657614,2429742.4822640554,2373.3352137617253,22.5395542009909,114.026171399368,8.45799636412769,0.0140709778332519,1
521,train,2206,379857.999994076,1334568657.99999,31,30,1,2,-2399722.8154575545,5383225.710142584,2429745.861338089,1797.344573078793,22.5395544974108,114.02617139915,8.39455720958568,0.0196443702897144,1
522,train,2206,379858.99999601,1334568659.0,31,30,1,2,-2399722.101574328,5383226.387642892,2429746.3793951436,1220.5235829342746,22.5395546992873,114.026171397649,8.35634455431177,0.0117043899881435,1
523,train,2206,379859.999997929,1334568660.0,31,30,1,2,-2399722.245298639,5383227.15667419,2429746.390763141,644.8985171193744,22.5395550015773,114.026171494569,8.35134112534368,0.0134537327577025,1
524,train,2206,379860.999999846,1334568661.0,32,30,1,2,-2399721.857415235,5383227.554599244,2429746.3312037205,69.45415504341601,22.5395551030264,114.026171705309,8.30601071807018,0.0168225602150679,1
525,train,2206,379862.000001766,1334568662.0,32,30,1,2,-2399720.8022639216,5383226.202545769,2429745.4540314805,-506.69850889757384,22.5395553969769,114.026171796982,8.23279545917968,0.0164311014982763,1
526,train,2206,379863.000003683,1334568663.0,32,30,1,2,-2399720.592374991,5383224.825655409,2429744.519081159,-1082.427284214215,22.5395557019938,114.026171899887,8.12271330911078,0.0175793663044624,1
527,train,2206,379864.000005599,1334568664.00001,32,30,1,2,-2399719.89490067,5383223.726353531,2429744.2206950067,-1657.682930970697,22.5395560980145,114.026171897849,8.04835108532776,0.0122077939367685,1
528,train,2206,379865.000007514,1334568665.00001,32,30,1,2,-2399726.5168815753,5383231.763522225,2429755.7372385287,-2220.8399755741993,22.539556599472,114.026171905335,8.01368406139587,0.014801012836511,1
529,train,2206,379866.000009431,1334568666.00001,32,30,1,3,-2399710.6232113014,5383223.326574579,2429749.954398945,-2802.5937209745416,22.5395572037135,114.026171895918,7.99594132091604,0.0182509440707246,1
530,train,2206,379867.000011344,1334568667.00001,32,29,1,2,-2399718.518310136,5383220.670635258,2429743.223570258,-3382.7204252023585,22.5395577985806,114.026172002892,7.98591724304104,0.0197466644126714,1
531,train,2206,379868.00001326,1334568668.00001,32,30,1,2,-2399708.180464044,5383220.49902273,2429748.1621268867,-3953.922315848734,22.5395583033936,114.026172003531,7.94513748422175,0.0184401676229248,1
532,train,2206,379869.000015175,1334568669.00002,32,30,1,2,-2399706.7210637913,5383218.98222657,2429746.7405035296,-4530.1970799373175,22.5395587984066,114.026172003956,7.92523382371888,0.0197267300252217,1
533,train,2206,379870.00001709,1334568670.00002,31,30,1,2,-2399705.769711191,5383218.220783395,2429745.744562442,-5105.580458250273,22.5395594043499,114.026171998285,7.92790701295026,0.021122233534148,1
534,train,2206,379871.000019004,1334568671.00002,31,30,1,2,-2399704.4146909006,5383215.479517473,2429744.48098896,-5681.888987580592,22.5395601005082,114.02617200235,7.94824926547405,0.020130256141491,1
535,train,2206,379872.000020919,1334568672.00002,30,30,1,2,-2399703.523052857,5383214.859557685,2429744.233365229,-6256.531064259333,22.5395609025014,114.026172099162,7.97687517783204,0.014465149968082,1
536,train,2206,379873.000022835,1334568673.00002,30,30,1,2,-2399703.0140116625,5383213.704175509,2429744.182150431,-6831.245981623765,22.5395616025012,114.0261720982,8.0066275847227,0.0161646292812182,1
537,train,2206,379874.000024752,1334568674.00002,30,30,1,2,-2399703.011016152,5383213.963686569,2429744.4185048495,-7405.043547794888,22.5395623023786,114.026172098093,8.04945613533847,0.017612328887071,1
538,train,2206,379875.000026666,1334568675.00003,30,30,1,2,-2399703.1481615016,5383214.358906242,2429744.7783598513,-7978.72936271271,22.539563001808,114.026172000424,8.07675211625537,0.0151424637218685,1
539,train,2206,379876.000028584,1334568676.00003,30,30,1,2,-2399703.8994340706,5383215.658942863,2429745.2428166736,-8551.749019065324,22.5395636958989,114.026172003313,8.11590737750043,0.0163169044935745,1
540,train,2206,379877.000030498,1334568677.00003,30,30,1,2,-2399704.326110117,5383216.304037273,2429746.247827481,-9124.897202703722,22.5395643034221,114.026172002241,8.15207303833757,0.0172972681907904,1
541,train,2206,379878.000032413,1334568678.00003,30,30,1,2,-2399704.7651350778,5383216.877708184,2429746.7395807626,-9698.237205215142,22.5395648969285,114.026171898477,8.19197858557607,0.0269817180307738,1
542,train,2206,379879.000034327,1334568679.00003,30,30,1,2,-2399704.7030214844,5383216.637317456,2429746.617722386,-10272.47183850783,22.5395654024303,114.026172000211,8.20840800708435,0.0159380785716169,1
543,train,2206,379880.00003624,1334568680.00004,30,30,1,2,-2399704.886467019,5383216.4960761415,2429746.867489132,-10846.429724687088,22.5395656032949,114.026172096059,8.20698816174245,0.0118733740579285,1
544,train,2206,379881.000038154,1334568681.00004,30,30,1,2,-2399704.606321249,5383215.998463127,2429747.3602777733,-11420.483270220786,22.5395656969617,114.026172298673,8.18460431749418,0.0156889905424064,1
545,train,2206,379882.000040067,1334568682.00004,30,30,1,2,-2399705.0926402714,5383216.326234864,2429748.3315247856,-11993.737370442012,22.5395653975397,114.026172603336,8.10536144968195,0.0180569854230125,1
546,train,2206,379883.00004199,1334568683.00004,30,30,1,2,-2399705.404000476,5383216.324905663,2429748.9922493864,-12567.315759725752,22.5395650998913,114.026172901798,8.05434227913413,0.0128929942108606,1
547,train,2206,379884.000043905,1334568684.00004,30,30,1,2,-2399705.748856046,5383216.396413035,2429749.4800000708,-13140.975793666978,22.539564901124,114.026173303167,7.98215706716008,0.0133588901787932,1
548,train,2206,379885.000045812,1334568685.00005,31,31,1,2,-2399706.2698211507,5383216.994732216,2429749.0990047962,-13714.996081240586,22.5395645959721,114.026173496042,7.92792192782123,0.0194480895852362,1
549,train,2206,379886.000047733,1334568686.00005,31,31,1,2,-2399706.520647709,5383217.3330318285,2429749.500979085,-14288.669914401535,22.5395640027113,114.026173598097,7.86186270880248,0.0100852080961616,1
550,train,2206,379887.000049647,1334568687.00005,31,30,1,2,-2399717.494934116,5383215.677003552,2429742.9977381933,-14867.873212820097,22.5395638026706,114.026173702074,7.81871317174272,0.0117334918803066,1
551,train,2206,379888.000051562,1334568688.00005,31,31,1,2,-2399706.7690874995,5383218.010626409,2429750.421746153,-15436.041342008244,22.5395640025817,114.026173794295,7.78624743029223,0.0413224212878734,1
552,train,2206,379889.000053495,1334568689.00005,31,30,1,2,-2399711.9204523806,5383230.481032968,2429756.33811566,-16010.803576780394,22.5395633995392,114.026173800382,7.74105347293576,0.0131693778338914,1
553,train,2206,379890.000055455,1334568690.00006,32,29,1,2,-2399726.762237615,5383230.510558659,2429749.2075043954,-16603.364705207012,22.5395629994716,114.026173702926,7.69649218247985,0.0114396008545403,1
554,train,2206,379891.000057421,1334568691.00006,32,29,1,3,-2399718.3133360893,5383218.294396495,2429728.4794159844,-17201.76320981917,22.539561597279,114.026173402421,7.47843698172878,0.00957815995569177,1
555,train,2206,379892.000059358,1334568692.00006,32,30,1,2,-2399725.496001538,5383228.6729805255,2429737.011092474,-17769.177322039483,22.5395602991334,114.026173096034,7.26131594604897,0.0148708385657336,1
556,train,2206,379893.00006128,1334568693.00006,32,32,1,2,-2399716.956520532,5383235.217630645,2429750.6879788055,-18333.58276690358,22.539559797774,114.026173101487,7.18638850657545,0.0329144987128103,1
557,train,2206,379894.000063195,1334568694.00006,32,30,1,2,-2399724.7060136106,5383228.099544927,2429738.017524293,-18921.593437849104,22.5395586007837,114.026173003703,7.03880165598333,0.0325701963812643,1
558,train,2206,379895.000065114,1334568695.00007,32,31,1,2,-2399728.630122703,5383234.040521452,2429744.121889522,-19490.9755157584,22.5395572992201,114.026173005732,6.87476765544213,0.0255800813764921,1
559,train,2206,379896.000067031,1334568696.00007,32,32,1,2,-2399718.142474308,5383236.335567055,2429751.2574968124,-20060.85664279623,22.5395565974599,114.026172702238,6.79070032924054,0.0273913102813818,1
560,train,2206,379897.000068954,1334568697.00007,32,31,1,2,-2399714.713726362,5383231.17344642,2429746.00314429,-20641.961973427235,22.5395558973736,114.026172603067,6.70618548051901,0.0325547868989503,1
561,train,2206,379898.000070868,1334568698.00007,32,31,1,2,-2399715.6242339276,5383231.554706879,2429746.5112469285,-21216.60008555783,22.5395551974017,114.026172398206,6.62946780072067,0.0300441384405927,1
562,train,2206,379899.00007279,1334568699.00007,32,31,1,2,-2399716.3219908536,5383231.283545592,2429746.937417552,-21791.459282406086,22.5395546024642,114.026172295936,6.56385638341915,0.0281158457711379,1
563,train,2206,379900.000074713,1334568700.00007,32,31,1,2,-2399716.848655397,5383230.74485341,2429747.153580359,-22366.520972897066,22.5395540984796,114.026172203508,6.50528292239419,0.0161135532547696,1
564,train,2206,379901.000076631,1334568701.00008,32,31,1,2,-2399717.083244477,5383229.501767132,2429747.3414974394,-22941.854695753904,22.5395537010371,114.026172099099,6.4652383491304,0.0161334498690559,1
565,train,2206,379902.000078543,1334568702.00008,32,31,1,2,-2399716.8822264182,5383227.91577989,2429747.105455491,-23517.683772469478,22.5395534016688,114.026172002607,6.4277233961178,0.0169619152940994,1
566,train,2206,379903.000080455,1334568703.00008,32,31,1,2,-2399716.5650768243,5383226.84102415,2429746.86771894,-24093.223286771845,22.539553197848,114.026171996828,6.40384459078392,0.0186954357375029,1
567,train,2206,379904.000082369,1334568704.00008,32,31,1,2,-2399716.1218713443,5383225.482994165,2429746.4361195085,-24668.977175087348,22.5395530003505,114.026171998968,6.37827853173135,0.0197061929297812,1
568,train,2206,379905.000084282,1334568705.00008,31,29,1,2,-2399712.9776800456,5383223.0391161,2429740.241052009,-25249.21571700347,22.5395526002469,114.026171997256,6.3337259440887,0.0156451614802866,1
569,train,2206,379906.000086196,1334568706.00009,31,28,1,2,-2399705.2984231194,5383212.754711305,2429737.9580406356,-25832.013361146408,22.5395524039685,114.026172001321,6.31305214477631,0.00647444958588181,1
570,train,2206,379907.000088118,1334568707.00009,30,27,1,2,-2399712.949856108,5383212.352716888,2429732.982358036,-26409.97029798234,22.5395524015381,114.026171997467,6.30326608793151,0.00677620459953533,1
571,train,2206,379908.000090041,1334568708.00009,30,29,1,2,-2399711.518925086,5383220.885281559,2429739.9895553715,-26974.18835019747,22.5395520986508,114.026172004423,6.28495046336679,0.0178115163988084,1
572,train,2206,379909.000091964,1334568709.00009,30,28,1,2,-2399718.184383376,5383219.647204635,2429734.8993218145,-27552.756617972427,22.5395518024761,114.026171997682,6.25440870449884,0.0213741540699462,1
573,train,2206,379910.000093878,1334568710.00009,30,30,1,2,-2399715.5297377207,5383224.525262994,2429747.969247431,-28116.012469120946,22.5395515985831,114.026172001851,6.22272255245738,0.0223549112184091,1
574,train,2206,379911.000095793,1334568711.0001,31,30,1,2,-2399715.26381027,5383224.212838492,2429748.573343037,-28690.100748569243,22.5395513986565,114.026172000141,6.18736924067641,0.0131345937155827,1
575,train,2206,379912.000097707,1334568712.0001,30,30,1,2,-2399715.0739406454,5383223.890000447,2429749.4703286607,-29263.969469431337,22.5395512042874,114.026172101979,6.16096787000969,0.00720686438089098,1
576,train,2206,379913.000099621,1334568713.0001,31,29,1,2,-2399721.7899854584,5383222.925166589,2429746.2091129776,-29840.86930863638,22.5395508972328,114.026172197083,6.11246012921588,0.0120480095630033,1
577,train,2206,379914.000101536,1334568714.0001,31,29,1,2,-2399721.099726145,5383221.914208224,2429747.090564794,-30415.078974112446,22.5395505957995,114.026172204244,6.07288466257673,0.0150230859138376,1
578,train,2206,379915.000103451,1334568715.0001,31,29,1,2,-2399720.886597823,5383221.483752043,2429747.8815018344,-30988.96391106667,22.5395504010285,114.026172399155,6.01789530957453,0.0131618547343087,1
579,train,2206,379916.000105367,1334568716.00011,31,29,1,2,-2399720.541943961,5383221.062721963,2429748.4425080237,-31563.010622730366,22.5395503016829,114.026172504098,5.98179193000601,0.011171255189605,1
580,train,2206,379917.000107282,1334568717.00011,30,29,1,2,-2399720.4907976463,5383220.940276589,2429748.82654359,-32136.97883364723,22.5395499055169,114.02617269708,5.91271026068558,0.0120276151686688,1
581,train,2206,379918.000109198,1334568718.00011,31,29,1,2,-2399720.2780028703,5383220.615357832,2429748.71994148,-32711.404201659483,22.5395499980111,114.026172802021,5.88542107420868,0.0170997774058313,1
582,train,2206,379919.000111112,1334568719.00011,31,29,1,2,-2399720.487623513,5383220.836140502,2429748.7135074264,-33285.38667016648,22.5395501009843,114.026172898191,5.84751190219399,0.0199424941083338,1
583,train,2206,379920.000113026,1334568720.00011,31,29,1,2,-2399720.133622373,5383220.998270353,2429748.253907432,-33859.84273267177,22.5395496983499,114.026173103151,5.76450362916286,0.0153288006918837,1
584,train,2206,379921.000114941,1334568721.00011,31,29,1,2,-2399719.852171202,5383221.151454172,2429747.3999113375,-34434.48049699966,22.5395497992547,114.026173198149,5.74540747576995,0.0197400200234947,1
585,train,2206,379922.000116855,1334568722.00012,31,30,1,2,-2399719.665393408,5383221.466580707,2429746.528404689,-35009.159519047986,22.5395498045659,114.026173298167,5.71268507477925,0.0173366351643352,1
586,train,2206,379923.000118769,1334568723.00012,31,30,1,2,-2399718.9998467164,5383219.946147835,2429745.554881797,-35584.653652091525,22.5395495018996,114.026173503988,5.64735204141854,0.0184596577423373,1
587,train,2206,379924.000120684,1334568724.00012,32,31,1,2,-2399718.796133508,5383216.575521706,2429741.1502049514,-36162.76751662156,22.5395496022336,114.026173502269,5.6257971793782,0.0258191347431948,1
588,train,2206,379925.0001226,1334568725.00012,32,30,1,2,-2399718.9414557316,5383218.545626685,2429744.3678722233,-36734.11747032233,22.5395496024764,114.026173500555,5.59964460855955,0.0239327471614306,1
589,train,2206,379926.000124517,1334568726.00012,32,30,1,2,-2399718.379992839,5383217.609274025,2429743.658285181,-37309.17799482751,22.5395494007318,114.026173600791,5.53608003308552,0.0174538434597918,1
590,train,2206,379927.000126431,1334568727.00013,32,30,1,2,-2399718.8629212044,5383217.893053009,2429743.64427672,-37883.03771019838,22.5395494022329,114.026173505257,5.51480936142823,0.0230069344521481,1
591,train,2206,379928.000128346,1334568728.00013,32,30,1,2,-2399718.709740861,5383217.722573254,2429743.8496201606,-38457.19127897582,22.5395491973061,114.026173496693,5.47296101485826,0.0147335664757373,1
592,train,2206,379929.000130263,1334568729.00013,32,30,1,2,-2399718.8492651326,5383217.888125798,2429744.0847584675,-39031.081587650806,22.539548694718,114.026173700808,5.37227792158158,0.0196500230020359,1
593,train,2206,379930.000132181,1334568730.00013,31,30,1,2,-2399718.7360847364,5383217.527228976,2429744.343929623,-39605.290698826175,22.5395481997132,114.026173799967,5.30347731550003,0.0150337425545005,1
594,train,2206,379931.000134095,1334568731.00013,31,30,1,2,-2399719.245256141,5383217.665227796,2429745.215424432,-40178.77846162646,22.539547600111,114.026174094682,5.21824161894516,0.0236435967597209,1
595,train,2206,379932.000136008,1334568732.00014,31,29,1,2,-2399714.9203719506,5383212.225544721,2429744.5526298583,-40757.214779023714,22.5395472045206,114.026174202833,5.14378835026515,0.0271778641903459,1
596,train,2206,379933.000137923,1334568733.00014,32,29,1,2,-2399714.9150680127,5383212.419687504,2429744.7920137765,-41331.170001601495,22.5395467014198,114.026174300284,5.04845509662078,0.0182616580073884,1
597,train,2206,379934.000139839,1334568734.00014,32,29,1,2,-2399714.9934781655,5383212.663790494,2429745.3066517357,-41904.88202269828,22.5395466003584,114.026174296651,5.01280820307277,0.0205484791994151,1
598,train,2206,379935.000141754,1334568735.00014,31,28,1,2,-2399708.645715889,5383205.779769436,2429735.3149682987,-42488.99972888441,22.539545897713,114.026174499897,4.88984664953065,0.0234450051777807,1
599,train,2206,379936.000143669,1334568736.00014,32,29,1,2,-2399715.2979415376,5383214.088985482,2429745.5631732144,-43052.23074928972,22.5395454989493,114.026174604091,4.81623780190888,0.0171745653128086,1
600,train,2206,379937.000145587,1334568737.00015,32,29,1,2,-2399715.4762321995,5383214.361651808,2429745.4177833158,-43626.22680498241,22.5395457010357,114.026174597037,4.84057986473143,0.0506672199741771,1
601,train,2206,379938.000147501,1334568738.00015,31,29,1,2,-2399715.9816419636,5383215.008924158,2429746.063841829,-44199.48710463385,22.5395458018379,114.026174597137,4.83455303821192,0.0259521307686551,1
602,train,2206,379939.000149417,1334568739.00015,31,29,1,2,-2399720.0747659374,5383220.630244493,2429746.39253865,-44769.67432428385,22.5395452012959,114.026174902553,4.76521967997033,0.00785989288551407,1
603,train,2206,379940.000151329,1334568740.00015,31,30,1,2,-2399720.7994111967,5383221.337462721,2429747.5182863064,-45342.42492698428,22.5395447989747,114.0261751011,4.73169464447985,0.00452616877709792,1
604,train,2206,379941.000153246,1334568741.00015,31,31,1,2,-2399713.5082359863,5383223.2845989,2429752.221609816,-45912.23014823276,22.5395443975078,114.026175298896,4.6744606508736,0.00991828563097336,1
605,train,2206,379942.000155158,1334568742.00016,32,32,1,2,-2399713.498445946,5383217.701714951,2429743.1418256857,-46493.341129458895,22.5395439009382,114.026175503538,4.61912440837116,0.010418926891966,1
606,train,2206,379943.000157071,1334568743.00016,32,32,1,2,-2399713.4709426104,5383218.609971908,2429744.056488168,-47066.39634632745,22.5395438988595,114.026175502361,4.63793985135221,0.00714144173940939,1
607,train,2206,379944.000158985,1334568744.00016,32,32,1,2,-2399713.901325165,5383219.155711095,2429744.3155286727,-47639.71939899215,22.5395438950073,114.026175402551,4.6494050811722,0.0175711431838915,1
608,train,2206,379945.000160899,1334568745.00016,32,32,1,2,-2399713.927421444,5383219.4543252485,2429745.2031770893,-48213.039162869,22.539543899407,114.026175494229,4.66127181453274,0.0202210057744441,1
609,train,2206,379946.000162814,1334568746.00016,32,32,1,2,-2399713.8784958073,5383219.264248994,2429745.9065540875,-48786.726193802344,22.5395441018978,114.026175498942,4.69333157786283,0.00698285090166491,1
610,train,2206,379947.000164728,1334568747.00016,32,32,1,2,-2399714.136773726,5383218.988093317,2429745.957993162,-49360.8481734497,22.5395441952227,114.026175503543,4.73103958723288,0.00995908685154742,1
611,train,2206,379948.000166643,1334568748.00017,32,32,1,2,-2399713.6687557274,5383217.663288022,2429745.4184837183,-49935.89149705318,22.5395442999665,114.026175703588,4.76831002233158,0.0143355909703532,1
612,train,2206,379949.000168559,1334568749.00017,32,32,1,2,-2399713.3338487637,5383216.676761236,2429745.2412216985,-50510.696295369635,22.5395444015971,114.026175803935,4.80641111018925,0.0138629387506148,1
613,train,2206,379950.000170473,1334568750.00017,32,32,1,2,-2399713.443129896,5383216.566572625,2429745.3842481975,-51084.67081117623,22.53954469771,114.026175801584,4.85783788973453,0.0209927290962796,1
614,train,2206,379951.000172388,1334568751.00017,33,32,1,2,-2399713.149804617,5383215.670415446,2429744.8452817905,-51659.495723315624,22.5395447963006,114.026175897109,4.88370786987358,0.0203888258334232,1
615,train,2206,379952.000174302,1334568752.00017,33,32,1,2,-2399718.8379668817,5383222.952704509,2429749.3497590153,-52227.09977593433,22.5395451986776,114.026175999274,4.95112985177692,0.023704855308605,1
616,train,2206,379953.000176216,1334568753.00018,33,32,1,2,-2399719.255165773,5383223.4734794125,2429750.022208255,-52800.47082140179,22.5395453995354,114.026176100371,5.01753903479279,0.0251085921070533,1
617,train,2206,379954.000178131,1334568754.00018,33,32,1,2,-2399719.6229573106,5383224.376852176,2429750.603179635,-53373.74323182709,22.5395454015491,114.026176202534,5.066564897875,0.03311114205679,1
618,train,2206,379955.000180045,1334568755.00018,32,32,1,2,-2399720.0053007724,5383225.408855781,2429750.8722899044,-53947.228746977824,22.5395451979555,114.026176400867,5.06350032921257,0.025462221725812,1
619,train,2206,379956.000181959,1334568756.00018,32,32,1,2,-2399719.969912487,5383226.332818607,2429750.6782445265,-54521.15586622926,22.5395452991145,114.026176499395,5.08607853775326,0.0154085799010569,1
620,train,2206,379957.000183873,1334568757.00018,32,32,1,2,-2399719.60007922,5383227.253158872,2429750.4743458577,-55095.03561748602,22.5395452970245,114.026176698802,5.08402714488375,0.0157936000333105,1
621,train,2206,379958.000185788,1334568758.00019,32,31,1,2,-2399718.5865361043,5383227.630114986,2429748.120961579,-55670.67501633222,22.539545303883,114.026176899168,5.08480691434473,0.0135642413034392,1
622,train,2206,379959.000187704,1334568759.00019,32,31,1,2,-2399718.5655845813,5383228.504746804,2429747.5802286156,-56244.80762067109,22.5395454012959,114.026176897033,5.10577423449667,0.0106181593235583,1
623,train,2206,379960.000189621,1334568760.00019,32,31,1,2,-2399718.802166148,5383230.327743765,2429747.542823991,-56818.32291289003,22.5395454022854,114.026177005507,5.11594644104589,0.00831783675912631,1
624,train,2206,379961.000191538,1334568761.00019,32,31,1,2,-2399718.743336481,5383231.333377531,2429747.27332645,-57392.289214101074,22.5395453003384,114.026177098358,5.10401720413799,0.00669314345476585,1
625,train,2206,379962.000193457,1334568762.00019,32,31,1,2,-2399718.6202841015,5383231.806260626,2429746.991269794,-57966.65802820092,22.5395453986374,114.026176999722,5.10127035471115,0.0148989517182538,1
626,train,2206,379963.000195374,1334568763.0002,32,31,1,2,-2399718.4565370153,5383231.43206151,2429745.846805862,-58541.70894363911,22.5395454022868,114.026177005505,5.11594876480773,0.0100456016015443,1
627,train,2206,379964.000197284,1334568764.0002,31,30,1,2,-2399718.7061506696,5383228.837773288,2429745.743532243,-59116.49535600162,22.5395454999401,114.026176896818,5.13163569606664,0.0070814474284692,1
628,train,2206,379965.000199197,1334568765.0002,31,30,1,2,-2399718.452840807,5383227.866574223,2429745.076445681,-59691.47298831299,22.5395454972593,114.026176894679,5.14800245233365,0.00860442909024468,1
629,train,2206,379966.000201112,1334568766.0002,31,30,1,2,-2399718.5176914027,5383226.823796703,2429744.2838690183,-60266.379872859136,22.5395456004346,114.02617680375,5.1648256124528,0.0114469425635126,1
630,train,2206,379967.000203023,1334568767.0002,32,30,1,2,-2399718.4518183526,5383225.732939967,2429743.3082938525,-60841.435481619985,22.5395456985776,114.026176801722,5.17516219966876,0.0120892511160913,1
631,train,2206,379968.000204936,1334568768.00021,32,30,1,2,-2399718.1130885505,5383224.488675095,2429742.371135793,-61416.573476567675,22.5395457999881,114.02617669795,5.1924523013105,0.0114278979840273,1
632,train,2206,379969.000206852,1334568769.00021,32,30,1,2,-2399717.8155452143,5383223.605371769,2429741.837085602,-61991.4296043425,22.5395459954802,114.026176703734,5.21594496258507,0.0102879292064154,1
633,train,2206,379970.000208767,1334568770.00021,32,30,1,2,-2399717.4051158363,5383223.028603119,2429741.0524891005,-62566.31203501455,22.5395460982322,114.026176601029,5.22505280546658,0.0101031078689171,1
634,train,2206,379971.000210683,1334568771.00021,31,30,1,2,-2399718.2366700405,5383223.686242704,2429741.144908522,-63139.95268621419,22.5395462021604,114.026176596008,5.23906263529624,0.0101989945887254,1
635,train,2206,379972.000212598,1334568772.00021,31,30,1,2,-2399717.8447580123,5383222.887888804,2429740.6160442308,-63714.89721600378,22.5395463028553,114.026176596971,5.2461122358786,0.0181388342968905,1
636,train,2206,379973.000214514,1334568773.00021,31,30,1,2,-2399717.3482080856,5383222.273491669,2429740.4583597574,-64289.61165630176,22.5395464022086,114.026176596862,5.26134237790505,0.0187978737982384,1
637,train,2206,379974.00021643,1334568774.00022,31,31,1,2,-2399717.1506017433,5383221.701052601,2429741.7688322077,-64863.475143627365,22.5395464028245,114.026176597825,5.26378615638197,0.0126532348431557,1
638,train,2206,379975.000218346,1334568775.00022,33,31,1,2,-2399716.384992497,5383220.869138407,2429741.366135462,-65438.499033185035,22.5395463026363,114.026176703521,5.25138855535494,0.0163145940515165,1
639,train,2206,379976.00022026,1334568776.00022,32,31,1,2,-2399716.0786683103,5383220.462206961,2429741.222848736,-66013.15292500649,22.539546497017,114.026176601677,5.27778608613423,0.0210226312397083,1
640,train,2206,379977.000222174,1334568777.00022,32,32,1,2,-2399715.276927928,5383218.212647232,2429742.1827287055,-66587.76347316157,22.5395466021592,114.026176598573,5.29668833581497,0.022179593283902,1
641,train,2206,379978.00022409,1334568778.00022,32,32,1,2,-2399715.049286168,5383218.767496481,2429742.023239602,-67161.88810066972,22.5395466040654,114.026176696351,5.29096216580118,0.0202594233388828,1
642,train,2206,379979.000226005,1334568779.00023,32,32,1,2,-2399715.2732994994,5383219.354844491,2429742.1704706433,-67735.59072085482,22.5395469970865,114.026176604246,5.34001537993261,0.019666703339948,1
643,train,2206,379980.00022792,1334568780.00023,32,32,1,2,-2399716.406661617,5383221.149857091,2429743.292356279,-68307.76756462136,22.5395472010095,114.026176504327,5.37169404916406,0.0162086079086132,1
644,train,2206,379981.000229835,1334568781.00023,32,32,1,2,-2399717.059577995,5383222.487080734,2429743.493912725,-68880.96429996636,22.5395474005377,114.026176494273,5.39932438944863,0.0303837833336805,1
645,train,2206,379982.00023175,1334568782.00023,32,32,1,2,-2399717.4449511087,5383224.320586879,2429743.3413295927,-69454.1913063504,22.5395478012517,114.026176496946,5.44632333435215,0.0304239808201613,1
646,train,2206,379983.000233665,1334568783.00023,32,32,1,2,-2399717.8836379866,5383225.887257928,2429743.573133637,-70027.29166138195,22.5395481011807,114.026176403779,5.49934378662706,0.023864231731613,1
647,train,2206,379984.000235581,1334568784.00024,32,31,1,2,-2399711.1242475994,5383219.482129986,2429734.7028587516,-70610.21732186493,22.5395485012783,114.026176405478,5.54389925911291,0.0177913437435059,1
648,train,2206,379985.000237495,1334568785.00024,32,31,1,2,-2399711.469963951,5383220.011664783,2429734.6784053966,-71183.80924852051,22.5395489007705,114.0261763014,5.60687650099026,0.0222398288522979,1
649,train,2206,379986.000239409,1334568786.00024,32,31,1,2,-2399711.5189239737,5383220.2342054965,2429734.358920836,-71757.71019986199,22.5395494009445,114.026176198275,5.67690155812554,0.0212288367616317,1
650,train,2206,379987.000241319,1334568787.00024,32,31,1,2,-2399712.20007548,5383220.617654532,2429734.420784409,-72331.1187874508,22.5395498024183,114.026176000471,5.73413072003598,0.0316385808037386,1
651,train,2206,379988.000243231,1334568788.00024,32,31,1,2,-2399712.384421594,5383220.697447234,2429734.0842224993,-72905.01687007063,22.5395502026251,114.026175896504,5.78648144009122,0.0248156420498952,1
652,train,2206,379989.000245144,1334568789.00025,32,30,1,2,-2399712.9104775377,5383221.825737546,2429733.261279532,-73478.88596126734,22.539550402086,114.026175695814,5.82717678562898,0.016438820597948,1
653,train,2206,379990.000247057,1334568790.00025,32,30,1,2,-2399712.521254429,5383221.39349058,2429733.255171808,-74053.11613162085,22.5395506997091,114.026175597934,5.85733326477628,0.0156479458977128,1
654,train,2206,379991.000248971,1334568791.00025,33,30,1,2,-2399712.3217018587,5383220.86897499,2429733.1573563665,-74627.31901356367,22.5395509008462,114.026175601571,5.89757961135174,0.0114614495393962,1
655,train,2206,379992.000250886,1334568792.00025,33,30,1,2,-2399712.164434344,5383219.997279769,2429732.5785019663,-75202.0653779725,22.5395511003997,114.02617549578,5.92520725806486,0.0114127636303569,1
656,train,2206,379993.000252801,1334568793.00025,33,30,1,2,-2399711.148038593,5383218.291873231,2429731.8110656734,-75777.62881418086,22.5395512047219,114.026175502515,5.94693607073297,0.0152783745306653,1
657,train,2206,379994.000254717,1334568794.00025,32,28,1,2,-2399719.9230973064,5383219.136463961,2429738.5836766814,-76347.9658127867,22.5395513000964,114.026175604038,5.96583726338964,0.0108005679804775,1
658,train,2206,379995.000256632,1334568795.00026,31,28,1,2,-2399720.4333233866,5383218.932481305,2429738.6029768367,-76921.99626961617,22.5395512981347,114.026175602001,5.9715749912858,0.00422614218549436,1
659,train,2206,379996.000258546,1334568796.00026,31,28,1,2,-2399720.8735267194,5383218.525177539,2429738.5511329565,-77496.19171162992,22.5395513025961,114.026175702777,5.96256030435399,0.00855929697627816,1
660,train,2206,379997.000260464,1334568797.00026,32,28,1,2,-2399721.131946836,5383218.3615276925,2429738.4221467883,-78070.42761768303,22.5395510997571,114.026175805476,5.94885158018583,0.00199975363752447,1
661,train,2206,379998.000262383,1334568798.00026,32,29,1,2,-2399720.9914321955,5383215.778690783,2429738.5780395754,-78645.27525790015,22.539551103551,114.026175896192,5.95827004057727,0.00728369642470485,1
662,train,2206,379999.000264301,1334568799.00026,32,29,1,2,-2399720.305336658,5383213.495584157,2429738.1643846105,-79220.54913172797,22.5395509988529,114.026175996857,5.9549025695744,0.00425567204394712,1
663,train,2206,380000.000266216,1334568800.00027,32,30,1,2,-2399722.6577885356,5383215.302666567,2429738.760692956,-79792.5631581009,22.5395507014705,114.026176203107,5.94555228459927,0.0183689414112488,1
664,train,2206,380001.000268131,1334568801.00027,32,30,1,2,-2399722.7304598386,5383214.184208572,2429738.968633837,-80366.87618024656,22.5395506011327,114.02617620482,5.96710363832564,0.0156338695081745,1
665,train,2206,380002.000270047,1334568802.00027,32,30,1,2,-2399722.178353551,5383213.477264292,2429738.131123589,-80941.98486768336,22.5395504020201,114.026176303343,5.97588249738796,0.0117242723393657,1
666,train,2206,380003.000271966,1334568803.00027,32,30,1,2,-2399722.3716404377,5383213.708932707,2429738.0866330178,-81516.01462776752,22.5395501945547,114.026176401871,5.98427665909146,0.0133503402471212,1
667,train,2206,380004.000273881,1334568804.00027,33,30,1,2,-2399721.929955863,5383213.873057018,2429737.767533787,-82090.3733691818,22.5395500006515,114.026176400701,5.99427447151863,0.0141920371178939,1
668,train,2206,380005.000275795,1334568805.00028,33,30,1,2,-2399721.744321878,5383213.698379932,2429737.432724398,-82664.77586511725,22.5395497975585,114.0261765051,6.00672170037682,0.0197887204537231,1
669,train,2206,380006.00027771,1334568806.00028,33,30,1,2,-2399721.4063502094,5383213.058474093,2429737.1506121545,-83239.34520175058,22.5395493963216,114.026176601593,6.01203530196243,0.0203977923968368,1
670,train,2206,380007.000279623,1334568807.00028,32,30,1,2,-2399720.8966287803,5383212.364853356,2429737.1191770667,-83813.8018927743,22.5395488988414,114.026176797889,6.00128653596799,0.0282923934104866,1
671,train,2206,380008.000281535,1334568808.00028,32,30,1,2,-2399721.0619669226,5383212.802974427,2429737.0670779427,-84387.72928441291,22.5395485977138,114.026176798645,6.01119711236442,0.0291784739010031,1
672,train,2206,380009.000283448,1334568809.00028,32,30,1,2,-2399720.788060281,5383211.945476301,2429737.155833676,-84961.94863357097,22.5395480976008,114.026176897056,6.01680758158545,0.0314681965401729,1
673,train,2206,380010.000285363,1334568810.00029,32,30,1,2,-2399721.0759348716,5383212.362840788,2429737.050277238,-85535.74774108265,22.5395474986266,114.026177102245,6.00183811166644,0.0340934768101655,1
674,train,2206,380011.00028728,1334568811.00029,32,30,1,2,-2399720.578128211,5383212.358393878,2429736.7007647417,-86110.25156760823,22.5395470994777,114.026177199917,5.98834308285781,0.0265037124682862,1
675,train,2206,380012.000289193,1334568812.00029,32,30,1,2,-2399720.2342554117,5383212.251907191,2429736.25264425,-86684.681066163,22.5395468017535,114.026177298655,5.97126349131559,0.0187364266456268,1
676,train,2206,380013.000291106,1334568813.00029,32,30,1,2,-2399719.330152865,5383212.045310025,2429736.1941272295,-87259.09263064647,22.5395463994453,114.026177497205,5.93773509484969,0.0143331980164682,1
677,train,2206,380014.000293021,1334568814.00029,32,30,1,2,-2399719.1390089747,5383212.492692591,2429736.741270706,-87832.6610800783,22.5395462011033,114.02617750009,5.93587622843451,0.0111400180056471,1
678,train,2206,380015.000294938,1334568815.00029,32,30,1,2,-2399719.033490674,5383212.7875409415,2429737.198197961,-88406.33166742134,22.5395458014399,114.02617759594,5.9068597599065,0.0172330146057679,1
679,train,2206,380016.000296856,1334568816.0003,32,30,1,2,-2399718.926883202,5383212.762755777,2429737.5305240597,-88980.16778399829,22.539545596714,114.026177600864,5.89887794539183,0.00805653974321172,1
680,train,2206,380017.000298769,1334568817.0003,32,30,1,2,-2399718.8056607745,5383213.037137082,2429737.4583558696,-89554.07892275891,22.539545599385,114.02617749817,5.90338131508342,0.00905940491895284,1
681,train,2206,380018.000300683,1334568818.0003,33,31,1,2,-2399718.2241068813,5383213.004081103,2429735.407851671,-90129.32734259772,22.539545299849,114.026177498274,5.87895792906534,0.0134165007977926,1
682,train,2206,380019.000302598,1334568819.0003,33,31,1,2,-2399719.9982361095,5383214.284720462,2429737.8420199263,-90700.84037905313,22.5395450975093,114.026177602793,5.88077303072869,0.00825866652448553,1
683,train,2206,380020.000304509,1334568820.0003,33,32,1,2,-2399721.181429718,5383213.569214249,2429741.5779481586,-91272.47861382023,22.5395450959519,114.026177397604,5.86814732416009,0.0193246518333738,1
684,train,2206,380021.000306421,1334568821.00031,33,31,1,2,-2399722.1483150013,5383214.711194442,2429743.8210010356,-91844.6828663818,22.5395451029953,114.0261773008,5.87670200259817,0.0131663134742664,1
685,train,2206,380022.000308335,1334568822.00031,34,31,1,2,-2399719.810457356,5383214.0533307465,2429741.8544420693,-92421.38625925082,22.539544995187,114.026177301769,5.87416510925785,0.0125183686794664,1
686,train,2206,380023.000310251,1334568823.00031,34,31,1,2,-2399719.169087389,5383213.8586839065,2429741.8116127974,-92995.91898354338,22.5395449952994,114.026177196071,5.88196100435461,0.0086181824732059,1
687,train,2206,380024.000312167,1334568824.00031,34,32,1,2,-2399719.212994439,5383213.161859427,2429743.250489709,-93569.28776150677,22.53954499789,114.026176998484,5.89953081747135,0.00760579533545687,1
688,train,2206,380025.000314081,1334568825.00031,34,31,1,2,-2399721.6089627957,5383215.479740706,2429743.623348135,-94141.42653540074,22.5395449998387,114.026177000531,5.89379441440432,0.00960560833518026,1
689,train,2206,380026.000316,1334568826.00032,34,30,1,2,-2399722.998620091,5383221.217591467,2429743.6757663456,-94713.51080659777,22.5395449987704,114.026176797158,5.89668955244669,0.00833346737872205,1
690,train,2206,380027.000317914,1334568827.00032,34,31,1,2,-2399716.5545946187,5383214.9990711,2429740.536040011,-95294.14629864786,22.5395451970391,114.026176699386,5.91161872199858,0.014360586592353,1
691,train,2206,380028.000319828,1334568828.00032,34,31,1,2,-2399718.5438918215,5383217.539393814,2429742.9750997424,-95865.10466140039,22.5395453041611,114.026176602563,5.92477283928436,0.00815640072736985,1
692,train,2206,380029.000321742,1334568829.00032,34,30,1,2,-2399723.752975157,5383222.294753176,2429744.436562919,-96434.4732625005,22.5395455057994,114.026176497953,5.93358316841342,0.0146095545480579,1
693,train,2206,380030.000323657,1334568830.00032,34,30,1,2,-2399723.8598749554,5383222.756708109,2429744.0458137514,-97008.53016536076,22.5395456027976,114.026176302499,5.93900864366846,0.0120405972125021,1
694,train,2206,380031.000325571,1334568831.00033,34,29,1,2,-2399722.8246404324,5383221.558886649,2429743.707593194,-97583.57561846488,22.5395456945353,114.026176302502,5.94322453428625,0.0091244640705781,1
695,train,2206,380032.000327487,1334568832.00033,34,32,1,2,-2399720.572070187,5383220.583714903,2429741.3629499595,-98159.92293094886,22.5395459050066,114.026176199702,5.967941717461,0.0193411345901783,1
696,train,2206,380033.000329404,1334568833.00033,34,33,1,2,-2399720.760537065,5383218.5770296035,2429741.4767868333,-98734.09048156654,22.5395460975697,114.026176199793,5.96612957009069,0.0179809496649314,1
697,train,2206,380034.000331319,1334568834.00033,34,33,1,2,-2399721.138234708,5383218.930735523,2429741.2739869133,-99307.98120371347,22.5395463049031,114.026176102133,5.97080869274258,0.0174806266626495,1
698,train,2206,380035.000333233,1334568835.00033,34,32,1,2,-2399717.1729394235,5383216.817955148,2429731.890938736,-99889.11719641095,22.5395466039598,114.026176100204,5.97971545234538,0.0209138122815252,1
699,train,2206,380036.000335146,1334568836.00034,34,32,1,2,-2399717.0735086165,5383216.395758945,2429731.3057166063,-100463.605534597,22.5395469004629,114.026176095283,5.99190800836308,0.0299835697016374,1
700,train,2206,380037.00033706,1334568837.00034,34,31,1,2,-2399717.5090608387,5383215.608511992,2429732.0424707313,-101037.28449377899,22.5395470985787,114.026176198933,5.99904795371629,0.0283019999577083,1
701,train,2206,380038.000338972,1334568838.00034,34,31,1,2,-2399717.881882468,5383215.485840713,2429732.1465760325,-101611.1191536746,22.5395473983562,114.026176197117,5.99732554608782,0.0274204390153869,1
702,train,2206,380039.000340886,1334568839.00034,34,32,1,2,-2399723.27799434,5383218.168518939,2429743.110144334,-102176.45821263069,22.5395475029018,114.026176297881,5.99290248506509,0.0388673888895673,1
703,train,2206,380040.000342799,1334568840.00034,34,32,1,2,-2399724.1644652775,5383218.638432669,2429743.733957916,-102749.7360942295,22.5395475995734,114.026176601063,5.98276346724263,0.0354173036671936,1
704,train,2206,380041.000344714,1334568841.00034,34,32,1,2,-2399724.125466377,5383218.1338919895,2429744.300527374,-103323.6852263118,22.5395477980072,114.02617679789,5.95069227788884,0.0202249148956571,1
705,train,2206,380042.000346628,1334568842.00035,34,32,1,2,-2399724.377817691,5383218.031764435,2429744.547821809,-103897.5925976048,22.5395478974607,114.026176997516,5.93198044778545,0.0208913474654829,1
706,train,2206,380043.000348545,1334568843.00035,34,31,1,2,-2399724.164533199,5383223.226614064,2429753.235122607,-104464.69473359328,22.53954810015,114.026177201087,5.91702276265488,0.0233746331187072,1
707,train,2206,380044.000350462,1334568844.00035,33,31,1,2,-2399723.8567499723,5383223.124721858,2429753.615160649,-105038.84109937855,22.5395481978269,114.02617730207,5.89096564463021,0.0210253145165226,1
708,train,2206,380045.000352375,1334568845.00035,33,31,1,2,-2399723.804572897,5383223.749479002,2429754.4413165133,-105612.5787664831,22.5395481971841,114.02617750169,5.86765709051222,0.0167817419214294,1
709,train,2206,380046.000354295,1334568846.00035,33,31,1,2,-2399722.970026457,5383223.631594126,2429754.444429038,-106187.20122809186,22.5395483962163,114.026177594665,5.85890092355098,0.0144787139118116,1
710,train,2206,380047.000356214,1334568847.00036,33,32,1,2,-2399723.6499376176,5383217.936674914,2429744.3573942576,-106769.38928368952,22.5395484995802,114.026177597746,5.84958009093956,0.011553849653169,1
711,train,2206,380048.000358128,1334568848.00036,33,32,1,2,-2399723.710754086,5383218.249661821,2429744.841824583,-107343.15393539402,22.539548497788,114.02617749912,5.84222672227845,0.0114021138719225,1
712,train,2206,380049.000360043,1334568849.00036,33,32,1,2,-2399723.260888494,5383217.821603891,2429745.465727708,-107917.13158108704,22.5395485010682,114.026177502222,5.82831103883174,0.00937815309767875,1
713,train,2206,380050.000361958,1334568850.00036,33,32,1,2,-2399723.408616037,5383218.336372589,2429745.729892398,-108490.80006339065,22.5395483970797,114.026177602989,5.81431366096106,0.0120754364743944,1
714,train,2206,380051.000363874,1334568851.00036,33,32,1,2,-2399723.4557358376,5383218.746443329,2429746.143436059,-109064.48276544886,22.5395483989135,114.026177605885,5.82165190249931,0.0089644701475921,1
715,train,2206,380052.00036579,1334568852.00037,33,31,1,2,-2399719.5548642064,5383213.712961014,2429745.1290088925,-109642.60476078144,22.5395484987487,114.026177497517,5.80544514434146,0.00645991672762236,1
716,train,2206,380053.000367709,1334568853.00037,33,31,1,2,-2399713.536036505,5383207.353549871,2429732.0726385806,-110226.9940121327,22.5395482986805,114.02617749665,5.78316682715573,0.0102613240379555,1
717,train,2206,380054.00036962,1334568854.00037,33,32,1,2,-2399721.714242698,5383216.488862208,2429745.355606711,-110788.402768668,22.5395484022942,114.026177498049,5.74769831779584,0.00213780828243959,1
718,train,2206,380055.000371535,1334568855.00037,33,32,1,2,-2399720.933769089,5383215.180025825,2429744.782655367,-111363.49162861957,22.5395484032853,114.026177400685,5.71091227086823,0.0209712109675981,1
719,train,2206,380056.000373452,1334568856.00037,33,32,1,2,-2399720.6045660586,5383214.69690543,2429744.7793204086,-111937.82905922159,22.5395483035983,114.026177302376,5.66707019191989,0.0139881496641173,1
720,train,2206,380057.000375364,1334568857.00038,33,32,1,2,-2399719.7511996105,5383212.012302128,2429744.142485384,-112513.54822589843,22.5395482030598,114.026177204816,5.6469331731237,0.00810508883255612,1
721,train,2206,380058.000377275,1334568858.00038,33,32,1,2,-2399719.425929847,5383213.403481868,2429744.2329181526,-113086.9849735499,22.5395482007908,114.026177104365,5.6240547671599,0.015754963519595,1
722,train,2206,380059.000379189,1334568859.00038,33,32,1,2,-2399718.935703025,5383213.802853774,2429744.3530464517,-113660.81483434996,22.5395480022944,114.026176998029,5.58832253484788,0.011413902700255,1
723,train,2206,380060.000381102,1334568860.00038,33,32,1,2,-2399718.3829887016,5383212.090646573,2429744.734957283,-114235.3194932631,22.5395479992853,114.026176897467,5.57607886606024,0.013214303647556,1
724,train,2206,380061.000383013,1334568861.00038,33,32,1,2,-2399718.228468581,5383212.6833343925,2429745.24885212,-114808.69317238296,22.5395477979644,114.026176704055,5.56196389873451,0.0157050095831609,1
725,train,2206,380062.000384929,1334568862.00039,33,32,1,2,-2399718.637041589,5383213.55427547,2429745.3680692823,-115382.02180498763,22.5395475017679,114.026176697318,5.5314263594923,0.0224621120733893,1
726,train,2206,380063.000386844,1334568863.00039,33,32,1,2,-2399719.302476283,5383214.466074018,2429745.437723903,-115955.34684148812,22.539547397379,114.02617649994,5.5227571578293,0.0230361478989137,1
727,train,2206,380064.000388758,1334568864.00039,33,32,1,2,-2399720.091461039,5383215.464551307,2429745.764546743,-116528.50677007595,22.5395471974777,114.026176297648,5.50826109497899,0.0221634482612387,1
728,train,2206,380065.000390672,1334568865.00039,32,31,1,2,-2399718.9471355835,5383214.172454758,2429745.540166248,-117103.62762366951,22.5395467974734,114.026176300324,5.51846061980831,0.0280667735372736,1
729,train,2206,380066.000392587,1334568866.00039,32,31,1,2,-2399718.9192504915,5383214.244845363,2429745.129127802,-117677.74379578063,22.5395462973929,114.026176302996,5.5240622629949,0.0299106173160216,1
730,train,2206,380067.000394501,1334568867.00039,33,32,1,2,-2399721.0041351193,5383216.607417547,2429745.994739385,-118249.56835466139,22.5395459012829,114.026176300652,5.54367157803079,0.0216562523307828,1
731,train,2206,380068.000396416,1334568868.0004,33,32,1,2,-2399720.2893991587,5383215.637640797,2429745.747993727,-118824.45451219649,22.5395455952052,114.026176198808,5.54707798328315,0.0261426633497179,1
732,train,2206,380069.000398334,1334568869.0004,33,32,1,2,-2399720.4159074686,5383214.987250923,2429746.2031638557,-119398.50367551748,22.5395454037758,114.026176201499,5.56685897902393,0.0141587216932666,1
733,train,2206,380070.000400254,1334568870.0004,33,32,1,2,-2399720.418975816,5383214.479861384,2429746.2980340547,-119972.85713131921,22.5395453959613,114.026176002732,5.60285920336963,0.0111882191849216,1
734,train,2206,380071.000402172,1334568871.0004,33,32,1,2,-2399720.383877157,5383214.347045214,2429746.4987528287,-120547.05136848902,22.5395452969527,114.026175900682,5.63710395881128,0.0109896027036429,1
735,train,2206,380072.000404087,1334568872.0004,33,31,1,2,-2399721.45975249,5383217.419506047,2429744.2302674446,-121121.35880102802,22.5395453987559,114.026175904432,5.66212028803797,0.00705179324287708,1
736,train,2206,380073.000406001,1334568873.00041,33,31,1,2,-2399721.5586318406,5383216.838499349,2429743.35323518,-121696.17612048106,22.5395454005749,114.026175802485,5.69033550212958,0.00714983835146173,1
737,train,2206,380074.000407915,1334568874.00041,33,31,1,2,-2399721.76899529,5383216.315909407,2429743.2629263345,-122270.50605492237,22.5395456013624,114.02617569862,5.72284916842157,0.0103154413024359,1
738,train,2206,380075.000409824,1334568875.00041,33,31,1,2,-2399721.383841313,5383215.710110104,2429743.2309802496,-122845.00586945309,22.5395456953046,114.026175704189,5.76300189994882,0.0171729853363136,1
739,train,2206,380076.000411745,1334568876.00041,33,31,1,2,-2399721.458270806,5383215.433787124,2429743.266586062,-123419.39827147608,22.5395465978555,114.026175595655,5.89268985427517,0.147474567468808,1
740,train,2206,380077.000412805,1334568877.00041,19,8,1,3,-2399694.6297583324,5383199.400996471,2429703.907405117,-124029.88957859985,22.5395433012947,114.026173503239,5.95273761511662,0.372127072081958,1
741,train,2206,380078.000413471,1334568878.00041,13,0,0,0,-2399694.6297583324,5383199.400996471,2429703.907405117,-124029.88957859985,22.5395374926244,114.026158798111,6.10929956175254,1.25267457255428,1
742,train,2206,380079.000414478,1334568879.00041,1,0,0,0,-2399694.6297583324,5383199.400996471,2429703.907405117,-124029.88957859985,22.5395328012695,114.026147899627,6.2392873181376,1.25056045703838,1
743,train,2206,380080.00041763,1334568880.00042,1,0,0,0,-2399694.6297583324,5383199.400996471,2429703.907405117,-124029.88957859985,22.5395325020071,114.026145691897,6.27230552682689,0.807776143924216,1
744,train,2206,380081.000423084,1334568881.00042,1,0,0,0,-2399694.6297583324,5383199.400996471,2429703.907405117,-124029.88957859985,22.5395287984521,114.026138996037,6.3682916954817,0.808315825133725,1
745,train,2206,380082.000426237,1334568882.00043,1,0,0,0,-2399694.6297583324,5383199.400996471,2429703.907405117,-124029.88957859985,22.5395249981095,114.026132198464,6.46663097758684,0.801722159083737,1
746,train,2206,380083.000427247,1334568883.00043,2,0,0,0,-2399694.6297583324,5383199.400996471,2429703.907405117,-124029.88957859985,22.5395611064355,114.026141096447,5.79974007116097,0.778252379317356,1
747,train,2206,380084.000427913,1334568884.00043,10,0,0,0,-2399694.6297583324,5383199.400996471,2429703.907405117,-124029.88957859985,22.5395680034621,114.026139497786,5.6864673408949,0.780338568068301,1
748,train,2206,380085.000428974,1334568885.00043,27,20,1,3,-2399724.1632000906,5383212.588337011,2429739.3137569404,-128600.166740362,22.5395845978278,114.026170801439,6.47296771499118,0.14131065417816,1
749,train,2206,380086.000430892,1334568886.00043,27,23,1,2,-2399718.5380792115,5383200.880709892,2429726.181743936,-129184.48155172225,22.5396452980942,114.026203496191,7.20759943207029,0.0537340020345901,1
750,train,2206,380087.000432782,1334568887.00043,28,25,1,2,-2399714.4294170407,5383198.659140269,2429735.5502124955,-129752.36281123255,22.5396869038911,114.026221099509,6.71608959114257,0.0294347575701836,1
751,train,2206,380088.000434699,1334568888.00043,29,27,1,2,-2399709.441704781,5383192.658927056,2429731.5948611065,-130332.62228820965,22.5396979015553,114.026216604336,7.23305976867376,0.0182067259491934,1
752,train,2206,380089.000436615,1334568889.00044,29,27,1,2,-2399710.400477566,5383194.540106737,2429731.2997475634,-130905.0797551999,22.5397006005033,114.026216303006,7.09201406997047,0.0316733047684037,1
753,train,2206,380090.000438547,1334568890.00044,29,27,1,2,-2399711.5604718504,5383192.194118174,2429731.128140198,-131478.86823535385,22.5397048957608,114.026215500388,7.09903324331059,0.0256617746093009,1
754,train,2206,380091.000440473,1334568891.00044,29,27,1,2,-2399711.489822291,5383191.571018533,2429729.702776248,-132053.20124217463,22.5396932981389,114.026216901868,7.27690478094085,0.0434696319357504,1
755,train,2206,380092.000442384,1334568892.00044,29,26,1,2,-2399709.0119903428,5383189.049518938,2429728.4245539405,-132629.87355913228,22.5396880993032,114.026214095592,7.54232359215592,0.0253319879169295,1
756,train,2206,380093.000444303,1334568893.00044,29,26,1,2,-2399708.8014597353,5383193.391627527,2429730.0512140202,-133202.94775403888,22.5396738979146,114.026210799033,7.57234820480011,0.0222137247864802,1
757,train,2206,380094.000446225,1334568894.00045,29,25,1,2,-2399710.123569503,5383200.745858151,2429727.0519228824,-133776.5669909256,22.5396677015187,114.026206204125,7.86909902624863,0.0668506038952529,1
758,train,2206,380095.000448136,1334568895.00045,28,26,1,2,-2399709.2568243993,5383195.683157962,2429722.3122876855,-134353.82680535386,22.5396539963994,114.026203500301,7.67278903006992,0.0441689364063301,1
759,train,2206,380096.000450046,1334568896.00045,28,25,1,2,-2399710.8275837475,5383196.382696882,2429720.748682002,-134927.2236986875,22.5396447992522,114.026200096441,7.51020204140023,0.0214645723735913,1
760,train,2206,380097.000451973,1334568897.00045,29,25,1,2,-2399711.5846832804,5383199.814153719,2429720.4201841047,-135500.0017026608,22.5396364997412,114.026195299122,7.45246625137196,0.0225837567170706,1
761,train,2206,380098.000453888,1334568898.00045,30,27,1,3,-2399698.4719709284,5383220.562809527,2429720.0461881584,-136057.42246818374,22.5396318020888,114.026191199811,7.24761127454366,0.00752402707944338,1
762,train,2206,380099.000455803,1334568899.00046,29,25,1,3,-2399703.348414084,5383196.02647028,2429723.068277083,-136645.16746774307,22.5396273029362,114.026187898197,6.9349947537081,0.0188663152473537,1
763,train,2206,380100.000457709,1334568900.00046,30,25,1,3,-2399694.5454446105,5383215.581028265,2429717.376982165,-137208.86067234952,22.5396233033323,114.026185595573,6.64041546816188,0.00860377944987468,1
764,train,2206,380101.000459647,1334568901.00046,28,25,1,3,-2399703.189122115,5383199.608217424,2429723.8376091565,-137793.21428294855,22.5396196020497,114.026182999767,6.45404709285183,0.00963832227618354,1
765,train,2206,380102.000461552,1334568902.00046,29,27,1,3,-2399697.598958736,5383230.924860667,2429719.6180680804,-138352.33177132416,22.5396153002676,114.026179101773,6.46704508620973,0.0115753204206537,1
766,train,2206,380103.000463465,1334568903.00046,28,26,1,3,-2399703.042142986,5383207.370511023,2429722.9618285997,-138939.11748560917,22.5396114021651,114.026176099445,6.46363066710641,0.00582507556313551,1
767,train,2206,380104.000465369,1334568904.00047,30,27,1,3,-2399699.6241983855,5383234.088088699,2429719.0483237593,-139497.727499675,22.5396098980735,114.026175596869,6.41104162074861,0.00567083584495285,1
768,train,2206,380105.000467286,1334568905.00047,29,25,1,3,-2399712.3614807767,5383212.69256687,2429738.226767981,-140073.3940840552,22.539609299312,114.026175901321,6.43775737782851,0.00554679155510186,1
769,train,2206,380106.000469186,1334568906.00047,30,24,1,3,-2399699.496644556,5383197.59406343,2429723.1089127264,-140665.47077242367,22.5396085035221,114.026176200661,6.47531006059209,0.0127437526185226,1
770,train,2206,380107.000471099,1334568907.00047,30,26,1,3,-2399714.5193145764,5383206.375654143,2429744.1068339683,-141218.12486166565,22.5396074978494,114.026176096303,6.39665290940047,0.0147437189443004,1
771,train,2206,380108.000473015,1334568908.00047,31,27,1,2,-2399721.055386037,5383212.332986662,2429742.013657089,-141789.88904611045,22.5396066008345,114.026176397583,6.33600524698395,0.0018419204159477,1
772,train,2206,380109.000474933,1334568909.00047,32,26,1,2,-2399718.3990801587,5383209.227319693,2429750.8150455086,-142360.6395227983,22.5396053999367,114.026176100363,6.28858472600142,0.0124167363139957,1
773,train,2206,380110.000476859,1334568910.00048,32,28,1,2,-2399719.6617408697,5383209.55606999,2429745.7899533766,-142937.45937450504,22.5396049019795,114.026176400611,6.25451795772804,0.018707594666071,1
774,train,2206,380111.000478767,1334568911.00048,33,31,1,2,-2399713.5852686386,5383209.554482257,2429743.5128907613,-143515.14393680918,22.5396057026719,114.026177305703,6.30184788873141,0.108733055092081,1
775,train,2206,380112.000480665,1334568912.00048,33,30,1,2,-2399718.731847832,5383209.883876849,2429747.157892193,-144085.41276579213,22.539604599096,114.02617769833,6.13436312003195,0.091549440283554,1
776,train,2206,380113.000482609,1334568913.00048,33,29,1,3,-2399698.462043303,5383190.374192103,2429730.185357835,-144684.8454643037,22.5396029962355,114.026178200614,6.10814074946017,0.0528587395364734,1
777,train,2206,380114.000484524,1334568914.00048,33,28,1,2,-2399696.580920669,5383202.331475861,2429720.508907758,-145263.661070122,22.5396017962261,114.026177804761,6.15186753133371,0.016194446115362,1
778,train,2206,380115.000486455,1334568915.00049,33,27,1,2,-2399696.6122978497,5383204.363746516,2429720.5925847557,-145836.1453854755,22.5395997951039,114.026177297269,6.37016655076828,0.0255638930799399,1
779,train,2206,380116.000488365,1334568916.00049,33,28,1,2,-2399696.459070869,5383200.908970333,2429722.985116199,-146410.13356059685,22.5395989012018,114.026176294173,6.59818899628216,0.11374901015678,1
780,train,2206,380117.00049027,1334568917.00049,33,28,1,2,-2399694.59797058,5383187.936388672,2429731.6933073257,-146983.8366031876,22.5395971987819,114.02617559448,6.7080663023212,0.109186536841553,1
781,train,2206,380118.000492194,1334568918.00049,33,28,1,3,-2399712.9697581567,5383212.465369089,2429763.482951655,-147525.5231416289,22.5395973031459,114.026176497209,7.02198635124324,0.0410100234390746,1
782,train,2206,380119.000494109,1334568919.00049,33,28,1,2,-2399715.9708310296,5383210.14749502,2429749.971283018,-148107.250639153,22.5395991973186,114.026177897577,7.31489011292023,0.0159049908789511,1
783,train,2206,380120.000496015,1334568920.0005,31,27,1,2,-2399720.487036971,5383221.90278549,2429765.9734248286,-148665.77483280338,22.5396015012547,114.026179901808,7.56887904370157,0.0270228904674249,1
784,train,2206,380121.000497922,1334568921.0005,31,27,1,2,-2399727.565719174,5383222.590518849,2429764.0708557265,-149236.38863715273,22.5396020979831,114.026180298558,7.69661272449977,0.0180427913233403,1
785,train,2206,380122.000499842,1334568922.0005,31,27,1,2,-2399730.893645132,5383227.808860791,2429773.9082748545,-149800.658356929,22.539602901767,114.026180894832,7.82124974757686,0.0185465162530378,1
786,train,2206,380123.000501745,1334568923.0005,31,26,1,2,-2399731.355420556,5383230.244905367,2429775.5363211506,149419.04183553474,22.5396038989784,114.026181099436,7.82390049563228,0.0304043814403849,1
787,train,2206,380123.999503667,1334568923.9995,33,27,1,3,-2399722.492050597,5383207.797056012,2429743.1970895943,148817.87748958048,22.5396031996217,114.026182496881,7.95836730290663,0.142875062462404,1
788,train,2206,380124.999505599,1334568924.99951,33,29,1,2,-2399717.059776165,5383194.955310467,2429733.8640669687,148230.67095147545,22.539603398192,114.026183299664,7.90537130256917,0.0229511239923002,1
789,train,2206,380125.999507515,1334568925.99951,33,30,1,3,-2399706.5263704224,5383183.972674016,2429721.0109669473,147642.15724833813,22.53960480129,114.026184197975,7.85443842199237,0.0192069430292145,1
790,train,2206,380126.999509418,1334568926.99951,33,30,1,2,-2399704.761700597,5383185.3503963845,2429721.9747582115,147067.8154603216,22.5396024977329,114.026183601904,7.78056041389359,0.171716919561568,1
791,train,2206,380127.999511324,1334568927.99951,33,29,1,2,-2399700.595784811,5383180.6230793595,2429714.570624217,146486.9556536351,22.5396030020359,114.026182705456,7.6928363028903,0.221398301837395,1
792,train,2206,380128.999513241,1334568928.99951,33,27,1,3,-2399700.424891853,5383198.703423529,2429710.450777123,145916.01729972404,22.5396044977414,114.026182104659,7.64294718105748,0.270110107913709,1
793,train,2206,380129.999515137,1334568929.99952,33,28,1,2,-2399706.5699758884,5383206.129726115,2429728.173682768,145358.16666283886,22.5396052971132,114.026187002006,7.75580695967293,0.561914736349714,1
794,train,2206,380130.999517046,1334568930.99952,33,28,1,3,-2399716.9352827314,5383219.820712979,2429740.179394048,144799.54341560256,22.5396056972976,114.026193899106,7.79779728402083,0.777935861270885,1
795,train,2206,380131.999518984,1334568931.99952,33,29,1,3,-2399712.632418668,5383198.4255580185,2429733.03908483,144213.2244622569,22.5396055004087,114.026202593765,8.00946780869671,0.990745359724284,1
796,train,2206,380132.999520907,1334568932.99952,32,28,1,2,-2399713.379958694,5383200.724561415,2429733.409632863,143637.16930581917,22.5396066017066,114.026212299304,8.17210480502478,0.995791701587652,1
797,train,2206,380133.999522802,1334568933.99952,32,29,1,2,-2399712.828648471,5383189.540805052,2429734.3695740956,143061.03242642194,22.5396096970258,114.026222797691,8.19905595188543,1.05645517947875,1
798,train,2206,380134.999524725,1334568934.99952,32,28,1,2,-2399719.017031296,5383203.002814691,2429752.9746677945,142502.9947017161,22.5396140978752,114.026232995596,8.31851828734174,1.17518945175055,1
799,train,2206,380135.999526635,1334568935.99953,32,28,1,2,-2399720.6645581056,5383202.702170675,2429751.6629718523,141929.4063422275,22.5396189982243,114.026243997481,8.29455096961229,1.21093461005628,1
800,train,2206,380136.99952855,1334568936.99953,32,28,1,2,-2399720.617319805,5383202.871664615,2429752.0622763685,141355.30885683277,22.5396246932487,114.026256891971,8.24106974980677,1.33050674999777,1
801,train,2206,380137.999530466,1334568937.99953,31,27,1,2,-2399719.4149695644,5383208.83941513,2429751.932425628,140781.82130420877,22.539629194758,114.026269591361,8.24272667714289,1.29982915834827,1
802,train,2206,380138.999532379,1334568938.99953,31,25,1,2,-2399728.014991716,5383207.784701306,2429746.2131732707,140202.874519915,22.5396325972216,114.026281796468,8.37323037530634,1.2823812077862,1
803,train,2206,380139.999534304,1334568939.99953,32,26,1,2,-2399729.4660760914,5383208.175159206,2429749.5152848773,139630.59100887497,22.5396367972035,114.026292996535,8.38736413539237,1.2528521623097,1
804,train,2206,380140.999536221,1334568940.99954,31,27,1,2,-2399729.4825201686,5383204.286269539,2429754.7605275474,139057.30953334962,22.5396401009076,114.026302891336,8.33813595862387,1.10854328932282,1
805,train,2206,380141.999538152,1334568941.99954,31,27,1,2,-2399722.252887908,5383214.358511253,2429765.5032641953,138493.6476186177,22.5396410043077,114.026313098263,8.49398232788229,1.03083469998012,1
806,train,2206,380142.999540037,1334568942.99954,31,27,1,2,-2399723.664995063,5383213.717028455,2429763.7577157216,137918.539850806,22.5396426001283,114.026324590981,8.50134491283234,1.06153696753494,1
807,train,2206,380143.999541976,1334568943.99954,31,27,1,2,-2399723.9890360613,5383213.728127536,2429764.0628865585,137345.36526251808,22.5396461950117,114.026336894503,8.50699609322331,1.26232228271202,1
808,train,2206,380144.999543899,1334568944.99954,31,27,1,2,-2399724.391245133,5383211.001927143,2429764.7682407415,136769.55789765005,22.5396498988775,114.026349093253,8.67952365035392,1.32853608695126,1
809,train,2206,380145.999545785,1334568945.99955,32,27,1,2,-2399724.2555003236,5383211.478119815,2429766.823438274,136195.4682537447,22.5396539996375,114.02636169831,8.81931560786584,1.33546521137897,1
810,train,2206,380146.999547728,1334568946.99955,31,27,1,3,-2399740.654268244,5383207.716744053,2429748.240677589,135608.69130746732,22.5396590961309,114.026374393485,8.87067799433188,1.40201371871522,1
811,train,2206,380147.99954965,1334568947.99955,31,27,1,2,-2399738.997403788,5383207.053151223,2429749.3446460706,135034.23718401283,22.5396652009302,114.026386394038,9.08086369327071,1.38565199236778,1
812,train,2206,380148.99955156,1334568948.99955,32,27,1,2,-2399738.5109573123,5383203.928238245,2429748.9878033604,134458.46814236025,22.5396704999787,114.026399199814,9.02610109868593,1.44465854275503,1
813,train,2206,380149.999553456,1334568949.99955,31,27,1,2,-2399741.261137665,5383204.153712776,2429748.1420752625,133885.88491729938,22.5396759918751,114.026412295688,8.99815640071352,1.48264915654451,1
814,train,2206,380150.999555378,1334568950.99956,31,27,1,2,-2399742.3499979856,5383206.502042641,2429748.7409999263,133312.90867545616,22.5396811020704,114.026425497242,9.05391119027205,1.45469021858966,1
815,train,2206,380151.999557287,1334568951.99956,31,26,1,2,-2399739.118253241,5383196.108966604,2429736.1143943234,132726.50849055222,22.539682301468,114.026436893344,8.55686607437946,1.11754708355582,1
816,train,2206,380152.999559208,1334568952.99956,31,26,1,2,-2399739.6962513486,5383193.584407526,2429738.198977303,132152.44525613464,22.5396838988139,114.026450192966,8.51418732763794,1.35056616969837,1
817,train,2206,380153.999561123,1334568953.99956,31,26,1,2,-2399740.3080031034,5383192.353650546,2429733.979471203,131578.06414567336,22.539683803006,114.026465196179,8.53988268992098,1.48341208732958,1
818,train,2206,380154.999563037,1334568954.99956,30,26,1,2,-2399742.8367312076,5383188.6020299345,2429739.688367091,131005.95827692466,22.5396827004549,114.026476795242,8.47941502377092,1.21691408346919,1
819,train,2206,380155.99956494,1334568955.99956,32,27,1,3,-2399730.758028391,5383169.186773872,2429716.83850315,130408.0795831444,22.5396825017812,114.026488598782,8.44108612055097,1.19163731758786,1
820,train,2206,380156.999566864,1334568956.99957,31,27,1,2,-2399736.679530731,5383175.44378847,2429724.1383841587,129841.33774205131,22.5396845964455,114.026500592748,8.49511696670002,1.22055179233602,1
821,train,2206,380157.99956876,1334568957.99957,29,25,1,2,-2399737.4864104674,5383182.0198654365,2429718.6701919483,129265.28304443599,22.5396865993541,114.026513094246,8.50848306566584,1.29189576623079,1
822,train,2206,380158.999570676,1334568958.99957,29,25,1,2,-2399738.9477455243,5383182.977772581,2429720.286576918,128693.02884237192,22.5396881998514,114.026526796037,8.51194871758134,1.32145637885974,1
823,train,2206,380159.999572607,1334568959.99957,30,25,1,2,-2399742.1687535103,5383178.384777925,2429715.451810302,128116.42744748895,22.5396886966284,114.026537896913,8.44459080051476,1.18186712664609,1
824,train,2206,380160.999574515,1334568960.99957,30,25,1,2,-2399742.046107399,5383176.472780457,2429709.622966397,127537.94617571909,22.5396901962786,114.026551690912,8.54525788067199,1.35662143841515,1
825,train,2206,380161.99957644,1334568961.99958,30,24,1,2,-2399743.123881273,5383177.729490394,2429711.3244693526,126964.88775726334,22.5396913009561,114.02656479878,8.60788814731722,1.36817454496136,1
826,train,2206,380162.999578347,1334568962.99958,30,23,1,2,-2399743.428439284,5383182.362358163,2429704.6746685184,126388.92350793807,22.5396928942879,114.026577990343,8.72794974924824,1.34805536571977,1
827,train,2206,380163.999580255,1334568963.99958,30,23,1,2,-2399744.9012755407,5383181.470997683,2429704.461104934,125815.20836163325,22.5396949941877,114.026589298276,8.76234558987887,1.21879492108344,1
828,train,2206,380164.999580925,1334568964.99958,30,22,1,2,-2399742.9960098355,5383180.606540555,2429707.36255326,125239.0754471964,22.5396978011736,114.026602490609,8.88728737982669,1.36898044664998,1
829,train,2206,380165.999584103,1334568965.99958,31,23,1,2,-2399746.6485020923,5383181.126809358,2429721.6716111866,124673.92856994901,22.5397007003306,114.02661569619,9.0372369891324,1.37044932141734,1
830,train,2206,380166.999587277,1334568966.99959,31,23,1,2,-2399746.648654574,5383179.281556406,2429719.3417212735,124097.53829124701,22.539703899678,114.026628094781,9.08622273341785,1.31148216664331,1
831,train,2206,380167.999587943,1334568967.99959,30,25,1,2,-2399749.173063754,5383177.594661903,2429722.053661466,123526.01786295965,22.5397074999867,114.026641188795,9.05424485269765,1.3733382760181,1
832,train,2206,380168.999589848,1334568968.99959,30,25,1,2,-2399753.3375834916,5383179.893820157,2429718.132414178,122951.68073936868,22.5397104025352,114.026654196031,9.19806249944919,1.37671509374583,1
833,train,2206,380169.999591754,1334568969.99959,30,25,1,2,-2399753.936584325,5383184.826519689,2429718.862794444,122378.56289180511,22.5397123980351,114.026668493376,9.16391999711418,1.45240184804153,1
834,train,2206,380170.999593681,1334568970.99959,31,24,1,2,-2399750.401285341,5383179.19877073,2429713.850171139,121798.03704965315,22.539715400596,114.026681195238,9.21060770241388,1.31962333741228,1
835,train,2206,380171.999595599,1334568971.9996,31,28,1,2,-2399755.373112761,5383183.654175869,2429726.528393256,121233.94215175713,22.5397204944289,114.026694595638,9.20795596759559,1.39023521124465,1
836,train,2206,380172.9995975,1334568972.9996,30,28,1,2,-2399756.148969756,5383180.519986778,2429723.4723683256,120658.23898700243,22.5397233015157,114.02670719716,9.25729309009172,1.3646056851886,1
837,train,2206,380173.999599414,1334568973.9996,30,28,1,2,-2399758.151086714,5383181.110657136,2429723.4507914856,120084.80905122805,22.539724697278,114.026719993333,9.31543399924401,1.33081984823879,1
838,train,2206,380174.999601323,1334568974.9996,30,26,1,2,-2399760.4359461167,5383182.03326446,2429719.0507444157,119510.68450644512,22.5397247020925,114.026731399675,9.46821294356322,1.16274104415283,1
839,train,2206,380175.999603243,1334568975.9996,31,26,1,2,-2399759.984714097,5383179.985880357,2429717.8744720905,118934.53988022517,22.5397245976763,114.026737296439,9.65530630257044,0.622046704781793,1
840,train,2206,380176.999605148,1334568976.99961,31,25,1,2,-2399760.7659009183,5383175.15247201,2429717.6455578245,118359.50658592506,22.5397237975684,114.026739799473,9.7593234531492,0.279897448167233,1
841,train,2206,380177.999607063,1334568977.99961,30,25,1,2,-2399759.174510964,5383177.079980229,2429716.8800783628,117786.29243505685,22.5397229044611,114.026747293196,9.75495074507656,0.689669011518011,1
842,train,2206,380178.999608974,1334568978.99961,30,26,1,2,-2399766.0236644815,5383184.453931403,2429722.107022145,117219.98972098404,22.5397214964542,114.026759191535,9.67413106783641,1.13188272821196,1
843,train,2206,380179.999610903,1334568979.99961,31,25,1,2,-2399765.4442251637,5383178.584904337,2429720.7047323133,116642.04949076481,22.5397222007707,114.026771896295,9.73394015719506,1.2091330107802,1
844,train,2206,380180.999612809,1334568980.99961,30,27,1,2,-2399762.5262060957,5383169.880812977,2429714.76508254,116060.78978658066,22.539721500508,114.026785396121,9.8895516734025,1.23967317050335,1
845,train,2206,380181.999614722,1334568981.99961,30,28,1,2,-2399761.8382812333,5383161.979874604,2429713.67678903,115484.23135483066,22.5397219029606,114.026798497137,10.001360954834,1.27620922690271,1
846,train,2206,380182.999616641,1334568982.99962,30,27,1,2,-2399761.138744694,5383156.45003772,2429704.6138157747,114901.68626657943,22.5397233021559,114.026811796102,10.0218356353507,1.2817673212949,1
847,train,2206,380183.999618565,1334568983.99962,31,25,1,2,-2399759.465285423,5383156.646359989,2429694.6746630273,114321.77091530767,22.539723896575,114.026825396502,10.1293439397227,1.37079347977518,1
848,train,2206,380184.999620461,1334568984.99962,29,23,1,2,-2399753.3653154406,5383150.790344014,2429681.767412197,113735.75055408146,22.5397276012223,114.02683979206,10.3434175896672,1.4139638062036,1
849,train,2206,380185.99962236,1334568985.99962,28,24,1,2,-2399763.329653813,5383161.39751761,2429692.463156077,113176.03570442367,22.5397312989941,114.026853992082,10.4810757264841,1.4287699090353,1
850,train,2206,380186.999624291,1334568986.99962,28,23,1,2,-2399763.4915646287,5383155.843133755,2429690.7074177563,112598.11936534586,22.5397357992964,114.026867796431,10.4593446825501,1.42624430570034,1
851,train,2206,380187.999626226,1334568987.99963,28,24,1,2,-2399764.0797116426,5383153.6938096415,2429687.750371428,112021.7530566479,22.5397389958608,114.026881794685,10.6030496457378,1.43877175524258,1
852,train,2206,380188.999628128,1334568988.99963,27,23,1,2,-2399758.887786706,5383145.085039129,2429682.320367933,111438.00786852918,22.5397422020382,114.026895397412,10.8354349571478,1.42084411862241,1
853,train,2206,380189.999630036,1334568989.99963,27,24,1,2,-2399767.8402270917,5383153.023868256,2429689.0218889187,110875.2495268302,22.5397433020243,114.0269092952,10.8706825781609,1.41866243735872,1
854,train,2206,380190.999631946,1334568990.99963,27,24,1,2,-2399768.771795424,5383151.33778505,2429686.4333347585,110299.42087738123,22.5397456035862,114.026923193962,10.9635756681886,1.4185977316064,1
855,train,2206,380191.999633865,1334568991.99963,27,24,1,2,-2399772.718902532,5383156.426651534,2429686.666967309,109729.3869164297,22.5397472987875,114.026936900401,11.1138883029329,1.41587362726269,1
856,train,2206,380192.999635769,1334568992.99964,27,24,1,2,-2399775.0662524556,5383155.56098964,2429688.825524974,109156.53423835243,22.5397470970813,114.026950093186,10.9250995779707,1.40440564377012,1
857,train,2206,380193.999637464,1334568993.99964,28,24,1,2,-2399774.8919614614,5383154.221003918,2429692.1614662055,108581.39031165565,22.5397476962475,114.026963695917,10.8408881414989,1.38755785990248,1
858,train,2206,380194.999639608,1334568994.99964,28,24,1,2,-2399772.757634555,5383148.221761245,2429682.043630292,108001.14483021092,22.5397498033009,114.02697699386,10.9021326958076,1.38482933200627,1
859,train,2206,380195.999640007,1334568995.99964,28,24,1,2,-2399773.524932642,5383145.927844035,2429681.163288882,107425.74497125423,22.5397514958771,114.026990695864,10.8991950478315,1.40070312057487,1
860,train,2206,380196.999645324,1334568996.99965,28,24,1,2,-2399776.098106959,5383148.114419131,2429683.2709081257,106854.12905182097,22.5397536019655,114.027004597906,10.9477106340178,1.42717378400939,1
861,train,2206,380197.999645361,1334568997.99965,28,25,1,2,-2399778.405422612,5383147.547499987,2429684.004177233,106282.51956264782,22.5397552963154,114.027018390278,10.9860838949816,1.43811159576341,1
862,train,2206,380198.999645644,1334568998.99965,28,25,1,2,-2399785.291231186,5383152.095643906,2429684.0442332723,105713.52768304167,22.5397565003182,114.02703189487,10.9674731375455,1.42206928367637,1
863,train,2206,380199.999647636,1334568999.99965,28,24,1,2,-2399784.9335735533,5383142.801871832,2429672.890056806,105131.18298796898,22.5397582019011,114.027045898537,11.0012662610476,1.44579543097032,1
864,train,2206,380200.999652944,1334569000.99965,28,24,1,2,-2399782.771482013,5383145.137431619,2429681.0707533867,104557.43993413272,22.5397595022106,114.027059193877,11.0952293183347,1.41740092299924,1
865,train,2206,380201.999654195,1334569001.99965,29,24,1,2,-2399786.096629763,5383148.9077354185,2429682.702735289,103986.27662179715,22.5397608978788,114.027072996965,11.2342022544277,1.4203859032869,1
866,train,2206,380202.999654946,1334569002.99966,28,25,1,2,-2399791.4747304907,5383152.354878273,2429687.9438834772,103418.99996694061,22.5397632966919,114.027086191467,11.4862821206046,1.40870817236618,1
867,train,2206,380203.999656842,1334569003.99966,28,24,1,2,-2399789.1875355267,5383147.994802386,2429686.1834351565,102841.58195548147,22.5397652950804,114.027100289356,11.5739586316153,1.46297501320558,1
868,train,2206,380204.999657579,1334569004.99966,28,23,1,2,-2399790.894543082,5383148.734211641,2429687.171711763,102268.27373457285,22.5397690028911,114.027114792431,11.6097804101648,1.4918251776567,1
869,train,2206,380205.999661871,1334569005.99966,28,23,1,2,-2399791.3091172604,5383146.42741033,2429686.70056705,101692.51514699185,22.5397723011461,114.027128495285,11.6166656572342,1.4766462266336,1
870,train,2206,380206.999662613,1334569006.99966,28,24,1,2,-2399792.500437491,5383146.45319447,2429688.527469579,101119.06295213992,22.5397761029918,114.027142299371,11.6718701673742,1.47225730602236,1
871,train,2206,380207.999664511,1334569007.99966,28,25,1,2,-2399792.8412219053,5383144.612721783,2429687.052469662,100544.0649625693,22.5397789982413,114.027155997826,11.791588271802,1.44921441205002,1
872,train,2206,380208.99966642,1334569008.99967,29,25,1,2,-2399794.2041984294,5383140.462936032,2429689.630022056,99969.2046062583,22.5397819986271,114.027169496443,11.8623602036111,1.43773076269467,1
873,train,2206,380209.999668335,1334569009.99967,28,25,1,2,-2399796.600466121,5383144.789508667,2429691.8327311357,99399.13152943809,22.5397842971096,114.027183195784,12.0447959916614,1.46593948641427,1
874,train,2206,380210.999670251,1334569010.99967,29,25,1,2,-2399800.0646482427,5383150.005931087,2429697.9003190845,98830.61348908054,22.539786798084,114.027196696339,12.0974618934222,1.46486394680088,1
875,train,2206,380211.999672172,1334569011.99967,29,25,1,2,-2399803.884256421,5383156.487036164,2429701.4143941384,98262.76342068137,22.5397883025991,114.027209592321,12.0612622028484,1.43427509638451,1
876,train,2206,380212.999674075,1334569012.99967,29,23,1,2,-2399798.3172625815,5383146.080460254,2429694.412226634,97678.90424463543,22.5397895984456,114.027223699514,12.2712144638088,1.47663915589484,1
877,train,2206,380213.99967599,1334569013.99968,29,24,1,2,-2399800.2891970044,5383146.490379483,2429697.283549571,97105.13491018626,22.5397912028154,114.027236796974,12.2318293463533,1.43876761115439,1
878,train,2206,380214.999677913,1334569014.99968,29,23,1,2,-2399798.2046257397,5383143.980468955,2429695.962678008,96528.89890480717,22.539791698655,114.027250297804,12.2587246699096,1.42536480079102,1
879,train,2206,380215.999679827,1334569015.99968,29,22,1,2,-2399798.4254689952,5383145.276784723,2429693.396927601,95952.84196381162,22.5397937972688,114.027263500021,12.3195826000667,1.42358911029016,1
880,train,2206,380216.999681742,1334569016.99968,29,24,1,2,-2399806.7417274048,5383147.610562362,2429697.6189230895,95385.83917799516,22.5397970954115,114.027276797203,12.3134450351413,1.43693168269387,1
881,train,2206,380217.99968366,1334569017.99968,29,24,1,2,-2399808.73207137,5383150.782944881,2429699.410584936,94814.88107823882,22.5397983995158,114.027289792236,12.3203648061643,1.41718702232464,1
882,train,2206,380218.999685564,1334569018.99969,29,25,1,2,-2399812.0757985283,5383147.571196241,2429700.00874849,94240.46927383592,22.5397992975677,114.027302999676,12.3938539840346,1.38966005871202,1
883,train,2206,380219.999687471,1334569019.99969,28,25,1,2,-2399809.8261490883,5383142.243957033,2429699.72329735,93662.23574282032,22.5397982954781,114.027317498276,12.5413297168959,1.43926632574993,1
884,train,2206,380220.999689386,1334569020.99969,28,25,1,2,-2399810.1286690766,5383142.134623023,2429700.987131826,93088.11793558934,22.5397972993491,114.027331790954,12.6741134284891,1.42715541233614,1
885,train,2206,380221.999691312,1334569021.99969,28,24,1,2,-2399813.007123442,5383146.20547905,2429709.5224004337,92518.67228620773,22.5397966049825,114.027343896515,12.8567760596391,1.23296437652287,1
886,train,2206,380222.99969323,1334569022.99969,28,24,1,2,-2399816.3219173294,5383152.559020696,2429717.957367104,91951.38113654207,22.5397957952817,114.02735539515,12.8771832027521,1.20435534798886,1
887,train,2206,380223.99969514,1334569023.9997,28,24,1,2,-2399816.3967642537,5383148.462617476,2429717.3268988887,91375.38121449288,22.5397949050227,114.027367197095,13.0547562469345,1.19441781318654,1
888,train,2206,380224.999697048,1334569024.9997,27,23,1,2,-2399813.2139121783,5383144.687126537,2429715.5592149235,90797.21651570147,22.5397935979306,114.027378992084,13.119181410503,1.18952039537952,1
889,train,2206,380225.999698973,1334569025.9997,26,22,1,2,-2399813.1376971486,5383145.003637244,2429714.8340378697,90222.99379739449,22.5397936008132,114.027391298261,13.2383885282889,1.23391893178014,1
890,train,2206,380226.999700884,1334569026.9997,27,23,1,2,-2399815.416012773,5383148.320209017,2429718.996305624,89652.42541558521,22.5397928956367,114.027404597068,13.3482633230836,1.315851270579,1
891,train,2206,380227.999702799,1334569027.9997,27,23,1,2,-2399812.0059510614,5383137.681673864,2429708.202913328,89067.1837651159,22.539791696953,114.027417995314,13.3680795092306,1.38238186844494,1
892,train,2206,380228.999704727,1334569028.9997,27,24,1,2,-2399813.9355843337,5383136.299624857,2429712.7274595867,88494.32208484354,22.5397928987435,114.027430499668,13.514283242913,1.26820751838868,1
893,train,2206,380229.999706631,1334569029.99971,28,25,1,2,-2399819.6616167794,5383141.577313072,2429726.881846256,87931.02904038152,22.5397939021595,114.027441097408,13.3326375836916,1.12008403247705,1
894,train,2206,380230.999708543,1334569030.99971,28,25,1,2,-2399818.0572495586,5383135.7324962495,2429721.004376674,87349.82472007362,22.5397961015944,114.027454198321,13.3196320975859,1.26592087516978,1
895,train,2206,380231.999710455,1334569031.99971,29,25,1,2,-2399819.197858672,5383133.8344164565,2429716.3741416377,86772.73742977927,22.5397967006117,114.027467894928,13.0789040685359,1.4312707603738,1
896,train,2206,380232.999712371,1334569032.99971,30,23,1,2,-2399820.267618232,5383134.709550984,2429720.964027872,86200.54779498272,22.5397985971473,114.02748189678,12.9093876319698,1.46687425545114,1
897,train,2206,380233.999714281,1334569033.99971,31,27,1,2,-2399824.6713399123,5383136.985778191,2429724.878932788,85631.53609108861,22.539801301396,114.027496492672,13.1870026237646,1.47412332344891,1
898,train,2206,380234.99971619,1334569034.99972,31,27,1,2,-2399826.2957491577,5383137.504195723,2429724.6048256084,85057.6622187951,22.5398030974109,114.027511500997,13.2347311703553,1.52614815779292,1
899,train,2206,380235.999718101,1334569035.99972,31,27,1,2,-2399825.6925194985,5383136.860906076,2429725.880128363,84483.8534054324,22.5398066019071,114.027526500639,13.262167249154,1.55467974176311,1
900,train,2206,380236.999720018,1334569036.99972,31,27,1,2,-2399826.9096309976,5383133.64294108,2429726.1906861886,83908.99496069267,22.5398113015842,114.027541695834,13.2238385453332,1.59914869950804,1
901,train,2206,380237.999721937,1334569037.99972,31,27,1,2,-2399828.8688207604,5383131.671334003,2429726.3828743724,83335.40177379744,22.5398121994917,114.02755659186,13.1227232488587,1.52579652177044,1
902,train,2206,380238.999723853,1334569038.99972,30,27,1,2,-2399828.9905397086,5383130.2137425635,2429726.7658835333,82760.77080172881,22.5398109982511,114.027568693674,13.0756071838647,1.25967544837901,1
903,train,2206,380239.999725769,1334569039.99973,29,26,1,2,-2399831.81672017,5383130.478898,2429728.6972007216,82188.02440995579,22.5398104000803,114.027576101342,12.992647932585,0.797297288089952,1
904,train,2206,380240.999727678,1334569040.99973,29,26,1,2,-2399833.1757257273,5383132.95113778,2429728.0666608154,81615.35413373809,22.539809302789,114.027585395872,13.0611228294775,0.919310387919476,1
905,train,2206,380241.999729593,1334569041.99973,31,24,1,2,-2399833.583127611,5383135.104017859,2429732.661449617,81042.11019755038,22.5398077981841,114.027597092163,13.0452233764798,1.19018194977059,1
906,train,2206,380242.999731519,1334569042.99973,31,25,1,2,-2399835.7562967553,5383137.2882245565,2429730.00603958,80469.65047321752,22.5398053962012,114.027608200283,13.1591746976936,1.1340965934939,1
907,train,2206,380243.999733431,1334569043.99973,31,25,1,2,-2399837.088501396,5383135.515402941,2429729.5804986465,79895.19610923265,22.5398033014426,114.027619401511,13.1389622615758,1.14665005967902,1
908,train,2206,380244.999735342,1334569044.99974,31,24,1,2,-2399837.6277676225,5383134.133432574,2429729.0149562205,79320.23884734786,22.5397996043077,114.027634099334,13.0089334677395,1.50823603791925,1
909,train,2206,380245.999737268,1334569045.99974,30,25,1,2,-2399840.284011613,5383134.967898451,2429729.0072774095,78747.71566308964,22.5397961028326,114.027648891696,12.7953532747731,1.55195311116038,1
910,train,2206,380246.999739186,1334569046.99974,31,26,1,2,-2399840.0714357058,5383135.525502491,2429726.7861810904,78174.8827225778,22.5397920058531,114.027662694454,12.7458908563467,1.45221741851525,1
911,train,2206,380247.999741101,1334569047.99974,31,25,1,2,-2399843.1762887686,5383138.439984326,2429727.563414097,77603.11000759949,22.5397869985199,114.027676392458,12.8402450973962,1.45434880889712,1
912,train,2206,380248.999743005,1334569048.99974,31,27,1,2,-2399844.9789920663,5383134.063282028,2429724.8074467084,77026.67176222373,22.5397837048187,114.027691699751,12.8372495767288,1.5497650853359,1
913,train,2206,380249.999744941,1334569049.99974,31,25,1,2,-2399845.846250493,5383131.920423262,2429725.663114066,76453.10705769836,22.5397820037372,114.027707298373,12.8187889300039,1.54312966756271,1
914,train,2206,380250.999746863,1334569050.99975,31,24,1,2,-2399845.7178070284,5383127.316574382,2429721.6444021915,75873.77183647662,22.5397845009351,114.027722002116,12.7888093284972,1.48502163159458,1
915,train,2206,380251.999748753,1334569051.99975,31,24,1,2,-2399846.473092922,5383127.054864502,2429722.348514265,75299.5026568617,22.5397883994691,114.02773669309,12.8024370207039,1.5131039243919,1
916,train,2206,380252.99975066,1334569052.99975,31,22,1,2,-2399846.8044328294,5383128.092765036,2429723.584987021,74725.41955032414,22.5397929946669,114.027750993577,12.8180203728535,1.52448843542516,1
917,train,2206,380253.999752597,1334569053.99975,31,23,1,2,-2399848.978413416,5383130.381013748,2429726.8550117714,74152.97941414858,22.5397989007363,114.027764397479,12.8386568181542,1.50283961366064,1
918,train,2206,380254.999754512,1334569054.99975,31,24,1,2,-2399849.63455086,5383127.271953979,2429729.1006538374,73578.6609930351,22.5398062986993,114.027777493148,12.9516753710017,1.49894702438847,1
919,train,2206,380255.999756405,1334569055.99976,31,24,1,2,-2399851.0914613605,5383126.272654456,2429729.052076088,73004.08759043543,22.5398127010533,114.02779020054,13.1478222606089,1.43834648691367,1
920,train,2206,380256.999758328,1334569056.99976,31,24,1,2,-2399856.35675769,5383129.121998366,2429727.4141974673,72430.59904560904,22.5398196982568,114.027802798241,13.2817114411836,1.45105681567861,1
921,train,2206,380257.999760252,1334569057.99976,31,25,1,2,-2399854.4114420274,5383123.293587838,2429729.2980164434,71855.43085532602,22.5398255004713,114.027814895531,13.2623254156153,1.4120943224591,1
922,train,2206,380258.999762166,1334569058.99976,30,23,1,2,-2399854.332991405,5383123.297561263,2429727.2178478176,71279.4639332479,22.5398324935726,114.027827599447,13.3242551384671,1.48322630106725,1
923,train,2206,380259.999764075,1334569059.99976,30,21,1,2,-2399853.9364449917,5383122.173870976,2429724.493514172,70702.61541815982,22.5398398939959,114.02784029327,13.4340355081973,1.52206458590068,1
924,train,2206,380260.999765982,1334569060.99977,31,22,1,2,-2399855.789650921,5383123.307590876,2429729.5204341314,70132.19473421467,22.5398460983526,114.027853096651,13.5891046643366,1.48387650311648,1
925,train,2206,380261.999767711,1334569061.99977,31,23,1,2,-2399857.555138814,5383122.337057904,2429731.2722901776,69558.70409398951,22.5398531929881,114.027865400674,13.6891780005603,1.46502611980255,1
926,train,2206,380262.999769824,1334569062.99977,30,23,1,2,-2399858.452136918,5383120.991745865,2429733.4618301284,68985.60093658655,22.5398611994586,114.027877801245,13.6581357841225,1.43907660616051,1
927,train,2206,380263.999770393,1334569063.99977,31,23,1,2,-2399863.937477997,5383125.963720376,2429744.2147940365,68420.79522447096,22.5398664979461,114.027889697037,13.8201524197592,1.35995563238678,1
928,train,2206,380264.999774855,1334569064.99977,31,24,1,2,-2399864.4615579913,5383124.703540489,2429742.5659875222,67844.81086230042,22.539872397927,114.027902601932,13.9650997269258,1.40818549231567,1
929,train,2206,380265.999775566,1334569065.99978,30,25,1,2,-2399863.190919294,5383119.713856842,2429737.4219220527,67265.33251798082,22.5398768013885,114.027916900684,14.099814340779,1.51078918222879,1
930,train,2206,380266.999777479,1334569066.99978,31,26,1,2,-2399863.6828048243,5383116.935551364,2429736.172661866,66689.49366705769,22.539881602143,114.027931096504,13.9276017677723,1.51593007639659,1
931,train,2206,380267.999779384,1334569067.99978,30,26,1,2,-2399863.5292425435,5383113.388779542,2429736.725947965,66113.77295680408,22.5398855955279,114.027946100198,13.9551777686808,1.53854243711081,1
932,train,2206,380268.9997813,1334569068.99978,30,27,1,2,-2399865.9695476536,5383113.405636281,2429736.318063189,65540.27610762457,22.5398899976504,114.027959898773,13.8267079666693,1.46978248124378,1
933,train,2206,380269.999783238,1334569069.99978,31,26,1,2,-2399867.506973255,5383113.284306007,2429737.1531242817,64966.231155608715,22.5398936957975,114.027974598694,13.820887901707,1.47548055242025,1
934,train,2206,380270.999785155,1334569070.99979,32,28,1,2,-2399867.464863149,5383114.155358165,2429736.432188676,64391.14139816262,22.5398986982516,114.027987701549,13.8087512490904,1.38243701409423,1
935,train,2206,380271.999787055,1334569071.99979,32,29,1,2,-2399870.3112211768,5383118.189560554,2429738.653021798,63820.35918758737,22.5399009993951,114.028002100425,13.9122611404359,1.44306769012341,1
936,train,2206,380272.99978896,1334569072.99979,32,30,1,2,-2399877.16795483,5383121.95755175,2429740.216349588,63251.07011721829,22.5399029025955,114.028015693745,13.8531615843596,1.37932555713094,1
937,train,2206,380273.999790872,1334569073.99979,32,28,1,2,-2399869.9701115116,5383113.938406227,2429737.083110088,62669.88311405472,22.5399030987442,114.02802819789,13.7670111535166,1.25650933289435,1
938,train,2206,380274.999791548,1334569074.99979,32,27,1,2,-2399871.928415124,5383114.618499695,2429739.274663048,62098.56409067783,22.5399030006089,114.028038099511,13.7645266793594,0.983868875248608,1
939,train,2206,380275.999794492,1334569075.99979,32,28,1,2,-2399871.38780529,5383113.571728319,2429740.847147734,61524.407517070984,22.5399037035615,114.028046795581,13.8978671417141,0.886648513890597,1
940,train,2206,380276.999798093,1334569076.9998,32,27,1,2,-2399871.457042925,5383110.085501576,2429740.1283558253,60948.279126784706,22.5399092025125,114.028056800119,13.9539223090382,1.11494830032875,1
941,train,2206,380277.999798534,1334569077.9998,32,26,1,2,-2399873.6020318116,5383110.757026215,2429740.8667951124,60375.97985411795,22.5399138028834,114.028070701229,13.9629791651241,1.40879064036736,1
942,train,2206,380278.999800733,1334569078.9998,32,26,1,2,-2399874.098990294,5383109.457427405,2429742.3673434057,59802.128769172974,22.5399160963359,114.028085898625,14.0607551769377,1.50328023704239,1
943,train,2206,380279.99980238,1334569079.9998,32,27,1,2,-2399876.8761325334,5383108.72840424,2429742.526537881,59227.79435591713,22.5399195967449,114.028101198394,14.1858854615643,1.45962542234964,1
944,train,2206,380280.999804264,1334569080.9998,32,27,1,2,-2399879.0091827414,5383108.774192047,2429741.535264394,58654.04528085116,22.5399227013206,114.028113799322,13.8635934488084,1.25715800836968,1
945,train,2206,380281.999805974,1334569081.99981,32,28,1,2,-2399879.227599791,5383106.501351695,2429741.2889844985,58079.027808181774,22.5399280008482,114.028128095238,13.6600224785058,1.35967128665615,1
946,train,2206,380282.999808095,1334569082.99981,32,27,1,2,-2399880.06468088,5383106.509904737,2429743.1829266935,57507.14520271883,22.5399309018196,114.028141702447,13.3321621241259,1.37424297450605,1
947,train,2206,380283.999808662,1334569083.99981,32,24,1,2,-2399882.308938806,5383105.281211983,2429746.1711861994,56935.128928009464,22.5399327972974,114.028156293354,13.0899086793676,1.41612683713402,1
948,train,2206,380284.999813178,1334569084.99981,32,26,1,2,-2399882.351403841,5383105.313387382,2429746.5606841235,56361.325306256724,22.5399357972141,114.028168200041,12.8006966932912,1.25132891275061,1
949,train,2206,380285.999813877,1334569085.99981,32,27,1,2,-2399883.25131337,5383102.454467326,2429744.3217387646,55783.69395737688,22.539937799555,114.02818089856,12.2038032823386,1.29309878436088,1
950,train,2206,380286.999815779,1334569086.99982,32,27,1,2,-2399887.2975607864,5383103.383481923,2429743.167055049,55210.57872402745,22.539937895594,114.028195794424,11.9461636735062,1.48246460908841,1
951,train,2206,380287.999817683,1334569087.99982,32,26,1,2,-2399888.980124302,5383105.026244661,2429747.593186612,54639.74423177553,22.5399395964894,114.028211601067,11.9070923685417,1.59936352011055,1
952,train,2206,380288.999819612,1334569088.99982,32,26,1,2,-2399890.1167486673,5383104.75930364,2429750.4206041135,54066.69959077219,22.539941600735,114.028226700627,11.7662276655736,1.47912439304156,1
953,train,2206,380289.999821527,1334569089.99982,32,26,1,2,-2399891.37574664,5383103.949380785,2429749.1767459298,53492.50139024718,22.5399437008064,114.028239500643,11.4171715471288,1.33042724601279,1
954,train,2206,380290.999823407,1334569090.99982,32,25,1,2,-2399892.6717342306,5383103.001915009,2429746.812411639,52916.73151962514,22.5399457050867,114.028254398751,11.1536977424141,1.42098727305807,1
955,train,2206,380291.999824082,1334569091.99982,33,25,1,2,-2399894.7894154666,5383102.561442491,2429747.5337817343,52343.198250539965,22.53994990145,114.028267098694,10.9339618301669,1.32110822523981,1
956,train,2206,380292.999828609,1334569092.99983,32,26,1,2,-2399896.2414643243,5383100.1371099595,2429747.1629070207,51767.51917797929,22.539955898905,114.028281100155,10.7111006416913,1.41117857739523,1
957,train,2206,380293.999829189,1334569093.99983,32,26,1,2,-2399895.6360476012,5383098.705061061,2429746.5276824725,51192.10390120196,22.5399609047132,114.028294295122,10.4606917188622,1.37943705038907,1
958,train,2206,380294.999831325,1334569094.99983,30,25,1,2,-2399897.1712790476,5383097.395638366,2429747.0627963874,50617.820575019236,22.5399658005575,114.02830739966,10.1639901945206,1.36981066794429,1
959,train,2206,380295.999833037,1334569095.99983,30,23,1,2,-2399895.010094382,5383093.626183058,2429747.206166547,50041.88838463227,22.5399677954533,114.028321795779,9.76489014743477,1.39216877609756,1
960,train,2206,380296.999834931,1334569096.99984,31,23,1,2,-2399896.495802798,5383094.9871242875,2429748.9987593372,49469.20238293207,22.5399708019282,114.028335394895,9.37745637719272,1.40183765240704,1
961,train,2206,380297.999836834,1334569097.99984,31,24,1,2,-2399900.747522666,5383099.745017928,2429753.853483209,48900.67602768736,22.5399755009799,114.028347502169,9.04707338049343,1.23353615829225,1
962,train,2206,380298.999837677,1334569098.99984,30,24,1,2,-2399900.553567604,5383098.739932163,2429753.675863098,48326.49006226907,22.5399792027681,114.028358300436,8.76115882877844,1.10860291581455,1
963,train,2206,380299.99983849,1334569099.99984,31,24,1,2,-2399903.5418953276,5383100.57289296,2429755.578450855,47754.43209721321,22.5399841966235,114.028370000472,8.64697930531625,1.15893626638217,1
964,train,2206,380300.999842236,1334569100.99984,32,24,1,2,-2399901.477891804,5383094.615555107,2429751.980694954,47176.36409119747,22.5399878938218,114.028382300033,8.7223145193267,1.16649081677458,1
965,train,2206,380301.99984681,1334569101.99985,31,23,1,2,-2399905.1886211685,5383095.79331689,2429755.0957677355,46604.39069955509,22.5399928021362,114.02839510241,8.71703565672282,1.26149277950208,1
966,train,2206,380302.999847763,1334569102.99985,31,25,1,2,-2399903.1877303403,5383088.960765111,2429748.5333830533,46023.98204198719,22.5399970958011,114.028408298028,8.35922393904869,1.34288300761567,1
967,train,2206,380303.999848324,1334569103.99985,32,25,1,2,-2399904.779388025,5383088.434775208,2429748.4633624256,45449.91699709649,22.5400012027209,114.028422695572,8.31216036018716,1.34467377847258,1
968,train,2206,380304.999850137,1334569104.99985,31,25,1,2,-2399904.856743434,5383086.174675734,2429747.362312978,44874.61683935814,22.5400068003403,114.02843759844,8.43338542018916,1.40489963858453,1
969,train,2206,380305.999852151,1334569105.99985,30,25,1,2,-2399910.1609053495,5383090.000242028,2429748.6496669245,44304.70113622554,22.5400088978137,114.028451697907,8.28864058540207,1.42058602946064,1
970,train,2206,380306.999852902,1334569106.99985,32,25,1,2,-2399911.974265963,5383087.646165358,2429748.7593673766,43729.956360854216,22.5400097983806,114.028466093681,7.99098032131135,1.36334772406217,1
971,train,2206,380307.999853475,1334569107.99985,32,26,1,2,-2399913.3760333583,5383089.859336975,2429747.891785584,43156.44353967707,22.5400129990331,114.02848049995,7.82563645420989,1.38901606300658,1
972,train,2206,380308.99985518,1334569108.99986,31,26,1,2,-2399911.019160278,5383084.4958513575,2429747.754529255,42578.112464071004,22.5400162997068,114.02849489802,7.69886116981216,1.38546135965683,1
973,train,2206,380309.999860164,1334569109.99986,32,25,1,2,-2399913.962653894,5383086.07828255,2429751.5077385856,42007.33446367897,22.5400215012746,114.028509892933,7.68316483860578,1.47382089524655,1
974,train,2206,380310.99986451,1334569110.99986,34,25,1,2,-2399914.1659329333,5383085.758158857,2429750.5365662156,41432.73049833231,22.5400232967331,114.028523798684,7.66071206801105,1.41539246012051,1
975,train,2206,380311.999865852,1334569111.99987,32,25,1,2,-2399915.550118074,5383082.5444586845,2429749.0702202944,40856.63282317128,22.540024803894,114.028538692794,7.68121800753022,1.42486310596936,1
976,train,2206,380312.99986649,1334569112.99987,32,23,1,2,-2399917.171848588,5383081.06456526,2429747.2565397304,40280.29466158693,22.5400279010462,114.028552700999,7.64782607439747,1.35466045467636,1
977,train,2206,380313.99986748,1334569113.99987,30,22,1,2,-2399918.021378482,5383079.222060535,2429746.2295913603,39705.55931218463,22.5400308956289,114.028567202401,7.42794102308565,1.44720957627871,1
978,train,2206,380314.99986938,1334569114.99987,30,21,1,2,-2399920.521837504,5383082.082582522,2429746.3028709297,39133.06946017497,22.5400340982892,114.028578694819,7.39776294757528,1.23511580563061,1
979,train,2206,380315.999870109,1334569115.99987,30,22,1,2,-2399920.1906331973,5383078.91641163,2429745.0208608676,38557.21102350074,22.5400364953773,114.028592698494,7.55127787533235,1.32267068352308,1
980,train,2206,380316.999871641,1334569116.99987,30,22,1,2,-2399927.1943136784,5383084.3881687485,2429748.284322113,37988.5622665622,22.5400394003991,114.028606200139,7.7126941264818,1.29060238636096,1
981,train,2206,380317.999876678,1334569117.99988,32,24,1,2,-2399931.173395825,5383089.493252789,2429758.9181070104,37424.22164843362,22.5400399007083,114.028619996283,7.6288318851137,1.3044057289802,1
982,train,2206,380318.99987821,1334569118.99988,31,24,1,2,-2399932.6698254873,5383090.3699541455,2429760.7322922535,36851.1420658051,22.5400425968596,114.028635500229,7.80421737842092,1.42244608537365,1
983,train,2206,380319.999878963,1334569119.99988,31,26,1,2,-2399924.248334322,5383076.630112993,2429751.6948251943,36264.52465573304,22.5400439954024,114.028650400894,8.04411229248717,1.43903362825472,1
984,train,2206,380320.999880873,1334569120.99988,33,25,1,2,-2399925.2126963153,5383073.924851012,2429747.8259935165,35687.23510090004,22.5400451992972,114.028664696241,7.9237385405388,1.43493595988342,1
985,train,2206,380321.999882807,1334569121.99988,33,26,1,2,-2399929.532152402,5383074.510779019,2429748.481786658,35114.86239928181,22.5400467978347,114.028679396714,8.06330619259061,1.44677883244072,1
986,train,2206,380322.99988473,1334569122.99988,33,26,1,2,-2399936.674360702,5383086.518196691,2429751.9294849867,34550.08376543565,22.540048504175,114.028694196747,8.12978013254425,1.40137992831205,1
987,train,2206,380323.999886641,1334569123.99989,32,28,1,2,-2399939.569218469,5383082.180826142,2429757.2582083424,33977.955148339504,22.5400499966892,114.028708400748,8.27418906052924,1.28866050643448,1
988,train,2206,380324.999888538,1334569124.99989,34,28,1,2,-2399941.08001336,5383084.5521995155,2429758.150340977,33405.045080401294,22.540052597291,114.028723295094,8.60812842129845,1.31484605898138,1
989,train,2206,380325.999890454,1334569125.99989,34,27,1,2,-2399932.706970768,5383072.51733138,2429747.309337097,32816.63232955051,22.5400552980738,114.028736599098,8.88666252570417,1.18093633840083,1
990,train,2206,380326.99989237,1334569126.99989,34,27,1,2,-2399935.8338180776,5383074.400404156,2429751.0429392834,32245.896106732187,22.5400580995994,114.028746594076,9.03396300612549,0.920850946327736,1
991,train,2206,380327.999894286,1334569127.99989,34,28,1,2,-2399937.44986593,5383073.314171791,2429750.8554095128,31672.65946774582,22.5400597012319,114.028752996714,9.17534438424073,0.592010902025918,1
992,train,2206,380328.999896213,1334569128.9999,34,30,1,2,-2399938.9938425827,5383075.19513888,2429755.924552657,31103.20831248011,22.5400602999111,114.028758204334,9.13305026726464,0.399785827481843,1
993,train,2206,380329.999898107,1334569129.9999,33,29,1,2,-2399938.3540598825,5383076.401180783,2429757.0763601046,30529.557634525776,22.5400603028314,114.028763098492,8.92097980211491,0.317651434315128,1
994,train,2206,380330.999900027,1334569130.9999,33,30,1,2,-2399940.340132176,5383081.393865347,2429761.5141660427,29960.56805574303,22.5400607003848,114.028767297657,8.91659816642564,0.280070984092866,1
995,train,2206,380331.999901939,1334569131.9999,34,27,1,2,-2399940.779625782,5383085.886977632,2429766.074086213,29390.715291093304,22.5400619971793,114.028766599901,9.1027522569239,0.242128473944977,1
996,train,2206,380332.999903859,1334569132.9999,34,28,1,2,-2399938.0902363933,5383081.441934657,2429759.072915036,28810.485728225587,22.5400614025871,114.028759702512,9.10751163561823,0.685414807087152,1
997,train,2206,380333.999905772,1334569133.99991,34,26,1,2,-2399938.0748587046,5383085.235201534,2429760.8036405747,28239.179692742622,22.5400585023325,114.028749599998,8.9135406886538,1.05411899485421,1
998,train,2206,380334.999907688,1334569134.99991,34,25,1,2,-2399937.2957442743,5383091.41040291,2429765.0892761247,27670.332363626203,22.5400557988406,114.028736803403,9.04532769153575,1.30624411641285,1
999,train,2206,380335.999909584,1334569135.99991,34,24,1,2,-2399936.0154831954,5383089.683477626,2429759.45781485,27091.673278877846,22.5400540007256,114.028723899872,9.1363696893186,1.33088922673385,1
1000,train,2206,380336.999911511,1334569136.99991,34,24,1,2,-2399936.622416061,5383093.387273812,2429760.9060527137,26520.12360533615,22.5400529998203,114.028711103155,9.05123442825625,1.34335256079718,1
1001,train,2206,380337.999913448,1334569137.99991,34,26,1,2,-2399933.6898700544,5383089.90696239,2429754.0731733344,25940.57531025962,22.5400505032455,114.02869850182,8.99477845641413,1.33983084073115,1
1002,train,2206,380338.999915353,1334569138.99992,34,22,1,2,-2399931.015968023,5383092.796539113,2429760.098760614,25370.9734302389,22.540048102451,114.028686003865,8.97275069896435,1.39769683789016,1
1003,train,2206,380339.999917266,1334569139.99992,34,23,1,2,-2399929.8796938774,5383093.470800946,2429761.3606895655,24798.077196877126,22.5400457998988,114.028672400016,8.99753747557829,1.48154140240627,1
1004,train,2206,380340.999919182,1334569140.99992,34,22,1,2,-2399931.411494714,5383097.463704686,2429760.689141563,24224.365543468364,22.5400442034643,114.028658899626,9.06347421303225,1.45124058166687,1
1005,train,2206,380341.999921095,1334569141.99992,34,21,1,2,-2399930.159828909,5383100.319688304,2429755.227619217,23647.977180989234,22.5400425032604,114.028645399984,9.33450589880706,1.37529284156586,1
1006,train,2206,380342.999923009,1334569142.99992,34,24,1,2,-2399928.0193164963,5383094.94458844,2429754.3060306595,23071.12204365666,22.5400408996242,114.028634003999,9.48326808888199,1.22317954207274,1
1007,train,2206,380343.999924919,1334569143.99992,34,25,1,2,-2399925.5844358723,5383093.367494234,2429755.930394603,22497.421923848317,22.5400372031042,114.028618598707,9.56434822344334,1.57724035392989,1
1008,train,2206,380344.99992684,1334569144.99993,34,27,1,2,-2399925.660533684,5383093.432022206,2429761.2323602107,21926.174752851923,22.5400342982241,114.028604004143,9.7185428652414,1.57921344765726,1
1009,train,2206,380345.999928755,1334569145.99993,34,26,1,2,-2399924.402777494,5383094.455282448,2429762.4128632075,21354.12089440813,22.540032600247,114.028590897612,9.39156751045634,1.48738589582111,1
1010,train,2206,380346.999930662,1334569146.99993,34,26,1,2,-2399920.9883586746,5383089.8231293615,2429752.7334152074,20771.884754814786,22.5400299025326,114.028577504144,9.28180014604433,1.4920821925235,1
1011,train,2206,380347.999932582,1334569147.99993,34,25,1,2,-2399916.97537421,5383089.894462884,2429749.2758737574,20194.687272614374,22.5400275002145,114.02856269795,9.02536594284057,1.55900722075272,1
1012,train,2206,380348.999934491,1334569148.99993,34,25,1,2,-2399914.568714691,5383087.518410977,2429748.178186323,19619.073459865358,22.5400249976482,114.028547998701,8.91308266565281,1.49350938965284,1
1013,train,2206,380349.999936404,1334569149.99994,34,26,1,2,-2399915.8188629956,5383092.761320334,2429755.5828859485,19052.539448899788,22.5400233028014,114.028533204532,9.14616410736764,1.52779357716511,1
1014,train,2206,380350.999938319,1334569150.99994,34,27,1,2,-2399916.3104911484,5383093.573443308,2429753.2734402264,18477.027793828493,22.540021500372,114.028519100538,9.06360060582337,1.53283919247669,1
1015,train,2206,380351.999940219,1334569151.99994,33,26,1,2,-2399914.9540453264,5383099.464671173,2429755.8811795614,17907.76957412236,22.5400211012428,114.028505297039,8.90397745099466,1.43762127307382,1
1016,train,2206,380352.999940879,1334569152.99994,34,27,1,2,-2399914.340737937,5383097.218810688,2429754.1119091613,17331.665143365743,22.5400196998254,114.028492800805,8.56049541407292,1.27975605363518,1
1017,train,2206,380353.999944063,1334569153.99994,34,26,1,2,-2399908.1951061236,5383092.635641958,2429750.897974028,16752.985000697037,22.540020698659,114.028480602921,8.49744123930622,1.24115135639337,1
1018,train,2206,380354.999947249,1334569154.99995,34,24,1,2,-2399906.62616766,5383093.453275127,2429751.318924754,16178.974784527492,22.5400193018447,114.028468903112,8.74494726443853,1.24124233833582,1
1019,train,2206,380355.99994791,1334569155.99995,34,23,1,2,-2399904.870636215,5383095.649871599,2429747.0866352785,15603.714068306013,22.5400172964021,114.028456503135,8.71395158578604,1.23308110979863,1
1020,train,2206,380356.999949812,1334569156.99995,34,27,1,2,-2399905.736691043,5383096.50017997,2429755.8583011855,15035.733537651271,22.540013396919,114.028439999993,9.08921125582719,1.63888242860616,1
1021,train,2206,380357.999951731,1334569157.99995,34,27,1,2,-2399904.5376188396,5383099.223504752,2429756.9298300315,14462.755074158738,22.54000919761,114.028425497375,9.16356688942605,1.54751862602232,1
1022,train,2206,380358.999953645,1334569158.99995,34,26,1,2,-2399902.8006228465,5383096.314313214,2429748.7177995886,13882.469151561418,22.5400051017034,114.028410499646,9.11377895322996,1.46273799952439,1
1023,train,2206,380359.999955558,1334569159.99996,32,23,1,2,-2399899.6042717253,5383098.317545366,2429752.7380116866,13312.362584562403,22.5400010031836,114.028397198527,8.8873173687471,1.4780692983492,1
1024,train,2206,380360.999957462,1334569160.99996,33,22,1,2,-2399901.330207855,5383105.893555194,2429753.389308475,12741.263195065148,22.539997497618,114.028383797034,8.7530739251215,1.42852322830712,1
1025,train,2206,380361.999959397,1334569161.99996,33,24,1,2,-2399901.06811363,5383107.040734967,2429755.433694369,12168.37567859712,22.5399929975116,114.028369201692,8.72247099536073,1.55457687660329,1
1026,train,2206,380362.999961324,1334569162.99996,32,26,1,2,-2399899.429041211,5383102.632928233,2429747.5865382836,11587.5415022882,22.5399874028353,114.028355201278,8.66043502133596,1.52453019174958,1
1027,train,2206,380363.999963223,1334569163.99996,32,24,1,2,-2399898.0442420323,5383102.062442261,2429750.070935942,11014.711565047302,22.5399834020913,114.028342702122,8.38701261533273,1.40624254512253,1
1028,train,2206,380364.999965135,1334569164.99997,32,25,1,2,-2399896.958375748,5383105.100902958,2429750.9362196615,10442.276721530892,22.5399786971214,114.028329399672,8.07452988592314,1.51672714873941,1
1029,train,2206,380365.999967059,1334569165.99997,32,25,1,2,-2399895.2878273707,5383104.9620475015,2429747.022237597,9866.45962162159,22.5399753002826,114.028316801799,7.73387667912941,1.30114794996406,1
1030,train,2206,380366.99996896,1334569166.99997,32,24,1,2,-2399895.0519559514,5383109.076643641,2429751.566010718,9295.694661440528,22.5399713020367,114.028301000179,7.93198603039925,1.58578609698044,1
1031,train,2206,380367.99997088,1334569167.99997,32,26,1,2,-2399892.8585446905,5383105.59797473,2429745.4506516494,8716.295596858632,22.5399699996314,114.028287497755,7.53598303659103,1.36232060282706,1
1032,train,2206,380368.999972791,1334569168.99997,32,27,1,2,-2399892.791774885,5383111.259989134,2429749.552761282,8146.846350713682,22.5399672029368,114.028273400495,7.52305549634827,1.44948648607577,1
1033,train,2206,380369.999974696,1334569169.99997,32,26,1,2,-2399891.1766895633,5383114.49620827,2429750.267823185,7575.087938711644,22.5399635986753,114.028256501507,8.38300845641969,1.65395956598774,1
1034,train,2206,380370.999976622,1334569170.99998,31,27,1,2,-2399890.1191168516,5383114.925717095,2429753.175999551,7003.149292523992,22.5399581015894,114.028241904938,8.22709945105135,1.53347875596683,1
1035,train,2206,380371.999978549,1334569171.99998,32,27,1,2,-2399888.806204164,5383112.407804571,2429748.4974817913,6424.491323769252,22.5399549963134,114.028228097916,8.09822826907022,1.50815231444415,1
1036,train,2206,380372.999980456,1334569172.99998,32,28,1,2,-2399885.7861163616,5383112.566464013,2429747.6844761907,5850.315042602453,22.5399518011913,114.028212703778,8.05594087289162,1.52558208686275,1
1037,train,2206,380373.999982371,1334569173.99998,32,27,1,2,-2399885.4095824924,5383114.201603467,2429747.3650099365,5276.967197701624,22.53995010066,114.028198596085,7.76095517499012,1.38930533498689,1
1038,train,2206,380374.99998428,1334569174.99998,32,28,1,2,-2399884.3908679825,5383115.698883621,2429752.2014808897,4705.662969357499,22.5399480992403,114.028183100749,7.82540399322979,1.57325954237721,1
1039,train,2206,380375.999986192,1334569175.99999,33,28,1,2,-2399883.1815443463,5383116.773733765,2429751.2720147166,4131.969114876997,22.5399448007629,114.028168696957,7.83939399796006,1.48352526949169,1
1040,train,2206,380376.999988113,1334569176.99999,32,27,1,2,-2399879.706214597,5383118.326230483,2429751.263279336,3557.994653796084,22.5399392002196,114.028153396796,7.85718120455378,1.5155423725434,1
1041,train,2206,380377.999990029,1334569177.99999,33,28,1,2,-2399878.900318098,5383112.247327235,2429744.131095359,2977.542519779742,22.5399349947654,114.028139097694,7.63316373094561,1.52695810234104,1
1042,train,2206,380378.999991939,1334569178.99999,32,28,1,2,-2399874.5870766067,5383109.496483068,2429742.670486361,2400.5744870093063,22.5399312032971,114.028123102125,7.97695847806432,1.46918882391827,1
1043,train,2206,380379.999993852,1334569179.99999,32,27,1,2,-2399875.117904107,5383114.093876967,2429741.9146717824,1830.4627717614308,22.5399285972859,114.028107802293,7.71749007065448,1.55958442415429,1
1044,train,2206,380380.999995771,1334569181.0,31,26,1,2,-2399873.540622469,5383115.064864082,2429742.6889343816,1256.4767159389062,22.5399284050636,114.028092996897,7.57572965285943,1.54585073435471,1
1045,train,2206,380381.999997679,1334569182.0,32,26,1,2,-2399872.5047172033,5383120.550349634,2429749.6529626707,687.6355265542725,22.539923997181,114.028078002167,7.60659850714476,1.54288214359032,1
1046,train,2206,380382.999998433,1334569183.0,32,25,1,2,-2399870.9749386557,5383123.204623229,2429750.389647105,114.5450667842455,22.5399207027896,114.02806300324,7.42645462891261,1.49088965727726,1
1047,train,2206,380384.000002704,1334569184.0,32,23,1,2,-2399875.199172051,5383130.718054788,2429745.124676402,-460.0831711030698,22.53991910255,114.028049000021,7.24558974460336,1.38397149971508,1
1048,train,2206,380385.000003447,1334569185.0,31,23,1,2,-2399874.2072886913,5383136.120039599,2429751.371923399,-1028.2691194046595,22.5399160960566,114.028032601209,7.48689761378908,1.56206342493466,1
1049,train,2206,380386.000005346,1334569186.00001,32,26,1,2,-2399868.0456604096,5383131.309240987,2429751.43235568,-1602.940981735227,22.539913100824,114.028016899471,7.61041594147296,1.58266943281786,1
1050,train,2206,380387.000007263,1334569187.00001,32,27,1,2,-2399869.5627723807,5383131.6253661355,2429748.199533366,-2179.0679561414845,22.5399100027513,114.028001793977,7.91528959128865,1.57029835898434,1
1051,train,2206,380388.00000917,1334569188.00001,32,26,1,2,-2399866.15821561,5383128.046010524,2429744.0418128776,-2756.8434480652895,22.5399066011597,114.027986898438,7.94636059326613,1.49589807892501,1
1052,train,2206,380389.000011087,1334569189.00001,31,26,1,2,-2399865.871093501,5383134.147695433,2429748.6063052546,-3325.7386227436737,22.5399013002384,114.027972098618,7.98854252175766,1.53259361295121,1
1053,train,2206,380390.000013011,1334569190.00001,31,25,1,2,-2399864.0864021466,5383132.941034314,2429747.882187135,-3901.548909063038,22.5398954990841,114.027955199916,8.52942305206082,1.51158050821453,1
1054,train,2206,380391.000014915,1334569191.00002,31,26,1,2,-2399862.284347826,5383132.010278627,2429747.451179764,-4476.55701563438,22.5398885045827,114.027943396443,8.4339090400362,1.35237879099785,1
1055,train,2206,380392.000016836,1334569192.00002,31,25,1,2,-2399860.6265215334,5383131.145198681,2429744.356937125,-5051.246061821125,22.5398810035791,114.027931401777,8.28310234391306,1.4161075723936,1
1056,train,2206,380393.000018751,1334569193.00002,32,25,1,2,-2399859.3683818537,5383133.658128165,2429744.5179489236,-5624.0072451305905,22.5398743975202,114.02791829746,8.09699362310762,1.452418469568,1
1057,train,2206,380394.000020668,1334569194.00002,32,25,1,2,-2399859.9685185375,5383136.507233941,2429745.2389188707,-6196.708521338697,22.5398678999987,114.027904504236,7.81409809348998,1.48498701961126,1
1058,train,2206,380395.000022579,1334569195.00002,32,27,1,2,-2399856.8464242923,5383132.632384615,2429741.1137510855,-6774.351710281741,22.5398621000635,114.027891603963,7.59811635439586,1.44869748843027,1
1059,train,2206,380396.000024502,1334569196.00002,32,26,1,2,-2399857.416631874,5383138.439156175,2429741.0825381633,-7345.1953574678655,22.539855599455,114.027877496625,7.43343484808554,1.49790844548182,1
1060,train,2206,380397.000026415,1334569197.00003,32,25,1,2,-2399856.2774748704,5383138.58120906,2429739.4845914696,-7920.296462755944,22.5398498018227,114.027863699938,7.42554422663713,1.45013244736861,1
1061,train,2206,380398.000028328,1334569198.00003,32,27,1,2,-2399854.1223387234,5383136.02839169,2429734.311399506,-8497.672965189055,22.5398433028248,114.027849304235,7.08303491887994,1.540570903562,1
1062,train,2206,380399.000030241,1334569199.00003,31,26,1,2,-2399853.237904285,5383138.52677188,2429739.209603905,-9067.970286859,22.5398379963736,114.027835200485,6.71973626874311,1.55510451725433,1
1063,train,2206,380400.000032155,1334569200.00003,31,26,1,2,-2399854.2669843445,5383138.323826649,2429732.903144855,-9646.056915354577,22.5398293997157,114.027822599315,6.56907126738381,1.56884655718902,1
1064,train,2206,380401.000034073,1334569201.00003,31,26,1,2,-2399849.7850426356,5383147.160360386,2429734.4309126684,-10211.673362007894,22.5398202983024,114.02780989785,6.54788663454603,1.5120353119393,1
1065,train,2206,380402.000035985,1334569202.00004,31,24,1,2,-2399849.057162785,5383162.952850541,2429729.5280392882,-10777.147301779276,22.539811097013,114.027798798989,6.45943461164218,1.51474777621003,1
1066,train,2206,380403.00003789,1334569203.00004,31,24,1,2,-2399844.8130979827,5383161.422728923,2429719.592894502,-11356.162414428782,22.539802396321,114.027789904577,6.26872983183132,1.32897403825284,1
1067,train,2206,380404.000039808,1334569204.00004,30,25,1,2,-2399844.970806325,5383146.403157428,2429720.3929566443,-11938.737958367536,22.5397915979264,114.027783300215,6.0716151472171,1.30365389260597,1
1068,train,2206,380405.000041761,1334569205.00004,31,26,1,3,-2399836.422724006,5383173.685251058,2429715.7717328547,-12506.56983532056,22.5397793986162,114.027778697312,6.22480581690858,1.32446022534562,1
1069,train,2206,380406.000043696,1334569206.00004,31,27,1,2,-2399827.6080207806,5383179.265968855,2429719.926895441,-13080.729519639905,22.5397670965493,114.027772895696,5.92021637216147,1.36059333996726,1
1070,train,2206,380407.000045611,1334569207.00005,32,28,1,2,-2399825.526786203,5383182.563355348,2429727.221873924,-13648.512427325319,22.5397564035088,114.027768497745,5.68457442050105,1.27583468236447,1
1071,train,2206,380408.000047523,1334569208.00005,32,27,1,2,-2399820.4885807373,5383182.471898865,2429724.5147897247,-14224.629564982175,22.539746597396,114.027762900389,5.20967233948424,1.40519813004737,1
1072,train,2206,380409.000048281,1334569209.00005,31,27,1,2,-2399827.1946625826,5383197.272810991,2429726.5317416806,-14789.845440477726,22.5397364997644,114.027759503881,4.95864933784028,1.25102071845416,1
1073,train,2206,380410.000052547,1334569210.00005,31,26,1,3,-2399830.8294194364,5383217.015248998,2429729.498107625,-15351.60322996962,22.5397269028204,114.02775480472,4.39925711964905,1.17089606746999,1
1074,train,2206,380411.000053293,1334569211.00005,31,28,1,2,-2399829.7797212135,5383201.19731916,2429726.1786614326,-15936.04509796595,22.5397178954852,114.027755599117,3.9251338699059,1.01092709496522,1
1075,train,2206,380412.000055194,1334569212.00006,33,29,1,2,-2399833.129577842,5383203.837999173,2429723.9119227356,-16510.195272709727,22.5397086974818,114.027759499714,3.5384069611776,1.09661725615296,1
1076,train,2206,380413.000057102,1334569213.00006,31,28,1,2,-2399831.1333657955,5383204.627775305,2429722.4841433587,-17083.641606857593,22.5396972997495,114.027759198812,2.49942681177865,1.45841198348459,1
1077,train,2206,380414.000057858,1334569214.00006,32,28,1,2,-2399829.889372242,5383205.282175952,2429721.46629635,-17656.80870130399,22.5396858981406,114.027755000798,2.47111967455869,1.36515578739513,1
1078,train,2206,380415.000062126,1334569215.00006,32,28,1,2,-2399827.470234063,5383205.836592968,2429718.5839610137,-18231.882686724566,22.5396760955829,114.027754597163,2.20919974488437,1.25671514768909,1
1079,train,2206,380416.000062875,1334569216.00006,32,28,1,2,-2399825.652415619,5383204.2365040155,2429714.401584979,-18807.045397992577,22.5396643984486,114.02775219794,1.53708640672221,1.35810257460084,1
1080,train,2206,380417.000064778,1334569217.00006,32,28,1,2,-2399823.777189332,5383207.350219247,2429712.663133708,-19380.147976521606,22.5396545015775,114.027749500305,1.37860090671304,1.24077434091892,1
1081,train,2206,380418.000066684,1334569218.00007,31,28,1,2,-2399821.4802548727,5383209.018077125,2429709.4395707375,-19954.35847100861,22.5396417997562,114.027748098306,0.541502103080741,1.4151299571297,1
1082,train,2206,380419.000068603,1334569219.00007,31,28,1,2,-2399822.341578196,5383207.57119196,2429711.0829504263,-20528.067994461984,22.5396305996344,114.02774899416,0.167247462914107,1.270284722847,1
1083,train,2206,380420.000070521,1334569220.00007,31,29,1,2,-2399826.021493893,5383205.922807458,2429705.258521511,-21105.25025564307,22.5396191996555,114.027749302195,0.02371039353851,1.10370861788266,1
1084,train,2206,380421.00007242,1334569221.00007,31,27,1,2,-2399820.970996393,5383196.582386514,2429704.04276589,-21687.850721446986,22.539609000885,114.02774990344,-0.268159305736743,1.12873939056587,1
1085,train,2206,380422.000074211,1334569222.00007,31,28,1,2,-2399825.3975683795,5383200.853813956,2429704.165347485,-22259.449569538876,22.5395999017102,114.027751496733,-0.597760157622675,1.08366443419552,1
1086,train,2206,380423.000076247,1334569223.00008,31,28,1,2,-2399827.8881746684,5383199.025058633,2429702.694402142,-22834.39400616207,22.5395898956167,114.027747898364,-0.421911738006551,1.06404142909456,1
1087,train,2206,380424.000078041,1334569224.00008,32,27,1,2,-2399831.9213214293,5383199.396128933,2429700.5474718735,-23409.58850651452,22.5395807993076,114.027748100222,-0.486184734119434,1.05400428780952,1
1088,train,2206,380425.000080077,1334569225.00008,32,27,1,2,-2399834.3030083105,5383200.51485218,2429700.827914625,-23982.204000198315,22.5395717006057,114.027750500545,-0.985492629521412,1.11663353747063,1
1089,train,2206,380426.000080504,1334569226.00008,31,26,1,2,-2399838.796330186,5383204.571797228,2429702.204968699,-24552.33086910337,22.5395623015725,114.027748402489,-0.893356198799383,1.04345438693073,1
1090,train,2206,380427.000085583,1334569227.00009,32,26,1,2,-2399838.1171286334,5383203.395296185,2429698.3468597224,-25128.930241735376,22.5395550962905,114.027750602369,-1.28479556268144,0.980053989923787,1
1091,train,2206,380428.00008582,1334569228.00009,31,26,1,2,-2399837.5586716398,5383204.980851409,2429698.0139982942,-25704.235501773936,22.5395473030101,114.027749996146,-1.72284788292416,1.02218918879503,1
1092,train,2206,380429.00008586,1334569229.00009,32,25,1,2,-2399837.7990867477,5383199.901891514,2429692.9156338987,-26280.806418242228,22.5395394996469,114.027748002688,-1.34948050006073,0.979220481943025,1
1093,train,2206,380430.000092648,1334569230.00009,32,27,1,2,-2399837.4812594964,5383200.0456439415,2429697.1152418177,-26852.78423130976,22.5395311010917,114.027745797264,-1.21906387194355,0.94770340891506,1
1094,train,2206,380431.000091554,1334569231.00009,32,28,1,2,-2399837.282954338,5383199.983633045,2429697.4930739007,-27428.079794269073,22.5395232982355,114.027748498906,-1.66758414518136,0.983976883983388,1
1095,train,2206,380432.0000926,1334569232.00009,31,27,1,2,-2399836.429706744,5383198.314794513,2429697.508201318,-28003.48061060152,22.5395152967288,114.027746799621,-1.79962425281626,0.904250497353075,1
1096,train,2206,380433.000093348,1334569233.00009,31,25,1,2,-2399842.0099113085,5383203.512092464,2429703.8732986255,-28571.29651347052,22.5395111967949,114.027739100025,-1.26910021682884,0.587334446718567,1
1097,train,2206,380434.000093941,1334569234.00009,31,25,1,2,-2399838.185923862,5383189.45044492,2429699.9199187546,-29154.730435391986,22.5395104016669,114.027730704087,-0.816867542567462,0.358573481055253,1
1098,train,2206,380435.000094564,1334569235.00009,29,23,1,2,-2399839.0296848854,5383200.743328214,2429705.7035979903,-29719.992456309992,22.5395090974786,114.027728502625,-0.941065313652682,0.357370158824062,1
1099,train,2206,380436.00009556,1334569236.0001,30,26,1,2,-2399835.4878017926,5383187.934391172,2429694.605822299,-30305.040729133332,22.5395032026287,114.027730298076,-1.29353277054336,0.582512545983153,1
1100,train,2206,380437.000097566,1334569237.0001,30,27,1,2,-2399835.1580068194,5383188.329553856,2429693.6561811254,-30879.467090537903,22.5394943028502,114.027732404661,-1.71293597574128,0.856575136167829,1
1101,train,2206,380438.000101369,1334569238.0001,30,27,1,2,-2399837.396740001,5383184.095962842,2429693.2197301555,-31456.09236999053,22.5394850027556,114.027730601304,-2.0568034670871,0.954598594519218,1
1102,train,2206,380439.000106914,1334569239.00011,30,28,1,2,-2399837.569716113,5383178.068306573,2429692.119991515,-32033.70380379088,22.5394741020496,114.02772530431,-1.55356433787461,0.995688719560485,1
1103,train,2206,380440.000112421,1334569240.00011,30,28,1,2,-2399836.127368171,5383170.097477529,2429689.0075026373,-32613.310493597306,22.5394649025608,114.027723798352,-1.4963691805218,0.916639745632737,1
1104,train,2206,380441.000116158,1334569241.00012,30,25,1,2,-2399837.4275961546,5383166.745462968,2429691.4880233305,-33187.901264973436,22.5394572980923,114.027724396463,-1.85172150676479,0.796589769885687,1
1105,train,2206,380442.000118123,1334569242.00012,30,27,1,2,-2399838.713674727,5383174.758409399,2429692.170939915,-33757.58177507318,22.5394502038081,114.027721997009,-1.60225852189773,0.573974325456887,1
1106,train,2206,380443.00011911,1334569243.00012,30,26,1,2,-2399840.239259005,5383176.335744661,2429693.953165782,-34329.80846358465,22.5394472036896,114.027719899578,-1.36775657143364,0.334457330234435,1
1107,train,2206,380444.000119738,1334569244.00012,30,26,1,2,-2399838.6878568,5383171.086011087,2429689.594776877,-34906.82956995879,22.5394430976609,114.02771750355,-0.84089447252642,0.290392929523217,1
1108,train,2206,380445.000120346,1334569245.00012,30,25,1,2,-2399833.169215363,5383171.800740284,2429686.866355229,-35479.9986274127,22.5394396981822,114.027713497947,-0.411259835714401,0.291539093545159,1
1109,train,2206,380446.000121116,1334569246.00012,31,25,1,2,-2399827.833535753,5383155.851924014,2429682.9859094354,-36064.692215499635,22.5394364974826,114.027708996248,0.103625984030367,0.269463751150503,1
1110,train,2206,380447.000122192,1334569247.00012,31,26,1,2,-2399833.5116082206,5383160.264549118,2429682.5436718822,-36637.809786669975,22.5394333015735,114.027705901477,0.567679599945856,0.221100681352638,1
1111,train,2206,380448.000121567,1334569248.00012,30,27,1,2,-2399828.560583826,5383151.8164242,2429679.6937508993,-37217.129523911804,22.5394283042237,114.027702405284,1.12104947145021,0.222253048073361,1
1112,train,2206,380449.000127396,1334569249.00013,30,22,1,2,-2399833.4931895914,5383148.091191443,2429680.356864778,-37793.497892335334,22.5394246039395,114.02769670059,1.87094894799423,0.25873636547298,1
1113,train,2206,380450.000127948,1334569250.00013,31,23,1,3,-2399837.1733117313,5383171.805539765,2429693.3510898147,-38349.322360742255,22.5394221992365,114.027695197841,2.19435307269839,0.165312028256073,1
1114,train,2206,380451.000129848,1334569251.00013,30,25,1,2,-2399833.144446465,5383175.517070455,2429693.331579332,-38919.162426479605,22.5394200995482,114.027693200076,2.38155237006559,0.14490535348622,1
1115,train,2206,380452.000131766,1334569252.00013,28,24,1,2,-2399837.2903059856,5383182.224606324,2429694.5280588637,-39489.524186146155,22.5394174997217,114.027689299959,2.57696744916268,0.138921547909744,1
1116,train,2206,380453.000133679,1334569253.00013,30,25,1,2,-2399830.462625513,5383175.847374109,2429688.889679745,-40068.209050993966,22.5394154989148,114.027686802979,2.66212547174997,0.126959705124395,1
1117,train,2206,380454.00013559,1334569254.00014,28,25,1,2,-2399834.091889804,5383177.069317837,2429687.416808962,-40642.265447560596,22.5394162015357,114.027685801563,2.64943700108625,0.117519988132538,1
1118,train,2206,380455.000137508,1334569255.00014,28,25,1,2,-2399834.092882625,5383176.443776175,2429686.8753255466,-41216.90161702396,22.5394142044957,114.027684496908,2.53792402616332,0.122152567024092,1
1119,train,2206,380456.00013942,1334569256.00014,30,24,1,2,-2399834.159647226,5383176.371200892,2429685.858528885,-41791.09453160587,22.5394121022698,114.027681803401,2.71535662188684,0.11263151714333,1
1120,train,2206,380457.000141331,1334569257.00014,29,25,1,2,-2399835.7794541675,5383177.679700484,2429687.087472566,-42363.86078314171,22.5394104007313,114.02767920311,2.871970096941,0.108163464444251,1
1121,train,2206,380458.000143247,1334569258.00014,30,26,1,2,-2399834.7390633025,5383176.602503996,2429685.910090741,-42939.11193631599,22.5394082011056,114.027675995273,2.9553788510584,0.107310224863562,1
1122,train,2206,380459.000145161,1334569259.00015,29,26,1,2,-2399834.924724182,5383177.335066648,2429686.200629886,-43512.59136122182,22.539405897841,114.027672502417,3.40038590110331,0.0895054127434898,1
1123,train,2206,380460.000147073,1334569260.00015,28,26,1,2,-2399835.214304867,5383179.570680133,2429687.7724167313,-44084.92987206392,22.5394034018131,114.027668903575,3.58115246999527,0.0851066591772562,1
1124,train,2206,380461.000148988,1334569261.00015,28,26,1,2,-2399836.210666373,5383181.655653238,2429688.9046137715,-44657.06512112728,22.5394005953691,114.027664996447,3.78213257014318,0.080872796099009,1
1125,train,2206,380462.000150902,1334569262.00015,29,27,1,2,-2399835.8343204083,5383180.999843433,2429688.533538952,-45231.987125896834,22.5393980006511,114.027661302934,3.95010542021732,0.0742447996797374,1
1126,train,2206,380463.000152817,1334569263.00015,29,27,1,2,-2399836.5813678573,5383183.6255590115,2429689.5950734057,-45804.363298163706,22.5393963037082,114.02765939822,3.94113270813818,0.0713518728908122,1
1127,train,2206,380464.000154731,1334569264.00015,29,26,1,2,-2399837.478392969,5383185.903063755,2429691.170759491,-46376.726051900616,22.5393937988268,114.027656300216,4.27556950080891,0.0616971920221946,1
1128,train,2206,380465.000156644,1334569265.00016,30,27,1,2,-2399838.4316819957,5383188.5637338245,2429692.6115884655,-46948.92346084365,22.5393912955028,114.02765229526,4.6930715985665,0.0541348116228786,1
1129,train,2206,380466.000158558,1334569266.00016,30,26,1,2,-2399838.9777614833,5383188.981329077,2429693.558134281,-47523.08463560465,22.5393893014046,114.027650100912,5.00338905547531,0.0600084044667505,1
1130,train,2206,380467.000160471,1334569267.00016,30,26,1,2,-2399836.1576749072,5383186.079707341,2429690.895606257,-48099.95317188735,22.5393853976386,114.027647398889,5.26237427019805,0.0713782641084763,1
1131,train,2206,380468.000162375,1334569268.00016,31,25,1,2,-2399832.6878457954,5383175.902961366,2429687.3887273837,-48679.800110847886,22.5393828014986,114.027643102014,5.35765601860875,0.103839989943142,1
1132,train,2206,380469.000164308,1334569269.00016,30,25,1,2,-2399828.721100607,5383165.172745047,2429683.518369375,-49261.008518579954,22.5393835024054,114.027641395941,5.34545524755422,0.0761385163298278,1
1133,train,2206,380470.000166224,1334569270.00017,30,26,1,2,-2399826.2558551733,5383167.609203734,2429683.4116658485,-49835.626529613415,22.539383400408,114.027640796791,5.33354589447516,0.0542173805645266,1
1134,train,2206,380471.000168098,1334569271.00017,30,24,1,2,-2399828.636976787,5383163.944478943,2429681.521748065,-50412.03919106802,22.5393825999896,114.027636604506,5.58886513321928,0.176667650576771,1
1135,train,2206,380472.000168905,1334569272.00017,29,24,1,2,-2399832.061966256,5383158.8564930605,2429681.171545685,-50988.105855067486,22.5393811027713,114.027634394659,5.91530977204304,0.0494796580136391,1
1136,train,2206,380473.000169768,1334569273.00017,30,26,1,2,-2399830.135243197,5383163.217424176,2429682.548506272,-51561.1866883924,22.5393807013463,114.027634195247,5.81109264439832,0.0637296229750805,1
1137,train,2206,380474.000173791,1334569274.00017,29,20,1,2,-2399822.4472892773,5383149.847718729,2429675.1549858716,-52147.62900492198,22.5393831021334,114.027637505525,5.80716870249367,0.428603442036588,1
1138,train,2206,380475.000177878,1334569275.00018,27,20,1,2,-2399830.599422412,5383162.337624589,2429683.7843238926,-52709.748311608986,22.5393807959865,114.027635197702,6.34411968612044,0.0877447273385082,1
1139,train,2206,380476.000178783,1334569276.00018,27,22,1,2,-2399828.174365219,5383165.211524511,2429681.6375209964,-53283.88414827832,22.539378596499,114.027633897821,6.32312612688437,0.104344970940766,1
1140,train,2206,380477.000179607,1334569277.00018,28,25,1,2,-2399830.9431131314,5383168.111929153,2429684.270626861,-53855.779747865905,22.5393720953561,114.02763109743,6.33579378406261,0.561695274763494,1
1141,train,2206,380478.000181512,1334569278.00018,29,26,1,2,-2399831.655208564,5383170.799021228,2429681.400620527,-54428.743355906765,22.5393646960158,114.027628095671,6.28295995106244,0.862788909745557,1
1142,train,2206,380479.000182166,1334569279.00018,29,27,1,2,-2399833.0470005134,5383170.788066359,2429681.859854613,-55003.238926692706,22.5393566977784,114.027628796783,6.29869647115834,0.991578195509087,1
1143,train,2206,380480.000184116,1334569280.00018,29,26,1,2,-2399829.78463444,5383164.318111712,2429677.9428701056,-55582.15409747547,22.5393469030538,114.027629498826,6.02684063952719,1.0149895167242,1
1144,train,2206,380481.000190437,1334569281.00019,29,25,1,2,-2399829.555121748,5383165.299897122,2429676.7813331303,-56155.459151659124,22.5393385965725,114.027630196888,5.71531488983911,0.94834968880184,1
1145,train,2206,380482.000189183,1334569282.00019,29,26,1,2,-2399833.6238272274,5383163.108040345,2429676.9826391297,-56728.94412229751,22.5393315008628,114.027629396017,5.32336405703084,0.871830900607603,1
1146,train,2206,380483.000190093,1334569283.00019,29,26,1,2,-2399837.1491524144,5383167.090008516,2429678.2867147797,-57300.29806689014,22.5393239998337,114.027631301815,5.30559401208395,0.944662282258299,1
1147,train,2206,380484.000190741,1334569284.00019,29,25,1,2,-2399837.418316998,5383166.944913093,2429680.7723289654,-57872.81037050583,22.5393164019408,114.027634496468,5.38412017390215,0.973939868921516,1
1148,train,2206,380485.000191278,1334569285.00019,29,24,1,2,-2399837.718233548,5383165.397625751,2429679.9048548597,-58447.21650229825,22.5393064943352,114.027636004091,5.27274876559125,1.15259339995634,1
1149,train,2206,380486.000191946,1334569286.00019,29,26,1,2,-2399835.355679727,5383162.66475561,2429673.790583435,-59025.7044094613,22.5392952016328,114.027638804061,4.88922860990195,1.26585819572051,1
1150,train,2206,380487.000193234,1334569287.00019,30,22,1,2,-2399832.623386907,5383166.419238445,2429672.10921634,-59598.37059991827,22.5392835975902,114.02763890153,4.55755324135487,1.1878693459005,1
1151,train,2206,380488.000195986,1334569288.0002,29,25,1,2,-2399836.721048698,5383169.4174536625,2429670.7534687393,-60169.58116463102,22.5392716009058,114.027639001222,4.1036268225696,1.22402810159117,1
1152,train,2206,380489.000200834,1334569289.0002,28,26,1,2,-2399836.985710054,5383168.949282038,2429668.1571737425,-60744.59385003535,22.5392601985954,114.027643801357,3.72070349218079,1.27507199398006,1
1153,train,2206,380490.000206666,1334569290.00021,27,26,1,2,-2399838.8926578253,5383171.100593395,2429666.6910007624,-61317.67823976119,22.5392480989658,114.027645599156,3.80037377471547,1.24625608117437,1
1154,train,2206,380491.00021117,1334569291.00021,28,26,1,2,-2399838.1068943404,5383170.502099215,2429666.454673882,-61890.96706367521,22.539237301427,114.02764470262,3.49081370391211,1.29194922565853,1
1155,train,2206,380492.000213633,1334569292.00021,26,23,1,2,-2399837.3813973065,5383172.707215745,2429667.755415192,-62465.46679743364,22.5392291942304,114.027646903917,3.37924459162281,1.09102193262498,1
1156,train,2206,380493.000214813,1334569293.00021,28,25,1,2,-2399838.3839742923,5383170.381747306,2429669.065360964,-63038.2527514944,22.5392210972097,114.027647399366,2.9179195255907,1.04629868030722,1
1157,train,2206,380494.000215488,1334569294.00022,28,26,1,2,-2399840.3783556777,5383172.67957001,2429667.657153837,-63612.556994526545,22.5392121033158,114.027647000249,2.34369985091224,1.02791594835006,1
1158,train,2206,380495.00021609,1334569295.00022,28,26,1,2,-2399839.7267301483,5383168.494562554,2429664.684886106,-64188.96594316472,22.5392023971306,114.027645699196,2.10566487233479,0.95327201611486,1
1159,train,2206,380496.000216839,1334569296.00022,28,27,1,2,-2399841.3136379328,5383168.791647415,2429664.2049501715,-64763.11897748913,22.5391923958009,114.027643696548,1.9176344950104,0.957348441789412,1
1160,train,2206,380497.000217896,1334569297.00022,28,26,1,2,-2399845.2551936395,5383176.2481614305,2429664.6129083573,-65333.618175036805,22.5391813971674,114.027642997941,1.69043150142694,1.07168584924186,1
1161,train,2206,380498.000217316,1334569298.00022,28,26,1,2,-2399835.957958733,5383165.720203132,2429659.485340366,-65915.53970811142,22.5391684029064,114.027642498098,1.91482130738559,1.22931141034597,1
1162,train,2206,380499.00022314,1334569299.00022,29,25,1,2,-2399835.1573237637,5383163.571065322,2429658.163022182,-66489.5454705718,22.5391584959911,114.027641602793,1.27637528652786,1.1988922651097,1
1163,train,2206,380500.000223665,1334569300.00022,28,24,1,2,-2399837.717902417,5383163.2444659555,2429658.3170938264,-67062.81811532956,22.5391506959397,114.027640396035,0.0732436841728766,1.00316531425124,1
1164,train,2206,380501.00022553,1334569301.00023,30,24,1,2,-2399840.865085045,5383170.750117377,2429659.9799558767,-67632.07917302739,22.5391440986983,114.027640996261,-0.034216936349675,0.783428308279041,1
1165,train,2206,380502.000227429,1334569302.00023,30,25,1,2,-2399843.528255855,5383175.621389039,2429662.0715548424,-68202.86979221493,22.5391362014394,114.027642399995,-0.862068772116795,1.0670372945849,1
1166,train,2206,380503.000229393,1334569303.00023,29,26,1,2,-2399844.971709191,5383177.772650524,2429660.7891481174,-68776.3647800401,22.5391274943534,114.027645603338,-0.725015590309367,1.13986476544796,1
1167,train,2206,380504.000231327,1334569304.00023,29,24,1,2,-2399841.140393687,5383175.855913016,2429658.9686871907,-69355.23926160349,22.5391164945478,114.027648003843,-1.0484969900252,1.33494425897722,1
1168,train,2206,380505.000233227,1334569305.00023,29,24,1,2,-2399841.7817967865,5383173.987064413,2429655.1479853285,-69930.53908472942,22.5391074948847,114.02764839903,-1.98895722186424,1.20177885783345,1
1169,train,2206,380506.000235152,1334569306.00024,30,23,1,2,-2399842.751446656,5383173.708428086,2429653.3933161036,-70505.97506256492,22.539101199037,114.027649104933,-2.51591288293986,0.848995157438003,1
1170,train,2206,380507.00023709,1334569307.00024,29,23,1,2,-2399846.4136678753,5383177.870484819,2429654.9102395093,-71076.75914039799,22.5390916010457,114.027650097196,-3.09857867513469,0.927235349216439,1
1171,train,2206,380508.000238998,1334569308.00024,30,22,1,2,-2399851.5937706227,5383185.458800731,2429654.497007416,-71645.87061434909,22.5390813956601,114.027651702674,-3.24010222653872,1.12650881823094,1
1172,train,2206,380509.000240914,1334569309.00024,30,23,1,2,-2399853.1585850916,5383183.226229181,2429651.5344918803,-72220.84477976392,22.5390675956283,114.027652195492,-2.93114410487303,1.23486323592631,1
1173,train,2206,380510.000242824,1334569310.00024,29,22,1,2,-2399853.8778193467,5383190.0617483705,2429650.16596621,-72791.52224425835,22.5390549006839,114.027652899254,-3.34212575270219,1.07629067303801,1
1174,train,2206,380511.000244733,1334569311.00024,31,24,1,2,-2399855.5527324765,5383186.808325071,2429648.0624115625,-73367.08376873072,22.5390411017487,114.027652795492,-3.19786096633589,1.26244122007636,1
1175,train,2206,380512.000246639,1334569312.00025,30,23,1,2,-2399853.6662315032,5383183.998843874,2429645.6295883968,-73943.88020619469,22.5390272981191,114.02765279941,-2.95838403135116,1.37790936685178,1
1176,train,2206,380513.00024857,1334569313.00025,29,23,1,2,-2399855.89417345,5383189.414034431,2429646.51440106,-74514.35938549034,22.5390139965676,114.027652002767,-2.60756336950499,1.36531187067096,1
1177,train,2206,380514.000250496,1334569314.00025,30,23,1,2,-2399853.817919997,5383186.330509489,2429644.3805247275,-75090.65198190974,22.5390009932962,114.027649597787,-2.50069607050809,1.37592259936323,1
1178,train,2206,380515.000252401,1334569315.00025,30,24,1,2,-2399859.0375213814,5383190.901196508,2429644.9122026665,-75659.4751113599,22.5389888971429,114.027650303091,-2.57589167246025,1.37207986746955,1
1179,train,2206,380516.000254316,1334569316.00025,30,24,1,2,-2399863.424179872,5383197.324130661,2429646.4884365546,-76228.63912245056,22.5389749944383,114.027651696091,-2.84218472682532,1.4948520610661,1
1180,train,2206,380517.000256222,1334569317.00026,29,25,1,2,-2399864.9520509196,5383198.7086271085,2429646.411732323,-76800.57174877377,22.5389620949313,114.027653802401,-3.22731435245577,1.38817954413778,1
1181,train,2206,380518.000258131,1334569318.00026,27,25,1,2,-2399863.773553403,5383195.22371418,2429645.1901960853,-77376.87024438604,22.5389499986665,114.027654498541,-3.4120120981858,1.35541894687162,1
1182,train,2206,380519.000258964,1334569319.00026,28,25,1,2,-2399861.9762595277,5383188.5121494215,2429641.41544202,-77955.73628078343,22.5389368966567,114.027654802889,-3.67539631422529,1.44509630201325,1
1183,train,2206,380520.000259854,1334569320.00026,28,24,1,2,-2399865.594556886,5383194.898871485,2429641.183820694,-78524.72740058652,22.5389237991915,114.027655696553,-3.8251648138393,1.47284767086428,1
1184,train,2206,380521.000263873,1334569321.00026,29,24,1,2,-2399867.984950615,5383192.725956545,2429640.401956543,-79099.3728407824,22.5389111977648,114.027656504531,-3.88289619516185,1.42888343197336,1
1185,train,2206,380522.000267901,1334569322.00027,27,25,1,2,-2399866.372717853,5383191.066162546,2429638.548895613,-79674.69216307285,22.5388975955665,114.027658400433,-3.96580999850006,1.44077164175454,1
1186,train,2206,380523.000268797,1334569323.00027,26,25,1,2,-2399868.087387086,5383190.64059954,2429637.8978388105,-80248.57533407737,22.5388825983332,114.027660496825,-3.95824568952071,1.4729229845739,1
1187,train,2206,380524.000269635,1334569324.00027,26,25,1,2,-2399870.260376074,5383193.186986521,2429637.3411782524,-80820.83262718434,22.5388674954913,114.02766270042,-3.84944038476268,1.46987058213609,1
1188,train,2206,380525.00027155,1334569325.00027,29,25,1,2,-2399870.817185514,5383192.369443768,2429634.713258577,-81395.00004257841,22.5388530923898,114.027665498394,-3.99784060310809,1.55170327786875,1
1189,train,2206,380526.000273458,1334569326.00027,29,24,1,2,-2399865.126608483,5383189.134961223,2429631.8690145486,-81974.29220139308,22.5388392965959,114.027668999765,-4.35252375227626,1.46959480830105,1
1190,train,2206,380527.000275372,1334569327.00028,29,24,1,2,-2399870.5967280488,5383195.841110199,2429632.665375711,-82543.35676047325,22.5388251955409,114.027672801168,-4.33884657534584,1.48512614810763,1
1191,train,2206,380528.000277283,1334569328.00028,29,24,1,2,-2399873.200884358,5383198.514875686,2429633.372147472,-83114.82777722407,22.538810796554,114.027677102019,-4.52743766570586,1.52131045665058,1
1192,train,2206,380529.000279201,1334569329.00028,29,25,1,2,-2399881.755310619,5383205.546385387,2429635.1412199684,-83681.43005552096,22.5387965981942,114.027679094537,-4.68863943239419,1.45445592624318,1
1193,train,2206,380530.000281112,1334569330.00028,29,25,1,2,-2399883.4268864924,5383207.390676822,2429634.5085578505,-84253.99451937851,22.5387821934104,114.027682701339,-4.67486121552061,1.57040480641681,1
1194,train,2206,380531.000283026,1334569331.00028,29,27,1,2,-2399871.7564792633,5383206.85674449,2429633.972235744,-84832.68570173882,22.5387681931824,114.027686898276,-4.92022995918526,1.52425274312708,1
1195,train,2206,380532.000284943,1334569332.00028,29,27,1,2,-2399878.6330006644,5383211.709464105,2429634.7099712444,-85401.53570896744,22.5387550950391,114.027691996391,-4.91582032525599,1.47489818005,1
1196,train,2206,380533.000286855,1334569333.00029,29,28,1,2,-2399882.4998476426,5383211.498228641,2429633.6597735262,-85974.48991281948,22.5387408974207,114.027695296765,-4.97292573203284,1.49731200851834,1
1197,train,2206,380534.00028876,1334569334.00029,29,28,1,2,-2399885.542694838,5383209.006051817,2429632.1979884817,-86548.24435828574,22.5387273967847,114.027700003709,-4.77764336565954,1.44904660473938,1
1198,train,2206,380535.000290681,1334569335.00029,28,27,1,2,-2399886.0196316,5383201.504996138,2429628.9921823354,-87127.4680785357,22.5387119966439,114.027706801773,-5.20001082384915,1.52508801193172,1
1199,train,2206,380536.000292612,1334569336.00029,28,27,1,2,-2399891.4496509926,5383207.422324595,2429629.4547363874,-87696.4432275473,22.5386978925927,114.027713402207,-5.55602155157781,1.58806728204528,1
1200,train,2206,380537.000294523,1334569337.00029,28,26,1,2,-2399892.2603342477,5383209.111005348,2429628.813147306,-88268.6977227306,22.5386844952684,114.027717402568,-5.59967636395223,1.56815103402201,1
1201,train,2206,380538.000296436,1334569338.0003,28,27,1,2,-2399894.2152578537,5383211.324261253,2429627.5930154403,-88840.65635307872,22.5386705959958,114.027722206561,-5.57198092995004,1.53364819605928,1
1202,train,2206,380539.000298354,1334569339.0003,28,27,1,2,-2399894.651205683,5383212.408796701,2429627.4193474473,-89414.76280872204,22.5386569967209,114.027726402617,-5.26432221023439,1.49615885815556,1
1203,train,2206,380540.000300263,1334569340.0003,28,27,1,2,-2399894.2121748687,5383210.449072492,2429625.743753043,-89990.37135069462,22.5386433974373,114.027729907119,-4.81318160962515,1.46030704986135,1
1204,train,2206,380541.000302179,1334569341.0003,28,26,1,2,-2399894.087656492,5383219.210595606,2429626.299707408,-90560.53526327989,22.5386302997622,114.027732302324,-4.80896530283653,1.47659098978568,1
1205,train,2206,380542.000304089,1334569342.0003,28,25,1,2,-2399895.182888769,5383220.714626793,2429624.6304482985,-91132.768176051,22.5386168937862,114.027733798489,-4.74856840624789,1.4789044009047,1
1206,train,2206,380543.000305995,1334569343.00031,28,25,1,2,-2399897.445729617,5383221.800771117,2429623.2856789776,-91705.76779748655,22.5386038939565,114.027735300392,-4.8304450127358,1.4721169684348,1
1207,train,2206,380544.000307937,1334569344.00031,29,25,1,2,-2399896.5753819826,5383221.034813081,2429622.8944371105,-92280.14238646202,22.5385907949019,114.027738797104,-4.88067417673209,1.54683662542842,1
1208,train,2206,380545.000309859,1334569345.00031,28,24,1,2,-2399907.2032548925,5383227.654186494,2429623.8627877864,-92846.13622988154,22.5385781969255,114.027743001856,-4.97584444247747,1.51640038402619,1
1209,train,2206,380546.000311737,1334569346.00031,28,26,1,2,-2399909.978736749,5383223.934379008,2429621.711445352,-93420.45999565658,22.5385661912073,114.027747698979,-5.00987905800548,1.46835413190496,1
1210,train,2206,380547.000313658,1334569347.00031,27,23,1,2,-2399906.546380904,5383236.361281954,2429623.3945545466,-93999.00297804279,22.5385543938535,114.027753600315,-5.01604364762457,1.46325566591218,1
1211,train,2206,380548.000315644,1334569348.00032,27,24,1,2,-2399906.9150761543,5383237.874906354,2429625.0561930677,-94575.0772928156,22.5385415942916,114.027759199142,-4.96353302475391,1.47110104815367,1
1212,train,2206,380549.00031758,1334569349.00032,28,25,1,2,-2399909.7423906713,5383231.794912566,2429622.363702233,-95151.6852922598,22.5385298977979,114.0277645991,-4.98876493820573,1.42638506809648,1
1213,train,2206,380550.000319462,1334569350.00032,28,25,1,2,-2399912.160812129,5383229.244635297,2429621.127550438,-95727.56312691272,22.538518098574,114.027769301571,-5.18490128507059,1.39853653122554,1
1214,train,2206,380551.000320176,1334569351.00032,28,25,1,2,-2399922.151546886,5383238.617864545,2429624.5468444,-96293.14440584014,22.5385045977527,114.027773904203,-5.24014349840459,1.49508238191017,1
1215,train,2206,380552.00032169,1334569352.00032,28,25,1,2,-2399916.1704082103,5383225.5545706125,2429617.3062618356,-96877.6242566654,22.5384916968858,114.027779901702,-5.25192642708185,1.55086312727523,1
1216,train,2206,380553.000326803,1334569353.00033,29,25,1,3,-2399934.1070331354,5383229.688691772,2429617.375858431,-97441.10517543557,22.5384775974116,114.027786502215,-5.41093613152485,1.66882325421796,1
1217,train,2206,380554.000328344,1334569354.00033,29,24,1,2,-2399925.3850740055,5383223.419862859,2429613.2569300146,-98024.05646604995,22.5384639979944,114.027790695659,-5.54673826019219,1.61275116447969,1
1218,train,2206,380555.000329064,1334569355.00033,27,23,1,2,-2399924.8289529784,5383223.953557739,2429611.893215417,-98599.02054301219,22.5384500920134,114.027795000539,-5.66858173748159,1.595808277756,1
1219,train,2206,380556.000330941,1334569356.00033,27,25,1,2,-2399918.8885093112,5383222.3508812385,2429610.8330863356,-99176.2672325961,22.5384361936052,114.027798199357,-5.75845717055447,1.47811754684032,1
1220,train,2206,380557.000332852,1334569357.00033,27,23,1,2,-2399918.852687742,5383222.776589486,2429610.5899745077,-99750.67355434752,22.5384237926358,114.027802899529,-5.7156787806056,1.38328806970344,1
1221,train,2206,380558.000334795,1334569358.00033,27,24,1,2,-2399915.7617336176,5383215.749608603,2429607.4112264584,-100330.54413957315,22.5384126992945,114.027807296542,-5.64088523056628,1.21935345174117,1
1222,train,2206,380559.000336712,1334569359.00034,27,24,1,2,-2399915.8756429143,5383214.795680603,2429606.653861644,-100906.769342722,22.538401496188,114.027811998619,-5.74564383805584,1.22897409499733,1
1223,train,2206,380560.000338613,1334569360.00034,28,24,1,2,-2399913.3480713195,5383224.374021914,2429605.3135558744,-101479.02331177647,22.5383906966495,114.027816002365,-5.96848338849776,1.19689112828942,1
1224,train,2206,380561.000340537,1334569361.00034,27,23,1,2,-2399911.039333892,5383228.524259983,2429603.511488832,-102053.43866890021,22.538377992078,114.027819795415,-6.06406291901949,1.35906326144867,1
1225,train,2206,380562.000342471,1334569362.00034,28,23,1,2,-2399913.560023232,5383231.931718782,2429601.946007665,-102625.72157504529,22.5383644995276,114.027820600055,-5.95187917069697,1.38357787018285,1
1226,train,2206,380563.000344377,1334569363.00034,27,23,1,3,-2399888.777660567,5383203.908576006,2429581.5521911634,-103230.416231731,22.5383498922544,114.027822704312,-5.79796643341397,1.49783653833855,1
1227,train,2206,380564.000346291,1334569364.00035,28,24,1,2,-2399890.6335030254,5383200.631099368,2429579.2320379023,-103806.26611678566,22.5383352934887,114.027825701534,-5.65147583237141,1.51497829440874,1
1228,train,2206,380565.000348204,1334569365.00035,28,24,1,2,-2399891.92869467,5383201.188181377,2429577.407760664,-104380.32408639535,22.5383212009482,114.027826798808,-5.22517769841246,1.43480004256464,1
1229,train,2206,380566.000350113,1334569366.00035,28,25,1,2,-2399884.225588537,5383195.522619724,2429575.4293081923,-104962.27041783088,22.5383064992218,114.027829498754,-5.03299098452567,1.52090933073857,1
1230,train,2206,380567.000352036,1334569367.00035,27,26,1,3,-2399907.619199622,5383217.460402841,2429594.236252219,-105508.60315901459,22.5382931936243,114.027832905175,-4.90277259537641,1.44362882913277,1
1231,train,2206,380568.000353944,1334569368.00035,27,25,1,2,-2399910.0940492167,5383215.0637410935,2429591.8232709705,-106082.79973935094,22.5382801944483,114.027837099514,-4.72649026716201,1.42184120843919,1
1232,train,2206,380569.000355864,1334569369.00036,27,25,1,2,-2399910.2273434233,5383215.684001639,2429591.52422617,-106656.05979872475,22.5382696974175,114.027840399578,-4.41678530344225,1.15774351149779,1
1233,train,2206,380570.000357764,1334569370.00036,27,24,1,2,-2399911.118813665,5383221.528781158,2429590.6187143866,-107228.84003429694,22.538256295319,114.027844695509,-4.15672793162117,1.42754334222208,1
1234,train,2206,380571.000359684,1334569371.00036,27,24,1,2,-2399911.4655854465,5383221.300578076,2429589.5793706616,-107803.72356145913,22.5382420972332,114.027849701132,-3.76762755024867,1.53134523970187,1
1235,train,2206,380572.0003616,1334569372.00036,26,25,1,2,-2399912.2262471262,5383217.346758636,2429587.4290928207,-108378.10666995052,22.5382280956712,114.027854300856,-3.45959096637285,1.54112415150539,1
1236,train,2206,380573.000363514,1334569373.00036,28,25,1,2,-2399912.533005835,5383217.675913628,2429584.5528909354,-108952.31763990008,22.538214391054,114.027857301057,-3.25166723707947,1.50794437368109,1
1237,train,2206,380574.000365409,1334569374.00037,28,25,1,2,-2399911.476970818,5383219.625737067,2429582.7092527356,-109525.9483461351,22.5381997962926,114.027858604944,-3.18192894837343,1.54396651855182,1
1238,train,2206,380575.000367328,1334569375.00037,28,25,1,2,-2399911.637787293,5383223.315220117,2429581.6615990074,-110098.5114261889,22.5381859971644,114.027860403081,-2.92783589636942,1.47441746770657,1
1239,train,2206,380576.000369252,1334569376.00037,28,24,1,2,-2399919.2779059294,5383230.728266859,2429580.8397519216,-110665.23442821036,22.5381715945581,114.027862097428,-2.76588835212962,1.53814206503136,1
1240,train,2206,380577.000371157,1334569377.00037,28,24,1,2,-2399918.81986588,5383233.329681241,2429578.9678099393,-111239.92254200659,22.538157298106,114.027862703666,-2.58788334686833,1.55546390512567,1
1241,train,2206,380578.00037309,1334569378.00037,28,24,1,2,-2399914.7882871046,5383229.843627896,2429576.25110172,-111818.36708769226,22.5381436979727,114.027863804696,-2.51215612908654,1.52594112394923,1
1242,train,2206,380579.000375015,1334569379.00038,28,24,1,2,-2399914.1111204587,5383240.650142065,2429579.2475062753,-112396.2818508687,22.5381291984103,114.027864302301,-2.04778106411122,1.57261658065548,1
1243,train,2206,380580.000376987,1334569380.00038,28,22,1,2,-2399921.720435765,5383252.2319606645,2429582.4864468058,-112965.13769277021,22.5381129939277,114.02786110371,-1.08664528304159,1.53918472630853,1
1244,train,2206,380581.000378878,1334569381.00038,27,23,1,2,-2399919.9287366117,5383243.7604058,2429571.2604225487,-113549.76528914881,22.5380985972694,114.027861396559,-0.837542090563152,1.56098795584861,1
1245,train,2206,380582.000380801,1334569382.00038,27,24,1,2,-2399919.1074386807,5383258.996215949,2429576.40891123,-114116.40432659895,22.5380826907523,114.027858896266,-0.295084728410464,1.54361206965183,1
1246,train,2206,380583.000382712,1334569383.00038,26,24,1,2,-2399918.082091914,5383255.033029974,2429572.7275888785,-114693.76116718042,22.53806709859,114.027856902067,0.100842341177013,1.5667907571804,1
1247,train,2206,380584.000384648,1334569384.00038,28,23,1,3,-2399914.651209245,5383237.68714612,2429567.4028354143,-115279.85452526547,22.5380519965472,114.027856897211,0.399935815256739,1.56601040933308,1
1248,train,2206,380585.000386545,1334569385.00039,26,23,1,2,-2399915.725807542,5383235.037311683,2429566.1625525896,-115855.94915008321,22.5380367940229,114.02785760054,0.780584369643416,1.58343140452202,1
1249,train,2206,380586.000388472,1334569386.00039,28,23,1,2,-2399911.8184173666,5383230.568970258,2429563.682594279,-116434.73852827401,22.5380223959156,114.027858501954,1.22580656159384,1.53030273537294,1
1250,train,2206,380587.000390388,1334569387.00039,27,23,1,2,-2399914.430731297,5383231.857873624,2429560.8914311174,-117008.59005435472,22.5380055954232,114.027856601901,2.21810328905809,1.56440698288894,1
1251,train,2206,380588.000392305,1334569388.00039,28,25,1,2,-2399912.5682424954,5383232.990221587,2429561.0002875035,-117583.6418454858,22.5379907984004,114.027858199451,2.94980710471618,1.51653424351455,1
1252,train,2206,380589.0003942,1334569389.00039,27,25,1,2,-2399913.660787126,5383232.040828481,2429558.4723613155,-118157.81619959886,22.5379752002583,114.027858898267,3.58469113191042,1.59435904447591,1
1253,train,2206,380590.000396127,1334569390.0004,27,25,1,2,-2399910.2396489736,5383228.340332099,2429554.3262212775,-118736.62094753468,22.5379605960706,114.027860700087,3.92052771293201,1.56941096675418,1
1254,train,2206,380591.000398023,1334569391.0004,27,25,1,2,-2399911.8511296227,5383227.845726795,2429551.8970623813,-119310.994191194,22.5379451954032,114.027862298699,4.40882618602484,1.61729855816041,1
1255,train,2206,380592.000399941,1334569392.0004,27,25,1,2,-2399911.546883964,5383231.758922453,2429550.4179273015,-119883.45998497638,22.5379294911267,114.027864101648,4.97036544270222,1.61050410840053,1
1256,train,2206,380593.000401845,1334569393.0004,27,25,1,2,-2399914.8599110306,5383232.5067749955,2429550.5034781806,-120456.7021079259,22.5379142992151,114.027866900779,5.71870873829472,1.58540234592231,1
1257,train,2206,380594.000403819,1334569394.0004,27,25,1,2,-2399914.95651766,5383246.506871244,2429552.199639628,-121032.22203662459,22.5378997991946,114.027868004205,6.18588494835543,1.56460628281135,1
1258,train,2206,380595.000405736,1334569395.00041,28,25,1,2,-2399917.4872531956,5383246.757497095,2429552.141417673,-121608.16861564018,22.5378859964518,114.027871698638,6.65486823557273,1.54481902355478,1
1259,train,2206,380596.00040766,1334569396.00041,29,24,1,3,-2399900.2980069164,5383231.725921655,2429542.848532331,-122202.54283330569,22.5378726939331,114.02787510145,6.96168054726675,1.50441277265831,1
1260,train,2206,380597.000409578,1334569397.00041,28,24,1,2,-2399900.2961407825,5383229.737369196,2429541.323438503,-122778.3552061767,22.5378587976806,114.027879596939,7.35117957362638,1.55914357240498,1
1261,train,2206,380598.000411468,1334569398.00041,27,24,1,2,-2399900.3289031996,5383228.794304157,2429540.078625653,-123353.72760860212,22.5378446954757,114.027883302133,7.65998713413007,1.57662790654255,1
1262,train,2206,380599.000413275,1334569399.00041,27,24,1,2,-2399902.428949707,5383228.846797024,2429540.4908890654,-123926.49326667177,22.5378306955085,114.027886501385,7.86064142438538,1.60270100144261,1
1263,train,2206,380600.000415307,1334569400.00042,28,25,1,3,-2399915.5904890974,5383238.671661408,2429546.335985593,-124487.33075435994,22.5378166960605,114.027890301341,8.11601780956713,1.56465544781906,1
1264,train,2206,380601.000417324,1334569401.00042,27,25,1,2,-2399910.8388449526,5383236.689986347,2429545.233889399,-125064.72858177924,22.5378032920279,114.027892402509,8.26465546660605,1.53914078552207,1
1265,train,2206,380602.000419147,1334569402.00042,28,26,1,3,-2399926.846713271,5383245.722956647,2429549.8133549825,-125625.29166745473,22.5377894931785,114.027895998732,8.4977889462633,1.53943147717469,1
1266,train,2206,380603.000421067,1334569403.00042,27,26,1,2,-2399923.250596142,5383241.0463214535,2429546.213633243,-126204.53208395361,22.5377753960942,114.027900000627,8.69826049435453,1.58869294558669,1
1267,train,2206,380604.000422981,1334569404.00042,28,26,1,2,-2399919.203253601,5383238.070721473,2429544.334714842,-126782.86132740599,22.5377606983077,114.027904199499,8.952061870802,1.59856859783831,1
1268,train,2206,380605.000424877,1334569405.00042,28,25,1,3,-2399905.7069353615,5383224.225181425,2429534.9087554663,-127373.45473702364,22.5377465967345,114.027906306076,9.09381253479114,1.52413306840345,1
1269,train,2206,380606.00042679,1334569406.00043,28,26,1,2,-2399908.551492197,5383231.272538889,2429535.59778617,-127942.07207555267,22.5377327971813,114.027909501365,9.39237908115871,1.47989461085588,1
1270,train,2206,380607.00042871,1334569407.00043,28,26,1,2,-2399908.60474374,5383227.168403878,2429531.585780233,-128518.55766627903,22.5377182912396,114.027914398052,9.72280692577012,1.5475841678523,1
1271,train,2206,380608.000430621,1334569408.00043,29,25,1,2,-2399904.0834773304,5383226.504546585,2429530.8409107514,-129094.06026444602,22.5377035945724,114.027918595985,10.0832876749165,1.56025581290698,1
1272,train,2206,380609.000432539,1334569409.00043,28,24,1,2,-2399905.651005504,5383222.892088236,2429528.9018907663,-129670.87390888477,22.5376902915728,114.027921603717,10.1084983013765,1.48763092790161,1
1273,train,2206,380610.000434453,1334569410.00043,28,23,1,2,-2399907.340943907,5383228.082039185,2429526.439770791,-130242.44176730086,22.5376759889209,114.027924704763,10.4421007237245,1.52079031252824,1
1274,train,2206,380611.000436374,1334569411.00044,28,24,1,2,-2399907.921349538,5383229.757939649,2429525.3411810226,-130816.50639007668,22.5376621905124,114.027926896261,10.5367976428166,1.5389968115432,1
1275,train,2206,380612.000438297,1334569412.00044,28,24,1,2,-2399908.034820229,5383229.490191,2429522.8399703633,-131391.1990267241,22.5376485917452,114.027929297403,10.6095774795044,1.51471620608015,1
1276,train,2206,380613.000440194,1334569413.00044,29,25,1,2,-2399907.951143634,5383226.171341995,2429519.983877393,-131967.26968022258,22.5376367959307,114.02793180099,10.8485069558272,1.25811140630343,1
1277,train,2206,380614.000442107,1334569414.00044,29,23,1,2,-2399898.358656945,5383224.44821384,2429523.1430014186,-132544.44505742835,22.5376273943941,114.027933298904,10.83458238796,1.08515316864561,1
1278,train,2206,380615.000444038,1334569415.00044,28,22,1,2,-2399901.0073415716,5383225.2969998745,2429522.11783547,-133115.79761227977,22.5376214990585,114.027934304627,10.9158279239577,0.679273208162965,1
1279,train,2206,380616.000445952,1334569416.00045,28,23,1,2,-2399901.367261641,5383223.610290122,2429521.399994244,-133691.78583671924,22.5376201954659,114.027935403124,10.9589743368156,0.17855454273099,1
1280,train,2206,380617.000447856,1334569417.00045,28,23,1,2,-2399908.388426664,5383226.3290289175,2429509.1566318837,-134270.4623087648,22.5376204021442,114.027936196921,10.9509549900794,0.0314822928004181,1
1281,train,2206,380618.000449768,1334569418.00045,26,21,1,2,-2399906.637399584,5383212.154628821,2429507.496057379,-134853.9112688268,22.5376202999703,114.027936398553,11.1139229967194,0.0323962541662581,1
1282,train,2206,380619.000451672,1334569419.00045,26,23,1,2,-2399905.211033269,5383209.724238975,2429517.991449219,-135421.24487940947,22.537617900313,114.027937402935,11.4174809050382,0.195232422717044,1
1283,train,2206,380620.000452713,1334569420.00045,28,23,1,2,-2399908.4076540307,5383222.546304568,2429507.009593525,-135994.20986382978,22.5376122951952,114.027938505122,11.4908924212495,0.569450410189365,1
1284,train,2206,380621.000453359,1334569421.00045,28,23,1,2,-2399907.7214635587,5383222.706345163,2429505.714237284,-136569.3137503396,22.5376024976004,114.027937400526,11.558479902911,1.04928474782645,1
1285,train,2206,380622.000454358,1334569422.00045,27,25,1,2,-2399904.8408876006,5383222.276550635,2429516.589393036,-137134.9417994456,22.5375911975785,114.027935601071,11.6907726433236,1.21357974088511,1
1286,train,2206,380623.000457542,1334569423.00046,27,22,1,2,-2399901.4875096153,5383221.907913998,2429500.2264980944,-137720.23828438317,22.5375796919039,114.027929393412,11.9041625441639,1.34074826076239,1
1287,train,2206,380624.000463068,1334569424.00046,28,22,1,2,-2399902.205281527,5383223.468345355,2429498.996600651,-138293.87149895754,22.5375697922732,114.02792069308,11.8091264403217,1.35248627740667,1
1288,train,2206,380625.00046625,1334569425.00047,29,22,1,2,-2399905.1342968135,5383225.1411484415,2429496.3442504965,-138866.1650296677,22.5375620001559,114.027909896811,11.7388638514721,1.34628105391498,1
1289,train,2206,380626.000467247,1334569426.00047,29,20,1,2,-2399904.5351326466,5383230.211584431,2429499.0328076165,-139434.16853234032,22.5375545006055,114.027898897899,11.6530213930978,1.40828127977106,1
1290,train,2206,380627.000467892,1334569427.00047,29,21,1,2,-2399908.1587627754,5383238.344388784,2429503.302996066,-139999.46616305146,22.5375503030275,114.027887192204,11.5498308002194,1.37356852870607,1
1291,train,2206,380628.000468932,1334569428.00047,29,21,1,2,-2399905.8361852644,5383239.635048332,2429503.3667575973,-140574.76595900586,22.5375451962919,114.027874190487,11.4176126690458,1.46425357319398,1
1292,train,2206,380629.000470835,1334569429.00047,28,22,1,2,-2399904.7285917266,5383236.136870544,2429501.7587873098,-141152.4763605471,22.537541495485,114.027859697695,11.408703824206,1.51655026091088,1
1293,train,2206,380630.000472754,1334569430.00047,28,22,1,2,-2399905.002332198,5383240.436502846,2429500.7538315095,-141725.1382523965,22.5375373006093,114.027846594319,11.3227683193222,1.38719273695376,1
1294,train,2206,380631.000473437,1334569431.00047,28,23,1,2,-2399902.5821566307,5383237.208293276,2429501.4879917335,-142299.85805625696,22.5375352038095,114.027831593046,11.3789303501879,1.51383498791915,1
1295,train,2206,380632.000478107,1334569432.00048,28,24,1,2,-2399893.5863190154,5383240.679499775,2429519.0753250928,-142866.25134024673,22.5375332022015,114.027817188325,11.3730563572946,1.50832290558511,1
1296,train,2206,380633.000478497,1334569433.00048,29,24,1,2,-2399894.8924906706,5383238.41705257,2429513.5597436246,-143441.4160505456,22.5375288973062,114.027802491446,11.3476283270181,1.56582165488173,1
1297,train,2206,380634.000478758,1334569434.00048,28,23,1,2,-2399897.2780999844,5383243.855820995,2429516.9485269575,-144009.70049216872,22.5375260976408,114.027787993168,11.2885794040116,1.56510635409323,1
1298,train,2206,380635.000483995,1334569435.00048,27,24,1,2,-2399896.1594074895,5383243.729457874,2429512.2193429405,-144585.78092445678,22.5375217012706,114.027775995803,11.3372159883464,1.43387569090545,1
1299,train,2206,380636.000484251,1334569436.00048,27,23,1,2,-2399896.55356301,5383243.040736692,2429513.5449841474,-145157.69151201862,22.5375187002713,114.027762493686,11.3764222242818,1.33486973969329,1
1300,train,2206,380637.00048463,1334569437.00048,27,23,1,2,-2399894.0156062436,5383244.481894402,2429512.413751991,-145739.6147465993,22.537515893746,114.027750296378,11.0294733383968,1.30854405792778,1
1301,train,2206,380638.000489301,1334569438.00049,27,23,1,2,-2399895.397787487,5383248.5499669565,2429516.0720223095,-146314.71129166064,22.537511496193,114.027742795348,10.7287400172649,1.05003618100434,1
1302,train,2206,380639.00049001,1334569439.00049,25,22,1,2,-2399898.808234347,5383253.080932716,2429527.296176085,-146882.37787872175,22.5375085031796,114.027732592569,10.2257007430625,1.14056137814512,1
1303,train,2206,380640.000491966,1334569440.00049,25,22,1,2,-2399896.3977941805,5383258.477553405,2429529.9287824207,-147455.4257130491,22.5375044035037,114.02772139668,9.84298103340614,1.14774732481574,1
1304,train,2206,380641.000493884,1334569441.00049,25,22,1,2,-2399894.955439765,5383258.565951174,2429528.993920141,-148030.6198465517,22.5375010946538,114.027707693684,9.59619800549891,1.35305731856747,1
1305,train,2206,380642.000495769,1334569442.0005,27,22,1,2,-2399895.639151036,5383256.426364891,2429530.703319289,-148605.83013134703,22.5374985953765,114.027692794076,9.46228705392576,1.43952957542102,1
1306,train,2206,380643.000496658,1334569443.0005,26,21,1,2,-2399891.169080454,5383260.741467706,2429531.379659379,-149179.67584977177,22.5374973950584,114.027678389196,9.3391155061974,1.3982255254236,1
1307,train,2206,380644.000497325,1334569444.0005,24,20,1,2,-2399893.5258805905,5383257.761640325,2429529.5255475943,-149753.3452434487,22.5374946964363,114.027664997359,9.11206969961411,1.37935877060584,1
1308,train,2206,380645.000499755,1334569445.0005,26,21,1,2,-2399887.7264443412,5383256.624957177,2429527.367883415,-150331.82667691476,22.5374927984233,114.027647795285,9.09421721442278,1.63230094874317,1
1309,train,2206,380645.999505162,1334569445.99951,26,21,1,2,-2399882.432151583,5383256.630106327,2429529.68196446,148885.45009779534,22.5374903987391,114.027634707604,8.70179186046643,1.38090904389415,1
1310,train,2206,380646.999507615,1334569446.99951,27,21,1,2,-2399871.4496467835,5383246.878536108,2429524.674034174,148300.6522631658,22.5374850010032,114.027622804588,8.4412243162953,1.30797188412844,1
1311,train,2206,380647.999508299,1334569447.99951,26,22,1,2,-2399872.8714212053,5383247.465632668,2429518.76073452,147723.57862653406,22.537483299371,114.027608409241,8.00031868767871,1.444101601432,1
1312,train,2206,380648.999509199,1334569448.99951,26,23,1,2,-2399873.746742406,5383244.734885647,2429515.1598317404,147151.051732189,22.5374810014577,114.027594306493,7.6899940986548,1.43018436039788,1
1313,train,2206,380649.999511101,1334569449.99951,25,23,1,2,-2399872.9506506836,5383243.427674001,2429511.2250306057,146574.6602531519,22.5374773010255,114.027581007803,7.41207152022536,1.32865923280638,1
1314,train,2206,380650.999513026,1334569450.99951,25,21,1,2,-2399872.44124988,5383240.215005905,2429494.578401777,145990.1590454313,22.5374770042846,114.027566807915,6.89371647093317,1.38909189609568,1
1315,train,2206,380651.999514942,1334569451.99952,26,22,1,2,-2399873.0882745045,5383250.535441112,2429498.162546994,145424.96385383687,22.5374750973839,114.027568504094,4.2589023363856,0.593397901593432,1
1316,train,2206,380652.999516866,1334569452.99952,24,21,1,3,-2399871.7778999866,5383269.078762119,2429517.5626428695,144867.03249025714,22.5374711039813,114.02755900256,3.48254070556287,1.03574307376232,1
1317,train,2206,380653.999518781,1334569453.99952,24,21,1,2,-2399872.895395868,5383268.637974433,2429513.9899770943,144291.86985501708,22.537468302102,114.027546403544,2.65942679741099,1.23990654312919,1
1318,train,2206,380654.999520692,1334569454.99952,25,21,1,2,-2399873.1547548627,5383253.40353628,2429491.742051873,143702.66893837732,22.5374657025282,114.027533405744,2.17906757340661,1.38802766297173,1
1319,train,2206,380655.999521671,1334569455.99952,25,21,1,2,-2399871.9031017534,5383250.806204904,2429488.2761903857,143126.55942020394,22.5374638030078,114.027518502923,1.87699024764707,1.40000579804712,1
1320,train,2206,380656.999522247,1334569456.99952,25,21,1,2,-2399872.1900257394,5383250.525886991,2429486.605524376,142553.03660156115,22.5374615994954,114.027505402844,1.28058263935799,1.35454922539811,1
1321,train,2206,380657.999523518,1334569457.99952,25,21,1,2,-2399867.4766236152,5383248.690580338,2429493.0280629327,141977.90569138696,22.5374581980671,114.027491504765,1.12646597346247,1.44192950821347,1
1322,train,2206,380658.999528952,1334569458.99953,26,21,1,2,-2399865.761284544,5383256.230881597,2429510.0106667713,141413.8094749921,22.5374550994312,114.027479402736,0.635721935537856,1.3250176520861,1
1323,train,2206,380659.999534759,1334569459.99953,26,19,1,2,-2399861.723643515,5383258.5505197365,2429500.262836272,140832.2750515921,22.5374538033752,114.027466201184,0.295295115381392,1.35055656176653,1
1324,train,2206,380660.999534879,1334569460.99953,27,21,1,2,-2399865.029437495,5383265.018436052,2429511.583290734,140269.46140258454,22.5374518008979,114.027453907575,-0.200853828284153,1.30037270998647,1
1325,train,2206,380661.999534102,1334569461.99953,27,20,1,2,-2399865.345431476,5383248.123900966,2429482.4223605515,139679.12804303455,22.5374517038018,114.027438706859,-0.568904160168923,1.47310030982137,1
1326,train,2206,380662.999534627,1334569462.99953,26,19,1,2,-2399859.4329426894,5383253.728134377,2429492.901264833,139106.4882727463,22.5374510997446,114.027425608127,-1.04430458604689,1.38776421803092,1
1327,train,2206,380663.999534989,1334569463.99954,25,20,1,2,-2399858.0751515385,5383247.718418535,2429481.1325089475,138527.19557959418,22.537447301951,114.027411807655,-1.25443565912952,1.3682701218079,1
1328,train,2206,380664.999535349,1334569464.99954,24,20,1,2,-2399857.9394544302,5383251.002345923,2429481.156214372,137953.91941516678,22.5374423989416,114.027398802885,-1.05739667364371,1.33026539891479,1
1329,train,2206,380665.999536092,1334569465.99954,24,20,1,2,-2399858.9763224167,5383248.498678537,2429474.382992366,137378.04550957645,22.5374395014175,114.027387407373,-0.800833704226069,1.06936994158055,1
1330,train,2206,380666.999538084,1334569466.99954,25,19,1,2,-2399851.0091829216,5383238.919131438,2429475.280995377,136795.74173799754,22.5374348031267,114.027374909031,-0.734053190497107,1.18153387443959,1
1331,train,2206,380667.999542572,1334569467.99954,25,19,1,2,-2399848.810555936,5383234.676037001,2429475.85081409,136220.6784515644,22.5374330028366,114.02735940502,-0.817286024992887,1.4357296066345,1
1332,train,2206,380668.99954927,1334569468.99955,25,19,1,2,-2399844.040355103,5383224.98821799,2429472.5463693268,135639.5457872711,22.5374314010867,114.02734810865,-1.33434258136887,1.16910170775602,1
1333,train,2206,380669.999554948,1334569469.99955,25,18,1,2,-2399842.2130509103,5383237.912443479,2429488.170422405,135073.42816924787,22.5374308985573,114.027333007726,-1.72200115582994,1.39250835505288,1
1334,train,2206,380670.999557737,1334569470.99956,24,17,1,2,-2399842.6197673953,5383244.355768062,2429490.968579649,134503.43164918988,22.5374290012605,114.027315709301,-1.78970429897456,1.51055641022127,1
1335,train,2206,380671.99955862,1334569471.99956,23,17,1,2,-2399835.7994298376,5383233.1534208,2429487.5772623117,133921.43297977044,22.5374249030376,114.02730050394,-1.72656760490805,1.41344320042945,1
1336,train,2206,380672.999558796,1334569472.99956,24,16,1,2,-2399834.8719380265,5383232.071658161,2429478.2778710816,133343.2568089569,22.5374204029426,114.027287204127,-1.93459765984721,1.29342555165712,1
1337,train,2206,380673.999558846,1334569473.99956,24,16,1,2,-2399830.9355465043,5383228.345320698,2429479.129791377,132765.5411323396,22.5374161001063,114.027273207067,-2.01769506970058,1.38339562124557,1
1338,train,2206,380674.999558984,1334569474.99956,26,16,1,2,-2399830.2535887035,5383230.039898993,2429477.5781938685,132191.42122083163,22.5374176035004,114.027255903252,-1.97558113946104,1.44734190723177,1
1339,train,2206,380675.999558701,1334569475.99956,23,16,1,2,-2399828.169772484,5383230.641789272,2429479.8203682685,131617.5828695501,22.5374190050147,114.027240802602,-2.30529353849006,1.4177628951044,1
1340,train,2206,380676.999558424,1334569476.99956,22,17,1,2,-2399829.215468136,5383227.340468509,2429467.0231677853,131040.52568714059,22.5374212007001,114.027225304068,-2.6799142905733,1.40687645331489,1
1341,train,2206,380677.999558915,1334569477.99956,24,16,1,3,-2399835.707137988,5383244.8685590625,2429468.9336892874,130477.84927486375,22.5374197035449,114.027210103382,-2.55156535089222,1.35540674229996,1
1342,train,2206,380678.999562163,1334569478.99956,26,15,1,2,-2399835.226517657,5383258.569497611,2429483.9019810734,129913.79921102787,22.5374155015285,114.027195108021,-2.33815934352153,1.33076428827712,1
1343,train,2206,380679.999568764,1334569479.99957,27,16,1,2,-2399832.4877203307,5383273.261027951,2429514.624275775,129355.59215844088,22.5374116015078,114.027181103654,-2.12448606257218,1.28077628310943,1
1344,train,2206,380680.999574156,1334569480.99957,26,17,1,2,-2399834.338104732,5383261.721271548,2429496.1991006266,128774.25080801378,22.537407598572,114.027168009503,-1.93554316200947,1.21546351504529,1
1345,train,2206,380681.999576493,1334569481.99958,26,17,1,2,-2399833.2243798445,5383254.058673968,2429483.7456297986,128195.61184725632,22.5374025981101,114.027155308449,-1.98634555665923,1.27439200650167,1
1346,train,2206,380682.999577406,1334569482.99958,26,17,1,2,-2399829.895452849,5383262.593732723,2429492.8289619023,127625.57338219839,22.5373953050441,114.027146805778,-1.94463639029583,1.03967729832528,1
1347,train,2206,380683.999578025,1334569483.99958,24,20,1,3,-2399844.342466876,5383268.969521384,2429477.4351484566,127060.36952057922,22.5373856041016,114.027141105642,-1.8602383459455,1.08714458242566,1
1348,train,2206,380684.999578809,1334569484.99958,26,20,1,2,-2399844.850476591,5383265.287634814,2429474.924465149,126483.66138300096,22.5373768019857,114.027141399672,-2.12318279834284,0.845920306355231,1
1349,train,2206,380685.999580034,1334569485.99958,27,20,1,2,-2399843.814501274,5383261.183898617,2429472.84395332,125905.67534414578,22.5373657016485,114.027141703006,-2.15352536663883,0.928040335419738,1
1350,train,2206,380686.999581977,1334569486.99958,26,20,1,2,-2399845.4484098935,5383262.360162404,2429474.044431589,125331.97592780192,22.5373574050351,114.027141502283,-2.68939060186056,1.00813090044161,1
1351,train,2206,380687.999583657,1334569487.99958,25,21,1,3,-2399832.7501105624,5383250.404281161,2429469.999225898,124745.68572837948,22.5373442026858,114.02714160203,-2.69611107560453,1.20977003813342,1
1352,train,2206,380688.999585085,1334569488.99959,25,20,1,2,-2399833.8002775484,5383254.4587272275,2429472.7051626565,124173.23229219655,22.5373343064601,114.02713949742,-2.50264270434375,1.10524313889739,1
1353,train,2206,380689.999586312,1334569489.99959,25,19,1,2,-2399832.7225006605,5383252.558161882,2429471.809220647,123599.12625738252,22.5373233000163,114.027137002863,-2.43291822766314,1.06248808333705,1
1354,train,2206,380690.999587378,1334569490.99959,26,21,1,2,-2399835.01575513,5383242.441499883,2429454.0720786722,123013.71895553239,22.5373140018694,114.027133798252,-2.07810380230837,1.0068592700917,1
1355,train,2206,380691.999588313,1334569491.99959,26,19,1,2,-2399828.830705245,5383237.332697341,2429463.822385185,122434.5004717102,22.5373076031295,114.027131302107,-2.16058824931477,0.818886152187693,1
1356,train,2206,380692.999589144,1334569492.99959,25,20,1,2,-2399825.610687671,5383244.401106385,2429470.943592406,121868.18073045497,22.5373019014099,114.027124301958,-2.03760689959907,0.821838971401664,1
1357,train,2206,380693.999589895,1334569493.99959,26,20,1,2,-2399829.7062799297,5383247.219056107,2429471.305825587,121297.7590020071,22.5372926027708,114.027119206755,-1.31440781687927,1.04814339908728,1
1358,train,2206,380694.999590591,1334569494.99959,26,20,1,2,-2399820.041812505,5383250.162235692,2429468.349842845,120718.91985432713,22.5372769066368,114.027117904591,-1.52186514215691,1.18339041161099,1
1359,train,2206,380695.99959126,1334569495.99959,26,19,1,2,-2399819.998744461,5383246.38398109,2429461.289031618,120145.90909172667,22.5372602051393,114.027118594287,-1.5497969102849,1.32493997619761,1
1360,train,2206,380696.999591938,1334569496.99959,26,20,1,3,-2399841.9352064324,5383270.363546343,2429483.6212009005,119605.18879452477,22.5372410060218,114.027117402364,-1.4694806638008,1.55317636610186,1
1361,train,2206,380697.999592667,1334569497.99959,28,21,1,2,-2399843.1823558137,5383283.78215756,2429483.8085570764,119038.47847177302,22.5372251080914,114.027119596476,-1.60504170935734,1.54331136118048,1
1362,train,2206,380698.999593505,1334569498.99959,27,18,1,2,-2399856.257792302,5383293.579038083,2429482.3583896267,118475.39920695352,22.5372110064991,114.027119795843,-1.64335288542348,1.52442621908838,1
1363,train,2206,380699.999594526,1334569499.99959,25,18,1,2,-2399856.048511648,5383293.564628391,2429473.822227859,117903.45258997506,22.5371990002258,114.027119897755,-1.35903109471947,1.43958523946553,1
1364,train,2206,380700.999595825,1334569500.9996,25,18,1,3,-2399813.9889987363,5383269.818414603,2429450.0243490133,117286.2328759934,22.537187707787,114.027120103291,-1.15293650967239,1.4394113504065,1
1365,train,2206,380701.999597518,1334569501.9996,27,22,1,3,-2399851.5155642144,5383300.8751075985,2429480.063385171,116755.73703193538,22.5371764056241,114.027122900532,-1.41130328920807,1.41065305305876,1
1366,train,2206,380702.999599737,1334569502.9996,27,18,1,3,-2399810.975399028,5383268.10856747,2429446.5857206807,116134.77709943191,22.5371652012929,114.027124200322,-1.59138451486017,1.37989874291715,1
1367,train,2206,380703.999602614,1334569503.9996,28,20,1,3,-2399873.930364019,5383322.494364232,2429484.1063900804,115628.47505135568,22.5371562990367,114.027124193153,-1.93205202585589,1.10444011431739,1
1368,train,2206,380704.999606251,1334569504.99961,28,18,1,3,-2399809.2079548044,5383275.227213243,2429446.9039016776,114990.916755483,22.5371488015862,114.027123900645,-2.23535349956387,0.85816496560408,1
1369,train,2206,380705.999610674,1334569505.99961,27,21,1,3,-2399858.734389863,5383323.133583237,2429482.4072877937,114474.59316311813,22.5371435992877,114.027123598331,-2.44670461608919,0.596502964919922,1
1370,train,2206,380706.999615791,1334569506.99962,27,19,1,2,-2399868.518260466,5383333.642073695,2429481.549925333,113910.20519784118,22.5371407999507,114.027121299007,-2.78786967924551,0.378500537389091,1
1371,train,2206,380707.999621369,1334569507.99962,28,20,1,2,-2399875.4882128737,5383337.804892232,2429483.059437838,113341.2564336148,22.5371404979995,114.027117899944,-2.4204627216018,0.217243791250446,1
1372,train,2206,380708.999627064,1334569508.99963,26,18,1,2,-2399871.1492197174,5383334.461796682,2429480.914652649,112764.462166347,22.5371403017917,114.027115598349,-2.8116623009901,0.211264875557338,1
1373,train,2206,380709.9996325,1334569509.99963,28,20,1,3,-2399812.5520969103,5383285.754761122,2429444.8951093415,112125.64236182407,22.5371331030201,114.027113296515,-2.86798499225961,0.511068091571498,1
1374,train,2206,380710.999637364,1334569510.99964,28,21,1,2,-2399814.599800319,5383288.159165113,2429446.871634277,111554.18897411054,22.5371246989945,114.027109095199,-3.26014558611942,0.878675836339337,1
1375,train,2206,380711.999641475,1334569511.99964,27,20,1,2,-2399812.202507738,5383290.488088731,2429446.989431772,110978.19428915028,22.5371153977001,114.027108602409,-3.41568397392106,1.01167207712319,1
1376,train,2206,380712.999644789,1334569512.99964,26,19,1,2,-2399804.08189556,5383284.369408559,2429445.0501741483,110396.2920575114,22.5371039061286,114.027110404951,-3.77723408303725,1.20106621564331,1
1377,train,2206,380713.999647368,1334569513.99965,25,19,1,2,-2399803.4191444493,5383281.951002831,2429442.006366231,109819.50428160597,22.537092204239,114.027111003657,-4.00192839774481,1.22220681617726,1
1378,train,2206,380714.999649331,1334569514.99965,26,20,1,2,-2399801.1985939634,5383282.881124723,2429443.5132964556,109244.64906407043,22.5370809054588,114.027114496971,-4.3915456180617,1.31189015892261,1
1379,train,2206,380715.999650815,1334569515.99965,25,20,1,2,-2399802.882371093,5383286.42080453,2429442.118536147,108672.9634931564,22.5370693015725,114.027114898292,-4.66067611177909,1.28792315990327,1
1380,train,2206,380716.99965195,1334569516.99965,25,19,1,2,-2399804.5958568663,5383291.347913741,2429447.241475402,108104.0016163732,22.5370580994364,114.027117597245,-4.94305037166417,1.32910526833305,1
1381,train,2206,380717.999652845,1334569517.99965,25,20,1,2,-2399799.529917183,5383280.688253861,2429439.9576611863,107519.65716422665,22.5370459054892,114.027118403064,-5.14094366299055,1.16280757791112,1
1382,train,2206,380718.999653587,1334569518.99965,26,20,1,3,-2399820.2967877556,5383301.421447773,2429448.6572679016,106970.2777358603,22.5370361050069,114.027116803057,-5.23925332717119,0.902483263605403,1
1383,train,2206,380719.999654244,1334569519.99965,26,20,1,3,-2399862.429576666,5383336.192326857,2429479.860735411,106444.20622219106,22.5370290024335,114.027115595475,-5.42877331915502,0.615592144136969,1
1384,train,2206,380720.999654868,1334569520.99965,25,22,1,3,-2399851.322993807,5383317.904793167,2429463.285056048,105849.82538146073,22.5370202043785,114.027114102546,-5.19950893304705,0.617051147890388,1
1385,train,2206,380721.999655499,1334569521.99966,25,20,1,3,-2399805.2035247358,5383283.591208999,2429437.4666417735,105226.73319010764,22.5370110995111,114.027111202518,-4.7578549442614,0.699722184079507,1
1386,train,2206,380722.999656167,1334569522.99966,25,21,1,2,-2399815.8677916066,5383289.541312865,2429436.5061021484,104661.27532871456,22.5370036046347,114.027110597015,-4.57877027914011,0.878384489967189,1
1387,train,2206,380723.999656899,1334569523.99966,24,20,1,3,-2399846.4280283535,5383304.295050144,2429452.820410703,104114.3261963733,22.5369930056769,114.027113101426,-4.90713369686583,1.1168260548962,1
1388,train,2206,380724.999657718,1334569524.99966,25,21,1,2,-2399843.001067283,5383309.459304904,2429449.7546955436,103541.00182424631,22.5369815047958,114.027113099326,-5.20105442738271,1.1967085004198,1
1389,train,2206,380725.999658648,1334569525.99966,25,22,1,2,-2399844.092000495,5383305.871733055,2429447.9596808697,102965.10821356413,22.5369688024408,114.027108100284,-6.16577079913091,1.32400436977456,1
1390,train,2206,380726.999659715,1334569526.99966,26,21,1,2,-2399848.2805538517,5383306.476257618,2429446.741162167,102391.8259445675,22.5369544067166,114.027106498931,-6.76219748769407,1.32589752801052,1
1391,train,2206,380727.999660949,1334569527.99966,25,21,1,2,-2399845.071037269,5383307.382487002,2429444.236628396,101815.42519494948,22.5369416079239,114.027107696512,-7.4900089396245,1.25627764570608,1
1392,train,2206,380728.999662392,1334569528.99966,24,22,1,2,-2399847.9113928764,5383315.574966499,2429442.5857894383,101243.96440991554,22.536924999791,114.027110497819,-8.18997610394261,1.34187007181812,1
1393,train,2206,380729.999660145,1334569529.99966,23,21,1,2,-2399839.9553610114,5383307.928746437,2429432.283344363,100659.21497596336,22.5369153051871,114.027112096767,-7.87561116633373,1.07180438974319,1
1394,train,2206,380730.999667814,1334569530.99967,23,20,1,2,-2399844.053270507,5383308.908741889,2429430.7142770165,100088.0004606673,22.5369048021587,114.027111799151,-7.9036210667449,1.11258370985999,1
1395,train,2206,380731.999669396,1334569531.99967,23,20,1,2,-2399850.3124626963,5383311.414000389,2429428.0314867436,99516.80666112794,22.5368955976776,114.027109799914,-7.95998663577256,0.974266176289374,1
1396,train,2206,380732.999670058,1334569532.99967,22,20,1,3,-2399867.9574503237,5383319.052637682,2429431.260800059,98954.8581140252,22.5368845031795,114.027105600985,-7.96586445032225,0.957632094046278,1
1397,train,2206,380733.99967196,1334569533.99967,24,22,1,2,-2399862.3723120317,5383308.238877376,2429424.786381522,98375.07483568342,22.536868605937,114.027107796535,-7.39961211939986,1.11496892117973,1
1398,train,2206,380734.999673866,1334569534.99967,26,23,1,2,-2399858.7201479287,5383321.710103541,2429430.9455451462,97805.7072897912,22.536853602862,114.027111498576,-7.03038393679497,1.09851617348387,1
1399,train,2206,380735.999674538,1334569535.99967,26,23,1,2,-2399858.435529756,5383325.877433952,2429430.925264847,97234.87372350806,22.5368429000189,114.027110498518,-7.35732505625566,1.07158998516782,1
1400,train,2206,380736.999679205,1334569536.99968,26,22,1,2,-2399849.0801614467,5383319.515862615,2429427.690310439,96653.27398350651,22.5368298002729,114.027110803184,-7.23767307770657,1.10630835053615,1
1401,train,2206,380737.999679622,1334569537.99968,26,22,1,2,-2399848.3445542096,5383320.875667087,2429423.8134075645,96078.51984278388,22.536815701528,114.027113597115,-6.66100706939179,1.07364450064036,1
1402,train,2206,380738.999680027,1334569538.99968,25,22,1,2,-2399849.3068536124,5383317.136043497,2429424.2111653164,95501.93770870513,22.5368049040323,114.027112403022,-6.96518693386722,1.20572474362881,1
1403,train,2206,380739.999684742,1334569539.99968,24,19,1,3,-2399860.6378428754,5383333.4073608285,2429426.9982755887,94939.07989577141,22.5367923021737,114.027108696949,-7.03840309122468,1.27253419909746,1
1404,train,2206,380740.99968539,1334569540.99969,26,19,1,3,-2399816.6855064267,5383307.352697211,2429425.80326848,94329.06434076898,22.536778504632,114.027108102832,-7.3273421637275,1.36605711689203,1
1405,train,2206,380741.999687291,1334569541.99969,27,20,1,2,-2399811.331946827,5383302.170638755,2429420.963674003,93750.91295721757,22.5367660060844,114.027109798394,-7.36818720198915,1.30863103545986,1
1406,train,2206,380742.99968844,1334569542.99969,28,20,1,2,-2399819.8140019663,5383305.078661712,2429417.44486463,93182.28333878472,22.53675300734,114.027110800583,-7.18675556113251,1.36112813876751,1
1407,train,2206,380743.999689163,1334569543.99969,26,23,1,3,-2399847.0784950424,5383316.817808923,2429421.1685051722,92627.325556985,22.5367379054285,114.027112602831,-6.9164014673016,1.30194073210682,1
1408,train,2206,380744.99968985,1334569544.99969,28,24,1,2,-2399848.0078232572,5383323.848719887,2429423.7666996825,92058.91589183066,22.5367249006619,114.027115200669,-6.92389394534892,1.26523985306915,1
1409,train,2206,380745.999691306,1334569545.99969,26,21,1,2,-2399840.9188996796,5383322.316040584,2429421.9788023047,91484.25948296882,22.5367146076812,114.027120504608,-7.34210050074353,1.09039368431897,1
1410,train,2206,380746.999695028,1334569546.9997,28,21,1,3,-2399824.0779925506,5383309.362253841,2429411.525901406,90891.98514567265,22.5367040082817,114.027123094984,-7.51917592275282,1.19724891177219,1
1411,train,2206,380747.999700576,1334569547.9997,28,19,1,3,-2399839.5534725552,5383321.896475907,2429412.6812936803,90331.91456729712,22.5366928047065,114.027126701239,-7.88461051225196,1.29370849922938,1
1412,train,2206,380748.999704291,1334569548.9997,29,19,1,2,-2399846.6818704624,5383324.831902197,2429412.0270742024,89761.24607750868,22.5366804029444,114.027129597459,-7.9017262944821,1.23318322369301,1
1413,train,2206,380749.999705752,1334569549.99971,27,19,1,2,-2399854.595811415,5383326.825242079,2429415.4728222373,89190.64211425038,22.5366685059404,114.027127606009,-8.00916571700744,1.12835823573015,1
1414,train,2206,380750.99970645,1334569550.99971,27,19,1,2,-2399860.7737051244,5383324.160107215,2429412.5292681414,88616.41507294367,22.5366548031827,114.027130404702,-7.5432666255682,1.26668991639398,1
1415,train,2206,380751.999707184,1334569551.99971,27,21,1,2,-2399857.1418427164,5383318.30457528,2429411.245867136,88037.44284288108,22.5366402996558,114.027134495144,-7.21600282990851,1.2461050148967,1
1416,train,2206,380752.999708348,1334569552.99971,26,21,1,2,-2399861.2378762676,5383316.345434941,2429410.0396523373,87462.05054453341,22.5366275038306,114.027131302551,-7.23231650863723,1.17533944614842,1
1417,train,2206,380753.999710269,1334569553.99971,25,21,1,2,-2399867.984672904,5383315.674720193,2429407.4454182014,86888.67541120923,22.5366114049284,114.027133998754,-7.06890878236294,1.2484612423733,1
1418,train,2206,380754.999712166,1334569554.99971,25,20,1,2,-2399864.873070847,5383309.453936047,2429404.4237526497,86310.76848191833,22.5365990020663,114.02713150458,-7.41182237157782,1.24654559414836,1
1419,train,2206,380755.999713788,1334569555.99971,26,20,1,2,-2399872.7416700455,5383311.296344679,2429402.044917107,85740.48514640535,22.5365848047869,114.027130304432,-7.1766872997795,1.29750639349556,1
1420,train,2206,380756.999716005,1334569556.99972,26,20,1,2,-2399873.9798519607,5383312.7362135695,2429401.625533614,85167.80381302045,22.5365689029616,114.02713470263,-6.81537157626432,1.3873940026546,1
1421,train,2206,380757.999716432,1334569557.99972,26,19,1,2,-2399877.8563369764,5383315.028843688,2429401.361292489,84596.1499439661,22.5365551981943,114.027142795075,-6.82398442457838,1.29015547276061,1
1422,train,2206,380758.999719352,1334569558.99972,27,18,1,2,-2399876.2471087743,5383317.830211544,2429398.5289226132,84021.2694370795,22.5365406062321,114.027146295576,-6.74700033754125,1.37978679945547,1
1423,train,2206,380759.999723807,1334569559.99972,25,19,1,2,-2399879.650553729,5383324.1105796,2429401.937799413,83452.9697934144,22.536525802548,114.027146902929,-6.61358669444588,1.35814281847509,1
1424,train,2206,380760.999723664,1334569560.99972,24,17,1,2,-2399875.618457168,5383322.123737681,2429400.5351380864,82874.46080034373,22.536511106888,114.0271572047,-6.74894208429169,1.4963020474337,1
1425,train,2206,380761.999723749,1334569561.99972,25,20,1,2,-2399874.7257590103,5383328.376253247,2429400.7733489675,82306.72641510323,22.5364970002723,114.027158001964,-6.95811404250419,1.45800198461673,1
1426,train,2206,380762.999725973,1334569562.99973,26,19,1,2,-2399875.585176466,5383339.860049334,2429400.627858147,81737.78583224428,22.5364818018119,114.027154105463,-6.56031855794685,1.37045029000936,1
1427,train,2206,380763.999731375,1334569563.99973,25,19,1,2,-2399866.1384315114,5383328.428883112,2429395.0047775228,81154.36243660118,22.5364716032685,114.027165496228,-6.88888458778655,1.10934472909182,1
1428,train,2206,380764.999732516,1334569564.99973,25,17,1,2,-2399875.8505297923,5383320.371454953,2429392.6381151793,80574.50727599206,22.5364616023965,114.027166796395,-7.18666982397548,0.988433961562546,1
1429,train,2206,380765.999733264,1334569565.99973,24,18,1,2,-2399871.7374939085,5383328.380850182,2429393.4459366943,80002.69431995104,22.5364461025273,114.027174397563,-7.38639416435763,1.4315833104076,1
1430,train,2206,380766.999735155,1334569566.99974,26,18,1,3,-2399833.0997975864,5383289.7473169975,2429374.4425343336,79396.50433177315,22.5364313000982,114.027178601095,-7.55325438469453,1.59276960550232,1
1431,train,2206,380767.999737062,1334569567.99974,28,16,1,3,-2399861.930211302,5383325.200212934,2429385.968868993,78853.10943512761,22.536416503475,114.027183597518,-7.4765568520615,1.52772284259789,1
1432,train,2206,380768.999738972,1334569568.99974,27,18,1,3,-2399832.116951972,5383304.125163826,2429371.4801794607,78262.95668846284,22.5364025022526,114.027189799641,-7.51562467279595,1.40753693722513,1
1433,train,2206,380769.999740891,1334569569.99974,28,20,1,3,-2399844.729021056,5383332.418513793,2429382.6669790368,77709.80704626998,22.5363891028129,114.027196696925,-7.63953529109258,1.41458426607532,1
1434,train,2206,380770.9997428,1334569570.99974,27,20,1,2,-2399841.2825614866,5383330.406166835,2429378.1578809354,77133.84776657025,22.5363786029773,114.027204904488,-7.43114762450118,1.20849952315949,1
1435,train,2206,380771.999743591,1334569571.99974,27,20,1,2,-2399836.590689415,5383329.7175223045,2429375.912295179,76559.36279840414,22.5363686014285,114.027207400367,-7.66605292625566,1.20782939156361,1
1436,train,2206,380772.999744479,1334569572.99974,25,19,1,2,-2399841.1713875965,5383330.6049295645,2429375.7972910274,75987.77650449165,22.5363556004328,114.027211701388,-7.59357610120117,1.24735847044155,1
1437,train,2206,380773.999750076,1334569573.99975,26,19,1,2,-2399836.72562282,5383322.867562923,2429373.26645258,75409.86782486612,22.5363436072459,114.027220901389,-8.09800682720275,1.31482736650796,1
1438,train,2206,380774.999753147,1334569574.99975,26,21,1,3,-2399862.7930212365,5383353.516804173,2429381.0849095965,74862.1415110758,22.5363325029638,114.027232096394,-8.44832754200431,1.27495557779993,1
1439,train,2206,380775.999752389,1334569575.99975,28,19,1,3,-2399845.579505891,5383330.218360422,2429374.327310493,74268.61152390832,22.5363210028087,114.02724039477,-8.35374873753177,1.30013978295657,1
1440,train,2206,380776.999752891,1334569576.99975,27,18,1,3,-2399844.191530417,5383307.696590042,2429368.5995345796,73677.16368181146,22.5363084014178,114.027248698934,-8.3723210571685,1.27505853857079,1
1441,train,2206,380777.99975325,1334569577.99975,23,15,1,3,-2399869.7547467896,5383245.080873817,2429360.133605056,73056.18647713077,22.5362935045418,114.027252203227,-8.17996504649255,1.41780733864897,1
1442,train,2206,380778.999753985,1334569578.99975,23,17,1,3,-2399872.1165210023,5383325.08384114,2429370.5939008347,72536.47508690046,22.5362793004375,114.027260203315,-7.49424865181823,1.41457123603092,1
1443,train,2206,380779.999756528,1334569579.99976,26,18,1,2,-2399863.245129823,5383328.252521295,2429367.3315527425,71963.49302384886,22.5362676993462,114.027267600631,-7.623278887947,1.37324841819619,1
1444,train,2206,380780.999762161,1334569580.99976,25,18,1,2,-2399858.7039470915,5383335.800912937,2429366.1273224833,71393.40430679603,22.5362557987191,114.027275403562,-7.90717332606379,1.29357777843143,1
1445,train,2206,380781.999767496,1334569581.99977,27,20,1,3,-2399893.683547642,5383382.121866908,2429369.4654162135,70852.71877737911,22.5362440070488,114.027280402387,-8.11310265998966,1.35647712285507,1
1446,train,2206,380782.999769762,1334569582.99977,26,20,1,2,-2399895.9131565364,5383387.516167499,2429368.5804833886,70282.12619264387,22.5362341940418,114.02728810286,-8.68032632532243,1.37170502119747,1
1447,train,2206,380783.999770474,1334569583.99977,27,19,1,2,-2399902.2903303322,5383392.206886298,2429369.914572922,69717.34355356485,22.5362233008711,114.02729349317,-9.13888742512616,1.35143720062963,1
1448,train,2206,380784.999770914,1334569584.99977,27,20,1,2,-2399908.9151705266,5383392.313757387,2429368.5777629516,69143.69016282541,22.5362127052093,114.027297497539,-9.69012147606001,1.27268122642268,1
1449,train,2206,380785.999771548,1334569585.99977,27,21,1,2,-2399912.7112764777,5383385.335623472,2429370.1889088047,68569.64205201011,22.5361999070597,114.027303103293,-10.1231688777721,1.34605744014636,1
1450,train,2206,380786.999770674,1334569586.99977,26,19,1,3,-2399869.6122294827,5383292.904873747,2429351.3188176868,67915.79327200663,22.5361883023458,114.02730639483,-10.7182198078528,1.29071105807768,1
1451,train,2206,380787.99977632,1334569587.99978,24,19,1,3,-2399903.1940265074,5383317.897995899,2429354.759073589,67369.43334007323,22.5361769000151,114.027311102907,-11.0463385398904,1.31863910036824,1
1452,train,2206,380788.999778795,1334569588.99978,25,20,1,2,-2399902.714973757,5383328.912901003,2429354.1691613817,66802.6929426003,22.5361624010897,114.027313296841,-11.3725170150151,1.39667065681718,1
1453,train,2206,380789.999779214,1334569589.99978,27,19,1,3,-2399872.7414676677,5383280.334864098,2429343.0958717484,66188.45266093654,22.5361458010861,114.027315396706,-11.5059117989212,1.42426403865293,1
1454,train,2206,380790.999781427,1334569590.99978,26,21,1,3,-2399901.965881297,5383313.744099926,2429348.5274017057,65646.03854847679,22.5361314003307,114.027316897021,-11.9627518135285,1.33802157716824,1
1455,train,2206,380791.999783055,1334569591.99978,28,23,1,2,-2399894.791703732,5383310.907721554,2429341.644502762,65066.95313593486,22.5361128072223,114.027315197044,-11.358130779662,1.38217696895169,1
1456,train,2206,380792.999784963,1334569592.99978,26,23,1,2,-2399898.1412773374,5383319.4193913145,2429343.0450694137,64499.254733595444,22.5360964017147,114.027312298509,-11.0633896019377,1.31477512109766,1
1457,train,2206,380793.999786682,1334569593.99979,27,24,1,3,-2399879.072645495,5383304.832379695,2429334.283588865,63907.03647319949,22.5360806981747,114.027311793621,-10.7680861554057,1.33243204775409,1
1458,train,2206,380794.999788773,1334569594.99979,25,21,1,3,-2399869.622546079,5383278.318383233,2429333.2941082944,63309.83889295665,22.5360655016222,114.027304001363,-10.3916793640607,1.02431324125682,1
1459,train,2206,380795.999789324,1334569595.99979,25,23,1,3,-2399910.5619743867,5383342.3521933295,2429346.6155267586,62791.634542038206,22.5360465024203,114.027299694873,-9.54280001509925,1.45542160974841,1
1460,train,2206,380796.999793873,1334569596.99979,25,23,1,3,-2399873.681743644,5383309.347507863,2429339.1348115504,62180.30603224541,22.5360328983972,114.027300200106,-9.68524585047636,1.34094577362862,1
1461,train,2206,380797.999794557,1334569597.99979,26,23,1,3,-2399874.478180443,5383275.046628441,2429335.204748195,61585.945851524644,22.5360211996412,114.027299698931,-9.74389484444216,1.11196928258478,1
1462,train,2206,380798.999796439,1334569598.9998,28,23,1,2,-2399880.2252406413,5383282.170032032,2429333.7157510878,61017.1561628664,22.5360058081388,114.027297201323,-9.79521094600175,1.45139649755988,1
1463,train,2206,380799.99979717,1334569599.9998,27,22,1,2,-2399883.8458004496,5383290.51241453,2429332.536998582,60449.628466710274,22.5359947975614,114.027299796818,-10.1758158509572,1.20830732544791,1
1464,train,2206,380800.999801478,1334569600.9998,26,22,1,2,-2399879.9193725497,5383290.937582379,2429328.3767145784,59873.90752753884,22.5359810062505,114.027299500858,-10.2967712218291,1.47653080582399,1
1465,train,2206,380801.999802204,1334569601.9998,27,23,1,3,-2399883.088595196,5383312.209286252,2429327.6169724287,59314.05676430098,22.535968504415,114.027296300058,-10.5820657390116,1.22623881828139,1
1466,train,2206,380802.999804084,1334569602.9998,27,23,1,2,-2399887.779171093,5383316.232353491,2429329.9723695586,58742.92268614849,22.5359543062476,114.027299600567,-10.4850016729786,1.20123566199879,1
1467,train,2206,380803.999804724,1334569603.9998,26,21,1,2,-2399888.996636867,5383304.671794624,2429326.847125205,58161.47732286005,22.5359407987916,114.027301700025,-10.444311133926,1.39542760760328,1
1468,train,2206,380804.999806541,1334569604.99981,27,20,1,2,-2399889.8241327577,5383302.3085531425,2429327.0118309213,57586.96358874643,22.5359289023829,114.027304298739,-10.7919747703751,1.2646259006247,1
1469,train,2206,380805.999813292,1334569605.99981,28,23,1,2,-2399895.289593836,5383306.660976992,2429325.4807706587,57015.96570863991,22.5359179008329,114.027308399776,-11.117562222807,1.12077050355555,1
1470,train,2206,380806.999811779,1334569606.99981,28,23,1,2,-2399897.2512321724,5383311.769540501,2429326.4390434604,56445.07749153605,22.5359035032909,114.027311503273,-11.1106203187773,1.41666053216805,1
1471,train,2206,380807.999812853,1334569607.99981,26,25,1,2,-2399893.8124927524,5383322.878113576,2429323.6912705186,55875.85869465604,22.5358893018585,114.027312497022,-10.9291373642609,1.47102067032127,1
1472,train,2206,380808.999813658,1334569608.99981,27,25,1,2,-2399891.0929501015,5383320.924363364,2429322.2031229134,55299.89237485311,22.5358799040223,114.027313002173,-11.0643992324018,1.1104848143775,1
1473,train,2206,380809.999814292,1334569609.99981,28,23,1,2,-2399888.2711846586,5383317.4130635625,2429316.536726977,54725.17570335617,22.5358763957814,114.027309900033,-11.3677608674624,0.607996483360319,1
1474,train,2206,380810.99981486,1334569610.99981,26,21,1,2,-2399890.042307863,5383326.696816523,2429321.126903904,54154.83833602932,22.5358676995244,114.027301601194,-11.5073377539124,1.00756737433768,1
1475,train,2206,380811.999815525,1334569611.99982,29,23,1,3,-2399910.5758704836,5383343.331584301,2429323.860594086,53600.712716579015,22.5358592972896,114.027292300668,-11.9628698859593,1.27617391548612,1
1476,train,2206,380812.999816575,1334569612.99982,30,23,1,2,-2399912.3046423234,5383345.524524124,2429324.908551537,53029.77655462105,22.535853301919,114.02727989983,-12.0171888322544,1.33559773348359,1
1477,train,2206,380813.999818508,1334569613.99982,27,24,1,2,-2399909.907522266,5383343.6035197005,2429327.7268663007,52455.40293210544,22.535848202841,114.02726720295,-12.0627943669714,1.35878712411411,1
1478,train,2206,380814.999821975,1334569614.99982,28,23,1,2,-2399907.1384728584,5383345.317853883,2429334.1105031637,51884.04738683311,22.5358449009995,114.027255098709,-12.2749476228041,1.3251433664604,1
1479,train,2206,380815.999827284,1334569615.99983,28,22,1,3,-2399886.2714728843,5383330.548322891,2429333.6706414423,51293.02374080942,22.5358412992765,114.027244102313,-12.3522330021326,1.31372882124592,1
1480,train,2206,380816.999833536,1334569616.99983,26,21,1,2,-2399881.815306108,5383315.263778904,2429329.754310126,50707.573308096784,22.5358363000914,114.02723410238,-12.187017335292,1.15914163211251,1
1481,train,2206,380817.999838902,1334569617.99984,27,20,1,2,-2399880.8083460587,5383309.201936848,2429315.9929141044,50123.62750880087,22.5358321013551,114.027223597219,-12.0527975313417,1.22937004020553,1
1482,train,2206,380818.999842334,1334569618.99984,27,18,1,2,-2399880.137674051,5383308.107394944,2429312.8768421137,49550.368444815984,22.5358280987244,114.027211107385,-12.0413006343696,1.25809161340102,1
1483,train,2206,380819.999844094,1334569619.99984,28,19,1,2,-2399879.4329878893,5383306.264253877,2429313.0046801064,48974.98504785794,22.5358243000284,114.0272017071,-12.4573428558377,1.09052546863524,1
1484,train,2206,380820.999844888,1334569620.99984,28,18,1,2,-2399872.9370587086,5383302.282972294,2429310.77819838,48395.717968057295,22.5358208027109,114.027189003467,-12.5233416717429,1.27721367588257,1
1485,train,2206,380821.999845261,1334569621.99985,27,19,1,2,-2399879.5015023355,5383305.39904385,2429304.525498458,47826.140045673485,22.5358166053369,114.027177199138,-12.5590656009086,1.32767283005398,1
1486,train,2206,380822.999845518,1334569622.99985,27,21,1,3,-2399884.038595484,5383327.593273546,2429326.135483271,47276.54963219252,22.5358146987491,114.027163905459,-12.7104436235946,1.22265472544895,1
1487,train,2206,380823.999845813,1334569623.99985,29,21,1,2,-2399882.166842781,5383318.267091182,2429321.1312178113,46695.549575029174,22.5358107058135,114.027154301977,-13.1111470308654,1.28313794049082,1
1488,train,2206,380824.999846224,1334569624.99985,28,21,1,2,-2399882.914788001,5383325.347352644,2429321.227722743,46128.27774806308,22.5358076995884,114.027141801314,-13.5404070839398,1.29126831492272,1
1489,train,2206,380825.999845652,1334569625.99985,28,22,1,2,-2399881.4378113598,5383318.411503995,2429301.6864632545,45540.51854807912,22.5358049977094,114.027129695661,-13.8708746265295,1.3238734421348,1
1490,train,2206,380826.999845081,1334569626.99985,28,20,1,2,-2399879.332870445,5383311.099597798,2429298.1386675667,44960.30063656242,22.5358005966954,114.02711630462,-13.8678982071827,1.32963944715141,1
1491,train,2206,380827.999845474,1334569627.99985,28,19,1,2,-2399880.174937904,5383313.941991798,2429296.682689812,44389.21190071389,22.5357969975956,114.027103903751,-13.8441066707126,1.35408980454331,1
1492,train,2206,380828.999849281,1334569628.99985,28,18,1,3,-2399899.3674936714,5383324.840868093,2429284.266854457,43828.72869096177,22.535794295712,114.027092701461,-14.0467212678791,1.13712621152981,1
1493,train,2206,380829.999856567,1334569629.99986,27,17,1,3,-2399875.216809952,5383296.106314093,2429283.6594437403,43227.146905189475,22.5357913995729,114.027081200156,-14.2340073217429,1.1473112829554,1
1494,train,2206,380830.999861848,1334569630.99986,29,20,1,3,-2399902.400363295,5383335.519854554,2429303.2217451925,42693.705808938066,22.5357851970874,114.027066905182,-14.0267911531165,1.32451138505014,1
1495,train,2206,380831.999863953,1334569631.99986,26,21,1,3,-2399877.198737184,5383311.127066707,2429293.8445705925,42092.240308012224,22.5357806026823,114.027053899459,-13.6982432561203,1.21098647385883,1
1496,train,2206,380832.999864764,1334569632.99986,27,19,1,2,-2399872.9461572343,5383300.188401485,2429290.378834363,41508.99207686117,22.535780203755,114.027040199686,-13.6309956092012,1.16061539997815,1
1497,train,2206,380833.999865347,1334569633.99987,28,19,1,2,-2399872.942667036,5383299.58373062,2429291.7952215555,40934.14271450768,22.5357786988488,114.027024702881,-13.2320253862229,1.34626522198831,1
1498,train,2206,380834.999866117,1334569634.99987,26,16,1,2,-2399864.2357101925,5383299.316918238,2429291.7972499332,40355.40686175726,22.5357742011973,114.027012801371,-13.5684833372893,1.14160322121255,1
1499,train,2206,380835.999867335,1334569635.99987,27,17,1,3,-2399855.893639606,5383329.73108346,2429303.6695609414,39795.4493054601,22.5357700036536,114.027000306708,-13.5780308320391,1.13124246411229,1
1500,train,2206,380836.999869241,1334569636.99987,26,19,1,3,-2399873.415344989,5383325.320663138,2429296.5141781783,39229.49703728224,22.535770700485,114.026983199936,-13.2526546048609,1.36447545001244,1
1501,train,2206,380837.999869807,1334569637.99987,26,17,1,3,-2399854.1022231667,5383335.503846515,2429305.1497091064,38650.519868186944,22.535765396759,114.026969996635,-13.0269779070446,1.32896102287875,1
1502,train,2206,380838.999875278,1334569638.99988,26,19,1,3,-2399883.892841429,5383352.768411616,2429299.2439031233,38099.17007906645,22.5357632951852,114.026954298778,-12.7009627488863,1.44857933564734,1
1503,train,2206,380839.999874989,1334569639.99988,28,20,1,2,-2399882.571900924,5383350.450399599,2429300.287132632,37523.08797047688,22.5357599973758,114.026940901857,-12.760185039803,1.35527455395096,1
1504,train,2206,380840.999875728,1334569640.99988,26,17,1,3,-2399846.2841722276,5383322.288794103,2429307.819297619,36917.0110095228,22.5357591023159,114.026926602463,-12.2760957674608,1.33389088882426,1
1505,train,2206,380841.999876219,1334569641.99988,26,17,1,2,-2399842.636688919,5383337.808212584,2429333.2084077196,36361.165727682455,22.5357553958573,114.026911796755,-11.4330641850369,1.33855537392796,1
1506,train,2206,380842.99987706,1334569642.99988,26,18,1,3,-2399862.3725078995,5383343.5748316,2429323.5587426038,35798.971963860924,22.5357504975312,114.026896799675,-10.6554901336354,1.34820784739763,1
1507,train,2206,380843.999879927,1334569643.99988,27,20,1,2,-2399857.660108613,5383333.75927077,2429321.0559584955,35217.22156866112,22.5357488971629,114.026882596511,-10.2571165696418,1.31436477319051,1
1508,train,2206,380844.999886034,1334569644.99989,26,21,1,3,-2399882.0009285174,5383351.327671136,2429316.7358984603,34664.64202521619,22.5357438960922,114.026867501309,-10.0261200318148,1.42687456546913,1
1509,train,2206,380845.999890608,1334569645.99989,26,21,1,2,-2399880.399365005,5383358.201641649,2429318.590520344,34094.04484361187,22.5357386959069,114.026851798898,-9.68980194651601,1.51983145281522,1
1510,train,2206,380846.99989185,1334569646.99989,25,20,1,3,-2399875.5171418926,5383337.238640658,2429290.3432905567,33494.38563438233,22.5357328952887,114.026837302454,-9.47765892499388,1.42016003472675,1
1511,train,2206,380847.999892035,1334569647.99989,25,20,1,2,-2399874.670722066,5383339.502030818,2429288.890069128,32920.82467694145,22.53572490148,114.026829201984,-9.79432856573879,1.07673584291438,1
1512,train,2206,380848.99989221,1334569648.99989,26,20,1,2,-2399871.850901299,5383347.378689469,2429292.8192093507,32351.555765859357,22.5357201968852,114.026819801517,-9.61901224741975,1.01440341463052,1
1513,train,2206,380849.999891816,1334569649.99989,26,21,1,2,-2399869.967491056,5383356.257581124,2429300.588814681,31782.605999342835,22.5357137025996,114.026808806637,-9.27912919525308,1.16280359896164,1
1514,train,2206,380850.999891976,1334569650.99989,25,20,1,3,-2399845.8401639117,5383343.815565648,2429306.2845681743,31190.777998222293,22.5357080006035,114.026796400125,-9.55257644819268,1.31857874145343,1
1515,train,2206,380851.999897754,1334569651.9999,27,22,1,3,-2399870.331188039,5383363.983296533,2429301.1825353564,30638.231815285366,22.5357043957565,114.026782295343,-9.58992535317043,1.37952843398891,1
1516,train,2206,380852.999904114,1334569652.9999,27,20,1,2,-2399869.3274614033,5383367.592157319,2429303.869247548,30068.42805591055,22.5356994951771,114.026767401635,-9.37274412414099,1.44651535995218,1
1517,train,2206,380853.999904242,1334569653.9999,27,21,1,2,-2399865.8291078624,5383360.041766066,2429297.975794938,29487.501803050538,22.5356942008748,114.026753402983,-9.54884024944381,1.42449420734978,1
1518,train,2206,380854.999903671,1334569654.9999,27,21,1,2,-2399862.4005740318,5383361.609245763,2429298.3923989744,28912.51749813143,22.5356874014451,114.026739696513,-10.0877862638325,1.39691107468823,1
1519,train,2206,380855.999903999,1334569655.9999,26,20,1,2,-2399865.624949764,5383365.2586824605,2429296.506999314,28341.49493635293,22.5356825986748,114.026724997362,-10.0662714817232,1.47939864504229,1
1520,train,2206,380856.999904211,1334569656.9999,25,19,1,3,-2399838.40542704,5383340.266522084,2429300.0058113323,27743.114068967912,22.5356768023323,114.026712098967,-10.0484029317564,1.36870232253888,1
1521,train,2206,380857.999904753,1334569657.9999,26,19,1,2,-2399836.718234699,5383346.241189493,2429302.6780887875,27171.913401558533,22.5356729005518,114.026698797867,-9.93859014074063,1.34950560940061,1
1522,train,2206,380858.999906969,1334569658.99991,25,19,1,2,-2399835.1258002273,5383351.835178312,2429317.1052927426,26608.57802656089,22.5356697986541,114.026684400099,-10.0657657826761,1.45321642664987,1
1523,train,2206,380859.999912717,1334569659.99991,26,19,1,2,-2399833.942477191,5383353.422461059,2429318.0082335323,26035.901215816815,22.5356676964027,114.026670399712,-9.93523928660054,1.37854008336333,1
1524,train,2206,380860.999919277,1334569660.99992,25,19,1,3,-2399862.113641703,5383367.848479742,2429290.8646893557,25472.88840037855,22.5356684962237,114.026657195865,-9.96608515104857,1.28661888751115,1
1525,train,2206,380861.999922232,1334569661.99992,25,19,1,2,-2399865.2997741946,5383370.645421081,2429288.4926203713,24901.796709065722,22.5356654995526,114.026642697619,-9.81603786875057,1.41333851950208,1
1526,train,2206,380862.999922809,1334569662.99992,27,20,1,2,-2399866.7887988617,5383372.632091203,2429287.016174721,24329.62045141402,22.5356640032611,114.02662670566,-10.0481590667939,1.56363710338086,1
1527,train,2206,380863.999922795,1334569663.99992,27,19,1,3,-2399839.532530457,5383355.722657343,2429295.485778958,23736.248450769675,22.5356597942879,114.026612301155,-10.0676947406973,1.4072834986538,1
1528,train,2206,380864.999922815,1334569664.99992,29,20,1,3,-2399872.6453010435,5383382.583094522,2429284.9022448505,23189.84998980003,22.5356495029296,114.026601201948,-10.5357048363551,1.33516609737669,1
1529,train,2206,380865.999922633,1334569665.99992,26,18,1,3,-2399843.2734432477,5383353.61530546,2429284.4690924534,22587.806603172314,22.5356457020075,114.026585302604,-10.4554329155406,1.58291651296439,1
1530,train,2206,380866.999922497,1334569666.99992,27,17,1,3,-2399812.375373606,5383348.59606689,2429304.5750398166,21999.881729857134,22.5356410984482,114.026571802185,-10.8785000155791,1.4687184037565,1
1531,train,2206,380867.999923562,1334569667.99992,27,17,1,2,-2399814.20294539,5383349.682596473,2429302.307047611,21426.866714320906,22.5356388006199,114.026557603232,-10.9280275549196,1.36852144353203,1
1532,train,2206,380868.999928513,1334569668.99993,28,19,1,2,-2399819.8383084466,5383352.020214998,2429299.298976069,20856.597138820955,22.5356332035967,114.026544403496,-11.0676902804735,1.33292350268982,1
1533,train,2206,380869.999935459,1334569669.99994,27,19,1,2,-2399832.812222291,5383347.323956637,2429285.678314835,20285.19095107265,22.535629901929,114.026528696725,-11.4859531739912,1.46782292857483,1
1534,train,2206,380870.999938682,1334569670.99994,27,21,1,3,-2399866.169877276,5383368.019472457,2429267.9326702985,19738.632821415857,22.5356248001836,114.026516002177,-11.5908100923682,1.30534549043674,1
1535,train,2206,380871.999939444,1334569671.99994,27,19,1,3,-2399825.1599252517,5383334.491773754,2429282.058232464,19125.046718247926,22.5356210008334,114.026500899633,-11.5526897344288,1.41926377430794,1
1536,train,2206,380872.999939692,1334569672.99994,25,19,1,3,-2399826.5861242404,5383353.28785445,2429289.5814880775,18562.939017283083,22.5356195002671,114.026485201332,-11.3531635146373,1.41826974785143,1
1537,train,2206,380873.999940055,1334569673.99994,28,20,1,3,-2399874.861835327,5383383.494014943,2429265.5242331317,18024.839974638282,22.5356194996264,114.026470804079,-11.3034254478884,1.33924289211012,1
1538,train,2206,380874.999939396,1334569674.99994,29,20,1,2,-2399867.6403673072,5383379.975401393,2429265.629845179,17445.290329724397,22.5356192997038,114.026455202182,-11.3048763258155,1.38793036620626,1
1539,train,2206,380875.999940214,1334569675.99994,28,20,1,2,-2399863.437859603,5383377.801459487,2429264.402816859,16868.622219393215,22.5356167022151,114.026441998529,-11.3057200441315,1.31021038243101,1
1540,train,2206,380876.999949577,1334569676.99995,27,21,1,3,-2399828.131036708,5383351.627946259,2429279.2802675427,16266.306140380877,22.5356141998829,114.026428606406,-11.3162873014722,1.27390075950389,1
1541,train,2206,380877.999950737,1334569677.99995,27,20,1,3,-2399815.7837596396,5383342.278399081,2429291.229611798,15689.809464878177,22.5356151018238,114.02641419667,-10.8629673481505,1.23605452467299,1
1542,train,2206,380878.999949652,1334569678.99995,28,20,1,3,-2399838.3296722407,5383347.149345782,2429257.1481196918,15118.3336066753,22.5356131001357,114.026399299583,-10.357464280579,1.41149362814571,1
1543,train,2206,380879.999950353,1334569679.99995,27,18,1,3,-2399790.641201987,5383348.220191325,2429302.9119533054,14527.911815065054,22.5356111030528,114.026385496171,-10.6568397014662,1.40156069817533,1
1544,train,2206,380880.999950856,1334569680.99995,30,21,1,3,-2399835.902521725,5383347.923699687,2429258.182639083,13969.867773677497,22.5356100021288,114.026370706271,-10.3760703716386,1.40547613728348,1
1545,train,2206,380881.999951318,1334569681.99995,26,19,1,3,-2399791.6732750484,5383351.449818107,2429299.1212938097,13382.134192620908,22.5356074965907,114.026355603479,-10.1587834181182,1.4257202897443,1
1546,train,2206,380882.999952036,1334569682.99995,28,21,1,3,-2399810.703773881,5383356.689191707,2429283.568139912,12818.275707217354,22.5356026994945,114.026342797112,-10.1153207954569,1.29005860609632,1
1547,train,2206,380883.999953637,1334569683.99995,28,20,1,2,-2399808.366139999,5383348.104876771,2429279.8734556604,12237.940293128446,22.5355976973469,114.026330398572,-10.0954102036417,1.2777384853454,1
1548,train,2206,380884.999957058,1334569684.99996,28,20,1,2,-2399807.327294844,5383351.798257647,2429276.0589505066,11664.194440500452,22.5355949027018,114.026316701513,-10.2080404566454,1.34756640844793,1
1549,train,2206,380885.999962519,1334569685.99996,28,20,1,3,-2399820.5361378635,5383371.747142691,2429281.7414275287,11109.369398846362,22.5355921981253,114.026303201201,-10.3577339568864,1.32249790384127,1
1550,train,2206,380886.999968155,1334569686.99997,28,20,1,3,-2399807.7048451295,5383356.760741503,2429277.2883156193,10520.407422978795,22.5355882980014,114.026289795339,-10.5327797054855,1.27988449581627,1
1551,train,2206,380887.999971926,1334569687.99997,29,22,1,3,-2399841.6287599136,5383395.131277765,2429265.330634643,9980.895477146132,22.5355844958327,114.026278101085,-10.415647452338,1.22316544573967,1
1552,train,2206,380888.999973843,1334569688.99997,28,22,1,3,-2399820.054836813,5383395.282363237,2429296.0795564884,9407.912551909367,22.5355826049319,114.026265497485,-10.5711513632339,1.22475574920236,1
1553,train,2206,380889.9999748,1334569689.99997,29,22,1,2,-2399819.1635783254,5383388.805664762,2429279.077950916,8821.795180059127,22.5355808965427,114.026250494525,-10.6240275662848,1.37221765595812,1
1554,train,2206,380890.999975453,1334569690.99998,28,20,1,3,-2399797.981356886,5383366.216561594,2429287.7948905434,8226.17851052761,22.5355772987734,114.02623819974,-11.044143560821,1.30891029516625,1
1555,train,2206,380891.99997614,1334569691.99998,30,22,1,3,-2399820.8347059,5383391.657809882,2429276.6892120596,7674.478248412907,22.5355743007386,114.02622690442,-11.298175287993,1.26123910151492,1
1556,train,2206,380892.999977054,1334569692.99998,30,21,1,3,-2399810.5346717495,5383378.945734115,2429272.2104238085,7089.876897821583,22.5355683977936,114.026214998295,-11.7006048790748,1.31163599467978,1
1557,train,2206,380893.999978384,1334569693.99998,30,22,1,3,-2399819.90355602,5383398.498302205,2429284.763167529,6529.104714192552,22.5355587007567,114.026204894323,-11.9697875735355,1.26750173537008,1
1558,train,2206,380894.999980293,1334569694.99998,29,22,1,2,-2399826.438478362,5383405.758842427,2429280.972471913,5961.924563209279,22.5355516985362,114.026193002239,-11.8518630542273,1.31458161003102,1
1559,train,2206,380895.999982214,1334569695.99998,26,23,1,3,-2399805.2321108286,5383382.85189448,2429280.0081168865,5367.338179706243,22.5355474024648,114.026180500063,-11.9943085322338,1.37195484644285,1
1560,train,2206,380896.999984108,1334569696.99998,26,21,1,2,-2399795.4352519177,5383373.305509481,2429284.198739318,4783.073480071324,22.5355419989195,114.026169299621,-12.175169571888,1.32686273461828,1
1561,train,2206,380897.99998599,1334569697.99999,25,20,1,3,-2399773.1601463426,5383346.516580855,2429289.2459797296,4185.372583169715,22.5355326025009,114.026159404151,-12.3549892043854,1.27154935281345,1
1562,train,2206,380898.999987036,1334569698.99999,26,21,1,2,-2399768.3871653792,5383344.071984165,2429291.363971762,3607.581957240528,22.5355280034628,114.026146894597,-12.5626930713187,1.30951165792334,1
1563,train,2206,380899.999987677,1334569699.99999,26,20,1,2,-2399770.0882464973,5383345.552007675,2429289.140799591,3036.5350434979946,22.5355223972617,114.026134898844,-12.673814881533,1.35448531774952,1
1564,train,2206,380900.999988562,1334569700.99999,26,20,1,2,-2399767.9287854778,5383355.455131944,2429287.9366807006,2467.527488696655,22.5355186019108,114.026123105893,-12.8481280238346,1.29272253824331,1
1565,train,2206,380901.999991359,1334569701.99999,26,21,1,2,-2399767.814626887,5383371.143498223,2429294.703313514,1904.8494950505174,22.5355147018382,114.026109396089,-12.8248915775694,1.36748074442859,1
1566,train,2206,380902.999997012,1334569703.0,24,20,1,2,-2399768.036117395,5383374.083522135,2429293.688418921,1332.700816624178,22.5355088998128,114.026096603313,-13.0011713761266,1.35526689629957,1
1567,train,2206,380904.000000942,1334569704.0,26,22,1,2,-2399771.1261280403,5383375.062881462,2429287.078726186,757.3870017585839,22.5355025974277,114.026084494774,-13.0230428493524,1.31267033975748,1
1568,train,2206,380905.000002129,1334569705.0,27,21,1,2,-2399768.552913329,5383376.8477621265,2429286.542139018,183.58261222313197,22.5354969981932,114.026071000759,-12.9403335165688,1.37636223597851,1
1569,train,2206,380906.000002616,1334569706.0,25,21,1,2,-2399767.272087133,5383378.10794217,2429284.6487498,-389.8065111818188,22.5354887996795,114.026058802749,-12.7823251905406,1.39009922339846,1
1570,train,2206,380907.000003287,1334569707.0,27,21,1,2,-2399767.8304189397,5383379.600754218,2429285.317323214,-962.3731305090314,22.535484199138,114.026045900198,-12.6765180754785,1.35240732341552,1
1571,train,2206,380908.000003084,1334569708.0,26,22,1,2,-2399760.148844871,5383371.606630308,2429283.540718237,-1544.0088557378097,22.5354769039593,114.02603280503,-12.2820991042594,1.36723155148067,1
1572,train,2206,380909.000008409,1334569709.00001,26,19,1,2,-2399759.956955138,5383362.360916928,2429281.372772265,-2125.253739632598,22.5354723983583,114.026019101107,-11.9876766356633,1.29401604604854,1
1573,train,2206,380910.000009009,1334569710.00001,28,18,1,2,-2399752.9062481523,5383350.968770936,2429275.399131286,-2710.8773868435574,22.5354654959069,114.026007396985,-11.9068040355138,1.30792235908312,1
1574,train,2206,380911.000010922,1334569711.00001,26,22,1,2,-2399751.7627548743,5383363.492272241,2429280.2245120835,-3276.071071942263,22.53546080364,114.025993696836,-11.797393364607,1.30166733575099,1
1575,train,2206,380912.000012824,1334569712.00001,27,22,1,2,-2399750.944228356,5383364.971094073,2429279.448847315,-3850.3493065594644,22.5354548986619,114.025980598128,-11.4791433453873,1.16846114244677,1
1576,train,2206,380913.000014721,1334569713.00001,26,22,1,2,-2399753.1041225116,5383372.383997279,2429280.919967351,-4419.903802435512,22.5354518046948,114.025965998919,-10.6142965210923,1.23667039501943,1
1577,train,2206,380914.000016636,1334569714.00002,28,21,1,2,-2399751.614741724,5383370.486399236,2429279.8283699867,-4994.854552221389,22.5354476008086,114.025954097849,-10.5543353959084,1.19823292882673,1
1578,train,2206,380915.000018559,1334569715.00002,28,23,1,2,-2399751.6239814395,5383373.322314128,2429280.8715209384,-5567.662930933355,22.5354442954942,114.025939803134,-10.5411027858935,1.23366528272235,1
1579,train,2206,380916.000020501,1334569716.00002,28,24,1,2,-2399750.8097156114,5383375.432138491,2429280.094543749,-6141.6651015202015,22.535442698157,114.025925498697,-10.2661416761651,1.23978630215072,1
1580,train,2206,380917.000022401,1334569717.00002,27,24,1,2,-2399750.0007672557,5383378.051944449,2429277.954902774,-6715.2301906850835,22.5354370019495,114.025911499679,-10.0244818658517,1.29666662902426,1
1581,train,2206,380918.000024309,1334569718.00002,28,22,1,2,-2399748.975532164,5383384.520840835,2429280.7980978466,-7284.636182359058,22.5354306965887,114.02589900183,-9.80029293421891,1.30303326643351,1
1582,train,2206,380919.000026197,1334569719.00003,29,23,1,2,-2399745.3436988625,5383379.620158431,2429279.591744497,-7862.083510374313,22.5354256011221,114.025886004522,-9.51804417018282,1.30950382190245,1
1583,train,2206,380920.000028123,1334569720.00003,29,21,1,2,-2399742.295253959,5383376.464157406,2429275.995558866,-8440.49668731424,22.5354192031536,114.025873397338,-9.32131916744557,1.33155882850018,1
1584,train,2206,380921.000030065,1334569721.00003,29,24,1,2,-2399742.099765019,5383379.773120391,2429279.978069852,-9011.491938422047,22.5354158019706,114.025858898136,-8.99548151729218,1.31189839410728,1
1585,train,2206,380922.000031946,1334569722.00003,29,24,1,2,-2399742.4603209826,5383385.772042211,2429278.463861799,-9584.025821829215,22.5354163016176,114.025845299396,-8.91747555058969,1.27157993378946,1
1586,train,2206,380923.000033896,1334569723.00003,29,22,1,2,-2399736.2842200305,5383370.201839855,2429277.8850879646,-10169.59004644786,22.5354180989869,114.02583010022,-8.63526025082865,1.33073026062914,1
1587,train,2206,380924.000035824,1334569724.00004,28,24,1,3,-2399738.019883279,5383389.169304234,2429281.030135272,-10731.544628079799,22.5354207018983,114.025815903276,-8.6515188483055,1.27736088354161,1
1588,train,2206,380925.000037739,1334569725.00004,31,26,1,2,-2399738.6241051615,5383404.969320674,2429301.2861317773,-11285.25286633403,22.5354174986382,114.025802901802,-8.45677951386555,1.24437646207102,1
1589,train,2206,380926.000039654,1334569726.00004,30,26,1,2,-2399734.8512731805,5383402.811283709,2429301.6415607915,-11861.648551720788,22.5354141952802,114.025791598105,-8.47276609455341,1.13584511132431,1
1590,train,2206,380927.000041558,1334569727.00004,29,26,1,2,-2399739.0947950273,5383410.700149156,2429301.7128666914,-12429.96027527597,22.535412598763,114.02578170083,-8.20062955064192,0.963529459600418,1
1591,train,2206,380928.000043471,1334569728.00004,28,24,1,2,-2399742.757582627,5383418.770643714,2429301.6589828343,-12999.204400186753,22.5354113027393,114.025771004174,-7.93302988116626,1.00665736416484,1
1592,train,2206,380929.000045386,1334569729.00005,29,25,1,2,-2399743.0580716436,5383419.823948672,2429300.198987247,-13574.45197095537,22.535406803883,114.025760100693,-7.45777134266663,1.03844790589452,1
1593,train,2206,380930.000047299,1334569730.00005,29,25,1,2,-2399748.5454636253,5383421.867925566,2429296.336463935,-14148.216138647591,22.535402302962,114.025750897653,-7.25853869583287,1.02382296069063,1
1594,train,2206,380931.000049172,1334569731.00005,29,27,1,2,-2399742.109400027,5383415.294751784,2429289.6688490226,-14731.1668594602,22.5353972963646,114.025742196872,-6.9687043931866,0.992579283759794,1
1595,train,2206,380932.00005109,1334569732.00005,30,27,1,2,-2399740.412431719,5383413.237469566,2429287.377015723,-15308.921233916059,22.5353908032266,114.025736001372,-6.66310072627238,0.900375861704998,1
1596,train,2206,380933.000053051,1334569733.00005,30,26,1,2,-2399739.8402857613,5383409.559467989,2429286.374438928,-15885.99492159076,22.5353823007885,114.025731403149,-6.17612241414637,0.888890090555271,1
1597,train,2206,380934.000054926,1334569734.00005,30,26,1,2,-2399740.4963903716,5383402.365218286,2429284.5516282585,-16465.254163451507,22.5353713981348,114.025735402075,-6.70022594138965,0.974988886961994,1
1598,train,2206,380935.000056852,1334569735.00006,30,25,1,2,-2399738.7185678524,5383403.3396913875,2429282.259808657,-17041.508254658995,22.5353628984292,114.025735395245,-6.20090911879552,0.963236477272171,1
1599,train,2206,380936.000058801,1334569736.00006,29,25,1,2,-2399736.4977769284,5383399.834430624,2429282.8588935346,-17617.487473435867,22.535355102329,114.025736303355,-5.86328160225631,1.00444141992029,1
1600,train,2206,380937.000060715,1334569737.00006,29,26,1,2,-2399734.011509531,5383396.841253941,2429280.749391289,-18194.90569962732,22.5353436009943,114.025735303287,-5.2856672808058,1.04838310480718,1
1601,train,2206,380938.000062599,1334569738.00006,28,25,1,2,-2399726.4305743435,5383387.659538115,2429280.2287355093,-18778.33189889274,22.5353323003147,114.025735996867,-4.9703637924097,1.27458918482162,1
1602,train,2206,380939.000064495,1334569739.00006,27,25,1,2,-2399724.743271992,5383383.468682634,2429277.8310256246,-19356.36030705231,22.5353204032934,114.025735502304,-4.42021379646982,1.2879224987489,1
1603,train,2206,380940.000065588,1334569740.00007,27,25,1,2,-2399724.8517270857,5383382.813828475,2429278.7314402154,-19930.697249392073,22.5353105974276,114.025737201658,-4.13328548790061,1.24237141741364,1
1604,train,2206,380941.000066263,1334569741.00007,28,23,1,2,-2399725.6734221037,5383385.2018733695,2429278.23348612,-20502.64739708675,22.5353020028681,114.025736099147,-3.4390513087517,1.23065662832303,1
1605,train,2206,380942.000067036,1334569742.00007,28,21,1,2,-2399722.754726051,5383376.660614237,2429274.661412304,-21083.464303018838,22.5352965023716,114.025736002281,-3.08258808400948,0.992370875960653,1
1606,train,2206,380943.000069139,1334569743.00007,27,20,1,2,-2399726.2540094987,5383385.340469302,2429281.6480477764,-21649.485262322145,22.5352900996664,114.025737901447,-3.08810180514202,0.889906351780575,1
1607,train,2206,380944.000074054,1334569744.00007,28,20,1,2,-2399732.3206788553,5383384.698107069,2429277.394584454,-22226.173814231974,22.5352858011622,114.025739903941,-2.66108287545431,0.914238182352851,1
1608,train,2206,380945.000078978,1334569745.00008,26,19,1,2,-2399729.1964203794,5383388.2119603995,2429275.3855837923,-22798.506559447087,22.5352789031825,114.025747198198,-2.37528081257318,1.05890355890527,1
1609,train,2206,380946.000081097,1334569746.00008,24,19,1,2,-2399728.81468405,5383394.29515193,2429274.9299674034,-23369.638954100108,22.5352713982095,114.025751401971,-2.33716140419537,1.14655171738805,1
1610,train,2206,380947.000081883,1334569747.00008,21,16,1,2,-2399727.389868221,5383396.360982479,2429271.5502957837,-23943.352497114858,22.5352626984597,114.025751704869,-2.24889560019662,1.05638950694215,1
1611,train,2206,380948.000082566,1334569748.00008,22,17,1,3,-2399763.6074840697,5382649.420655684,2429231.207105378,-25051.492639281016,22.5352508975161,114.025756204774,-2.28798611085851,1.17083532451124,1
1612,train,2206,380949.000083668,1334569749.00008,17,14,1,3,-2399713.4402435105,5383384.9540391695,2429263.121224684,-25100.83437058681,22.5352369938809,114.025758499256,-2.30083887297954,1.36520149562184,1
1613,train,2206,380950.00008558,1334569750.00009,19,16,1,3,-2399734.3767808545,5383391.548682319,2429268.5304452996,-25669.189332051403,22.535223694036,114.025759302915,-2.34692940371938,1.31345918129969,1
1614,train,2206,380951.000087502,1334569751.00009,19,16,1,2,-2399733.057205686,5383393.112509098,2429267.834848814,-26243.878593631056,22.5352110015626,114.025761798828,-2.20286902280879,1.30633555443106,1
1615,train,2206,380952.000089429,1334569752.00009,18,16,1,2,-2399733.800802076,5383382.872728604,2429265.9374745227,-26824.932201680756,22.5352005947442,114.025763197616,-2.10781906262199,1.30518580075281,1
1616,train,2206,380953.000091323,1334569753.00009,19,16,1,2,-2399738.3145161103,5383390.029371616,2429268.1601196923,-27393.259242834683,22.5351898942757,114.025766797563,-1.32904814261509,1.2999041212115,1
1617,train,2206,380954.00009324,1334569754.00009,19,16,1,3,-2399740.610595635,5383418.195675477,2429278.366427997,-27944.4556774799,22.5351786990903,114.025774597515,-0.167741429050614,1.3477705190491,1
1618,train,2206,380955.000095169,1334569755.0001,20,17,1,3,-2399742.0823876564,5383394.166071766,2429272.339379405,-28537.924610599937,22.5351707015331,114.025777596929,0.254983766519774,1.20822467810939,1
1619,train,2206,380956.000097044,1334569756.0001,19,17,1,3,-2399742.458462075,5383369.081903436,2429267.0747030806,-29127.608128148913,22.5351621012203,114.025780698712,0.491514823946658,1.24636321982654,1
1620,train,2206,380957.000098979,1334569757.0001,19,17,1,3,-2399744.1642665705,5383385.185154008,2429267.392879343,-29691.088688075186,22.5351543977766,114.025781997317,0.360865254190633,1.16691912620414,1
1621,train,2206,380958.000100889,1334569758.0001,21,17,1,3,-2399682.940708675,5383474.118605791,2429249.6468873518,-30199.726565331213,22.5351431930318,114.025783900112,0.559257018755,1.26650128136553,1
1622,train,2206,380959.000102817,1334569759.0001,21,16,1,3,-2399735.2249700148,5383380.636881523,2429256.625588216,-30846.869605574822,22.5351324974883,114.025787703973,0.582635605682878,1.29345187807028,1
1623,train,2206,380960.000104718,1334569760.0001,20,17,1,3,-2399745.7164361,5383398.723390964,2429268.0032845307,-31405.631925027323,22.535121894599,114.025789601151,0.576069804783966,1.2928478371826,1
1624,train,2206,380961.000106633,1334569761.00011,19,17,1,2,-2399746.5440074364,5383397.45889339,2429265.0234629884,-31980.411915737794,22.5351102995513,114.025792303705,1.02737563990377,1.30554235716443,1
1625,train,2206,380962.00010853,1334569762.00011,19,17,1,2,-2399746.236113014,5383396.439890686,2429263.2830205625,-32555.77804051025,22.5350989956329,114.025793597329,1.03568485623251,1.32478834804951,1
1626,train,2206,380963.000110442,1334569763.00011,18,15,1,3,-2399734.260684901,5383380.646122302,2429250.1053608814,-33144.85077313183,22.5350886988894,114.025795598666,1.19533319635086,1.19487096243084,1
1627,train,2206,380964.000112417,1334569764.00011,19,17,1,2,-2399733.880606998,5383387.020775804,2429248.831078952,-33714.641680395114,22.5350797007003,114.025796804888,1.07883621364249,1.20892236485473,1
1628,train,2206,380965.000114333,1334569765.00011,19,17,1,3,-2399750.2839477505,5383409.282765711,2429264.214148248,-34269.212738980335,22.5350710045648,114.02579720035,1.20267805978964,1.15393299392071,1
1629,train,2206,380966.000116204,1334569766.00012,22,18,1,2,-2399752.8608492007,5383413.233226706,2429263.3955693264,-34839.665573845174,22.53506319416,114.025798297165,1.32498032469314,1.09158602679002,1
1630,train,2206,380967.000118137,1334569767.00012,22,18,1,2,-2399750.2256880505,5383421.512074158,2429260.511774269,-35408.60836271863,22.5350538978225,114.025800299644,1.41330787274362,1.06373523419881,1
1631,train,2206,380968.000120062,1334569768.00012,24,20,1,3,-2399755.7434133613,5383407.729131468,2429257.13340717,-35992.975233122124,22.535044600651,114.025800896857,1.37138199353046,1.06830370438341,1
1632,train,2206,380969.000121993,1334569769.00012,27,24,1,2,-2399751.9416100406,5383410.00511286,2429256.113181463,-36566.58693981256,22.5350360959675,114.025803004101,1.4858745169271,1.05156865291739,1
1633,train,2206,380970.000123883,1334569770.00012,28,25,1,3,-2399757.591794082,5383438.717539694,2429261.046990975,-37116.639421718326,22.5350260948294,114.02580430012,1.41784828128875,1.12376000716548,1
1634,train,2206,380971.000125797,1334569771.00013,31,27,1,2,-2399759.5113603803,5383435.275107218,2429259.9770393767,-37693.56206003943,22.53501680138,114.025805100445,1.18704569893001,1.1693948653478,1
1635,train,2206,380972.000127731,1334569772.00013,31,27,1,2,-2399759.664097726,5383432.432394915,2429255.9380509397,-38267.894386987486,22.5350074970054,114.025804301416,1.10272802993467,1.04081335574782,1
1636,train,2206,380973.000129627,1334569773.00013,31,28,1,2,-2399758.0375377066,5383432.599672118,2429251.6543519255,-38844.09180260517,22.5349980957363,114.025805503311,0.814587398862634,1.1444942934903,1
1637,train,2206,380974.000131536,1334569774.00013,31,29,1,2,-2399758.222485874,5383434.178059714,2429249.7719326722,-39416.450097358924,22.5349888004699,114.02580859809,0.55298067731358,1.16224941802087,1
1638,train,2206,380975.00013347,1334569775.00013,30,27,1,2,-2399760.384659077,5383434.207565153,2429247.2986363694,-39989.67665623041,22.5349791990656,114.02581099929,0.63404184896987,1.05176342897625,1
1639,train,2206,380976.000135384,1334569776.00014,30,27,1,2,-2399757.4267591676,5383423.941843865,2429237.586221818,-40574.67594923913,22.5349706961929,114.025814498102,0.265329296126874,1.06622690860593,1
1640,train,2206,380977.000137301,1334569777.00014,32,28,1,2,-2399760.5070954827,5383433.304027197,2429247.8878126782,-41139.03184788385,22.5349601984134,114.025817998942,0.410765941721561,1.10110796263728,1
1641,train,2206,380978.000139208,1334569778.00014,30,26,1,3,-2399748.9324326147,5383414.044672698,2429234.0915106223,-41731.86613785591,22.5349495996646,114.025830405059,0.379631725763388,1.48184357001358,1
1642,train,2206,380979.000141132,1334569779.00014,30,29,1,3,-2399768.118514466,5383443.866391871,2429260.751658102,-42272.86809167486,22.5349451048663,114.025841901671,0.608709789640843,1.38854500951593,1
1643,train,2206,380980.000143061,1334569780.00014,30,28,1,2,-2399769.2641529883,5383443.035076018,2429260.727684364,-42846.52049099075,22.5349419980133,114.025853099822,1.11436361321308,1.32544399271515,1
1644,train,2206,380981.000144971,1334569781.00014,30,28,1,2,-2399770.8604764873,5383446.618082351,2429265.2736297,-43417.468832356484,22.5349439968903,114.025859900777,1.1289752960631,1.00326520163547,1
1645,train,2206,380982.000146883,1334569782.00015,31,28,1,2,-2399772.4411421767,5383446.237918536,2429266.015408104,-43989.6916459331,22.5349426991043,114.025871697857,1.06827210622017,1.17329728979476,1
1646,train,2206,380983.000148787,1334569783.00015,30,25,1,2,-2399768.635582897,5383435.568082659,2429260.7201716127,-44571.78579647022,22.5349427013686,114.025884200777,1.13553815647205,1.2094222672659,1
1647,train,2206,380984.000150689,1334569784.00015,30,26,1,2,-2399772.2986431383,5383444.744646078,2429267.590006946,-45136.290655401805,22.5349439050317,114.025896901835,1.19789962779237,1.34581521144912,1
1648,train,2206,380985.000151352,1334569785.00015,31,24,1,2,-2399772.698497449,5383445.276981221,2429275.5241277977,-45710.02593513108,22.5349444993962,114.025908903389,1.27934163290294,1.3333391696358,1
1649,train,2206,380986.000156052,1334569786.00016,30,24,1,2,-2399773.118019383,5383445.379359198,2429275.5508221677,-46284.005798519116,22.534946900553,114.025922599484,1.66661120966666,1.35049464738962,1
1650,train,2206,380987.000156442,1334569787.00016,30,25,1,2,-2399774.245016522,5383440.201412569,2429274.630236884,-46860.92839574905,22.5349492999286,114.025935398398,2.0412731425017,1.32005895057673,1
1651,train,2206,380988.000156709,1334569788.00016,30,25,1,2,-2399776.9016942875,5383445.243410034,2429271.339932143,-47430.49508057024,22.534953000093,114.025948904148,2.67673957869254,1.39372763277201,1
1652,train,2206,380989.000161921,1334569789.00016,30,24,1,2,-2399777.358964614,5383434.807540656,2429264.1749955746,-48012.042342082445,22.5349566044293,114.025960999973,3.03511554343181,1.29553022651219,1
1653,train,2206,380990.000162192,1334569790.00016,30,24,1,2,-2399780.89927085,5383441.050521002,2429264.620879293,-48581.72941345294,22.5349595037353,114.025973101525,3.09111371755511,1.29628841017336,1
1654,train,2206,380991.000162583,1334569791.00016,30,24,1,2,-2399782.8407294773,5383434.518701753,2429264.135023472,-49158.86526898286,22.5349616977402,114.025986503162,3.21006811972249,1.36316824141603,1
1655,train,2206,380992.000167295,1334569792.00017,30,23,1,2,-2399783.21362192,5383434.888147304,2429263.519378592,-49730.73606643103,22.5349634006968,114.025999501192,3.29827931007677,1.38238194996421,1
1656,train,2206,380993.000167958,1334569793.00017,30,24,1,2,-2399785.561220783,5383430.793920889,2429263.200261793,-50306.52820315216,22.534961699695,114.026013101228,3.32163085620675,1.3327438827768,1
1657,train,2206,380994.000169861,1334569794.00017,31,24,1,2,-2399787.5262562195,5383433.726590277,2429264.543848231,-50878.61103037753,22.5349635016089,114.02602680472,3.33916246445053,1.39927090959378,1
1658,train,2206,380995.000171768,1334569795.00017,30,24,1,3,-2399783.022268097,5383410.812915234,2429248.526607902,-51472.40541994119,22.5349621967634,114.026043406282,3.31160901035464,1.54008115723437,1
1659,train,2206,380996.000173682,1334569796.00017,30,25,1,2,-2399785.1693182485,5383409.537176357,2429246.87873402,-52047.447110704954,22.5349631997285,114.026058802518,3.27098670118415,1.47844241320502,1
1660,train,2206,380997.000175583,1334569797.00018,31,21,1,2,-2399785.8163477965,5383407.045233466,2429244.6482332516,-52623.32317835489,22.5349656976699,114.026074300444,3.20452800384954,1.47781596744229,1
1661,train,2206,380998.000177399,1334569798.00018,29,21,1,2,-2399785.190031896,5383408.602203115,2429250.89414581,-53195.66996115325,22.5349690995464,114.026088501025,3.4186496443637,1.47313589463975,1
1662,train,2206,380999.000179426,1334569799.00018,30,21,1,2,-2399786.9435253195,5383409.202339072,2429250.057682398,-53769.15256193292,22.5349716003198,114.02610270629,3.51574607241959,1.4311796976916,1
1663,train,2206,381000.000181444,1334569800.00018,31,20,1,2,-2399786.531492623,5383400.4572435,2429247.710118476,-54349.68576380704,22.5349740983348,114.026116002587,3.60314867474604,1.38253309845461,1
1664,train,2206,381001.000183255,1334569801.00018,30,21,1,2,-2399787.528293292,5383404.161173848,2429248.7904474395,-54921.13709929756,22.5349750009662,114.026130505703,3.56573691823526,1.40972311346964,1
1665,train,2206,381002.000185148,1334569802.00019,27,21,1,2,-2399789.0355518567,5383399.061937585,2429247.0715207593,-55497.441488652745,22.534976802942,114.026145200037,3.59099593292944,1.41957075077716,1
1666,train,2206,381003.000185894,1334569803.00019,28,19,1,2,-2399789.567878919,5383401.4828938525,2429250.089049778,-56070.740972040476,22.5349797006483,114.026159903021,3.58998024983908,1.43790804388611,1
1667,train,2206,381004.000190177,1334569804.00019,28,21,1,2,-2399792.489606089,5383398.71322119,2429247.719261983,-56644.652533692235,22.5349842982839,114.026175006485,3.50321676934195,1.48589397379172,1
1668,train,2206,381005.000190926,1334569805.00019,28,21,1,2,-2399792.2540152417,5383385.532350638,2429240.088780875,-57227.99820506313,22.5349888019962,114.02618980498,3.49894060409151,1.51180456458325,1
1669,train,2206,381006.000192828,1334569806.00019,27,21,1,2,-2399794.231801139,5383398.694436197,2429249.1268381244,-57792.49862040737,22.5349925976484,114.026204701396,3.33660513928885,1.50185166995036,1
1670,train,2206,381007.000194726,1334569807.00019,27,18,1,2,-2399797.161119983,5383407.638015726,2429251.61871893,-58359.94589420712,22.5349953969179,114.026219500885,3.45320705636269,1.52188513599474,1
1671,train,2206,381008.000196646,1334569808.0002,27,22,1,2,-2399799.881701408,5383403.186778115,2429247.2235166375,-58936.87521666367,22.5349997055045,114.026232402339,3.32091004481373,1.41011356380958,1
1672,train,2206,381009.000198583,1334569809.0002,26,24,1,2,-2399800.9371260963,5383406.529226248,2429246.4062427753,-59508.08413550209,22.535002900317,114.026245705338,3.1727705275395,1.40342449585825,1
1673,train,2206,381010.000200506,1334569810.0002,27,23,1,2,-2399801.258535108,5383406.33526984,2429245.752148477,-60082.43675955875,22.5350092009291,114.026259303028,3.21868984196501,1.50169113866605,1
1674,train,2206,381011.000202417,1334569811.0002,26,22,1,2,-2399803.2750728647,5383411.599354355,2429250.0535394615,-60650.80177810358,22.5350124995031,114.026272300779,3.19412446646886,1.41977380838091,1
1675,train,2206,381012.000204329,1334569812.0002,26,22,1,2,-2399804.9496322954,5383408.621829332,2429248.769851162,-61227.12842497536,22.535018006373,114.026286300334,3.18561545085893,1.43437185992116,1
1676,train,2206,381013.000206226,1334569813.00021,26,22,1,2,-2399806.91064877,5383409.142465445,2429249.658642682,-61799.883081175816,22.5350225033722,114.026299707031,3.18307108715325,1.38198361232218,1
1677,train,2206,381014.000207643,1334569814.00021,26,22,1,2,-2399808.987562537,5383410.335653993,2429251.372319686,-62372.62193900559,22.5350283983594,114.026314902299,3.16758202790978,1.51563317165689,1
1678,train,2206,381015.000210048,1334569815.00021,27,20,1,2,-2399808.5179596855,5383396.569543793,2429249.974873916,-62955.6324303074,22.5350303958247,114.026327699276,3.10409479630001,1.35303644994099,1
1679,train,2206,381016.000210971,1334569816.00021,26,22,1,2,-2399813.4150288217,5383411.184849606,2429253.402972378,-63518.388942628015,22.5350318031757,114.026343107273,3.02336719612797,1.45585049527114,1
1680,train,2206,381017.00021157,1334569817.00021,26,21,1,2,-2399809.9733027006,5383396.220248378,2429250.2444979595,-64103.50256022516,22.5350378988896,114.026358205319,3.13437782218482,1.45811254828987,1
1681,train,2206,381018.000212377,1334569818.00021,26,19,1,2,-2399811.4720099685,5383393.635577782,2429250.4178943094,-64679.150477601506,22.5350414970093,114.026374206884,3.3117964169984,1.56744794198759,1
1682,train,2206,381019.000214724,1334569819.00021,26,20,1,2,-2399815.419645082,5383404.322171046,2429252.9575494393,-65244.33723477623,22.5350478020543,114.026386503314,3.24949378992097,1.41213004411874,1
1683,train,2206,381020.000219879,1334569820.00022,26,18,1,2,-2399813.7671072865,5383400.0141642215,2429259.1594600473,-65821.71550479814,22.5350547010963,114.026400997752,3.10428790399689,1.55803041433733,1
1684,train,2206,381021.000224625,1334569821.00022,26,17,1,2,-2399815.2272825805,5383384.104424392,2429261.3103802586,-66405.79469886575,22.5350558024481,114.026416300156,3.1050452548231,1.5360574342366,1
1685,train,2206,381022.000226607,1334569822.00023,26,16,1,2,-2399814.495393237,5383382.586464942,2429265.352996553,-66981.63656486904,22.5350584990859,114.026431303946,3.00898078689133,1.49235116667056,1
1686,train,2206,381023.000227381,1334569823.00023,26,16,1,2,-2399816.3637335203,5383381.884924277,2429263.962073362,-67556.80965808732,22.5350602982568,114.026444899312,2.76620521407146,1.4321224933558,1
1687,train,2206,381024.000228084,1334569824.00023,26,17,1,2,-2399823.1912317215,5383396.407090424,2429262.68508755,-68117.65441558669,22.5350618005391,114.02645920191,2.65750107223725,1.39929901638978,1
1688,train,2206,381025.000229208,1334569825.00023,26,17,1,3,-2399821.177422322,5383373.540052674,2429257.430149925,-68707.6633457629,22.5350689027468,114.026473307797,2.55212453182115,1.45306830352918,1
1689,train,2206,381026.000231124,1334569826.00023,26,17,1,2,-2399821.7386944266,5383373.5314144315,2429257.4868807686,-69281.89622160274,22.5350733000915,114.026486901625,2.47962467100182,1.36561590770132,1
1690,train,2206,381027.00023294,1334569827.00023,26,16,1,2,-2399821.6660626894,5383360.947709585,2429256.1269487254,-69864.5128815087,22.5350740958338,114.026498499578,2.42112685099262,1.14201852581069,1
1691,train,2206,381028.000234963,1334569828.00024,26,15,1,2,-2399823.77258065,5383367.688556093,2429262.3476273576,-70433.89505095914,22.5350803011965,114.026506702103,2.40111215568398,0.87123748903138,1
1692,train,2206,381029.000236865,1334569829.00024,25,13,1,3,-2399802.0371419014,5383348.84224206,2429281.309952762,-71029.91950279001,22.5350815976572,114.026518500112,2.31859357994419,1.16420327079429,1
1693,train,2206,381030.000238805,1334569830.00024,26,13,1,2,-2399803.9057487957,5383354.559929494,2429288.3682806026,-71599.23127659423,22.5350865983758,114.026530806993,2.10083334693583,1.2704024443992,1
1694,train,2206,381031.000240554,1334569831.00024,25,13,1,2,-2399818.2046371833,5383349.892311718,2429251.644105519,-72175.55249208787,22.5350897035782,114.026545607856,2.14620127771443,1.49234667119388,1
1695,train,2206,381032.000242632,1334569832.00024,26,14,1,2,-2399825.070098563,5383353.405377066,2429242.6557425573,-72746.38582491539,22.5350943028729,114.026559205695,1.9729297161886,1.4151028523896,1
1696,train,2206,381033.000243047,1334569833.00024,25,16,1,2,-2399828.5836310727,5383364.478331755,2429244.9103800715,-73311.27713893572,22.5350978021184,114.026573004677,1.99142710106678,1.43310444883208,1
1697,train,2206,381034.000246682,1334569834.00025,24,17,1,2,-2399834.852271108,5383379.29821727,2429242.917929216,-73873.28703079827,22.5351010988546,114.026585604732,1.9517725689996,1.35431705286927,1
1698,train,2206,381035.000249638,1334569835.00025,23,16,1,2,-2399835.832455045,5383380.560068766,2429245.6245042332,-74446.156770133,22.535103795916,114.026598207255,1.75903187801941,1.36197767608094,1
1699,train,2206,381036.000250304,1334569836.00025,25,17,1,2,-2399835.6057697814,5383373.554813989,2429244.7525696903,-75022.5850511059,22.5351071981506,114.02661139881,1.71209716717584,1.36319138229319,1
1700,train,2206,381037.000252204,1334569837.00025,24,17,1,2,-2399835.657571627,5383372.4892803095,2429244.1791477604,-75597.50786840204,22.5351082020244,114.026625405629,1.56936560422813,1.39184891304294,1
1701,train,2206,381038.000253626,1334569838.00025,24,15,1,2,-2399840.043900579,5383376.651215976,2429249.1855203584,-76165.88505751277,22.5351085960529,114.026641306199,1.54241582796448,1.48090631989971,1
1702,train,2206,381039.000256039,1334569839.00026,25,15,1,2,-2399842.1915700054,5383377.322443822,2429240.528248938,-76739.2328118239,22.5351108023039,114.026656005325,1.58768588153919,1.43405554444542,1
1703,train,2206,381040.000256972,1334569840.00026,25,16,1,2,-2399837.1531066946,5383368.220450858,2429244.2357094996,-77321.24811105579,22.5351128010287,114.026670901097,1.52650077876578,1.48571496130825,1
1704,train,2206,381041.000257548,1334569841.00026,25,18,1,2,-2399844.412301035,5383372.9812182905,2429243.557564659,-77890.37276020805,22.5351155008166,114.026685505656,1.58618872487367,1.49190902172486,1
1705,train,2206,381042.000258227,1334569842.00026,26,19,1,2,-2399847.433364746,5383381.379588855,2429259.3903597514,-78451.19804917213,22.5351191039327,114.026700307711,1.58221073319687,1.50617613885732,1
1706,train,2206,381043.000260322,1334569843.00026,25,19,1,2,-2399847.4021906946,5383381.11087752,2429259.3062324547,-79025.44928396758,22.5351197973169,114.026715900682,1.6059023877458,1.49418986315593,1
1707,train,2206,381044.000266127,1334569844.00027,25,20,1,2,-2399850.8757772483,5383377.981747114,2429255.305120876,-79598.98161888876,22.5351203031383,114.026728605052,1.63524352287062,1.28282147511083,1
1708,train,2206,381045.000272256,1334569845.00027,26,21,1,2,-2399854.9393730764,5383385.859568574,2429266.1269741547,-80161.60065019576,22.5351208027053,114.026740303463,1.69495313793004,1.126643458182,1
1709,train,2206,381046.000273905,1334569846.00027,25,20,1,2,-2399854.809247421,5383373.670578569,2429255.4768701554,-80746.58340659148,22.5351227024914,114.026754100146,1.70977092581483,1.27794855877216,1
1710,train,2206,381047.000273649,1334569847.00027,26,20,1,2,-2399856.3604111057,5383370.828850297,2429255.043325659,-81321.51168121335,22.5351275983291,114.026765501809,1.56436415394698,1.23294031012263,1
1711,train,2206,381048.000273246,1334569848.00027,26,20,1,2,-2399857.8916873233,5383369.382771583,2429254.3734529195,-81895.94415988647,22.535128699422,114.026778102417,1.59927389005906,1.30806208311976,1
1712,train,2206,381049.000273483,1334569849.00027,24,19,1,2,-2399855.9771319535,5383361.708216666,2429259.1472878368,-82474.6388265129,22.5351333002268,114.026791001096,1.58219175154644,1.3308096403906,1
1713,train,2206,381050.000273631,1334569850.00027,26,20,1,2,-2399859.4892841,5383369.40329912,2429256.1082974398,-83043.82855113836,22.5351354023596,114.026803206662,1.64470399021679,1.22851001997841,1
1714,train,2206,381051.000273972,1334569851.00027,25,20,1,2,-2399859.830182544,5383370.375175599,2429257.3376790504,-83617.05996044172,22.5351325984363,114.026817304896,1.75356658170721,1.27087278856214,1
1715,train,2206,381052.000275243,1334569852.00028,27,20,1,2,-2399859.2395454873,5383372.293571952,2429257.3715674463,-84191.40535504001,22.5351334957904,114.026832599699,1.85595009162025,1.48411222359497,1
1716,train,2206,381053.000278762,1334569853.00028,27,20,1,2,-2399860.6980954553,5383371.459604548,2429258.113193299,-84765.61289744874,22.5351377022663,114.026844802702,1.95455301200851,1.30465371113718,1
1717,train,2206,381054.000284749,1334569854.00028,25,20,1,2,-2399861.946816106,5383369.192204521,2429257.518891889,-85340.34358356164,22.5351391985275,114.026857406342,1.99355637698843,1.31980678414181,1
1718,train,2206,381055.000290313,1334569855.00029,27,20,1,2,-2399862.546181388,5383367.701136832,2429255.858626791,-85916.84716279843,22.5351411017766,114.026871805303,1.89263835307346,1.44773422200785,1
1719,train,2206,381056.000293386,1334569856.00029,26,21,1,2,-2399865.3852804853,5383373.761522099,2429258.3899193867,-86486.40386178046,22.5351454004597,114.026883703421,1.8961778033722,1.31655275405143,1
1720,train,2206,381057.000294724,1334569857.00029,27,19,1,2,-2399866.0910707996,5383376.933166594,2429259.94487529,-87058.43933854294,22.5351488992344,114.026899200896,1.86265460075729,1.43331278220361,1
1721,train,2206,381058.000295422,1334569858.0003,26,19,1,2,-2399866.766827047,5383378.135370717,2429258.9411894106,-87633.62853407407,22.5351539986303,114.026912204744,1.88203294924593,1.33074458170605,1
1722,train,2206,381059.000296053,1334569859.0003,27,20,1,2,-2399867.375259601,5383377.150939047,2429259.1184008485,-88207.69045499538,22.5351598966946,114.026926800611,1.90215361347375,1.41807934267089,1
1723,train,2206,381060.000296892,1334569860.0003,27,20,1,2,-2399869.1898586806,5383375.511649065,2429259.302982692,-88781.84316532471,22.5351713985891,114.026939106385,1.77326442574145,1.4065283447609,1
1724,train,2206,381061.000298158,1334569861.0003,25,21,1,2,-2399868.367651928,5383371.884074689,2429254.968176596,-89360.02798357005,22.5351765029444,114.026951901893,1.61896552405163,1.32133719535417,1
1725,train,2206,381062.00030006,1334569862.0003,25,18,1,2,-2399867.6254508113,5383362.796960807,2429241.2189217634,-89945.7547446026,22.5351847992363,114.026960704476,1.50791460971652,1.08839148305612,1
1726,train,2206,381063.000300803,1334569863.0003,26,19,1,2,-2399869.2357368767,5383358.308762181,2429240.982254,-90522.741260877,22.5351923975988,114.026973202572,1.47353677029617,1.27625057951156,1
1727,train,2206,381064.000302007,1334569864.0003,25,18,1,2,-2399866.6189924493,5383351.186475612,2429249.5712295435,-91100.75382826441,22.5351974017079,114.026988000193,1.62021706368286,1.42924358844792,1
1728,train,2206,381065.000307373,1334569865.00031,24,19,1,2,-2399869.3804013925,5383346.599878614,2429245.436211587,-91677.63301474413,22.5352025001105,114.026999602178,1.56164665583387,1.29649596343215,1
1729,train,2206,381066.000309464,1334569866.00031,25,21,1,2,-2399874.7016617144,5383362.678942596,2429256.292158517,-92233.27521391556,22.5352055028434,114.027012206377,1.5952294762291,1.25906713043522,1
1730,train,2206,381067.000309638,1334569867.00031,23,21,1,2,-2399876.066879816,5383366.958337454,2429258.3057898832,-92803.59676329454,22.5352087002481,114.027025203381,1.57426654971561,1.33687058969104,1
1731,train,2206,381068.000309184,1334569868.00031,24,21,1,2,-2399876.536795203,5383365.703935631,2429256.6053749453,-93379.35046292884,22.5352137023647,114.027037805395,1.4317169836778,1.3204045357308,1
1732,train,2206,381069.000318169,1334569869.00032,24,20,1,2,-2399879.906994672,5383361.344943026,2429249.1714143334,-93959.40925834703,22.5352188036023,114.027051307443,1.53158756582817,1.40505718158164,1
1733,train,2206,381070.000315393,1334569870.00032,25,20,1,2,-2399879.962864931,5383356.789679489,2429252.693235426,-94536.15086268977,22.5352206977681,114.027065806029,1.49568305159456,1.40498590582512,1
1734,train,2206,381071.000317069,1334569871.00032,25,17,1,3,-2399876.537761535,5383335.293671601,2429251.1793698976,-95125.7384310894,22.535224206423,114.027079502412,1.56405059552054,1.36969532991106,1
1735,train,2206,381072.0003186,1334569872.00032,27,19,1,2,-2399882.183253945,5383348.196655689,2429250.0770867704,-95689.40711166889,22.5352294032879,114.027089400011,1.50246510856253,1.19672694620757,1
1736,train,2206,381073.000320004,1334569873.00032,25,20,1,2,-2399886.4581224527,5383341.961550545,2429246.8894490283,-96267.47058185283,22.5352359039243,114.027100400028,1.54716541742333,1.2616958862738,1
1737,train,2206,381074.000321294,1334569874.00032,27,22,1,2,-2399888.0968833975,5383341.542359955,2429247.616144747,-96841.48674950645,22.5352433978128,114.027112504888,1.31896403263402,1.36218435437422,1
1738,train,2206,381075.000322484,1334569875.00032,26,21,1,2,-2399884.6355206165,5383340.019670021,2429259.6441506445,-97411.92626986107,22.5352483983864,114.027124408272,1.53165737264798,1.27125912418881,1
1739,train,2206,381076.000323585,1334569876.00032,27,20,1,2,-2399889.6811570465,5383327.057285558,2429241.709346056,-97998.66118895129,22.5352609022843,114.027136608235,1.70670429738981,1.3777147257922,1
1740,train,2206,381077.000324606,1334569877.00032,27,19,1,2,-2399880.526765815,5383325.536630473,2429248.1953257835,-98577.86393744143,22.5352640052509,114.027149404601,2.16222071224622,1.28221703029517,1
1741,train,2206,381078.000325556,1334569878.00033,26,20,1,2,-2399890.280636253,5383333.888145962,2429262.4310506294,-99138.37932363366,22.5352661033757,114.027164306101,2.45795405964156,1.38297649455869,1
1742,train,2206,381079.000326442,1334569879.00033,25,20,1,2,-2399890.0837365724,5383329.591112506,2429260.528259042,-99715.49180159344,22.5352757994054,114.027175901498,2.76916740688074,1.24195161223377,1
1743,train,2206,381080.000327271,1334569880.00033,26,22,1,2,-2399891.557553125,5383334.492628303,2429255.754109241,-100286.39888273197,22.5352812972241,114.027188607694,3.11801724985738,1.35652246970459,1
1744,train,2206,381081.000328052,1334569881.00033,25,22,1,2,-2399896.175768942,5383339.882272833,2429262.41385967,-100853.62762119509,22.5352855998079,114.027198401806,3.23780594942846,1.08575135081057,1
1745,train,2206,381082.00032879,1334569882.00033,25,21,1,2,-2399898.048336104,5383338.826871158,2429263.136950951,-101428.06839658876,22.5352884981071,114.027209405486,3.42184164086619,1.04078166873726,1
1746,train,2206,381083.000329493,1334569883.00033,25,20,1,2,-2399896.460013978,5383335.421181978,2429261.34599259,-102006.26696811097,22.5352889948115,114.027219001537,3.5892366425563,0.935517553399818,1
1747,train,2206,381084.000330167,1334569884.00033,27,16,1,2,-2399896.2736319457,5383330.08472678,2429250.9780025613,-102590.01750418455,22.535286797578,114.02723080435,3.96168043790688,0.912183001778244,1
1748,train,2206,381085.000330821,1334569885.00033,25,17,1,2,-2399897.3142415686,5383326.592047724,2429248.7158046393,-103166.55694334846,22.5352833979579,114.027239700201,3.86431991999152,0.734158510690974,1
1749,train,2206,381086.000331464,1334569886.00033,26,18,1,2,-2399894.182376397,5383327.469046358,2429255.3294766312,-103738.60883396446,22.535282301189,114.027249505217,3.6404735153214,0.804657502661764,1
1750,train,2206,381087.000332105,1334569887.00033,27,20,1,2,-2399892.7131827893,5383326.379403,2429253.5434339154,-104314.69403942296,22.5352762036809,114.027259201724,3.63671933469551,0.784004196483296,1
1751,train,2206,381088.000332754,1334569888.00033,26,20,1,2,-2399893.771288678,5383331.493133461,2429258.2877146313,-104884.6831482229,22.5352749970602,114.027268502248,3.6482866122752,0.933626829960929,1
1752,train,2206,381089.000333426,1334569889.00033,27,20,1,2,-2399894.597977099,5383327.606162813,2429259.756789013,-105459.77741783904,22.535276995248,114.0272788051,3.52735534702832,0.976359587947188,1
1753,train,2206,381090.000334132,1334569890.00033,26,17,1,2,-2399900.908029958,5383337.274030082,2429277.0972798644,-106018.36297910567,22.5352761956877,114.027289901697,3.42515652306651,0.944225003431087,1
1754,train,2206,381091.00033489,1334569891.00033,25,19,1,3,-2399892.126641311,5383312.195305774,2429259.34180935,-106617.88189188742,22.5352801021605,114.027295605738,3.41849145014549,0.693170792159268,1
1755,train,2206,381092.000335721,1334569892.00034,26,18,1,2,-2399899.724880277,5383315.104767832,2429254.367901354,-107193.12588317208,22.5352878037432,114.027298899264,3.10616817434791,0.450994387454713,1
1756,train,2206,381093.000336643,1334569893.00034,26,19,1,2,-2399897.004003424,5383311.049262091,2429262.0823984058,-107763.48551595317,22.535295096688,114.027301099392,2.79310263505794,0.217404374828067,1
1757,train,2206,381094.000337683,1334569894.00034,27,19,1,2,-2399893.0648729107,5383309.646246869,2429250.0205279007,-108345.64519207896,22.5352991035642,114.027301800648,2.77262407411877,0.0561707199912623,1
1758,train,2206,381095.00033887,1334569895.00034,26,18,1,2,-2399891.233471148,5383302.555196242,2429249.5188480373,-108925.14758221402,22.5352977988476,114.027304705363,2.61982676168206,0.0348417055530872,1
1759,train,2206,381096.000340235,1334569896.00034,28,17,1,2,-2399884.8043095646,5383311.898835839,2429257.0719009154,-109492.82674852422,22.5352993055426,114.027303496837,2.24380816506175,0.0346316115681417,1
1760,train,2206,381097.000341813,1334569897.00034,29,17,1,3,-2399887.2777012363,5383347.418522691,2429283.950817337,-110033.12649918465,22.5353018010265,114.02730270147,2.23009205147549,0.0699413485594709,1
1761,train,2206,381098.00034364,1334569898.00034,27,21,1,3,-2399893.370359374,5383316.643255662,2429263.348208789,-110631.3000297633,22.5353021966646,114.027305596213,2.04108036105328,0.159686477070584,1
1762,train,2206,381099.000345757,1334569899.00035,26,22,1,2,-2399892.3242816804,5383315.104938621,2429262.5048732865,-111205.21729511463,22.5353022015353,114.027308204309,1.96930520234383,0.0614745278382272,1
1763,train,2206,381100.000348204,1334569900.00035,26,21,1,2,-2399891.852640617,5383315.189802743,2429261.798288714,-111780.26093968557,22.5353016974457,114.027310001522,1.84809933320721,0.0387478731998019,1
1764,train,2206,381101.000351016,1334569901.00035,26,20,1,2,-2399891.8873024103,5383317.076813475,2429253.5179291074,-112359.61532311414,22.535304798029,114.027308899061,1.39646910865287,0.132437560542453,1
1765,train,2206,381102.000354227,1334569902.00035,28,20,1,2,-2399896.3659860007,5383318.51908834,2429258.1005079197,-112930.59181810207,22.5353078027662,114.027309996887,0.957228342558708,0.126130228353575,1
1766,train,2206,381103.00035786,1334569903.00036,27,18,1,2,-2399898.8797774613,5383321.552946206,2429256.1770397187,-113504.5153825244,22.5353077008039,114.02731320069,0.822401309350095,0.336932572224529,1
1767,train,2206,381104.000361925,1334569904.00036,26,20,1,2,-2399894.0091011957,5383317.71995829,2429262.2847104194,-114077.62498302852,22.535303002888,114.027315004144,0.841916648809505,0.35292744150172,1
1768,train,2206,381105.000366417,1334569905.00037,25,20,1,2,-2399900.746273306,5383324.855403789,2429265.0109953443,-114645.11321846588,22.5353042987318,114.027317699884,0.621557317408714,0.234231111101586,1
1769,train,2206,381106.000371309,1334569906.00037,25,19,1,2,-2399906.6067012683,5383324.802312123,2429264.052601979,-115216.02426049316,22.5353019962704,114.027321504724,0.442719649572377,0.316557513533339,1
1770,train,2206,381107.000376553,1334569907.00038,26,17,1,3,-2399903.5410651457,5383300.854629755,2429261.2927144617,-115806.1486282782,22.535302202458,114.027327099259,0.00925095804184808,0.500639950745683,1
1771,train,2206,381108.000382078,1334569908.00038,25,18,1,2,-2399909.094332207,5383294.9071324915,2429258.8338893563,-116380.12213964436,22.5352985011895,114.027331802597,-0.216472265117882,0.606126729820575,1
1772,train,2206,381109.000387793,1334569909.00039,25,18,1,2,-2399917.496221486,5383309.501287674,2429264.847626431,-116941.75147108558,22.5352972029588,114.02733520582,-0.482947696386434,0.382034616830404,1
1773,train,2206,381110.000393596,1334569910.00039,24,19,1,2,-2399918.7613390614,5383317.228480116,2429264.6020416003,-117509.74209202993,22.5352941013341,114.027336203744,-0.675454353675142,0.364731795085705,1
1774,train,2206,381111.000399372,1334569911.0004,23,17,1,2,-2399922.6186618754,5383325.203298074,2429268.8790167705,-118076.69415717317,22.5352918031868,114.027338599692,-0.675135133259801,0.187387153122649,1
1775,train,2206,381112.000405015,1334569912.00041,25,18,1,2,-2399919.16242583,5383320.491461951,2429263.670410124,-118656.60027954115,22.535286000441,114.027341999517,-0.512155174081484,0.310967933731665,1
1776,train,2206,381113.000410423,1334569913.00041,24,18,1,2,-2399922.5566513673,5383323.750945298,2429261.94231696,-119228.32693781913,22.5352730966497,114.027348398926,0.428864282420049,0.823562750726708,1
1777,train,2206,381114.000415513,1334569914.00042,26,19,1,2,-2399931.923070435,5383329.118771721,2429258.801241088,-119796.53812774956,22.5352640971771,114.027353402679,0.59452627343999,0.756369824131916,1
1778,train,2206,381115.000420225,1334569915.00042,25,19,1,2,-2399930.0778269707,5383327.444002216,2429254.373982802,-120372.55592996794,22.5352552965297,114.027359199964,0.172196463527283,0.741321104810512,1
1779,train,2206,381116.000424518,1334569916.00042,24,18,1,3,-2399943.6988099553,5383340.833644006,2429255.2905853717,-120935.48401407493,22.5352429931559,114.027363300658,0.0582441507673068,0.961505320032755,1
1780,train,2206,381117.000428374,1334569917.00043,23,17,1,2,-2399950.66940722,5383343.763740708,2429255.3240158763,-121506.77277851348,22.5352335946496,114.027368895983,0.127025631487827,0.801439188177964,1
1781,train,2206,381118.000431796,1334569918.00043,22,14,1,2,-2399945.748782973,5383341.14694915,2429253.438284438,-122085.20145586178,22.5352252972928,114.027377300226,0.632399838845136,0.819747605584541,1
1782,train,2206,381119.000434801,1334569919.00043,26,18,1,2,-2399953.9172418923,5383337.726631358,2429254.463345321,-122659.79807632812,22.5352181976153,114.027387198506,0.750221549805309,0.849706175376582,1
1783,train,2206,381120.000437416,1334569920.00044,25,17,1,2,-2399953.9686500123,5383338.572100316,2429251.2679197066,-123231.80853035343,22.5352052920933,114.027396800255,0.896004642497421,1.12318138791321,1
1784,train,2206,381121.000439677,1334569921.00044,24,17,1,2,-2399955.650168652,5383340.556021894,2429251.386161073,-123804.01804216226,22.5351904967184,114.02740710388,1.0430183168217,1.0734269960286,1
1785,train,2206,381122.000441624,1334569922.00044,25,15,1,3,-2399972.600434268,5383378.146530596,2429273.4322499963,-124348.67073468446,22.5351735003424,114.027413498791,1.45090096659977,1.25678087064702,1
1786,train,2206,381123.000443295,1334569923.00044,23,13,1,3,-2399989.401849214,5383425.777202887,2429305.536371397,-124876.87491333915,22.5351577959017,114.027424096205,1.91337238489414,1.34836847691995,1
1787,train,2206,381124.000444731,1334569924.00044,22,12,1,3,-2399989.474141122,5383394.0011784835,2429295.3237415706,-125475.91215848461,22.5351404976011,114.027432102566,2.39681436066841,1.40221089392034,1
1788,train,2206,381125.000445969,1334569925.00045,25,14,1,2,-2399987.418051259,5383393.063142827,2429294.876765549,-126049.9564151883,22.5351257902837,114.027442699859,2.54111416656929,1.45139753866789,1
1789,train,2206,381126.000447043,1334569926.00045,23,15,1,3,-2399956.2251461656,5383330.083233779,2429259.5803404283,-126680.63033518908,22.5351110974859,114.027453497429,2.56926705178688,1.48837453299197,1
1790,train,2206,381127.000447983,1334569927.00045,23,17,1,2,-2399951.9534501373,5383333.993998582,2429253.070060586,-127255.89607053102,22.5350959908392,114.027459401092,2.97669931474656,1.44613195705709,1
1791,train,2206,381128.000448816,1334569928.00045,24,17,1,2,-2399954.483896994,5383344.183793081,2429248.8301105336,-127828.65500606378,22.5350813950534,114.027468099777,3.16943017190596,1.50286601866638,1
1792,train,2206,381129.000449567,1334569929.00045,26,17,1,3,-2399941.885473289,5383338.502547411,2429232.9560230915,-128416.14071787104,22.5350666941417,114.027474503821,3.2232556015575,1.52238741313383,1
1793,train,2206,381130.000450256,1334569930.00045,25,18,1,2,-2399942.0867910977,5383355.27879468,2429243.972331675,-128975.78879920795,22.5350507991574,114.027479099139,3.38962655600792,1.55203295164022,1
1794,train,2206,381131.000450901,1334569931.00045,25,16,1,2,-2399938.737837044,5383347.253920571,2429231.6742313756,-129563.36172534974,22.5350366925253,114.027484204226,3.57456951329423,1.49221172801696,1
1795,train,2206,381132.000451517,1334569932.00045,26,14,1,3,-2399927.9344704184,5383332.471792172,2429224.7680061962,-130153.5390757623,22.5350236934451,114.027488500721,3.84492115928282,1.40284389787707,1
1796,train,2206,381133.000452119,1334569933.00045,25,18,1,2,-2399936.7300663926,5383328.045871542,2429232.0653548418,-130721.50433399758,22.5350116913462,114.027491097227,3.99014432906685,1.26814386081347,1
1797,train,2206,381134.000452717,1334569934.00045,24,15,1,2,-2399935.199877198,5383341.117616837,2429232.920538473,-131287.22743564608,22.5349984941435,114.02748999679,4.49324189514968,1.30453991831658,1
1798,train,2206,381135.000453322,1334569935.00045,23,16,1,2,-2399927.842717424,5383339.59376825,2429226.659702514,-131867.43597511045,22.5349856925781,114.02749049919,4.88301162759482,1.28988417844062,1
1799,train,2206,381136.000453943,1334569936.00045,23,18,1,2,-2399927.2379579586,5383326.268978285,2429222.0615335586,-132450.84653155852,22.5349737964253,114.027490502985,4.97902988995349,1.21389337549404,1
1800,train,2206,381137.000454588,1334569937.00045,26,20,1,2,-2399926.990012594,5383321.545361794,2429221.960641709,-133024.10570269488,22.5349609990062,114.027489298427,4.83023315203996,1.15984243814554,1
1801,train,2206,381138.000455264,1334569938.00046,24,20,1,2,-2399924.7155642826,5383321.042368376,2429220.552908158,-133598.73196410327,22.5349475949618,114.027492199064,5.43584911005316,0.905329007104316,1
1802,train,2206,381139.000455979,1334569939.00046,27,19,1,2,-2399921.8445993145,5383328.409104757,2429219.701226695,-134168.88065973698,22.5349361987903,114.027494902675,5.94133041582135,0.692183986917618,1
1803,train,2206,381140.000456739,1334569940.00046,27,19,1,2,-2399917.1075514113,5383322.995696559,2429216.473531865,-134748.48287128154,22.5349261991684,114.02749580531,5.84674087239369,0.791337235521015,1
1804,train,2206,381141.000457551,1334569941.00046,25,17,1,2,-2399910.4810045944,5383330.316387765,2429216.9896515445,-135320.89981632153,22.5349188927595,114.027496201568,5.13006455741027,0.729276551336869,1
1805,train,2206,381142.000458422,1334569942.00046,26,18,1,2,-2399911.1245250506,5383333.361756901,2429214.3098237813,-135895.31762555538,22.534911798255,114.027482695452,4.23680188481328,0.977950035899901,1
1806,train,2206,381143.000459359,1334569943.00046,27,18,1,2,-2399909.061779523,5383334.833219814,2429209.508368917,-136474.7366613458,22.5349080963815,114.0274663956,3.72207651046456,0.997326497836933,1
1807,train,2206,381144.00046037,1334569944.00046,26,17,1,2,-2399908.1024636775,5383342.159878585,2429214.3284084303,-137042.5782319966,22.5349017954051,114.027446697966,3.40764225197812,1.18829634164491,1
1808,train,2206,381145.000461462,1334569945.00046,28,20,1,2,-2399906.6279918756,5383340.543762413,2429226.8788917544,-137607.8791732835,22.5348937980601,114.027433895668,3.72857745606246,1.10076751414793,1
1809,train,2206,381146.000462646,1334569946.00046,27,20,1,2,-2399903.427227173,5383337.009190436,2429221.011506784,-138185.76535714258,22.5348907941817,114.027419595038,2.97533103182677,1.0725893654419,1
1810,train,2206,381147.000463934,1334569947.00046,28,20,1,2,-2399903.4443560494,5383333.059817043,2429217.254293354,-138763.16209188596,22.534889501942,114.027404994376,2.2348596860035,1.00415224509369,1
1811,train,2206,381148.000465337,1334569948.00047,27,21,1,3,-2399915.5782446843,5383352.431391318,2429232.5415338753,-139317.44692599453,22.5348794003749,114.027395289844,3.04920834886839,1.07692992410357,1
1812,train,2206,381149.000466871,1334569949.00047,27,19,1,3,-2399901.310741542,5383333.440484703,2429208.5155674736,-139916.05085013216,22.5348736968078,114.027382499284,3.50695809416374,1.1181124480748,1
1813,train,2206,381150.000468554,1334569950.00047,27,19,1,2,-2399900.7599312305,5383336.204880768,2429207.899615727,-140487.87394805622,22.5348616009003,114.027373798412,4.85908127529263,1.04868633278604,1
1814,train,2206,381151.000471117,1334569951.00047,28,19,1,2,-2399900.6797433705,5383340.492530184,2429210.117511838,-141058.18780348328,22.53485440269,114.02736119715,4.95888193588962,1.17424908977298,1
1815,train,2206,381152.000472361,1334569952.00047,26,19,1,2,-2399900.4964930015,5383343.072391281,2429210.2752337167,-141631.24541088956,22.5348498943039,114.027345694683,4.60434782424819,1.16239969445103,1
1816,train,2206,381153.000474327,1334569953.00047,27,19,1,2,-2399897.1111155767,5383343.986955902,2429209.194055592,-142206.23136294674,22.534840801378,114.027330291726,4.88100755105616,1.26246259123496,1
1817,train,2206,381154.000476262,1334569954.00048,25,19,1,2,-2399893.8661388294,5383341.527073419,2429208.9285479593,-142782.98942689554,22.5348280040442,114.027318794598,5.97674422659167,1.27354219019047,1
1818,train,2206,381155.000478136,1334569955.00048,26,19,1,2,-2399888.19167639,5383335.937443624,2429207.0912871584,-143361.25025947066,22.5348124018239,114.027306697518,7.34881847426734,1.20923933696261,1
1819,train,2206,381156.000480076,1334569956.00048,27,20,1,3,-2399895.4358030055,5383352.724657618,2429219.0507989195,-143919.10367597934,22.5348059960548,114.027291899642,7.84772271137731,1.28531316667787,1
1820,train,2206,381157.000481963,1334569957.00048,26,19,1,2,-2399893.3612452205,5383348.217629214,2429211.158691037,-144501.61403240974,22.5348014004299,114.02727619473,7.97578829316701,1.27816033771006,1
1821,train,2206,381158.000483887,1334569958.00048,25,17,1,3,-2399885.1836580173,5383326.243979073,2429188.6119683804,-145101.2250285982,22.5347936954639,114.027264789782,8.20295411430271,1.29030691453416,1
1822,train,2206,381159.0004858,1334569959.00049,27,17,1,2,-2399883.5874866853,5383332.369230593,2429190.2433235436,-145671.16123530903,22.534790301658,114.027250700208,8.05985041437592,1.23654644176767,1
1823,train,2206,381160.000486466,1334569960.00049,27,18,1,2,-2399886.569076184,5383335.082852696,2429189.1882433794,-146244.80795126097,22.5347838014825,114.027238594785,7.74099852571798,1.24431764687008,1
1824,train,2206,381161.000489272,1334569961.00049,27,19,1,2,-2399886.723900604,5383336.992824423,2429190.522675835,-146817.34284249932,22.5347792998281,114.027224491228,7.33770383838742,1.26720813166826,1
1825,train,2206,381162.000493296,1334569962.00049,25,18,1,2,-2399883.3935505147,5383336.2292427,2429186.626758442,-147393.67946128684,22.5347764017866,114.027210491963,6.95278580952513,1.23711217320309,1
1826,train,2206,381163.000493495,1334569963.00049,26,20,1,3,-2399888.08645354,5383353.647212427,2429202.3213499747,-147949.33176424014,22.5347743958098,114.027196796208,6.95584974217851,1.2330181407033,1
1827,train,2206,381164.000493769,1334569964.00049,26,19,1,3,-2399879.828732784,5383336.3781427955,2429186.7935338197,-148543.5124812538,22.5347697985252,114.027182892066,7.12587800685841,1.2942094147823,1
1828,train,2206,381165.000498538,1334569965.0005,26,21,1,3,-2400136.1888061683,5383964.250274953,2429309.5751809017,-148708.32695221738,22.5347651946932,114.027167794259,6.83330405323868,1.34961413882451,1
1829,train,2206,381166.000499219,1334569966.0005,22,17,1,3,-2399874.7914348147,5383344.891231917,2429182.0242854212,-149692.73603880103,22.5347626955,114.027152294839,6.3602229868263,1.32094444466552,1
1830,train,2206,381167.000501157,1334569967.0005,23,19,1,2,-2399876.4191885083,5383345.691508584,2429202.7796337157,149537.95140433064,22.5347556968298,114.027137897502,6.50327041452094,1.32327400750912,1
1831,train,2206,381167.999503052,1334569967.9995,23,18,1,2,-2399876.8202972524,5383351.865533338,2429181.2573812883,148954.435223874,22.5347513013247,114.027123710286,6.32277480115052,1.25173568412872,1
1832,train,2206,381168.999504923,1334569968.9995,24,18,1,2,-2399876.2638955005,5383352.351713222,2429179.7651453014,148378.74249765498,22.534745698768,114.027109204133,6.02548366447678,1.3813465681993,1
1833,train,2206,381169.999506901,1334569969.99951,26,20,1,3,-2400202.395526318,5383752.193993117,2429457.4120302345,148197.03990708472,22.5347424989437,114.027095504752,5.51719823261363,1.28467965606666,1
1834,train,2206,381170.999508761,1334569970.99951,22,17,1,3,-2399875.1745216115,5383352.934995832,2429180.427587249,147230.78931300683,22.5347390977036,114.027080409238,4.72636763200371,1.37473459708234,1
1835,train,2206,381171.999510688,1334569971.99951,23,18,1,2,-2399875.201800087,5383363.85652806,2429210.89652483,146680.69480851543,22.5347351019822,114.027065103069,4.52722783971753,1.43347744729812,1
1836,train,2206,381172.999512654,1334569972.99951,24,19,1,3,-2399880.196615649,5383385.189169174,2429216.492842244,146122.6983688141,22.5347316039053,114.027051502882,4.32068816832448,1.33958972964585,1
1837,train,2206,381173.999514588,1334569973.99951,23,18,1,2,-2399873.5037913383,5383378.351409769,2429215.1221866976,145542.37243994995,22.5347276004375,114.027037308616,4.32458159012921,1.3283445607501,1
1838,train,2206,381174.999516458,1334569974.99952,23,19,1,3,-2399869.399812048,5383360.595444472,2429213.4503892753,144958.90448463493,22.5347216987067,114.027024906939,4.38362816597709,1.22912118825684,1
1839,train,2206,381175.99951717,1334569975.99952,23,18,1,2,-2399869.490965825,5383370.477713179,2429209.1939905006,144386.342286305,22.5347168009553,114.027011909539,4.30270922104157,1.26440256283368,1
1840,train,2206,381176.999521452,1334569976.99952,25,18,1,2,-2399863.7655255846,5383361.192708237,2429211.8254125775,143809.86871395714,22.5347160048424,114.027000502128,3.91200745665698,1.18744543256749,1
1841,train,2206,381177.999522226,1334569977.99952,25,19,1,2,-2399868.026090754,5383368.402263826,2429216.375428916,143241.62925125172,22.5347125020386,114.026987907323,3.83454861542325,1.26562609129234,1
1842,train,2206,381178.99952415,1334569978.99952,24,20,1,3,-2399868.92677103,5383389.1972911125,2429219.7690225644,142681.25934764557,22.5347092019109,114.026972305309,4.0604269379551,1.39557308677019,1
1843,train,2206,381179.999526065,1334569979.99953,24,20,1,2,-2399868.5530327777,5383388.230476131,2429214.23642787,142103.99284523455,22.534706397686,114.026956402861,4.08084975219837,1.36823969782843,1
1844,train,2206,381180.999527944,1334569980.99953,25,20,1,2,-2399867.9803791884,5383376.230743645,2429199.5386132672,141515.6973468763,22.5347005022612,114.026942807394,4.30017458958345,1.32328982654457,1
1845,train,2206,381181.999529903,1334569981.99953,25,21,1,2,-2399865.6916224104,5383389.136141035,2429213.286744455,140954.0119135263,22.5346957023811,114.026929303321,4.44873771492228,1.32799175219995,1
1846,train,2206,381182.999531801,1334569982.99953,25,20,1,2,-2399864.959980242,5383389.927862052,2429217.087478058,140381.60959676726,22.5346922026684,114.026916404888,4.10153587783941,1.31337728167451,1
1847,train,2206,381183.999533719,1334569983.99953,25,22,1,2,-2399865.8297052914,5383389.115269274,2429214.280583597,139806.04461496035,22.5346846992598,114.026903904654,4.19940813335769,1.29958934325643,1
1848,train,2206,381184.999535578,1334569984.99954,25,22,1,2,-2399863.013738286,5383385.914755201,2429215.467255675,139230.6046181008,22.5346752050053,114.026891806097,4.40592372411039,1.30017839287529,1
1849,train,2206,381185.999537544,1334569985.99954,27,21,1,3,-2399858.6041024383,5383367.509115332,2429213.391810406,138644.78142520954,22.5346711018522,114.02687610486,4.15971302138611,1.40158945296501,1
1850,train,2206,381186.999539523,1334569986.99954,29,23,1,2,-2399851.762488907,5383362.286774055,2429211.905196897,138063.86296693323,22.5346638988935,114.026865603682,3.84082460401031,1.1889655921431,1
1851,train,2206,381187.999541413,1334569987.99954,27,21,1,2,-2399853.4526924617,5383371.699970477,2429208.5553437583,137493.4173004214,22.5346578007857,114.026853104675,3.65482080993419,1.28419148457088,1
1852,train,2206,381188.999543313,1334569988.99954,28,21,1,2,-2399853.246399122,5383363.889845342,2429183.643886,136901.71863129875,22.5346487002083,114.026841109776,4.08491714525625,1.27666397721054,1
1853,train,2206,381189.999545214,1334569989.99955,29,24,1,2,-2399850.5369006204,5383372.053296191,2429208.3365195477,136345.46925806574,22.5346399991958,114.02682950528,4.22319037655742,1.37088021797725,1
1854,train,2206,381190.999547128,1334569990.99955,28,23,1,2,-2399848.627716401,5383361.6875689095,2429206.204237774,135762.6261509461,22.5346310039456,114.026818002819,4.05905853966894,1.36184249192765,1
1855,train,2206,381191.999549035,1334569991.99955,28,23,1,2,-2399848.912073371,5383368.5034102425,2429208.2267333567,135194.34430240406,22.534622901574,114.02680510574,4.05046473740772,1.3284240782706,1
1856,train,2206,381192.999550898,1334569992.99955,28,23,1,2,-2399848.577565356,5383371.004825111,2429206.2266356214,134620.84365477125,22.5346153997575,114.026795709195,3.77980156992469,1.21289216598835,1
1857,train,2206,381193.999552828,1334569993.99955,28,23,1,2,-2399848.3763309256,5383373.8279978335,2429207.2847137167,134048.97503536576,22.5346090025429,114.026784403675,3.44137031613915,1.25422569568625,1
1858,train,2206,381194.99955481,1334569994.99955,28,22,1,2,-2399851.0864731427,5383385.323998919,2429208.527504512,133481.15468497787,22.5346020008743,114.026772209061,3.21476027463935,1.24266916987856,1
1859,train,2206,381195.999556707,1334569995.99956,28,22,1,2,-2399850.3236038066,5383387.162884848,2429208.4342899513,132907.4862209784,22.5345979005279,114.026757402037,3.06168837840516,1.3202689218731,1
1860,train,2206,381196.999558656,1334569996.99956,29,21,1,2,-2399846.5918929675,5383372.495743934,2429189.221471069,132315.71065556904,22.53459239749,114.026745003259,2.78474951301096,1.28919746996542,1
1861,train,2206,381197.999560563,1334569997.99956,28,22,1,2,-2399849.984958254,5383382.959458017,2429192.9524493036,131748.89830590825,22.5345864041931,114.026732708584,2.84486515089734,1.30623015229061,1
1862,train,2206,381198.999562419,1334569998.99956,28,24,1,3,-2399851.4442134006,5383405.00612635,2429212.2226778455,131198.8838544415,22.5345794000326,114.02671950902,2.46508555530562,1.38746817010005,1
1863,train,2206,381199.999564343,1334569999.99956,29,21,1,2,-2399847.097766269,5383394.911051296,2429184.5305270446,130603.27927442911,22.5345749048726,114.026706409318,2.26605804342817,1.3538526396133,1
1864,train,2206,381200.999566311,1334570000.99957,28,21,1,2,-2399843.6826730445,5383387.218645097,2429182.261578298,130022.79093503642,22.5345694001414,114.026694304824,1.54850045640203,1.22643861060281,1
1865,train,2206,381201.999568208,1334570001.99957,28,23,1,2,-2399843.748799527,5383393.036186636,2429188.326688201,129455.9596935585,22.5345624035838,114.026682510119,1.45101096282756,1.32630147197143,1
1866,train,2206,381202.999570073,1334570002.99957,28,23,1,2,-2399840.9937255625,5383392.3813102115,2429186.0928560207,128879.97470011888,22.5345528046937,114.026669803792,1.28352273897761,1.40230024073984,1
1867,train,2206,381203.999570732,1334570003.99957,28,20,1,2,-2399840.2545731347,5383391.889856221,2429187.893650458,128306.06959474481,22.5345465052287,114.0266578027,0.953003096448677,1.31281513872725,1
1868,train,2206,381204.999575228,1334570004.99958,29,21,1,2,-2399839.4018935743,5383392.515297132,2429186.869632375,127732.1576614892,22.5345421025021,114.026644805698,0.557068697507761,1.29487151264021,1
1869,train,2206,381205.999575827,1334570005.99958,28,21,1,2,-2399836.9450398507,5383386.371258741,2429178.121663496,127148.19484550013,22.5345354060391,114.026634203346,0.212538419344632,1.25910019256208,1
1870,train,2206,381206.999577882,1334570006.99958,30,23,1,3,-2399837.632992692,5383413.110829802,2429206.606428809,126594.72413477796,22.5345327975023,114.02662290847,-0.962365623247465,1.18022614890417,1
1871,train,2206,381207.99957973,1334570007.99958,30,22,1,2,-2399833.6068920544,5383400.552019659,2429182.504659639,125996.17001567941,22.5345275970925,114.026611703414,-0.959894111546202,1.19125194387774,1
1872,train,2206,381208.999581806,1334570008.99958,28,21,1,2,-2399834.0878716335,5383418.245976122,2429211.758842016,125445.58801496211,22.5345187993497,114.026601007949,-0.542661084642037,1.25791626751,1
1873,train,2206,381209.999583583,1334570009.99958,28,20,1,3,-2399824.6745997868,5383368.86804881,2429174.3477755445,124821.04007932523,22.5345119987935,114.026590509384,-0.718493870056185,1.21825657558766,1
1874,train,2206,381210.999585479,1334570010.99959,28,21,1,2,-2399824.6046308456,5383371.702099398,2429175.1126849656,124248.6184229111,22.5345060985102,114.026581502959,-0.832174557586718,1.09953550762177,1
1875,train,2206,381211.999587436,1334570011.99959,28,21,1,2,-2399824.4908101973,5383373.51045648,2429173.5925305155,123673.1452727829,22.5344999998356,114.026571904162,-1.20845990952156,1.0908793483316,1
1876,train,2206,381212.999589336,1334570012.99959,28,22,1,3,-2399825.266952222,5383395.7958346745,2429175.9858193193,123112.94121234489,22.5344927977037,114.026559900862,-1.17283167765427,1.21166840042593,1
1877,train,2206,381213.999591238,1334570013.99959,28,22,1,2,-2399824.5994790443,5383393.099239135,2429176.22280673,122536.82944470794,22.5344839998766,114.026545505169,-1.26174296389214,1.28393410160148,1
1878,train,2206,381214.999593154,1334570014.99959,28,22,1,2,-2399823.6966767674,5383393.614524222,2429175.985679365,121962.15400431528,22.5344773025391,114.026533802147,-1.3764657553544,1.28865888659967,1
1879,train,2206,381215.999594883,1334570015.99959,27,22,1,2,-2399821.8331933734,5383392.932596637,2429176.1923915735,121387.21061553105,22.5344746989199,114.026521403439,-1.61852775263703,1.21368652011264,1
1880,train,2206,381216.999596984,1334570016.9996,27,21,1,2,-2399820.1187108066,5383396.944040048,2429163.938466064,120807.18045197219,22.5344681024197,114.026508003575,-1.66354161398555,1.35416104262517,1
1881,train,2206,381217.999597548,1334570017.9996,27,22,1,2,-2399818.1506497897,5383395.236169363,2429175.7329132794,120238.92455017832,22.5344641976309,114.026495002687,-1.76177773663768,1.29557740240929,1
1882,train,2206,381218.999602044,1334570018.9996,26,23,1,3,-2399821.6687919237,5383414.037216672,2429205.21410633,119691.16561982833,22.5344608039431,114.026480108317,-1.73024580594387,1.43086167221001,1
1883,train,2206,381219.99960274,1334570019.9996,27,23,1,2,-2399821.5547394226,5383413.821405174,2429205.5939020794,119116.67713538493,22.5344560987471,114.026467301795,-1.68255729239317,1.34979998524876,1
1884,train,2206,381220.999604641,1334570020.9996,28,23,1,2,-2399819.6133854347,5383414.2953931345,2429205.91427003,118542.39570725565,22.5344518010028,114.026452604894,-1.829748987387,1.41459754916189,1
1885,train,2206,381221.999606577,1334570021.99961,28,22,1,2,-2399816.3103059703,5383400.259203922,2429179.2015175293,117944.68944034084,22.5344468051548,114.026441201481,-1.97585459092893,1.27641644630655,1
1886,train,2206,381222.999608496,1334570022.99961,27,20,1,2,-2399813.9287090315,5383401.90171318,2429167.138851523,117363.24515235134,22.5344427998819,114.026428901716,-2.08896365822101,1.29960389319248,1
1887,train,2206,381223.999610414,1334570023.99961,27,21,1,2,-2399813.7370002465,5383404.35634376,2429166.0860616034,116789.63293381517,22.5344396990105,114.026415505986,-1.93990539504971,1.27780084758516,1
1888,train,2206,381224.999612322,1334570024.99961,27,21,1,2,-2399810.5845241304,5383398.056033494,2429167.1413907707,116211.97122069527,22.5344359037891,114.026404403035,-2.14039129976916,1.19775263876136,1
1889,train,2206,381225.999614229,1334570025.99961,28,21,1,2,-2399808.710627742,5383398.307451126,2429168.712919029,115638.40586507773,22.5344312971945,114.026392005713,-2.28599635365666,1.26749644483461,1
1890,train,2206,381226.999616149,1334570026.99962,29,21,1,3,-2399801.104015847,5383367.327661696,2429119.0214058375,115018.95983440668,22.5344269032501,114.026380499932,-2.79361516562988,1.22049232966205,1
1891,train,2206,381227.999618083,1334570027.99962,27,23,1,3,-2399720.9334257045,5383249.436525395,2428942.0765703265,114268.36564879908,22.5344208999465,114.026367903587,-3.03344231268565,1.33813623024732,1
1892,train,2206,381228.99961997,1334570028.99962,27,22,1,3,-2399713.915236217,5383251.865800675,2428903.321076905,113677.18598645354,22.5344168011664,114.026354310158,-3.19728185085942,1.31178995556379,1
1893,train,2206,381229.999621774,1334570029.99962,24,21,1,3,-2399804.5545247523,5383401.873752042,2429164.2816074574,113340.66752117098,22.5344112038238,114.026340009077,-3.40468311498209,1.38393630698382,1
1894,train,2206,381230.999623817,1334570030.99962,26,20,1,2,-2399805.3128288137,5383402.976064667,2429161.911350177,112766.76708330424,22.5344059001075,114.026327505949,-3.6278299110804,1.28024169299111,1
1895,train,2206,381231.999625845,1334570031.99963,27,20,1,2,-2399803.4309801036,5383403.53014989,2429163.4925155,112193.37753497201,22.5344030993826,114.02631320458,-3.76244144891529,1.35131275127391,1
1896,train,2206,381232.999627653,1334570032.99963,26,22,1,2,-2399803.5366396382,5383405.117092655,2429183.598950472,111631.49244642483,22.534398297566,114.026299406618,-3.93676536648659,1.37613955326553,1
1897,train,2206,381233.999629555,1334570033.99963,25,22,1,2,-2399800.6284145657,5383404.322840399,2429182.2398900934,111055.5386776895,22.534395201142,114.02628190307,-3.7235968642318,1.56263442091928,1
1898,train,2206,381234.999631459,1334570034.99963,27,22,1,2,-2399800.550804199,5383404.774403788,2429181.3426551432,110481.54619509687,22.5343912027588,114.026268405312,-3.73935947811348,1.38591344569233,1
1899,train,2206,381235.999633371,1334570035.99963,27,23,1,2,-2399800.1767763766,5383408.993740732,2429180.884935557,109909.03117522378,22.534386303186,114.02625520183,-3.84596703594221,1.38936839792097,1
1900,train,2206,381236.99963529,1334570036.99964,27,23,1,2,-2399800.705255615,5383406.244048629,2429178.2499246746,109332.48996287449,22.5343824031848,114.026242704019,-3.83840037882248,1.29348924160263,1
1901,train,2206,381237.999637205,1334570037.99964,27,24,1,2,-2399798.129235438,5383400.91629716,2429175.8281538268,108754.41874464772,22.5343772987595,114.026229699944,-3.63987985060214,1.34201859060078,1
1902,train,2206,381238.999639156,1334570038.99964,28,23,1,2,-2399796.6314387694,5383403.9279369535,2429170.664241487,108177.74619888567,22.5343720032326,114.026216003824,-3.73463678585161,1.42468913460728,1
1903,train,2206,381239.999641044,1334570039.99964,28,24,1,2,-2399799.180474762,5383412.46090307,2429179.3493067976,107613.28754752695,22.534366500203,114.026202906802,-3.6775722208229,1.37483477193465,1
1904,train,2206,381240.999642563,1334570040.99964,28,23,1,2,-2399793.175562372,5383406.177667079,2429176.496699078,107033.52952019888,22.5343604977709,114.026193202935,-3.67766478850089,1.19565349118693,1
1905,train,2206,381241.999644877,1334570041.99964,27,23,1,2,-2399792.765676811,5383405.736706594,2429175.565950906,106458.71169634255,22.5343577978616,114.026180006027,-3.58092907083552,1.31484249019247,1
1906,train,2206,381242.999645493,1334570042.99965,25,23,1,2,-2399793.0446710405,5383406.936926515,2429176.410001869,105885.51028945799,22.534351902604,114.02616960365,-3.77913213877295,1.21835001457096,1
1907,train,2206,381243.999646428,1334570043.99965,25,24,1,2,-2399791.8385907705,5383403.118933909,2429173.352764833,105308.28909724452,22.5343489039993,114.026158507474,-3.79568784827057,1.18773780836681,1
1908,train,2206,381244.999650895,1334570044.99965,26,23,1,2,-2399790.3564595673,5383408.882621841,2429175.5457814713,104737.14532678838,22.5343435038233,114.026145400536,-3.77118072773003,1.3377036365571,1
1909,train,2206,381245.999654757,1334570045.99965,26,24,1,2,-2399787.209549789,5383406.129860409,2429171.386994202,104159.2312143784,22.5343369034812,114.026134702571,-4.0448839817547,1.23772925638671,1
1910,train,2206,381246.999655586,1334570046.99966,25,23,1,2,-2399783.746696497,5383411.500223812,2429173.0989288385,103588.72744652742,22.5343309011488,114.026123303102,-4.09717855497451,1.21028521580878,1
1911,train,2206,381247.999656406,1334570047.99966,26,24,1,2,-2399781.1081321635,5383405.127356918,2429169.637974368,103008.58019777732,22.5343248998549,114.026112401036,-4.62732470155584,1.19007548495564,1
1912,train,2206,381248.999658311,1334570048.99966,27,24,1,2,-2399779.259619754,5383410.374221763,2429171.6652507004,102436.13747723473,22.5343195016854,114.026099501451,-4.71568274151351,1.27096209750564,1
1913,train,2206,381249.999659893,1334570049.99966,27,23,1,2,-2399776.4592224667,5383406.769972075,2429170.521249709,101859.23244388164,22.5343153029104,114.026087901652,-4.98070828425865,1.19537759376168,1
1914,train,2206,381250.99966118,1334570050.99966,26,23,1,2,-2399778.194532063,5383415.139755752,2429174.596245188,101290.57037637602,22.5343118030455,114.02607420316,-4.93379802166081,1.30004311681777,1
1915,train,2206,381251.999662244,1334570051.99966,26,23,1,2,-2399777.0965477787,5383417.272046401,2429171.5196916997,100715.89760520548,22.5343101009268,114.026062102326,-5.42427662235829,1.1847512562119,1
1916,train,2206,381252.999663139,1334570052.99966,26,22,1,2,-2399775.1561024385,5383417.275186316,2429166.049541167,100139.8067135938,22.5343082039063,114.026050405015,-5.59906030074195,1.14401148436291,1
1917,train,2206,381253.999663908,1334570053.99966,28,21,1,2,-2399774.6503199674,5383421.633704931,2429168.076667042,99567.8134263315,22.5343053020245,114.026038508289,-5.70903612131571,1.16286347173779,1
1918,train,2206,381254.99966459,1334570054.99966,27,20,1,2,-2399774.836466574,5383436.6994555015,2429193.5903253863,99011.47316261583,22.5343038025943,114.026028204655,-6.10216134624229,1.00331829246549,1
1919,train,2206,381255.999665229,1334570055.99967,28,21,1,2,-2399772.269270039,5383431.626355419,2429192.969951948,98433.48973681573,22.5343025004874,114.026019002331,-6.64966538095696,0.90404601312992,1
1920,train,2206,381256.999665885,1334570056.99967,28,20,1,3,-2399769.233392848,5383415.043432963,2429166.6331995483,97838.42011486205,22.5343007018308,114.026011502328,-7.0098144223587,0.768743411161902,1
1921,train,2206,381257.999666633,1334570057.99967,27,20,1,2,-2399771.3041198887,5383416.296655163,2429162.728923116,97266.06302647234,22.5342981027406,114.026005403028,-7.04676700550296,0.560156154483948,1
1922,train,2206,381258.999667585,1334570058.99967,29,21,1,2,-2399772.30612888,5383429.061825566,2429184.23776769,96708.30491493507,22.5342956997982,114.026000503481,-7.18823057005521,0.481875807589965,1
1923,train,2206,381259.999668892,1334570059.99967,29,22,1,2,-2399774.871591512,5383436.1415780615,2429186.9066223437,96140.24630430005,22.5342949026158,114.025994900929,-7.19719707287288,0.52791515370995,1
1924,train,2206,381260.999670753,1334570060.99967,29,20,1,2,-2399774.722923828,5383437.883967481,2429189.3134563,95565.9801949175,22.5342900995349,114.025989705853,-7.44944207047263,0.717623448750851,1
1925,train,2206,381261.999673388,1334570061.99967,29,21,1,2,-2399773.989155141,5383434.705267656,2429181.8266179035,94986.00887226887,22.534282200927,114.025985602518,-7.60357771165293,0.781952904267005,1
1926,train,2206,381262.999676989,1334570062.99968,30,21,1,2,-2399770.0102158897,5383429.542527025,2429179.598564491,94407.91624730396,22.5342724041087,114.025987796179,-8.07039519492642,0.860565076713178,1
1927,train,2206,381263.999681601,1334570063.99968,29,23,1,2,-2399769.2159169717,5383420.551995734,2429177.116660145,93827.46244512814,22.5342633033534,114.025988399539,-8.5143143182672,0.956247832110298,1
1928,train,2206,381264.999687011,1334570064.99969,29,22,1,2,-2399768.758093781,5383415.539934242,2429179.009676288,93251.01903175873,22.5342557048198,114.025988896494,-8.63130742400778,0.864322007811794,1
1929,train,2206,381265.999692726,1334570065.99969,29,20,1,2,-2399766.2467221613,5383409.287991334,2429177.805947453,92671.23055434521,22.5342480039066,114.025989595506,-8.7157186737969,0.816813671521007,1
1930,train,2206,381266.999698133,1334570066.9997,29,22,1,2,-2399770.7087296243,5383412.993496789,2429179.8522189567,92099.99788104175,22.5342410012635,114.025990594734,-8.97600459955506,0.835212450701167,1
1931,train,2206,381267.999702743,1334570067.9997,26,22,1,2,-2399769.1680347123,5383417.096203332,2429180.980585448,91527.22540000144,22.5342350027187,114.025990597658,-8.76311462883255,0.993683542951916,1
1932,train,2206,381268.999706344,1334570068.99971,26,23,1,2,-2399765.093060254,5383410.789337092,2429178.2055198527,90948.18587413734,22.5342294066249,114.025989800812,-8.86898379253025,1.15297779772928,1
1933,train,2206,381269.999708983,1334570069.99971,26,19,1,2,-2399767.7161623593,5383411.195067373,2429179.2545047677,90373.23467930879,22.5342195046264,114.025991404462,-8.92427382230198,1.20395791944766,1
1934,train,2206,381270.999710849,1334570070.99971,26,20,1,2,-2399771.1844708035,5383410.792318665,2429177.6802831814,89799.69925769231,22.5342117028348,114.025993102909,-8.87479490525925,1.12204499754786,1
1935,train,2206,381271.999712164,1334570071.99971,25,20,1,2,-2399771.681460231,5383407.320555203,2429173.7942234045,89222.98485905536,22.534203600265,114.025996104629,-9.18338579921192,1.08825086214683,1
1936,train,2206,381272.999713124,1334570072.99971,30,19,1,2,-2399775.360482798,5383415.069946887,2429173.9079567404,88653.1313522683,22.5341980074259,114.025996296905,-9.08942505957517,0.91092638648601,1
1937,train,2206,381273.999713881,1334570073.99971,27,17,1,2,-2399776.7127592997,5383417.5638093,2429169.9228708004,88079.94300011093,22.5341920022313,114.025998303047,-9.31076778803288,0.715089322544153,1
1938,train,2206,381274.999714545,1334570074.99971,28,17,1,2,-2399784.0202535773,5383422.673393064,2429174.4676255668,87512.00572458038,22.534184003269,114.025999100992,-9.6861091360129,0.706293465888976,1
1939,train,2206,381275.999715194,1334570075.99972,27,16,1,2,-2399784.889113067,5383420.872537801,2429170.059915482,86934.80003570067,22.5341790023845,114.02600140116,-10.0944531214912,0.742883414701637,1
1940,train,2206,381276.999715885,1334570076.99972,25,16,1,2,-2399778.5416393406,5383416.242831493,2429166.6701463703,86355.48717193313,22.5341724008454,114.026003698925,-10.6156066389142,0.953517788306936,1
1941,train,2206,381277.999716663,1334570077.99972,26,15,1,2,-2399779.671763083,5383422.954127198,2429165.880468905,85784.85694151437,22.5341649059211,114.026004994992,-11.0497432577698,1.02882980927916,1
1942,train,2206,381278.999717568,1334570078.99972,24,14,1,2,-2399779.3245788463,5383428.328765279,2429167.9157573516,85213.13738212924,22.5341599983238,114.026007402596,-11.6108700781116,1.02172063718599,1
1943,train,2206,381279.999718643,1334570079.99972,21,13,1,2,-2399772.4432374816,5383432.304651499,2429161.1337879617,84641.68958082034,22.5341501972726,114.026008601733,-11.956621104172,1.09731594536318,1
1944,train,2206,381280.999719942,1334570080.99972,22,14,1,2,-2399772.776208382,5383432.68423324,2429158.282807148,84067.06425310974,22.5341461059918,114.02601389793,-12.1198611744644,1.10892444092095,1
1945,train,2206,381281.999721538,1334570081.99972,22,15,1,2,-2399773.734739466,5383421.909577086,2429156.8323020767,83482.06006632476,22.5341342015327,114.026018098652,-12.3895257970395,1.26944088695884,1
1946,train,2206,381282.99972346,1334570082.99972,22,16,1,2,-2399773.4467485514,5383422.43311184,2429157.029832444,82907.88465719823,22.5341239055735,114.026024202935,-12.4492743691215,1.32773031654952,1
1947,train,2206,381283.999725354,1334570083.99973,23,17,1,2,-2399769.662902317,5383427.269928293,2429155.8152056164,82337.96027747705,22.5341131031918,114.026028900323,-12.8747944204032,1.45638328545101,1
1948,train,2206,381284.999727287,1334570084.99973,22,15,1,2,-2399764.8576777363,5383417.398137585,2429153.2072032453,81753.21342711001,22.5341016985119,114.026031697556,-12.9647883938252,1.42945769035906,1
1949,train,2206,381285.999729196,1334570085.99973,21,15,1,2,-2399767.0947992923,5383415.629718614,2429152.074402861,81178.23064453622,22.5340941989211,114.026035097615,-13.2413181364351,1.1796246036892,1
1950,train,2206,381286.999731115,1334570086.99973,21,16,1,3,-2399767.1438977346,5383436.317561829,2429154.0801900746,80619.40750886568,22.5340846046847,114.026040602627,-13.4621705231828,1.37572107016497,1
1951,train,2206,381287.999733006,1334570087.99973,20,16,1,2,-2399766.965672504,5383436.789376807,2429152.591063504,80045.20759350776,22.5340755978518,114.026044499293,-13.0519272684585,1.25373015348752,1
1952,train,2206,381288.999734946,1334570088.99973,20,16,1,2,-2399767.1403758954,5383434.925058993,2429149.9829823067,79469.25485251613,22.5340672018442,114.026048996268,-12.8647289628608,1.16913259072191,1
1953,train,2206,381289.999736854,1334570089.99974,19,15,1,2,-2399768.0639064033,5383427.6838511145,2429149.075016369,78889.7473528235,22.534056900544,114.026053402535,-12.4898448281624,1.28436928531707,1
1954,train,2206,381290.999737598,1334570090.99974,20,14,1,3,-2399767.310437729,5383443.828253404,2429156.0543991188,78327.89547930974,22.5340465050565,114.026055096195,-12.2125062894468,1.23884882994266,1
1955,train,2206,381291.999741864,1334570091.99974,19,13,1,3,-2399771.1957722297,5383412.43411223,2429140.448782152,77726.30513521263,22.5340389010132,114.026053102277,-12.2602413228111,0.991611603027285,1
1956,train,2206,381292.999742619,1334570092.99974,22,15,1,3,-2399768.9581581466,5383428.811934781,2429147.485668255,77167.25766567935,22.5340308060969,114.026052201334,-11.9550171991848,0.996406031145328,1
1957,train,2206,381293.999744527,1334570093.99974,26,16,1,3,-2399765.773445831,5383443.704125945,2429146.7573288516,76603.72608738812,22.5340204051876,114.026054997138,-11.9005241169904,1.25446320936539,1
1958,train,2206,381294.999745091,1334570094.99975,27,18,1,3,-2399762.0993854026,5383398.091461494,2429126.4025868364,75993.77449786478,22.534011699186,114.026056896108,-12.0011644269916,1.08999571316167,1
1959,train,2206,381295.999750904,1334570095.99975,27,22,1,3,-2399765.741240208,5383425.394701856,2429136.5020594695,75441.46883464105,22.5340025991662,114.026059298415,-11.6207879850556,1.09751858438704,1
1960,train,2206,381296.999750266,1334570096.99975,27,21,1,2,-2399766.975742865,5383421.100001918,2429135.325292944,74864.30442797145,22.5339954049058,114.0260616024,-11.1150354922927,1.01510094681079,1
1961,train,2206,381297.99975132,1334570097.99975,29,23,1,2,-2399771.5153848,5383407.036715584,2429129.9566744957,74279.99868163576,22.5339871046517,114.026059596589,-10.8515862804958,0.922425412476907,1
1962,train,2206,381298.999752069,1334570098.99975,28,22,1,2,-2399766.229812846,5383401.0186631875,2429121.955384437,73689.26362687425,22.5339782046336,114.026055501556,-10.5297776311662,0.906049497894947,1
1963,train,2206,381299.999752657,1334570099.99975,28,24,1,2,-2399769.2442039927,5383415.044244047,2429127.750639711,73121.31247208948,22.5339700031949,114.026053303943,-10.0970249823776,0.85433265738878,1
1964,train,2206,381300.999753281,1334570100.99975,28,26,1,2,-2399772.7256140662,5383410.749884993,2429125.441635268,72544.09923836254,22.5339614988579,114.026053098101,-10.0321477196709,0.911947053201823,1
1965,train,2206,381301.999754299,1334570101.99975,31,25,1,2,-2399778.6593770618,5383418.337599987,2429126.127146002,71973.97349562419,22.5339557013831,114.026054796908,-9.64872470553171,0.790284581850538,1
1966,train,2206,381302.999756374,1334570102.99976,30,24,1,2,-2399777.510615354,5383408.646806219,2429125.7371445224,71392.8426655314,22.5339496046755,114.026058700412,-9.82986413074222,0.803079783104564,1
1967,train,2206,381303.999760297,1334570103.99976,29,24,1,2,-2399780.7610078696,5383412.5184494415,2429130.872815043,70821.84597575037,22.5339460983567,114.026065402239,-9.56216538296998,0.874281632098176,1
1968,train,2206,381304.999765901,1334570104.99977,28,23,1,2,-2399783.2372976807,5383415.487730372,2429130.2722558286,70248.341213402,22.5339419033678,114.02607509634,-9.77855162605432,1.10404017079813,1
1969,train,2206,381305.999771288,1334570105.99977,28,22,1,2,-2399784.189488113,5383417.027979409,2429136.398204698,69677.37398824761,22.5339411964536,114.02608409955,-9.86661610489372,0.993733373748113,1
1970,train,2206,381306.999774836,1334570106.99977,29,21,1,2,-2399786.920298165,5383418.871384106,2429137.2985041747,69106.23258415589,22.5339398026963,114.026094295728,-10.1913486791928,1.12222673303167,1
1971,train,2206,381307.999776678,1334570107.99978,27,18,1,2,-2399786.907357008,5383418.8921913,2429145.1837450396,68532.91215537356,22.533940003084,114.026103695758,-10.1587648096893,1.13040079666961,1
1972,train,2206,381308.999777623,1334570108.99978,26,18,1,2,-2399786.7590176733,5383414.9062256,2429143.7494375426,67956.42104482402,22.5339386982705,114.026114797913,-10.5541651034435,1.19443705721995,1
1973,train,2206,381309.999778264,1334570109.99978,27,17,1,2,-2399794.367181993,5383419.835066886,2429146.2454060484,67388.28116749572,22.5339399995758,114.026128095002,-10.7267498105015,1.30829741920475,1
1974,train,2206,381310.999778919,1334570110.99978,26,19,1,2,-2399796.673760198,5383422.0955885975,2429144.559110532,66815.44099656267,22.5339430961064,114.026139600796,-11.1748959916311,1.20595566987018,1
1975,train,2206,381311.999779769,1334570111.99978,26,20,1,2,-2399801.6522652213,5383437.44746396,2429145.881791931,66253.2130969302,22.5339471995551,114.026149699611,-11.427335309268,1.11917561414513,1
1976,train,2206,381312.999780976,1334570112.99978,27,20,1,2,-2399803.0930300313,5383437.738376097,2429144.534618945,65679.53666697536,22.5339501992246,114.026159997441,-11.4372979647446,1.19078396773377,1
1977,train,2206,381313.999783502,1334570113.99978,26,19,1,2,-2399804.5196703235,5383431.024229533,2429140.309014724,65101.5856643265,22.5339538972319,114.026171401003,-11.5345235961945,1.25671715562105,1
1978,train,2206,381314.999784825,1334570114.99978,27,21,1,2,-2399807.7183395084,5383437.436825856,2429147.03919161,64534.28196183406,22.5339564020092,114.026181801348,-11.4305852255841,1.17815352618279,1
1979,train,2206,381315.999786719,1334570115.99979,27,20,1,2,-2399809.706912947,5383439.294517544,2429149.4790961226,63961.94846583053,22.5339596996397,114.026194595453,-11.4522647795187,1.3331483986504,1
1980,train,2206,381316.99978738,1334570116.99979,27,22,1,2,-2399812.073995576,5383434.08749264,2429142.962834011,63386.24058851967,22.5339611008078,114.026205298323,-11.4373590479886,1.20200916056152,1
1981,train,2206,381317.999790561,1334570117.99979,28,21,1,2,-2399811.2017519334,5383428.453024438,2429146.4990956653,62808.230889644794,22.533963497603,114.026216497049,-11.628256636399,1.1982876218023,1
1982,train,2206,381318.999793747,1334570118.99979,26,21,1,2,-2399814.6269190935,5383427.970925879,2429142.660593806,62235.24304116747,22.5339652978013,114.026226594862,-11.6937991439486,1.10665556637901,1
1983,train,2206,381319.999794403,1334570119.99979,27,20,1,2,-2399813.1271640365,5383423.124028006,2429145.2517805193,61657.117630706765,22.5339679001294,114.026235597774,-11.871682448508,0.923478133286408,1
1984,train,2206,381320.999796294,1334570120.9998,27,21,1,3,-2399819.207692833,5383441.085919603,2429150.235209703,61096.764498771,22.5339700040451,114.026244595567,-12.1722773226235,0.845954662120973,1
1985,train,2206,381321.999796972,1334570121.9998,27,21,1,2,-2399821.419240606,5383447.521210968,2429151.056546302,60527.83497969003,22.5339746002457,114.026252995949,-12.3500715007069,0.889241596469547,1
1986,train,2206,381322.999801541,1334570122.9998,27,22,1,2,-2399821.849791371,5383443.739745855,2429150.7637505033,59950.93458618672,22.5339774995328,114.026263595464,-12.4480434766488,1.06545376429491,1
1987,train,2206,381323.999802053,1334570123.9998,27,21,1,3,-2399816.627149111,5383419.370254424,2429146.434479313,59359.397154951235,22.5339816039005,114.026277694295,-12.4449233439077,1.31169788379692,1
1988,train,2206,381324.999803544,1334570124.9998,26,21,1,2,-2399820.0835443325,5383422.949321178,2429148.03597438,58788.846775714104,22.5339857030791,114.026293000321,-12.0229435233509,1.42215932027474,1
1989,train,2206,381325.999805864,1334570125.99981,26,21,1,2,-2399825.4405611185,5383437.4008946065,2429146.214608766,58226.077585176594,22.5339911017973,114.026310699691,-11.5303022642038,1.56467846985934,1
1990,train,2206,381326.999806871,1334570126.99981,26,19,1,2,-2399819.814504258,5383423.260202704,2429148.4278814485,57641.9343111501,22.5339947980542,114.026327198954,-11.0711986750115,1.39483719681853,1
1991,train,2206,381327.999807533,1334570127.99981,26,21,1,2,-2399825.225225893,5383427.759230238,2429148.130931455,57072.60774453559,22.533995396196,114.026340898831,-10.9645354189986,1.35612548435883,1
1992,train,2206,381328.999808151,1334570128.99981,26,20,1,2,-2399825.8224947965,5383421.573194975,2429148.449535676,56494.240726741,22.5339991968585,114.026353500167,-10.1915341453634,1.24640330215454,1
1993,train,2206,381329.999809339,1334570129.99981,25,22,1,2,-2399830.395044336,5383430.193580316,2429144.942129947,55927.84537002932,22.5340048021389,114.026367692769,-9.5896822357034,1.35488184699679,1
1994,train,2206,381330.999812336,1334570130.99981,25,21,1,2,-2399833.1074529137,5383430.8980567595,2429145.0853242856,55354.606322905696,22.534009997002,114.026381098209,-8.83124267842515,1.30331951988154,1
1995,train,2206,381331.999817703,1334570131.99982,27,22,1,2,-2399833.0470229094,5383425.752683297,2429144.156220902,54777.27200738335,22.5340134959581,114.026395402533,-8.73434731788439,1.35299565708775,1
1996,train,2206,381332.999822684,1334570132.99982,27,20,1,2,-2399830.7670860463,5383418.998502034,2429148.413782149,54196.63333111504,22.5340195984469,114.026409201885,-7.63370336729216,1.27072669908678,1
1997,train,2206,381333.999825206,1334570133.99983,27,20,1,3,-2399839.615182447,5383450.098254909,2429153.8353866343,53645.998885275236,22.5340236992515,114.026424297758,-6.91983241019029,1.32340496767921,1
1998,train,2206,381334.999826241,1334570134.99983,28,19,1,3,-2399832.9873172776,5383416.607892663,2429152.456002636,53047.261586455556,22.5340299972716,114.02643710013,-5.82177504594253,1.31082651445387,1
1999,train,2206,381335.999826891,1334570135.99983,28,18,1,2,-2399835.470567658,5383420.104567747,2429151.868170265,52475.00930589486,22.5340367040822,114.026452097893,-5.63906585827223,1.36500891094805,1
2000,train,2206,381336.99982767,1334570136.99983,26,18,1,2,-2399842.323074449,5383431.049058644,2429155.011843068,51903.679699985696,22.5340415960806,114.026466394343,-5.17034044762158,1.33271349247722,1
2001,train,2206,381337.999828883,1334570137.99983,26,20,1,2,-2399847.969487659,5383446.602871661,2429151.09720242,51338.085280588675,22.5340469023251,114.026479793968,-4.81483124715278,1.31136769378031,1
2002,train,2206,381338.999830804,1334570138.99983,24,19,1,2,-2399849.859531331,5383458.628385242,2429156.2053706273,50771.71848970575,22.5340524994301,114.026493000209,-4.16633459529372,1.28753487920344,1
2003,train,2206,381339.999832704,1334570139.99983,24,17,1,2,-2399845.569108167,5383449.068225779,2429160.4514220646,50190.022552191804,22.5340578008116,114.02650439618,-3.4885256813164,1.13365900729377,1
2004,train,2206,381340.999834612,1334570140.99983,24,16,1,2,-2399844.215969598,5383435.04769207,2429153.0239585517,49602.72982833393,22.5340610006102,114.026518392109,-2.99868574537634,1.32209253215213,1
2005,train,2206,381341.999835278,1334570141.99984,25,17,1,2,-2399848.3535939846,5383452.156011263,2429152.4040491013,49041.46507874897,22.5340638034832,114.026530799518,-2.62730124416579,1.20008320472944,1
2006,train,2206,381342.999837209,1334570142.99984,24,16,1,2,-2399856.462013587,5383464.386511547,2429173.109901335,48480.88421974179,22.534065704095,114.026544802437,-2.56307085632987,1.21812549765761,1
2007,train,2206,381343.999843537,1334570143.99984,25,15,1,3,-2399853.870076882,5383441.26608687,2429171.4842278278,47888.83992721445,22.5340717946203,114.026556797183,-2.32305611643277,1.26550728633725,1
2008,train,2206,381344.999842304,1334570144.99984,25,17,1,2,-2399847.1599534205,5383428.815353078,2429162.1048782156,47301.68063258245,22.534077396828,114.026569097281,-2.33337710074458,0.955071372717851,1
2009,train,2206,381345.9998432,1334570145.99984,25,16,1,2,-2399845.2559389956,5383424.2027980825,2429163.897929921,46723.64356823939,22.5340824989361,114.026576992658,-1.52673674971065,0.974076553283347,1
2010,train,2206,381346.999843819,1334570146.99984,24,16,1,2,-2399848.1362587125,5383416.963237355,2429154.1863514665,46143.44388485468,22.5340937029575,114.026589395834,-1.97031911036704,1.16812449114283,1
2011,train,2206,381347.999844303,1334570147.99984,23,16,1,2,-2399850.578618929,5383430.805191747,2429156.530525312,45580.26244108316,22.5340996030481,114.026599901105,-1.74190491810492,1.07612355032552,1
2012,train,2206,381348.999844897,1334570148.99984,23,15,1,2,-2399850.955897672,5383435.579630694,2429159.5272515495,45009.52419512982,22.5341054016345,114.026610603642,-1.14204329210281,1.25504961780771,1
2013,train,2206,381349.999846154,1334570149.99985,24,16,1,3,-2399850.41873323,5383412.781021181,2429153.6651697326,44419.43337887396,22.5341128997888,114.026621899449,-0.745235595088656,1.24730856696275,1
2014,train,2206,381350.999849243,1334570150.99985,24,13,1,2,-2399856.43629463,5383423.733852403,2429173.4396080724,43857.89604006323,22.5341176975207,114.026631395714,-0.52274050416701,1.11203371375458,1
2015,train,2206,381351.999855399,1334570151.99986,25,14,1,2,-2399857.2011193978,5383419.200972068,2429172.2728782743,43280.34081222301,22.5341171013667,114.026640900625,-0.0450575705201269,0.984437909284442,1
2016,train,2206,381352.999862873,1334570152.99986,25,14,1,2,-2399857.9252923992,5383417.1197827095,2429168.9860422285,42707.12253797592,22.5341164967529,114.026651403049,-0.0350542619052088,1.00751008570514,1
2017,train,2206,381353.999867437,1334570153.99987,25,16,1,2,-2399861.199787113,5383411.717666963,2429166.3685005074,42129.05676381786,22.5341221019478,114.026664801211,-0.226511027473083,1.13153861556811,1
2018,train,2206,381354.999868636,1334570154.99987,24,16,1,2,-2399862.1698874314,5383407.361443758,2429163.9507927923,41551.19195963386,22.534132294536,114.026678701926,-0.441854909077774,1.3759538893682,1
2019,train,2206,381355.999868359,1334570155.99987,23,15,1,2,-2399859.022739662,5383396.821431406,2429160.6014559763,40967.48144408901,22.5341408972681,114.026692797781,-1.15917598362374,1.32794200186429,1
2020,train,2206,381356.999867759,1334570156.99987,25,16,1,2,-2399861.8990823217,5383397.658413033,2429159.042108837,40394.14636897765,22.5341470005229,114.026704501408,-1.31117283957979,1.13085475736579,1
2021,train,2206,381357.999867228,1334570157.99987,23,15,1,2,-2399861.2401631596,5383395.371218641,2429159.967754662,39817.08204526246,22.5341543010692,114.026715795255,-1.69402925241903,1.00703974183967,1
2022,train,2206,381358.999867625,1334570158.99987,23,15,1,2,-2399862.073699378,5383394.993119389,2429160.596177761,39243.39732872698,22.5341593000729,114.026729601815,-1.61927064650139,1.31224277633216,1
2023,train,2206,381359.999867919,1334570159.99987,23,14,1,2,-2399865.06237604,5383402.323805242,2429161.149281757,38674.8309151867,22.5341614018877,114.026742796486,-1.55393303353989,1.26640606346414,1
2024,train,2206,381360.999868157,1334570160.99987,23,14,1,2,-2399869.3666612245,5383409.87291408,2429165.832690592,38107.57662322578,22.5341660993953,114.026753798152,-1.27075713628495,1.17353955012486,1
2025,train,2206,381361.999868415,1334570161.99987,24,13,1,2,-2399863.802298924,5383400.187693779,2429166.6470280853,37523.85698197425,22.5341709955078,114.02676790003,-1.60686945996161,1.41294638003984,1
2026,train,2206,381362.999868837,1334570162.99987,24,14,1,3,-2399862.4540237566,5383381.966993358,2429147.649679148,36932.85130024047,22.5341732961469,114.026782598448,-1.88683451683552,1.42357692391713,1
2027,train,2206,381363.99986968,1334570163.99987,26,12,1,3,-2399847.612394316,5383363.331255718,2429153.279072787,36339.80167876399,22.5341778029397,114.026794395803,-1.811182486976,1.33835842900705,1
2028,train,2206,381364.999871352,1334570164.99987,26,13,1,3,-2399862.7512167804,5383375.089210242,2429153.051062597,35781.90931268312,22.534182001308,114.026811395106,-1.76519889280073,1.61937192110973,1
2029,train,2206,381365.999874384,1334570165.99987,24,12,1,2,-2399863.621161483,5383373.902918349,2429152.007394003,35206.48756819879,22.5341852976224,114.026825000161,-1.88304415911376,1.37681432074359,1
2030,train,2206,381366.999879149,1334570166.99988,25,11,1,2,-2399867.5325380657,5383378.435379538,2429145.3005807186,34633.51486970571,22.5341869961149,114.026838296093,-1.29777792551629,1.32034507658806,1
2031,train,2206,381367.999885328,1334570167.99989,26,15,1,3,-2399888.4082088023,5383418.78804511,2429165.508657275,34099.729626119224,22.5341872015161,114.026848295709,-1.85872572206412,1.04214007515502,1
2032,train,2206,381368.999891707,1334570168.99989,25,16,1,2,-2399890.960242164,5383421.116224363,2429173.95440583,33531.693628635876,22.5341866974191,114.026860494644,-1.93291408797504,1.15957478058222,1
2033,train,2206,381369.999896953,1334570169.9999,27,18,1,2,-2399897.9662424843,5383424.657627657,2429176.3163960665,32965.75682531444,22.5341846047192,114.02687439634,-2.57994150159522,1.20267805632181,1
2034,train,2206,381370.999900526,1334570170.9999,26,19,1,3,-2399910.1019264706,5383440.747655494,2429187.5505816564,32409.23250324022,22.5341908033341,114.026886400593,-2.90107833755967,1.28394810682652,1
2035,train,2206,381371.999902666,1334570171.9999,26,17,1,2,-2399912.7650540234,5383443.108533536,2429194.7986000585,31837.3871809667,22.5341920028901,114.026897198963,-2.87408045136758,1.0261353260344,1
2036,train,2206,381372.999903877,1334570172.9999,25,17,1,2,-2399912.9779809853,5383438.665910029,2429189.939342819,31260.93026671742,22.534192699216,114.026908094287,-2.8120298128341,1.01856719950844,1
2037,train,2206,381373.999904588,1334570173.9999,25,16,1,2,-2399913.79118205,5383447.527699644,2429205.0480228798,30692.75067040758,22.5341925009475,114.026923401926,-2.25551305848107,1.15651282693402,1
2038,train,2206,381374.999905084,1334570174.99991,25,16,1,2,-2399916.0724188546,5383448.925903915,2429207.379117061,30121.318105704333,22.5341957015506,114.026933794259,-2.29304487758197,0.978425615251823,1
2039,train,2206,381375.999905532,1334570175.99991,27,16,1,3,-2399891.6768232584,5383417.311538998,2429178.133425461,29511.716094038133,22.534195902848,114.026945094831,-1.91357168954759,0.863389112748017,1
2040,train,2206,381376.999906032,1334570176.99991,26,19,1,3,-2399926.9162262203,5383446.044554582,2429194.208332456,28976.724676586357,22.5341976033349,114.026951496346,-2.17432286781572,0.58574621900398,1
2041,train,2206,381377.99990665,1334570177.99991,26,18,1,3,-2399930.1090546898,5383463.501491608,2429200.620144385,28416.327714178817,22.5342005009596,114.026955801055,-2.45451957861272,0.451016943138277,1
2042,train,2206,381378.99990744,1334570178.99991,27,18,1,2,-2399934.5689119,5383454.130969108,2429199.293903431,27837.075014785434,22.534203498226,114.026961996335,-2.21070817732598,0.520899836271385,1
2043,train,2206,381379.99990633,1334570179.99991,25,18,1,3,-2399945.3265275294,5383474.025488853,2429206.979998538,27281.528616601405,22.5342016002012,114.026971302428,-1.60233220889536,0.854450159591192,1
2044,train,2206,381380.99990523,1334570180.99991,26,19,1,2,-2399951.9070879207,5383478.992766131,2429207.670493485,26711.684727965378,22.5342011008087,114.026983994634,-1.28907049997156,1.19394652221739,1
2045,train,2206,381381.999908894,1334570181.99991,26,20,1,2,-2399952.146895363,5383475.590902739,2429207.690189552,26136.225028611494,22.5342032019069,114.026996499956,-1.18447188215088,1.27858749619397,1
2046,train,2206,381382.999919694,1334570182.99992,26,21,1,2,-2399947.765321656,5383474.112644043,2429211.0764110065,25559.50154585067,22.5342054008212,114.027009502819,-1.07202461801856,1.31210542449395,1
2047,train,2206,381383.999922229,1334570183.99992,28,20,1,3,-2399937.2464858554,5383454.030837487,2429203.730833175,24965.895318812458,22.5342084006256,114.027021695635,-0.66190803668882,1.27269608011979,1
2048,train,2206,381384.999921545,1334570184.99992,28,19,1,3,-2399908.8821749007,5383413.93795636,2429172.054675286,24348.397227455207,22.5342097982925,114.027035499945,-0.113814076588186,1.32745494295078,1
2049,train,2206,381385.999920843,1334570185.99992,28,19,1,3,-2399938.9310713736,5383454.385063795,2429208.0573255997,23817.87980479181,22.5342125003249,114.027049404738,0.221822347451072,1.37491833842548,1
2050,train,2206,381386.999921295,1334570186.99992,27,18,1,3,-2399907.395488379,5383403.138953108,2429168.7838677573,23191.59703502377,22.5342144015101,114.027063699928,0.758156745584385,1.47878177755024,1
2051,train,2206,381387.999921581,1334570187.99992,27,19,1,2,-2399913.410996008,5383418.3331774995,2429170.093034186,22628.95337897224,22.5342162996371,114.027076399384,0.794307856340689,1.40046162541424,1
2052,train,2206,381388.999921818,1334570188.99992,26,19,1,3,-2399943.6355271987,5383452.8703757515,2429206.98885641,22096.884953449167,22.534220395893,114.027089899188,0.744788647000518,1.36575380034563,1
2053,train,2206,381389.999922273,1334570189.99992,26,20,1,2,-2399943.117645159,5383450.944830317,2429203.223803337,21522.021918142404,22.5342266970739,114.027101900034,0.769567947232926,1.28863748909251,1
2054,train,2206,381390.999923634,1334570190.99992,27,20,1,2,-2399948.0992787713,5383454.531329851,2429203.448835713,20951.430873482554,22.5342352958675,114.027113801688,0.650807352309727,1.30400412761821,1
2055,train,2206,381391.999927347,1334570191.99993,28,18,1,3,-2399912.9212645036,5383402.499991938,2429168.402812731,20323.123483930227,22.5342401984712,114.027126302087,0.696585844640947,1.29291934888497,1
2056,train,2206,381392.999934721,1334570192.99993,28,18,1,3,-2399945.547732486,5383445.775519206,2429206.2854026463,19796.32847124012,22.5342434030093,114.027139804278,0.765049648896251,1.29398704689101,1
2057,train,2206,381393.999943064,1334570193.99994,27,18,1,3,-2399915.261587459,5383398.5785506405,2429171.9790217727,19172.478643874732,22.5342473031833,114.027150493982,0.632186695987182,1.15569605775522,1
2058,train,2206,381394.999947505,1334570194.99995,27,18,1,2,-2399921.1794831357,5383410.010451969,2429176.3364727856,18609.323843889884,22.5342515021117,114.027163693571,0.795331998629902,1.25656284124553,1
2059,train,2206,381395.999948222,1334570195.99995,26,18,1,2,-2399918.439147437,5383403.183250456,2429176.5868290584,18029.653920160636,22.5342527016318,114.027178202577,1.04925837891207,1.27574369281035,1
2060,train,2206,381396.999947505,1334570196.99995,27,18,1,2,-2399921.677537934,5383406.839282022,2429176.884325959,17457.521353155887,22.534257703532,114.027190696971,0.61449179920009,1.30608179833759,1
2061,train,2206,381397.999946557,1334570197.99995,26,19,1,2,-2399923.6828140747,5383411.271717244,2429177.233364773,16887.276099996125,22.5342662014934,114.027202796911,0.311285367012337,1.21757008349039,1
2062,train,2206,381398.999945742,1334570198.99995,26,19,1,2,-2399922.673909573,5383402.647842582,2429178.539392725,16307.11801116793,22.5342728027314,114.027213103602,-0.0910593715768009,1.06323540478958,1
2063,train,2206,381399.999946396,1334570199.99995,26,16,1,2,-2399923.56971388,5383404.078491209,2429184.5117658554,15734.830196868154,22.5342746025683,114.027223195516,-0.367879034307052,0.985047656345348,1
2064,train,2206,381400.999946937,1334570200.99995,26,16,1,2,-2399922.078285518,5383396.661752671,2429178.7065548734,15153.367779634393,22.5342765004407,114.027232904172,-0.608251006335068,0.895394136919324,1
2065,train,2206,381401.99994739,1334570201.99995,26,16,1,2,-2399923.3682684363,5383396.698151081,2429179.010351438,14579.582480490575,22.5342770005378,114.02724519698,-0.159843184708642,1.00395459930838,1
2066,train,2206,381402.999947777,1334570202.99995,25,16,1,2,-2399924.474842309,5383399.223813458,2429186.250268487,14008.372397459141,22.5342787019182,114.027256898816,0.127127126661174,1.05568307017936,1
2067,train,2206,381403.999948136,1334570203.99995,26,18,1,3,-2399930.526412205,5383417.592000097,2429188.474005795,13450.009020928159,22.5342798971373,114.027269097413,0.163020339624774,1.14562069113963,1
2068,train,2206,381404.999948517,1334570204.99995,25,19,1,3,-2399960.4092616565,5383454.04567244,2429223.0297787674,12920.234775590412,22.5342808012575,114.02728039902,0.271389099850285,1.08121960583158,1
2069,train,2206,381405.999948992,1334570205.99995,26,19,1,3,-2399952.7813705425,5383423.965803063,2429216.2648528875,12322.988527462798,22.5342820985772,114.027293001354,0.407883441691463,1.13945471689598,1
2070,train,2206,381406.999949677,1334570206.99995,28,18,1,2,-2399950.1199957086,5383410.496646293,2429215.5092129232,11738.523531814973,22.5342819985269,114.027305594575,0.992986956333755,1.12247502886559,1
2071,train,2206,381407.999950741,1334570207.99995,27,20,1,2,-2399956.9099075045,5383425.908606215,2429215.07009777,11173.370384635606,22.5342835016531,114.02731789909,1.60422827464036,1.11764067486724,1
2072,train,2206,381408.999952421,1334570208.99995,28,20,1,2,-2399959.43257711,5383428.303052892,2429214.6588999247,10601.697455582462,22.5342852027113,114.027328602379,2.06089695616752,1.06267481346772,1
2073,train,2206,381409.999955013,1334570209.99995,29,19,1,2,-2399956.881294818,5383422.376829039,2429211.523710908,10021.994030025498,22.5342882988982,114.027340604549,2.96976702989506,1.09950301512621,1
2074,train,2206,381410.999958816,1334570210.99996,27,20,1,3,-2399933.9309319044,5383395.461531511,2429197.6469589523,9419.056638190239,22.5342914006782,114.027353398557,3.56141272538169,1.19045007985538,1
2075,train,2206,381411.99996399,1334570211.99996,26,20,1,2,-2399935.7082929825,5383393.166043358,2429198.260294919,8843.642405331924,22.5343018014659,114.027364901029,3.86717002060208,1.164111588335,1
2076,train,2206,381412.999970352,1334570212.99997,29,18,1,3,-2399959.755234291,5383425.931085864,2429210.324020478,8300.692535700424,22.5343078025382,114.02737880208,3.95117925934985,1.32576881620961,1
2077,train,2206,381413.999977272,1334570213.99998,28,18,1,2,-2399958.237123735,5383418.635609448,2429218.963158136,7722.669249684259,22.5343115995337,114.02739030328,4.17985329516172,1.16618736330472,1
2078,train,2206,381414.999983849,1334570214.99998,28,18,1,2,-2399954.7772828294,5383409.9060970275,2429211.7946141474,7141.066131732232,22.5343069955563,114.027406102035,5.55997106262982,1.10149253763853,1
2079,train,2206,381415.999989316,1334570215.99999,26,16,1,2,-2399961.3040971463,5383422.6273074625,2429224.992694774,6581.6673663969295,22.5343093023297,114.027420699545,5.80279235291185,1.31753381254463,1
2080,train,2206,381416.999993336,1334570216.99999,26,17,1,2,-2399968.110460159,5383428.906811225,2429219.7933659917,6008.223173205121,22.5343123985895,114.027431596801,6.17672899227454,1.19755207133998,1
2081,train,2206,381417.999995992,1334570218.0,27,17,1,3,-2399954.70803135,5383413.650385347,2429208.555119764,5417.0985918870065,22.5343181959189,114.027440902509,6.62301444557896,1.17012980545655,1
2082,train,2206,381418.999997586,1334570219.0,25,20,1,2,-2399959.02076923,5383399.960175742,2429195.008851012,4834.468389533186,22.5343282015171,114.027455602821,6.32972211620229,1.3230522749093,1
2083,train,2206,381419.999998455,1334570220.0,28,22,1,2,-2399960.8758144486,5383393.241035495,2429191.578054704,4258.82725103391,22.5343331960988,114.027464998628,6.41880670520789,1.13338925634507,1
2084,train,2206,381420.999998874,1334570221.0,28,20,1,2,-2399964.819077346,5383397.135644105,2429194.331861213,3688.9505052376594,22.534334001997,114.027475196236,6.66818422167027,0.958341294311182,1
2085,train,2206,381421.999999044,1334570222.0,29,20,1,2,-2399967.4990948,5383393.035631084,2429191.9644960435,3113.9295298190136,22.5343345000129,114.027485002747,6.92667102138755,0.772458158489291,1
2086,train,2206,381422.999999095,1334570223.0,29,20,1,2,-2399969.0217867745,5383385.064559893,2429190.6835878743,2537.6855185512513,22.534340797836,114.027493798848,7.13239325227624,1.00102112964945,1
2087,train,2206,381423.99999911,1334570224.0,30,20,1,3,-2399964.3247010107,5383339.0373004,2429173.737311761,1926.2936376801727,22.5343321992957,114.027502904993,8.48269029922399,0.300298436043876,1
2088,train,2206,381424.99999914,1334570225.0,30,20,1,2,-2399967.43748233,5383340.348671865,2429172.843800668,1354.7352117479993,22.5343231040628,114.027508199758,8.89310765279754,0.357624029261169,1
2089,train,2206,381425.999999214,1334570226.0,26,20,1,2,-2399970.0807412486,5383344.302465639,2429173.779687664,784.4174503768326,22.5343132988066,114.027515998642,8.48842373161587,0.706014954277472,1
2090,train,2206,381426.99999935,1334570227.0,28,20,1,2,-2399972.832795188,5383340.600347619,2429168.828576912,208.37449023619357,22.5342987997161,114.027522602472,7.65345396039955,1.00746643567131,1
2091,train,2206,381427.999999146,1334570228.0,28,19,1,2,-2399968.7923871647,5383335.076399116,2429167.772207516,-373.28171968681414,22.534286197856,114.027526401921,7.61158670585218,0.955169455289536,1
2092,train,2206,381428.999998882,1334570229.0,28,18,1,2,-2399970.340943727,5383335.216083469,2429164.776428121,-947.6877680850519,22.5342704992748,114.027533103864,6.58531754859697,0.945839463939624,1
2093,train,2206,381429.999998594,1334570230.0,26,19,1,2,-2399977.109715241,5383341.7724816045,2429158.857997772,-1514.8592155005313,22.5342485024667,114.027538700256,4.60193684831814,1.09147832756951,1
2094,train,2206,381430.999998353,1334570231.0,28,18,1,3,-2399989.4699857496,5383357.870028253,2429161.7919538897,-2074.2940578421517,22.5342273021172,114.027542697537,3.25141715739896,1.07149017856238,1
2095,train,2206,381431.999998295,1334570232.0,25,18,1,2,-2399987.1522297384,5383353.948752342,2429162.073299079,-2652.7616187536555,22.5342110019826,114.027550999832,2.54486541601887,0.988742161214327,1
2096,train,2206,381432.99999866,1334570233.0,25,19,1,2,-2399988.8083787714,5383360.914232924,2429153.492709101,-3219.9710145396284,22.5341977004495,114.027554595459,2.71321829568429,0.86428553793078,1
2097,train,2206,381433.99999983,1334570234.0,26,20,1,2,-2399992.8140314207,5383362.410040795,2429152.7760540317,-3790.1677819184356,22.5341834999371,114.027554699934,2.94667486550978,0.899218710545819,1
2098,train,2206,381435.000002309,1334570235.0,26,19,1,2,-2400000.6283947956,5383363.855289968,2429152.7775983713,-4359.327677820073,22.5341699982011,114.027562302752,3.59639438380453,0.90108734114058,1
2099,train,2206,381436.000006543,1334570236.00001,25,19,1,2,-2399996.6476716637,5383351.323025792,2429149.51356709,-4946.219061529157,22.5341610014572,114.027564201492,3.88658424463793,0.764527664146945,1
2100,train,2206,381437.000012529,1334570237.00001,25,18,1,2,-2400001.1446900195,5383349.5260318825,2429151.08702638,-5524.807985933715,22.5341487043308,114.027566205576,4.24610309309613,0.970301649389754,1
2101,train,2206,381438.000019491,1334570238.00002,28,18,1,2,-2400003.1587903355,5383353.787222304,2429150.442385796,-6095.638860518489,22.5341353999607,114.027573101142,4.18818686930851,0.992369940433046,1
2102,train,2206,381439.000026159,1334570239.00003,27,18,1,3,-2399991.319744525,5383332.1114969365,2429134.0670136204,-6690.867880060173,22.5341220005721,114.027584895497,4.7792739143838,1.01410241159901,1
2103,train,2206,381440.000031543,1334570240.00003,28,18,1,2,-2399996.3246724484,5383329.844283748,2429134.0452295993,-7266.692893385692,22.5341086956668,114.02758690334,5.39732041019679,1.11689047936492,1
2104,train,2206,381441.000035361,1334570241.00004,29,18,1,2,-2399998.697973224,5383333.8411400225,2429135.1107027982,-7837.550394449646,22.5340939038315,114.02758840434,5.89817592196229,1.24155369810042,1
2105,train,2206,381442.000037856,1334570242.00004,28,18,1,2,-2400000.501299204,5383333.112798733,2429132.796970886,-8411.558936882418,22.53408349671,114.027593601138,5.98030512016625,1.08015816954693,1
2106,train,2206,381443.000039433,1334570243.00004,28,18,1,2,-2400002.1445903652,5383340.504251532,2429132.4785207366,-8982.469124049969,22.5340695969265,114.027599302054,6.89543975342029,1.1039863223028,1
2107,train,2206,381444.000040456,1334570244.00004,28,18,1,2,-2400001.371978611,5383344.212742671,2429130.3543869467,-9555.63469543483,22.5340550983417,114.027611799164,6.85096892860954,1.15157757913391,1
2108,train,2206,381445.000041183,1334570245.00004,28,16,1,3,-2400014.347079807,5383312.510848342,2429137.8235214013,-10147.84028135109,22.5340400959599,114.027618599822,7.78901386988832,1.14028325881082,1
2109,train,2206,381446.000041785,1334570246.00004,26,18,1,3,-2400006.0353909186,5383376.342435595,2429144.36764501,-10676.866147513934,22.534028001265,114.027628297236,7.81792370256814,1.28913379126384,1
2110,train,2206,381447.000042371,1334570247.00004,26,19,1,3,-2400003.5813947883,5383352.426420423,2429132.814249514,-11270.08893391025,22.5340156976718,114.027632204939,7.42768232671142,1.29583750875926,1
2111,train,2206,381448.000043014,1334570248.00004,26,18,1,2,-2400003.335154233,5383350.933114514,2429129.8105805675,-11847.998675154648,22.5340024029936,114.027632602286,6.85316767078658,1.08419425257412,1
2112,train,2206,381449.000043768,1334570249.00004,27,19,1,3,-2400003.2755858004,5383374.825152882,2429130.9496576576,-12406.4432817067,22.5339915978112,114.027636703284,5.48638054688773,0.665789917808308,1
2113,train,2206,381450.000044682,1334570250.00004,28,19,1,2,-2400001.3081952445,5383379.074033372,2429136.379433818,-12976.952707382417,22.5339824007584,114.027643996858,5.19598595148165,0.423133085792763,1
2114,train,2206,381451.000045813,1334570251.00005,25,19,1,2,-2399999.70350381,5383377.0827213805,2429135.138049228,-13554.056095744234,22.5339743971052,114.027652401838,4.86625180906135,0.481437353377709,1
2115,train,2206,381452.000047234,1334570252.00005,25,18,1,2,-2399992.979611035,5383363.4701930545,2429132.4305687225,-14138.66144597832,22.5339660017838,114.027654799122,4.30439975117858,0.895419380912061,1
2116,train,2206,381453.000049407,1334570253.00005,25,20,1,2,-2399994.9195983983,5383370.517183127,2429133.093980575,-14709.103666237113,22.5339514940772,114.027659902309,4.87032707958549,1.16432424131917,1
2117,train,2206,381454.00005106,1334570254.00005,26,22,1,2,-2399995.8702738015,5383367.547669996,2429129.906767406,-15286.492895523981,22.5339400976237,114.02766399949,4.52761745208224,1.15133639670645,1
2118,train,2206,381455.000052173,1334570255.00005,25,22,1,3,-2399995.464465362,5383386.164623796,2429131.490006955,-15853.322098298739,22.5339292019169,114.027669303344,4.25478821440677,1.20800911426139,1
2119,train,2206,381456.000052942,1334570256.00005,28,22,1,2,-2399988.6999594294,5383378.57090295,2429127.449310902,-16435.27223585537,22.5339159973016,114.027673296945,4.11546016726918,1.2719056565328,1
2120,train,2206,381457.00005354,1334570257.00005,27,22,1,2,-2399987.3356673457,5383377.899935861,2429125.504058885,-17012.244402389104,22.533903101257,114.027675203495,3.55715375918182,1.40706160157953,1
2121,train,2206,381458.0000542,1334570258.00005,27,21,1,2,-2399996.132576932,5383390.571545406,2429129.810164739,-17574.914168523734,22.5338923996463,114.027676802529,3.24560803070921,1.13081770872671,1
2122,train,2206,381459.00005539,1334570259.00006,26,22,1,3,-2399984.1151986104,5383374.119334281,2429116.447194551,-18167.69568940169,22.5338809964018,114.02767959862,3.1212886543785,1.16631247354037,1
2123,train,2206,381460.000057996,1334570260.00006,26,20,1,2,-2399985.6897339257,5383387.351750097,2429114.984862308,-18738.22718945195,22.5338710990783,114.027686100087,3.43268330548164,0.987112659287633,1
2124,train,2206,381461.000062868,1334570261.00006,29,22,1,2,-2399993.2114884546,5383385.703116791,2429113.7730148565,-19309.18336147706,22.5338620976841,114.027688196234,3.03784400893018,0.977133957302853,1
2125,train,2206,381462.00006898,1334570262.00007,29,22,1,2,-2399987.371855459,5383382.087124084,2429111.2138188877,-19886.997647940538,22.5338528994518,114.027688702335,3.50448675476019,0.771546379098258,1
2126,train,2206,381463.000073591,1334570263.00007,28,23,1,2,-2399984.1036119354,5383391.482292497,2429112.8498261212,-20457.885869129284,22.5338445995665,114.027686596173,3.57215156952381,0.868258097159435,1
2127,train,2206,381464.000075846,1334570264.00008,30,23,1,2,-2399973.8514026836,5383385.210469504,2429107.4332407536,-21040.99299514065,22.5338380982465,114.02767949935,3.93221263998693,1.05304456003068,1
2128,train,2206,381465.000076709,1334570265.00008,29,22,1,2,-2399969.24912356,5383387.0697255675,2429113.7388463123,-21614.74492706688,22.5338330031068,114.027671799291,4.31623729057769,0.912322710234049,1
2129,train,2206,381466.00007708,1334570266.00008,28,22,1,2,-2399963.68233954,5383384.676695159,2429115.612768317,-22192.19355699999,22.5338271991914,114.027663796515,4.73802278844447,0.919933572212882,1
2130,train,2206,381467.000077394,1334570267.00008,30,22,1,2,-2399961.480982684,5383386.057439152,2429116.8570799427,-22766.284393201382,22.533821996503,114.027651199966,5.09329969035393,1.17113234138813,1
2131,train,2206,381468.000077838,1334570268.00008,28,20,1,2,-2399958.969027594,5383383.860575851,2429106.356115118,-23348.22975860775,22.5338157995474,114.027639093959,6.00096217100367,1.21837310872606,1
2132,train,2206,381469.000077189,1334570269.00008,27,21,1,2,-2399955.599018728,5383390.453872294,2429115.316025721,-23914.449495294317,22.533810200127,114.027627594284,6.14116236818609,1.15731802735501,1
2133,train,2206,381470.000076961,1334570270.00008,28,21,1,2,-2399951.9421442556,5383387.147866065,2429112.2324381284,-24490.727458513033,22.5338056982716,114.027613798928,6.99304186066382,1.17955234856265,1
2134,train,2206,381471.000080563,1334570271.00008,28,18,1,3,-2399945.2450814694,5383367.055679431,2429104.5754182967,-25080.320159193692,22.5338034977302,114.027602299591,6.66710461867277,1.15706019421628,1
2135,train,2206,381472.000087743,1334570272.00009,29,19,1,2,-2399946.5208559395,5383373.477034617,2429105.230404871,-25650.362784682664,22.533799799404,114.027587197158,6.414698089742,1.18764975354387,1
2136,train,2206,381473.000090824,1334570273.00009,28,23,1,3,-2399935.518370888,5383353.910126674,2429090.4178129155,-26241.23806913021,22.5337991970798,114.027571896362,5.63087578620848,1.17930254820393,1
2137,train,2206,381474.000091617,1334570274.00009,27,21,1,2,-2399935.9690487017,5383355.225079158,2429093.738159118,-26814.16121919372,22.5337957995205,114.027554498173,5.00330208905293,1.30286976048806,1
2138,train,2206,381475.000092204,1334570275.00009,31,23,1,2,-2399933.625991517,5383352.868488012,2429090.3425056604,-27389.890146275073,22.5337927030797,114.027538902612,4.56676879514796,1.21018063667463,1
2139,train,2206,381476.000093231,1334570276.00009,31,23,1,2,-2399932.6862411182,5383352.862438043,2429082.026593358,-27969.31873899874,22.5337897023146,114.027522702641,3.96119819043208,1.26161422920403,1
2140,train,2206,381477.000095116,1334570277.0001,31,22,1,2,-2399933.6198704615,5383367.888243844,2429085.784890898,-28532.528503891503,22.5337890963924,114.027509604808,3.37667492798861,1.20277048853901,1
2141,train,2206,381478.000097007,1334570278.0001,30,20,1,2,-2399933.2990576,5383370.440870708,2429089.679833765,-29105.928134723865,22.5337835027416,114.02750020003,3.67449641224614,1.03569429492758,1
2142,train,2206,381479.000098931,1334570279.0001,29,20,1,2,-2399928.474618305,5383364.657107107,2429073.798515083,-29690.172284329285,22.5337753988042,114.027492899442,4.65014908481561,0.792135947471617,1
2143,train,2206,381480.000100887,1334570280.0001,29,20,1,2,-2399927.399089579,5383363.947480889,2429071.8886726703,-30266.263491164373,22.5337724022609,114.027483200212,4.78715919617275,0.846331238079914,1
2144,train,2206,381481.000102808,1334570281.0001,30,20,1,2,-2399930.3401197405,5383373.367738402,2429092.417352328,-30823.018041752668,22.5337687980259,114.027471198884,4.8305636486323,1.01647995809724,1
2145,train,2206,381482.000104702,1334570282.0001,30,23,1,2,-2399929.1962122926,5383364.819511263,2429090.8574239207,-31401.931917295144,22.5337658982045,114.027460000177,5.18442775997062,1.08517935266683,1
2146,train,2206,381483.000106622,1334570283.00011,31,23,1,2,-2399929.5786864106,5383366.476559787,2429092.3956402964,-31974.881399514645,22.5337640980288,114.027446994127,5.49789998778731,1.23435346767871,1
2147,train,2206,381484.000107808,1334570284.00011,30,23,1,2,-2399928.884527715,5383369.770482856,2429096.2848562873,-32546.80180578412,22.5337632998676,114.02743390238,5.26994999203062,1.28176205568861,1
2148,train,2206,381485.00010856,1334570285.00011,29,23,1,2,-2399927.6814978304,5383363.394883407,2429082.488070317,-33130.24924368411,22.5337624980246,114.027419599382,5.26736240572967,1.21998755597689,1
2149,train,2206,381486.000109218,1334570286.00011,29,19,1,2,-2399929.962542441,5383379.652193229,2429098.2837300366,-33688.86857132556,22.5337567977595,114.02740829717,5.21004223721748,1.12666534288594,1
2150,train,2206,381487.000110435,1334570287.00011,29,20,1,2,-2399926.0598522397,5383372.745504309,2429069.778612615,-34282.85593396171,22.5337531972624,114.027398804076,4.86368937559837,1.06006111577273,1
2151,train,2206,381488.000113585,1334570288.00011,29,21,1,2,-2399925.757978373,5383380.552585487,2429082.357576103,-34845.444314017404,22.5337489987474,114.027385899985,4.94046514695011,1.23131360239229,1
2152,train,2206,381489.000119162,1334570289.00012,28,21,1,2,-2399927.378169706,5383389.3239573985,2429093.3486890052,-35410.72561094003,22.5337428970722,114.027375901941,5.51739154527547,1.05379270721257,1
2153,train,2206,381490.000123806,1334570290.00012,27,21,1,2,-2399921.698263107,5383382.371565313,2429086.563219499,-35991.798203845115,22.5337375000329,114.027365897979,5.42349320769029,1.11127124503824,1
2154,train,2206,381491.000125775,1334570291.00013,28,22,1,2,-2399918.890223072,5383378.882573351,2429084.8948717373,-36569.256862386064,22.5337345008528,114.027356800072,5.25595389925856,1.00004872464904,1
2155,train,2206,381492.000126475,1334570292.00013,28,23,1,2,-2399918.914699872,5383384.905822306,2429087.6394479168,-37139.84403414331,22.5337330955537,114.027344099204,5.07523883637459,1.19537561544263,1
2156,train,2206,381493.000126965,1334570293.00013,27,22,1,2,-2399915.1677477392,5383383.799835462,2429079.35425032,-37719.95015959559,22.5337248015249,114.027330701711,4.77339212109971,1.26120119354208,1
2157,train,2206,381494.00012766,1334570294.00013,28,23,1,2,-2399916.3594833426,5383390.594864822,2429091.487746056,-38284.76688078395,22.5337237034756,114.027318296701,4.17931907548401,1.15412166922265,1
2158,train,2206,381495.000126762,1334570295.00013,27,20,1,2,-2399916.3678128123,5383395.304109319,2429077.0830368707,-38866.03507307277,22.5337147982601,114.027308695162,4.25715373303945,1.15312324569134,1
2159,train,2206,381496.000132645,1334570296.00013,28,21,1,2,-2399914.225632627,5383393.838596598,2429086.9220914156,-39434.74123692721,22.5337071993202,114.027297996785,4.3073573388304,1.19512673208476,1
2160,train,2206,381497.000134723,1334570297.00013,28,21,1,2,-2399914.479854581,5383396.030181005,2429092.802202588,-40005.233935813085,22.5337041978919,114.027285199369,3.95249264401088,1.24427791035559,1
2161,train,2206,381498.000135373,1334570298.00014,27,21,1,2,-2399912.9651449467,5383394.837019278,2429085.2445007707,-40584.057748717045,22.5336985939497,114.027273901288,3.87728778611038,1.21997088239823,1
2162,train,2206,381499.000137267,1334570299.00014,27,21,1,2,-2399913.275319966,5383398.88384561,2429084.161828887,-41156.69803901853,22.5336935972109,114.027262501586,3.6400156196005,1.13873996992606,1
2163,train,2206,381500.000139162,1334570300.00014,27,22,1,2,-2399912.563863148,5383395.629262607,2429078.276190414,-41734.18315484702,22.5336901986704,114.027248298832,3.62860684385927,1.25170347948515,1
2164,train,2206,381501.000140974,1334570301.00014,27,22,1,3,-2400035.408994867,5383580.7434344,2429311.4242679514,-42090.06573419459,22.533687999309,114.027233302661,3.76684037137414,1.2998365940282,1
2165,train,2206,381502.000143001,1334570302.00014,27,21,1,3,-2400002.487804236,5383565.550092219,2429301.6979238004,-42667.85482957295,22.5336852000223,114.027220493619,3.511956934323,1.25845622885619,1
2166,train,2206,381503.000145032,1334570303.00014,26,22,1,3,-2399911.333010031,5383398.700084852,2429088.195785601,-43452.730444965586,22.5336815993775,114.027207602936,3.2778485677766,1.3083866962567,1
2167,train,2206,381504.00014683,1334570304.00015,27,22,1,2,-2399909.1064194604,5383404.166075321,2429091.635060355,-44022.14615022123,22.5336788971103,114.027195699057,3.22408702818779,1.20332143739456,1
2168,train,2206,381505.000148702,1334570305.00015,27,21,1,2,-2399909.2931903657,5383412.7188787265,2429092.095584064,-44591.26093680512,22.5336800965331,114.02718449816,3.24579641529879,0.984885760183125,1
2169,train,2206,381506.000150602,1334570306.00015,27,22,1,2,-2399905.4551695604,5383408.010593867,2429088.474449762,-45168.38327361126,22.5336778989676,114.027178104399,3.38091347852503,0.640252789693715,1
2170,train,2206,381507.000152564,1334570307.00015,26,20,1,2,-2399906.448268455,5383412.779114773,2429090.5472888206,-45739.646359465056,22.5336786039727,114.02717360492,3.51111921458848,0.431158370044982,1
2171,train,2206,381508.000154497,1334570308.00015,27,21,1,2,-2399903.8541239263,5383420.268272525,2429105.182045315,-46301.930060686136,22.5336759956747,114.027171094065,3.50012212730404,0.295445229378009,1
2172,train,2206,381509.000156376,1334570309.00016,28,20,1,2,-2399904.216107254,5383422.209083236,2429105.502243955,-46875.324568793716,22.5336745024965,114.027166999116,3.60634471392878,0.385735783565998,1
2173,train,2206,381510.0001583,1334570310.00016,28,23,1,2,-2399905.0726244375,5383419.260345285,2429102.0092121605,-47452.393349566555,22.5336754969858,114.027159200158,3.66192963650519,0.655969521464499,1
2174,train,2206,381511.000160269,1334570311.00016,26,22,1,2,-2399902.7195361946,5383413.889328979,2429097.3693178734,-48031.00452473812,22.5336764025813,114.027150199248,3.80903426055144,0.850076619793636,1
2175,train,2206,381512.000162161,1334570312.00016,27,22,1,2,-2399905.427047743,5383421.099688587,2429103.5327105885,-48600.13084143088,22.533674995555,114.027142401685,3.88708394373003,0.689331438221681,1
2176,train,2206,381513.00016402,1334570313.00016,27,21,1,3,-2399901.2006251384,5383399.307076367,2429097.020420282,-49191.262373463236,22.533672700042,114.027136601436,3.67260402622342,0.509936036822212,1
2177,train,2206,381514.000165936,1334570314.00017,26,22,1,3,-2399904.2251597587,5383417.929013616,2429103.2598228315,-49751.18398986805,22.5336607007969,114.027131600618,3.77508542211599,0.567096176042611,1
2178,train,2206,381515.000167886,1334570315.00017,25,22,1,2,-2399908.590065239,5383418.941912374,2429099.3707686746,-50322.945780818554,22.5336532007943,114.027125298211,3.85369323205898,0.57964075747353,1
2179,train,2206,381516.000169812,1334570316.00017,26,23,1,2,-2399908.534578308,5383416.488443219,2429097.710831943,-50898.79164847253,22.5336554005194,114.027120401017,3.55630608402056,0.360558312645914,1
2180,train,2206,381517.00017168,1334570317.00017,29,23,1,2,-2399903.301110448,5383412.126124648,2429094.7399127176,-51477.12353718004,22.533650799431,114.027119001121,3.21611225971892,0.143625792198914,1
2181,train,2206,381518.000173668,1334570318.00017,25,20,1,2,-2399901.8606896033,5383420.536505198,2429103.1382928602,-52044.69322005813,22.5336519966596,114.027117195642,3.10797293706601,0.110222815512968,1
2182,train,2206,381519.000175576,1334570319.00018,23,17,1,2,-2399906.1508441223,5383420.845634297,2429102.864610109,-52618.908232620444,22.5336506996784,114.02711660329,2.88265213516302,0.0677390731012929,1
2183,train,2206,381520.000177489,1334570320.00018,27,17,1,2,-2399908.4996878156,5383434.996939982,2429108.0781611823,-53183.268400863875,22.5336486046452,114.027116898587,2.77379247870911,0.0829065832646496,1
2184,train,2206,381521.000179404,1334570321.00018,28,17,1,3,-2399907.889967223,5383415.134926957,2429099.9513043235,-53768.62686160359,22.5336478003416,114.027116299611,2.62056387108784,0.0758745821422483,1
2185,train,2206,381522.000181319,1334570322.00018,27,16,1,2,-2399916.7879835544,5383420.87790555,2429097.524918123,-54335.663092604824,22.5336456970399,114.027115996953,2.48519808004591,0.054335500735158,1
2186,train,2206,381523.00018324,1334570323.00018,28,18,1,2,-2399915.2676740433,5383415.03690424,2429095.751942934,-54913.87100074591,22.5336429004523,114.027115998414,2.41485963389629,0.063801861493213,1
2187,train,2206,381524.000185158,1334570324.00019,26,16,1,3,-2399896.8965989375,5383385.787085687,2429101.888238395,-55515.29215790771,22.5336415017803,114.027115798549,2.19843399473884,0.054897205632523,1
2188,train,2206,381525.000187076,1334570325.00019,27,18,1,3,-2399930.065858783,5383411.723888349,2429078.4082515542,-56059.99507901671,22.5336417972186,114.027114502595,1.90822533761781,0.0882197065450075,1
2189,train,2206,381526.000188986,1334570326.00019,28,21,1,3,-2399951.7923521227,5383452.846510589,2429102.2961624516,-56599.66825480147,22.533639099504,114.027113597492,1.69666536830295,0.0630413488488978,1
2190,train,2206,381527.000190899,1334570327.00019,25,23,1,3,-2399912.535261464,5383427.172921473,2429107.6250360897,-57205.1953297453,22.5336325016884,114.027113398677,1.44055075913207,0.0590700190094219,1
2191,train,2206,381528.000192802,1334570328.00019,26,24,1,2,-2399928.272987443,5383429.769907702,2429098.4698478924,-57771.04908587111,22.5336263999258,114.027114399264,1.3782055940749,0.0582143898339868,1
2192,train,2206,381529.000194729,1334570329.00019,26,25,1,2,-2399928.745400093,5383438.52149537,2429103.2432348314,-58339.99814411329,22.5336203020713,114.027115896134,1.33830725450261,0.0634919540636088,1
2193,train,2206,381530.000196656,1334570330.0002,26,23,1,2,-2399924.609077929,5383434.198764844,2429099.8324345797,-58919.60722596101,22.5336132012457,114.027116798563,1.16947704537794,0.068307870667519,1
2194,train,2206,381531.00019856,1334570331.0002,27,21,1,2,-2399926.421837238,5383421.301339056,2429081.9022488073,-59506.774588874156,22.5336078976712,114.027115798298,1.04803034367194,0.125187139189688,1
2195,train,2206,381532.000200475,1334570332.0002,27,22,1,2,-2399928.436957377,5383428.801147266,2429092.9940084396,-60069.31677552115,22.5336027964954,114.027116203293,0.901315341075207,0.0709915829227328,1
2196,train,2206,381533.000202391,1334570333.0002,28,23,1,2,-2399933.2904065954,5383429.761284381,2429082.506963633,-60647.00367910788,22.5335976021039,114.02711610411,1.00385949263733,0.0640720479626313,1
2197,train,2206,381534.000204318,1334570334.0002,25,21,1,3,-2399909.3920080704,5383426.892603452,2429097.1024253382,-61232.82887255637,22.5335917953354,114.027117099552,0.974967377851824,0.0609397822881886,1
2198,train,2206,381535.000206203,1334570335.00021,26,20,1,3,-2399929.222340955,5383423.183498097,2429080.905803272,-61802.08717044588,22.5335852975647,114.027119300097,0.924370807095506,0.0789734602015807,1
2199,train,2206,381536.000208139,1334570336.00021,24,21,1,2,-2399929.078244642,5383426.520010555,2429082.3090836215,-62375.67921253525,22.5335802028102,114.027121098705,0.9455457697602,0.0577795739804059,1
2200,train,2206,381537.000210054,1334570337.00021,24,22,1,2,-2399934.0484856176,5383436.825164309,2429095.9560338194,-62935.17161750907,22.5335746999539,114.027122995574,1.10693956503811,0.0645887672507016,1
2201,train,2206,381538.000211968,1334570338.00021,27,20,1,3,-2399910.444115348,5383429.255214547,2429108.602286868,-63525.5350661177,22.5335719029505,114.02712389664,0.97931182869374,0.0521447954072065,1
2202,train,2206,381539.000213888,1334570339.00021,26,23,1,2,-2399921.344315393,5383431.227534344,2429100.8822675943,-64092.62887846595,22.5335682985452,114.027124701869,0.923630281822272,0.0630033245382463,1
2203,train,2206,381540.0002158,1334570340.00022,25,22,1,3,-2399908.9666189393,5383398.1453862535,2429096.238532249,-64694.473336664705,22.5335639967389,114.02712669995,0.793178387729014,0.0578683389215646,1
2204,train,2206,381541.000217698,1334570341.00022,24,22,1,2,-2399906.7837472213,5383396.851730978,2429097.3940703413,-65269.90980333937,22.5335613042231,114.02712760002,0.864699063813826,0.0607733615371544,1
2205,train,2206,381542.000219627,1334570342.00022,27,21,1,2,-2399914.9153143447,5383403.533267549,2429091.9516635695,-65836.58491994641,22.5335573975646,114.027124695694,0.759166256125063,0.401397621384619,1
2206,train,2206,381543.000221535,1334570343.00022,26,22,1,2,-2399916.026288832,5383420.653658961,2429093.759392923,-66398.84649557418,22.5335533974634,114.027114597092,0.691635072706449,1.02888529382433,1
2207,train,2206,381544.000222205,1334570344.00022,27,22,1,2,-2399906.6647891365,5383419.763031253,2429092.228705774,-66977.86324739346,22.5335492995126,114.02710729819,0.433728956763299,0.884835956683872,1
2208,train,2206,381545.00022531,1334570345.00023,27,24,1,2,-2399902.201905946,5383421.607612882,2429095.305618877,-67552.07522866612,22.533545699903,114.02709759483,0.53336877363368,1.0434611022155,1
2209,train,2206,381546.000228482,1334570346.00023,27,23,1,2,-2399899.5975276013,5383421.027682164,2429094.607751754,-68126.9347783475,22.5335462004523,114.027086595456,0.35282638634701,1.14509569254028,1
2210,train,2206,381547.000229179,1334570347.00023,28,22,1,2,-2399899.0794547857,5383420.719858593,2429095.878789124,-68701.26748125692,22.533539702086,114.027075100224,0.190033709380546,1.27573960198248,1
2211,train,2206,381548.00023111,1334570348.00023,27,21,1,2,-2399897.364907616,5383416.929123348,2429095.272526766,-69279.521119552,22.5335364013165,114.027063493032,0.0559416903087239,1.19442670643695,1
2212,train,2206,381549.000233075,1334570349.00023,28,21,1,2,-2399894.824820652,5383414.126164064,2429094.4992706324,-69855.71772786946,22.5335340036154,114.027050398485,0.108800857442754,1.28136172537525,1
2213,train,2206,381550.000234983,1334570350.00024,28,20,1,2,-2399890.7924263645,5383409.793615355,2429095.9595046784,-70435.03204605279,22.5335291994584,114.027037700469,0.292443662133425,1.30025675502336,1
2214,train,2206,381551.00023688,1334570351.00024,29,22,1,2,-2399888.280026852,5383403.45602836,2429092.244538795,-71013.73613999499,22.5335269980942,114.027023892609,0.420836108244406,1.37637066720313,1
2215,train,2206,381552.000238795,1334570352.00024,29,22,1,2,-2399888.308014493,5383407.976392279,2429093.522954472,-71584.46371362824,22.5335219032133,114.027011495253,0.46024363624887,1.28416090325265,1
2216,train,2206,381553.000240725,1334570353.00024,29,23,1,2,-2399885.998029449,5383407.792997011,2429091.2652380276,-72159.1580028196,22.5335194971716,114.026999192473,0.423999262957517,1.26083605249516,1
2217,train,2206,381554.000242632,1334570354.00024,29,23,1,2,-2399888.362553807,5383416.94295923,2429091.210840703,-72728.72077074769,22.5335129026427,114.026988295064,0.216507685058142,1.2361615255309,1
2218,train,2206,381555.000244531,1334570355.00024,29,24,1,2,-2399890.2575024613,5383422.935861014,2429091.3651014934,-73299.1769791094,22.5335087036501,114.026977197515,-0.0117835454090005,1.20961124418265,1
2219,train,2206,381556.000246453,1334570356.00025,29,23,1,2,-2399886.646990326,5383424.304791313,2429089.5026161354,-73875.11498915362,22.5335045957871,114.026965400626,-0.188802853853769,1.23734256853169,1
2220,train,2206,381557.000248379,1334570357.00025,29,23,1,3,-2399884.5515238135,5383404.020327041,2429088.5269662836,-74459.92520520564,22.5334989993577,114.026955697866,-0.268621479358122,1.11139238692922,1
2221,train,2206,381558.000250284,1334570358.00025,29,24,1,2,-2399885.0125348014,5383405.230195233,2429089.301621293,-75032.74207454291,22.5334971999845,114.026947397017,-0.250215683337622,0.742741370226718,1
2222,train,2206,381559.000252204,1334570359.00025,28,24,1,3,-2399887.4175918926,5383432.223940126,2429098.6367235724,-75588.46978008848,22.5334956015747,114.026942700961,-0.272366190131804,0.4652698041147,1
2223,train,2206,381560.000254116,1334570360.00025,28,24,1,2,-2399887.525185181,5383432.071698213,2429099.7717258036,-76161.77214691599,22.5334940952686,114.026941803246,-0.313884782298259,0.156022065786183,1
2224,train,2206,381561.000256022,1334570361.00026,29,24,1,2,-2399886.413963567,5383429.388366095,2429098.2237277124,-76738.79872843702,22.533493199765,114.026942098031,-0.489763781324243,0.0655524672867321,1
2225,train,2206,381562.000257933,1334570362.00026,28,23,1,3,-2399884.1283522462,5383409.611064315,2429096.56169241,-77327.31783157977,22.5334904996057,114.026942900315,-0.598882001959956,0.0627178270950699,1
2226,train,2206,381563.000259856,1334570363.00026,28,24,1,2,-2399888.685451095,5383426.053695602,2429097.999530591,-77888.7347168457,22.5334889025497,114.02694410424,-0.731031282606937,0.0671891715533789,1
2227,train,2206,381564.000261761,1334570364.00026,29,20,1,3,-2399882.4262834527,5383406.799061901,2429090.895852482,-78479.86856666877,22.5334866993099,114.02694390064,-0.829308805527362,0.102647643467325,1
2228,train,2206,381565.000263695,1334570365.00026,28,23,1,3,-2399886.686185855,5383429.233844831,2429095.543357157,-79037.51017872409,22.5334844006596,114.026939095815,-1.04302166149045,0.530900316127458,1
2229,train,2206,381566.000265621,1334570366.00027,28,24,1,2,-2399886.9423359632,5383431.892614695,2429099.2162662884,-79607.41944792889,22.533481500842,114.026930601895,-1.08585030440225,0.847268266197717,1
2230,train,2206,381567.000267528,1334570367.00027,28,24,1,2,-2399885.9759197826,5383431.509681219,2429098.100459923,-80183.37808875827,22.5334799037822,114.026919297958,-0.957060547693744,1.09554130413157,1
2231,train,2206,381568.000269422,1334570368.00027,28,24,1,2,-2399884.4404476373,5383430.77221471,2429096.595620374,-80758.64139196843,22.5334763999088,114.026907993641,-0.841235055721609,1.20543974607284,1
2232,train,2206,381569.000271357,1334570369.00027,28,24,1,2,-2399881.9202748192,5383428.790583387,2429094.835127154,-81335.06215638964,22.5334746977691,114.026895994545,-1.10978663416947,1.21658514014137,1
2233,train,2206,381570.000273276,1334570370.00027,28,23,1,2,-2399879.383780665,5383428.006320144,2429091.081300074,-81912.18521652749,22.5334716023427,114.026883597765,-1.06382485519837,1.23028688731703,1
2234,train,2206,381571.000275201,1334570371.00028,28,22,1,3,-2399874.5563046746,5383409.720776787,2429087.201471498,-82499.18283423682,22.5334680025185,114.026871993774,-1.05027734531177,1.20672807949642,1
2235,train,2206,381572.000277092,1334570372.00028,29,22,1,2,-2399875.0812591636,5383415.477133245,2429086.144730633,-83071.04818644337,22.5334651017737,114.026858597854,-0.881399998433705,1.25493342889362,1
2236,train,2206,381573.000277828,1334570373.00028,29,23,1,2,-2399873.5965282535,5383414.065185903,2429091.1050096005,-83643.7960265737,22.5334620012146,114.026845192247,-0.72454412887561,1.28403176118964,1
2237,train,2206,381574.000282094,1334570374.00028,29,24,1,2,-2399869.7101522665,5383406.869246359,2429086.859819543,-84223.77966283685,22.533461503238,114.026834095887,-0.868103279095021,1.12471925725834,1
2238,train,2206,381575.00028285,1334570375.00028,30,24,1,2,-2399868.771015225,5383408.890891788,2429087.040108244,-84797.40592149964,22.5334576967936,114.026820597252,-0.757748539708134,1.30315364692584,1
2239,train,2206,381576.000284759,1334570376.00028,29,23,1,2,-2399868.6339486064,5383415.653314186,2429090.0841168524,-85368.47166945408,22.5334526003262,114.026808297609,-0.942317844295296,1.3327452903001,1
2240,train,2206,381577.00028668,1334570377.00029,29,23,1,2,-2399868.313111573,5383419.590234646,2429089.311951761,-85940.2559410759,22.5334510028869,114.026794401582,-1.02998598070947,1.35730874699957,1
2241,train,2206,381578.000288585,1334570378.00029,28,22,1,2,-2399865.3628515424,5383412.498671458,2429075.7721092193,-86526.45502618657,22.5334463025786,114.026780992233,-1.16373279936059,1.38331190701519,1
2242,train,2206,381579.000290507,1334570379.00029,29,22,1,2,-2399863.6823941465,5383416.078560598,2429089.523760974,-87092.13833586803,22.533442098107,114.026767100371,-1.09834104648934,1.40535387873151,1
2243,train,2206,381580.000292433,1334570380.00029,28,20,1,2,-2399860.1119017582,5383409.566039165,2429084.4429166163,-87673.39342355591,22.5334370032461,114.026754099852,-1.15288043639227,1.36286986078493,1
2244,train,2206,381581.000294342,1334570381.00029,29,20,1,3,-2399861.6987313507,5383429.907848203,2429089.7020115415,-88233.98898554186,22.5334319953888,114.026740491439,-1.13403357968893,1.36543521586178,1
2245,train,2206,381582.000295096,1334570382.0003,29,20,1,2,-2399859.0883508082,5383421.534757789,2429072.0956781926,-88821.88076140422,22.5334283985037,114.026727697621,-1.27780645962464,1.37406375608873,1
2246,train,2206,381583.000299373,1334570383.0003,28,22,1,2,-2399861.0573252984,5383424.078910826,2429069.112536028,-89395.42112992611,22.5334225962718,114.026714699275,-1.50104036829002,1.38845862502117,1
2247,train,2206,381584.0003001,1334570384.0003,28,22,1,2,-2399860.1714503686,5383425.112432065,2429070.5651778476,-89968.14154975333,22.5334184988206,114.026701597394,-1.65466690193015,1.3695687685415,1
2248,train,2206,381585.000301976,1334570385.0003,28,23,1,2,-2399858.612058387,5383431.547728412,2429087.3229140122,-90530.3281017845,22.5334142968752,114.026688497744,-1.85090054463263,1.40395996876224,1
2249,train,2206,381586.000303911,1334570386.0003,27,23,1,2,-2399859.0763713145,5383429.367337237,2429080.7083672155,-91109.16455239317,22.533409894781,114.026675499835,-1.84503188878863,1.37702103427329,1
2250,train,2206,381587.00030585,1334570387.00031,27,23,1,2,-2399857.584512103,5383430.209677895,2429080.2184246406,-91683.55528631916,22.5334038988964,114.026662496911,-1.82609093797752,1.42603417740139,1
2251,train,2206,381588.000307733,1334570388.00031,27,22,1,2,-2399855.4601081465,5383430.154147536,2429080.2829580926,-92258.8033110976,22.5333981999731,114.02664909442,-1.81334292287637,1.48560569994945,1
2252,train,2206,381589.000309451,1334570389.00031,28,24,1,3,-2399890.1805876796,5383493.341522175,2429154.8652206627,-92751.91633364203,22.5333931957215,114.026636498547,-1.84245358159398,1.38321244920221,1
2253,train,2206,381590.000311595,1334570390.00031,27,24,1,3,-2399850.803320953,5383426.132282958,2429070.7359804297,-93412.11988304998,22.5333875965735,114.026624395571,-1.95027417626893,1.3404396272873,1
2254,train,2206,381591.000312182,1334570391.00031,28,23,1,2,-2399849.822299094,5383418.115602625,2429068.386816368,-93992.06435547228,22.5333811946933,114.026610994599,-1.91167348259133,1.36450307721299,1
2255,train,2206,381592.000316668,1334570392.00032,30,23,1,2,-2399851.1132408236,5383431.790200181,2429070.7933364203,-94557.77148422129,22.5333755973693,114.026599094361,-1.89200027639001,1.33915895701121,1
2256,train,2206,381593.00031735,1334570393.00032,29,22,1,2,-2399848.4716814444,5383427.160665738,2429069.1180295777,-95136.49660226025,22.5333701961469,114.026586194076,-2.06822731545037,1.4447927015129,1
2257,train,2206,381594.000319229,1334570394.00032,29,23,1,2,-2399846.7642066865,5383436.038794839,2429083.5110980626,-95698.95766248307,22.5333665989691,114.026573497437,-2.0448161984354,1.36340227659143,1
2258,train,2206,381595.000321155,1334570395.00032,29,25,1,2,-2399847.114560339,5383438.554023065,2429082.5274327807,-96272.75358584558,22.5333682975448,114.026560797164,-2.09358452324149,1.25792691435928,1
2259,train,2206,381596.000323087,1334570396.00032,28,24,1,2,-2399844.039143532,5383442.267969068,2429085.436520191,-96843.59169350102,22.5333636970436,114.026547595041,-2.14960894715361,1.37716864710572,1
2260,train,2206,381597.000324987,1334570397.00032,28,24,1,3,-2399842.1065556225,5383424.174764113,2429079.375111658,-97431.73494056783,22.5333598019236,114.026534991684,-2.08071357309188,1.30285842362312,1
2261,train,2206,381598.000326901,1334570398.00033,29,24,1,2,-2399841.8091299054,5383427.451938774,2429081.768797432,-98003.18786132154,22.5333556028498,114.026519594023,-1.89420911686972,1.47319213014341,1
2262,train,2206,381599.000328806,1334570399.00033,28,21,1,2,-2399840.0073357862,5383430.590549474,2429079.7791352635,-98577.85820439176,22.5333509015255,114.026506297599,-1.93113506708804,1.38180042958202,1
2263,train,2206,381600.000330732,1334570400.00033,28,22,1,2,-2399840.322808854,5383432.005201118,2429083.123912948,-99148.96731613748,22.5333498018628,114.026493292389,-1.71583971727755,1.27279985726895,1
2264,train,2206,381601.000332658,1334570401.00033,30,25,1,2,-2399837.692481841,5383427.842572332,2429081.2854535584,-99727.615762544,22.5333472947303,114.026480491916,-1.43292298023824,1.26905778741673,1
2265,train,2206,381602.000334551,1334570402.00033,30,23,1,2,-2399840.8681772063,5383438.260642668,2429085.918890468,-100293.51533746917,22.533345199708,114.026465295172,-1.20259968223722,1.43072092445934,1
2266,train,2206,381603.000336468,1334570403.00034,30,23,1,2,-2399838.1002092687,5383437.552063209,2429086.824494859,-100868.12947506508,22.5333421024432,114.026450192559,-0.608278911866176,1.46016326801765,1
2267,train,2206,381604.000338399,1334570404.00034,30,22,1,2,-2399837.2204685337,5383436.22603362,2429084.8061015126,-101444.03840407063,22.5333389938413,114.026435695659,-0.38389490046632,1.43302412524307,1
2268,train,2206,381605.000340302,1334570405.00034,28,22,1,2,-2399835.8149285796,5383438.473685772,2429086.2471102704,-102017.78772919453,22.5333370007975,114.026420497355,-0.0553671186245095,1.43312946764924,1
2269,train,2206,381606.000342094,1334570406.00034,29,21,1,2,-2399839.1522154557,5383444.326942278,2429091.301107926,-102584.0172187612,22.5333355015687,114.026406799052,0.248235676258413,1.39141699582196,1
2270,train,2206,381607.000344138,1334570407.00034,29,20,1,2,-2399836.017684467,5383442.178903066,2429089.585640451,-103160.7936171103,22.5333352015662,114.026394794744,0.521498931354302,1.20607613118009,1
2271,train,2206,381608.000345503,1334570408.00035,28,21,1,3,-2399826.107505326,5383424.917651336,2429076.0596303665,-103752.32615399026,22.5333334037711,114.02638059588,0.649070990935785,1.40028461079349,1
2272,train,2206,381609.00034796,1334570409.00035,28,21,1,2,-2399823.791525942,5383425.516311445,2429074.734187482,-104326.48026995914,22.5333294023718,114.02636829396,0.573982298968709,1.35964004338395,1
2273,train,2206,381610.000349118,1334570410.00035,32,24,1,2,-2399821.812960524,5383412.184148259,2429069.565334366,-104908.32825840371,22.5333274976808,114.026359799393,0.362186660652486,0.970596277941168,1
2274,train,2206,381611.000349922,1334570411.00035,31,24,1,3,-2399825.9166206513,5383433.602353224,2429073.6349198674,-105469.58851032086,22.5333258993549,114.02634909465,0.410431159119283,1.09290405645433,1
2275,train,2206,381612.000350547,1334570412.00035,30,27,1,2,-2399823.534711539,5383422.836776104,2429069.99508618,-106051.56942102898,22.5333228951611,114.026337296593,0.784296420228176,1.15483269867182,1
2276,train,2206,381613.000351214,1334570413.00035,31,27,1,2,-2399824.412271119,5383429.1736906385,2429072.300760693,-106621.3318371953,22.5333193978025,114.026325900708,0.702667291136799,1.19326052698228,1
2277,train,2206,381614.000352345,1334570414.00035,31,25,1,2,-2399820.7051592623,5383426.7209955705,2429065.701745619,-107199.36830457143,22.533315400495,114.026316991876,0.394358459043603,1.03082026704337,1
2278,train,2206,381615.000354718,1334570415.00035,32,23,1,2,-2399820.6738292165,5383432.375296466,2429069.747061358,-107770.32437383856,22.5333117023359,114.02630749653,0.256791917947445,1.01932600169809,1
2279,train,2206,381616.00035912,1334570416.00036,31,22,1,2,-2399814.2975847293,5383426.20414748,2429066.21447237,-108350.50409694779,22.533310300497,114.02629769906,-0.1518117911537,0.978639599167284,1
2280,train,2206,381617.000364875,1334570417.00036,30,23,1,2,-2399812.2005734527,5383422.466992518,2429062.7643549563,-108927.43222259465,22.5333117962156,114.026288598581,-1.11457346007969,0.883919320464054,1
2281,train,2206,381618.000369657,1334570418.00037,32,22,1,2,-2399811.541183078,5383417.137868151,2429060.96699706,-109505.84981215122,22.5333071987723,114.026277395275,-1.81083070484784,1.09881940526076,1
2282,train,2206,381619.000372363,1334570419.00037,30,21,1,2,-2399810.571613064,5383418.110916497,2429061.632698272,-110080.61383858115,22.5333033046701,114.026268094448,-2.13621728780221,1.02923813031524,1
2283,train,2206,381620.000373643,1334570420.00037,30,22,1,2,-2399808.3756657746,5383421.386812492,2429063.791779284,-110654.16886349111,22.5332998989041,114.026258994213,-2.6781126250477,1.03021045442975,1
2284,train,2206,381621.000374337,1334570421.00037,31,23,1,3,-2399843.92452464,5383480.568231874,2429144.9384342553,-111153.08408974197,22.533296496501,114.026248192413,-3.2521716941194,1.09596973043964,1
2285,train,2206,381622.000374926,1334570422.00038,31,23,1,3,-2399805.612715832,5383419.366259711,2429060.41588753,-111805.12482526968,22.5332954954056,114.026237501791,-3.6452038964373,1.07850729156933,1
2286,train,2206,381623.000375654,1334570423.00038,31,23,1,2,-2399802.8562897146,5383418.377184724,2429061.248318834,-112380.35170735963,22.5332918034628,114.02622959519,-4.27497912117881,0.887033908960729,1
2287,train,2206,381624.000376689,1334570424.00038,33,22,1,2,-2399802.494612459,5383414.737440649,2429059.5514319367,-112958.04304217949,22.5332888029091,114.026220696532,-4.73965841309501,0.906204449078062,1
2288,train,2206,381625.000376119,1334570425.00038,30,24,1,2,-2399802.435180436,5383426.503023777,2429061.9852212286,-113525.7221457266,22.533286397111,114.026214797128,-5.13362951507162,0.695226389150406,1
2289,train,2206,381626.0003819,1334570426.00038,34,22,1,2,-2399804.457204088,5383431.182706192,2429062.363597396,-114098.4558892055,22.5332795949057,114.026212103264,-5.8311901859554,0.678321762959795,1
2290,train,2206,381627.000382452,1334570427.00038,33,22,1,2,-2399805.41818577,5383431.70226745,2429060.378665602,-114672.73899258567,22.5332716966238,114.02621310395,-6.23096187678034,0.739723122868541,1
2291,train,2206,381628.00038435,1334570428.00038,32,22,1,2,-2399810.4889976485,5383446.839073339,2429068.3334196717,-115235.79995766778,22.5332633932985,114.026214203794,-6.50687949904563,0.830779914790214,1
2292,train,2206,381629.000386289,1334570429.00039,31,22,1,2,-2399810.9061898137,5383446.329233002,2429068.235408264,-115810.46792528435,22.5332547965374,114.02621320101,-6.55570008737093,0.859822727820903,1
2293,train,2206,381630.000387423,1334570430.00039,31,21,1,2,-2399813.6189933205,5383452.63535493,2429070.29295317,-116379.81815046554,22.5332487013351,114.02620869892,-6.70836725937169,0.760707853013517,1
2294,train,2206,381631.000388138,1334570431.00039,31,20,1,2,-2399813.9938767687,5383451.991820085,2429072.7838066486,-116954.63295518696,22.5332403971251,114.026209296736,-6.85875179646109,0.737047088852225,1
2295,train,2206,381632.000388955,1334570432.00039,31,20,1,2,-2399810.398071918,5383437.869161056,2429072.445381066,-117538.45375822691,22.5332314935806,114.026211295241,-7.11286931193103,0.929733316880499,1
2296,train,2206,381633.000391091,1334570433.00039,32,24,1,3,-2399821.430239845,5383462.7613762645,2429086.4905646727,-118088.80101760918,22.5332226002799,114.026211402982,-7.05381865461241,0.945583136281937,1
2297,train,2206,381634.000395985,1334570434.0004,31,25,1,2,-2399817.5686033107,5383461.58719888,2429086.549541304,-118665.99504055799,22.533214198037,114.026212703532,-6.96158926795651,1.12778547962766,1
2298,train,2206,381635.000400845,1334570435.0004,31,25,1,2,-2399816.7903982117,5383469.972215377,2429084.2140895156,-119235.12015676846,22.5332066984619,114.02621339835,-7.52766033726829,1.14905546262866,1
2299,train,2206,381636.000402922,1334570436.0004,31,26,1,2,-2399812.6902716807,5383467.236077745,2429080.585285154,-119813.60999093158,22.5331996913919,114.02621600343,-7.7345158683895,1.10904453832398,1
2300,train,2206,381637.000403691,1334570437.0004,29,25,1,2,-2399806.5761834076,5383462.129311221,2429075.368286026,-120393.49142728465,22.5331915948276,114.026216899255,-7.70285015778996,1.11701106297924,1
2301,train,2206,381638.000404369,1334570438.0004,29,25,1,2,-2399805.741475826,5383457.57701168,2429071.0753972437,-120971.05323831366,22.533185798116,114.026218498659,-7.50457218373709,0.922372543303417,1
2302,train,2206,381639.000405464,1334570439.00041,30,25,1,2,-2399807.2446481646,5383454.805434322,2429069.1633122424,-121547.60156736618,22.5331818004706,114.026220897543,-7.18392298277307,0.997961056243632,1
2303,train,2206,381640.000407357,1334570440.00041,30,24,1,2,-2399807.5940898177,5383444.069142189,2429067.4090297716,-122130.7607765778,22.5331720953379,114.026223803171,-7.55544820406761,1.09794860422018,1
2304,train,2206,381641.000409286,1334570441.00041,29,23,1,2,-2399807.9850289538,5383444.537120511,2429066.339954243,-122704.73603563047,22.533163592603,114.026226903805,-7.98418694768239,1.07832201988559,1
2305,train,2206,381642.00041121,1334570442.00041,29,25,1,3,-2399844.440192497,5383437.127203549,2429080.2242173576,-123261.67444084104,22.5331542965279,114.026232503624,-8.18547461809479,1.07769590110122,1
2306,train,2206,381643.000413101,1334570443.00041,29,21,1,3,-2399809.8189095464,5383442.658007831,2429057.4677881156,-123856.14392594581,22.5331482953801,114.026233596172,-8.15204678155041,1.01420331245472,1
2307,train,2206,381644.000414921,1334570444.00041,29,20,1,2,-2399814.117801472,5383444.088332416,2429058.2114203335,-124432.18752970904,22.5331403913919,114.026237003335,-7.73086710785931,1.18494895453738,1
2308,train,2206,381645.000416959,1334570445.00042,27,21,1,3,-2399810.0956879025,5383458.944163937,2429057.453444147,-124996.20801623267,22.533132694789,114.026237603318,-7.63625083757011,1.06609361725623,1
2309,train,2206,381646.000418994,1334570446.00042,27,21,1,2,-2399810.489081112,5383453.075580384,2429056.575127331,-125574.65563029447,22.5331235975982,114.026239696296,-7.16793839646409,1.08928520158113,1
2310,train,2206,381647.000420797,1334570447.00042,27,21,1,2,-2399813.8788896245,5383458.061305246,2429058.199767315,-126146.13335612693,22.5331151980009,114.02624070185,-6.93020421070236,1.18110597143222,1
2311,train,2206,381648.000422697,1334570448.00042,26,21,1,2,-2399811.094650747,5383451.381367268,2429055.748693621,-126725.3637510819,22.5331056931916,114.0262425994,-6.70016251327745,1.2607815383983,1
2312,train,2206,381649.000424627,1334570449.00042,26,20,1,2,-2399811.7769910507,5383452.975078811,2429053.5007763314,-127298.9282795498,22.5330947928618,114.026244903589,-6.59343663187025,1.29876100575606,1
2313,train,2206,381650.000426528,1334570450.00043,26,21,1,2,-2399812.2348752078,5383448.592082998,2429053.4102567653,-127877.73450019333,22.5330859964486,114.026246301192,-6.30707277796829,1.26292770721829,1
2314,train,2206,381651.000428332,1334570451.00043,26,21,1,2,-2399811.9730288917,5383448.159099423,2429051.763173465,-128452.54848851627,22.5330765983439,114.026247403501,-6.1341285284047,1.24460757726306,1
2315,train,2206,381652.000430355,1334570452.00043,26,21,1,2,-2399811.5404015733,5383443.66913025,2429049.6451833416,-129028.95143827818,22.5330667970567,114.026250996287,-6.35984404988907,1.28092976527662,1
2316,train,2206,381653.000432369,1334570453.00043,27,21,1,2,-2399813.653564488,5383440.277381852,2429050.147756154,-129604.62748400433,22.5330579960156,114.02625390197,-6.46109702036869,1.28546042755752,1
2317,train,2206,381654.000434214,1334570454.00043,27,20,1,2,-2399814.2346816245,5383442.024436976,2429048.0289437524,-130178.36172136765,22.5330483953774,114.02625560154,-6.52381869762399,1.32551335390742,1
2318,train,2206,381655.000436132,1334570455.00044,25,21,1,2,-2399816.5575984614,5383447.595976837,2429050.594034521,-130749.12359191534,22.5330401980519,114.026258499783,-6.45194604888612,1.09644794563762,1
2319,train,2206,381656.000436898,1334570456.00044,27,20,1,2,-2399816.5606353926,5383443.566803531,2429049.4496292593,-131327.3850400192,22.5330325916234,114.026260996044,-6.59806445195471,1.1255107141399,1
2320,train,2206,381657.000441131,1334570457.00044,24,20,1,2,-2399816.2362988372,5383443.962032846,2429046.197830932,-131901.97854497336,22.533024892115,114.026263203574,-6.59922910622166,1.07775744303265,1
2321,train,2206,381658.000441889,1334570458.00044,26,19,1,2,-2399809.966167332,5383450.738481376,2429044.333845158,-132472.75550319222,22.5330176967815,114.026267100697,-6.82641957923434,1.17960141531122,1
2322,train,2206,381659.000443799,1334570459.00044,29,22,1,2,-2399809.781435944,5383465.219345517,2429044.6495939763,-133035.28474852367,22.53300759683,114.026268700011,-6.98815218947292,1.22555419139365,1
2323,train,2206,381660.000445664,1334570460.00045,30,23,1,2,-2399810.570213846,5383464.586398425,2429044.314684462,-133610.38799052633,22.5329969982089,114.026267999985,-6.92542494315102,1.25587032611609,1
2324,train,2206,381661.000447586,1334570461.00045,32,24,1,2,-2399812.2788636093,5383473.898681239,2429043.7635447793,-134178.35064927308,22.5329880937395,114.026267798345,-6.95456064835729,1.11538855445981,1
2325,train,2206,381662.000449525,1334570462.00045,33,23,1,2,-2399813.088624377,5383486.286704134,2429046.8819445316,-134743.6256204287,22.5329795963165,114.026266097433,-6.6435353045213,1.0048377638821,1
2326,train,2206,381663.000451411,1334570463.00045,31,27,1,2,-2399817.9954475933,5383485.833524168,2429045.6552075227,-135318.2522018339,22.5329704938015,114.026264101434,-6.40341067693188,1.04507100696884,1
2327,train,2206,381664.000453356,1334570464.00045,31,27,1,2,-2399818.0080083893,5383484.347460067,2429040.617672073,-135895.18271824493,22.5329604985163,114.026263203003,-6.73653459489302,1.07523347764597,1
2328,train,2206,381665.000455282,1334570465.00046,32,26,1,2,-2399813.681560367,5383487.088625683,2429040.963825361,-136466.24841006455,22.5329493920326,114.026263201762,-6.78102202957553,1.22183189785231,1
2329,train,2206,381666.000457133,1334570466.00046,33,25,1,2,-2399822.103028525,5383494.897339215,2429037.690384205,-137035.5303548511,22.5329392969013,114.026263503572,-6.72727415614047,1.14375645428314,1
2330,train,2206,381667.000459036,1334570467.00046,34,28,1,3,-2399822.82074,5383469.3876147345,2429030.288618753,-137627.7056990432,22.5329323989409,114.026270001243,-7.25515793315021,1.00876283114364,1
2331,train,2206,381668.000459707,1334570468.00046,34,28,1,2,-2399824.529863765,5383475.439888351,2429031.0322906044,-138196.71993018006,22.5329250932441,114.026272799198,-7.75292365678946,0.912090589279279,1
2332,train,2206,381669.000462949,1334570469.00046,34,27,1,2,-2399827.026919344,5383483.610754554,2429034.7934931214,-138764.7824273674,22.5329199993419,114.026274699515,-8.07632763984928,0.759280744710047,1
2333,train,2206,381670.000466143,1334570470.00047,33,25,1,2,-2399822.994229858,5383470.870520398,2429021.037668876,-139350.9657196606,22.5329166992798,114.026277703054,-8.65137292963876,0.559549679256637,1
2334,train,2206,381671.000466769,1334570471.00047,34,25,1,2,-2399824.1848770822,5383475.771369383,2429024.3343231543,-139921.58185748427,22.5329112021087,114.026278605776,-8.9088900029254,0.434685630503789,1
2335,train,2206,381672.00046863,1334570472.00047,34,25,1,2,-2399827.1990671535,5383473.407649587,2429023.8433243455,-140497.0549213279,22.5329074977833,114.026276997672,-8.77845277212532,0.253842015760965,1
2336,train,2206,381673.000470332,1334570473.00047,34,26,1,2,-2399826.7777726143,5383474.398503512,2429020.675591597,-141069.79711005586,22.5329049973907,114.026276101852,-8.66161980624218,0.190606008641332,1
2337,train,2206,381674.000472488,1334570474.00047,32,26,1,2,-2399826.130693757,5383475.961962579,2429021.929607721,-141643.9805611218,22.5329025005121,114.026276102315,-8.57714233385577,0.187323575428615,1
2338,train,2206,381675.000473074,1334570475.00047,32,24,1,2,-2399828.404277763,5383477.527624153,2429022.8932849295,-142217.240503972,22.5328996995152,114.026277001143,-8.5367541594257,0.220443159197725,1
2339,train,2206,381676.000477581,1334570476.00048,33,23,1,2,-2399823.6200140803,5383470.26079079,2429018.587599243,-142796.77429276428,22.5328952967116,114.026278899116,-8.88065405683563,0.492244486137909,1
2340,train,2206,381677.000478243,1334570477.00048,32,24,1,2,-2399835.764010452,5383477.70337698,2429017.950126799,-143361.44597321728,22.5328902999526,114.026278499746,-8.74720906179982,0.395191375028268,1
2341,train,2206,381678.000480128,1334570478.00048,32,25,1,2,-2399843.897740713,5383481.993320531,2429017.53663916,-143930.2213542486,22.5328837959758,114.026276101852,-8.55341900303059,0.330327686589726,1
2342,train,2206,381679.000481591,1334570479.00048,29,23,1,2,-2399848.6341546737,5383479.957223184,2429012.080249843,-144502.4116550406,22.5328795004802,114.026275596419,-8.53408021302261,0.242092809420181,1
2343,train,2206,381680.000482703,1334570480.00048,29,21,1,2,-2399851.0935560903,5383475.874265246,2429006.049535592,-145076.9767546741,22.5328751028111,114.026276499309,-8.87384714711053,0.31188638636995,1
2344,train,2206,381681.000483571,1334570481.00048,30,22,1,2,-2399851.8685358865,5383476.344653073,2429006.277405476,-145650.2452768682,22.5328712990275,114.026275996236,-9.21816367842645,0.299633083885204,1
2345,train,2206,381682.000484278,1334570482.00048,28,21,1,2,-2399841.4185159146,5383474.281087117,2429010.7878894564,-146231.6552831419,22.5328675987344,114.026278599185,-9.49602532151653,0.256647246878495,1
2346,train,2206,381683.000484902,1334570483.00048,29,22,1,2,-2399848.5087446943,5383473.026369631,2429005.75412898,-146803.96340691208,22.5328668974341,114.02628240141,-9.76271714368417,0.358154605209916,1
2347,train,2206,381684.000485548,1334570484.00049,29,18,1,3,-2399854.6513679232,5383497.942284156,2429016.783759058,-147357.6930487714,22.5328655981516,114.026284795739,-10.1468008898753,0.331490420892123,1
2348,train,2206,381685.000486375,1334570485.00049,29,20,1,3,-2399840.713952443,5383481.562480695,2429011.3359115543,-147948.22096711182,22.5328654981012,114.026289000126,-10.566197983968,0.387283819342405,1
2349,train,2206,381686.000487642,1334570486.00049,28,20,1,2,-2399842.0042148335,5383478.361697796,2429011.837192879,-148525.12589550996,22.5328626980436,114.026292803829,-10.8366981259826,0.490641494268694,1
2350,train,2206,381687.000489722,1334570487.00049,28,21,1,3,-2399836.9803178404,5383456.827150115,2429006.388108889,-149117.2132263703,22.5328602958084,114.026298203146,-11.0488427476297,0.564287721091553,1
2351,train,2206,381688.000493038,1334570488.00049,29,23,1,3,-2399899.3800369445,5383543.136306805,2429076.7075780965,-149594.05758063422,22.5328562008437,114.026308601308,-10.9839670942438,0.865067130570706,1
2352,train,2206,381689.000497786,1334570489.0005,29,23,1,2,-2399901.1356894067,5383547.581784423,2429080.396154024,-150164.39445903918,22.5328528037458,114.026320005902,-10.893944838811,1.09794124330614,1
2353,train,2206,381689.999503518,1334570489.9995,30,22,1,3,-2399855.4340097136,5383484.844708963,2429017.3163825194,148978.33828954815,22.5328518016907,114.026328799105,-10.7543935868359,0.999021639236158,1
2354,train,2206,381690.999509154,1334570490.99951,29,23,1,3,-2399841.4748387667,5383470.158929986,2429014.285079067,148388.31275567357,22.5328485983702,114.026338394499,-10.3872489394534,1.01827877386509,1
2355,train,2206,381691.999513675,1334570491.99951,30,22,1,2,-2399855.3473680224,5383478.857948611,2429008.8097841283,147822.07631223503,22.5328468983754,114.026347693804,-10.2466503971015,1.03011266996705,1
2356,train,2206,381692.99951675,1334570492.99952,28,22,1,2,-2399855.605506964,5383481.270113289,2429010.4717241265,147249.09889058195,22.5328440973537,114.026354998544,-9.9451760414037,0.775307103631163,1
2357,train,2206,381693.999518638,1334570493.99952,27,19,1,2,-2399861.1171015995,5383488.289610212,2429010.2902919245,146682.98203126923,22.5328433022265,114.026357600523,-9.75655997461617,0.450639798871235,1
2358,train,2206,381694.999519771,1334570494.99952,27,20,1,2,-2399866.3939791876,5383487.185838053,2429002.254952456,146107.5693079424,22.5328438001192,114.026362295154,-9.53729792672767,0.570059353412953,1
2359,train,2206,381695.999520509,1334570495.99952,27,19,1,3,-2399857.939938146,5383455.842172036,2428999.947748986,145511.4489472363,22.5328448006135,114.026371397012,-9.30604858967404,0.878161894392504,1
2360,train,2206,381696.999521093,1334570496.99952,30,20,1,2,-2399855.689546622,5383453.03563007,2429000.325439415,144935.75360458012,22.5328457005938,114.026381091093,-8.99316373696848,1.00817856505297,1
2361,train,2206,381697.99952167,1334570497.99952,27,19,1,2,-2399858.889024696,5383457.324528512,2429000.4847740848,144363.43580443945,22.5328469956658,114.026392294045,-8.74131628668587,1.13982794551503,1
2362,train,2206,381698.999522335,1334570498.99952,29,21,1,2,-2399853.535874659,5383446.935733805,2429006.730323384,143783.84582467517,22.532847698119,114.026403597384,-8.7251376004639,1.10489808125261,1
2363,train,2206,381699.99952316,1334570499.99952,30,20,1,2,-2399856.55760311,5383447.951811306,2429004.9010030283,143211.4668708355,22.532846702158,114.026414894637,-8.78017115514535,1.10386064240575,1
2364,train,2206,381700.999524217,1334570500.99952,29,21,1,2,-2399853.053662195,5383443.028522231,2429006.7151416526,142632.58160935668,22.5328480948462,114.026426498315,-8.67702551707671,1.13962498142039,1
2365,train,2206,381701.999522626,1334570501.99952,29,21,1,2,-2399853.03760592,5383443.661582665,2429009.8896667105,142059.23492388075,22.5328499987077,114.026437394507,-8.65547198366897,1.13529618884257,1
2366,train,2206,381702.999526609,1334570502.99953,27,21,1,2,-2399855.5184563245,5383447.201662354,2429012.735686249,141488.1182014535,22.5328538999513,114.026447897147,-8.61386531847495,1.04268315070963,1
2367,train,2206,381703.999532313,1334570503.99953,26,20,1,2,-2399857.485556132,5383449.442907369,2429009.9074470317,140913.07508886338,22.5328563988829,114.026457595987,-8.54500260585005,1.04242418987155,1
2368,train,2206,381704.999533015,1334570504.99953,26,22,1,3,-2399862.6265214067,5383472.4906983245,2429018.898315089,140358.3123833109,22.5328571008374,114.026468792321,-8.80795788134919,1.07095710040651,1
2369,train,2206,381705.999533807,1334570505.99953,27,21,1,3,-2399858.713436467,5383446.848659966,2429014.117919189,139767.20249501133,22.5328588973728,114.026480292304,-8.42113054068147,1.17865564265604,1
2370,train,2206,381706.999535705,1334570506.99954,27,21,1,3,-2399900.404393795,5383503.8759561675,2429092.7506768783,139274.29583803573,22.5328611005341,114.026492097614,-8.45332567196312,1.08929031543454,1
2371,train,2206,381707.999537617,1334570507.99954,25,19,1,3,-2399861.446145976,5383449.486569551,2429012.59585702,138617.72706459335,22.5328630966256,114.026503300372,-8.59723612244099,1.1076627767324,1
2372,train,2206,381708.999539553,1334570508.99954,24,20,1,2,-2399862.3791255956,5383446.330795826,2429017.437539916,138044.92181428516,22.5328658963433,114.026515094859,-8.67127255456427,1.16942423443238,1
2373,train,2206,381709.999541476,1334570509.99954,25,20,1,2,-2399861.754451279,5383445.976803914,2429012.050364888,137461.3381037796,22.5328700001291,114.02652480082,-8.50107328095769,1.06113343106433,1
2374,train,2206,381710.999542365,1334570510.99954,25,18,1,3,-2399899.525533061,5383501.128195076,2429107.506644656,136974.7420668181,22.5328730013167,114.026535296262,-8.32097920287617,1.05442543761761,1
2375,train,2206,381711.999543073,1334570511.99954,25,19,1,2,-2399899.5210217624,5383492.226815447,2429103.7936547194,136390.77292556773,22.5328740963746,114.026544795137,-8.2400352700689,0.980184709107253,1
2376,train,2206,381712.999546232,1334570512.99955,26,19,1,3,-2399903.107709489,5383508.62320213,2429091.3129886365,135817.87807685597,22.53287320143,114.026553601972,-8.30625633584252,0.830257864847511,1
2377,train,2206,381713.999552077,1334570513.99955,26,22,1,2,-2399905.7868760987,5383502.438888743,2429086.7787286458,135237.22182483107,22.5328735995134,114.026561999914,-8.10455429074379,0.748826235650084,1
2378,train,2206,381714.999553136,1334570514.99955,27,20,1,3,-2399872.716964047,5383453.977274197,2429009.973359438,134587.68146433143,22.532875599537,114.026570099581,-8.12968936924262,0.740919669070216,1
2379,train,2206,381715.999553008,1334570515.99955,27,20,1,2,-2399874.156747407,5383457.561344995,2429012.665368926,134015.71351433545,22.5328787994199,114.026579493884,-7.97137248302098,0.953509032179317,1
2380,train,2206,381716.999552956,1334570516.99955,28,20,1,2,-2399875.801965566,5383461.243960384,2429018.5497140572,133445.43189369788,22.5328832976335,114.026590292991,-7.84372410162506,1.05329400564225,1
2381,train,2206,381717.999553718,1334570517.99955,24,21,1,2,-2399874.3454554216,5383453.409745146,2429014.448742148,132865.39100663364,22.5328865956352,114.0266028948,-7.73503300550363,1.2135908896953,1
2382,train,2206,381718.999559232,1334570518.99956,26,21,1,3,-2399883.5413081404,5383484.08118305,2429019.6861176128,132312.52921563998,22.5328900969637,114.026614192304,-7.75886443246941,1.14215196398408,1
2383,train,2206,381719.999563476,1334570519.99956,25,21,1,2,-2399883.7715312764,5383484.576676132,2429021.9400654533,131739.25795972132,22.5328925024873,114.026626395888,-7.61022102581304,1.22068470082508,1
2384,train,2206,381720.999564124,1334570520.99956,24,20,1,2,-2399884.59363863,5383493.573798751,2429027.2393603134,131171.55344600318,22.5328961952818,114.026637297716,-7.64607197517921,1.17227815580448,1
2385,train,2206,381721.999564511,1334570521.99956,24,21,1,2,-2399884.9410770647,5383483.388363823,2429022.8635686315,130589.86260491092,22.5328998981882,114.026648795464,-7.70283006130003,1.20946342474157,1
2386,train,2206,381722.999564046,1334570522.99956,24,21,1,2,-2399885.8734899936,5383488.618569868,2429022.965699158,130019.32361792585,22.5329035956294,114.026660393401,-7.60670970072731,1.21136450537169,1
2387,train,2206,381723.99957074,1334570523.99957,25,21,1,2,-2399888.4878203925,5383489.862308976,2429024.986637741,129447.16968097354,22.5329067013329,114.026671696208,-7.51449523254803,1.19910779829537,1
2388,train,2206,381724.999570248,1334570524.99957,26,21,1,2,-2399889.1063397583,5383488.283480386,2429026.795428355,128872.97256042366,22.5329076961316,114.026683593982,-7.51108304173885,1.16263946164484,1
2389,train,2206,381725.999570655,1334570525.99957,25,19,1,2,-2399892.596588611,5383490.248661207,2429028.15033367,128301.73478569428,22.5329098989038,114.02669430175,-7.55628291131056,1.10238946114408,1
2390,train,2206,381726.999571159,1334570526.99957,26,20,1,2,-2399895.1617288874,5383492.980841547,2429010.893691064,127712.32534818011,22.5329130963284,114.026704796827,-7.44423138353528,1.1277124118156,1
2391,train,2206,381727.999574923,1334570527.99957,26,18,1,2,-2399896.07345293,5383491.0935754245,2429004.036543447,127130.12201379247,22.5329179952595,114.026714899188,-7.24623611546735,1.13934435949442,1
2392,train,2206,381728.999581804,1334570528.99958,26,19,1,2,-2399895.9658889775,5383482.82768007,2428998.0395254237,126546.4141407465,22.532920398025,114.026726497066,-7.3186423801108,1.20548823684512,1
2393,train,2206,381729.999582459,1334570529.99958,23,19,1,2,-2399900.497971222,5383488.189021563,2429001.76821418,125977.15600572505,22.5329231012715,114.026738193678,-7.34864226777369,1.19002131954623,1
2394,train,2206,381730.999581798,1334570530.99958,23,18,1,2,-2399901.784240459,5383487.10616013,2429001.951348841,125401.62620167954,22.532924798597,114.026749796992,-7.29792300600457,1.20274328251711,1
2395,train,2206,381731.999582219,1334570531.99958,22,18,1,3,-2399895.440436841,5383453.478019606,2429004.534445485,124808.42506633577,22.5329284004598,114.026762090562,-7.09813329926915,1.26155434626249,1
2396,train,2206,381732.99958252,1334570532.99958,25,17,1,2,-2399897.447789905,5383451.59136969,2429002.8116172827,124233.61557161834,22.5329311939479,114.026773988925,-6.9669778093993,1.25049044341779,1
2397,train,2206,381733.999583106,1334570533.99958,26,17,1,2,-2399898.4040415343,5383456.553538862,2429000.488800573,123660.49082187095,22.5329332002947,114.026786098762,-6.97530835221929,1.1719541680282,1
2398,train,2206,381734.999585071,1334570534.99959,23,19,1,2,-2399890.8686562367,5383444.83688952,2428998.4499694826,123075.75607942358,22.5329332979994,114.026798098938,-6.99614615591719,1.18671941174318,1
2399,train,2206,381735.999589907,1334570535.99959,24,17,1,3,-2399940.7683546026,5383557.344100566,2429084.9142702008,122627.16033325248,22.5329339021378,114.026809494561,-6.92772745857056,1.16977489607245,1
2400,train,2206,381736.99959598,1334570536.9996,24,17,1,3,-2399917.0706005907,5383475.136234337,2429003.1467022025,121956.30197096444,22.5329342008759,114.026822000377,-6.88220878385538,1.23087367736445,1
2401,train,2206,381737.999599593,1334570537.9996,24,17,1,3,-2399920.1157738883,5383499.75051951,2429015.7385030393,121401.05256198911,22.5329338987653,114.026833799829,-6.77018706492797,1.20234541596134,1
2402,train,2206,381738.999600951,1334570538.9996,25,17,1,2,-2399918.795530105,5383499.403786051,2429017.49536025,120826.71392682282,22.5329374022883,114.026847495151,-6.50767189386331,1.29808505083946,1
2403,train,2206,381739.999601532,1334570539.9996,21,17,1,2,-2399917.5106064044,5383497.916435046,2429021.372875411,120252.35374182905,22.5329405985846,114.026858699956,-6.4292215731765,1.13962589811318,1
2404,train,2206,381740.999602072,1334570540.9996,22,17,1,2,-2399916.3786580986,5383487.859883766,2429013.092170035,119667.87152562352,22.5329423038755,114.026871995254,-6.23719800530389,1.25027646515577,1
2405,train,2206,381741.999602877,1334570541.9996,22,17,1,2,-2399915.0467806524,5383489.67867572,2429015.605876447,119094.29279121403,22.5329425974015,114.026884498876,-6.13279104086049,1.18562566563704,1
2406,train,2206,381742.999601663,1334570542.9996,24,17,1,2,-2399915.0076257433,5383487.414846413,2429017.2048204495,118518.98239062646,22.5329438004025,114.026895394983,-6.00240098034621,1.08563222678617,1
2407,train,2206,381743.999609694,1334570543.99961,25,17,1,2,-2399916.9388873344,5383487.49304386,2429018.0939683397,117946.70590915297,22.5329467989621,114.026907897693,-5.82942889299256,1.18493670756928,1
2408,train,2206,381744.99960862,1334570544.99961,26,18,1,2,-2399920.3198071322,5383490.260636647,2429017.945723414,117376.06530193397,22.5329478013203,114.026921090184,-5.73169663946551,1.25523438309253,1
2409,train,2206,381745.99960932,1334570545.99961,25,17,1,3,-2399917.9615627755,5383470.617463937,2429009.598577466,116785.54835630475,22.5329493042837,114.026932694949,-5.50135594655809,1.19774933254327,1
2410,train,2206,381746.999609807,1334570546.99961,24,18,1,2,-2399918.9365009656,5383468.895663421,2429007.8002540995,116210.59505519169,22.5329510020388,114.026944593153,-5.50827015815123,1.19226520031839,1
2411,train,2206,381747.999610619,1334570547.99961,25,18,1,3,-2399936.6446332624,5383471.239686558,2429085.588657693,115683.29119110221,22.5329515975647,114.02695580026,-5.53141150150144,1.134748715982,1
2412,train,2206,381748.999613167,1334570548.99961,26,19,1,3,-2399944.1084087538,5383492.1282071,2429082.3754943577,115122.35858918325,22.5329540036791,114.026966995739,-5.50037085140776,1.11660626108582,1
2413,train,2206,381749.999618574,1334570549.99962,27,17,1,3,-2399947.329003532,5383520.606587951,2429089.386621486,114569.2107138377,22.5329541032821,114.026978700623,-5.37814598798347,1.06943021732617,1
2414,train,2206,381750.999623403,1334570550.99962,28,18,1,3,-2399945.9377108174,5383488.942945481,2429083.7765178527,113972.74828624193,22.5329561006789,114.026989996743,-5.1676542101614,1.06330736038353,1
2415,train,2206,381751.999625413,1334570551.99963,28,18,1,2,-2399947.9493163177,5383490.046276484,2429086.6081512636,113400.89787166603,22.5329580005197,114.027002898223,-5.15810973758652,1.18828661313232,1
2416,train,2206,381752.999626169,1334570552.99963,25,19,1,3,-2399922.9022962907,5383457.83278544,2429008.5161652267,112760.35007072409,22.5329620971703,114.027015097563,-4.96515835588737,1.20016756042029,1
2417,train,2206,381753.999626801,1334570553.99963,24,19,1,3,-2399946.752468903,5383480.095156355,2429081.616622214,112245.21338383063,22.5329637023399,114.027026101342,-4.8299056705092,1.10981359427901,1
2418,train,2206,381754.99962777,1334570554.99963,26,18,1,3,-2399923.9310453036,5383456.691293789,2429007.4341738047,111609.65591029126,22.5329652967557,114.027037197064,-4.84583112763022,1.14593801562589,1
2419,train,2206,381755.999630218,1334570555.99963,23,18,1,3,-2399944.581122601,5383468.814177172,2429083.602254859,111089.12227484417,22.532968497445,114.027049494008,-4.88597883150287,1.16914017632817,1
2420,train,2206,381756.999631656,1334570556.99963,24,17,1,3,-2399924.917086172,5383450.424535003,2429009.1452637077,110448.6406034872,22.5329732007566,114.027061494449,-4.71653494269666,1.17125598815632,1
2421,train,2206,381757.999633581,1334570557.99963,24,18,1,3,-2399953.60866668,5383479.999501958,2429084.1223824136,109935.86391125948,22.5329758044611,114.027074693507,-4.72509462177748,1.2751205821599,1
2422,train,2206,381758.999635495,1334570558.99964,25,18,1,2,-2399954.584619004,5383473.298128965,2429080.8366490235,109356.05109386396,22.5329797966658,114.02708739987,-4.7938919905605,1.26809250292883,1
2423,train,2206,381759.999637418,1334570559.99964,25,18,1,2,-2399954.4351202804,5383468.205039646,2429076.956147779,108776.08501935682,22.532981201972,114.027099396248,-5.0488288693675,1.23123475604545,1
2424,train,2206,381760.999639327,1334570560.99964,25,18,1,2,-2399955.595115918,5383469.213650387,2429076.0595269743,108201.85019035572,22.5329843950673,114.027111096993,-4.96956879265888,1.21071641879704,1
2425,train,2206,381761.999640695,1334570561.99964,22,17,1,2,-2399955.18677157,5383469.701658282,2429072.8756675497,107626.07027584162,22.5329865978371,114.027123193694,-5.07735690477661,1.25535790925659,1
2426,train,2206,381762.999641666,1334570562.99964,24,18,1,2,-2399954.8348281668,5383463.004141269,2429076.2009995454,107047.56325074408,22.5329899011098,114.027135392571,-5.18403238398609,1.30046397743544,1
2427,train,2206,381763.999642397,1334570563.99964,24,18,1,2,-2399957.164884825,5383461.664448668,2429074.9153762795,106474.10258198401,22.5329937964721,114.027147394168,-5.3444254628363,1.28202734271936,1
2428,train,2206,381764.999643028,1334570564.99964,26,19,1,2,-2399958.736099232,5383463.458305933,2429074.999756834,105901.39241419428,22.5329962998434,114.027158491145,-5.4358889449826,1.28492410624266,1
2429,train,2206,381765.999643754,1334570565.99964,25,19,1,2,-2399959.2642433606,5383465.095309074,2429075.341879754,105328.61133854165,22.5329986965263,114.02716949626,-5.51192891193171,1.25180109853433,1
2430,train,2206,381766.999644932,1334570566.99964,24,20,1,2,-2399956.155218069,5383453.36921888,2429079.511171422,104751.39582452309,22.5330012014496,114.027182198972,-5.50462753999307,1.28142444209358,1
2431,train,2206,381767.999647154,1334570567.99965,24,19,1,2,-2399955.6168917427,5383454.95328182,2429080.4460062245,104175.88285345814,22.5330042017299,114.02719488974,-5.5486574476857,1.28033556043356,1
2432,train,2206,381768.99965106,1334570568.99965,24,18,1,2,-2399957.598089862,5383457.746605617,2429081.063381205,103603.87431003505,22.533006904579,114.027205796302,-5.60723703003059,1.20187615248223,1
2433,train,2206,381769.999656513,1334570569.99966,24,19,1,2,-2399958.7770592733,5383453.944406321,2429078.360757948,103027.74446432632,22.5330098015071,114.027217093794,-5.59242263353843,1.2185228140057,1
2434,train,2206,381770.999661985,1334570570.99966,25,18,1,3,-2399960.286663982,5383484.709624663,2429089.6507018707,102476.07906327349,22.5330130959968,114.027229997978,-5.37051463538248,1.27870108447997,1
2435,train,2206,381771.999665933,1334570571.99967,25,19,1,2,-2399964.408039155,5383491.952019381,2429092.191882002,101907.7236323313,22.5330169015048,114.027242493199,-5.36591893792045,1.28846695223045,1
2436,train,2206,381772.999668188,1334570572.99967,23,19,1,3,-2399962.0980347586,5383432.583002801,2429052.3273704527,101281.48020425717,22.5330202033347,114.02725459488,-5.60788428421529,1.30042714985268,1
2437,train,2206,381773.999669385,1334570573.99967,24,16,1,3,-2399960.9349505743,5383450.677599712,2429099.9006903935,100733.68139657042,22.5330240021805,114.027267293492,-5.61719346736278,1.32913875967421,1
2438,train,2206,381774.999670122,1334570574.99967,23,17,1,2,-2399958.142696231,5383442.098951485,2429095.7923121504,100153.86229985757,22.533024797743,114.027280693385,-5.62064042796017,1.32332454624346,1
2439,train,2206,381775.999670756,1334570575.99967,25,16,1,2,-2399961.875826337,5383446.550238752,2429095.3282849486,99582.41540868412,22.5330274991927,114.027295596619,-5.85894400829898,1.40367376048976,1
2440,train,2206,381776.999671488,1334570576.99967,24,16,1,2,-2399962.400375565,5383450.772021786,2429097.111287104,99011.89795683429,22.533029199851,114.027309490803,-5.97880374057742,1.36819056055733,1
2441,train,2206,381777.999672456,1334570577.99967,24,18,1,3,-2399956.6869786074,5383394.644569478,2429066.414823345,98389.00831859566,22.5330299971716,114.027323090771,-6.04807901450216,1.38187123951775,1
2442,train,2206,381778.999673818,1334570578.99967,26,20,1,2,-2399964.762784662,5383407.346638292,2429063.524888553,97827.15898483997,22.5330325976168,114.027336899613,-5.98027349559286,1.35349005042447,1
2443,train,2206,381779.999675718,1334570579.99968,25,20,1,2,-2399965.292175252,5383408.879545173,2429066.0144951507,97252.75742069921,22.5330352038556,114.027349497547,-6.11222301599347,1.28425568594459,1
2444,train,2206,381780.999676887,1334570580.99968,25,21,1,3,-2399971.055473296,5383431.742434959,2429061.914275165,96693.0421670963,22.5330371033254,114.027360093547,-6.04769715713441,1.19218323347645,1
2445,train,2206,381781.999677626,1334570581.99968,25,20,1,2,-2399967.725055735,5383416.6711557405,2429070.7867558887,96107.79807503127,22.5330413007104,114.027371192608,-5.77198765180299,1.18251243637278,1
2446,train,2206,381782.999678252,1334570582.99968,25,20,1,2,-2399973.4038023925,5383427.00641191,2429075.9168549515,95545.1781864323,22.5330455936655,114.027381893235,-5.90283569990424,1.17071330335786,1
2447,train,2206,381783.999679354,1334570583.99968,28,18,1,3,-2399956.126673637,5383413.404891998,2429054.5728827016,94945.53842041918,22.5330490952753,114.027392998788,-5.92667451816407,1.18976589891081,1
2448,train,2206,381784.99968225,1334570584.99968,26,20,1,3,-2399968.151152527,5383440.41625758,2429048.77954037,94386.03373641698,22.5330547973526,114.027404899205,-5.30616167664388,1.24578413286206,1
2449,train,2206,381785.999687807,1334570585.99969,27,19,1,2,-2399961.021445178,5383428.823149785,2429052.1932131257,93803.68117978926,22.533065296835,114.027417497841,-4.40567203492558,1.3143320268144,1
2450,train,2206,381786.999692959,1334570586.99969,27,21,1,3,-2399981.4720941326,5383435.334420013,2429065.0125443046,93248.64026987452,22.5330717995815,114.027428494229,-3.33095951499354,1.29402161848642,1
2451,train,2206,381787.99969524,1334570587.9997,27,21,1,2,-2399978.0510299685,5383431.63843873,2429070.5542843016,92670.62491139463,22.5330764018401,114.027438991076,-3.1945852638095,1.2105433810592,1
2452,train,2206,381788.999695929,1334570588.9997,28,21,1,2,-2399979.4418028705,5383430.866127327,2429070.5852668956,92096.41736226293,22.5330819020619,114.027450701578,-2.53587765602689,1.23860255737018,1
2453,train,2206,381789.999696262,1334570589.9997,30,23,1,2,-2399984.013604158,5383426.110321776,2429071.5375278722,91525.13578213478,22.5330872982175,114.027460799163,-2.31647903147844,1.14377162786842,1
2454,train,2206,381790.999696705,1334570590.9997,29,23,1,2,-2399989.3008998716,5383431.854260311,2429070.434340548,90954.10975407326,22.5330942973834,114.027471492462,-2.19888564373742,1.17528913135239,1
2455,train,2206,381791.99969603,1334570591.9997,29,24,1,2,-2399988.073428886,5383433.333099285,2429072.314195685,90380.1616913376,22.5330998965592,114.027484496832,-2.13281713034578,1.26753855727411,1
2456,train,2206,381792.999697175,1334570592.9997,27,22,1,2,-2399989.5397250345,5383433.119401039,2429069.8882243475,89804.58193081342,22.5331048992183,114.02749659768,-2.01456354050559,1.25280143259613,1
2457,train,2206,381793.999704071,1334570593.9997,27,21,1,2,-2399984.5975602847,5383426.594255391,2429072.13618038,89224.58792105684,22.5331075983487,114.027508494781,-2.14265023079663,1.23350519123976,1
2458,train,2206,381794.999706821,1334570594.99971,28,23,1,2,-2399986.1298022685,5383420.49608213,2429069.8577221297,88646.66745377955,22.533111794205,114.02752079738,-1.54290825140812,1.31284782970452,1
2459,train,2206,381795.999707415,1334570595.99971,28,22,1,2,-2399996.287874658,5383426.481199214,2429077.275059024,88081.93233249574,22.5331193009613,114.027532193858,-0.248124333993032,1.19490962684495,1
2460,train,2206,381796.999708282,1334570596.99971,29,21,1,2,-2399989.325380185,5383417.133438295,2429080.789117881,87501.12276829887,22.5331265975686,114.027543796285,0.275558961634533,1.13739600297966,1
2461,train,2206,381797.999710174,1334570597.99971,29,22,1,2,-2399995.5163993016,5383420.4964432875,2429078.9837815445,86931.36888574097,22.5331346971091,114.027556094632,1.55823248332567,1.25358491968672,1
2462,train,2206,381798.999712079,1334570598.99971,29,21,1,2,-2400000.4041972184,5383432.65200502,2429085.3507976676,86366.60290170676,22.5331373972906,114.027566897457,1.71959197933937,1.0836107313225,1
2463,train,2206,381799.999713983,1334570599.99971,28,23,1,3,-2399985.2338530957,5383404.65226992,2429067.2852968085,85764.77672407581,22.5331395001623,114.02757859699,1.27574352602011,1.08528390813443,1
2464,train,2206,381800.999714726,1334570600.99971,28,22,1,2,-2399987.784106447,5383407.876581266,2429069.2779643615,85193.93354311578,22.5331429988117,114.027589093383,0.978551004794419,1.16028066672756,1
2465,train,2206,381801.999719004,1334570601.99972,29,21,1,3,-2399976.349737178,5383385.896073494,2429052.3361183456,84589.04451770314,22.5331455969394,114.02760100047,0.718301673488233,1.17605966166975,1
2466,train,2206,381802.999719782,1334570602.99972,30,21,1,3,-2399989.1152295326,5383396.696249212,2429070.036202911,84029.96882497362,22.5331486994718,114.027613792573,0.714827761062467,1.15682774434559,1
2467,train,2206,381803.999721717,1334570603.99972,29,22,1,2,-2399984.213017747,5383402.5183852175,2429071.941762895,83456.85371090782,22.533152101622,114.027626995197,0.816635563520423,1.19522852029843,1
2468,train,2206,381804.99972362,1334570604.99972,29,23,1,2,-2399987.0623912974,5383409.454282851,2429075.659564812,82887.8226151135,22.5331576022613,114.027637295427,1.11253309992134,1.07484193661367,1
2469,train,2206,381805.999725544,1334570605.99973,29,24,1,2,-2399987.6947528473,5383413.298391638,2429078.7307629553,82313.94717080795,22.5331617990023,114.027646695822,1.59192453904852,1.06005614308279,1
2470,train,2206,381806.999727483,1334570606.99973,30,25,1,2,-2399991.0007399293,5383412.945225983,2429075.519716742,81738.77859875899,22.5331662945472,114.027658901038,1.77505931608359,1.17408744811214,1
2471,train,2206,381807.99972938,1334570607.99973,30,23,1,2,-2399988.8461405416,5383413.433533719,2429060.163682968,81156.23025519126,22.5331711953906,114.027670992132,2.07188046998382,1.14015775824664,1
2472,train,2206,381808.999731309,1334570608.99973,30,23,1,2,-2399992.731319987,5383423.000835391,2429063.492857312,80589.4153514588,22.5331728961712,114.0276840966,2.34075938955895,1.14564286747062,1
2473,train,2206,381809.999733216,1334570609.99973,30,24,1,2,-2399997.590155608,5383420.8289822,2429062.6573116225,80015.48382896102,22.5331738032044,114.027696093513,2.3048068827477,1.12303070155983,1
2474,train,2206,381810.999735098,1334570610.99974,30,27,1,2,-2400000.3650645795,5383434.453606398,2429076.8749272353,79455.84559562831,22.5331764003943,114.027709293149,2.26398996168918,1.20106441599366,1
2475,train,2206,381811.999736939,1334570611.99974,31,27,1,2,-2400005.763905956,5383427.242597439,2429075.4311609967,78876.3860075153,22.5331785973401,114.027722898594,2.21780472705956,1.16919638578388,1
2476,train,2206,381812.999738955,1334570612.99974,32,24,1,3,-2399997.451616881,5383412.474799787,2429065.317025128,78286.30679537491,22.5331814007334,114.027734403258,2.46380906836197,1.02570721773942,1
2477,train,2206,381813.999740937,1334570613.99974,31,25,1,2,-2399995.6768518956,5383415.550937083,2429063.738261654,77710.32850314242,22.5331850995163,114.027745298384,2.37934637835682,1.08069274128628,1
2478,train,2206,381814.999742698,1334570614.99974,31,26,1,2,-2400001.419576186,5383421.332091218,2429077.102152852,77148.14228023763,22.5331877016194,114.027756393549,2.57208138822892,1.06477327516435,1
2479,train,2206,381815.999744608,1334570615.99974,32,24,1,2,-2399998.9781635543,5383413.988923759,2429062.9881294915,76563.11936430496,22.5331911961641,114.027765895187,2.69351092329451,0.976844346778832,1
2480,train,2206,381816.999746619,1334570616.99975,31,23,1,3,-2400010.561654057,5383440.993581917,2429080.01968716,76013.20322738003,22.5331977954346,114.027771895491,2.77423635885633,0.825961803436882,1
2481,train,2206,381817.999748516,1334570617.99975,31,22,1,2,-2400002.1799978456,5383426.922928824,2429072.0457596225,75424.20690891845,22.5332035029969,114.027780695621,2.70174941771786,0.921282283055019,1
2482,train,2206,381818.999750411,1334570618.99975,31,23,1,2,-2399995.1272629797,5383431.677624031,2429076.756522644,74853.48122326512,22.5332111007198,114.027790296298,2.77955585651108,1.04592134626288,1
2483,train,2206,381819.999751327,1334570619.99975,30,23,1,2,-2399992.6582301934,5383421.760420949,2429074.2729579797,74272.08259093066,22.5332200973397,114.027797197558,3.01637188269249,1.14611029379772,1
2484,train,2206,381820.999751985,1334570620.99975,31,21,1,2,-2399990.8340946482,5383415.312585679,2429070.6173730814,73692.47352744875,22.5332288017572,114.027799595089,3.08603616562657,0.998469014830244,1
2485,train,2206,381821.999754188,1334570621.99975,30,22,1,3,-2399980.0828211857,5383397.21587893,2429064.128254226,73101.63926207084,22.5332379968017,114.027802300707,3.19951089457269,1.05685346140126,1
2486,train,2206,381822.999759622,1334570622.99976,29,21,1,2,-2399982.4127230067,5383405.605880787,2429068.4037154494,72535.09737239692,22.5332481939541,114.027802703632,3.29089479744017,0.971187559506737,1
2487,train,2206,381823.999762434,1334570623.99976,30,19,1,2,-2399986.2071507457,5383403.345720736,2429068.1430406985,71961.74578845949,22.5332570969527,114.027806395912,3.49802767760423,0.954019211656614,1
2488,train,2206,381824.999763116,1334570624.99976,31,18,1,2,-2399988.566210388,5383400.523572762,2429066.941909095,71384.9801873192,22.5332667944337,114.027809502136,3.83228905379826,1.01396669857932,1
2489,train,2206,381825.999763836,1334570625.99976,33,18,1,2,-2399990.853511865,5383399.181840568,2429066.9722855026,70809.13531405898,22.533274494809,114.027813495823,4.33695723743636,0.936982544854678,1
2490,train,2206,381826.999766202,1334570626.99977,33,20,1,2,-2399992.696715677,5383414.3485816475,2429070.4316432853,70245.73971043836,22.5332831981351,114.027814902352,4.5529919033942,0.956656943374295,1
2491,train,2206,381827.999767694,1334570627.99977,32,20,1,2,-2400005.000535736,5383420.990059038,2429074.12843957,69676.45351923582,22.5332917008255,114.027816200443,4.73902589789703,1.06530110790231,1
2492,train,2206,381828.999769586,1334570628.99977,29,18,1,3,-2399992.0171660148,5383396.154472148,2429070.938323059,69084.8984980818,22.5333040937786,114.02781890366,5.04791675358785,1.22040617819164,1
2493,train,2206,381829.999771515,1334570629.99977,27,18,1,2,-2399999.5185537734,5383410.64284687,2429073.107545296,68520.07641537109,22.5333138012213,114.027820498935,5.49961553948072,1.17714700679263,1
2494,train,2206,381830.999773427,1334570630.99977,27,18,1,2,-2400002.2244661734,5383403.978613807,2429072.137248549,67942.16121406693,22.5333248936409,114.027818301504,5.39634935628072,1.20726212907813,1
2495,train,2206,381831.999774653,1334570631.99977,28,18,1,2,-2400002.7076228335,5383404.256124683,2429073.43497926,67367.33786015496,22.533334496538,114.027816398094,5.40636821537082,0.945562889363945,1
2496,train,2206,381832.999775448,1334570632.99978,30,20,1,2,-2400006.409933109,5383400.649043683,2429073.9681411926,66793.13340360047,22.5333410949229,114.027816599676,5.56069176881265,0.702808717681565,1
2497,train,2206,381833.99977608,1334570633.99978,28,20,1,2,-2400006.795951407,5383398.462804695,2429074.315726319,66217.98543640609,22.5333459010894,114.027816904141,5.70535469968328,0.556494626881581,1
2498,train,2206,381834.999776944,1334570634.99978,27,20,1,2,-2400005.4424067545,5383390.348976182,2429073.0690092607,65638.14444905319,22.5333549017779,114.027817995933,5.61482302799143,0.90475643019954,1
2499,train,2206,381835.999778891,1334570635.99978,27,19,1,2,-2400004.2608924294,5383385.47859099,2429071.972462886,65060.16733113681,22.53336529833,114.027820295455,5.33187980033228,1.07768097894361,1
2500,train,2206,381836.999783061,1334570636.99978,27,18,1,2,-2400001.082190067,5383378.733299881,2429069.711114687,64481.0943303178,22.5333746972977,114.027821901194,5.20570436558844,1.06276559541487,1
2501,train,2206,381837.999788727,1334570637.99979,29,17,1,2,-2400006.5809218474,5383386.139572212,2429081.1836323747,63917.931099046385,22.5333844028132,114.027823398508,5.37864738001572,1.14124362014816,1
2502,train,2206,381838.999792913,1334570638.99979,29,17,1,2,-2400012.356952533,5383390.804796458,2429085.9325440847,63340.56922876987,22.5333961943232,114.027823504907,5.54282213963895,1.20393126504818,1
2503,train,2206,381839.999794873,1334570639.99979,29,19,1,3,-2399997.6501152585,5383385.630985074,2429084.163907431,62758.483285141694,22.53340779472,114.027825598421,5.78146817378292,1.30144870770087,1
2504,train,2206,381840.999795744,1334570640.9998,30,18,1,2,-2399990.1664778134,5383391.347149722,2429088.5108399293,62185.06241032468,22.5334194011298,114.027821604844,5.50712337400837,1.26845404476033,1
2505,train,2206,381841.999796379,1334570641.9998,29,17,1,2,-2399988.4681323357,5383384.2079403885,2429084.051163695,61602.13319437896,22.5334302988551,114.027816001347,5.29928054023398,1.2748726413298,1
2506,train,2206,381842.999797175,1334570642.9998,29,20,1,2,-2399989.81582112,5383373.884298226,2429083.250106781,61026.32579844983,22.5334409980202,114.027811706182,5.1887838329299,1.26967066675487,1
2507,train,2206,381843.999798402,1334570643.9998,28,20,1,2,-2399992.8236576626,5383380.453403392,2429091.1907280223,60459.12187589594,22.5334520992626,114.027809303477,5.04138517620737,1.32010794840175,1
2508,train,2206,381844.9998003,1334570644.9998,27,18,1,3,-2399981.0003427467,5383346.804043794,2429082.11456211,59855.86452164249,22.5334628964077,114.027807704057,4.87604115251927,1.26829898782223,1
2509,train,2206,381845.999802234,1334570645.9998,27,18,1,2,-2399973.890455583,5383351.756282688,2429088.1157658515,59284.51944615648,22.5334754990905,114.027805103165,4.98810362087772,1.33253779086494,1
2510,train,2206,381846.999804157,1334570646.9998,27,18,1,2,-2399973.406956046,5383349.612921969,2429091.2003789824,58709.28320282367,22.5334881957969,114.027802096895,5.18985476261519,1.48059991334348,1
2511,train,2206,381847.999806053,1334570647.99981,27,20,1,2,-2399979.9410403054,5383363.706837813,2429098.120559106,58149.80888730391,22.5334977972238,114.027798905149,4.93670222470868,1.20785690178579,1
2512,train,2206,381848.999807962,1334570648.99981,28,19,1,3,-2399970.7438675715,5383339.695657482,2429091.285314927,57555.92793361452,22.533509196357,114.027797305332,4.76461559068144,1.23754830816572,1
2513,train,2206,381849.999809079,1334570649.99981,27,21,1,2,-2399962.832013028,5383346.131550441,2429089.308584883,56983.14645774031,22.533521198822,114.02779680106,5.12034524809878,1.37930429282712,1
2514,train,2206,381850.999809772,1334570650.99981,27,19,1,3,-2399954.6721876697,5383329.123433445,2429091.1191026503,56395.560024476996,22.5335318950822,114.027790299066,5.29249155795673,1.28120323351012,1
2515,train,2206,381851.999810517,1334570651.99981,26,20,1,3,-2399962.967491947,5383346.217374776,2429089.9679527585,55834.836266745406,22.5335426028291,114.027785497023,5.23190350649132,1.25399128360908,1
2516,train,2206,381852.999812418,1334570652.99981,26,19,1,3,-2399979.147397928,5383358.26003547,2429094.8121153577,55273.679170201955,22.5335535964766,114.027782696202,5.29331564638833,1.2232748434135,1
2517,train,2206,381853.999817061,1334570653.99982,26,21,1,2,-2399971.5249500317,5383345.487010359,2429090.3570396765,54691.63470227454,22.533562994225,114.027780001747,5.32933101366842,1.04518611053228,1
2518,train,2206,381854.999822253,1334570654.99982,30,20,1,2,-2399976.1361497804,5383352.211312806,2429092.1670762897,54123.11408096792,22.5335742972759,114.027780603582,5.76475361985475,1.19856294582078,1
2519,train,2206,381855.999824689,1334570655.99982,28,19,1,2,-2399973.4781298605,5383343.826096218,2429093.3465917706,53542.72855408741,22.5335881941601,114.027779694801,5.62793140821786,1.31116636990899,1
2520,train,2206,381856.999825541,1334570656.99983,27,20,1,2,-2399975.780013342,5383337.486394313,2429095.032323237,52964.992158179695,22.5335997967534,114.027776404836,5.43814518306029,1.21648211454738,1
2521,train,2206,381857.999826155,1334570657.99983,29,22,1,3,-2399992.622343494,5383346.666924142,2429109.1137242783,52407.640312159805,22.5336109028863,114.027774304983,5.13292868662609,1.1920802397279,1
2522,train,2206,381858.99982707,1334570658.99983,31,21,1,2,-2399997.2889134367,5383353.635449334,2429115.91943907,51836.53246691937,22.5336186010348,114.02777890501,5.39024849860406,1.11991286178926,1
2523,train,2206,381859.99982924,1334570659.99983,30,19,1,2,-2399987.9245191547,5383364.548192213,2429122.6539790304,51265.561312295926,22.5336273012934,114.027778006049,5.57583587619774,1.04981034498788,1
2524,train,2206,381860.999830949,1334570660.99983,28,19,1,2,-2399989.0240327977,5383373.05945065,2429120.7148739784,50696.757028105,22.53363630426,114.027775597255,5.75370255573891,0.961114270185991,1
2525,train,2206,381861.999831419,1334570661.99983,29,20,1,3,-2399973.195641601,5383383.547161115,2429116.3142743274,50120.91247327645,22.5336436979213,114.027774505482,6.09491405385559,0.896601317512905,1
2526,train,2206,381862.999833297,1334570662.99983,28,22,1,3,-2399980.1532670287,5383415.010920741,2429129.7019347823,49575.26232039039,22.5336519985558,114.027771304489,6.20710591782944,0.839769502873682,1
2527,train,2206,381863.999838555,1334570663.99984,30,21,1,3,-2399995.072273522,5383437.466519572,2429150.6318391142,49025.4554741578,22.5336591971663,114.027769197175,6.53515632949903,0.759882042812633,1
2528,train,2206,381864.999839839,1334570664.99984,30,17,1,3,-2399969.9401879706,5383429.203940254,2429147.118840273,48439.854280282816,22.5336680955351,114.027769598188,6.63911204424936,0.827933736224554,1
2529,train,2206,381865.99984053,1334570665.99984,31,18,1,2,-2399962.4722505356,5383417.679585716,2429141.0530128414,47857.87562945367,22.5336753984647,114.02776039563,6.80100053435913,0.901628124097356,1
2530,train,2206,381866.999842368,1334570666.99984,30,18,1,2,-2399968.1041725427,5383425.970480277,2429144.5101534356,47287.19120952936,22.5336795974434,114.027752696985,7.3086462906907,0.874302942320749,1
2531,train,2206,381867.999842963,1334570667.99984,29,18,1,3,-2399955.308712571,5383407.103373733,2429120.009909041,46687.96039874606,22.5336805011137,114.027738103313,7.27629657964076,1.00195860068274,1
2532,train,2206,381868.999844978,1334570668.99985,29,18,1,2,-2399948.917493877,5383405.41652276,2429118.7985684564,46109.387129641334,22.533680197718,114.027724301573,7.21123362853886,0.975366518036971,1
2533,train,2206,381869.999851087,1334570669.99985,30,20,1,2,-2399944.1515019457,5383397.414436932,2429115.480616782,45529.64894449618,22.5336773002474,114.027711004045,7.6375890116407,1.14629568325258,1
2534,train,2206,381870.999850094,1334570670.99985,30,21,1,2,-2399942.461094248,5383408.910136543,2429127.456782235,44967.250256406114,22.533671605662,114.027693900023,7.89460156849637,1.28659853363727,1
2535,train,2206,381871.999850868,1334570671.99985,31,23,1,2,-2399948.2237832015,5383413.400985629,2429142.9623166677,44404.84609543376,22.5336709957856,114.027677103379,7.57194713462963,1.36985530573983,1
2536,train,2206,381872.999851416,1334570672.99985,32,22,1,2,-2399952.1022653957,5383414.141873369,2429141.157536495,43832.17125718288,22.5336697972204,114.027661099425,7.37777232397033,1.30687868958674,1
2537,train,2206,381873.999852039,1334570673.99985,29,21,1,2,-2399955.6361118373,5383411.98869749,2429139.6313147657,43256.62117880481,22.5336688002907,114.027648700437,7.13241631838959,1.11427987683559,1
2538,train,2206,381874.999853451,1334570674.99985,30,24,1,2,-2399947.388370222,5383398.8171552215,2429131.9235478197,42669.93367997941,22.533666901696,114.027634300417,6.71544210144087,1.12404154573836,1
2539,train,2206,381875.999856952,1334570675.99986,30,21,1,3,-2399933.472854779,5383382.151181168,2429114.5988446954,42074.86919866451,22.5336635949119,114.0276256036,6.75521548522237,0.94437235137964,1
2540,train,2206,381876.999862575,1334570676.99986,30,20,1,2,-2399932.3549064705,5383390.491492072,2429109.1501543373,41500.3502861078,22.5336614974917,114.027614498553,6.38603530496114,0.911007022885078,1
2541,train,2206,381877.999867215,1334570677.99987,30,22,1,2,-2399933.116108107,5383382.229916586,2429113.155540815,40923.97695546337,22.5336594030457,114.027601601387,6.19352525520759,0.970452447260465,1
2542,train,2206,381878.999869434,1334570678.99987,30,20,1,2,-2399934.448204365,5383391.983568274,2429111.3971182276,40354.32414973942,22.5336557980774,114.027590204265,5.93971526391528,0.9368080109558,1
2543,train,2206,381879.999870376,1334570679.99987,28,23,1,2,-2399931.8224761765,5383392.393352877,2429116.8562395023,39784.58041937376,22.5336520010103,114.027575306747,5.55187418227004,1.03952013769692,1
2544,train,2206,381880.999871025,1334570680.99987,29,23,1,2,-2399932.773769754,5383388.3619597275,2429116.7190033523,39208.19668210435,22.5336490997886,114.02756090026,5.72862315549056,1.06652763025081,1
2545,train,2206,381881.999871828,1334570681.99987,29,22,1,2,-2399932.7462974647,5383395.15017872,2429117.338950486,38637.22721102608,22.5336435006966,114.027549300063,5.9444522850953,1.07328435467636,1
2546,train,2206,381882.999873065,1334570682.99987,27,21,1,2,-2399929.381405099,5383397.458387362,2429119.9443075843,38065.5762214677,22.5336390979547,114.027539199674,5.86180895401209,0.987197179970855,1
2547,train,2206,381883.999874992,1334570683.99988,28,19,1,2,-2399932.8624193943,5383404.36563794,2429115.904598964,37490.9996231292,22.5336355042177,114.027530705959,5.25008495506589,0.869110597592649,1
2548,train,2206,381884.999876896,1334570684.99988,29,20,1,2,-2399929.711185361,5383401.300821965,2429121.6499577994,36920.84941962169,22.533629800147,114.027520595964,4.9850775459542,0.815868017514593,1
2549,train,2206,381885.99987781,1334570685.99988,28,18,1,2,-2399936.0645508263,5383404.133435371,2429105.108779625,36336.95655033478,22.5336262979304,114.027513801221,4.61247258688973,0.497454008238154,1
2550,train,2206,381886.999878492,1334570686.99988,28,18,1,2,-2399935.8806683416,5383412.87358014,2429119.800917828,35776.26986207221,22.5336233024151,114.027509097318,4.63958013017117,0.393248201969487,1
2551,train,2206,381887.999880868,1334570687.99988,29,16,1,2,-2399938.192942519,5383408.716603195,2429109.1861008406,35193.632395905675,22.5336205030972,114.02750819772,4.52558556474951,0.17069965275999,1
2552,train,2206,381888.999886162,1334570688.99989,28,18,1,2,-2399942.529449846,5383409.28608029,2429103.925502581,34615.804061322015,22.5336192029459,114.027505404466,4.66381139945752,0.11705317792584,1
2553,train,2206,381889.999888619,1334570689.99989,29,19,1,3,-2399931.3866135175,5383392.903686293,2429081.7834134614,34018.38311595187,22.53361820456,114.027506299681,4.59365229541887,0.13920953867162,1
2554,train,2206,381890.999889352,1334570690.99989,28,21,1,2,-2399937.450660335,5383406.459459038,2429116.205566954,33473.10487706743,22.5336168010662,114.027503098897,4.74124933788136,0.142909526509489,1
2555,train,2206,381891.999890305,1334570691.99989,27,22,1,2,-2399943.2189429435,5383412.621742486,2429125.5981427035,32907.88725240603,22.5336145952504,114.027495404601,5.12909072644961,0.568771146419221,1
2556,train,2206,381892.999892249,1334570692.99989,28,20,1,2,-2399939.2008154485,5383413.41365618,2429117.7928133607,32328.871454062646,22.5336130981632,114.027483905685,5.20769673620133,0.765334149485318,1
2557,train,2206,381893.999894138,1334570693.99989,28,22,1,2,-2399930.703269299,5383407.654489669,2429126.9146717275,31755.404283738506,22.5336098996579,114.027474600148,5.36208052703743,0.85767444546991,1
2558,train,2206,381894.999894861,1334570694.99989,29,22,1,2,-2399928.2492110534,5383402.747672702,2429123.501192813,31178.071957939028,22.5336064998294,114.027462500657,5.30921856055249,1.11286046088799,1
2559,train,2206,381895.999896369,1334570695.9999,29,23,1,2,-2399929.6115930714,5383399.12700698,2429119.9197691656,30599.1753470337,22.5335999031384,114.027451200409,5.58775459588824,1.1305776659913,1
2560,train,2206,381896.99990143,1334570696.9999,29,20,1,2,-2399930.8838146934,5383409.765860816,2429113.0172115676,30023.38497734577,22.5335951998277,114.027439599387,5.63490091117305,1.13662950596673,1
2561,train,2206,381897.999902977,1334570697.9999,29,21,1,2,-2399924.837344404,5383404.236562566,2429108.9628947238,29445.705312046546,22.53359089959,114.027428200218,5.65013659852491,1.08727727041699,1
2562,train,2206,381898.999903723,1334570698.9999,29,21,1,2,-2399922.9264584216,5383403.74414855,2429107.2514605965,28869.579434077732,22.5335874999048,114.027420397641,5.70159869562192,0.902872138558483,1
2563,train,2206,381899.999905633,1334570699.99991,30,20,1,2,-2399925.226407759,5383405.93827563,2429111.6212103902,28297.816003813336,22.5335867020761,114.027413003536,5.7944946470198,0.785493620705317,1
2564,train,2206,381900.999907543,1334570700.99991,30,21,1,2,-2399924.7464894946,5383403.063211707,2429117.727996325,27725.014119633717,22.5335860983826,114.027405801708,6.00780059763184,0.618535584395702,1
2565,train,2206,381901.999909469,1334570701.99991,30,23,1,2,-2399924.624505388,5383403.14403269,2429115.57786785,27150.676300428262,22.5335839003727,114.027397897192,6.16392036988878,0.720700728735962,1
2566,train,2206,381902.999911382,1334570702.99991,29,21,1,2,-2399925.757564197,5383402.8755428,2429105.4113807827,26570.367407450634,22.5335823014581,114.027391502168,6.48890672898866,0.610395453614349,1
2567,train,2206,381903.999913285,1334570703.99991,29,19,1,2,-2399924.827312548,5383409.004297385,2429107.46852788,26000.860061790114,22.5335801992274,114.027382800741,6.87776174153939,0.620613110564121,1
2568,train,2206,381904.999915212,1334570704.99992,28,21,1,2,-2399928.9682054827,5383411.380955789,2429118.2444504094,25434.630552386367,22.5335794010366,114.02737670127,7.205608567307,0.60120075699481,1
2569,train,2206,381905.99991713,1334570705.99992,27,20,1,2,-2399927.8185891886,5383418.534420865,2429121.7873833724,24865.975052649414,22.5335791006612,114.027370601307,7.31448615149305,0.602416118472855,1
2570,train,2206,381906.999919035,1334570706.99992,27,20,1,3,-2399917.2814721535,5383393.983067649,2429104.631971357,24267.04788939042,22.5335755984277,114.027364802584,7.44293942127977,0.532301212474559,1
2571,train,2206,381907.999920957,1334570707.99992,27,21,1,2,-2399917.8752458226,5383401.021317946,2429109.35743188,23700.028125946385,22.5335735986751,114.027354603839,7.27733494850149,0.791971982971439,1
2572,train,2206,381908.999922863,1334570708.99992,29,20,1,2,-2399921.2198569393,5383404.81333413,2429101.8569738194,23123.957473737904,22.533571302492,114.027345302928,7.5066020721318,0.909614945050698,1
2573,train,2206,381909.999923528,1334570709.99992,28,21,1,2,-2399920.9978782926,5383403.00684397,2429100.2050222545,22548.452403039595,22.5335700038049,114.02733560239,7.76186625399452,0.886443168212781,1
2574,train,2206,381910.999926734,1334570710.99993,27,19,1,2,-2399914.0447323793,5383398.4025156535,2429102.2224423424,21973.342932085503,22.533569802772,114.027322096704,7.90944577889618,1.0795583825618,1
2575,train,2206,381911.999929915,1334570711.99993,28,20,1,2,-2399915.0243317503,5383394.226369354,2429102.899114481,21395.123521175025,22.5335714970495,114.027309805475,7.70773654952423,1.22466052753416,1
2576,train,2206,381912.999930562,1334570712.99993,27,20,1,2,-2399914.817941401,5383393.710541898,2429101.249224949,20820.121556432867,22.5335719970111,114.027298604786,7.54560549985457,1.13008292848407,1
2577,train,2206,381913.999932452,1334570713.99993,28,19,1,2,-2399913.4238275643,5383396.038511666,2429101.376652635,20246.085665701055,22.533567702311,114.02728840395,7.55420443539986,1.13893819013848,1
2578,train,2206,381914.99993438,1334570714.99993,28,19,1,2,-2399907.939239442,5383390.921804562,2429098.372332375,19666.819829764652,22.533561897428,114.027278904458,7.62663126188343,1.11105117937103,1
2579,train,2206,381915.999936283,1334570715.99994,28,19,1,2,-2399908.1894760886,5383398.772655334,2429105.7347510294,19101.890398582815,22.5335564945603,114.027270003482,7.58129833207745,1.04836836514336,1
2580,train,2206,381916.999938204,1334570716.99994,28,19,1,2,-2399913.230004767,5383400.732892231,2429090.5290075764,18518.73698093168,22.533548801215,114.027262599577,7.74805727742544,1.06311573120018,1
2581,train,2206,381917.999940124,1334570717.99994,28,20,1,2,-2399912.605941516,5383398.316922669,2429089.1245379695,17943.175894728054,22.5335416972518,114.027253796242,7.64008021229266,1.12645277191923,1
2582,train,2206,381918.999942022,1334570718.99994,28,18,1,2,-2399906.4504307536,5383396.052260584,2429099.381849167,17373.55308115017,22.5335364024286,114.027243498906,7.29449414450957,1.12286936527947,1
2583,train,2206,381919.999943944,1334570719.99994,30,19,1,2,-2399912.7181014903,5383409.337308512,2429107.008453949,16811.13018239718,22.5335318999401,114.02723230443,7.36631542892832,1.10556392301362,1
2584,train,2206,381920.99994463,1334570720.99994,29,19,1,2,-2399909.657458008,5383404.8261747705,2429104.30036912,16233.315154827927,22.533528300134,114.027222101035,7.46599247588346,1.08123904614783,1
2585,train,2206,381921.999949292,1334570721.99995,29,18,1,2,-2399906.847920762,5383403.631233185,2429103.3770714435,15656.285650910902,22.5335245984062,114.027212900342,7.76249755574811,1.1199303584214,1
2586,train,2206,381922.999949708,1334570722.99995,27,17,1,2,-2399906.3902079486,5383401.2983744405,2429104.072462272,15081.327439947512,22.5335195979524,114.027202297618,7.85504261043363,1.11499467124137,1
2587,train,2206,381923.999950129,1334570723.99995,27,20,1,2,-2399906.9223432676,5383405.911255504,2429098.9340392025,14508.618167786222,22.5335160006444,114.027191500263,7.93838348096482,1.13420383742384,1
2588,train,2206,381924.999954815,1334570724.99995,26,19,1,2,-2399907.2070288267,5383413.825626409,2429104.8817319414,13940.816584448008,22.5335143996577,114.027177798832,7.94555178093148,1.20230465011674,1
2589,train,2206,381925.999955457,1334570725.99996,27,18,1,2,-2399910.429825999,5383417.599752899,2429093.80067881,13362.495109366435,22.5335124960393,114.02716390191,8.62847048851554,1.24809227525228,1
2590,train,2206,381926.999957335,1334570726.99996,24,17,1,2,-2399907.960787657,5383422.94330472,2429091.56968855,12790.373265799417,22.5335090965736,114.02715130354,8.59117846897616,1.22746736676515,1
2591,train,2206,381927.999959258,1334570727.99996,23,18,1,2,-2399905.275935037,5383427.368428444,2429116.523939854,12232.795214297368,22.533504499353,114.027140198344,8.90489320216792,1.23010464007695,1
2592,train,2206,381928.999960996,1334570728.99996,21,16,1,3,-2399907.5388010507,5383448.7871210575,2429115.724615299,11670.653888376353,22.5335009978289,114.02712810533,8.96268119735877,1.27236701561093,1
2593,train,2206,381929.999963097,1334570729.99996,22,17,1,2,-2399907.1273384667,5383455.614397122,2429131.562646481,11107.438233094832,22.5335023046274,114.027115101575,9.79596502638211,1.21567263218795,1
2594,train,2206,381930.999963663,1334570730.99996,23,17,1,2,-2399906.4634210523,5383443.395581612,2429109.495845232,10513.027202582718,22.5334995061475,114.027103099069,9.91662434090132,1.27308120678002,1
2595,train,2206,381931.99996817,1334570731.99997,23,18,1,2,-2399902.7434192155,5383429.236548925,2429120.0438142708,9939.166611937793,22.5334947969804,114.027094198293,9.88184227896695,1.10570605854424,1
2596,train,2206,381932.999968865,1334570732.99997,22,18,1,3,-2399965.5718486146,5383529.681974359,2429188.769586857,9467.14227505683,22.5334930982702,114.02708259637,10.1630090935442,1.11282519104173,1
2597,train,2206,381933.999970762,1334570733.99997,21,16,1,3,-2399893.2213186044,5383438.505287236,2429111.426162677,8788.462895498045,22.5334907977655,114.027073003879,10.1298704985646,0.973768474838823,1
2598,train,2206,381934.999972681,1334570734.99997,24,18,1,3,-2399916.064643291,5383455.247363439,2429130.3786455425,8237.061723523399,22.5334846966769,114.027059098513,9.70204446503011,1.19968770760963,1
2599,train,2206,381935.999974599,1334570735.99997,24,18,1,2,-2399908.9376152996,5383449.04690342,2429123.254540622,7654.08305173697,22.5334806034853,114.027045201141,9.64898736291329,1.38971424724679,1
2600,train,2206,381936.9999765,1334570736.99998,26,18,1,3,-2399887.1216178583,5383420.910386377,2429101.455645109,7048.818673224725,22.5334742961663,114.027031298804,9.49277367008663,1.40829741427239,1
2601,train,2206,381937.999978424,1334570737.99998,23,18,1,2,-2399886.4108647224,5383420.906933782,2429101.483714391,6474.157270758858,22.5334692018287,114.02701769856,9.38595420848039,1.39956184815246,1
2602,train,2206,381938.999980365,1334570738.99998,24,19,1,2,-2399884.9767316016,5383419.918509582,2429106.313999012,5903.222028239919,22.5334641979294,114.027003301284,9.04102137767247,1.3465155272841,1
2603,train,2206,381939.999982274,1334570739.99998,26,21,1,2,-2399882.5598982293,5383419.950138236,2429105.546604051,5326.575454977235,22.533460996063,114.026989700406,8.88835981746997,1.34139295971867,1
2604,train,2206,381940.999984159,1334570740.99998,25,21,1,2,-2399881.1727133836,5383419.824374194,2429103.9517498207,4750.8904638403865,22.5334589012575,114.026975699764,8.88643579905339,1.29817535400087,1
2605,train,2206,381941.999984897,1334570741.99998,25,21,1,2,-2399882.607194423,5383418.130194725,2429101.1670950153,4173.507115864581,22.5334540995282,114.026962796241,8.70674517119781,1.30970502848823,1
2606,train,2206,381942.999989179,1334570742.99999,26,23,1,2,-2399880.5482923286,5383409.489543078,2429102.637358201,3594.7004171720864,22.5334508023536,114.026949396745,8.73869593089097,1.26941309013828,1
2607,train,2206,381943.999989929,1334570743.99999,26,22,1,2,-2399878.7454798846,5383410.980309392,2429098.115267278,3018.9534765107273,22.5334501988437,114.026933199465,9.05894675909592,1.36326449377479,1
2608,train,2206,381944.999991833,1334570744.99999,26,22,1,2,-2399876.8066403843,5383414.52056098,2429100.9194471836,2449.072094965682,22.533448097664,114.026917200787,9.48145837922693,1.30480431264687,1
2609,train,2206,381945.99999374,1334570745.99999,26,21,1,2,-2399873.8573080655,5383409.81664888,2429094.9092507204,1867.758764958248,22.5334474047151,114.026902400538,9.65596948000816,1.33133779894443,1
2610,train,2206,381946.999995648,1334570747.0,28,22,1,3,-2399913.8874588553,5383457.944589068,2429167.274908347,1368.1082497220823,22.5334468013415,114.026888395918,10.1170982678376,1.23312915671676,1
2611,train,2206,381947.99999757,1334570748.0,26,21,1,3,-2399876.790994755,5383417.225809319,2429087.9558399455,718.3141799238621,22.5334444972188,114.02687389777,10.0144777348675,1.30162507482851,1
2612,train,2206,381948.999999494,1334570749.0,26,21,1,2,-2399870.8136983756,5383412.120531285,2429091.7131265253,144.09313481820743,22.533442900157,114.026860200402,10.0101798314892,1.32526556580104,1
2613,train,2206,381950.000001393,1334570750.0,27,23,1,2,-2399869.6343766022,5383414.553698067,2429098.206590125,-424.27825535555513,22.5334419985738,114.026845401009,10.188188112058,1.36979147105126,1
2614,train,2206,381951.000002144,1334570751.0,26,23,1,2,-2399867.9416210824,5383413.215913526,2429097.52636821,-1000.6980724062657,22.5334391026869,114.02683079748,10.6244910066999,1.31783482622341,1
2615,train,2206,381952.000006426,1334570752.00001,26,21,1,2,-2399869.254474837,5383417.258552765,2429075.9851522,-1584.8895462558153,22.5334362012942,114.026817302558,11.0361664073793,1.33296175739918,1
2616,train,2206,381953.000007166,1334570753.00001,26,22,1,2,-2399867.300933561,5383415.604462144,2429091.388961583,-2151.2438162241447,22.5334343971994,114.026803497357,11.5385613601101,1.33424950744655,1
2617,train,2206,381954.000009062,1334570754.00001,26,21,1,2,-2399867.258315942,5383420.793444537,2429077.313203341,-2732.4946140955035,22.5334298998084,114.02679170056,11.4420314850376,1.26032672089146,1
2618,train,2206,381955.000010973,1334570755.00001,28,20,1,2,-2399872.4000922255,5383436.900437229,2429074.4290052564,-3299.659433046615,22.5334254998042,114.026779299987,11.7135385706737,1.3138335206429,1
2619,train,2206,381956.000012899,1334570756.00001,26,21,1,2,-2399865.797521733,5383421.806726678,2429073.780737438,-3881.430128166011,22.5334214976397,114.026765995003,11.3491459076845,1.30931080224847,1
2620,train,2206,381957.000014813,1334570757.00001,26,21,1,2,-2399861.9981152895,5383418.741677282,2429073.4370011264,-4458.503842555664,22.5334167972617,114.026752396798,11.25460765753,1.33580859202064,1
2621,train,2206,381958.000016728,1334570758.00002,28,21,1,2,-2399859.5344469505,5383418.1583274165,2429073.5693049524,-5033.417078038631,22.5334128003159,114.026739600458,11.0532119534689,1.34731881185872,1
2622,train,2206,381959.000018649,1334570759.00002,27,21,1,2,-2399856.485221181,5383421.065405682,2429066.1445563817,-5612.159667642125,22.5334081037936,114.026726099821,10.7775940352015,1.33975313258559,1
2623,train,2206,381960.00002056,1334570760.00002,29,20,1,2,-2399859.5431027394,5383430.228058093,2429068.6976025044,-6179.365979007443,22.5334072957798,114.026712603787,10.7140503965139,1.29233900694368,1
2624,train,2206,381961.000022461,1334570761.00002,29,22,1,2,-2399855.7631474873,5383422.701205575,2429081.448996925,-6750.983803028947,22.5334028965543,114.026700603761,10.2207751121342,1.25426640546634,1
2625,train,2206,381962.000024378,1334570762.00002,29,22,1,2,-2399854.863131648,5383423.808897022,2429081.475590074,-7324.906427516739,22.5333965014897,114.026688601265,9.78266450944598,1.27084427290729,1
2626,train,2206,381963.000026317,1334570763.00003,28,21,1,2,-2399856.083592525,5383426.354042034,2429082.6863321755,-7896.766830140149,22.5333931996943,114.026676497464,9.15566863110823,1.2522563477824,1
2627,train,2206,381964.000028241,1334570764.00003,30,22,1,2,-2399851.7497391985,5383412.186840593,2429078.6309784865,-8481.231285934515,22.5333907010924,114.026663002904,8.57001960014608,1.34838971330253,1
2628,train,2206,381965.000030148,1334570765.00003,29,22,1,2,-2399850.4530629795,5383415.920946465,2429081.268453178,-9052.322613612328,22.5333884979706,114.026649101769,8.18993793860931,1.33381427363067,1
2629,train,2206,381966.00003206,1334570766.00003,29,21,1,2,-2399850.3373211655,5383424.251382485,2429068.3038909356,-9631.14189943144,22.5333837009735,114.026636900322,7.78455463527434,1.29404919651849,1
2630,train,2206,381967.000033979,1334570767.00003,30,23,1,2,-2399846.678057076,5383418.003938343,2429079.4851460685,-10202.051039081243,22.5333808957029,114.026623799624,7.57301727744354,1.34253618961554,1
2631,train,2206,381968.000035882,1334570768.00004,29,22,1,2,-2399848.55296729,5383422.310915037,2429080.2243254525,-10774.11995562271,22.533377796357,114.02661050189,7.3121083783507,1.3747802734778,1
2632,train,2206,381969.000036617,1334570769.00004,27,22,1,2,-2399844.2887591016,5383416.02825562,2429082.7129926276,-11350.298474689194,22.5333752993273,114.026597798868,7.03134895588129,1.2899077140589,1
2633,train,2206,381970.000038146,1334570770.00004,27,21,1,2,-2399841.2192298314,5383415.835866999,2429077.374715061,-11926.33793962392,22.5333724972402,114.026584997579,6.78503963541341,1.36124712713361,1
2634,train,2206,381971.000043215,1334570771.00004,29,24,1,3,-2399006.792031245,5381502.781950973,2427088.0816952605,-14606.664594566586,22.533369795061,114.026571901673,6.59033519625159,1.370021175161,1
2635,train,2206,381972.000044749,1334570772.00004,25,22,1,3,-2399865.669423817,5383442.288082626,2429161.336012626,-13006.307685836944,22.5333659972523,114.026559101712,6.36709526057315,1.34730021560362,1
2636,train,2206,381973.000045488,1334570773.00005,27,22,1,3,-2399837.19414087,5383415.423536268,2429077.7584604644,-13649.849026428414,22.5333615980272,114.026545996382,6.45311193741063,1.28536182201365,1
2637,train,2206,381974.000047391,1334570774.00005,26,22,1,2,-2399838.0313111604,5383423.486368895,2429079.5983528546,-14219.33950751435,22.5333588026311,114.026533004361,6.52598445892771,1.31421420855124,1
2638,train,2206,381975.000049296,1334570775.00005,26,22,1,2,-2399835.4098723545,5383421.830812966,2429077.4554434856,-14795.848014662775,22.5333558020287,114.02651890115,6.47617738457133,1.30788788183497,1
2639,train,2206,381976.000050048,1334570776.00005,28,22,1,2,-2399836.4003745504,5383426.669841181,2429079.162697916,-15366.881351961896,22.5333538966938,114.026505103206,6.248852659824,1.39364096082406,1
2640,train,2206,381977.000054322,1334570777.00005,28,22,1,2,-2399835.054896164,5383426.082246186,2429078.878549988,-15941.1174294771,22.5333509967582,114.026492599118,6.08866818443547,1.31558077091376,1
2641,train,2206,381978.000055069,1334570778.00006,27,23,1,2,-2399836.1340042264,5383428.446019207,2429096.659166581,-16503.510796698713,22.533348301202,114.026480500679,5.74346380237459,1.29609365137066,1
2642,train,2206,381979.000056966,1334570779.00006,28,22,1,2,-2399837.627088979,5383433.0446072435,2429085.9917747458,-17082.551918579014,22.5333438971109,114.026467201506,5.46284876631728,1.42241760975166,1
2643,train,2206,381980.000058901,1334570780.00006,27,20,1,2,-2399832.8077038475,5383433.819350287,2429063.088501508,-17671.4541542824,22.533340698585,114.026454501465,5.34322483656348,1.36085993105283,1
2644,train,2206,381981.000060822,1334570781.00006,28,22,1,2,-2399835.2208604617,5383434.992537415,2429084.8661944736,-18230.98811143773,22.5333391017445,114.026440297235,5.38846018576701,1.40161261989511,1
2645,train,2206,381982.000062722,1334570782.00006,29,24,1,2,-2399829.8425046126,5383436.922345686,2429091.6563154063,-18800.703530735944,22.5333375984682,114.026426300187,5.75054515759325,1.33419877540993,1
2646,train,2206,381983.000064641,1334570783.00006,28,21,1,2,-2399829.006888335,5383436.109554419,2429065.865273752,-19392.040094335985,22.5333351033148,114.026412304803,5.79806849037448,1.33948485588518,1
2647,train,2206,381984.000066554,1334570784.00007,29,22,1,3,-2399843.978880551,5383443.122265536,2429197.231354347,-19875.77107371992,22.5333340004985,114.026398104896,6.02979538855723,1.32713727986805,1
2648,train,2206,381985.00006847,1334570785.00007,29,21,1,3,-2399871.9794357633,5383485.80834342,2429251.022773258,-20391.25858477323,22.5333286019176,114.026384199678,6.30163963742848,1.39167769247765,1
2649,train,2206,381986.000070381,1334570786.00007,29,20,1,3,-2399831.5250431974,5383452.148892121,2429069.929967941,-21104.327950145685,22.5333257989105,114.026370195978,6.77318436485458,1.35171972468519,1
2650,train,2206,381987.000072295,1334570787.00007,29,20,1,2,-2399829.534937123,5383450.151024424,2429064.2019605995,-21682.629552452934,22.5333216010171,114.026357598517,6.81069585246131,1.32896744682755,1
2651,train,2206,381988.00007421,1334570788.00007,29,22,1,2,-2399821.53449991,5383441.312258519,2429087.448612202,-22247.734440286506,22.5333190971527,114.026341997592,7.30677846560019,1.50056672818171,1
2652,train,2206,381989.000076124,1334570789.00008,29,22,1,2,-2399822.2885678783,5383444.2049938645,2429090.6544316313,-22819.28872305756,22.5333184021312,114.026328596119,7.57317314964179,1.36334378985829,1
2653,train,2206,381990.000078039,1334570790.00008,30,21,1,2,-2399813.927439489,5383430.51150806,2429082.880074486,-23404.394342083433,22.5333167008429,114.02631509839,7.73759252394479,1.35756797460527,1
2654,train,2206,381991.000079948,1334570791.00008,30,20,1,2,-2399823.079950809,5383444.735956905,2429071.2139210245,-23979.40695968964,22.5333128988115,114.026302602986,7.95126961399929,1.34020346718446,1
2655,train,2206,381992.000081866,1334570792.00008,29,22,1,2,-2399831.035248511,5383457.89831442,2429098.421357317,-24530.06813943456,22.5333098987155,114.026288896419,8.2092290126774,1.38568051253071,1
2656,train,2206,381993.000083761,1334570793.00008,30,23,1,2,-2399823.553445504,5383447.153192109,2429081.7127720173,-25119.17360815633,22.5333105011526,114.026274000433,8.54164288756635,1.40030718712305,1
2657,train,2206,381994.000085167,1334570794.00009,29,25,1,2,-2399819.2381101935,5383445.591310972,2429075.570302119,-25698.53525085971,22.5333105012856,114.026259903567,8.88605970604767,1.38914635232089,1
2658,train,2206,381995.000087605,1334570795.00009,29,24,1,2,-2399818.5596279344,5383449.336992897,2429076.2039009137,-26271.147441823694,22.5333108959864,114.026245197486,9.17213133604795,1.3802690907701,1
2659,train,2206,381996.000088547,1334570796.00009,31,23,1,2,-2399817.470766714,5383450.957524688,2429076.0503413626,-26844.254339525305,22.5333111999903,114.026230698598,9.36238207879585,1.39913450331162,1
2660,train,2206,381997.000089129,1334570797.00009,31,22,1,2,-2399816.812906644,5383450.029535826,2429065.6954983366,-27424.28373520453,22.5333116994479,114.026217197614,9.46654098004867,1.33138905551865,1
2661,train,2206,381998.000089803,1334570798.00009,31,23,1,2,-2399815.0193447024,5383450.2780296495,2429078.2303920067,-27991.639625264906,22.5333132993346,114.026204197836,9.64495034894529,1.20595230277725,1
2662,train,2206,381999.000091861,1334570799.00009,31,23,1,2,-2399814.5787956757,5383446.977860335,2429078.4605964674,-28567.543337602005,22.533317096083,114.026194601227,9.83720845728926,0.997919113395326,1
2663,train,2206,382000.000097669,1334570800.0001,30,23,1,2,-2399814.8253274346,5383450.998048164,2429079.5834960444,-29138.687238347433,22.5333199022526,114.026189002477,10.0354654314534,0.72466311401886,1
2664,train,2206,382001.000103979,1334570801.0001,30,24,1,2,-2399811.651472193,5383451.801306326,2429077.2169011454,-29712.77904762239,22.5333229023261,114.02618439824,10.2706775988415,0.565628670170708,1
2665,train,2206,382002.000105655,1334570802.00011,30,23,1,2,-2399810.066231023,5383452.725599534,2429079.0862196777,-30285.787190029117,22.5333266028671,114.026181896858,10.2015164494358,0.349394859331984,1
2666,train,2206,382003.000105326,1334570803.00011,30,23,1,2,-2399808.377463033,5383450.045288771,2429069.24102829,-30866.304032219705,22.5333302992939,114.026180196618,9.9585872961389,0.140883142126986,1
2667,train,2206,382004.000104848,1334570804.0001,32,25,1,2,-2399806.553465168,5383440.843727976,2429077.7637408706,-31443.368185466523,22.5333324992034,114.026180103022,9.56190331240088,0.11024573053247,1
2668,train,2206,382005.000105152,1334570805.00011,30,20,1,2,-2399806.748320906,5383431.003199429,2429071.3269982096,-32028.61146155185,22.5333336974065,114.026178696577,9.50564578704223,0.0700665968833152,1
2669,train,2206,382006.000105352,1334570806.00011,31,21,1,2,-2399808.093817202,5383433.312063918,2429080.114053894,-32599.34347901759,22.5333339004491,114.026178098411,9.71760732499918,0.0531134821125439,1
2670,train,2206,382007.000105655,1334570807.00011,32,19,1,2,-2399807.937883099,5383436.767774318,2429074.436910741,-33172.60523890382,22.5333352039539,114.026177401315,9.80808061476608,0.0511397096454283,1
2671,train,2206,382008.000106579,1334570808.00011,31,21,1,2,-2399808.474257881,5383443.357982962,2429073.9869209602,-33742.31125352423,22.5333365036532,114.026176499521,9.93089053574528,0.0485377181155544,1
2672,train,2206,382009.000109159,1334570809.00011,31,19,1,2,-2399807.9546168963,5383449.657857855,2429069.693316492,-34314.77257722575,22.533337001729,114.026175200484,10.2650372000875,0.0586159277022108,1
2673,train,2206,382010.000114257,1334570810.00011,31,21,1,2,-2399808.7190339603,5383461.28134499,2429073.8899177723,-34879.96784890634,22.5333362961203,114.026174398308,10.4037852375329,0.0647491259622233,1
2674,train,2206,382011.00012042,1334570811.00012,30,18,1,2,-2399807.250408178,5383460.005146434,2429073.206904302,-35457.05458434214,22.5333374001278,114.02617399762,10.4535778701902,0.0463640773300854,1
2675,train,2206,382012.000124864,1334570812.00012,31,18,1,2,-2399806.1658609654,5383461.652183074,2429072.866408833,-36030.30596349259,22.533339800103,114.026172902853,10.4810416487803,0.0522259732143465,1
2676,train,2206,382013.000127104,1334570813.00013,32,22,1,2,-2399804.9580521,5383460.162713595,2429075.829479988,-36604.386586119756,22.5333408971262,114.026171595555,10.483130659609,0.100373686915479,1
2677,train,2206,382014.000128147,1334570814.00013,31,22,1,3,-2399804.0791588733,5383441.852457269,2429068.1741984496,-37191.44344621807,22.5333421000825,114.026170300321,10.2690315112129,0.0667043793096324,1
2678,train,2206,382015.000128797,1334570815.00013,32,20,1,2,-2399809.9164606957,5383452.307775636,2429075.3941397555,-37755.96034503803,22.5333413962128,114.026169201854,10.1228921695488,0.114062805575029,1
2679,train,2206,382016.000129458,1334570816.00013,32,24,1,2,-2399808.963957232,5383452.187486425,2429078.8016270665,-38326.50901709111,22.5333409016691,114.026169203331,10.1583242956626,0.0444052864607304,1
2680,train,2206,382017.000130346,1334570817.00013,31,21,1,3,-2399804.338356429,5383435.799938066,2429080.349750176,-38910.9139934162,22.5333419021446,114.026168800379,10.2305147476112,0.0382061375335376,1
2681,train,2206,382018.000131656,1334570818.00013,31,22,1,2,-2399806.4821197214,5383440.144251537,2429079.0268793846,-39479.43793526288,22.5333432973374,114.026168202868,10.2365012573534,0.0346402474747442,1
2682,train,2206,382019.00013357,1334570819.00013,30,21,1,2,-2399807.6810345924,5383435.057546422,2429078.3267151155,-40059.61547993606,22.533346299687,114.026167095804,10.2388756169417,0.0311573824577754,1
2683,train,2206,382020.000135479,1334570820.00014,30,23,1,2,-2399809.2489076573,5383440.277918026,2429082.0494292416,-40628.139073064056,22.5333493986475,114.026165403278,10.1632801522622,0.0409022269490132,1
2684,train,2206,382021.000136601,1334570821.00014,29,24,1,2,-2399810.132390694,5383445.855389238,2429080.250077726,-41197.66610418489,22.5333521979958,114.026164102074,10.0293394958727,0.0319908861916863,1
2685,train,2206,382022.000137264,1334570822.00014,31,24,1,3,-2399810.1301553505,5383465.169480985,2429088.1856956007,-41758.73647439255,22.5333544994865,114.02616319805,9.73340788109289,0.0246804645320878,1
2686,train,2206,382023.000137871,1334570823.00014,29,23,1,2,-2399807.265016727,5383460.756292636,2429084.2457164587,-42338.40320933161,22.5333575993072,114.026162200531,9.54537314466742,0.0238500522855383,1
2687,train,2206,382024.00013946,1334570824.00014,30,24,1,2,-2399806.067088754,5383456.234818338,2429082.4701708094,-42915.57278687842,22.5333586994267,114.026160901696,9.18650180974323,0.0608029700324744,1
2688,train,2206,382025.000144695,1334570825.00014,31,23,1,2,-2399808.9077595086,5383463.194197374,2429082.367783988,-43485.601081165165,22.5333597036004,114.026159701128,9.0698967670899,0.180182354710314,1
2689,train,2206,382026.000152134,1334570826.00015,30,22,1,2,-2399811.431620052,5383465.230894769,2429078.1622994756,-44057.84417124901,22.5333602996503,114.026159997629,8.86900938265831,0.0285281466213086,1
2690,train,2206,382027.000154281,1334570827.00015,28,20,1,2,-2399811.532032893,5383460.747798233,2429074.9885996846,-44636.04757513043,22.5333605038942,114.026160804424,8.64226253251581,0.0216510846382803,1
2691,train,2206,382028.000153581,1334570828.00015,26,21,1,2,-2399812.7653898317,5383464.420486895,2429076.5840259427,-45208.96794164898,22.5333604012434,114.026161100692,8.51831225582812,0.00602800587005217,1
2692,train,2206,382029.000152723,1334570829.00015,28,25,1,2,-2399810.1592894588,5383459.084416262,2429075.17759522,-45787.33356580916,22.5333565011679,114.026161600165,8.54410358846262,0.224103758043921,1
2693,train,2206,382030.000153353,1334570830.00015,31,21,1,3,-2399809.9056372317,5383431.570858593,2429066.9644424045,-46380.30516284456,22.5333543021293,114.026160802827,8.40823180090884,0.177549440529318,1
2694,train,2206,382031.000153832,1334570831.00015,31,17,1,3,-2399812.7462165677,5383455.119036313,2429066.780462396,-46940.84310355395,22.5333545996504,114.026160197926,8.2140562947172,0.0436346742386407,1
2695,train,2206,382032.00015423,1334570832.00015,30,17,1,2,-2399813.612685898,5383453.468737889,2429064.717750112,-47515.15314801224,22.5333553979089,114.026159995967,8.01667007610704,0.0179195776556227,1
2696,train,2206,382033.000154649,1334570833.00015,30,18,1,2,-2399811.524939025,5383451.351435063,2429069.267474215,-48085.91468083807,22.5333535003304,114.026160303537,7.98032020513706,0.157350222221908,1
2697,train,2206,382034.000155274,1334570834.00016,30,20,1,2,-2399813.589571349,5383436.838216706,2429068.0396178165,-48668.46139864366,22.5333530973166,114.02615960032,7.99919619131257,0.0556271544083271,1
2698,train,2206,382035.000156434,1334570835.00016,29,21,1,2,-2399812.864357492,5383432.872252459,2429066.3057407057,-49244.79664432719,22.5333531032811,114.026158999436,7.97674749434832,0.0123002847112413,1
2699,train,2206,382036.000158642,1334570836.00016,28,21,1,2,-2399812.927184371,5383433.2216474665,2429066.2385362023,-49817.94194037917,22.5333530976101,114.026158301991,8.13744221312585,0.0162198066603372,1
2700,train,2206,382037.000162436,1334570837.00016,29,20,1,2,-2399815.324641297,5383434.095835502,2429067.1491094325,-50389.64530240619,22.5333531022287,114.026157898222,8.34756581188674,0.0232649934423781,1
2701,train,2206,382038.000167852,1334570838.00017,32,18,1,3,-2399818.723853971,5383452.294061406,2429070.346055622,-50950.21232675905,22.5333547008671,114.026157398027,8.19229994544507,0.0818737020101595,1
2702,train,2206,382039.000173884,1334570839.00017,29,22,1,2,-2399806.563038242,5383460.368434429,2429075.7948768702,-51527.78903496347,22.533356500461,114.026156697462,8.0564641506448,0.157287308998883,1
2703,train,2206,382040.000179049,1334570840.00018,29,21,1,2,-2399804.2736823545,5383464.528406732,2429072.256487104,-52104.35733571017,22.5333595995492,114.026154302791,7.98869681385641,0.333192137672399,1
2704,train,2206,382041.000182592,1334570841.00018,29,18,1,3,-2399805.1904224935,5383444.359490044,2429061.8716689185,-52692.87071124966,22.5333600967672,114.026150902517,7.99684014485138,0.349874192183787,1
2705,train,2206,382042.000184707,1334570842.00018,29,18,1,2,-2399808.026535429,5383445.566078239,2429061.0272506033,-53264.52485643027,22.5333601015913,114.026146301762,8.01639459435494,0.409281327558075,1
2706,train,2206,382043.000185928,1334570843.00019,29,20,1,2,-2399808.6143352888,5383445.278463184,2429065.2267740997,-53833.93960992368,22.5333614953125,114.026141698219,7.99410976835326,0.439582276374998,1
2707,train,2206,382044.000186708,1334570844.00019,29,23,1,2,-2399809.119375523,5383450.232837715,2429066.788865541,-54403.915010466124,22.5333639996514,114.026138097828,7.89721708937745,0.458151126396657,1
2708,train,2206,382045.000187335,1334570845.00019,31,21,1,2,-2399813.188432832,5383439.062859993,2429070.839375836,-54985.50337719399,22.5333694047449,114.026131001094,7.6237143196354,0.789389237322537,1
2709,train,2206,382046.00018798,1334570846.00019,30,16,1,2,-2399811.489382915,5383433.800638585,2429069.5256894263,-55561.350536357226,22.533378604366,114.02612749629,7.17772709890814,0.934811747317576,1
2710,train,2206,382047.000188753,1334570847.00019,30,17,1,2,-2399811.608344791,5383434.544417828,2429078.1138699446,-56134.945758977854,22.5333860992726,114.026124998687,7.20485002688837,0.855262783303525,1
2711,train,2206,382048.000189744,1334570848.00019,29,18,1,3,-2399796.661748384,5383422.58595536,2429077.905256063,-56720.142426352824,22.5333954046735,114.026120095576,6.89229467600337,0.94141255428126,1
2712,train,2206,382049.000191062,1334570849.00019,28,15,1,2,-2399797.0503753284,5383432.0116126845,2429088.1360116717,-57291.642316333746,22.5334062018536,114.026113395596,6.693017450891,1.02433122432256,1
2713,train,2206,382050.000193474,1334570850.00019,28,18,1,2,-2399798.1052887733,5383426.745007597,2429093.696938355,-57868.35838552409,22.5334208009247,114.026109896126,6.65067091595314,1.03650445085425,1
2714,train,2206,382051.000194908,1334570851.0002,28,19,1,2,-2399795.3525785245,5383426.478128895,2429095.69428441,-58442.52649073923,22.5334341040318,114.02610630345,6.77412835097006,1.01345133959656,1
2715,train,2206,382052.000195353,1334570852.0002,30,20,1,2,-2399791.2909337105,5383424.043521287,2429094.694818091,-59018.97774326617,22.5334480964528,114.026103603063,6.53615937777799,0.979334390138295,1
2716,train,2206,382053.000197189,1334570853.0002,29,20,1,2,-2399791.085248069,5383427.256508896,2429096.295970419,-59590.76733874278,22.5334612037192,114.026098996584,6.54222447189275,0.897507608783995,1
2717,train,2206,382054.000202403,1334570854.0002,28,17,1,2,-2399796.147861023,5383436.029508253,2429103.413078073,-60158.8249937416,22.5334729007276,114.02609340193,6.79951052980154,0.948004745007655,1
2718,train,2206,382055.000203736,1334570855.0002,27,15,1,2,-2399796.771777321,5383445.19060468,2429108.1739076665,-60725.75647293173,22.5334854020676,114.026090696111,6.66463362593441,0.839162074376589,1
2719,train,2206,382056.000204496,1334570856.0002,26,15,1,2,-2399795.113789732,5383442.787229927,2429109.532488311,-61301.387504072445,22.5335005014692,114.026087596217,6.44701634631618,0.945774929229333,1
2720,train,2206,382057.00020641,1334570857.00021,24,15,1,2,-2399792.8521713116,5383448.1796116475,2429109.688072773,-61872.5556547473,22.5335113053231,114.026083294613,6.4572234889743,0.7861377114991,1
2721,train,2206,382058.000208323,1334570858.00021,26,14,1,3,-2399622.385072288,5383980.752629479,2429266.996638416,-61981.71483768243,22.5335198979006,114.02607920436,6.36091275717625,0.642830394659902,1
2722,train,2206,382059.000210231,1334570859.00021,24,13,1,3,-2399788.706140189,5383453.612811765,2429110.245688921,-63017.51418529196,22.533534303112,114.026072695023,6.1068932323736,1.01244694381384,1
2723,train,2206,382060.000212149,1334570860.00021,24,14,1,3,-2399609.3974279338,5384020.0219326615,2429279.8628365034,-63096.00036075104,22.533547398957,114.026067698521,5.65683786526399,1.05782221028131,1
2724,train,2206,382061.000214048,1334570861.00021,21,13,1,3,-2399792.016228639,5383439.677797573,2429111.4856140125,-64176.409589196635,22.5335604024451,114.02606459998,5.11659509820914,1.05334589340658,1
2725,train,2206,382062.000214787,1334570862.00021,22,14,1,3,-2399786.0791268735,5383457.24941673,2429118.756431237,-64733.77489935388,22.5335727969929,114.026062000086,5.09114345798368,1.08155944444649,1
2726,train,2206,382063.000219087,1334570863.00022,24,14,1,3,-2399595.1211376097,5384055.539850146,2429292.425728497,-64787.19796115963,22.533585200427,114.02605750075,4.9955084490987,1.17766921326156,1
2727,train,2206,382064.000219828,1334570864.00022,24,15,1,3,-2399786.1511701415,5383451.549642041,2429118.225199398,-65888.05053821152,22.533600800366,114.026055500878,4.28415947886699,1.14995582423277,1
2728,train,2206,382065.00022172,1334570865.00022,22,17,1,3,-2399659.506337377,5383976.971911758,2429250.9784644837,-66036.48568058785,22.5336137029195,114.026054598105,4.07351497645013,1.08047210790367,1
2729,train,2206,382066.000222298,1334570866.00022,21,16,1,3,-2399781.335304852,5383458.558781654,2429121.7511288645,-67028.4590523069,22.5336254980249,114.026054394122,4.01498964512233,1.13624754351354,1
2730,train,2206,382067.000227694,1334570867.00023,22,16,1,2,-2399780.374415893,5383460.957565676,2429121.379308003,-67601.45509566194,22.5336337047136,114.026045696077,3.53358136468455,0.922671732856343,1
2731,train,2206,382068.000227472,1334570868.00023,23,16,1,3,-2399784.535543833,5383433.547292912,2429113.3501761146,-68198.36671787301,22.5336441979697,114.026043495691,2.92493414687838,0.934131845650843,1
2732,train,2206,382069.000228162,1334570869.00023,22,16,1,2,-2399788.08125477,5383441.049482755,2429118.6597022726,-68767.46642068334,22.5336543025985,114.026040000009,2.5660658264072,0.962029215999301,1
2733,train,2206,382070.000228666,1334570870.00023,23,17,1,2,-2399782.8334877053,5383441.157246268,2429116.068702235,-69341.80732475693,22.5336644041317,114.026035395991,2.38553657280111,1.1320668266879,1
2734,train,2206,382071.000229836,1334570871.00023,25,18,1,2,-2399781.7760648327,5383442.374227364,2429116.941310109,-69914.96384943818,22.5336779015641,114.026037101491,1.47349271772803,1.26869486990579,1
2735,train,2206,382072.000233669,1334570872.00023,22,19,1,2,-2399780.2349528605,5383451.449144871,2429120.2625010805,-70481.26537770109,22.5336912040313,114.026038295127,0.175060043241822,1.35043910752727,1
2736,train,2206,382073.000239225,1334570873.00024,26,17,1,3,-2399783.0233672163,5383435.4523136765,2429118.465125725,-71067.72980960188,22.5337021051714,114.026034698696,0.135849027207135,1.22754266739209,1
2737,train,2206,382074.000242024,1334570874.00024,25,18,1,3,-2399779.057178655,5383451.213191132,2429122.428980295,-71629.72086193386,22.5337124012822,114.026030698084,0.145953061553113,1.17248970360287,1
2738,train,2206,382075.000242949,1334570875.00024,27,21,1,3,-2399781.7784775635,5383433.556508947,2429120.6660041376,-72215.5002731425,22.5337219036014,114.026029198624,0.138258151407329,1.06384937290766,1
2739,train,2206,382076.000243627,1334570876.00024,29,21,1,2,-2399780.8543548356,5383429.726363395,2429119.8197102016,-72792.35928182396,22.5337318014413,114.026026101949,0.225925102282691,0.975169091243024,1
2740,train,2206,382077.000244707,1334570877.00024,28,22,1,2,-2399778.786127162,5383422.279614532,2429118.2717381464,-73373.05136625734,22.533743299623,114.026026004126,0.377139645689708,1.06006809313822,1
2741,train,2206,382078.000246637,1334570878.00025,27,22,1,2,-2399778.398444893,5383429.113123331,2429117.5130025116,-73955.63203407165,22.5337559016723,114.026024900201,0.599062107832865,1.16370173445831,1
2742,train,2206,382079.000247515,1334570879.00025,28,21,1,2,-2399778.602414799,5383420.936058102,2429121.44249275,-74537.31840616131,22.5337672980029,114.026025603274,0.657333460334727,1.10329186705413,1
2743,train,2206,382080.000248227,1334570880.00025,27,21,1,2,-2399779.2186877895,5383428.61816127,2429122.3083925955,-75108.13226449513,22.5337764048288,114.026021400997,0.567275313892797,0.927782802736936,1
2744,train,2206,382081.000251422,1334570881.00025,30,22,1,2,-2399779.153489108,5383430.757038407,2429128.1847440926,-75680.12903525558,22.5337869020057,114.026016298881,0.651655430918331,1.02782595431753,1
2745,train,2206,382082.000257194,1334570882.00026,29,22,1,2,-2399785.201324506,5383434.109825407,2429136.205944962,-76251.37769308858,22.5337961011614,114.026015800236,0.54221529589331,0.890245598513065,1
2746,train,2206,382083.000258239,1334570883.00026,28,19,1,2,-2399784.0416142065,5383433.721935305,2429137.0860866588,-76824.69146646887,22.5338082038786,114.026020396087,0.365074996877863,1.01488996270858,1
2747,train,2206,382084.000258142,1334570884.00026,30,24,1,2,-2399780.741068492,5383426.332015119,2429139.1737180017,-77396.444128728,22.5338134985166,114.026030301473,0.149444658034264,0.984856710133672,1
2748,train,2206,382085.000258065,1334570885.00026,31,24,1,2,-2399782.043674325,5383419.52830822,2429136.3248918205,-77976.79717716454,22.5338179980697,114.026040505246,0.101767435479003,1.06840620216511,1
2749,train,2206,382086.000258978,1334570886.00026,30,20,1,2,-2399789.7424827064,5383431.6954773525,2429153.058876683,-78536.33489818616,22.5338211970323,114.02605319904,-0.298093636917286,1.14931366949354,1
2750,train,2206,382087.000264672,1334570887.00026,29,21,1,2,-2399786.68164373,5383418.550619413,2429137.092820519,-79124.49725367343,22.5338236001944,114.026066204134,-0.498581468161499,1.15783323736145,1
2751,train,2206,382088.000268326,1334570888.00027,29,20,1,2,-2399789.926255931,5383425.153356586,2429149.208475817,-79693.01331210142,22.5338255037491,114.026079307538,-0.563065880262832,1.27053847260047,1
2752,train,2206,382089.000269006,1334570889.00027,29,19,1,2,-2399794.009848477,5383429.850247678,2429157.1558866715,-80261.47326127588,22.533827701186,114.026093300922,-0.695510021949276,1.35334412359069,1
2753,train,2206,382090.000269662,1334570890.00027,30,18,1,2,-2399792.656477538,5383423.49544271,2429154.5779165775,-80840.90206774375,22.5338333977974,114.026106606868,-0.950238631902238,1.33497866867612,1
2754,train,2206,382091.000271982,1334570891.00027,28,20,1,2,-2399792.3731445675,5383416.694437813,2429134.8026602645,-81420.261976826,22.5338379992418,114.026120499632,-1.20242673887448,1.30996451380364,1
2755,train,2206,382092.000273505,1334570892.00027,28,19,1,2,-2399796.9136422374,5383423.499290327,2429143.5062523168,-81988.71594134517,22.5338451039159,114.026134402378,-1.6425639633353,1.31832063883924,1
2756,train,2206,382093.000275412,1334570893.00028,29,19,1,2,-2399798.6955221337,5383423.95554971,2429141.538658041,-82563.3968918499,22.5338512974196,114.026148003755,-1.99609440393196,1.30340305604234,1
2757,train,2206,382094.000277317,1334570894.00028,29,19,1,2,-2399800.1893730713,5383422.864886486,2429142.9180549677,-83136.4464136293,22.5338549985187,114.026159901748,-2.21678552582,1.15585502380875,1
2758,train,2206,382095.000279233,1334570895.00028,29,20,1,2,-2399801.182907205,5383424.50391225,2429137.8183255172,-83707.90166256492,22.5338579983327,114.026169903682,-2.47730011332409,0.987349312783118,1
2759,train,2206,382096.000279983,1334570896.00028,29,20,1,2,-2399801.7202229844,5383424.1224430045,2429142.288356408,-84282.65961334527,22.5338595000427,114.026178900051,-2.51282400646023,0.875325173109121,1
2760,train,2206,382097.000281529,1334570897.00028,30,23,1,2,-2399803.725011688,5383424.524521791,2429138.4772952413,-84855.48076078286,22.5338621034989,114.026190505208,-2.92062946992897,1.07693910282469,1
2761,train,2206,382098.00028659,1334570898.00029,29,21,1,2,-2399805.9973261966,5383428.169506286,2429137.6310397177,-85427.86861598682,22.5338683045068,114.026201403986,-3.11169068329518,1.24023847527986,1
2762,train,2206,382099.00028811,1334570899.00029,28,23,1,2,-2399810.7073055306,5383432.652933031,2429143.0615043784,-85995.3793749827,22.5338697036558,114.026215004286,-3.45913655757942,1.24298852824526,1
2763,train,2206,382100.000288846,1334570900.00029,28,22,1,2,-2399811.70840322,5383433.954244568,2429142.6097553065,-86568.93486212286,22.5338713991111,114.02622890091,-3.60639710021722,1.31855119511914,1
2764,train,2206,382101.000290746,1334570901.00029,28,23,1,2,-2399811.8243558523,5383430.149434463,2429141.8257454652,-87145.18220804336,22.5338724005758,114.026242201102,-3.8945617500908,1.26601427001365,1
2765,train,2206,382102.000292648,1334570902.00029,27,23,1,2,-2399814.209178055,5383434.102421274,2429142.1970922956,-87717.56712398745,22.5338754006779,114.026255605095,-4.07155378800731,1.35638329773448,1
2766,train,2206,382103.000294581,1334570903.00029,26,22,1,2,-2399820.977914842,5383439.189515666,2429147.5300815725,-88285.48911269831,22.5338783039232,114.026269105452,-4.43666845403122,1.3752918431071,1
2767,train,2206,382104.000296502,1334570904.0003,26,22,1,2,-2399820.6014076853,5383435.43900999,2429147.1529632146,-88862.37302423579,22.5338803987907,114.026282407262,-4.52871912053869,1.35401895562118,1
2768,train,2206,382105.000298398,1334570905.0003,28,22,1,2,-2399821.5019439217,5383430.446916422,2429144.2245248714,-89440.10094416974,22.5338830015783,114.026295302053,-4.4718486111881,1.32249774906567,1
2769,train,2206,382106.000300312,1334570906.0003,27,21,1,2,-2399823.6025372404,5383429.1425170135,2429149.1944609177,-90013.2480702085,22.5338863044229,114.026308607591,-4.57578338005745,1.33245121793785,1
2770,train,2206,382107.000302212,1334570907.0003,26,20,1,2,-2399822.4300525147,5383423.404314368,2429147.6944667073,-90591.67362576874,22.5338925051552,114.026322205697,-4.39101092821053,1.39390200003138,1
2771,train,2206,382108.000304025,1334570908.0003,27,24,1,2,-2399832.7449287265,5383437.24960555,2429155.0935523915,-91149.86712181395,22.5338944986336,114.026336505068,-4.23430777348716,1.4091410286401,1
2772,train,2206,382109.000306062,1334570909.00031,27,23,1,2,-2399831.8019697266,5383431.646787049,2429152.6946201543,-91728.82698936087,22.5338961020371,114.026349898891,-4.27087620176003,1.38813606419972,1
2773,train,2206,382110.000308098,1334570910.00031,27,22,1,2,-2399833.581592436,5383429.894934965,2429152.7139310343,-92304.88931911175,22.5339016967961,114.026363602691,-4.03400686752058,1.38931067580466,1
2774,train,2206,382111.000309908,1334570911.00031,28,23,1,2,-2399836.18226434,5383433.266245653,2429154.7133074817,-92876.58267652275,22.5339072048458,114.026376502218,-4.10538794213523,1.41380555389987,1
2775,train,2206,382112.000311807,1334570912.00031,28,22,1,2,-2399837.826064708,5383440.75518201,2429156.5657359418,-93444.93716726772,22.5339128010217,114.026390905754,-3.93683492935447,1.45984043493603,1
2776,train,2206,382113.000313724,1334570913.00031,26,22,1,2,-2399836.981178566,5383436.9699994875,2429156.1992156906,-94021.52485813288,22.5339168983598,114.026404502894,-3.56659245455045,1.41373343058752,1
2777,train,2206,382114.000315637,1334570914.00032,26,22,1,2,-2399837.3676543417,5383437.138966983,2429155.276051676,-94596.6998686357,22.5339169999513,114.026419907732,-3.40871900638263,1.41186145563695,1
2778,train,2206,382115.000317546,1334570915.00032,26,22,1,2,-2399837.428766812,5383433.576334462,2429154.464501154,-95173.1552532488,22.5339184008102,114.026435704652,-3.43013553251706,1.41443494318923,1
2779,train,2206,382116.000319476,1334570916.00032,26,22,1,2,-2399836.479718074,5383421.0210125875,2429154.78240629,-95756.69712968427,22.5339192017108,114.026449899894,-3.00981122668911,1.39898355931043,1
2780,train,2206,382117.000321394,1334570917.00032,26,22,1,2,-2399837.544508571,5383423.25920278,2429151.6637223815,-96328.66344518804,22.5339196998864,114.026464503835,-2.50607009046789,1.41133367190652,1
2781,train,2206,382118.000323288,1334570918.00032,26,21,1,2,-2399839.227947078,5383428.909889519,2429153.6148780733,-96898.29158565281,22.5339218012801,114.026478701266,-1.8563377768958,1.35167156512366,1
2782,train,2206,382119.000325205,1334570919.00033,26,22,1,2,-2399839.920180787,5383426.750702117,2429152.536570237,-97473.60950373986,22.533922401871,114.026493001859,-1.3119748842295,1.38342305256857,1
2783,train,2206,382120.000326782,1334570920.00033,26,22,1,2,-2399841.1690211627,5383427.138316074,2429152.149462441,-98047.65997471436,22.5339239032939,114.026508605371,-0.689964777150235,1.51855295030407,1
2784,train,2206,382121.000328058,1334570921.00033,26,22,1,2,-2399841.037573178,5383423.926557779,2429153.578445914,-98623.82258128804,22.5339257018469,114.026522805211,-0.23303899469029,1.3973608103233,1
2785,train,2206,382122.000329106,1334570922.00033,26,20,1,2,-2399840.384724307,5383419.944942049,2429161.0779028437,-99201.9829764716,22.533927896194,114.026537500293,0.0971605508170053,1.33808600555956,1
2786,train,2206,382123.000329984,1334570923.00033,26,21,1,2,-2399840.192280928,5383414.1500957925,2429156.2059316775,-99780.32244687583,22.533931902167,114.026551499406,0.150089322579135,1.35645758477091,1
2787,train,2206,382124.000330736,1334570924.00033,26,21,1,2,-2399842.84920608,5383418.046952685,2429152.5472604497,-100350.76487693444,22.5339346981758,114.026564600634,0.384934436760359,1.2724345549448,1
2788,train,2206,382125.000331405,1334570925.00033,26,21,1,2,-2399841.588781172,5383421.454742222,2429153.249417239,-100921.97020989451,22.5339384019149,114.026577203038,0.283523284450666,1.10781521484557,1
2789,train,2206,382126.000332042,1334570926.00033,26,21,1,2,-2399843.048998584,5383423.204185692,2429153.15203358,-101495.18496351242,22.5339438017188,114.026585704473,1.16471224408559,0.758519711327811,1
2790,train,2206,382127.000332713,1334570927.00033,26,17,1,2,-2399840.5569531363,5383416.44243583,2429160.748744174,-102074.0463630012,22.5339491041338,114.026594402955,2.33563166745859,0.970430083036334,1
2791,train,2206,382128.000333508,1334570928.00033,26,19,1,2,-2399843.1286198264,5383405.522116694,2429157.5579628753,-102655.05926436832,22.5339464004526,114.026608306503,4.0562045113485,1.27834459085986,1
2792,train,2206,382129.00033456,1334570929.00033,26,19,1,2,-2399840.616373405,5383402.491338916,2429155.250884234,-103233.00083101068,22.5339483012043,114.026618202417,5.13039589108635,1.03607263732689,1
2793,train,2206,382130.00033605,1334570930.00034,26,20,1,2,-2399843.073981967,5383400.251292964,2429156.884387987,-103807.86576248784,22.5339499037055,114.026630305425,6.73530989437503,1.34580641827536,1
2794,train,2206,382131.000338206,1334570931.00034,27,20,1,2,-2399845.3712023753,5383396.213249771,2429156.735180602,-104384.2189169229,22.5339537995817,114.026641601062,7.24040043285368,1.28691773198363,1
2795,train,2206,382132.000341268,1334570932.00034,26,19,1,2,-2399843.4691543244,5383390.85405612,2429155.3845468177,-104962.13955895955,22.5339596053632,114.026654599729,7.5408849465955,1.2915220934892,1
2796,train,2206,382133.000345392,1334570933.00035,26,16,1,2,-2399842.341365513,5383390.544517595,2429157.0079421997,-105537.68894826557,22.5339659996689,114.026665298118,8.62899586448865,1.14074310429538,1
2797,train,2206,382134.000350508,1334570934.00035,26,16,1,2,-2399842.9081244804,5383387.96089533,2429158.371218604,-106113.91333545255,22.5339760990251,114.026677306256,9.29448504059724,1.19717436997286,1
2798,train,2206,382135.000356224,1334570935.00036,24,17,1,2,-2399845.9833288686,5383387.712498501,2429154.0704427874,-106687.50872614115,22.5339834026346,114.026684400716,9.22136515203407,0.865556147617148,1
2799,train,2206,382136.000361896,1334570936.00036,24,19,1,2,-2399849.474394585,5383386.584492911,2429149.8944945657,-107262.14441167124,22.5339890014528,114.026691599838,9.90828645694255,0.931835906599264,1
2800,train,2206,382137.000366898,1334570937.00037,23,18,1,2,-2399850.974729178,5383384.5490599405,2429150.9342872337,-107837.85755180544,22.5339923025258,114.026701205545,9.74752573052522,0.788605829222274,1
2801,val,2206,382138.000370875,1334570938.00037,25,18,1,2,-2399853.016920193,5383386.2934566345,2429151.4606540254,-108410.58779156995,22.5339888968974,114.026710802975,9.84714345659544,0.848017271452873,1
2802,val,2206,382139.000373791,1334570939.00037,25,17,1,2,-2399852.632277058,5383383.710792916,2429153.0130185843,-108986.28658569294,22.5339892038195,114.026719697099,10.7022010943124,0.827052423579429,1
2803,val,2206,382140.000375822,1334570940.00038,25,16,1,2,-2399850.346165851,5383381.671336552,2429154.5211901576,-109562.95983826721,22.5339923019351,114.026731201671,10.6321770735481,1.02929255753046,1
2804,val,2206,382141.000377211,1334570941.00038,25,17,1,2,-2399858.518714026,5383388.935256628,2429150.557786196,-110130.65804806678,22.5339926002927,114.026741900878,10.9933706608204,0.940083742229037,1
2805,val,2206,382142.000378186,1334570942.00038,24,16,1,2,-2399855.966555113,5383387.527994511,2429157.5288243927,-110705.91894371006,22.5339949984062,114.026755707183,11.33734363899,1.29874293070158,1
2806,val,2206,382143.000378922,1334570943.00038,25,14,1,2,-2399845.6710616304,5383388.038300455,2429174.1141720214,-111283.36875280949,22.5339992004603,114.026770006016,11.3536942787535,1.38441373813029,1
2807,val,2206,382144.000379545,1334570944.00038,25,17,1,2,-2399855.6164722107,5383378.989362525,2429152.1584923286,-111860.04608674227,22.5340038037652,114.026781506027,11.531611811785,1.22836866901724,1
2808,val,2206,382145.000380143,1334570945.00038,25,16,1,2,-2399855.866926166,5383378.710751182,2429158.724576928,-112435.28740012771,22.5340129013644,114.026795507741,11.6608806374213,1.37419121759105,1
2809,val,2206,382146.000380777,1334570946.00038,24,13,1,2,-2399866.8962190417,5383388.572285307,2429150.1069678525,-113003.1264305915,22.5340211057117,114.026807802513,11.6917081279713,1.33312398962528,1
2810,val,2206,382147.000381495,1334570947.00038,23,11,1,2,-2399866.4400933003,5383393.962606441,2429170.2492182096,-113570.61083251337,22.5340297038301,114.02682310222,11.604172029249,1.22698906159268,1
2811,val,2206,382148.000382338,1334570948.00038,22,11,1,2,-2399868.3912643385,5383392.598113732,2429173.5525963316,-114144.56510392576,22.5340347995126,114.026841507171,11.0215371567043,1.36227543438005,1
2812,val,2206,382149.000383349,1334570949.00038,24,13,1,3,-2399884.3287010957,5383402.942794941,2429141.803628093,-114710.13500806989,22.5340404958175,114.026859103856,11.1920526222381,1.45497840030569,1
2813,val,2206,382150.000384578,1334570950.00038,24,13,1,2,-2399888.060288015,5383405.025687671,2429149.1229506275,-115278.90969725038,22.5340457959344,114.026876607943,10.2160440275861,1.47522045930943,1
2814,val,2206,382151.000382685,1334570951.00038,25,14,1,2,-2399888.1351790107,5383405.11225697,2429157.8760197395,-115848.73269662325,22.5340510000301,114.026891308049,9.94393883713039,1.32790753948337,1
2815,val,2206,382152.000386957,1334570952.00039,26,13,1,2,-2399891.9674713085,5383413.0940043265,2429192.31959148,-116413.15024398087,22.5340546966178,114.026906506862,9.67231884873373,1.41463073449624,1
2816,val,2206,382153.000392725,1334570953.00039,27,14,1,2,-2399889.5794993443,5383409.108801832,2429199.5521890735,-116989.78342843092,22.5340575023066,114.026923308726,8.56587375910277,1.4723635582722,1
2817,val,2206,382154.000393384,1334570954.00039,25,14,1,2,-2399892.6837230064,5383408.916311114,2429197.4503918216,-117562.99391442756,22.5340614979386,114.026936908676,7.89084428297528,1.2549457622158,1
2818,val,2206,382155.000394172,1334570955.00039,25,15,1,2,-2399892.959769518,5383407.375106268,2429193.225021215,-118140.21749488347,22.5340686001407,114.026950702682,6.9034968868295,1.30263035842141,1
2819,val,2206,382156.000396074,1334570956.0004,28,15,1,2,-2399906.4447796554,5383416.898451591,2429185.778638055,-118701.1282560639,22.5340735003515,114.026962804356,6.64723809537538,1.30584833700735,1
2820,val,2206,382157.000396805,1334570957.0004,26,16,1,2,-2399908.5619858894,5383415.2411886295,2429183.5384856504,-119275.87353667383,22.5340800002961,114.026975406245,5.66670033625175,1.25772165707793,1
2821,val,2206,382158.000398359,1334570958.0004,27,17,1,3,-2399891.0358454785,5383395.283759815,2429158.583387392,-119874.4099484929,22.5340884978221,114.026985805708,5.12619042438435,1.2242322806991,1
2822,val,2206,382159.00040343,1334570959.0004,28,20,1,3,-2399917.8804693636,5383412.811216815,2429175.8761831406,-120422.56703624674,22.5340960964749,114.026998904069,4.86203727301252,1.31136223356179,1
2823,val,2206,382160.00040494,1334570960.0004,27,21,1,3,-2399908.039022004,5383395.782492492,2429167.1030506105,-121012.80141758283,22.5341009975042,114.027014400045,5.12993857186644,1.37140550326599,1
2824,val,2206,382161.000405675,1334570961.00041,27,21,1,2,-2399909.901941458,5383397.867811454,2429169.790575118,-121584.91946993933,22.5341065008867,114.02703040814,4.99459407747843,1.59266108865347,1
2825,val,2206,382162.000407574,1334570962.00041,27,20,1,3,-2399926.490901297,5383417.933295601,2429179.6865271893,-122139.21677276932,22.5341170977104,114.027048011363,4.84881295842283,1.68427236843452,1
2826,val,2206,382163.000409485,1334570963.00041,26,21,1,2,-2399922.466873756,5383414.113318329,2429184.3623794103,-122716.40545250938,22.5341242020583,114.027063610602,4.47394449726963,1.51623105005292,1
2827,val,2206,382164.000411409,1334570964.00041,26,22,1,2,-2399922.7234962247,5383410.756847344,2429183.716535979,-123292.84928095818,22.5341416059349,114.027079708446,3.45084953653394,1.540652557884,1
2828,val,2206,382165.00041332,1334570965.00041,26,21,1,2,-2399925.029855247,5383416.932344975,2429185.9653212023,-123861.94913309463,22.53415870026,114.027097308296,2.86261092189071,1.64216481464424,1
2829,val,2206,382166.00041523,1334570966.00042,26,22,1,2,-2399922.427232394,5383406.24997794,2429178.795009855,-124443.66222279264,22.5341673038432,114.027110905666,2.57813933427979,1.46999411434131,1
2830,val,2206,382167.000416418,1334570967.00042,27,21,1,2,-2399926.823440949,5383414.937304931,2429183.399435482,-125010.8794091745,22.5341717061276,114.027124307338,3.40190569618079,1.32881318371141,1
2831,val,2206,382168.000419066,1334570968.00042,28,18,1,2,-2399930.0785667314,5383419.476691479,2429192.716387031,-125580.88664800515,22.5341828022193,114.027134602337,3.2327715483847,1.33921627262098,1
2832,val,2206,382169.000420759,1334570969.00042,26,19,1,2,-2399927.1615740745,5383407.587603977,2429184.2956305277,-126163.26466202251,22.5341959040881,114.027146806835,2.69229770460086,1.37422402091852,1
2833,val,2206,382170.000422284,1334570970.00042,26,21,1,2,-2399925.6246333797,5383400.914003654,2429179.739127927,-126742.94566450013,22.5342051974112,114.027157803889,2.14806833568668,1.30136775099645,1
2834,val,2206,382171.000423664,1334570971.00042,27,19,1,2,-2399926.9072186947,5383407.053872516,2429184.922519786,-127313.80622869909,22.5342130027751,114.027167600175,1.76624599113248,1.24422223181343,1
2835,val,2206,382172.000424916,1334570972.00042,27,19,1,2,-2399924.62984278,5383404.461093835,2429179.9145637155,-127892.56692579178,22.5342233039253,114.027183504564,1.98367553360132,1.42820773503611,1
2836,val,2206,382173.000426058,1334570973.00043,26,18,1,2,-2399922.4152721683,5383394.249118239,2429183.963308905,-128475.35023450533,22.5342281005083,114.027196204738,1.94801472700371,1.30879547264381,1
2837,val,2206,382174.000427104,1334570974.00043,28,17,1,2,-2399921.5367131024,5383395.064661355,2429185.1637134347,-129048.33094801914,22.5342391026774,114.027207009875,1.78805731426887,1.21749077151673,1
2838,val,2206,382175.000428064,1334570975.00043,26,17,1,2,-2399922.0132557526,5383392.460315457,2429184.1914419057,-129624.470163303,22.5342463999977,114.027221010392,1.63308307129705,1.37684885399217,1
2839,val,2206,382176.000428949,1334570976.00043,26,19,1,2,-2399914.3229585853,5383378.241786571,2429174.1569903796,-130211.56140739495,22.5342523032261,114.027232201247,1.16912982561129,1.2766854697721,1
2840,val,2206,382177.000429769,1334570977.00043,25,19,1,2,-2399913.737061489,5383374.553899569,2429174.872404893,-130788.4149039539,22.5342559054635,114.02724730481,1.07931168076331,1.4510637029765,1
2841,val,2206,382178.000430532,1334570978.00043,26,18,1,2,-2399915.6338036233,5383375.262706138,2429176.0104589616,-131361.3929287301,22.5342617021891,114.027260405816,1.19955777904086,1.42113005496342,1
2842,val,2206,382179.000431249,1334570979.00043,26,17,1,2,-2399924.01693076,5383386.494739647,2429185.889044292,-131924.23959668027,22.5342664034035,114.027274104216,1.46862666844632,1.44882504549796,1
2843,val,2206,382180.000431929,1334570980.00043,27,17,1,2,-2399925.2511562686,5383383.668556057,2429187.3867378966,-132499.43575525653,22.5342728024554,114.027286700753,1.81434546059021,1.41364303381946,1
2844,val,2206,382181.00043258,1334570981.00043,24,17,1,2,-2399920.200920324,5383373.02236607,2429186.197632536,-133081.45602708828,22.5342781025571,114.027299510048,2.348919254239,1.36670839429003,1
2845,val,2206,382182.000433214,1334570982.00043,24,18,1,2,-2399921.103813462,5383360.409849572,2429178.4033041275,-133661.74511668007,22.5342820962007,114.02731180868,2.49110110718309,1.36405760041226,1
2846,val,2206,382183.000433844,1334570983.00043,24,19,1,2,-2399927.7947605345,5383375.701961318,2429181.2968043364,-134223.00968243633,22.5342901043371,114.027320001889,2.83796512327975,1.10761524532257,1
2847,val,2206,382184.000434484,1334570984.00043,24,19,1,2,-2399927.358193476,5383370.679145068,2429186.0277876914,-134802.2938732043,22.534297897955,114.027330008833,2.7540898555349,1.13217498073787,1
2848,val,2206,382185.000435151,1334570985.00044,24,19,1,2,-2399927.5191315035,5383369.876822737,2429184.2218425674,-135376.69016675552,22.5343016988574,114.027341600897,2.99217611351023,1.19818267861254,1
2849,val,2206,382186.000435865,1334570986.00044,24,18,1,2,-2399935.1215125895,5383366.383493153,2429180.2796359723,-135949.48523884555,22.5343059994461,114.027353800652,2.7132533385511,1.27466412788859,1
2850,val,2206,382187.000436648,1334570987.00044,24,19,1,2,-2399932.7570206486,5383368.905136714,2429184.462187943,-136523.59968611525,22.534308596335,114.027368704954,2.54722047623845,1.37975605382854,1
2851,val,2206,382188.000437528,1334570988.00044,25,17,1,2,-2399931.720737676,5383371.371859415,2429187.991397713,-137096.31060995336,22.5343128982027,114.027380004985,2.61250723312869,1.25239794434434,1
2852,val,2206,382189.000438539,1334570989.00044,25,16,1,3,-2399944.037716691,5383383.518811806,2429196.989726796,-137658.1378456591,22.534317902388,114.027389206503,2.36761452313502,1.18120470874938,1
2853,val,2206,382190.000439716,1334570990.00044,25,18,1,3,-2399934.419203419,5383369.419797302,2429188.072700855,-138245.31053182122,22.5343211998811,114.027399602418,1.45878722580259,1.12576116166267,1
2854,val,2206,382191.000441103,1334570991.00044,26,18,1,2,-2399931.3100965414,5383366.4580391925,2429182.869094086,-138825.59322493518,22.5343244967607,114.027413004729,1.45300193308558,1.35675570442855,1
2855,val,2206,382192.000442746,1334570992.00044,25,18,1,2,-2399932.790055864,5383367.848039495,2429177.612219808,-139398.5752560478,22.5343296042893,114.027423107118,1.39982607409818,1.22876703801997,1
2856,val,2206,382193.000444698,1334570993.00044,24,19,1,2,-2399935.123295232,5383358.437926353,2429178.718761476,-139976.95053344296,22.5343352040312,114.02743280996,1.28304765566219,1.15461132858943,1
2857,val,2206,382194.000447011,1334570994.00045,26,19,1,2,-2399938.2822444974,5383358.939543921,2429178.578943558,-140549.9163829794,22.5343388987923,114.0274420069,1.48156513939148,0.984362258381051,1
2858,val,2206,382195.000449736,1334570995.00045,26,20,1,2,-2399941.1656273324,5383366.262076812,2429187.0297149424,-141118.33151589148,22.534351901027,114.02744760275,0.975868298215619,0.913060855276089,1
2859,val,2206,382196.000452917,1334570996.00045,25,18,1,3,-2399957.0127925687,5383385.600408378,2429198.9674526765,-141673.93573356137,22.5343536984626,114.027454098099,1.02303159518548,0.709764378794788,1
2860,val,2206,382197.000456585,1334570997.00046,26,19,1,2,-2399956.7419951437,5383379.800533593,2429193.0835245918,-142252.6276564353,22.5343571015838,114.027457705132,0.754004600864066,0.525608410715012,1
2861,val,2206,382198.00046075,1334570998.00046,27,20,1,3,-2399939.7475322764,5383367.390371482,2429179.615068884,-142853.5109392952,22.5343629018833,114.027457903941,0.670045071722304,0.557054536410351,1
2862,val,2206,382199.000465398,1334570999.00047,26,21,1,2,-2399940.7197520193,5383367.246270073,2429178.5210052566,-143433.7692120363,22.5343662090093,114.027458597685,1.22272699551644,0.699657166666794,1
2863,val,2206,382200.000470478,1334571000.00047,25,20,1,2,-2399943.320764615,5383364.671514996,2429177.4737102226,-144011.26294521848,22.5343722078943,114.027459199231,1.54481008828341,0.731614290026546,1
2864,val,2206,382201.000475907,1334571001.00048,25,22,1,2,-2399941.104828354,5383357.571569392,2429171.403320973,-144593.41305206637,22.5343775999123,114.027462600817,2.0835308855855,0.649466368215976,1
2865,val,2206,382202.000481571,1334571002.00048,26,22,1,2,-2399939.3278782284,5383352.371578272,2429170.5113552893,-145171.42542795412,22.5343855027531,114.027467402321,2.82129499200209,0.786253356914501,1
2866,val,2206,382203.000487332,1334571003.00049,25,22,1,2,-2399941.912910222,5383355.669972377,2429171.9079274866,-145746.84427618576,22.5343905036347,114.027470206354,2.60590835298325,0.700580964627349,1
2867,val,2206,382204.000493043,1334571004.00049,25,21,1,2,-2399936.234056966,5383354.82600408,2429173.1140138013,-146322.05149218332,22.5343887998684,114.027478304899,3.3920126174514,0.695727489143387,1
2868,val,2206,382205.000498562,1334571005.0005,26,18,1,3,-2399953.4124023095,5383375.46991158,2429190.7503870595,-146872.82810137127,22.5343955019566,114.027479601309,3.76668281449582,0.877226076639649,1
2869,val,2206,382206.000503765,1334571006.0005,25,18,1,2,-2399955.9181748373,5383374.1247883085,2429195.301937952,152347.67326580125,22.5344035097835,114.027480898186,3.68571384953353,0.937855862446279,1
2870,val,2206,382207.000508559,1334571007.00051,25,20,1,2,-2399952.6896085166,5383366.557337438,2429192.221491867,151769.22880315242,22.5344146002446,114.027481002564,3.52834976261129,1.04040424512067,1
2871,val,2206,382208.000512884,1334571008.00051,25,19,1,2,-2399953.9544580835,5383366.972355112,2429194.325181045,151196.42302520026,22.5344212111501,114.027484099655,4.46475498013289,1.14655493975757,1
2872,val,2206,382209.000516715,1334571009.00052,24,17,1,2,-2399961.917882446,5383356.714749408,2429196.309728807,150620.4446186892,22.5344311051589,114.027488704136,5.12776340439326,1.30207099461604,1
2873,val,2206,382210.000520052,1334571010.00052,24,16,1,2,-2399965.7469734107,5383367.756260521,2429213.769625916,150061.70384205057,22.5344406051071,114.02748769863,5.2144854362528,1.12653820783338,1
2874,val,2206,382211.000522923,1334571011.00052,23,17,1,2,-2399963.291796649,5383353.525494711,2429198.9396826522,149471.7907173499,22.5344488073558,114.027487995919,5.10233665554544,1.05368340042394,1
2875,val,2206,382211.999525367,1334571011.99953,23,17,1,2,-2399969.71333141,5383364.0125095025,2429206.179735362,148905.69115869768,22.5344554927558,114.02748660053,5.01690013892777,0.944981651958767,1
2876,val,2206,382212.999527433,1334571012.99953,25,17,1,2,-2399971.0110242986,5383366.016730769,2429209.65054898,148333.32230292624,22.5344599938123,114.027484901616,4.78132179736982,0.738189829777254,1
2877,val,2206,382213.999529176,1334571013.99953,22,17,1,2,-2399974.665497334,5383370.037935544,2429213.178517162,147763.60489035203,22.5344662975002,114.027482901661,4.41926793802081,0.728305217285615,1
2878,val,2206,382214.999530646,1334571014.99953,23,19,1,2,-2399966.612731149,5383359.613936318,2429208.658243543,147182.10303155426,22.5344706951048,114.027484000205,4.61543190660393,0.780774258014723,1
2879,val,2206,382215.999531892,1334571015.99953,23,17,1,3,-2399955.53329965,5383345.716741279,2429204.425231177,146593.24961275447,22.5344799968775,114.027483096929,4.58789268380334,1.11452435379706,1
2880,val,2206,382216.999532959,1334571016.99953,23,18,1,3,-2399964.3808093993,5383360.330230411,2429219.7821058272,146037.4184524749,22.5344926999494,114.027481302626,4.38076805452408,1.28246581952246,1
2881,val,2206,382217.999533884,1334571017.99953,25,17,1,2,-2399965.4954052893,5383361.070651424,2429223.8735819757,145465.86755701192,22.5345043977071,114.027477207799,4.1838456383901,1.29464177693057,1
2882,val,2206,382218.999534702,1334571018.99953,25,19,1,2,-2399964.0661881315,5383348.931966965,2429214.5554794287,144880.65135278957,22.5345155919294,114.02747429733,4.1968931848862,1.35649877746875,1
2883,val,2206,382219.999535441,1334571019.99954,25,19,1,2,-2399963.2807725137,5383348.439110828,2429215.567595069,144305.18637403523,22.5345260983492,114.027471701413,3.90826599299163,1.33045208799028,1
2884,val,2206,382220.999536127,1334571020.99954,24,19,1,2,-2399955.8262115563,5383341.761682266,2429211.370071515,143722.50532006155,22.534536390856,114.027471500347,3.71332438149902,1.22108931375047,1
2885,val,2206,382221.99953678,1334571021.99954,24,17,1,3,-2399940.6894452525,5383317.969809112,2429198.4700873657,143124.1688104872,22.5345462954499,114.027471506087,3.61394555153283,1.26716971343713,1
2886,val,2206,382222.999537418,1334571022.99954,26,16,1,2,-2399940.4142831624,5383320.305563145,2429201.297776305,142552.918960642,22.5345553944063,114.027474296746,3.94892344190911,1.15898615451024,1
2887,val,2206,382223.999538055,1334571023.99954,28,15,1,2,-2399940.393555586,5383326.804082827,2429205.563175862,141981.80705384738,22.5345661952215,114.027472604833,3.47211049899517,1.18693911745211,1
2888,val,2206,382224.999538705,1334571024.99954,27,14,1,2,-2399949.3641899275,5383331.8184589185,2429214.7667999775,141417.16956815243,22.5345761929199,114.027469302448,3.65844357981452,1.21061942551677,1
2889,val,2206,382225.99953938,1334571025.99954,26,16,1,2,-2399946.765988723,5383329.102698515,2429216.438025902,140840.14272229836,22.5345871912436,114.027464702805,3.62721488684982,1.30425139584727,1
2890,val,2206,382226.999540088,1334571026.99954,23,16,1,3,-2399952.080798733,5383348.479483068,2429216.7006980674,140284.86029469833,22.534598492588,114.027459706575,3.68499995886464,1.16504421555378,1
2891,val,2206,382227.999540842,1334571027.99954,25,18,1,2,-2399949.882779872,5383339.86925262,2429217.302157798,139702.51134666576,22.5346075969173,114.027454601928,3.81780383505202,0.971784601835934,1
2892,val,2206,382228.999541648,1334571028.99954,25,19,1,2,-2399934.380089469,5383344.255141549,2429219.7905217,139122.6667446144,22.5346148986542,114.027447201153,3.90436338474548,0.986269224367918,1
2893,val,2206,382229.999542516,1334571029.99954,25,17,1,2,-2399932.818049685,5383357.069455059,2429231.9036295665,138560.97403998056,22.5346240955792,114.027442903033,3.83732719370729,1.0373543104084,1
2894,val,2206,382230.999543456,1334571030.99954,24,18,1,2,-2399929.1171309603,5383358.4544790825,2429230.2932259585,137983.0631834796,22.5346333008956,114.027441099456,3.82814113550498,1.03538761336279,1
2895,val,2206,382231.999544478,1334571031.99954,23,19,1,2,-2399929.5389990965,5383365.706132435,2429232.336792637,137411.6638038426,22.5346399973423,114.027435100922,3.66137729145315,0.948472417573213,1
2896,val,2206,382232.999545593,1334571032.99955,22,18,1,2,-2399924.9098043097,5383358.6886252845,2429225.2890535286,136830.61722316328,22.5346458945798,114.02743300587,3.83069130407876,0.723988405430286,1
2897,val,2206,382233.999546814,1334571033.99955,24,19,1,2,-2399915.470357634,5383357.346298889,2429221.7433316577,136247.94605395023,22.5346498972545,114.02743060086,3.21126635559356,0.561762424411166,1
2898,val,2206,382234.999548157,1334571034.99955,24,19,1,2,-2399906.875902639,5383344.059984692,2429218.3414190696,135663.7521263584,22.5346494990382,114.027439401147,4.43477387433491,0.105501555838141,1
2899,val,2206,382235.999549638,1334571035.99955,24,20,1,2,-2399915.028372053,5383355.328788056,2429226.153310509,135102.5268807169,22.5346499977977,114.027448497684,5.28276086514674,0.0834838103643799,1
2900,val,2206,382236.99955128,1334571036.99955,26,20,1,2,-2399912.129961851,5383367.649647074,2429226.324308815,134538.67717902377,22.5346511014272,114.027444605432,5.58825135318291,0.325342860312586,1
2901,val,2206,382237.999548766,1334571037.99955,25,20,1,2,-2399907.896217251,5383362.922350752,2429226.985010291,133963.27137010827,22.534649805179,114.027440200542,5.88481824275302,0.454894716483524,1
2902,val,2206,382238.99955729,1334571038.99956,26,20,1,2,-2399903.6013112594,5383361.517517354,2429229.495345141,133388.22929072336,22.5346507985847,114.027433806816,6.0763942273715,0.84419767949719,1
2903,val,2206,382239.999557034,1334571039.99956,25,21,1,2,-2399902.7940827627,5383359.797027545,2429225.0753810825,132811.08220202485,22.5346448046997,114.027434602428,6.86228778186606,0.709257405813788,1
2904,val,2206,382240.999557118,1334571040.99956,25,20,1,2,-2399902.5351271583,5383362.353261421,2429231.9784664735,132243.32837545435,22.5346397009487,114.027429701645,7.66345532057298,0.807443840419604,1
2905,val,2206,382241.999561182,1334571041.99956,24,21,1,2,-2399902.2232299987,5383361.237708136,2429230.1882670214,131666.98824406156,22.5346378003991,114.02741800444,7.80257047131244,1.01607734122372,1
2906,val,2206,382242.999564297,1334571042.99956,25,21,1,3,-2399912.7824971536,5383397.576083456,2429234.6373581686,131117.37047681081,22.5346398034726,114.027417505723,7.91499885482685,0.534304321884035,1
2907,val,2206,382243.999564716,1334571043.99956,25,22,1,2,-2399910.749896014,5383394.992263262,2429237.722685266,130543.40788035163,22.5346375032402,114.027406008151,8.28381544235463,1.03845297097928,1
2908,val,2206,382244.999566914,1334571044.99957,25,21,1,2,-2399910.249109711,5383406.531552377,2429238.1065047346,129976.64121616133,22.5346357008294,114.027394308994,8.4569713493282,1.16790722047165,1
2909,val,2206,382245.999568544,1334571045.99957,26,21,1,2,-2399905.7706818758,5383405.343862723,2429237.2079628273,129398.47843011962,22.5346338051153,114.027389802351,9.21070873694349,0.631958525321262,1
2910,val,2206,382246.999570448,1334571046.99957,24,22,1,2,-2399906.100928555,5383408.445492474,2429244.8484589327,128825.65254890993,22.5346334029606,114.027388801004,9.64404693287061,0.167947926961782,1
2911,val,2206,382247.999571604,1334571047.99957,25,22,1,2,-2399903.9944435996,5383406.780121717,2429237.644049968,128250.96179846086,22.5346317019685,114.027383101421,9.76657166569502,0.0336750715811471,1
2912,val,2206,382248.999572332,1334571048.99957,24,20,1,3,-2399892.0980603816,5383354.795829766,2429229.7002301193,127637.39190874579,22.5346331011123,114.027382802291,10.1289528623194,0.0469350212851496,1
2913,val,2206,382249.999573022,1334571049.99957,25,20,1,3,-2399904.2851584507,5383403.294230662,2429241.665070042,127099.93322982854,22.5346356993788,114.027383396695,10.7140704751324,0.056232188303557,1
2914,val,2206,382250.999574475,1334571050.99957,25,20,1,2,-2399903.912084607,5383405.512772208,2429244.8640891165,126528.39937471272,22.5346382983651,114.02738540173,11.3668870287147,0.0315246831495414,1
2915,val,2206,382251.999578181,1334571051.99958,25,20,1,2,-2399903.8777027586,5383408.354293053,2429247.634746416,125957.43861134414,22.5346426026233,114.027387198946,11.9585405743085,0.0327305299886865,1
2916,val,2206,382252.999583712,1334571052.99958,26,21,1,2,-2399902.6099519115,5383411.592655951,2429239.0084885815,125382.15630179567,22.5346479016585,114.027388797087,12.1829766654193,0.0447366140788881,1
2917,val,2206,382253.999587425,1334571053.99959,24,19,1,2,-2399903.5322102825,5383412.814137329,2429246.4839087953,124809.69559382966,22.5346505014232,114.027391401482,12.7233433261937,0.0509395441575687,1
2918,val,2206,382254.999588891,1334571054.99959,26,20,1,2,-2399896.3025478683,5383408.859246014,2429239.854826527,124232.33197545676,22.5346534053261,114.027393697484,13.2137880577074,0.0567820710436907,1
2919,val,2206,382255.999589595,1334571055.99959,26,20,1,3,-2399885.383746113,5383368.929641223,2429230.384602827,123627.27372139043,22.5346535043728,114.027392099333,13.3439913335272,0.25564646028268,1
2920,val,2206,382256.999590337,1334571056.99959,25,22,1,2,-2399885.532730442,5383368.3914133385,2429232.4690134996,123054.77001493037,22.5346537979213,114.027386401475,13.677872237252,0.611473707357558,1
2921,val,2206,382257.999591508,1334571057.99959,25,22,1,2,-2399883.3501866683,5383363.406132423,2429229.389124531,122476.58268308111,22.5346492989844,114.027378205427,13.6603496357626,0.932124779378799,1
2922,val,2206,382258.99959344,1334571058.99959,24,21,1,2,-2399888.555587003,5383372.978866923,2429231.773321061,121906.37777326083,22.534647502314,114.027364806379,13.4980403792075,1.15227942410879,1
2923,val,2206,382259.99959536,1334571059.9996,24,19,1,2,-2399886.104578981,5383373.259250067,2429224.0766118094,121328.08646698437,22.5346461964763,114.02734840389,13.061023768515,1.31029030792064,1
2924,val,2206,382260.999597273,1334571060.9996,24,21,1,2,-2399885.4243354825,5383368.199440022,2429228.3645733977,120753.30659062455,22.5346427029283,114.027333803897,12.9105352514325,1.3104283314319,1
2925,val,2206,382261.99959919,1334571061.9996,24,21,1,2,-2399885.028373098,5383368.246303342,2429227.3944689967,120178.48918048978,22.5346381058214,114.027319809025,12.7310646176035,1.39774719571605,1
2926,val,2206,382262.999601098,1334571062.9996,25,20,1,2,-2399885.9904617732,5383372.360299399,2429229.7141635935,119605.95588382233,22.534633205101,114.027304802942,12.4578167656614,1.40729386415141,1
2927,val,2206,382263.999602629,1334571063.9996,24,21,1,2,-2399889.828605439,5383378.984209825,2429236.8227565214,119038.02777326253,22.5346304027835,114.027291499291,12.1853694818539,1.33690835061984,1
2928,val,2206,382264.999604928,1334571064.9996,25,22,1,3,-2399887.2598746936,5383361.145929162,2429230.6535227816,118450.54727502109,22.53462730237,114.027277403396,12.0838984470827,1.35023119584394,1
2929,val,2206,382265.999605555,1334571065.99961,26,22,1,2,-2399885.5069532595,5383361.1781661315,2429230.005548295,117875.48214291809,22.5346247043633,114.027263403785,12.2580277358435,1.39973042556374,1
2930,val,2206,382266.999606342,1334571066.99961,24,22,1,2,-2399879.6320038075,5383349.513234622,2429223.604948455,117291.69148031963,22.534620398432,114.02724910544,12.3139588675326,1.43605872460894,1
2931,val,2206,382267.999610425,1334571067.99961,25,20,1,2,-2399882.772074416,5383365.650339334,2429235.230806554,116722.45895407349,22.5346158006579,114.02723280943,12.2572939965877,1.49148133173424,1
2932,val,2206,382268.999615152,1334571068.99962,25,20,1,2,-2399877.900534487,5383358.374899144,2429232.467398627,116138.3049404517,22.534609901864,114.027216703088,12.1147105435518,1.5244782862655,1
2933,val,2206,382269.999616054,1334571069.99962,25,20,1,2,-2399877.3107336503,5383356.590627144,2429230.205319421,115559.06036531262,22.5346043023603,114.027202701905,12.2575580153862,1.4551630767213,1
2934,val,2206,382270.999616482,1334571070.99962,26,21,1,2,-2399873.222306872,5383354.370601096,2429229.359159266,114981.8037207502,22.5346001013724,114.027188001769,12.1288624097392,1.46966864402249,1
2935,val,2206,382271.999616523,1334571071.99962,25,19,1,2,-2399870.7756096027,5383352.05561889,2429218.169089663,114397.74170374892,22.5345962049206,114.027177006541,11.9658232166344,1.25999544245205,1
2936,val,2206,382272.999621677,1334571072.99962,25,20,1,2,-2399867.5140095623,5383345.620802665,2429217.8632417624,113819.44180594977,22.5345887973311,114.027166499254,12.3199675584714,1.21718644812748,1
2937,val,2206,382273.999622254,1334571073.99962,25,21,1,2,-2399871.3004529034,5383354.316101852,2429226.951777229,113255.03837134212,22.5345840003637,114.027153204358,12.2277121255873,1.3321521719278,1
2938,val,2206,382274.999624136,1334571074.99962,26,19,1,2,-2399869.282924425,5383354.184596945,2429224.4297612207,112678.87551601668,22.5345836036686,114.027140203804,12.2160069780607,1.13958285565426,1
2939,val,2206,382275.999625042,1334571075.99962,20,17,1,3,-2399690.877366989,5383326.167029973,2429265.550047589,112082.06195129892,22.5345850052259,114.027120804498,14.1015882842937,1.68620945808199,1
2940,val,2206,382276.999625693,1334571076.99963,15,13,1,3,-2399863.9431900308,5383353.371810636,2429217.5728435456,111529.981729262,22.5345810984768,114.027103203236,13.5969956115459,1.64159876482567,1
2941,val,2206,382277.999627877,1334571077.99963,16,14,1,2,-2399874.4641658217,5383365.607713181,2429215.264962682,110959.88953177615,22.5345759030956,114.027089806859,13.5407130016927,1.46178273098137,1
2942,val,2206,382278.999633328,1334571078.99963,17,15,1,2,-2399883.766727595,5383376.3338475665,2429214.2314414247,110395.56039012109,22.5345740067319,114.027076901485,13.9946723404461,1.31904491100592,1
2943,val,2206,382279.999636187,1334571079.99964,20,16,1,2,-2399879.911841379,5383374.657866474,2429215.2900185846,109819.75768260765,22.534573399773,114.027061508683,13.744250061098,1.37728208088695,1
2944,val,2206,382280.999636858,1334571080.99964,21,16,1,2,-2399867.958312422,5383372.359013108,2429216.5356057207,109242.10670674873,22.53457050229,114.027048209732,13.8730573818854,1.30373044715438,1
2945,val,2206,382281.999637539,1334571081.99964,19,15,1,3,-2399854.5353574334,5383362.562171096,2429215.1668766094,108659.0304742251,22.5345658036291,114.027037800365,14.2712398205111,1.02468765923963,1
2946,val,2206,382282.999639648,1334571082.99964,19,16,1,2,-2399856.314833732,5383372.919746829,2429223.2197161224,108093.75018793446,22.5345636000312,114.027024903459,14.0843855018297,1.16327083198502,1
2947,val,2206,382283.999641383,1334571083.99964,20,16,1,3,-2399865.338529803,5383387.522780641,2429237.5884644743,107537.85549992355,22.5345603024227,114.027011501486,13.6728561810387,1.16441152856027,1
2948,val,2206,382284.999641771,1334571084.99964,24,19,1,3,-2399861.6458129236,5383365.119359877,2429227.0059456527,106942.56089535402,22.5345562029198,114.026997700279,13.4571414508715,1.15408828195066,1
2949,val,2206,382285.999645488,1334571085.99965,23,19,1,2,-2399858.300016101,5383364.741751871,2429223.2919229,106366.14352045396,22.5345545983528,114.026981606099,13.2564271826962,1.33184620280315,1
2950,val,2206,382286.9996484,1334571086.99965,21,17,1,2,-2399856.979124094,5383363.453314364,2429218.9246099116,105787.49855655902,22.5345521981953,114.026969404319,13.6178512430056,1.20601104203911,1
2951,val,2206,382287.999649062,1334571087.99965,25,20,1,2,-2399857.6863775775,5383378.869677806,2429224.078338081,105221.87859356683,22.5345493976428,114.026954806186,13.645093811024,1.30064349930799,1
2952,val,2206,382288.999650958,1334571088.99965,26,20,1,2,-2399855.1820983444,5383384.873126275,2429225.8559749075,104652.18011329597,22.5345456038613,114.026942700973,13.8358446219288,1.15619959804144,1
2953,val,2206,382289.999652888,1334571089.99965,24,22,1,2,-2399857.2657469427,5383390.007148257,2429226.2205394655,104080.77589177531,22.5345427990506,114.026932405934,14.3990219211173,0.980179803262532,1
2954,val,2206,382290.999654806,1334571090.99965,26,21,1,2,-2399850.8273071754,5383392.670172313,2429226.5753084533,103509.27870914017,22.5345414040346,114.026924404745,14.833885271562,0.575197670204722,1
2955,val,2206,382291.999656695,1334571091.99966,23,22,1,2,-2399856.1339697023,5383400.602686365,2429227.7774278712,102939.03244052659,22.5345386005575,114.026915702034,15.4725852115875,0.527605899367581,1
2956,val,2206,382292.999658629,1334571092.99966,25,23,1,2,-2399852.477670853,5383396.410654927,2429224.9496933566,102361.91617206381,22.534535100448,114.026907007784,16.393781106139,0.696156437324377,1
2957,val,2206,382293.999660557,1334571093.99966,24,22,1,2,-2399849.794052326,5383389.742217851,2429224.372214284,101783.66667648412,22.5345294983299,114.026897797973,16.1745818563085,0.775993645231501,1
2958,val,2206,382294.999662438,1334571094.99966,26,23,1,2,-2399849.124800409,5383392.412011475,2429225.9346620357,101210.9809722656,22.5345300032344,114.026884407196,16.7728261216967,0.922161080764173,1
2959,val,2206,382295.999663171,1334571095.99966,26,23,1,2,-2399847.982321562,5383388.336434296,2429223.981231962,100633.08201276932,22.5345248026489,114.026873505668,17.0025153244519,0.96749165827077,1
2960,val,2206,382296.99966746,1334571096.99967,26,22,1,2,-2399847.4014755203,5383381.925849753,2429221.117595336,100052.1166258151,22.5345205039338,114.026862198389,17.5000886032653,0.989630849249786,1
2961,val,2206,382297.999668212,1334571097.99967,25,22,1,2,-2399845.160791695,5383377.898245801,2429218.3086068253,99473.3652856039,22.5345152989706,114.026850406256,18.1038210373304,1.06040871742897,1
2962,val,2206,382298.999670116,1334571098.99967,25,22,1,2,-2399842.9174033636,5383378.089901626,2429215.974530974,98897.77827029882,22.5345122996466,114.026835004869,18.5964870272662,1.20694249393072,1
2963,val,2206,382299.999672017,1334571099.99967,27,22,1,2,-2399842.3583570872,5383374.712826851,2429213.6555954684,98321.26839165208,22.5345139010025,114.026821101174,19.7293722128996,1.19263628448461,1
2964,val,2206,382300.999673946,1334571100.99967,27,23,1,2,-2399839.4885118348,5383373.803237445,2429212.8534995774,97745.26138055579,22.534509999113,114.026806503505,19.7191071030055,1.14679551305142,1
2965,val,2206,382301.999675866,1334571101.99968,28,23,1,2,-2399839.9193327595,5383378.358807368,2429215.421026292,97172.92614983294,22.5345069003143,114.026790105156,19.2544589258321,1.29630294488506,1
2966,val,2206,382302.999677763,1334571102.99968,26,23,1,2,-2399840.240278473,5383375.804312552,2429214.1404061196,96597.55156871617,22.5345039017336,114.02677640743,19.4702587727505,1.18020864262599,1
2967,val,2206,382303.999679683,1334571103.99968,26,22,1,2,-2399839.732453366,5383373.917385754,2429207.9729224434,96019.04128539274,22.5344990018304,114.026764100656,19.408139209328,1.17450798977226,1
2968,val,2206,382304.999681615,1334571104.99968,25,22,1,2,-2399839.6309917476,5383380.460137745,2429213.7468043854,95451.8017150741,22.5344946020772,114.026751098588,19.7422292201726,1.28162191438934,1
2969,val,2206,382305.99968352,1334571105.99968,26,23,1,2,-2399839.997117925,5383383.436656675,2429215.510642401,94879.04878614402,22.5344917004944,114.026737807751,19.7598434635096,1.19188091843419,1
2970,val,2206,382306.999685427,1334571106.99969,28,23,1,2,-2399840.063785149,5383383.8307311665,2429216.5861836886,94306.3651085217,22.5344845060931,114.026725706904,19.804022790146,1.18274767365486,1
2971,val,2206,382307.999687342,1334571107.99969,26,21,1,2,-2399845.885538084,5383398.982603736,2429215.474454307,93739.05377999786,22.5344787961106,114.026712101452,19.7101380529868,1.23013804827818,1
2972,val,2206,382308.999689147,1334571108.99969,26,21,1,2,-2399843.2828543643,5383398.897608436,2429213.7517160997,93163.13285127339,22.5344716034468,114.026699100206,19.492787768934,1.19658232211422,1
2973,val,2206,382309.999691181,1334571109.99969,27,22,1,2,-2399840.0424361313,5383391.938232124,2429213.6274446114,92584.99227696173,22.5344663042014,114.026687205535,19.0700706898387,1.15631413854261,1
2974,val,2206,382310.999692907,1334571110.99969,26,22,1,2,-2399837.5936904172,5383390.894898003,2429214.1811312526,92009.74330414568,22.5344614055456,114.026675504957,19.3937271786011,1.15261740490934,1
2975,val,2206,382311.999695011,1334571111.9997,25,21,1,2,-2399832.1286453796,5383389.138906475,2429211.8520641834,91432.59478126888,22.5344628985189,114.026661502692,20.4930242759195,1.14056939697076,1
2976,val,2206,382312.999695428,1334571112.9997,25,21,1,2,-2399831.328565569,5383387.781782236,2429209.7645780137,90856.50667679108,22.5344600973528,114.026646804009,21.021402799774,1.29885756095586,1
2977,val,2206,382313.999698851,1334571113.9997,27,21,1,2,-2399830.219369779,5383391.517985585,2429210.606716263,90283.85506021461,22.534456605844,114.026633802051,21.4209751686099,1.19765385957796,1
2978,val,2206,382314.99970224,1334571114.9997,26,22,1,2,-2399833.510739218,5383388.452492113,2429208.1982721817,89706.48811096347,22.5344535957012,114.026622206232,21.329271803605,1.1922252039408,1
2979,val,2206,382315.999702679,1334571115.9997,25,19,1,2,-2399821.719048957,5383383.199782362,2429207.272881418,89127.2455845221,22.5344500975726,114.026608607919,21.4096712824046,1.25797398386195,1
2980,val,2206,382316.999704894,1334571116.9997,26,19,1,2,-2399827.2927878057,5383398.8081756905,2429203.077648073,88559.6724331663,22.5344475020686,114.026595798649,21.6561039188472,1.19387286091713,1
2981,val,2206,382317.999706533,1334571117.99971,25,21,1,3,-2399817.730575014,5383383.538576626,2429208.49647756,87980.39725755775,22.5344441049834,114.026581200992,21.6026126679958,1.3117173738397,1
2982,val,2206,382318.999708434,1334571118.99971,27,21,1,2,-2399816.012829182,5383383.171665638,2429209.624858707,87406.12355486274,22.5344404990153,114.026567905017,21.3125823027863,1.25903801301276,1
2983,val,2206,382319.99971035,1334571119.99971,27,22,1,2,-2399822.545720455,5383395.531408218,2429214.84249224,86842.69327743464,22.5344383012473,114.026554701152,21.1866722334366,1.25362198060651,1
2984,val,2206,382320.999712237,1334571120.99971,27,21,1,2,-2399821.7567515653,5383387.048629232,2429207.9434320177,86260.79763249983,22.5344348005023,114.026542305128,21.3148014445092,1.21158764186336,1
2985,val,2206,382321.999714142,1334571121.99971,26,22,1,2,-2399821.1218303405,5383394.050837021,2429212.5549155185,85691.89655199833,22.5344307039272,114.026527597667,20.8764214372859,1.34704973644289,1
2986,val,2206,382322.999716087,1334571122.99972,26,20,1,2,-2399824.295468918,5383402.415182946,2429211.0059236526,85118.70988851738,22.5344292991199,114.026515104134,21.4575630375282,1.24516272424472,1
2987,val,2206,382323.999717995,1334571123.99972,28,21,1,3,-2399818.1857832344,5383385.801694581,2429203.0865583653,84531.03617939094,22.5344291998248,114.026500508179,22.0737180080125,1.30941444500596,1
2988,val,2206,382324.999719819,1334571124.99972,27,21,1,2,-2399816.945518332,5383390.951663635,2429204.000381878,83960.94618591755,22.5344256006249,114.026488504546,22.1445183514427,1.23357732213077,1
2989,val,2206,382325.999721838,1334571125.99972,26,19,1,3,-2399803.824231197,5383378.166169892,2429201.8048773417,83375.18374034199,22.53442309798,114.026475404724,22.7577040343124,1.31412609264303,1
2990,val,2206,382326.999723868,1334571126.99972,26,21,1,2,-2399813.6795296017,5383387.793759244,2429205.3158423635,82808.1048155004,22.5344210036919,114.026461799455,22.6225251398567,1.39743830988701,1
2991,val,2206,382327.999725685,1334571127.99973,28,23,1,3,-2399846.7740784357,5383397.674951479,2429184.4961209246,82227.49891652208,22.534420003338,114.026449800933,22.6624677910436,1.18728896257018,1
2992,val,2206,382328.999727586,1334571128.99973,27,21,1,3,-2399807.3538676784,5383387.815986988,2429201.0528279087,81655.84293245168,22.5344202965086,114.02643700329,23.158348185444,1.15734992532302,1
2993,val,2206,382329.999729493,1334571129.99973,25,20,1,2,-2399804.019732806,5383385.576161336,2429198.464052566,81080.10978720743,22.5344176061158,114.026424804338,23.0857605604668,1.1642805305694,1
2994,val,2206,382330.999731402,1334571130.99973,27,19,1,3,-2399808.589343391,5383405.867406654,2429207.666531163,80522.98394300291,22.534417801566,114.026410399797,23.5293655697659,1.26486310234918,1
2995,val,2206,382331.999732169,1334571131.99973,26,21,1,2,-2399803.9817414535,5383388.7944555795,2429199.4031679197,79934.10276385445,22.5344183001047,114.026395002847,23.3414041375739,1.31716915825354,1
2996,val,2206,382332.999733313,1334571132.99973,27,21,1,2,-2399805.9483591337,5383405.096220812,2429204.4694080735,79372.42963111924,22.5344230044528,114.026382002063,23.9018943501806,1.15219251901505,1
2997,val,2206,382333.999738696,1334571133.99974,30,23,1,3,-2399798.7302571586,5383388.965708395,2429197.604313311,78783.13016713715,22.5344246990962,114.026370901637,23.8174573290359,1.0970725756425,1
2998,val,2206,382334.999740928,1334571134.99974,28,24,1,2,-2399804.800898781,5383392.797937525,2429195.5013501598,78210.3959584184,22.5344261016744,114.026362304349,23.625796904604,0.699347739361122,1
2999,val,2206,382335.999740983,1334571135.99974,28,22,1,2,-2399805.6634507733,5383399.663065404,2429198.0315185417,77641.56669334535,22.5344312009621,114.026357404736,23.3502094131548,0.240183832771594,1
3000,val,2206,382336.999740815,1334571136.99974,27,22,1,2,-2399808.45267766,5383410.899391261,2429205.2824635142,77077.68581349768,22.5344339973584,114.026354204826,23.0815405206621,0.225577078084903,1
3001,val,2206,382337.999744933,1334571137.99974,27,24,1,2,-2399809.0182016003,5383414.204777448,2429204.5690630483,76504.86420573998,22.5344352969638,114.026348603726,22.7113675883803,0.644819911289486,1
3002,val,2206,382338.999748635,1334571138.99975,28,24,1,2,-2399805.2341401414,5383399.2562771905,2429200.055477438,75919.53566239717,22.5344347998024,114.026344296889,22.682179012838,0.371581279944762,1
3003,val,2206,382339.999748655,1334571139.99975,28,24,1,2,-2399803.189694374,5383397.684804435,2429200.3674533935,75343.8185538504,22.5344353008232,114.026340603011,22.9580320108621,0.312445236238714,1
3004,val,2206,382340.999748622,1334571140.99975,27,23,1,2,-2399803.878673268,5383398.814817426,2429199.260041904,74770.00124207356,22.5344346032968,114.026336997026,22.8962951743867,0.403604910869697,1
3005,val,2206,382341.999753155,1334571141.99975,26,20,1,3,-2399901.205834506,5383359.70447697,2429088.493064353,74207.1896516582,22.5344329005041,114.026329995516,23.1342145217809,0.637754381288191,1
3006,val,2206,382342.999755708,1334571142.99976,24,22,1,3,-2399887.2578397654,5383397.524188859,2429310.57289088,73665.56464718695,22.5344366015287,114.026316505891,23.5318230464751,1.10996598083416,1
3007,val,2206,382343.99975633,1334571143.99976,23,21,1,3,-2399810.041462121,5383492.96112672,2429313.9985939534,73179.08787584421,22.5344353980426,114.026302400321,24.0279237082266,1.24665835027489,1
3008,val,2206,382344.999758184,1334571144.99976,24,22,1,3,-2399799.8640745846,5383407.6045959955,2429200.6780824387,72478.6505817253,22.5344328020513,114.02628740905,24.005922942431,1.42505400854893,1
3009,val,2206,382345.999760097,1334571145.99976,27,25,1,2,-2399800.81111924,5383403.481425278,2429199.139597092,71903.06147302879,22.5344327027142,114.026273207309,23.9411145899405,1.31798057296907,1
3010,val,2206,382346.999762064,1334571146.99976,28,25,1,2,-2399800.030099439,5383403.989673905,2429203.5342142764,71329.22992254054,22.5344333055233,114.026257401833,24.338629869292,1.42476479119392,1
3011,val,2206,382347.99976397,1334571147.99976,28,23,1,2,-2399799.6985235615,5383404.410173787,2429192.0767793837,70746.72553470352,22.5344322027262,114.026242198847,23.7014678285169,1.43171015323409,1
3012,val,2206,382348.999765917,1334571148.99977,31,24,1,2,-2399798.651243235,5383409.262256888,2429203.171259847,70181.46552772066,22.5344317033024,114.026228199681,23.1980554925891,1.31061388546121,1
3013,val,2206,382349.99976783,1334571149.99977,29,20,1,2,-2399798.527707797,5383415.696585638,2429190.789451145,69601.88592738475,22.5344302969573,114.026214303082,22.7018955526678,1.37820954141392,1
3014,val,2206,382350.999769718,1334571150.99977,29,21,1,2,-2399792.8656970426,5383401.226725588,2429190.323151049,69020.69282957268,22.534420204839,114.02620869639,23.2874658949117,1.1149109965184,1
3015,val,2206,382351.999771642,1334571151.99977,29,20,1,2,-2399794.101615636,5383408.599577344,2429186.2225039387,68446.81808463109,22.5344196996549,114.026196505284,22.8296782683674,1.10203444954631,1
3016,val,2206,382352.999773547,1334571152.99977,29,20,1,2,-2399786.376422272,5383401.507238609,2429193.5403845552,67872.22585080405,22.5344191013298,114.026182797768,22.3421138050969,1.21534332064324,1
3017,val,2206,382353.999775465,1334571153.99978,29,22,1,2,-2399791.1390497484,5383410.641011713,2429196.959567294,67305.69026624983,22.5344161033155,114.026170204929,21.6810763493408,1.2949490695924,1
3018,val,2206,382354.9997774,1334571154.99978,29,23,1,2,-2399786.4706262,5383405.773681327,2429201.4495141613,66730.53536892128,22.5344153024073,114.026156802843,21.1981727249827,1.32299409582524,1
3019,val,2206,382355.99977931,1334571155.99978,28,23,1,2,-2399787.93132922,5383406.448676748,2429201.0931777107,66157.22044441463,22.53441499876,114.026143603038,20.6450543479232,1.30022448864505,1
3020,val,2206,382356.999781197,1334571156.99978,28,21,1,2,-2399786.134093678,5383407.463704765,2429201.729980914,65583.12647608512,22.5344135046433,114.026134704251,21.1587780893158,0.948383246358563,1
3021,val,2206,382357.999781843,1334571157.99978,30,21,1,2,-2399787.537865329,5383408.706202647,2429201.7375810845,65009.21613012509,22.5344110991186,114.026124604573,20.960501995128,1.10229448192813,1
3022,val,2206,382358.999785009,1334571158.99978,30,21,1,2,-2399785.0036269617,5383417.797800772,2429206.867731657,64441.52046401532,22.5344098983693,114.026112601059,20.4954763673678,1.24539928487409,1
3023,val,2206,382359.99978826,1334571159.99979,30,22,1,2,-2399781.5481025153,5383406.681837697,2429202.893016333,63857.53806637822,22.5344077975886,114.026102104962,20.4977906746117,1.15683612526609,1
3024,val,2206,382360.999788909,1334571160.99979,28,17,1,2,-2399773.411025121,5383407.64480043,2429172.827860792,63261.7834988961,22.534403202434,114.026097999166,20.4692616414917,0.859892499038232,1
3025,val,2206,382361.999790813,1334571161.99979,28,17,1,2,-2399771.400479322,5383407.342323167,2429171.3052035486,62687.21269550509,22.534400203664,114.026086701178,20.4580452694089,1.04563414567319,1
3026,val,2206,382362.999791857,1334571162.99979,29,18,1,2,-2399777.332317338,5383418.179105898,2429186.808614641,62129.80800421508,22.5343988973339,114.02607140476,20.4386886536493,1.29841994689138,1
3027,val,2206,382363.999792511,1334571163.99979,28,19,1,2,-2399771.135891894,5383406.110516628,2429184.544679819,61547.03632305717,22.5343977013686,114.026058901342,20.4682623911111,1.24430130331417,1
3028,val,2206,382364.999793516,1334571164.99979,27,18,1,2,-2399767.370140683,5383403.830054998,2429162.9991088803,60958.545069545726,22.5343939025434,114.026046398057,20.3888953547751,1.3424784972599,1
3029,val,2206,382365.999796686,1334571165.9998,28,20,1,2,-2399763.0750050265,5383400.670041953,2429167.713510908,60385.54436474995,22.5343892024215,114.026034201674,20.2525551913584,1.32359597266346,1
3030,val,2206,382366.999802173,1334571166.9998,28,20,1,2,-2399762.1004185257,5383405.197701365,2429168.5153587526,59812.966859116095,22.534386596687,114.026019905753,20.1520735097073,1.3567068371728,1
3031,val,2206,382367.999805344,1334571167.99981,27,17,1,2,-2399759.6384242764,5383402.016785304,2429167.8266533054,59236.000980699064,22.5343837979144,114.026006903675,20.4293740971376,1.32429665390596,1
3032,val,2206,382368.999806352,1334571168.99981,27,20,1,2,-2399758.9981769887,5383404.939972998,2429176.590206399,58668.49780609044,22.5343856031469,114.025995905676,20.5424158966675,1.05421931432106,1
3033,val,2206,382369.999807012,1334571169.99981,27,21,1,2,-2399755.554829174,5383404.024945542,2429184.491680704,58096.951238534806,22.5343820035258,114.025985996382,20.5951016519109,0.806073772283276,1
3034,val,2206,382370.999808062,1334571170.99981,27,21,1,2,-2399761.003575497,5383417.862885767,2429180.3413014575,57529.64009259541,22.5343766034289,114.025976799825,20.397723770035,0.807211720562128,1
3035,val,2206,382371.999809967,1334571171.99981,27,20,1,2,-2399759.714714767,5383420.994660945,2429181.7888943036,56956.49859330401,22.534374900096,114.025967899169,20.3043019212816,0.778501810171688,1
3036,val,2206,382372.999810702,1334571172.99981,28,21,1,2,-2399760.8733151252,5383435.408194509,2429187.674665048,56393.31493969585,22.534378100935,114.025960101206,20.1021860432433,0.693633916164569,1
3037,val,2206,382373.999814994,1334571173.99981,27,19,1,2,-2399760.398030021,5383429.855715155,2429184.463379924,55812.76526008271,22.5343844976465,114.025956902187,19.6316199815898,0.568587050229163,1
3038,val,2206,382374.999815723,1334571174.99982,29,20,1,2,-2399760.7484338908,5383426.528652962,2429182.5106578358,55234.91348891792,22.5343911942996,114.025957400413,19.0940545114884,0.891423862555142,1
3039,val,2206,382375.999817622,1334571175.99982,30,20,1,2,-2399761.939266059,5383424.329407964,2429183.605259859,54659.39385076365,22.5343996984972,114.025956604656,18.7317067637294,1.06519397344127,1
3040,val,2206,382376.999818664,1334571176.99982,31,21,1,2,-2399760.9944100967,5383422.849400696,2429192.3017254737,54088.49184860398,22.5344087993683,114.025953700477,18.3145983755464,0.991163973477423,1
3041,val,2206,382377.999819315,1334571177.99982,30,18,1,3,-2399751.6860730634,5383381.779710204,2429180.7556468723,53480.991862195966,22.5344189999218,114.025949204411,17.7421673207345,1.21087506677397,1
3042,val,2206,382378.999820321,1334571178.99982,28,19,1,2,-2399753.101623928,5383386.220254459,2429180.952277423,52911.00203258086,22.5344289984986,114.025946102383,17.1976551470788,1.17984817192497,1
3043,val,2206,382379.999823512,1334571179.99982,29,19,1,2,-2399753.9156413893,5383393.6903420165,2429184.953680095,52344.020131705314,22.5344384968819,114.025943298535,16.9093012638418,1.10732535766382,1
3044,val,2206,382380.999829029,1334571180.99983,29,22,1,3,-2399762.2058798103,5383417.286975543,2429196.0204300536,51790.29631327819,22.5344480971331,114.025939599232,16.8573489875481,0.950768719651755,1
3045,val,2206,382381.999832204,1334571181.99983,29,20,1,2,-2399759.9993587253,5383414.083779351,2429194.629571078,51212.44770145917,22.5344587985908,114.025935104983,16.6079189958964,1.07989710674702,1
3046,val,2206,382382.999833209,1334571182.99983,29,20,1,2,-2399756.3966883374,5383414.394935092,2429195.9126436957,50638.78404232066,22.5344736952437,114.025932205822,16.1207518261758,1.24817325064188,1
3047,val,2206,382383.999833866,1334571183.99983,29,21,1,2,-2399754.4304793966,5383404.654588275,2429194.262010882,50056.87002936443,22.5344856961644,114.025926798275,15.5715488307152,1.19570574061497,1
3048,val,2206,382384.999834919,1334571184.99984,28,20,1,2,-2399753.2694650195,5383403.71711414,2429195.3904454773,49481.1824220998,22.5345015976693,114.025922905977,14.7457844755966,1.2583819293859,1
3049,val,2206,382385.999836836,1334571185.99984,28,19,1,2,-2399754.9669917193,5383400.7019667,2429201.7684182078,48904.37843646154,22.5345161970442,114.025916205488,14.3146037116699,1.177750125511,1
3050,val,2206,382386.999838746,1334571186.99984,28,19,1,2,-2399755.1565600093,5383405.75527876,2429200.7837988725,48333.512507563355,22.5345327939841,114.025912296732,13.3919559627882,1.24678303199887,1
3051,val,2206,382387.999840664,1334571187.99984,28,19,1,2,-2399751.442554911,5383409.994613648,2429202.2494656183,47761.55664065387,22.5345469957906,114.025908605248,12.4458887591828,1.03940591427244,1
3052,val,2206,382388.999842584,1334571188.99984,28,17,1,2,-2399753.901914616,5383416.174028961,2429208.3270946927,47194.3066924241,22.5345592017981,114.025904603551,11.8419730341931,0.908966505824885,1
3053,val,2206,382389.999844497,1334571189.99984,27,16,1,2,-2399752.7472327384,5383414.433417096,2429207.175298489,46618.53232122627,22.5345727987305,114.025903402367,11.0676364309711,1.08946362459033,1
3054,val,2206,382390.999846412,1334571190.99985,27,16,1,2,-2399750.5146318264,5383415.473267827,2429208.221065721,46045.81706478238,22.5345837014559,114.025899404471,10.3471132265175,0.930279949583574,1
3055,val,2206,382391.999848322,1334571191.99985,26,14,1,3,-2399746.638274866,5383458.438299721,2429230.933231165,45509.53222924434,22.5345941932583,114.025896600634,9.80925602679811,0.931325978597049,1
3056,val,2206,382392.999850246,1334571192.99985,26,15,1,3,-2399664.0669594007,5383754.07684487,2429310.113576182,45179.68681094317,22.5346054977069,114.025893604409,9.09886292883714,0.952362478103524,1
3057,val,2206,382393.999852159,1334571193.99985,26,16,1,3,-2399656.3641992374,5383736.7834228,2429284.3478250913,44583.30564458946,22.5346187961825,114.025893499515,8.70426905366314,1.1040886435778,1
3058,val,2206,382394.999854081,1334571194.99985,27,16,1,2,-2399655.9162851023,5383732.757654455,2429284.117778702,44006.19974007848,22.5346269993907,114.025886003118,8.96261865113854,0.826752688884966,1
3059,val,2206,382395.999855989,1334571195.99986,26,15,1,3,-2399754.06420638,5383425.679804652,2429215.4539757725,43179.13954106804,22.5346400007794,114.025880597402,8.62902685259337,0.977041117749706,1
3060,val,2206,382396.999857905,1334571196.99986,28,17,1,3,-2399657.199567853,5383790.68063013,2429312.9640959203,42901.24423006388,22.5346537027942,114.02587639583,7.93103996976677,1.09976628142536,1
3061,val,2206,382397.999859827,1334571197.99986,26,15,1,3,-2399741.689960197,5383448.685885357,2429229.0625754283,42053.86186108686,22.5346620000785,114.025875096338,7.36583371351212,0.669085817067503,1
3062,val,2206,382398.999861724,1334571198.99986,25,17,1,2,-2399737.345175812,5383434.523775555,2429217.1310428362,41465.85057478464,22.5346641021519,114.025872998451,6.61974913142642,0.156789313853082,1
3063,val,2206,382399.999863649,1334571199.99986,23,17,1,2,-2399738.427970053,5383441.136829574,2429220.0172764533,40897.21969074971,22.5346685949763,114.025872397827,6.67309893332222,0.244049284737718,1
3064,val,2206,382400.999865582,1334571200.99987,24,15,1,3,-2399747.670036218,5383428.129355504,2429223.134384031,40314.06662352071,22.5346782012967,114.025872802267,6.44708049748386,0.718451458095236,1
3065,val,2206,382401.999867472,1334571201.99987,24,16,1,3,-2399536.478914853,5384092.427492243,2429304.6483517704,40253.62601516707,22.5346876961384,114.025872896244,5.97173221973638,0.865240260867135,1
3066,val,2206,382402.99986829,1334571202.99987,24,16,1,3,-2399744.9903171286,5383437.586074889,2429227.187694731,39172.23200982025,22.5346995006942,114.02587010137,5.6914203235715,1.09669672232642,1
3067,val,2206,382403.999869174,1334571203.99987,25,17,1,3,-2399671.6235055053,5383655.58351792,2429250.9100650097,38766.44395972985,22.5347126012964,114.025865294645,5.41225726529383,1.31927928712442,1
3068,val,2206,382404.999873225,1334571204.99987,26,18,1,3,-2399683.6962028644,5383670.772303831,2429265.683547554,38200.961878473514,22.5347301947127,114.025861699819,5.2361189180859,1.39531889004777,1
3069,val,2206,382405.999877268,1334571205.99988,25,18,1,3,-2399740.8530494384,5383426.1469581025,2429225.2087405166,37440.97094082398,22.5347429997399,114.025857599056,5.19771157451572,1.34166018809324,1
3070,val,2206,382406.999878156,1334571206.99988,27,19,1,2,-2399740.5299263787,5383437.280395016,2429227.0541039063,36874.63353896513,22.5347545963688,114.025854099761,4.87641895505941,1.37004322120624,1
3071,val,2206,382407.999878983,1334571207.99988,26,19,1,2,-2399746.6921155495,5383435.796287653,2429230.472070831,36299.18545629539,22.5347671985052,114.025851096818,4.61293150249076,1.40867626834004,1
3072,val,2206,382408.999880887,1334571208.99988,26,20,1,3,-2399738.3413423537,5383417.783297556,2429225.5799887883,35713.17960347951,22.5347793024307,114.025849198414,4.40154592400633,1.34617904202745,1
3073,val,2206,382409.999882787,1334571209.99988,26,19,1,3,-2399704.334955015,5384416.5939508565,2429470.4987450135,35890.56081231832,22.5347921002501,114.025848699174,4.26068866011336,1.25572287672274,1
3074,val,2206,382410.99988472,1334571210.99988,27,19,1,3,-2399744.5253094533,5383399.352178275,2429226.5671665254,34549.65507229644,22.534804200698,114.025844005071,4.42596416766346,1.27121742780614,1
3075,val,2206,382411.999886653,1334571211.99989,27,18,1,2,-2399739.8164083203,5383391.238596547,2429225.102892119,33969.85782192218,22.5348149987381,114.025842399412,4.58399008936279,1.14076160441889,1
3076,val,2206,382412.999888557,1334571212.99989,28,20,1,2,-2399745.840210261,5383399.3682500655,2429229.654757504,33402.995464634296,22.534826398632,114.025841898469,4.8553355051246,1.14466566558247,1
3077,val,2206,382413.999890466,1334571213.99989,28,22,1,2,-2399744.4189294637,5383386.847236389,2429226.2691735313,32818.87120569299,22.5348390934661,114.025840302631,5.0263256711085,1.26714629092399,1
3078,val,2206,382414.999892392,1334571214.99989,28,23,1,2,-2399744.6102412306,5383393.085341827,2429232.513043471,32250.05445220714,22.5348522954249,114.025840797465,4.61318829579297,1.34148825364717,1
3079,val,2206,382415.999894314,1334571215.99989,28,23,1,2,-2399743.725971556,5383391.5892209895,2429225.9111699294,31672.076952305742,22.5348652022094,114.025840400352,4.54760104397398,1.36017969684646,1
3080,val,2206,382416.999896222,1334571216.9999,30,25,1,2,-2399744.6392891966,5383400.478206322,2429230.1803586693,31104.619171881117,22.5348801009693,114.025839198862,3.96344793747519,1.30144634714512,1
3081,val,2206,382417.999898123,1334571217.9999,29,26,1,2,-2399743.19616803,5383392.469003672,2429220.6017697854,30525.676687760853,22.5348922985985,114.025841500062,4.22804057404082,1.27102241796206,1
3082,val,2206,382418.999899067,1334571218.9999,30,25,1,2,-2399737.98858021,5383383.707958025,2429220.7912573037,29945.74889894498,22.5349021978645,114.025850897073,3.86925423031029,1.35251983565572,1
3083,val,2206,382419.999899681,1334571219.9999,29,20,1,2,-2399737.494716391,5383384.1917487765,2429223.6623693476,29373.608131572582,22.5349077955887,114.025860399438,3.67482029032167,1.2383459099048,1
3084,val,2206,382420.999901421,1334571220.9999,29,24,1,2,-2399741.961830051,5383386.8989422005,2429230.9298010226,28805.188952704335,22.5349111008202,114.025871297526,3.37203754004106,1.22463913674679,1
3085,val,2206,382421.999906965,1334571221.99991,29,25,1,2,-2399744.99122294,5383385.582405794,2429231.1807323913,28232.180639023158,22.534913699775,114.025882395165,3.23162628829798,1.22152751372755,1
3086,val,2206,382422.999910899,1334571222.99991,30,26,1,3,-2399774.60562056,5383461.558539034,2429250.6663951715,27717.583333900126,22.5349179007673,114.025893002204,3.27679091826193,1.18088094568047,1
3087,val,2206,382423.999911432,1334571223.99991,29,25,1,3,-2399780.305776401,5383478.759273516,2429255.764499824,27157.54721282361,22.5349199015665,114.025905097032,3.16552601619058,1.28392797273846,1
3088,val,2206,382424.999911534,1334571224.99991,29,23,1,3,-2399753.277027578,5383391.358838609,2429237.765555147,26518.06114166484,22.534923100299,114.025914600815,3.23551581839075,1.25102822531404,1
3089,val,2206,382425.999911225,1334571225.99991,28,24,1,2,-2399753.085151791,5383386.034949654,2429235.425844027,25941.434251868508,22.5349274980405,114.02592809944,3.30645563819593,1.37205289370521,1
3090,val,2206,382426.999912706,1334571226.99991,28,23,1,2,-2399755.861185373,5383390.018188768,2429236.9358659377,25370.827160232748,22.5349316984162,114.025938498151,3.56053864483605,1.24667173685989,1
3091,val,2206,382427.999919932,1334571227.99992,28,23,1,2,-2399756.03757984,5383382.550787651,2429232.8995093796,24790.97751438432,22.5349346029085,114.025951497299,3.57599592070254,1.38337257787449,1
3092,val,2206,382428.99992133,1334571228.99992,28,24,1,2,-2399758.2908530147,5383386.478456447,2429236.006498615,24220.463992477074,22.5349373981472,114.025963698099,3.87632498280987,1.34228912315866,1
3093,val,2206,382429.999921107,1334571229.99992,28,24,1,2,-2399762.663121075,5383389.529969455,2429237.1814029105,23649.78915251759,22.534940697453,114.025975895507,4.23521186181063,1.37501969681523,1
3094,val,2206,382430.99992112,1334571230.99992,28,20,1,2,-2399762.543058537,5383395.069525369,2429244.383122665,23079.470387922134,22.5349442029734,114.025988297063,4.52599397860695,1.36992467747828,1
3095,val,2206,382431.999921819,1334571231.99992,29,22,1,2,-2399767.8797894707,5383402.447062087,2429239.3189200284,22511.36680955029,22.5349492004596,114.026001900505,4.61428581405863,1.43322495914816,1
3096,val,2206,382432.999927129,1334571232.99993,29,21,1,2,-2399770.8824172704,5383406.176986788,2429241.8673797427,21940.30403681533,22.5349541948881,114.026014601555,4.64340136793004,1.37512385715406,1
3097,val,2206,382433.999931762,1334571233.99993,30,22,1,2,-2399770.930423582,5383400.90254798,2429242.13266275,21364.90882792943,22.5349589055165,114.026024096755,4.77175523822645,1.12056241135049,1
3098,val,2206,382434.999932411,1334571234.99993,30,22,1,3,-2399780.4968296182,5383418.384613664,2429246.4414387243,20798.610925792054,22.5349617976324,114.02603339678,4.77486503516767,1.01599504576465,1
3099,val,2206,382435.999932659,1334571235.99993,30,23,1,2,-2399784.828158598,5383420.850879956,2429246.6831091745,20224.291706507873,22.5349649002534,114.026042099606,4.59915670063509,0.848810687496047,1
3100,val,2206,382436.999932272,1334571236.99993,30,22,1,2,-2399782.487487708,5383414.7627943335,2429238.638861602,19640.07578972671,22.5349666956724,114.026047799885,4.86626395366913,0.617564157962528,1
3101,val,2206,382437.999937086,1334571237.99994,30,22,1,2,-2399788.1748180008,5383426.871554228,2429248.5083545307,19077.196840669076,22.5349669045291,114.02605420062,4.78705733901325,0.572696645813359,1
3102,val,2206,382438.999939979,1334571238.99994,30,22,1,2,-2399785.9623814244,5383419.074978924,2429245.3818975003,18495.189159890935,22.5349691958418,114.026061096786,4.50690638465322,0.623168175201123,1
3103,val,2206,382439.999940333,1334571239.99994,31,23,1,2,-2399787.1362987654,5383417.338417036,2429245.5585011323,17919.684778319293,22.5349710022116,114.026067295082,4.70323727658098,0.639825924131711,1
3104,val,2206,382440.999941846,1334571240.99994,30,23,1,2,-2399785.8535671164,5383411.732056487,2429245.608129916,17340.770774087476,22.5349713980879,114.026073703792,4.81675883069707,0.692743693190502,1
3105,val,2206,382441.999944168,1334571241.99994,30,24,1,3,-2399777.6725717084,5383394.396812791,2429237.70886321,16750.531021942956,22.5349710962396,114.026080498904,4.75381996410477,0.682729555412599,1
3106,val,2206,382442.999945293,1334571242.99995,30,24,1,2,-2399779.2778653638,5383392.349081563,2429238.7627521963,16176.239995292239,22.5349727977672,114.026090298758,4.94160202688862,0.902691186719088,1
3107,val,2206,382443.999946034,1334571243.99995,30,24,1,2,-2399780.3993891017,5383395.176448552,2429239.7846308798,15604.533305590157,22.5349743986626,114.026100497165,5.05445884948228,0.975161576806679,1
3108,val,2206,382444.999946555,1334571244.99995,30,24,1,2,-2399782.055049659,5383396.136033762,2429239.503187521,15030.429856671404,22.5349770035997,114.026110698161,5.05592095361911,0.978676488301752,1
3109,val,2206,382445.999947064,1334571245.99995,30,23,1,2,-2399782.848751834,5383396.690910828,2429242.9955944633,14457.32154486717,22.5349780987744,114.026120596855,5.21244620368966,0.996453598873796,1
3110,val,2206,382446.999948074,1334571246.99995,30,24,1,2,-2399783.9127882295,5383397.262217463,2429243.488909517,13883.950882983478,22.53497859521,114.026132298504,5.36697059163526,1.1656754727521,1
3111,val,2206,382447.999951038,1334571247.99995,30,24,1,2,-2399786.249128247,5383396.59239508,2429243.971305437,13309.99063793626,22.5349806025771,114.026143304226,5.51487170732397,1.08405886885621,1
3112,val,2206,382448.99995868,1334571248.99996,29,24,1,2,-2399787.8976890827,5383400.048138159,2429245.2588749365,12737.957615887324,22.5349828033205,114.026153599968,5.407634348463,1.07831894318782,1
3113,val,2206,382449.999968825,1334571249.99997,29,24,1,2,-2399789.5848911544,5383399.426069128,2429245.8451943267,12163.773468326424,22.5349868999713,114.026166797966,5.44151484594734,1.21437622193168,1
3114,val,2206,382450.999972349,1334571250.99997,29,21,1,2,-2399790.274936089,5383395.591749588,2429242.5916018356,11586.22726177115,22.5349911000845,114.0261770018,5.23903628280769,1.11970157600323,1
3115,val,2206,382451.999970883,1334571251.99997,29,21,1,2,-2399792.32883885,5383395.897131566,2429244.3621446188,11014.01919701135,22.5349967958253,114.026187799457,5.03400929894946,1.13173437527664,1
3116,val,2206,382452.999968763,1334571252.99997,30,24,1,2,-2399792.611607648,5383393.927036722,2429244.985166734,10438.295443252437,22.5350019017679,114.026197800382,4.92116443932248,1.11689842105326,1
3117,val,2206,382453.999967126,1334571253.99997,29,23,1,2,-2399793.1875110553,5383390.402097003,2429245.959376619,9862.081482819336,22.5350066988118,114.026207700442,5.01078328873301,1.13770038228767,1
3118,val,2206,382454.999968431,1334571254.99997,28,21,1,2,-2399790.7516798936,5383383.30966562,2429250.363911674,9282.700601368631,22.5350115020702,114.026220102359,4.72823054705872,1.24433301444493,1
3119,val,2206,382455.999969629,1334571255.99997,27,22,1,2,-2399794.5740089966,5383388.484039321,2429251.684944612,8712.949859572676,22.5350164980961,114.026230299851,4.6995129335179,1.20390749049343,1
3120,val,2206,382456.999970732,1334571256.99997,26,21,1,2,-2399798.157696784,5383394.000629494,2429250.929219672,8142.864505385005,22.5350203967992,114.026242301827,4.4965987114393,1.23208505632197,1
3121,val,2206,382457.999971749,1334571257.99997,29,21,1,2,-2399796.430811322,5383390.3218313,2429250.053116671,7566.078752725668,22.5350224008355,114.026255101512,4.77846390603569,1.29534585749982,1
3122,val,2206,382458.99997269,1334571258.99997,28,22,1,2,-2399797.894997804,5383386.980461029,2429247.191008183,6989.523045537395,22.5350270006912,114.026269603443,4.72240388130272,1.34324737907073,1
3123,val,2206,382459.999973562,1334571259.99997,28,22,1,2,-2399799.2179703973,5383385.490064449,2429247.990945032,6414.7202476332295,22.5350336020695,114.026283903746,4.49225837108018,1.28622358901071,1
3124,val,2206,382460.999974373,1334571260.99997,27,22,1,2,-2399799.32979612,5383382.895305125,2429247.724693016,5838.877414467018,22.5350378000748,114.026297604894,4.5486690262043,1.29166621852467,1
3125,val,2206,382461.999975131,1334571261.99998,27,23,1,2,-2399803.0857297713,5383386.561758045,2429249.4104763307,5268.819028041655,22.5350416995159,114.026312500146,4.31163266301327,1.39329623714491,1
3126,val,2206,382462.999975843,1334571262.99998,27,24,1,2,-2399802.849729385,5383385.007392073,2429247.702078868,4693.488145332957,22.5350425976497,114.026328700373,4.41636063536162,1.48784022143947,1
3127,val,2206,382463.999976514,1334571263.99998,28,23,1,2,-2399801.97015408,5383383.22624151,2429248.7712912816,4118.291584884637,22.5350442042551,114.02634540232,4.72079483858422,1.51710120099138,1
3128,val,2206,382464.999977152,1334571264.99998,27,23,1,2,-2399806.236892858,5383387.175869357,2429250.469126186,3548.5547880193903,22.5350475025507,114.02636050065,5.17388395346441,1.50833763423671,1
3129,val,2206,382465.999977767,1334571265.99998,28,22,1,2,-2399804.469206896,5383378.6580264,2429252.4908822156,2967.4226184053878,22.5350513984534,114.026373601717,5.61098409522931,1.40146750649987,1
3130,val,2206,382466.999978364,1334571266.99998,26,20,1,2,-2399803.1082788254,5383370.95563454,2429252.827000816,2388.3136248205533,22.5350569002796,114.026386700272,5.87519581311878,1.51121586151041,1
3131,val,2206,382467.999978955,1334571267.99998,27,20,1,2,-2399809.1720872615,5383376.518953745,2429253.6799000185,1819.2435556292028,22.5350634022024,114.026400203546,6.48045874934622,1.4583441364644,1
3132,val,2206,382468.99997955,1334571268.99998,25,18,1,3,-2399817.808413999,5383394.9124917155,2429260.382539816,1261.1171098803268,22.535068899485,114.026414605478,7.5808489421341,1.52694885654078,1
3133,val,2206,382469.999980162,1334571269.99998,24,19,1,2,-2399814.558790698,5383381.673241979,2429251.3320741495,676.2930923473742,22.5350724041302,114.026428501977,7.81187324642377,1.41777242584466,1
3134,val,2206,382470.999980806,1334571270.99998,28,15,1,2,-2399816.1555890813,5383383.775995038,2429257.5870386767,103.7764961985844,22.5350786994497,114.026440603815,8.00260448661069,1.27748560372579,1
3135,val,2206,382471.999981498,1334571271.99998,27,15,1,2,-2399816.671558841,5383381.922843583,2429257.669578356,-470.94030465294907,22.5350837027171,114.026453996873,8.30594517491438,1.3361581307386,1
3136,val,2206,382472.999982257,1334571272.99998,27,15,1,2,-2399825.040771334,5383393.209475657,2429249.174195687,-1034.3410785691979,22.5350857028502,114.026466800201,8.42186397488148,1.31673262792464,1
3137,val,2206,382473.999983109,1334571273.99998,25,14,1,2,-2399827.2254421692,5383395.140312694,2429248.330151631,-1607.0841367325543,22.5350936986443,114.026475694562,8.65713430184828,1.27099861558962,1
3138,val,2206,382474.999984078,1334571274.99998,28,17,1,2,-2399820.9409223255,5383378.624865624,2429236.829968124,-2195.8422484471557,22.5350981996447,114.02648629782,9.08930145256501,1.10519725326452,1
3139,val,2206,382475.999985196,1334571275.99999,28,20,1,2,-2399831.7558570816,5383390.518473609,2429248.9137901473,-2755.917663160497,22.5351063985483,114.026497500089,9.40344557437916,1.20430000817544,1
3140,val,2206,382476.999986497,1334571276.99999,27,20,1,2,-2399830.741662682,5383386.568841393,2429246.5584950307,-3334.785171967434,22.5351142996427,114.026510702839,10.2145522038381,1.41918424454552,1
3141,val,2206,382477.99998802,1334571277.99999,27,18,1,2,-2399819.615094654,5383373.311723424,2429251.041847771,-3922.956271602647,22.5351235019994,114.026522900177,10.4618112622782,1.46511706933834,1
3142,val,2206,382478.999989805,1334571278.99999,27,18,1,2,-2399815.4420325756,5383367.004584035,2429252.3731549797,-4504.244289765544,22.5351328013356,114.026535905698,10.3387710264602,1.42253727108688,1
3143,val,2206,382479.999991898,1334571279.99999,26,19,1,3,-2399835.5842827708,5383381.330754871,2429244.052754086,-5061.576917227808,22.5351359020344,114.026549702065,10.6932537096428,1.44927148245944,1
3144,val,2206,382480.99999434,1334571280.99999,26,19,1,2,-2399836.8010380054,5383380.06833821,2429243.277848284,-5636.518085977053,22.5351436046037,114.02656300499,10.2709803642105,1.45949441044566,1
3145,val,2206,382481.999997175,1334571282.0,26,20,1,2,-2399833.5857754988,5383368.831516897,2429231.7084288765,-6219.813855554555,22.5351468024536,114.026576299673,10.659546354906,1.44945067672645,1
3146,val,2206,382483.000000436,1334571283.0,28,20,1,2,-2399834.6602656078,5383360.800132006,2429229.369539753,-6798.417647679308,22.5351529997995,114.026590202826,10.8451237429228,1.52238656502245,1
3147,val,2206,382484.000004147,1334571284.0,29,19,1,2,-2399833.9683657885,5383362.7296072785,2429234.6913003013,-7371.946697989902,22.5351545973929,114.026604705028,10.9249550455349,1.38952278389225,1
3148,val,2206,382485.000008316,1334571285.00001,27,20,1,3,-2399847.4118986544,5383377.885803581,2429245.3894068715,-7929.48496631489,22.5351589958163,114.02661810275,11.3323136683365,1.48955611131127,1
3149,val,2206,382486.000012931,1334571286.00001,27,20,1,2,-2399841.9471527273,5383378.821746985,2429258.723327977,-8502.734246725517,22.5351623977142,114.026630602543,11.5698820418002,1.46103477907885,1
3150,val,2206,382487.000017955,1334571287.00002,27,21,1,2,-2399844.766326656,5383377.161314915,2429259.3176572053,-9077.062518972774,22.5351678023712,114.026642503495,12.2644718132189,1.41753992387396,1
3151,val,2206,382488.000023326,1334571288.00002,27,22,1,2,-2399846.045062882,5383375.325926979,2429257.8897769805,-9651.262798150065,22.53516989597,114.026656202898,12.7990131357,1.49002786536688,1
3152,val,2206,382489.000028955,1334571289.00003,28,22,1,3,-2399839.328684738,5383348.172768782,2429251.1436053086,-10246.012711738173,22.5351707030127,114.026672094926,13.0324300700355,1.56161578954985,1
3153,val,2206,382490.000034734,1334571290.00003,29,21,1,3,-2399850.378336783,5383378.2439389955,2429259.373510277,-10797.611306928013,22.5351723980791,114.026682397981,13.6420075092423,1.32125936411843,1
3154,val,2206,382491.000040546,1334571291.00004,28,21,1,2,-2399857.4339107447,5383375.100464857,2429251.8952080733,-11372.351036104214,22.5351748995459,114.026694800828,13.9554874482503,1.21499418879632,1
3155,val,2206,382492.000046265,1334571292.00005,29,22,1,2,-2399858.766378318,5383379.01443398,2429258.1717779734,-11941.262575941297,22.5351774984224,114.026708704909,14.1855766737663,1.3447718412905,1
3156,val,2206,382493.00005178,1334571293.00005,28,21,1,2,-2399854.6118025924,5383372.523422272,2429259.9182159444,-12522.218186192313,22.5351806995418,114.026722302047,14.4375845327887,1.37419067674306,1
3157,val,2206,382494.000056991,1334571294.00006,28,24,1,2,-2399857.2986749583,5383376.100024959,2429261.9059778936,-13092.397036542457,22.5351782022239,114.026736197268,15.0127256192478,1.34927573700255,1
3158,val,2206,382495.000061824,1334571295.00006,28,25,1,2,-2399861.1153799994,5383375.499908855,2429259.5615597824,-13665.004168094358,22.5351823007562,114.026747200414,15.4035881638646,1.19269018249258,1
3159,val,2206,382496.00006623,1334571296.00007,28,24,1,2,-2399858.633190659,5383373.818074322,2429261.494929174,-14242.220817430349,22.5351906983044,114.026759805055,15.1611315608764,1.19673961148791,1
3160,val,2206,382497.000070185,1334571297.00007,28,24,1,2,-2399859.941000695,5383371.951457445,2429257.544765085,-14818.29723980691,22.5351953966958,114.026774906204,15.3136068658926,1.37271725023038,1
3161,val,2206,382498.000073688,1334571298.00007,29,24,1,2,-2399861.3371357145,5383374.005576923,2429259.3352585705,-15390.747852580967,22.5351968044894,114.026789697363,15.7937914430473,1.34997990820796,1
3162,val,2206,382499.000076756,1334571299.00008,29,24,1,2,-2399864.4204238695,5383375.754496221,2429261.3868618193,-15962.19952334155,22.5351969984866,114.0268033026,16.3655955109798,1.22026243196509,1
3163,val,2206,382500.000079416,1334571300.00008,28,23,1,2,-2399865.4451003117,5383369.963979615,2429262.16314853,-16539.09999222324,22.5351960961535,114.026820104144,16.5751112617599,1.37453971217229,1
3164,val,2206,382501.000081709,1334571301.00008,29,23,1,2,-2399867.4203648004,5383370.60952145,2429263.7625319245,-17111.954603824935,22.5351938996598,114.026835003842,16.7907773393309,1.26090856192743,1
3165,val,2206,382502.000083676,1334571302.00008,29,21,1,2,-2399867.8618998644,5383369.925997429,2429268.183543655,-17684.311727445973,22.5351976991408,114.026846504315,16.6900002311233,1.1786827214235,1
3166,val,2206,382503.000085361,1334571303.00009,29,23,1,2,-2399869.4364868025,5383376.132117587,2429271.6521049202,-18255.189132275747,22.5351993023839,114.026859201183,16.8701208068407,1.17852283064031,1
3167,val,2206,382504.000086806,1334571304.00009,28,24,1,2,-2399873.3175543286,5383376.477840959,2429270.1626687506,-18827.80684446969,22.535200396847,114.026872096867,16.9798476546423,1.08994701124697,1
3168,val,2206,382505.00008805,1334571305.00009,28,25,1,2,-2399873.511875593,5383376.195105758,2429269.467520978,-19403.414428388463,22.5352014032662,114.026887600164,17.0217640592956,1.32521755304114,1
3169,val,2206,382506.00008913,1334571306.00009,28,24,1,2,-2399875.3143385593,5383378.229574029,2429271.294091328,-19975.80251526897,22.5352007036192,114.026901200659,17.2345882358103,1.23895603755586,1
3170,val,2206,382507.000090079,1334571307.00009,29,25,1,2,-2399872.6512156227,5383366.17619463,2429267.5137524824,-20559.139429043364,22.5352008976077,114.026914902805,17.404611959483,1.30182842609126,1
3171,val,2206,382508.000090923,1334571308.00009,29,24,1,2,-2399876.5303272107,5383366.954765052,2429267.7481769067,-21133.006882906026,22.53519839972,114.026928803862,17.7868099814642,1.28673445719692,1
3172,val,2206,382509.000091688,1334571309.00009,29,21,1,2,-2399871.363529865,5383355.191715513,2429265.016695301,-21715.86524390564,22.5351978979773,114.026942799731,18.3460375743618,1.24276043466537,1
3173,val,2206,382510.000092397,1334571310.00009,28,22,1,2,-2399876.414900614,5383367.675251192,2429268.811509103,-22280.634659351635,22.535196300102,114.026959004585,18.8507781780509,1.22053590667145,1
3174,val,2206,382511.000093066,1334571311.00009,29,23,1,2,-2399874.5518160337,5383364.3513286915,2429267.352861784,-22858.227888803976,22.5351968009658,114.026974697642,18.9310553181936,1.31060767967825,1
3175,val,2206,382512.000093711,1334571312.00009,29,24,1,2,-2399867.119141559,5383349.050082857,2429255.617269313,-23448.87942280384,22.5351964991819,114.026991904048,19.0377314162044,1.3711099113273,1
3176,val,2206,382513.000094347,1334571313.00009,29,22,1,2,-2399873.625551632,5383359.610831484,2429262.936550096,-24012.028420771272,22.5352001043817,114.027005700821,18.7931075686824,1.43302598566086,1
3177,val,2206,382514.000094985,1334571314.00009,29,21,1,2,-2399878.6331344545,5383369.1342767915,2429267.0380266816,-24577.839399779255,22.5352027017802,114.027020895932,18.8122378955625,1.41722298654421,1
3178,val,2206,382515.000095635,1334571315.0001,28,20,1,2,-2399878.8254135563,5383365.873347345,2429261.1967216497,-25156.828571749,22.5351998997356,114.027037800025,19.1268676242032,1.39307540126112,1
3179,val,2206,382516.000096307,1334571316.0001,28,23,1,2,-2399876.280783144,5383359.720274151,2429259.9618164767,-25735.77746249499,22.5352023054915,114.027053001952,18.946683420087,1.35523871308297,1
3180,val,2206,382517.000097009,1334571317.0001,28,23,1,2,-2399878.6623556893,5383360.4177840445,2429259.9619074957,-26309.50575388922,22.5351966015707,114.02706870066,18.9424871898994,1.19139173927402,1
3181,val,2206,382518.000097749,1334571318.0001,28,23,1,2,-2399879.2783783847,5383361.43482175,2429263.3266932718,-26880.196106851552,22.5351973011968,114.027082805354,18.747969885125,1.13486045074364,1
3182,val,2206,382519.000098535,1334571319.0001,28,22,1,2,-2399888.829659035,5383369.814731868,2429269.08116142,-27446.12767811118,22.5351994015074,114.027098502924,18.1587378816576,1.18448289130976,1
3183,val,2206,382520.000099374,1334571320.0001,28,22,1,2,-2399892.391784958,5383369.7874392,2429272.3914599777,-28016.956330634683,22.5352007995635,114.027112103016,17.8325743235602,1.17412874820159,1
3184,val,2206,382521.000100272,1334571321.0001,27,22,1,2,-2399891.732553237,5383364.019595397,2429267.3797226776,-28596.93909739002,22.5352015956291,114.027127800955,17.6540206845224,1.41164557233094,1
3185,val,2206,382522.000101239,1334571322.0001,27,23,1,2,-2399891.8970012283,5383352.545394112,2429266.7236372456,-29177.806614279656,22.5352073978731,114.027140604402,17.1362393626214,1.28945584025912,1
3186,val,2206,382523.000102283,1334571323.0001,27,21,1,2,-2399888.341818584,5383337.629897117,2429260.6626117323,-29765.264175367764,22.5352102027796,114.027152900689,16.5729121812296,1.21779497246622,1
3187,val,2206,382524.000103412,1334571324.0001,27,22,1,2,-2399894.1042365343,5383347.588188362,2429263.5446171616,-30331.15890654337,22.5352096995372,114.027166201636,16.5558612370933,1.18036520586469,1
3188,val,2206,382525.000104639,1334571325.0001,27,23,1,2,-2399896.902626834,5383349.123121294,2429267.525458475,-30902.196444414378,22.53521250257,114.027177696684,16.2644160852888,1.13809881474365,1
3189,val,2206,382526.000105975,1334571326.00011,27,21,1,2,-2399898.451477028,5383348.358076268,2429264.384241178,-31479.724576050747,22.5352148992018,114.027191997909,15.8648430209421,1.23865641853908,1
3190,val,2206,382527.000107435,1334571327.00011,27,21,1,2,-2399900.6174579407,5383350.441972669,2429271.8380678324,-32049.52416216337,22.5352138980871,114.027206203325,15.7797420946472,1.10714162096508,1
3191,val,2206,382528.000109036,1334571328.00011,28,20,1,2,-2399898.895987209,5383345.047468191,2429267.1423954726,-32629.06483522609,22.5352165961709,114.027216899988,15.5659243128814,1.05470295558601,1
3192,val,2206,382529.000110797,1334571329.00011,27,21,1,2,-2399896.676554364,5383340.139704561,2429264.131022892,-33208.47078479698,22.5352200008735,114.027225498067,15.6774975578545,0.81349752017869,1
3193,val,2206,382530.000112718,1334571330.00011,28,20,1,2,-2399899.0858528693,5383339.07703372,2429269.41833313,-33781.663030207914,22.5352245036299,114.027232199013,15.8508364121251,0.544127721590822,1
3194,val,2206,382531.000114632,1334571331.00011,26,20,1,2,-2399895.9480335396,5383331.313692599,2429260.1311354106,-34365.1107621329,22.5352298976717,114.027239902912,15.6976462577684,0.654386302690794,1
3195,val,2206,382532.000116536,1334571332.00012,27,20,1,2,-2399902.0951093915,5383347.546058943,2429272.852463957,-34924.00914564305,22.5352334978683,114.027248002776,15.6369845685736,0.697681973109741,1
3196,val,2206,382533.00011728,1334571333.00012,27,22,1,2,-2399896.807160848,5383333.37103533,2429267.1709891725,-35510.27150627613,22.5352375008477,114.027257600074,15.7924381563418,0.93645720750804,1
3197,val,2206,382534.000121548,1334571334.00012,28,23,1,2,-2399898.5343520744,5383336.058880259,2429270.6103159375,-36081.366119455204,22.5352427015155,114.027269300663,16.0065971751154,1.14453805581023,1
3198,val,2206,382535.000122297,1334571335.00012,29,22,1,2,-2399902.2831835784,5383338.891315586,2429273.449252121,-36653.5128124846,22.5352455008272,114.027284798992,15.9327069676143,1.24810500656894,1
3199,val,2206,382536.000124196,1334571336.00012,28,21,1,2,-2399901.415739293,5383336.454187052,2429270.9907262945,-37230.936613470374,22.5352485016721,114.027294802321,15.9485162242435,0.953220483538859,1
3200,val,2206,382537.000124814,1334571337.00012,27,19,1,2,-2399905.222553244,5383341.440904614,2429274.5415083556,-37800.854409360145,22.5352504947959,114.02730420151,15.6462009234722,0.779695840426039,1
3201,val,2206,382538.000129834,1334571338.00013,27,20,1,2,-2399907.024138159,5383342.806471212,2429278.061738013,-38373.29426696762,22.5352554013386,114.027310095262,15.8110407950636,0.655050883581961,1
3202,val,2206,382539.000129876,1334571339.00013,29,21,1,2,-2399904.6804556246,5383340.5736958785,2429277.3541151774,-38950.94333857113,22.5352620972722,114.027314499109,16.4037458021434,0.776815019477745,1
3203,val,2206,382540.000130213,1334571340.00013,27,21,1,2,-2399900.385984321,5383339.458919503,2429277.9213479315,-39528.058513907,22.5352668022725,114.027318098341,17.0475743744201,0.673586830596959,1
3204,val,2206,382541.000130769,1334571341.00013,28,21,1,2,-2399899.1232357007,5383345.17072028,2429280.664621935,-40098.25423852165,22.5352744011889,114.027316998467,17.4879434378896,0.714360749578526,1
3205,val,2206,382542.00013812,1334571342.00014,27,19,1,2,-2399902.9738255986,5383350.683863253,2429289.3367551956,-40666.42264450689,22.5352860005416,114.027314005258,17.7608874159636,0.843220130358545,1
3206,val,2206,382543.000141542,1334571343.00014,26,20,1,2,-2399910.600203741,5383357.7582380865,2429295.681055942,-41231.76039535653,22.5353002039422,114.027310299942,18.1347029655889,0.977482304549055,1
3207,val,2206,382544.000139481,1334571344.00014,26,21,1,2,-2399904.3235076363,5383346.13555479,2429284.543667263,-41819.43269580112,22.5353115999302,114.027308399674,18.3992227307917,0.878056143572581,1
3208,val,2206,382545.00014081,1334571345.00014,27,21,1,2,-2399904.8185757394,5383344.546028036,2429286.1823509745,-42393.42921161645,22.535318801739,114.027310001011,19.2873477644118,0.818444079418725,1
3209,val,2206,382546.000141939,1334571346.00014,27,21,1,2,-2399909.980567789,5383339.6569684865,2429288.7703819633,-42966.09217141445,22.5353336996971,114.027305599948,19.7498160278293,1.15106399682513,1
3210,val,2206,382547.000142906,1334571347.00014,27,21,1,2,-2399918.837882597,5383339.589338166,2429292.0975255463,-43535.36753734769,22.5353488037217,114.027300601951,19.8258412396817,1.24689545529064,1
3211,val,2206,382548.000143747,1334571348.00014,27,23,1,2,-2399918.5639831605,5383330.51919103,2429290.150186649,-44114.777840169765,22.5353600044939,114.027302195062,20.4504100902836,1.28466990540402,1
3212,val,2206,382549.000144487,1334571349.00014,27,20,1,2,-2399921.0434722365,5383326.4437521035,2429288.472935334,-44689.69531145983,22.5353720014089,114.027301902631,20.7476850266189,1.30125412305227,1
3213,val,2206,382550.000145157,1334571350.00015,26,18,1,2,-2399933.432674169,5383332.792825077,2429295.9474573685,-45254.726504385464,22.5353867998454,114.027296501861,21.1974529465559,1.27213469617137,1
3214,val,2206,382551.000145786,1334571351.00015,26,16,1,2,-2399931.7668839246,5383329.164039406,2429296.599549241,-45830.63288805338,22.5353968002984,114.027296297138,21.3386028263235,0.990249213332402,1
3215,val,2206,382552.000146412,1334571352.00015,26,17,1,2,-2399929.374659818,5383319.660822047,2429296.9586859513,-46406.41734731851,22.5354107986795,114.027294696996,21.6131364269698,1.00612898607743,1
3216,val,2206,382553.000147085,1334571353.00015,25,15,1,2,-2399925.74615474,5383320.392971589,2429289.365453584,-46986.58727073705,22.5354181041183,114.027293896722,21.2393629525828,0.761288381780861,1
3217,val,2206,382554.00014787,1334571354.00015,24,16,1,2,-2399927.925071931,5383316.812774972,2429298.16905408,-47558.64782575982,22.5354218030971,114.027294194879,20.6382392661317,0.428648297778599,1
3218,val,2206,382555.000148855,1334571355.00015,24,16,1,2,-2399922.92587084,5383310.069328747,2429289.7040852564,-48143.1421582464,22.5354195969281,114.027300495287,20.7311519539643,0.236985285599003,1
3219,val,2206,382556.000150159,1334571356.00015,23,15,1,3,-2399935.3290747087,5383329.320229872,2429314.7654563477,-48689.43244762739,22.5354226024635,114.027298300516,20.8005906216507,0.31117017774454,1
3220,val,2206,382557.000151924,1334571357.00015,24,14,1,2,-2399938.6374659496,5383327.121130404,2429320.4231697787,-49259.26871610704,22.535429603538,114.02729719759,20.8553221541689,0.761875724672867,1
3221,val,2206,382558.000154315,1334571358.00015,24,13,1,2,-2399947.1593817454,5383328.067362603,2429325.954379616,-49825.14021653115,22.5354408974458,114.027294100759,21.2359061989354,0.941580410981977,1
3222,val,2206,382559.000157487,1334571359.00016,25,15,1,2,-2399941.500649703,5383331.481290341,2429327.040275529,-50399.893854839094,22.535454697178,114.027291003411,20.6920397604164,1.13956006731296,1
3223,val,2206,382560.000161532,1334571360.00016,25,15,1,2,-2399938.731574924,5383321.922875434,2429322.9766295725,-50981.95204979445,22.5354648009329,114.027290098212,19.9864363330121,1.18744679103324,1
3224,val,2206,382561.000166415,1334571361.00017,22,14,1,2,-2399928.413343848,5383320.352895314,2429308.189348656,-51570.473998563,22.5354783042875,114.027286599085,19.9495302981807,1.19478317989915,1
3225,val,2206,382562.00017192,1334571362.00017,24,15,1,2,-2399931.711079461,5383322.323667233,2429311.6971262665,-52140.080951352036,22.5354878995549,114.027285201449,20.2902160066368,1.14264858453925,1
3226,val,2206,382563.000177662,1334571363.00018,23,15,1,2,-2399938.043230589,5383327.452839345,2429320.9330798257,-52703.68891565107,22.5354947027949,114.027277903641,20.2748778066587,0.983929035467118,1
3227,val,2206,382564.000183186,1334571364.00018,24,15,1,2,-2399934.382870579,5383321.507257967,2429316.5153387394,-53284.16076463082,22.535506505067,114.027275996341,20.0918505343085,1.0122323489081,1
3228,val,2206,382565.000188102,1334571365.00019,23,16,1,2,-2399931.701387974,5383317.946276599,2429311.0579397907,-53864.30828260481,22.5355160045142,114.027269502744,20.1111153238395,1.09138943924128,1
3229,val,2206,382566.000192188,1334571366.00019,26,16,1,2,-2399924.6363247065,5383338.560474081,2429312.1622671364,-54428.37587319142,22.5355292037578,114.027264196696,20.2988840796496,1.16077877193276,1
3230,val,2206,382567.000195403,1334571367.0002,24,16,1,2,-2399918.602701128,5383337.382326939,2429312.830039854,-55002.925970593766,22.5355444988361,114.027261100021,20.2090497259518,1.24036813088252,1
3231,val,2206,382568.000197836,1334571368.0002,23,16,1,2,-2399922.5688034957,5383330.505787404,2429310.494307473,-55582.275591436286,22.535552597639,114.027253701049,20.414162902917,1.13357017231761,1
3232,val,2206,382569.00019964,1334571369.0002,23,19,1,2,-2399913.884805384,5383350.588974839,2429314.8311920315,-56142.570304531524,22.5355648977996,114.027255493794,20.6511472570372,0.902031162837588,1
3233,val,2206,382570.000200977,1334571370.0002,26,19,1,3,-2399925.61446073,5383403.677706182,2429328.6694427887,-56677.24185149507,22.5355747993814,114.027250700109,21.1762999506177,0.956057352354516,1
3234,val,2206,382571.000201994,1334571371.0002,27,19,1,3,-2399910.570577196,5383408.092513685,2429329.7080158205,-57256.51353598424,22.5355841016699,114.027248799377,21.201165474588,0.866091572560434,1
3235,val,2206,382572.000202807,1334571372.0002,26,20,1,3,-2399873.084383574,5383338.500631507,2429307.269684992,-57892.787897935224,22.5355887956812,114.027248993709,21.1929685277474,0.533745057691516,1
3236,val,2206,382573.000203504,1334571373.0002,26,23,1,3,-2399888.5176579016,5383335.842788843,2429305.214627852,-58466.81399390706,22.5355947983488,114.027245498452,21.5975103272837,0.515199629288208,1
3237,val,2206,382574.000204154,1334571374.0002,27,22,1,2,-2399889.7861443763,5383321.858257027,2429299.00764022,-59051.1702960677,22.5356027043467,114.027245101863,21.5202457317856,0.42554699363457,1
3238,val,2206,382575.000204806,1334571375.0002,28,20,1,3,-2399888.0180643466,5383344.326565582,2429310.673929284,-59612.123938292265,22.5356124993713,114.027244198169,21.6563570843749,0.521585426070594,1
3239,val,2206,382576.000205499,1334571376.00021,28,23,1,3,-2399890.3202108066,5383366.77098116,2429326.1731306314,-60168.42742240039,22.53562190135,114.027245895985,21.7068139584911,0.484753817168451,1
3240,val,2206,382577.000206265,1334571377.00021,28,23,1,2,-2399888.5480769,5383359.964132979,2429326.7013067678,-60746.82722955876,22.5356277979047,114.027241600036,21.7585910363101,0.352182000066946,1
3241,val,2206,382578.000207133,1334571378.00021,27,21,1,3,-2399891.550932554,5383342.3617692,2429315.5572614777,-61333.789573526155,22.5356333061611,114.02723929921,21.7967118734953,0.485994633237957,1
3242,val,2206,382579.000208132,1334571379.00021,28,25,1,3,-2399893.3817157466,5383375.235701467,2429322.828183167,-61884.90177031886,22.5356376989645,114.027232300006,21.4045126097403,0.622797616836127,1
3243,val,2206,382580.000209297,1334571380.00021,28,25,1,2,-2399893.5869927346,5383375.805851491,2429323.1174963266,-62457.86701299004,22.5356397006205,114.027222500669,21.2589387110086,0.90902646643884,1
3244,val,2206,382581.000210672,1334571381.00021,28,24,1,3,-2399889.0849361634,5383345.553379103,2429310.5285171294,-63055.21126982999,22.5356378987475,114.027215995974,21.0144005546651,0.881677462216594,1
3245,val,2206,382582.000212314,1334571382.00021,28,23,1,2,-2399885.153801487,5383342.350986839,2429316.081299562,-63632.170941065786,22.5356414019242,114.027206200016,20.8466530928792,0.945518087029008,1
3246,val,2206,382583.000214241,1334571383.00021,28,23,1,2,-2399889.474830683,5383347.484797087,2429310.131555653,-64204.276359409996,22.5356426990523,114.027196201938,20.7796790351785,0.882059324145518,1
3247,val,2206,382584.000216141,1334571384.00022,29,24,1,2,-2399883.377218968,5383333.895442706,2429310.531815044,-64784.826914647834,22.5356418033201,114.02718670016,20.6899498814626,0.997719452195265,1
3248,val,2206,382585.000217947,1334571385.00022,28,24,1,2,-2399882.0756506864,5383337.42516865,2429310.556258846,-65357.47954264561,22.5356407000641,114.027176793407,20.8408334484632,0.995244587236992,1
3249,val,2206,382586.000219976,1334571386.00022,28,24,1,2,-2399884.684288314,5383339.325701144,2429308.1612293418,-65930.12472203118,22.535640194528,114.027166498964,20.5921712089138,1.07054264255963,1
3250,val,2206,382587.000221889,1334571387.00022,28,23,1,2,-2399884.0470037526,5383332.771827638,2429299.884343182,-66510.0974187951,22.535634999847,114.02715269252,20.7182440717939,1.19952101923298,1
3251,val,2206,382588.000223806,1334571388.00022,27,23,1,2,-2399884.92520703,5383329.525692114,2429297.598335352,-67086.0759713614,22.5356304983237,114.027138298607,20.8315679069747,1.16265356728499,1
3252,val,2206,382589.000225834,1334571389.00023,28,22,1,2,-2399880.751150396,5383328.814862747,2429300.308747574,-67662.48546720941,22.5356319030895,114.027127097668,20.6446097033203,1.06948744032459,1
3253,val,2206,382590.000227647,1334571390.00023,27,22,1,2,-2399879.629403222,5383328.981053322,2429299.7283946765,-68237.40216766797,22.5356319983459,114.027116795725,20.6009663004391,1.03282176457473,1
3254,val,2206,382591.000229542,1334571391.00023,29,23,1,2,-2399885.204315613,5383330.263764892,2429294.621899261,-68808.53242678303,22.5356300971395,114.027105097367,20.9048047519505,1.12142594164558,1
3255,val,2206,382592.000230285,1334571392.00023,29,22,1,2,-2399878.5094190785,5383323.858304155,2429296.1261483687,-69389.5516090425,22.5356336009362,114.027090396849,21.0317376648241,1.22050368304652,1
3256,val,2206,382593.000234494,1334571393.00023,28,21,1,2,-2399876.979894254,5383317.845384771,2429293.5281426357,-69968.02992941852,22.5356285966801,114.027078499519,20.9555401475029,1.31108232570231,1
3257,val,2206,382594.000235276,1334571394.00024,29,22,1,2,-2399871.732830521,5383307.047263822,2429297.1378024337,-70550.2482297931,22.5356263034889,114.027067692324,20.2211328297659,1.23701412293298,1
3258,val,2206,382595.000237207,1334571395.00024,28,21,1,2,-2399868.7805155353,5383314.663662063,2429304.068620873,-71119.2679314165,22.5356298978183,114.027053694236,20.094309948808,1.29289315968519,1
3259,val,2206,382596.000239048,1334571396.00024,28,22,1,2,-2399868.824000437,5383312.809423924,2429303.0038204147,-71695.4440586863,22.5356283028812,114.027040795228,19.7788910871879,1.35983681722507,1
3260,val,2206,382597.000241051,1334571397.00024,28,22,1,2,-2399867.8920327327,5383306.494050743,2429299.545067564,-72275.13493733907,22.5356292974893,114.027028693509,19.5082387569978,1.40551437847499,1
3261,val,2206,382598.000243081,1334571398.00024,28,20,1,2,-2399866.4014630094,5383315.769585967,2429307.710105808,-72843.07974804738,22.53563079943,114.027015296095,19.3293121828692,1.45177334703661,1
3262,val,2206,382599.000244901,1334571399.00024,27,22,1,3,-2399879.9957647445,5383358.278803207,2429329.1101538143,-73380.0215974807,22.5356283939553,114.027002896758,19.2693422070283,1.40684207814975,1
3263,val,2206,382600.000246803,1334571400.00025,29,20,1,2,-2399875.1618103045,5383356.34700923,2429329.7411302263,-73957.42010918143,22.535626500062,114.02698999656,19.1771954636239,1.38010593876037,1
3264,val,2206,382601.000248724,1334571401.00025,28,23,1,3,-2399857.328402815,5383330.886303357,2429317.9723281884,-74556.00320388364,22.5356248966208,114.026976598981,18.8875873972024,1.37297517402308,1
3265,val,2206,382602.000250621,1334571402.00025,28,22,1,2,-2399859.794471023,5383333.619973055,2429318.9016298475,-75127.3808894478,22.5356211023627,114.026964199096,18.8277757960171,1.29268899729452,1
3266,val,2206,382603.000251277,1334571403.00025,27,22,1,2,-2399855.8296036418,5383330.606080905,2429318.597263767,-75705.82757747053,22.5356197992444,114.02695079665,18.912081679672,1.37657110929388,1
3267,val,2206,382604.000254445,1334571404.00025,27,20,1,2,-2399854.453652611,5383332.81007758,2429317.6691117394,-76278.72299844692,22.5356179968902,114.026938801539,18.8346917993968,1.29644910727363,1
3268,val,2206,382605.000257667,1334571405.00026,26,20,1,2,-2399857.3565959674,5383333.214100126,2429318.623067933,-76852.45363616552,22.5356141969209,114.026926898662,18.690262690084,1.34561109777434,1
3269,val,2206,382606.000258312,1334571406.00026,25,18,1,3,-2399827.215115454,5383320.010829769,2429331.2311595166,-77446.18442165144,22.5356134040816,114.026913698375,18.6278848112891,1.41135051903382,1
3270,val,2206,382607.000260204,1334571407.00026,26,19,1,3,-2399846.590035331,5383327.93818317,2429324.305123948,-78008.77912028723,22.5356097966661,114.026901301145,18.6929743618653,1.40184717533562,1
3271,val,2206,382608.000261054,1334571408.00026,26,18,1,2,-2399845.852527376,5383328.415282239,2429321.5256231665,-78583.24804899431,22.5356055023234,114.026888895281,18.8031152903772,1.38585392384725,1
3272,val,2206,382609.00026176,1334571409.00026,26,20,1,2,-2399838.170981875,5383321.93505874,2429321.495852355,-79164.44744181959,22.5356002964665,114.026879197545,18.8303765322145,1.25446671380226,1
3273,val,2206,382610.000265054,1334571410.00027,25,19,1,2,-2399830.562512573,5383315.319531902,2429324.1839033794,-79746.77525553695,22.53559890019,114.026868595867,18.6760522576892,1.19737160950454,1
3274,val,2206,382611.000270627,1334571411.00027,25,20,1,2,-2399824.7396032573,5383314.171759694,2429323.8976311623,-80324.03033767035,22.5355963976541,114.026857897302,18.5455367520484,1.31967499485206,1
3275,val,2206,382612.000271674,1334571412.00027,24,20,1,2,-2399826.539102913,5383315.465170002,2429314.6984246555,-80896.81907437093,22.5355920973358,114.02684659602,18.4459127221142,1.3191982572197,1
3276,val,2206,382613.000271711,1334571413.00027,25,19,1,2,-2399822.9200071855,5383313.069797569,2429321.1441603913,-81474.1794392785,22.5355906980058,114.026834193726,18.3158515311569,1.32508828690596,1
3277,val,2206,382614.000271513,1334571414.00027,23,18,1,2,-2399821.100879205,5383313.536445051,2429323.736363978,-82049.41562038491,22.5355914003087,114.026820900078,18.1859435995334,1.35695305591864,1
3278,val,2206,382615.000273659,1334571415.00027,23,19,1,3,-2399802.7603696804,5383286.717717739,2429364.274659059,-82649.18543628074,22.5355907027942,114.026807192938,17.9806942064812,1.4238233649342,1
3279,val,2206,382616.00027962,1334571416.00028,22,18,1,3,-2399820.9225001396,5383312.107868788,2429320.65149491,-83199.74834714382,22.5355872020936,114.026795993572,18.009408594145,1.33947064585409,1
3280,val,2206,382617.000280794,1334571417.00028,22,19,1,2,-2399816.152928167,5383309.823856919,2429319.7906302307,-83777.28472325102,22.5355844977,114.02678299879,17.9274924071936,1.43561713949547,1
3281,val,2206,382618.000281289,1334571418.00028,24,21,1,2,-2399826.9821556727,5383311.360678523,2429305.091546276,-84343.7811337196,22.5355818985207,114.026770597684,17.4495799584658,1.40627323190696,1
3282,val,2206,382619.000283072,1334571419.00028,22,20,1,3,-2399809.65587099,5383308.129133384,2429322.7450369266,-84926.71821827945,22.5355813010179,114.02675709534,17.0089686747893,1.43382182356786,1
3283,val,2206,382620.000285128,1334571420.00029,23,20,1,2,-2399807.262506236,5383305.527962275,2429321.450963571,-85503.47490798777,22.5355780996353,114.0267435015,16.5247832841674,1.46430913094818,1
3284,val,2206,382621.000285882,1334571421.00029,23,19,1,2,-2399807.5202160636,5383311.8924982315,2429322.7565353634,-86074.25168978497,22.5355802964001,114.026727897462,16.5622004304124,1.40790293017428,1
3285,val,2206,382622.000286458,1334571422.00029,24,19,1,2,-2399806.821997154,5383315.719258183,2429323.987783667,-86645.88125673097,22.5355788974601,114.026715100936,16.6876071321516,1.39318498496438,1
3286,val,2206,382623.000288173,1334571423.00029,25,20,1,2,-2399807.2189585376,5383315.259469804,2429320.63368875,-87220.04936065106,22.5355766036458,114.026702001238,16.4699923601285,1.45381673709815,1
3287,val,2206,382624.000293186,1334571424.00029,25,20,1,2,-2399819.967484459,5383321.665810396,2429309.122968549,-87785.41363527314,22.5355730029279,114.026688700757,16.1681047455144,1.35699090137445,1
3288,val,2206,382625.000297558,1334571425.0003,25,19,1,2,-2399807.4407304907,5383320.071082461,2429325.086328479,-88370.98967824275,22.535573200999,114.02667469004,16.0292365169112,1.4752029277038,1
3289,val,2206,382626.000298901,1334571426.0003,26,21,1,2,-2399810.31217566,5383321.417611278,2429321.1412059073,-88946.14382760269,22.5355709991063,114.026660595307,15.7427291493032,1.48625032903302,1
3290,val,2206,382627.000299533,1334571427.0003,27,22,1,2,-2399808.5301047387,5383320.544175629,2429319.570964092,-89523.60527140184,22.5355712037712,114.026644801651,15.4089425708237,1.44029795357735,1
3291,val,2206,382628.000300518,1334571428.0003,26,22,1,2,-2399805.2961819386,5383322.949931316,2429321.5801809654,-90098.38339301213,22.5355706017284,114.026631396008,15.4731424291085,1.42879496233472,1
3292,val,2206,382629.000302419,1334571429.0003,26,22,1,2,-2399810.5711087533,5383333.128174158,2429317.0032715057,-90668.67385866141,22.5355718025873,114.026616298985,15.4710273081881,1.472266034468,1
3293,val,2206,382630.000303288,1334571430.0003,27,22,1,2,-2399810.3945993474,5383331.178632853,2429316.696296883,-91244.95824838782,22.5355701954723,114.026601790253,15.1770702876656,1.42423438108479,1
3294,val,2206,382631.000303914,1334571431.0003,26,22,1,2,-2399800.2245640713,5383320.871321058,2429320.030352121,-91826.85871147424,22.5355713985158,114.02658789682,15.1482747861431,1.4218250125076,1
3295,val,2206,382632.00030675,1334571432.00031,26,22,1,2,-2399798.58284046,5383321.081727519,2429319.5238017216,-92402.33985946901,22.5355690984794,114.026574798109,15.3263336004595,1.45019343152921,1
3296,val,2206,382633.000313372,1334571433.00031,26,23,1,2,-2399800.0722163087,5383328.456034497,2429314.8426914155,-92971.48658613632,22.5355668026298,114.026563393157,15.4511430991933,1.29185358899689,1
3297,val,2206,382634.000314474,1334571434.00031,26,24,1,2,-2399797.099146522,5383330.5664799595,2429315.65980796,-93545.66635474018,22.535564200305,114.026549799148,15.5741469372817,1.4159440460879,1
3298,val,2206,382635.00031392,1334571435.00031,26,24,1,2,-2399798.744796542,5383332.256088143,2429316.1454004054,-94118.5030298753,22.5355643976063,114.02653459139,15.6519934720687,1.43432890518824,1
3299,val,2206,382636.000314259,1334571436.00031,26,21,1,2,-2399797.986479651,5383331.636213457,2429320.2307590884,-94694.23515673747,22.5355613991427,114.026520890834,15.6850982817534,1.44116077702971,1
3300,val,2206,382637.000314535,1334571437.00031,27,23,1,2,-2399795.3074872266,5383335.072089505,2429321.379257542,-95267.85298930948,22.5355584009123,114.026506994038,15.793817296121,1.46262262999715,1
3301,val,2206,382638.000315465,1334571438.00032,27,23,1,2,-2399794.7243521158,5383339.057829545,2429320.83346857,-95839.9791481111,22.5355554997897,114.026495802297,16.108834019561,1.26592383959532,1
3302,val,2206,382639.000318849,1334571439.00032,26,23,1,2,-2399792.518825928,5383337.643766099,2429317.869617565,-96417.1068308008,22.5355543961301,114.026484291081,16.3068770186774,1.27275540540097,1
3303,val,2206,382640.000324859,1334571440.00032,26,23,1,2,-2399792.160107982,5383339.196763906,2429318.2351115374,-96989.76063431059,22.535551300386,114.026472492979,16.3920322400837,1.24339724658186,1
3304,val,2206,382641.000329048,1334571441.00033,26,23,1,2,-2399794.693260335,5383345.181161035,2429314.672717837,-97559.32794292593,22.5355521034512,114.026457196654,15.9480788660894,1.35632719502269,1
3305,val,2206,382642.000330596,1334571442.00033,26,23,1,2,-2399787.1560138557,5383342.061441157,2429316.5730711143,-98138.995722103,22.5355514985385,114.026444697229,15.9374016323605,1.23104651881586,1
3306,val,2206,382643.000331266,1334571443.00033,26,20,1,2,-2399791.0752097643,5383348.5716686025,2429314.3211691203,-98707.82394486616,22.5355473989043,114.026432791719,15.8703443110098,1.19785735841599,1
3307,val,2206,382644.000331963,1334571444.00033,26,22,1,2,-2399789.084322069,5383343.95954015,2429313.301837902,-99284.62277453534,22.5355454975394,114.026420695008,15.6861917187994,1.17638126683504,1
3308,val,2206,382645.000333094,1334571445.00033,26,21,1,2,-2399785.547966895,5383340.64502547,2429318.8639114364,-99865.61781740142,22.5355457968347,114.026407700377,15.7316273667516,1.21891865738142,1
3309,val,2206,382646.000334991,1334571446.00033,26,22,1,2,-2399788.4233257365,5383338.454012084,2429313.3489561887,-100440.81768481908,22.5355434965914,114.026397993297,15.7271715427353,1.12085442723712,1
3310,val,2206,382647.00033692,1334571447.00034,26,24,1,2,-2399786.275238195,5383338.797633179,2429309.7777930414,-101015.10151684702,22.5355409004217,114.026387500181,15.5172104221926,1.13800392354423,1
3311,val,2206,382648.000338844,1334571448.00034,26,24,1,2,-2399788.211456011,5383346.545591949,2429306.876313218,-101584.31099446358,22.5355399934916,114.026375696595,15.4383417890524,1.1903023547763,1
3312,val,2206,382649.000340734,1334571449.00034,26,23,1,2,-2399785.136003783,5383342.989270658,2429310.5462572984,-102163.00997494541,22.535543697017,114.02636019655,15.8406334271005,1.35729773644344,1
3313,val,2206,382650.000341328,1334571450.00034,26,22,1,2,-2399783.7066655783,5383341.043403245,2429308.720539035,-102739.00804686858,22.535543000063,114.026345994086,16.1075021289239,1.42965460153361,1
3314,val,2206,382651.000346514,1334571451.00035,26,21,1,2,-2399784.13205076,5383350.0382359335,2429315.8646551087,-103307.77017954599,22.5355440992672,114.026331098777,16.2577337331321,1.46877225887483,1
3315,val,2206,382652.000346493,1334571452.00035,26,20,1,2,-2399779.33075229,5383344.2982943505,2429311.3990841494,-103887.96964624779,22.5355388967968,114.026317996182,16.5215256625895,1.43484438260685,1
3316,val,2206,382653.000346966,1334571453.00035,26,21,1,2,-2399775.514393078,5383341.949915379,2429312.8126575868,-104464.58088244974,22.535534302159,114.026305490822,16.9910648205406,1.41554073169021,1
3317,val,2206,382654.000347516,1334571454.00035,26,20,1,2,-2399773.172017467,5383344.437192979,2429316.7839894914,-105038.6693614392,22.5355291945339,114.026293395522,17.2973769610597,1.4052033427544,1
3318,val,2206,382655.000351234,1334571455.00035,22,20,1,3,-2399733.621369257,5383182.22031101,2429266.6840423034,-105708.5876295234,22.53552849627,114.026279089657,17.3480522652959,1.4451331780143,1
3319,val,2206,382656.000357836,1334571456.00036,20,19,1,3,-2399833.469115151,5383533.7733088825,2429218.3802393726,-106039.92680496037,22.5355277048243,114.026267594902,17.2826737561037,1.21989572024053,1
3320,val,2206,382657.000358583,1334571457.00036,21,18,1,3,-2399800.5139672766,5383369.85584571,2429273.64280313,-106752.95674613293,22.5355234018826,114.02625309886,17.0741593770362,1.46722173325857,1
3321,val,2206,382658.000358057,1334571458.00036,21,17,1,3,-2399769.7330562226,5383338.6238221275,2429296.4411172937,-107363.40941585026,22.5355214019068,114.026238492248,17.041777761123,1.48378045269614,1
3322,val,2206,382659.000358369,1334571459.00036,20,16,1,2,-2399764.915554194,5383338.537541425,2429299.5648940606,-107940.65952908614,22.5355215035955,114.026224592571,16.6076467795401,1.45673762389756,1
3323,val,2206,382660.000358633,1334571460.00036,23,20,1,2,-2399762.517076044,5383348.981518924,2429297.1293043005,-108506.08341588076,22.53551990222,114.02620989271,15.6809421592636,1.39152800507375,1
3324,val,2206,382661.000359592,1334571461.00036,26,21,1,2,-2399765.8999066497,5383352.023648219,2429298.2648526393,-109077.33624704204,22.5355188031305,114.026194993026,14.9096705582813,1.38202182117718,1
3325,val,2206,382662.000363074,1334571462.00036,27,22,1,2,-2399764.239002549,5383354.990397656,2429297.435510383,-109650.0562824667,22.5355179992654,114.026180295122,14.7902263212467,1.38629516448083,1
3326,val,2206,382663.000369139,1334571463.00037,27,23,1,2,-2399766.5530558075,5383357.572725516,2429303.941914279,-110220.79752319082,22.5355164002144,114.026165193925,14.6924665103227,1.39535858560852,1
3327,val,2206,382664.000373271,1334571464.00037,27,22,1,2,-2399755.0906686485,5383349.882213919,2429309.208784572,-110805.37710544255,22.5355145981759,114.026151093907,14.3671712476479,1.35520287835801,1
3328,val,2206,382665.000374772,1334571465.00037,28,21,1,2,-2399751.5450912495,5383347.752609493,2429311.044922087,-111381.17563304387,22.5355148008327,114.026135194745,13.6712931430189,1.44845109187372,1
3329,val,2206,382666.000375421,1334571466.00038,28,22,1,2,-2399759.131583083,5383348.869722034,2429303.078587075,-111953.67313348044,22.5355142971311,114.02612109736,13.0620377563988,1.3839711165375,1
3330,val,2206,382667.000376105,1334571467.00038,28,22,1,2,-2399758.7170744757,5383348.169600422,2429299.5498235035,-112528.48995309544,22.5355129977605,114.026106992953,12.8034837301217,1.3610194942781,1
3331,val,2206,382668.000377228,1334571468.00038,28,23,1,2,-2399759.3778055785,5383354.062042509,2429300.099575782,-113099.00288752474,22.5355156013847,114.026091089909,11.9130888544415,1.45357048175121,1
3332,val,2206,382669.000379125,1334571469.00038,28,23,1,2,-2399759.6069266195,5383357.651850112,2429301.566926594,-113671.17157053754,22.5355162021224,114.026074196034,11.3378517321295,1.49300087555977,1
3333,val,2206,382670.000381048,1334571470.00038,28,23,1,2,-2399760.876353247,5383360.266576191,2429300.4635261344,-114243.68614392637,22.5355127026225,114.026059589962,10.3511581681307,1.40722928275651,1
3334,val,2206,382671.000382614,1334571471.00038,28,24,1,2,-2399758.572077357,5383360.382868518,2429301.490077767,-114817.4729752967,22.5355121976516,114.026042791363,9.38488462112556,1.40360036013528,1
3335,val,2206,382672.000384884,1334571472.00038,28,22,1,2,-2399757.9488770016,5383356.5408222815,2429299.694088178,-115396.37656982263,22.535507997461,114.026028494489,8.8045103831332,1.37841831677992,1
3336,val,2206,382673.000385489,1334571473.00039,28,22,1,2,-2399760.903729959,5383368.111977264,2429302.233314884,-115963.85599828884,22.5355050976937,114.026014696135,8.56347029872058,1.33606571469015,1
3337,val,2206,382674.00038642,1334571474.00039,29,25,1,2,-2399756.9538694792,5383361.571891947,2429299.6951615307,-116540.48857038595,22.5355010984189,114.026001292115,8.11487360197955,1.31637054464624,1
3338,val,2206,382675.000390896,1334571475.00039,29,25,1,2,-2399752.5782027943,5383360.583131725,2429300.273089646,-117116.82196507748,22.5354984988735,114.025986999435,8.11204130004208,1.41015913259218,1
3339,val,2206,382676.000394716,1334571476.00039,28,25,1,2,-2399749.731615679,5383361.611161002,2429302.470575891,-117692.02109220008,22.535496594562,114.02597199616,7.97311816657508,1.43673845356792,1
3340,val,2206,382677.000395546,1334571477.0004,28,24,1,2,-2399748.427416021,5383362.258604635,2429302.717398227,-118267.2973021845,22.5354942005609,114.025956599871,7.64399628714449,1.43305143829933,1
3341,val,2206,382678.000396386,1334571478.0004,28,25,1,2,-2399745.8887592913,5383363.139384381,2429301.6161164665,-118841.75532730053,22.5354935011876,114.025941195743,7.40537563043024,1.3744424921084,1
3342,val,2206,382679.000398294,1334571479.0004,28,26,1,2,-2399744.198576033,5383361.338609796,2429297.8189730346,-119417.85518365914,22.535491795339,114.025927292938,7.21875650259601,1.30514943271297,1
3343,val,2206,382680.000400209,1334571480.0004,28,26,1,2,-2399742.302860099,5383361.357497353,2429296.4133174554,-119992.79184509897,22.5354880982983,114.025915699416,7.15367547694866,1.10928533793892,1
3344,val,2206,382681.000402121,1334571481.0004,29,25,1,2,-2399738.5965800555,5383359.589585142,2429296.6570313023,-120570.07044160641,22.5354830012088,114.02590589629,7.34782504922966,0.97927329154422,1
3345,val,2206,382682.000404055,1334571482.0004,28,25,1,2,-2399737.766735269,5383359.504960365,2429296.601404978,-121144.72312748525,22.5354809021907,114.025894894585,7.39147905981851,0.949491444460521,1
3346,val,2206,382683.000405954,1334571483.00041,29,26,1,2,-2399737.174509456,5383360.203956065,2429296.696356735,-121718.59187048225,22.5354786033015,114.02588419606,7.20395201563486,0.962165078165596,1
3347,val,2206,382684.000407857,1334571484.00041,28,25,1,2,-2399737.7756554894,5383362.149547714,2429294.54845194,-122292.83145552543,22.5354763009876,114.025875393341,6.80335575565536,0.837215439552817,1
3348,val,2206,382685.000408603,1334571485.00041,26,25,1,2,-2399737.1909351475,5383358.032333169,2429287.5213109986,-122871.03675603573,22.5354737017004,114.025866995927,6.77433644477785,0.812117353021731,1
3349,val,2206,382686.000412853,1334571486.00041,27,24,1,3,-2399859.2504651803,5383511.990622056,2429339.8654999663,-123357.34410701723,22.5354711993718,114.025858091975,6.44016966688205,0.876277457084702,1
3350,val,2206,382687.000413626,1334571487.00041,26,23,1,3,-2399729.2350772964,5383354.470356656,2429291.6835954823,-124021.44239139256,22.5354676009266,114.02584839496,6.18458944054696,0.989293409289675,1
3351,val,2206,382688.000415553,1334571488.00042,26,23,1,2,-2399729.998080968,5383359.712902957,2429292.108926835,-124593.32987794791,22.5354618963338,114.025839397062,6.00324724411992,1.07667145644243,1
3352,val,2206,382689.000417461,1334571489.00042,26,23,1,2,-2399726.47887838,5383358.21868474,2429292.9978336855,-125169.96297391728,22.5354553004358,114.025828095343,5.80887601749337,1.23742987848699,1
3353,val,2206,382690.00041938,1334571490.00042,27,23,1,2,-2399725.347596682,5383359.6111693205,2429293.896289355,-125743.64983795892,22.5354521014985,114.025814894003,5.69992378875552,1.31852618669085,1
3354,val,2206,382691.000421298,1334571491.00042,27,23,1,2,-2399723.8755968697,5383361.637482331,2429291.587684083,-126317.43525870418,22.5354471990598,114.025803097805,5.53146646316599,1.25553686379138,1
3355,val,2206,382692.000423219,1334571492.00042,27,23,1,2,-2399724.971820657,5383368.571835322,2429294.9699653457,-126886.25576197919,22.5354439017305,114.025791799803,5.48519092244086,1.13821805473605,1
3356,val,2206,382693.000425137,1334571493.00043,27,25,1,2,-2399725.219806869,5383372.534637439,2429295.3517479007,-127458.33998613762,22.5354415965923,114.025780791593,5.10891637193023,1.05548109355162,1
3357,val,2206,382694.000427055,1334571494.00043,27,25,1,2,-2399726.144905683,5383381.9815818425,2429297.68214248,-128026.91569928426,22.5354430978612,114.025768994336,4.70835622532531,1.06032191049294,1
3358,val,2206,382695.000428973,1334571495.00043,27,24,1,2,-2399726.51544467,5383383.823892547,2429298.1830938035,-128600.38319490809,22.5354412986216,114.025757197986,4.54145645412144,1.13430968674711,1
3359,val,2206,382696.00043089,1334571496.00043,27,24,1,2,-2399724.201947332,5383385.913253658,2429298.1414616196,-129175.02928113873,22.5354380988227,114.025744492291,4.64911619255439,1.19541726564748,1
3360,val,2206,382697.000432812,1334571497.00043,27,25,1,2,-2399725.5189427515,5383388.751404714,2429298.516414896,-129748.03801590814,22.5354378004116,114.025731091793,4.46796555075208,1.27024011522883,1
3361,val,2206,382698.000434728,1334571498.00043,29,26,1,2,-2399722.7725418434,5383376.320284079,2429294.418597946,-130331.4397605404,22.5354363985927,114.025718193212,4.42461149727502,1.26732358500323,1
3362,val,2206,382699.00043664,1334571499.00044,29,25,1,2,-2399726.8528834376,5383386.103784964,2429296.082991907,-130899.36241707472,22.5354346968194,114.025705996966,4.63348182993253,1.21151589065861,1
3363,val,2206,382700.000438543,1334571500.00044,28,24,1,2,-2399726.5110019925,5383397.27849961,2429300.7773257,-131467.38424046373,22.5354332009055,114.025695501143,4.71692716245543,1.06406972045893,1
3364,val,2206,382701.000440356,1334571501.00044,29,25,1,2,-2399729.4987288807,5383403.550614014,2429309.576789464,-132031.67510309885,22.5354364973035,114.025687097235,4.77702550027096,0.937601381717422,1
3365,val,2206,382702.00044238,1334571502.00044,28,25,1,2,-2399729.5122742923,5383410.06957537,2429306.478735635,-132601.6809761002,22.5354481048167,114.025680300578,4.87084514231886,0.933056939226734,1
3366,val,2206,382703.000444404,1334571503.00044,27,24,1,2,-2399731.758615091,5383410.0204854775,2429306.174874616,-133175.461947897,22.5354594024371,114.025676198964,4.97644900379451,0.837075317189278,1
3367,val,2206,382704.000446224,1334571504.00045,27,22,1,2,-2399732.5397515595,5383412.425962234,2429307.545807382,-133749.2294716242,22.5354708048287,114.025672397417,5.05677396528268,0.935901704104357,1
3368,val,2206,382705.00044813,1334571505.00045,27,23,1,3,-2399723.284359553,5383397.168738029,2429296.948965253,-134337.85688058077,22.5354799082083,114.025666497214,5.09563876556848,0.989971037496826,1
3369,val,2206,382706.000450036,1334571506.00045,27,24,1,2,-2399727.2138203783,5383404.562084286,2429303.1028185184,-134904.53758465472,22.5354871072321,114.025659196509,5.00595703220259,1.00170244298984,1
3370,val,2206,382707.000451949,1334571507.00045,28,25,1,2,-2399728.0604820685,5383409.980530966,2429305.800853052,-135474.78696846735,22.5354955043108,114.025650198284,5.08972019802412,1.03317099303948,1
3371,val,2206,382708.000453876,1334571508.00045,27,25,1,2,-2399728.353598256,5383411.641908159,2429307.1757315537,-136047.5567250087,22.5354999039844,114.025638698746,5.15728041203339,1.08944274526756,1
3372,val,2206,382709.000455798,1334571509.00046,27,24,1,2,-2399723.5841945224,5383405.66217837,2429296.7646201765,-136631.69501827747,22.5355054072308,114.025627998767,4.97495482190398,1.10234810641183,1
3373,val,2206,382710.00045771,1334571510.00046,27,26,1,2,-2399726.93592844,5383413.673610056,2429307.7078320133,-137196.79381326673,22.535507206032,114.025617897079,4.93306224627141,0.988183743783919,1
3374,val,2206,382711.000459622,1334571511.00046,27,27,1,2,-2399722.3432246814,5383411.665901618,2429304.963604555,-137771.91527228645,22.535513704338,114.02560939737,5.00993181610117,1.06186865731593,1
3375,val,2206,382712.000461535,1334571512.00046,27,25,1,2,-2399725.149521618,5383414.073293077,2429304.3427896053,-138345.24323452596,22.5355161018647,114.025604196818,4.94130234589024,0.726677637067555,1
3376,val,2206,382713.000463451,1334571513.00046,27,25,1,2,-2399720.3619144224,5383412.993407366,2429304.7055193405,-138921.39085935857,22.5355202997671,114.025597293326,5.69705000338638,0.687443724723268,1
3377,val,2206,382714.000465357,1334571514.00047,27,25,1,2,-2399724.3018399305,5383421.172195266,2429313.742988293,-139485.1459177389,22.5355285990443,114.025591393664,5.77597656753704,0.925530371025308,1
3378,val,2206,382715.000467005,1334571515.00047,27,25,1,2,-2399727.6454015383,5383428.095932135,2429318.408730402,-140052.02916275593,22.5355391048253,114.025588395478,5.80869438468013,1.01542052730171,1
3379,val,2206,382716.000469194,1334571516.00047,27,23,1,3,-2399737.6493856534,5383448.146618137,2429328.0026856177,-140612.3763380614,22.535549103971,114.025587002543,5.75207158912906,1.04214882339953,1
3380,val,2206,382717.000469629,1334571517.00047,27,21,1,2,-2399736.8346696594,5383450.922552211,2429328.955296434,-141184.95839335505,22.5355583029497,114.025580492908,6.52726835893626,1.06844756786395,1
3381,val,2206,382718.000473222,1334571518.00047,27,22,1,3,-2399720.5391708193,5383430.244708277,2429317.1997296014,-141777.0313430426,22.5355648996081,114.025575500375,6.82792067393553,0.970734494718305,1
3382,val,2206,382719.000476213,1334571519.00048,27,21,1,2,-2399723.7026146976,5383434.214357637,2429321.2473947555,-142347.88928698882,22.535576706233,114.025571099628,7.24671469540344,1.18719362217883,1
3383,val,2206,382720.000476856,1334571520.00048,27,22,1,2,-2399724.1631675106,5383435.8169264365,2429321.507973134,-142920.93191509126,22.5355871035823,114.025565602715,7.59262836782308,1.30470871350909,1
3384,val,2206,382721.000478756,1334571521.00048,26,21,1,2,-2399721.890963106,5383429.0398959415,2429320.6023398265,-143500.30309093292,22.5355971027372,114.025563193592,7.73684178255732,1.23937496622963,1
3385,val,2206,382722.000480177,1334571522.00048,26,20,1,2,-2399721.9176578326,5383430.3385198945,2429323.279964391,-144071.07381490033,22.5356096082961,114.025560395912,7.87501486368234,1.3368068932096,1
3386,val,2206,382723.000481222,1334571523.00048,27,19,1,2,-2399721.488119975,5383425.714629091,2429324.1815828267,-144647.41520927526,22.5356204098354,114.02555550324,7.99809431308977,1.3192190263382,1
3387,val,2206,382724.000482021,1334571524.00048,27,20,1,2,-2399718.9336074423,5383430.857939135,2429325.3324933783,-145218.10499379813,22.5356332035172,114.025551596454,8.04109664126029,1.38729279430723,1
3388,val,2206,382725.000482683,1334571525.00048,25,20,1,2,-2399724.137539833,5383438.725993655,2429329.040662875,-145785.46275227258,22.5356449009421,114.025550902534,8.05812049901151,1.2670317179972,1
3389,val,2206,382726.00048333,1334571526.00048,26,20,1,2,-2399727.810095739,5383444.717963043,2429335.1407891666,-146352.38842630413,22.5356582068998,114.025548896219,8.42884123430681,1.36366410516299,1
3390,val,2206,382727.000484161,1334571527.00048,25,21,1,2,-2399721.2936136504,5383433.667863962,2429327.668455762,-146935.73822796802,22.5356696071824,114.0255477956,8.89807249086176,1.0881986118406,1
3391,val,2206,382728.00048551,1334571528.00049,25,21,1,2,-2399725.34278552,5383440.766153777,2429331.7659332086,-147504.47824159858,22.5356841039942,114.025545393643,9.47812216115951,1.25784078475361,1
3392,val,2206,382729.000487884,1334571529.00049,25,20,1,2,-2399720.749522407,5383437.4448059825,2429328.844380933,-148081.87905707964,22.5356965052032,114.025543092514,9.7772219432499,1.37223786730337,1
3393,val,2206,382730.000491785,1334571530.00049,25,19,1,2,-2399718.799591054,5383437.884915299,2429330.0011123107,-148655.55310569794,22.5357077092812,114.025538994845,10.1111655054568,1.29773903759644,1
3394,val,2206,382731.000497133,1334571531.0005,25,18,1,2,-2399720.2944185096,5383440.232910843,2429337.964006906,-149226.7495718798,22.5357184045882,114.025531792583,10.4738982337063,1.28808260126027,1
3395,val,2206,382732.000502801,1334571532.0005,26,13,1,2,-2399717.490486194,5383435.80948229,2429335.8975068256,149987.77829249945,22.5357292034764,114.025531895597,10.2532858482755,1.14315463513274,1
3396,val,2206,382733.000507375,1334571533.00051,26,16,1,2,-2399714.9197711856,5383444.251592254,2429336.1297413907,149418.24142403813,22.5357407029511,114.025528393364,10.2736177359921,1.19970821293106,1
3397,val,2206,382733.999510331,1334571533.99951,27,18,1,2,-2399712.5751264775,5383439.055900287,2429338.8640203434,148842.16245307407,22.5357504931158,114.025526502409,10.1686398627718,1.04083305652973,1
3398,val,2206,382734.99951202,1334571534.99951,26,16,1,2,-2399712.74265352,5383429.304173771,2429335.164964589,148260.74018801193,22.5357585931907,114.025528898032,10.6918442343194,0.899673777371911,1
3399,val,2206,382735.999512994,1334571535.99951,26,19,1,2,-2399706.57833722,5383415.332471486,2429325.6699790847,147675.09743099962,22.5357672976539,114.025527702917,10.9518615419079,1.04031646508338,1
3400,val,2206,382736.999513663,1334571536.99951,29,18,1,2,-2399707.3205541763,5383421.880786884,2429329.245725656,147105.22542853517,22.5357781969949,114.025526304595,10.5973975703498,1.11478052777367,1
3401,test,2206,382737.999514273,1334571537.99951,28,21,1,3,-2399692.2741646017,5383356.892107077,2429310.342275533,146481.23869936707,22.5357870988471,114.025525701402,10.7501106802055,1.01873418600262,1
3402,test,2206,382738.99951497,1334571538.99952,27,19,1,3,-2399696.078177678,5383375.5152305905,2429315.6741000335,145919.40889526735,22.5357937951995,114.025524802054,10.8862742121013,0.808397658109459,1
3403,test,2206,382739.999515858,1334571539.99952,26,21,1,2,-2399691.695865543,5383372.053641275,2429318.091008138,145344.5019667659,22.5358013942073,114.02552329809,11.3160824702509,0.883867483037304,1
3404,test,2206,382740.999517046,1334571540.99952,26,21,1,2,-2399691.166511008,5383372.248227516,2429319.0332653187,144769.859464874,22.535810593268,114.025522600592,11.5275502121843,1.02093525070959,1
3405,test,2206,382741.999516273,1334571541.99952,26,20,1,2,-2399696.9388373806,5383375.7930094665,2429323.2318756874,144199.66770744877,22.5358162959394,114.025522904166,12.2290643468611,0.665764140830491,1
3406,test,2206,382742.99952227,1334571542.99952,28,20,1,2,-2399695.9829477724,5383375.6551023405,2429322.0907881903,143623.68799851846,22.5358235931229,114.025523801528,12.7523833240503,0.817669921915516,1
3407,test,2206,382743.999522804,1334571543.99952,29,24,1,3,-2399699.253209474,5383395.189380122,2429329.551904734,143064.64672964945,22.5358273927615,114.025524693938,13.3979956917429,0.667960492586073,1
3408,test,2206,382744.999524689,1334571544.99952,29,24,1,2,-2399705.5584147163,5383398.4374064235,2429325.4244266883,142492.89387981538,22.5358331955128,114.025526200888,14.8810265082099,0.906938719872411,1
3409,test,2206,382745.999525423,1334571545.99953,30,24,1,2,-2399709.628701122,5383398.900862965,2429327.700889053,141919.72122383592,22.5358394952306,114.025526996799,14.806967473978,0.977759213031098,1
3410,test,2206,382746.999529719,1334571546.99953,30,25,1,2,-2399709.7364866617,5383400.978828643,2429327.0754089803,141346.0710049109,22.5358442993861,114.025529800366,16.0689670728524,0.875792464746543,1
3411,test,2206,382747.999530458,1334571547.99953,29,25,1,2,-2399710.1002811673,5383402.174087926,2429327.685309612,140772.56118426027,22.5358455977762,114.025530596289,17.1448545957608,0.571017457393583,1
3412,test,2206,382748.999532346,1334571548.99953,29,28,1,2,-2399711.257701783,5383407.861906861,2429330.807746786,140203.0143774772,22.5358441002815,114.025530198589,19.0607308359526,0.377036288404676,1
3413,test,2206,382749.999533618,1334571549.99953,31,26,1,2,-2399710.201447863,5383404.533062423,2429330.8205397986,139626.63748455362,22.535843195583,114.02552879758,20.3850730000459,0.331720681799,1
3414,test,2206,382750.999536198,1334571550.99954,31,26,1,2,-2399711.2093417514,5383405.191102146,2429331.928649417,139053.1824243408,22.5358457944348,114.025527596842,20.8550490705545,0.449149382639734,1
3415,test,2206,382751.999537572,1334571551.99954,29,25,1,2,-2399716.106859326,5383411.682710835,2429337.0717603364,138485.02889081306,22.5358540943002,114.025526794624,21.4183502655771,0.837601755582334,1
3416,test,2206,382752.999538623,1334571552.99954,29,24,1,2,-2399721.557361198,5383415.689701937,2429337.771414386,137915.54060180867,22.5358642968364,114.025523098845,21.6515090566685,1.0927075150382,1
3417,test,2206,382753.999539455,1334571553.99954,30,25,1,3,-2399696.711436536,5383383.934397909,2429332.939323709,137311.13878259563,22.5358746976786,114.025519498346,21.9494691438464,1.07647258268987,1
3418,test,2206,382754.999540144,1334571554.99954,29,23,1,2,-2399701.897119747,5383397.191506749,2429337.9830356166,136747.90742546524,22.5358849952237,114.025516298129,22.2436248354652,1.09274849365355,1
3419,test,2206,382755.999540778,1334571555.99954,29,23,1,2,-2399702.333996588,5383399.449798839,2429338.611884685,136175.95557219983,22.5358963976505,114.025511503527,22.2663726955818,1.15082312549722,1
3420,test,2206,382756.999541479,1334571556.99954,31,24,1,2,-2399710.037285299,5383408.784235816,2429343.143634664,135611.3267241279,22.5359061954607,114.025506702042,22.6026519003792,1.11954418910533,1
3421,test,2206,382757.999542442,1334571557.99954,29,23,1,2,-2399710.647952493,5383408.477459997,2429344.712298266,135039.85693737437,22.5359153930523,114.025502798698,23.3756016078628,1.13729914921496,1
3422,test,2206,382758.999543975,1334571558.99954,29,24,1,2,-2399709.7381757773,5383400.7753699,2429344.9875946534,134460.4095637784,22.5359243951081,114.025501096816,24.052095448901,1.05919108282543,1
3423,test,2206,382759.999546493,1334571559.99955,31,25,1,2,-2399709.3043864314,5383401.910035237,2429345.375740413,133886.83999397297,22.5359312992941,114.025497104577,24.6701537344353,0.967859975134352,1
3424,test,2206,382760.999550362,1334571560.99955,28,24,1,2,-2399708.4680501414,5383404.026896972,2429347.132977749,133314.6615248543,22.5359390977996,114.025498894879,25.3545741792387,1.05393068423973,1
3425,test,2206,382761.999555514,1334571561.99956,29,24,1,2,-2399709.646918911,5383402.959172193,2429348.82886381,132741.1453933562,22.5359454986664,114.025504795603,26.6470197216665,1.11930044061234,1
3426,test,2206,382762.999561148,1334571562.99956,29,24,1,2,-2399711.24617142,5383407.491065088,2429351.8602820807,132170.06814940344,22.5359568973242,114.02550349568,27.0279965497578,1.25976946052202,1
3427,test,2206,382763.99956612,1334571563.99957,27,23,1,2,-2399707.702919835,5383401.469252416,2429352.082292252,131591.2394964266,22.535967394096,114.025499503227,27.4151794541102,1.20079797989269,1
3428,test,2206,382764.999569761,1334571564.99957,26,22,1,2,-2399708.4264495997,5383399.607746845,2429355.4854050246,131017.45678341613,22.5359785930369,114.025496400691,27.8966478702596,1.26572279078209,1
3429,test,2206,382765.999572111,1334571565.99957,27,23,1,2,-2399711.8966582236,5383402.241453623,2429358.4979005274,130446.30745713226,22.5359899927532,114.025492303439,28.4576738101344,1.26398193742349,1
3430,test,2206,382766.999573561,1334571566.99957,28,23,1,2,-2399706.7002740144,5383388.667321191,2429356.4610313326,129861.53729435657,22.5359991981706,114.02548709546,29.1555128415795,1.26955730559644,1
3431,test,2206,382767.999574508,1334571567.99957,28,22,1,2,-2399707.1891552634,5383386.368167477,2429353.73912051,129284.28075762664,22.536010097406,114.025483904817,29.7196042384961,1.29571070777514,1
3432,test,2206,382768.999575234,1334571568.99958,28,21,1,2,-2399708.5799888778,5383384.018400441,2429355.43703432,128702.74659622557,22.5360204943362,114.025478397854,29.6560189980039,1.18586569344088,1
3433,test,2206,382769.999575917,1334571569.99958,28,21,1,2,-2399709.4450682644,5383388.688672895,2429358.0034858775,128130.33134835152,22.5360309920888,114.025475495435,29.6801871592551,1.18491776738024,1
3434,test,2206,382770.999576671,1334571570.99958,28,19,1,2,-2399713.109947844,5383391.374716411,2429365.8153446815,127560.41969474796,22.5360418978104,114.025473302461,30.1068530358947,1.20403474325964,1
3435,test,2206,382771.999577584,1334571571.99958,28,20,1,2,-2399712.0253166347,5383397.265741124,2429368.4943412915,126988.092877138,22.5360533963169,114.025468604418,30.3545348745259,1.17393231403011,1
3436,test,2206,382772.99957874,1334571572.99958,28,21,1,2,-2399708.573156913,5383398.610967969,2429369.97756747,126413.46728493138,22.5360648903588,114.025462997535,30.7572492085479,1.23153590113445,1
3437,test,2206,382773.999580256,1334571573.99958,27,21,1,2,-2399702.9911607765,5383397.361831269,2429373.0784361092,125835.62165158782,22.5360764952728,114.025455097731,30.9243454981083,1.23767170938056,1
3438,test,2206,382774.999582205,1334571574.99958,28,22,1,2,-2399700.78058053,5383399.241384804,2429375.1328715608,125261.8823544816,22.5360876972348,114.025449898351,31.2224344639285,1.23241199279874,1
3439,test,2206,382775.999582963,1334571575.99958,28,23,1,2,-2399700.6469544983,5383402.946894175,2429375.4724807213,124689.57057336412,22.5360976933132,114.025444601005,31.3831943217185,1.16089784545678,1
3440,test,2206,382776.99958453,1334571576.99958,28,20,1,3,-2399695.090624147,5383374.611075469,2429365.7564026467,124092.60145911129,22.536107395331,114.025437902624,31.4762971188813,1.10759795500736,1
3441,test,2206,382777.999589534,1334571577.99959,28,20,1,3,-2399704.2551936656,5383398.897292244,2429379.385218303,123536.79793977902,22.5361179942691,114.025432801775,31.9613860911257,1.1288934206799,1
3442,test,2206,382778.999591047,1334571578.99959,29,19,1,2,-2399701.081522048,5383391.767316402,2429379.402033504,122956.21361962569,22.5361304943668,114.025424900436,31.5555602320678,1.13212820762305,1
3443,test,2206,382779.999591816,1334571579.99959,27,20,1,2,-2399702.0842347546,5383386.402122618,2429383.0248311013,122380.0318687864,22.536142395286,114.025416300743,30.8765290245532,1.11892998734889,1
3444,test,2206,382780.99959375,1334571580.99959,27,19,1,3,-2399683.3153938525,5383370.49326783,2429372.7514908346,121786.94735531828,22.5361543951127,114.025409003503,30.8285878858161,1.12221563485199,1
3445,test,2206,382781.999595653,1334571581.9996,27,20,1,3,-2399684.68919676,5383350.655760555,2429370.043203529,121201.38011520803,22.536164898167,114.025406597665,30.8539463222929,1.13979679486762,1
3446,test,2206,382782.999597578,1334571582.9996,26,19,1,2,-2399684.8727233163,5383346.948422081,2429372.310315213,120625.70650095557,22.5361750962233,114.025401998512,30.6686567145449,0.977596975037013,1
3447,test,2206,382783.999599505,1334571583.9996,26,19,1,2,-2399678.288054137,5383351.510775341,2429370.5021870835,120049.37664001512,22.5361836967737,114.02539880277,30.6017476752075,0.855679948884137,1
3448,test,2206,382784.99960141,1334571584.9996,27,18,1,3,-2399670.982430416,5383332.429306973,2429360.531683061,119457.38457161802,22.5361930972646,114.025394900801,30.2508568222646,0.808235368989655,1
3449,test,2206,382785.999603324,1334571585.9996,26,18,1,3,-2399685.2937478763,5383346.161050509,2429373.485075202,118901.09267113042,22.5362041938994,114.025391603131,29.7471635025951,0.958511243345825,1
3450,test,2206,382786.999605237,1334571586.99961,26,19,1,2,-2399684.873331374,5383350.395150183,2429377.744415754,118330.25307223572,22.5362156925345,114.025386403753,29.4128466312713,1.07315964871175,1
3451,test,2206,382787.99960715,1334571587.99961,27,18,1,2,-2399681.5841287873,5383344.570794868,2429375.5974119934,117750.87332069299,22.5362288930688,114.025383096818,29.1357494718017,1.12422677265688,1
3452,test,2206,382788.999609063,1334571588.99961,26,20,1,3,-2399688.4456984657,5383403.150069381,2429401.933618523,117224.24253152762,22.5362399954156,114.025381297262,29.20212531877,1.12933158271275,1
3453,test,2206,382789.999610988,1334571589.99961,26,20,1,2,-2399684.658020286,5383397.067913564,2429400.0889296136,116643.81114141471,22.5362520934331,114.025379997147,29.5323267116129,1.19894426666936,1
3454,test,2206,382790.999612902,1334571590.99961,24,18,1,3,-2399682.82519303,5383360.245619563,2429388.177839193,116041.089966409,22.5362643985521,114.025377700262,29.8047401926331,1.20828651468672,1
3455,test,2206,382791.999614808,1334571591.99961,26,18,1,2,-2399681.54624728,5383355.348515462,2429387.3552780775,115464.02439682222,22.5362784994084,114.02537780332,29.5119143252712,1.10072730012568,1
3456,test,2206,382792.999615377,1334571592.99962,27,18,1,2,-2399685.429999874,5383357.16583695,2429387.893457883,114892.69704243769,22.5362905981717,114.025375598829,29.4036321366025,1.16739602684412,1
3457,test,2206,382793.999621042,1334571593.99962,27,20,1,3,-2399694.0606678356,5383406.2423167685,2429407.4880259703,114358.41782693539,22.5363024967247,114.025374797827,29.2835707436941,1.20151637798995,1
3458,test,2206,382794.999620566,1334571594.99962,27,20,1,2,-2399692.8144875346,5383403.79402685,2429408.68486723,113782.61029046409,22.5363138007099,114.025372704859,29.2569558437206,1.22822684957603,1
3459,test,2206,382795.999621506,1334571595.99962,26,18,1,2,-2399687.082811832,5383397.6516518425,2429410.2309717536,113201.4327874191,22.5363269958447,114.025370905912,28.7438872694037,1.29571440388538,1
3460,test,2206,382796.99962215,1334571596.99962,26,18,1,2,-2399690.3973054877,5383405.874774733,2429414.1529515283,112634.30826491513,22.5363431933562,114.025372100524,27.7244113256993,1.34356272664013,1
3461,test,2206,382797.999622735,1334571597.99962,26,18,1,2,-2399688.680820929,5383407.576263193,2429414.1359402705,112060.28663162266,22.5363588938592,114.025374202677,26.939332962756,1.39330657309145,1
3462,test,2206,382798.999623713,1334571598.99962,25,19,1,2,-2399694.8999600117,5383417.216752094,2429418.6983378376,111495.95603796422,22.5363716914042,114.025374600699,27.2603298963309,1.44284818619391,1
3463,test,2206,382799.999626039,1334571599.99963,27,17,1,3,-2399713.1845449205,5383453.936560893,2429450.143252063,110961.94845680967,22.536382493351,114.02537420144,27.5400637305258,1.29728711456208,1
3464,test,2206,382800.999630666,1334571600.99963,27,19,1,2,-2399716.8263274664,5383471.271550585,2429457.9519070243,110404.02885313702,22.5363942928728,114.025373303939,27.5220781470371,1.36688074159247,1
3465,test,2206,382801.999636237,1334571601.99964,24,19,1,2,-2399718.476012882,5383473.75365385,2429460.799933444,109832.65456115833,22.5364054974556,114.025371098655,27.40468033948,1.31709122182237,1
3466,test,2206,382802.999639986,1334571602.99964,25,19,1,2,-2399718.1092624078,5383473.479524381,2429460.4177447883,109258.17649811925,22.5364184969247,114.02537269728,27.9510000074754,1.35281372656251,1
3467,test,2206,382803.999641718,1334571603.99964,24,18,1,3,-2399703.0739916647,5383438.942004139,2429448.1090360987,108654.25554046579,22.5364296935853,114.025371499136,28.0575075749002,1.26189571666706,1
3468,test,2206,382804.99964255,1334571604.99964,26,20,1,3,-2399730.355833851,5383498.368191332,2429478.1689773016,108137.29174227835,22.5364412963919,114.025368900004,28.1285518481189,1.3160883029977,1
3469,test,2206,382805.999643214,1334571605.99964,25,22,1,2,-2399730.0526990825,5383493.301748559,2429460.334618807,107550.12633642144,22.5364538976722,114.025365803971,28.1888089975928,1.39777952016993,1
3470,test,2206,382806.999644055,1334571606.99964,26,21,1,2,-2399732.4558169087,5383496.816169765,2429462.9492872083,106979.43602582433,22.536463394524,114.025359003113,29.3698126911995,1.42294850668715,1
3471,test,2206,382807.999645326,1334571607.99965,27,22,1,3,-2399712.6568578216,5383464.75690733,2429456.8115616394,106379.25545433859,22.5364717930138,114.025350705085,30.7839900117388,1.37473226875665,1
3472,test,2206,382808.999647261,1334571608.99965,27,21,1,3,-2399692.1607472696,5383437.854907636,2429448.0720080114,105779.06323937408,22.5364804982427,114.02534439551,32.2232780256716,1.30850346227861,1
3473,test,2206,382809.999649184,1334571609.99965,26,23,1,2,-2399695.378447079,5383439.410599904,2429451.8337467597,105205.94605255219,22.5364921990248,114.025341504435,32.83436724021,1.32701038777518,1
3474,test,2206,382810.999651138,1334571610.99965,26,24,1,2,-2399694.141341405,5383437.630750962,2429452.710821732,104630.60752126151,22.5365018970707,114.025341601251,33.753040981819,1.23141392484956,1
3475,test,2206,382811.999653067,1334571611.99965,27,22,1,2,-2399692.509093371,5383439.778067999,2429457.3214115384,104056.56638302203,22.5365111941441,114.025334404831,34.3326037977423,1.2469854028914,1
3476,test,2206,382812.999654125,1334571612.99965,27,22,1,2,-2399690.4568450255,5383434.228326742,2429457.1273629013,103479.0968343677,22.536524192673,114.025332300635,34.6311205520816,1.36377173118507,1
3477,test,2206,382813.999654789,1334571613.99965,26,22,1,2,-2399690.8978336505,5383426.752815351,2429455.6610554224,102900.9406491726,22.5365360986042,114.02533169926,35.1874945816229,1.35026161741263,1
3478,test,2206,382814.999655802,1334571614.99966,26,22,1,2,-2399682.408846669,5383418.31132777,2429446.43887694,102317.89400396308,22.5365460986213,114.025326195966,36.0672613555977,1.3022124984697,1
3479,test,2206,382815.999658977,1334571615.99966,26,23,1,2,-2399687.307043707,5383429.167323481,2429463.2363439966,101760.37820863521,22.5365589962857,114.025320101403,36.6537099647697,1.43302081720358,1
3480,test,2206,382816.999664465,1334571616.99966,27,23,1,2,-2399686.450006109,5383429.600953714,2429465.171563088,101187.75582206319,22.5365722937496,114.025316597051,36.781395591597,1.36156345177663,1
3481,test,2206,382817.999667629,1334571617.99967,26,22,1,2,-2399683.8281226987,5383422.608579852,2429462.973669484,100609.72239487089,22.5365852005157,114.025310399632,37.5480914189978,1.43446945823691,1
3482,test,2206,382818.999668624,1334571618.99967,26,23,1,2,-2399687.882078045,5383426.0136220325,2429466.7531381017,100039.2540064279,22.5365977926063,114.025306699276,37.5222025116184,1.37968096206989,1
3483,test,2206,382819.999669273,1334571619.99967,26,23,1,2,-2399688.4488595664,5383426.594537708,2429466.1027316316,99465.7968696827,22.5366121943083,114.025302294668,37.2742298738677,1.42963191890394,1
3484,test,2206,382820.999670314,1334571620.99967,25,22,1,2,-2399683.1458664145,5383423.519182493,2429462.519079884,98885.20412030164,22.5366260961053,114.025294299751,37.3631954043624,1.47518325785765,1
3485,test,2206,382821.999672207,1334571621.99967,25,20,1,3,-2399695.240360585,5383441.0682842005,2429468.6156040607,98326.11290522933,22.5366372936882,114.025286601994,38.1842816434471,1.46809090553158,1
3486,test,2206,382822.999673923,1334571622.99967,26,21,1,2,-2399686.1554196826,5383433.637558795,2429465.054270624,97744.74030539635,22.5366434978179,114.025270903308,40.9876947716872,1.35536995785375,1
3487,test,2206,382823.999676043,1334571623.99968,25,21,1,2,-2399693.507716108,5383438.333055832,2429466.685591989,97176.75693982864,22.5366556933263,114.025263503142,41.3467027062196,1.40055209004977,1
3488,test,2206,382824.999676607,1334571624.99968,25,22,1,2,-2399703.977125422,5383449.613051412,2429473.717474632,96612.92288938898,22.5366683010326,114.025258805765,41.3739696369409,1.46159992387659,1
3489,test,2206,382825.99968113,1334571625.99968,26,22,1,2,-2399704.6253224607,5383450.112622532,2429478.6290186173,96038.24307528039,22.5366816009262,114.025256898653,41.4696533592024,1.42593084162756,1
3490,test,2206,382826.999681828,1334571626.99968,25,22,1,3,-2399684.870961844,5383428.344800418,2429473.29993495,95444.09961736224,22.5366951969003,114.02525529838,41.3428487557677,1.38373859495309,1
3491,test,2206,382827.999683726,1334571627.99968,27,21,1,2,-2399686.007483266,5383428.885758424,2429472.7585813496,94867.45543206306,22.5367092953474,114.025252795581,41.3662312949085,1.47612721466384,1
3492,test,2206,382828.999684391,1334571628.99968,25,23,1,2,-2399697.201833376,5383440.104337531,2429474.20083468,94306.05161547646,22.5367219930894,114.025252799635,41.687957084179,1.26160392325195,1
3493,test,2206,382829.999688984,1334571629.99969,28,24,1,3,-2399709.606623081,5383466.02646706,2429480.719997296,93751.07318557696,22.536736594768,114.025248899359,41.6449143004387,1.34000532329422,1
3494,test,2206,382830.999689411,1334571630.99969,28,23,1,3,-2399695.1466253386,5383443.004805466,2429477.293431457,93157.75493693979,22.5367522004861,114.025250598333,42.027953350696,1.37858704379955,1
3495,test,2206,382831.999689714,1334571631.99969,28,24,1,2,-2399701.1460671816,5383440.939859867,2429476.535401857,92582.33724587175,22.5367657011701,114.025250999416,42.1040099928565,1.29555039943996,1
3496,test,2206,382832.999694794,1334571632.99969,27,25,1,2,-2399693.2370377374,5383437.553664884,2429473.692614134,92002.1092231268,22.5367780950209,114.025244804325,42.2509837515525,1.35032035693282,1
3497,test,2206,382833.999695226,1334571633.9997,28,24,1,3,-2399705.9037247333,5383452.88158199,2429480.572840199,91442.04516105358,22.536791695068,114.025244197326,42.5222258617233,1.32715024504968,1
3498,test,2206,382834.99969733,1334571634.9997,30,21,1,3,-2399683.7890337026,5383445.602560481,2429491.4409403186,90855.3031941544,22.5368039994192,114.025244898684,43.0453959618447,1.25480320157713,1
3499,test,2206,382835.999699036,1334571635.9997,28,21,1,2,-2399681.061495041,5383428.565953889,2429485.826910135,90266.63079817206,22.5368192954308,114.025243101802,42.3943022329868,1.41734666346723,1
3500,test,2206,382836.999700965,1334571636.9997,28,20,1,3,-2399688.9751921208,5383447.594706899,2429491.0114207845,89708.76591656762,22.5368310961479,114.025239801959,44.058894971443,1.44593189258213,1
3501,test,2206,382837.999701865,1334571637.9997,28,19,1,2,-2399691.355873203,5383457.223461508,2429485.8517750334,89135.99683606009,22.5368435951146,114.025233202887,45.5111211635374,1.48878597954383,1
3502,test,2206,382838.999702572,1334571638.9997,28,20,1,2,-2399681.081791245,5383446.002329801,2429490.1073011565,88555.64027578762,22.5368563966578,114.025235305885,45.6668297254059,1.27179805733391,1
3503,test,2206,382839.99970567,1334571639.99971,27,20,1,2,-2399679.802527228,5383450.343741758,2429493.6750085894,87984.25390324372,22.5368719979571,114.025238103257,46.0117870545992,1.44987744740641,1
3504,test,2206,382840.999711639,1334571640.99971,26,19,1,2,-2399680.3213968505,5383434.369868192,2429487.5023864983,87398.89200593572,22.5368856998392,114.025241903171,46.2741668784518,1.41285475471875,1
3505,test,2206,382841.999712688,1334571641.99971,26,20,1,2,-2399679.1453128164,5383435.487174972,2429488.419980406,86824.62048769096,22.5368993006914,114.025246702099,46.5269728599148,1.4106884878993,1
3506,test,2206,382842.999712469,1334571642.99971,25,21,1,2,-2399679.777508897,5383433.828389831,2429494.9773940863,86250.28286825877,22.5369105981347,114.025255896993,46.7084123383602,1.26195257068296,1
3507,test,2206,382843.999712506,1334571643.99971,23,20,1,3,-2399672.488563471,5383406.371933854,2429491.993606057,85657.41008213842,22.5369193973709,114.025268797901,46.8808101436187,1.19165506404419,1
3508,test,2206,382844.999713003,1334571644.99971,24,19,1,2,-2399676.885654377,5383414.7023735205,2429493.1679397402,85089.01210179731,22.5369253955235,114.025280197125,47.2944583443334,1.23787945864601,1
3509,test,2206,382845.999717018,1334571645.99972,24,21,1,2,-2399674.177770196,5383407.222828924,2429495.944925331,84509.01650384704,22.5369315006509,114.025291799822,47.7420836990728,1.26452861895625,1
3510,test,2206,382846.999722543,1334571646.99972,24,21,1,2,-2399675.2162928404,5383393.593613904,2429493.3720882754,83926.80557164078,22.5369364001546,114.025303091907,47.9114285405555,1.22652659158162,1
3511,test,2206,382847.999724261,1334571647.99972,24,22,1,2,-2399678.6914070295,5383394.1409722,2429491.4076405014,83353.71168565657,22.5369392007381,114.025315094074,48.3147502747063,1.28583047494705,1
3512,test,2206,382848.99972489,1334571648.99972,24,21,1,2,-2399687.836581316,5383397.383985995,2429492.697970915,82784.54695763983,22.5369441005285,114.025327194322,48.6013040458229,1.31471356761148,1
3513,test,2206,382849.999725852,1334571649.99973,24,21,1,2,-2399696.2681068997,5383403.276918192,2429493.0139117613,82217.34121619594,22.5369455954707,114.025340393972,48.6721371382199,1.18914217682163,1
3514,test,2206,382850.999727767,1334571650.99973,24,21,1,2,-2399697.976002825,5383403.60462928,2429493.988211139,81645.07511582435,22.5369453989351,114.025352399341,48.8785907845507,1.05048668730539,1
3515,test,2206,382851.999729667,1334571651.99973,24,21,1,2,-2399701.83016913,5383406.576787947,2429498.8770096996,81076.2888334205,22.5369452944622,114.025362995019,49.4413337479273,1.1810253074288,1
3516,test,2206,382852.999731475,1334571652.99973,25,21,1,2,-2399701.8238342935,5383407.660508456,2429497.282300671,80501.10932023704,22.5369483977201,114.02537779497,49.7924272847874,1.33562479252353,1
3517,test,2206,382853.999733496,1334571653.99973,25,21,1,3,-2399702.681192627,5383422.297351217,2429536.652488468,79952.09173137738,22.5369509006029,114.025392298945,49.5915175559828,1.5201025145431,1
3518,test,2206,382854.999735281,1334571654.99974,23,20,1,3,-2399703.230635167,5383391.648493439,2429484.8527410943,79338.06476434896,22.5369530969646,114.025407997669,49.785499128218,1.50630312626053,1
3519,test,2206,382855.999737292,1334571655.99974,23,21,1,3,-2399695.4735623165,5383400.263008027,2429529.2040879345,78787.23997204316,22.5369562983306,114.025426200825,50.1417362904782,1.68608791404604,1
3520,test,2206,382856.999737838,1334571656.99974,22,19,1,3,-2399698.4350299076,5383375.615254433,2429479.7780137593,78176.40499424163,22.536962898931,114.025441000728,50.5978300695895,1.75409582572756,1
3521,test,2206,382857.999742418,1334571657.99974,22,20,1,3,-2399686.04244925,5383374.196628253,2429529.779111919,77622.04561955969,22.5369657000634,114.025457199409,51.1680117602924,1.70049231208688,1
3522,test,2206,382858.999743096,1334571658.99974,22,19,1,2,-2399698.429205925,5383365.034960893,2429480.4480244922,77022.2148413278,22.5369673990418,114.025476293115,51.5704972788457,1.66923569779631,1
3523,test,2206,382859.999744982,1334571659.99974,23,22,1,3,-2399691.527152544,5383346.349811454,2429475.0928125554,76432.65598909158,22.5369704989507,114.025495094314,52.3843877541416,1.62668712633902,1
3524,test,2206,382860.999746895,1334571660.99975,22,22,1,2,-2399691.1444129604,5383330.3913486665,2429471.6138202194,75848.42112557299,22.5369782958983,114.025509597645,53.9641475959835,1.5658682316207,1
3525,test,2206,382861.999748813,1334571661.99975,22,22,1,3,-2399734.422795934,5383384.282971306,2429522.371136486,75340.5419196495,22.5369860992898,114.025521898052,53.6401629902407,1.49124128912205,1
3526,test,2206,382862.999749496,1334571662.99975,21,21,1,2,-2399734.4763190015,5383380.544536941,2429525.131240269,74763.50191761537,22.5369897984232,114.0255361932,51.6903423584368,1.4915997115944,1
3527,test,2206,382863.999754154,1334571663.99975,22,22,1,2,-2399736.35609603,5383378.006644654,2429520.1460244707,74188.91044769801,22.5369900005006,114.025552892637,50.5799135007729,1.5579582028597,1
3528,test,2206,382864.999754555,1334571664.99975,22,21,1,3,-2399686.743803745,5383306.534202164,2429458.203629488,73531.00686959414,22.536991595592,114.025566991618,50.8482071416763,1.43893625971878,1
3529,test,2206,382865.999754948,1334571665.99975,21,21,1,2,-2399689.5524556693,5383313.6992671285,2429464.1510499106,72962.77786584826,22.53699619796,114.025582691967,49.9982799031204,1.38893035003988,1
3530,test,2206,382866.999759623,1334571666.99976,24,22,1,3,-2399696.9356651404,5383329.892419985,2429471.191840755,72402.31614862573,22.5370026002694,114.025597591908,51.3084236949904,1.41523182677512,1
3531,test,2206,382867.999760296,1334571667.99976,22,22,1,2,-2399694.4049669807,5383323.930130088,2429465.507070964,71822.419425976,22.5370022047963,114.025614594947,51.4349976835338,1.37234544689788,1
3532,test,2206,382868.999762225,1334571668.99976,22,22,1,2,-2399695.260049459,5383322.477310143,2429464.144232774,71247.54141136112,22.5370059980665,114.02563079572,51.9359331378704,1.36238907931294,1
3533,test,2206,382869.999763569,1334571669.99976,22,22,1,2,-2399697.1082172394,5383321.022897949,2429466.3303778768,70673.84405559365,22.5370062020335,114.025646595522,52.0955260386564,1.34738284484195,1
3534,test,2206,382870.999764491,1334571670.99976,22,22,1,2,-2399694.2370959884,5383313.745475184,2429466.4374336503,70095.56548420088,22.5370070992417,114.025661797554,52.2395505373662,1.37593303774865,1
3535,test,2206,382871.999765174,1334571671.99977,23,21,1,2,-2399693.8653307003,5383310.724582595,2429466.1207914865,69518.87345758625,22.5370074022761,114.025677401704,52.9179389507619,1.38693084673837,1
3536,test,2206,382872.99976581,1334571672.99977,22,20,1,2,-2399694.397982607,5383310.312339462,2429465.725954543,68943.70957811864,22.5370073979026,114.025690402409,52.7808226089771,1.27476445589543,1
3537,test,2206,382873.999766737,1334571673.99977,22,18,1,3,-2399706.5592950573,5383333.265652991,2429466.3625374944,68382.18751774704,22.5370101994255,114.025699796147,52.4453880020389,1.03433027232224,1
3538,test,2206,382874.999768669,1334571674.99977,23,21,1,3,-2399691.209037901,5383305.281911124,2429469.8311395464,67792.86530945216,22.5370116018026,114.025713198705,53.0887163870646,1.21156016509996,1
3539,test,2206,382875.99977272,1334571675.99977,22,19,1,2,-2399693.222863386,5383308.317633131,2429468.142448504,67217.7721040759,22.5370126999588,114.025726693003,53.1713938945671,1.20748897463595,1
3540,test,2206,382876.999779092,1334571676.99978,22,20,1,2,-2399701.6751951627,5383307.602901789,2429472.582334468,66647.83107559146,22.5370190967504,114.025741491812,53.1131081809373,1.35148074686647,1
3541,test,2206,382877.999785135,1334571677.99979,23,18,1,2,-2399701.468252896,5383302.162320511,2429465.947892909,66067.87522055209,22.5370231978943,114.025755293003,53.1640860374194,1.24789074910553,1
3542,test,2206,382878.999788356,1334571678.99979,22,20,1,2,-2399704.681887741,5383302.142074224,2429464.085839487,65494.001026660975,22.5370255945956,114.025771400177,53.1481233449359,1.38593713828138,1
3543,test,2206,382879.999789315,1334571679.99979,22,19,1,2,-2399709.061709339,5383316.616907988,2429468.5446620183,64929.656045681215,22.5370272011217,114.025785596319,53.5308372550122,1.43472191464235,1
3544,test,2206,382880.999789345,1334571680.99979,22,18,1,2,-2399717.087636644,5383326.730418568,2429470.505897654,64364.2953627157,22.5370306035078,114.025798096067,53.6143064576951,1.26765825559766,1
3545,test,2206,382881.999789168,1334571681.99979,22,20,1,2,-2399714.83957354,5383325.945550218,2429475.7650338835,63791.64568000258,22.5370318984201,114.025813697972,53.6340604859086,1.42070621097178,1
3546,test,2206,382882.999789046,1334571682.99979,23,19,1,2,-2399715.7800035565,5383319.116901966,2429471.6718461737,63213.36622750155,22.5370336025893,114.025829295003,53.5941375002051,1.45605057500587,1
3547,test,2206,382883.99978905,1334571683.99979,24,19,1,2,-2399719.965707782,5383317.0911228405,2429470.712836197,62637.88875034969,22.5370359029036,114.025843593839,53.9273016576963,1.40852228691908,1
3548,test,2206,382884.999788987,1334571684.99979,24,19,1,2,-2399710.667021349,5383313.166170603,2429476.3243003665,62060.88388590888,22.5370371024045,114.025857096835,54.2438444334495,1.31995241204206,1
3549,test,2206,382885.999789034,1334571685.99979,25,19,1,2,-2399714.6063892283,5383305.281769719,2429470.65912376,61481.64107096832,22.5370390967438,114.025870599685,53.7220908854443,1.20990338830075,1
3550,test,2206,382886.999789654,1334571686.99979,26,21,1,2,-2399713.073960147,5383299.447753434,2429471.6432313332,60903.62099332291,22.5370421009014,114.025886100945,53.6221926173869,1.37530645901675,1
3551,test,2206,382887.999791795,1334571687.99979,25,23,1,3,-2399740.419374849,5383321.336131559,2429469.6375444997,60354.03268626963,22.5370481934684,114.025901100337,52.7632886840912,1.37411591529809,1
3552,test,2206,382888.999796499,1334571688.9998,25,19,1,2,-2399739.5283147404,5383317.923452769,2429459.495632269,59773.5481228801,22.5370497996942,114.025916594597,52.7339036721616,1.39302236284293,1
3553,test,2206,382889.999803083,1334571689.9998,25,21,1,2,-2399744.4384940234,5383319.030464099,2429457.0333068157,59200.28498910159,22.5370487981531,114.025932595133,52.8943029229652,1.40738677300882,1
3554,test,2206,382890.999808786,1334571690.99981,24,21,1,2,-2399746.230657466,5383321.1032986995,2429455.9825767605,58626.0123945795,22.5370468036991,114.025947895661,53.0430735810814,1.37802477291918,1
3555,test,2206,382891.999812142,1334571691.99981,25,21,1,2,-2399747.4538711174,5383321.773279761,2429454.8602455803,58051.63087299567,22.5370475027572,114.025960898251,53.0521810292108,1.23265772198491,1
3556,test,2206,382892.99981376,1334571692.99981,25,19,1,2,-2399758.515898341,5383321.7352773,2429450.566352928,57478.91656592922,22.5370469986584,114.025974298069,53.2284351194764,1.23764071328956,1
3557,test,2206,382893.999814577,1334571693.99981,25,20,1,2,-2399747.5727232285,5383311.830411172,2429448.8825447788,56892.70566888258,22.537052296717,114.025993996792,51.4805438889049,1.45287224212002,1
3558,test,2206,382894.999815159,1334571694.99982,25,21,1,2,-2399750.318827703,5383314.307042142,2429447.641321425,56319.83299173983,22.5370559013355,114.026010795792,50.5681964732908,1.45117000336303,1
3559,test,2206,382895.999815791,1334571695.99982,25,23,1,2,-2399752.0342153516,5383319.249161731,2429449.568729237,55749.38134439336,22.5370595962972,114.02602870303,49.2847278530874,1.44410291946773,1
3560,test,2206,382896.999816633,1334571696.99982,25,22,1,2,-2399753.4411261007,5383324.278873312,2429458.37887925,55178.5340730291,22.5370651018395,114.026049793962,46.8449569144858,1.4202915270111,1
3561,test,2206,382897.999817837,1334571697.99982,25,23,1,2,-2399760.0120077357,5383321.618705426,2429451.341390802,54605.11045246112,22.5370676012691,114.026068097219,45.5831102579353,1.42539717357708,1
3562,test,2206,382898.999820334,1334571698.99982,25,23,1,2,-2399760.4378304896,5383317.551191851,2429447.5101060467,54027.9661043088,22.537071803738,114.026086002577,44.31813184806,1.43043241808195,1
3563,test,2206,382899.999821671,1334571699.99982,25,21,1,2,-2399762.714155545,5383312.646380965,2429443.5479061804,53448.66517342136,22.5370799993204,114.0261029979,41.671805376852,1.3637818475233,1
3564,test,2206,382900.99982358,1334571700.99982,25,20,1,2,-2399760.5919389096,5383309.963178636,2429447.2209130623,52874.84995226591,22.5370858973174,114.026119996161,39.9987382020284,1.33018462635466,1
3565,test,2206,382901.99982434,1334571701.99982,25,21,1,2,-2399761.7203182145,5383313.23768308,2429447.0485717054,52303.31261304944,22.5370885981223,114.0261330997,39.4789518460899,1.1404660861604,1
3566,test,2206,382902.999828607,1334571702.99983,26,22,1,2,-2399765.2589776097,5383312.283906471,2429444.9824288716,51727.53506959485,22.5370928021219,114.026144600531,39.604199562966,0.993140916148736,1
3567,test,2206,382903.999829345,1334571703.99983,26,22,1,2,-2399766.5596630997,5383315.014461786,2429447.253959776,51155.38321357098,22.5370968028891,114.02615269661,39.0923110030252,0.722926717174013,1
3568,test,2206,382904.999831237,1334571704.99983,25,20,1,2,-2399765.5675791367,5383307.6602741,2429439.2380126673,50572.091120014105,22.5371001956737,114.026160393641,37.7799508519548,0.485334387772514,1
3569,test,2206,382905.999833165,1334571705.99983,26,18,1,2,-2399774.9151513525,5383320.91925097,2429436.049206253,50004.12370831689,22.5371028016072,114.026164804581,36.3749558513435,0.125723219747088,1
3570,test,2206,382906.999835098,1334571706.99984,24,18,1,2,-2399774.457018468,5383316.96894898,2429442.697004767,49429.88739999057,22.5371056035088,114.026167199901,34.857585900051,0.0364370009116165,1
3571,test,2206,382907.999837008,1334571707.99984,23,18,1,2,-2399781.628347135,5383325.366013043,2429453.397480069,48868.822647923545,22.5371073995413,114.026170100838,33.4494956968154,0.0362730502910843,1
3572,test,2206,382908.999838925,1334571708.99984,24,17,1,2,-2399786.0754185985,5383328.428386986,2429455.544667666,48300.80000894102,22.5371086026704,114.026171897285,31.9178358075965,0.0480239258801826,1
3573,test,2206,382909.999840844,1334571709.99984,24,17,1,3,-2399763.3656812385,5383301.056172878,2429410.359099683,47683.79051669432,22.537109799558,114.026173600541,30.5235105949801,0.0606106198005865,1
3574,test,2206,382910.999842768,1334571710.99984,24,19,1,3,-2399796.225510505,5383335.736209832,2429459.7287011878,47162.56697175591,22.5371078001834,114.026179904365,29.050702115303,0.210579551864752,1
3575,test,2206,382911.999844669,1334571711.99984,26,20,1,2,-2399790.716454312,5383327.785852547,2429461.277960161,46585.150581763875,22.5371099963058,114.026188303589,28.028861132639,0.703894816277334,1
3576,test,2206,382912.999846163,1334571712.99985,24,21,1,2,-2399782.759847119,5383321.511586892,2429463.171108995,46005.088362412665,22.5371152007136,114.026198302597,26.8121509355286,0.962187849773494,1
3577,test,2206,382913.999848522,1334571713.99985,24,21,1,2,-2399785.367838307,5383323.02641673,2429469.85691485,45432.87656392817,22.5371195955897,114.026208297468,25.5141402516214,0.911992504751397,1
3578,test,2206,382914.999849225,1334571714.99985,25,22,1,2,-2399790.519248784,5383336.825730859,2429463.7910170336,44866.8095693573,22.5371235994241,114.026216901616,25.1971385642287,0.774869930252133,1
3579,test,2206,382915.999849891,1334571715.99985,27,22,1,2,-2399787.949574701,5383337.1603348,2429464.800634843,44290.16325453094,22.5371279002246,114.026226501223,25.0226377874782,0.757976644526929,1
3580,test,2206,382916.999852744,1334571716.99985,26,20,1,2,-2399789.6750656185,5383329.95557228,2429456.313728089,43693.205500297816,22.5371320948954,114.026239602109,24.6650679874571,1.12788543584011,1
3581,test,2206,382917.999858306,1334571717.99986,26,19,1,3,-2399805.555915381,5383345.25122389,2429440.5171494624,43103.65950749362,22.5371375978529,114.026249398814,24.592351164193,1.11459739515722,1
3582,test,2206,382918.999860557,1334571718.99986,25,19,1,3,-2399786.879161825,5383309.374479573,2429432.86247823,42494.76142262143,22.5371446978847,114.02625950421,24.1116828116119,1.23129056145097,1
3583,test,2206,382919.999861215,1334571719.99986,26,20,1,2,-2399790.658018718,5383304.630021426,2429425.9952099975,41916.22816526084,22.5371506009921,114.026272098142,23.6296186221507,1.30544155230095,1
3584,test,2206,382920.999862129,1334571720.99986,27,19,1,2,-2399789.3057716405,5383305.486560283,2429424.872754125,41338.299136261616,22.5371558971658,114.026286195978,22.8529393675528,1.41409461242392,1
3585,test,2206,382921.999864038,1334571721.99986,27,19,1,2,-2399785.3665149757,5383303.581066384,2429419.386406243,40756.21765236006,22.5371597974336,114.026300895601,22.5505167739044,1.44970652098074,1
3586,test,2206,382922.999865951,1334571722.99987,26,20,1,2,-2399788.1762978574,5383313.311421408,2429432.314654436,40189.06067867022,22.5371632024048,114.02631430055,21.9132931097828,1.35108024342904,1
3587,test,2206,382923.999867874,1334571723.99987,26,23,1,3,-2399777.421331208,5383296.716747749,2429438.1706054755,39605.86694166666,22.5371668968021,114.026324999699,21.4336007681845,1.22211901307167,1
3588,test,2206,382924.999869787,1334571724.99987,25,21,1,2,-2399778.8029778274,5383295.858081297,2429442.358520644,39030.89324124931,22.5371674019291,114.026338196083,20.675299369715,1.30822468386365,1
3589,test,2206,382925.999871702,1334571725.99987,25,21,1,2,-2399777.9971410166,5383294.5754425675,2429443.1424245234,38454.72798767068,22.5371695024601,114.026350897573,20.4304263585354,1.36851066269716,1
3590,test,2206,382926.999873615,1334571726.99987,27,22,1,2,-2399779.308487032,5383294.994611872,2429446.744357081,37880.11288359534,22.5371735991502,114.026364797634,20.0416307764994,1.48375776448398,1
3591,test,2206,382927.999874372,1334571727.99987,27,22,1,2,-2399780.5265929317,5383294.94548377,2429452.724642896,37308.53624352758,22.5371752967461,114.026379197025,19.7582192638194,1.51821867339111,1
3592,test,2206,382928.999878641,1334571728.99988,26,24,1,2,-2399774.93188724,5383286.369811204,2429465.5796640557,36736.12786110998,22.5371793030988,114.026391497096,19.2917547917979,1.48908374321699,1
3593,test,2206,382929.999879391,1334571729.99988,26,24,1,2,-2399777.760411924,5383290.852842565,2429472.395512821,36166.476603352334,22.5371809046101,114.026404597112,19.0626885449392,1.40200414384216,1
3594,test,2206,382930.999881293,1334571730.99988,26,23,1,3,-2399768.540418801,5383261.945367289,2429462.0523584737,35568.389772037815,22.5371820964451,114.026418501825,18.4967658008878,1.31135797969392,1
3595,test,2206,382931.999883199,1334571731.99988,27,23,1,3,-2399779.4563881233,5383290.996162218,2429470.800617392,35015.23387090953,22.5371826013872,114.026432893712,17.9210997108418,1.37675008553368,1
3596,test,2206,382932.999884109,1334571732.99988,29,22,1,3,-2399772.087835301,5383269.987889865,2429466.1599466787,34423.99411997447,22.5371846005165,114.026447696687,17.7581186615074,1.44676081773136,1
3597,test,2206,382933.999884799,1334571733.99988,29,22,1,2,-2399773.837576887,5383270.83565594,2429465.07378013,33849.58653326805,22.5371877937768,114.026462700968,17.751289306992,1.55174974204445,1
3598,test,2206,382934.999887241,1334571734.99989,27,20,1,3,-2399791.054596593,5383299.487274127,2429454.7050078665,33283.83133476141,22.5371885013191,114.026475997527,17.5703219152468,1.4611465103744,1
3599,test,2206,382935.999892618,1334571735.99989,26,21,1,3,-2399816.6808517645,5383352.646120308,2429463.170047394,32746.11572079085,22.5371882004788,114.026491299282,17.3844908160177,1.43887224105856,1
3600,test,2206,382936.999895047,1334571736.9999,25,17,1,3,-2399866.4524303107,5383384.682626037,2429638.6310217367,32265.881259612488,22.5371874948769,114.02650670068,17.168415423445,1.52832837476198,1
3601,test,2206,382937.99989573,1334571737.9999,22,15,1,3,-2399789.3691560715,5383307.476461897,2429461.8303846717,31565.536800329122,22.5371878030908,114.026521601755,17.1957554766201,1.50581632332402,1
3602,test,2206,382938.999896634,1334571738.9999,24,17,1,2,-2399799.9230723944,5383309.291129614,2429459.1103766533,30996.59044262028,22.5371884962103,114.026536001259,17.0629666160611,1.46001398707018,1
3603,test,2206,382939.999898535,1334571739.9999,26,18,1,2,-2399803.517329038,5383306.487278941,2429459.8832909237,30421.484179692634,22.5371902970112,114.026551495791,17.1302850604996,1.50031715911334,1
3604,test,2206,382940.999900448,1334571740.9999,26,18,1,2,-2399798.200048122,5383296.735709867,2429457.9768117014,29839.062892871192,22.5371899988919,114.026565899653,16.7115259584589,1.49435695214988,1
3605,test,2206,382941.99990237,1334571741.9999,25,18,1,2,-2399795.7907029204,5383296.119798498,2429457.8083296064,29261.64959567837,22.5371930044828,114.026578795619,16.6139104635735,1.48349906944086,1
3606,test,2206,382942.999904264,1334571742.9999,24,18,1,2,-2399795.6982722376,5383295.067191378,2429458.03305629,28686.679085989592,22.53719399865,114.026594201427,16.8365212517328,1.44067670852166,1
3607,test,2206,382943.99990619,1334571743.99991,23,19,1,3,-2399816.0546106263,5383343.297945512,2429463.0819093813,28143.650129048252,22.5371903005897,114.02660739526,16.9494159675907,1.39198518016723,1
3608,test,2206,382944.999908126,1334571744.99991,23,20,1,2,-2399815.8190622525,5383341.825746129,2429470.4863566416,27573.002676191278,22.5371865006835,114.02661740426,17.0476808030407,1.10348234166264,1
3609,test,2206,382945.999910027,1334571745.99991,27,21,1,2,-2399822.4635524196,5383344.898111789,2429479.1748832674,27007.775928628915,22.5371830978231,114.026621797941,16.9956289952339,0.645400987442381,1
3610,test,2206,382946.99991194,1334571746.99991,28,21,1,2,-2399816.3506682245,5383341.794350571,2429466.545116112,26421.253795515095,22.5371769982463,114.026626797325,17.1283106939311,0.283163057486047,1
3611,test,2206,382947.999913842,1334571747.99991,28,20,1,3,-2399799.103159627,5383292.120441656,2429475.7935019364,25825.43953448079,22.5371741995085,114.026632696683,17.8046897016919,0.126992305419763,1
3612,test,2206,382948.999915763,1334571748.99992,27,21,1,3,-2399822.6226241863,5383343.236881988,2429472.9840141893,25280.97923147585,22.5371747986673,114.026636197625,18.5370918287203,0.0720946257394906,1
3613,test,2206,382949.999917674,1334571749.99992,28,21,1,2,-2399818.0717157023,5383339.469118552,2429472.247974527,24702.69287426648,22.5371747985052,114.026643803981,19.4659531775432,0.228417723252884,1
3614,test,2206,382950.999919605,1334571750.99992,28,21,1,2,-2399819.5755758854,5383340.590344476,2429486.2865275308,24137.36283012822,22.5371729959262,114.026650503141,19.7382592690216,0.461779526580136,1
3615,test,2206,382951.999921512,1334571751.99992,25,20,1,3,-2399797.9402172538,5383290.717751406,2429482.7214559806,23530.483842206126,22.5371771022048,114.026655699135,19.90519028148,0.517953694580187,1
3616,test,2206,382952.999923425,1334571752.99992,26,21,1,2,-2399808.019046771,5383303.749560495,2429486.035542869,22967.42540475625,22.5371860996712,114.026658799264,20.2461752827035,0.893523580063801,1
3617,test,2206,382953.99992533,1334571753.99993,26,20,1,2,-2399795.9713631086,5383294.095660212,2429471.776958637,22376.21188422604,22.5371974965736,114.026659200272,20.6617893273913,1.12024540314608,1
3618,test,2206,382954.999927245,1334571754.99993,26,20,1,2,-2399793.854218722,5383292.9559261175,2429459.4331122274,21793.851853008026,22.5372110956968,114.026657902794,20.9567679919463,1.27778730228261,1
3619,test,2206,382955.999929123,1334571755.99993,26,20,1,2,-2399797.1731285662,5383298.9380569905,2429465.6075085504,21227.145083273084,22.5372137953301,114.026670399216,22.1280223376177,1.04792003321506,1
3620,test,2206,382956.999931132,1334571756.99993,28,21,1,3,-2399762.478413916,5383293.2921836255,2429527.9519223683,20680.95891574055,22.5372237976763,114.026678298526,22.5792055412238,1.2537347163388,1
3621,test,2206,382957.999933135,1334571757.99993,27,22,1,3,-2399773.28748252,5383306.104531567,2429524.243660637,20105.90457976701,22.5372349972347,114.026679400401,23.1936036160979,1.18670981055508,1
3622,test,2206,382958.999935007,1334571758.99993,27,22,1,2,-2399776.0760075888,5383314.833071195,2429525.187691869,19533.50531373929,22.5372460991013,114.02667910413,23.4401252884574,1.2298693750896,1
3623,test,2206,382959.999936909,1334571759.99994,28,21,1,3,-2399805.9334620363,5383339.887417737,2429480.2179688946,18945.845794747118,22.5372580974031,114.026674796696,23.8179221717939,1.26996224277135,1
3624,test,2206,382960.999938806,1334571760.99994,27,21,1,2,-2399801.5423831996,5383339.966332998,2429486.2551667094,18372.15675572258,22.5372663978826,114.026673100443,24.5406966262822,1.13265925988673,1
3625,test,2206,382961.999940752,1334571761.99994,27,20,1,2,-2399805.848041793,5383346.199882754,2429491.567521206,17802.71096198035,22.5372737950794,114.02667329483,25.0740141445414,1.07030591449099,1
3626,test,2206,382962.999942641,1334571762.99994,27,21,1,2,-2399805.791423559,5383343.8661251245,2429492.3112463704,17230.768100438683,22.5372844978986,114.026672999761,25.8522906797928,1.17686159882223,1
3627,test,2206,382963.999944533,1334571763.99994,26,20,1,2,-2399806.4154150467,5383346.312313493,2429491.195018403,16658.11482436204,22.537295695666,114.026670803519,26.3811039722417,1.12477998427747,1
3628,test,2206,382964.999946455,1334571764.99995,28,20,1,2,-2399806.0348685733,5383335.923996624,2429492.5637523346,16074.9619122453,22.5373086997361,114.026666102538,26.8661951933685,1.23828175401234,1
3629,test,2206,382965.999948352,1334571765.99995,27,17,1,3,-2399822.4433683925,5383377.6381976325,2429509.569231262,15532.702045122736,22.5373169959025,114.026670496302,27.9658220853727,1.04589677182744,1
3630,test,2206,382966.999949262,1334571766.99995,26,20,1,3,-2399815.3645163383,5383340.530707086,2429507.7077116575,14940.0462970164,22.5373272966379,114.026668701465,28.4887534375894,1.03237583244425,1
3631,test,2206,382967.999949954,1334571767.99995,26,18,1,2,-2399819.5340874232,5383346.398219326,2429507.1522633648,14369.795914715205,22.5373352977924,114.026669605239,29.0826726632174,0.90241581425729,1
3632,test,2206,382968.999952393,1334571768.99995,27,18,1,2,-2399824.3360840413,5383356.406027514,2429519.1496439963,13806.487584580213,22.537340902769,114.026671002953,30.2168852190045,0.735902612349969,1
3633,test,2206,382969.999957775,1334571769.99996,27,18,1,2,-2399823.0723553505,5383364.170885183,2429529.066126604,13241.087657995791,22.5373531957036,114.026668696262,30.9778402133914,0.884688397469833,1
3634,test,2206,382970.999960216,1334571770.99996,27,18,1,2,-2399822.8884362015,5383364.235477972,2429530.8613957204,12666.417569600502,22.5373634983159,114.026667295436,31.4741921497198,0.761275725528588,1
3635,test,2206,382971.999960893,1334571771.99996,25,17,1,3,-2399833.392069286,5383379.356421672,2429531.020325015,12103.995123937035,22.5373737029554,114.026666004994,31.9810108783561,0.837822393509293,1
3636,test,2206,382972.999961782,1334571772.99996,26,17,1,2,-2399837.893876464,5383378.231051179,2429529.220555336,11528.239525829664,22.5373862983218,114.026666800129,32.502096662601,1.06963180669431,1
3637,test,2206,382973.999963668,1334571773.99996,26,18,1,2,-2399840.380793292,5383385.482312682,2429533.2536392245,10959.788233241834,22.5373989029728,114.026669998322,33.2555296024955,1.19757428946823,1
3638,test,2206,382974.999964425,1334571774.99996,24,16,1,3,-2399821.5964869293,5383350.9880041815,2429529.453645221,10361.344076080492,22.5374136985557,114.026668305401,33.6617287926603,1.26784379627704,1
3639,test,2206,382975.9999653,1334571775.99997,25,17,1,2,-2399830.767152148,5383365.612057253,2429537.1539567388,9803.877567674652,22.5374261986803,114.02666279497,34.0360581729503,1.30894527632925,1
3640,test,2206,382976.999970906,1334571776.99997,23,16,1,3,-2399827.723890642,5383336.643266717,2429521.6623359504,9205.29716003184,22.5374400016801,114.026662198635,34.6810569793419,1.31337923912731,1
3641,test,2206,382977.999973945,1334571777.99997,25,15,1,2,-2399838.083720664,5383350.075330153,2429529.1177582922,8644.885580534983,22.5374545994,114.026662397156,35.1400687451637,1.29769336120766,1
3642,test,2206,382978.999973244,1334571778.99997,23,14,1,2,-2399839.6457901024,5383340.254888318,2429522.5979801198,8061.739692747893,22.537471795899,114.026658604435,35.4978214426175,1.36732834379666,1
3643,test,2206,382979.999973711,1334571779.99997,21,15,1,2,-2399830.317172957,5383334.90257236,2429520.709679385,7479.403165358934,22.537488796291,114.026650899322,35.8348603811796,1.48482913691098,1
3644,test,2206,382980.99997407,1334571780.99997,24,16,1,2,-2399822.8569212584,5383330.362731174,2429526.8839126527,6904.74889330799,22.5375130982127,114.026648096287,35.5618805627834,1.6316177531364,1
3645,test,2206,382981.999974978,1334571781.99997,25,15,1,2,-2399822.269614225,5383324.461995802,2429525.558525884,6323.940552134285,22.5375305037335,114.026644797519,35.9786594318066,1.63384223959717,1
3646,test,2206,382982.999978121,1334571782.99998,23,15,1,3,-2399810.3046567943,5383306.135602506,2429523.249117226,5733.288122374675,22.5375481982349,114.026643297928,36.3261630024279,1.5462976007441,1
3647,test,2206,382983.999983982,1334571783.99998,23,15,1,2,-2399809.37927018,5383306.481275441,2429523.7669598907,5158.47530958541,22.5375639003824,114.026640101966,36.6496140986261,1.61730606183657,1
3648,test,2206,382984.999988329,1334571784.99999,22,15,1,2,-2399805.599213366,5383311.89019145,2429527.592023509,4587.2711975928005,22.5375772029698,114.026636902384,36.6350192916516,1.46688962207634,1
3649,test,2206,382985.999989971,1334571785.99999,22,14,1,3,-2399791.9606023515,5383307.005712337,2429536.6475119037,4007.91498209654,22.53759289835,114.026633199804,36.9863529764284,1.54278258708803,1
3650,test,2206,382986.999990654,1334571786.99999,23,15,1,2,-2399797.335059718,5383315.771059851,2429545.5258009145,3443.9355541214904,22.5376105024852,114.026631100976,37.5405902624135,1.47837292458294,1
3651,test,2206,382987.999991339,1334571787.99999,23,15,1,2,-2399800.31619216,5383325.939411183,2429550.7381166243,2877.7032697189716,22.5376250961724,114.026628801998,37.8363059935145,1.41333463752163,1
3652,test,2206,382988.999992448,1334571788.99999,21,15,1,2,-2399798.520002858,5383327.963656745,2429551.9933489906,2305.6171917431293,22.5376367964824,114.026625999612,37.8057375095447,1.281215008172,1
3653,test,2206,382989.99999435,1334571789.99999,22,15,1,2,-2399789.383808166,5383315.922990214,2429554.5282435385,1721.4684197264733,22.537650803799,114.026626894867,37.8561439686825,1.24126373288558,1
3654,test,2206,382990.999995992,1334571791.0,20,15,1,2,-2399796.626639016,5383309.724800961,2429547.734066379,1141.849581379446,22.5376664011679,114.026620900823,37.5735592931831,1.358459938232,1
3655,test,2206,382991.999997388,1334571792.0,22,14,1,2,-2399787.762974086,5383314.904092536,2429555.851202354,572.7070728825319,22.5376792984582,114.026619803263,37.9671375257887,1.26312377808794,1
3656,test,2206,382992.999998585,1334571793.0,20,15,1,3,-2399788.5807255786,5383336.388444486,2429572.824287948,21.94503389963674,22.5376896974049,114.026611002932,39.3274294766183,1.24278540473314,1
3657,test,2206,382993.999999621,1334571794.0,20,14,1,2,-2399790.545647942,5383339.746528191,2429580.0669131074,-546.4846968775611,22.5377061013951,114.02661060499,39.5079327578348,1.34747972158293,1
3658,test,2206,382995.000000526,1334571795.0,20,14,1,3,-2399770.323399051,5383287.234141263,2429550.289244288,-1170.6923264306852,22.5377194994567,114.026611197729,40.1696610003696,1.31694113819763,1
3659,test,2206,382996.000001327,1334571796.0,21,13,1,2,-2399772.4418582,5383290.24875486,2429551.8540275013,-1742.394965921128,22.5377350987517,114.026610298925,41.339762974915,1.27832860615204,1
3660,test,2206,382997.000002045,1334571797.0,22,14,1,2,-2399789.6741108103,5383299.473760155,2429550.9092150745,-2306.8951388306846,22.5377438024217,114.026616101201,41.6887939482703,1.03006322461221,1
3661,test,2206,382998.000002705,1334571798.0,21,16,1,2,-2399782.4747394873,5383313.675494042,2429561.543679869,-2865.320527119161,22.5377526004181,114.026622204708,42.3179030691296,0.823031332141321,1
3662,test,2206,382999.000003334,1334571799.0,23,17,1,3,-2399761.5385335246,5383354.0378853595,2429605.6962181525,-3399.6845128500813,22.5377695036333,114.026625901747,41.9529713855013,0.990401742135124,1
3663,test,2206,383000.000003965,1334571800.0,21,17,1,3,-2399799.9965112195,5383455.187847247,2429650.8635860216,-3881.9535755529787,22.5377770972315,114.026622700852,42.0007657523455,0.856303300231373,1
3664,test,2206,383001.000004639,1334571801.0,21,17,1,2,-2399800.7102102796,5383464.428147025,2429654.6339344797,-4448.102054046316,22.5377894968425,114.0266190998,42.0183980099209,1.07823844189765,1
3665,test,2206,383002.00000541,1334571802.00001,20,16,1,2,-2399803.2509495844,5383472.2483365135,2429656.628690685,-5014.4098052723275,22.5378006996693,114.026615201455,42.196239635246,1.09716518334108,1
3666,test,2206,383003.000006349,1334571803.00001,20,16,1,2,-2399801.176186,5383477.892823357,2429659.73172221,-5584.73113292577,22.537812297833,114.026616494565,42.7199391540611,1.08369475649945,1
3667,test,2206,383004.000007547,1334571804.00001,20,14,1,2,-2399798.5260364804,5383483.114650993,2429663.5398583193,-6155.327454572761,22.5378209019738,114.026617901273,43.1946674607615,0.851781712463819,1
3668,test,2206,383005.000009119,1334571805.00001,22,14,1,2,-2399795.459583559,5383481.801665249,2429659.6293562795,-6732.386245060756,22.5378353996569,114.026613601442,43.6960248007451,1.10504263152539,1
3669,test,2206,383006.000011197,1334571806.00001,23,15,1,2,-2399800.89466305,5383487.011265235,2429656.7612505998,-7302.669722855707,22.5378478009068,114.026612700379,44.0576028975026,1.1376035222206,1
3670,test,2206,383007.000013921,1334571807.00001,21,16,1,3,-2399768.209983424,5383394.632022453,2429591.078156684,-7971.767339886527,22.5378563972919,114.026614897643,44.1456676332926,0.956788081286998,1
3671,test,2206,383008.000017411,1334571808.00002,22,12,1,3,-2399816.6080358573,5383432.386500856,2429626.2834774754,-8500.778758710068,22.5378614017503,114.026614098115,44.7721772905266,0.672908310627652,1
3672,test,2206,383009.000021728,1334571809.00002,23,13,1,2,-2399808.5608655596,5383418.433542206,2429621.8123498056,-9086.931414770526,22.537865800438,114.026610201047,45.5916424182074,0.483827562041953,1
3673,test,2206,383010.000026817,1334571810.00003,23,13,1,2,-2399810.7329735826,5383415.102479661,2429621.66140199,-9662.71675525397,22.5378733974071,114.026607601679,45.7951037736188,0.808317804829984,1
3674,test,2206,383011.000032481,1334571811.00003,20,13,1,3,-2399813.7834824123,5383436.1161236605,2429619.6242835885,-10220.269331840895,22.5378837020524,114.02660580363,46.6274594541433,0.893121732732886,1
3675,test,2206,383012.000038388,1334571812.00004,22,12,1,3,-2399803.0521370773,5383419.57719379,2429620.5505140154,-10812.023763407766,22.5378972003895,114.026602601214,47.4894373405112,1.16986981443931,1
3676,test,2206,383013.000044145,1334571813.00004,21,14,1,3,-2399770.32038001,5383498.169005913,2429657.7320521884,-11322.035338975655,22.537910904961,114.026600697943,47.8528486597364,1.26355248289798,1
3677,test,2206,383014.000049391,1334571814.00005,21,13,1,3,-2399774.520248479,5383519.670343954,2429656.948129455,-11878.431786294313,22.5379248992942,114.026601903043,47.7188973704958,1.35246804037653,1
3678,test,2206,383015.000053886,1334571815.00005,21,14,1,2,-2399770.5823834715,5383511.856649898,2429656.39749534,-12459.885037266129,22.5379369002246,114.026601600125,47.6733316821426,1.26126792900341,1
3679,test,2206,383016.00005754,1334571816.00006,20,13,1,3,-2399799.38774546,5383439.041365232,2429618.9998758845,-13092.329639189262,22.5379464004294,114.0266023055,48.1437519078652,1.18168732128311,1
3680,test,2206,383017.000060386,1334571817.00006,21,14,1,3,-2399778.7228459874,5383499.469850514,2429648.10312871,-13619.999691136125,22.5379565993137,114.02660209731,48.7016802639036,1.18047696021993,1
3681,test,2206,383018.000062537,1334571818.00006,21,15,1,3,-2399769.9395507122,5383474.366702377,2429648.1314080805,-14214.869486438134,22.5379664975735,114.026594703171,50.7512743592655,1.23509080647862,1
3682,test,2206,383019.000064136,1334571819.00006,20,14,1,2,-2399759.0884673754,5383471.60993519,2429650.0648905435,-14792.109242608263,22.5379795026388,114.026589602589,51.6978710372583,1.18216202131034,1
3683,test,2206,383020.000065321,1334571820.00007,21,15,1,3,-2399749.13249876,5383387.719076334,2429631.043366232,-15428.94152162208,22.5379905984708,114.026588697649,52.2956138263936,1.21115131293883,1
3684,test,2206,383021.000066215,1334571821.00007,21,16,1,2,-2399743.1051123794,5383377.111300396,2429628.4926772304,-16013.126822637752,22.5380017014424,114.026585797697,52.7140318919634,1.20016393187726,1
3685,test,2206,383022.000066917,1334571822.00007,19,15,1,3,-2399720.1194876097,5383297.250159882,2429617.58107775,-16651.93638027739,22.5380124020507,114.026583302646,52.6006334043377,1.22993365766857,1
3686,test,2206,383023.000067504,1334571823.00007,20,17,1,2,-2399721.5626419405,5383300.69486799,2429606.3331396286,-17223.146908161576,22.5380193957229,114.026577998587,53.4920251480912,1.01259388817022,1
3687,test,2206,383024.000068034,1334571824.00007,20,16,1,3,-2399728.962278799,5383352.193150221,2429622.084859643,-17757.772048254483,22.5380335046925,114.026573796212,53.804923357787,1.17542379189582,1
3688,test,2206,383025.000068549,1334571825.00007,20,15,1,3,-2399715.1808778564,5383326.7709432235,2429608.3229634003,-18354.788964626034,22.538043698378,114.026569899643,54.2363962408894,1.24701347676637,1
3689,test,2206,383026.000069082,1334571826.00007,20,12,1,3,-2399741.047909689,5383277.913702871,2429565.715604384,-18976.63696968197,22.5380525019197,114.02656959909,53.7109102857424,1.47250623664585,1
3690,test,2206,383027.000069661,1334571827.00007,19,15,1,3,-2399692.141560565,5383296.886315325,2429597.0552765676,-19539.301561746994,22.5380618962548,114.026565200576,54.4730846863374,1.45877543359647,1
3691,test,2206,383028.000070306,1334571828.00007,19,14,1,3,-2399679.8490125807,5383263.005728406,2429592.98624455,-20141.018279577107,22.5380719998472,114.026563302002,54.6937801044352,1.39678716491475,1
3692,test,2206,383029.000071036,1334571829.00007,20,14,1,3,-2399669.595757074,5383236.259412905,2429590.2241665586,-20733.063802907018,22.5380833986021,114.02656099651,54.902818951762,1.36701433285918,1
3693,test,2206,383030.000071871,1334571830.00007,21,16,1,3,-2399751.300924455,5383305.205525721,2429604.7463027295,-21234.21064575541,22.538095403256,114.026561501833,54.3736147733502,1.41334053126292,1
3694,test,2206,383031.000072834,1334571831.00007,23,16,1,2,-2399749.6652241875,5383305.56802567,2429611.862285369,-21802.33872552765,22.5381068004074,114.026563902908,54.3586921638487,1.23617336953416,1
3695,test,2206,383032.000071627,1334571832.00007,24,17,1,3,-2399773.1065852554,5383335.501084257,2429618.763269172,-22346.009513972414,22.5381215016948,114.026564298941,53.7334322866543,1.23830051945911,1
3696,test,2206,383033.000070204,1334571833.00007,24,18,1,2,-2399779.7852718164,5383336.100268488,2429618.225213722,-22920.784355743373,22.5381344036583,114.026562901749,53.8883272188529,1.17936232162035,1
3697,test,2206,383034.000069586,1334571834.00007,24,19,1,3,-2399757.8892540275,5383291.358738393,2429599.1248520124,-23535.66318997548,22.5381504002024,114.026556902603,54.4097742772737,1.36810386432401,1
3698,test,2206,383035.000072945,1334571835.00007,25,16,1,3,-2399771.7139943526,5383324.793694281,2429619.571279604,-24083.525791436055,22.5381621034924,114.026552099502,54.4696953601603,1.2011522476132,1
3699,test,2206,383036.000081495,1334571836.00008,25,17,1,2,-2399772.451554481,5383324.669678831,2429618.1687085587,-24660.372189307815,22.5381728035161,114.026549698688,54.8991190278066,1.15347977084892,1
3700,test,2206,383037.000088501,1334571837.00009,23,15,1,2,-2399768.55867485,5383317.307676854,2429623.218425595,-25234.659441464744,22.5381863039143,114.026539299833,54.4638948790051,1.29607712845329,1
3701,test,2206,383038.00009149,1334571838.00009,26,16,1,2,-2399769.441912056,5383312.406375505,2429614.3779968987,-25816.760034658746,22.5382035042482,114.026528601788,53.5449087728131,1.43384037034969,1
3702,test,2206,383039.000092573,1334571839.00009,26,15,1,3,-2399791.349436565,5383398.617846784,2429622.9452963485,-26324.09766134707,22.5382167023091,114.026520298098,53.2424909070365,1.34473519084468,1
3703,test,2206,383040.000093138,1334571840.00009,26,16,1,3,-2399772.6409982364,5383292.382643028,2429600.503811664,-26982.832062347,22.5382249038752,114.026512699954,53.3132885185464,1.3799526188664,1
3704,test,2206,383041.000093716,1334571841.00009,25,15,1,2,-2399768.6158433566,5383282.046818953,2429601.523467365,-27566.14335035781,22.5382374007774,114.026500196497,53.8737241719623,1.39341569399841,1
3705,test,2206,383042.00009454,1334571842.00009,26,17,1,2,-2399780.468863056,5383277.303363453,2429588.608347182,-28141.900053146564,22.5382472025415,114.026496100728,53.9062574884418,1.33255280775623,1
3706,test,2206,383043.000095804,1334571843.0001,27,19,1,2,-2399780.1696756207,5383267.933078262,2429585.1777336253,-28719.561345290946,22.5382531019162,114.026501099581,53.2555717608138,1.09233956025335,1
3707,test,2206,383044.00009771,1334571844.0001,27,21,1,3,-2399791.1463904288,5383279.041344677,2429597.0536138555,-29282.761859391252,22.5382630014801,114.026497901901,53.3846149228233,1.04268669723771,1
3708,test,2206,383045.000099047,1334571845.0001,26,19,1,2,-2399799.2298670355,5383262.356836985,2429592.8931507245,-29859.30252290629,22.5382696014108,114.026496195663,53.7419066029238,1.01981138061255,1
3709,test,2206,383046.000099983,1334571846.0001,27,20,1,2,-2399801.3760402775,5383266.3150575645,2429597.6098832497,-30427.35245793822,22.5382767987314,114.026497199904,54.5397886946181,0.723007375885641,1
3710,test,2206,383047.000100688,1334571847.0001,27,20,1,2,-2399795.3952321545,5383252.820736463,2429575.9304868015,-31014.748949392477,22.5382868055797,114.026494301024,54.7028214324108,0.699508577067778,1
3711,test,2206,383048.000101328,1334571848.0001,26,19,1,3,-2399804.090406333,5383268.888352969,2429583.8783719977,-31580.748353267685,22.5382925985754,114.026489197104,55.2336768214501,0.720140531631355,1
3712,test,2206,383049.000102162,1334571849.0001,27,18,1,3,-2399812.9608168243,5383282.688246098,2429598.6652463134,-32137.993547258407,22.5383035985388,114.026480103885,55.7109053423273,0.763574354414942,1
3713,test,2206,383050.000103669,1334571850.0001,28,17,1,3,-2399797.9542129366,5383277.702964737,2429611.6462526307,-32716.51973037485,22.5383168997748,114.02647159861,55.2348941441828,0.825954228481699,1
3714,test,2206,383051.000106586,1334571851.00011,27,17,1,2,-2399798.8941808627,5383274.433465257,2429614.5824993616,-33290.20795204925,22.5383284968193,114.026460500181,55.5997088300655,0.700871615088971,1
3715,test,2206,383052.000111398,1334571852.00011,28,20,1,3,-2399776.3573248875,5383253.52463263,2429621.472582785,-33886.66440536798,22.5383379982584,114.02646540148,53.3173937060398,0.605157702162887,1
3716,test,2206,383053.000117167,1334571853.00012,26,18,1,3,-2399807.458430501,5383278.890334496,2429609.618568837,-34434.105234873816,22.5383566013262,114.026459498272,50.2969684096394,0.625836248812074,1
3717,test,2206,383054.000121882,1334571854.00012,26,18,1,3,-2399790.4792509996,5383275.707501935,2429619.6053621597,-35018.77070200582,22.5383729032741,114.02644720099,50.2281591381944,0.691624339919271,1
3718,test,2206,383055.00012468,1334571855.00012,27,19,1,2,-2399782.054995466,5383269.078018423,2429615.6086113737,-35598.62871080302,22.5383876017837,114.026435601501,49.0949418306365,0.868255686935627,1
3719,test,2206,383056.000126091,1334571856.00013,28,18,1,2,-2399782.7900812407,5383267.141585077,2429616.7043722593,-36175.04675867902,22.5383970039309,114.026424196253,48.1618176051198,0.766946162084162,1
3720,test,2206,383057.000126856,1334571857.00013,28,18,1,2,-2399783.694174108,5383273.114418845,2429617.431145916,-36745.830777450574,22.5384114989593,114.026410400247,47.5680911573245,0.736632253863988,1
3721,test,2206,383058.000127447,1334571858.00013,27,18,1,2,-2399781.084128891,5383277.658780701,2429619.181873094,-37319.101485043655,22.5384287985032,114.026404700814,46.3435185124898,0.67235807767451,1
3722,test,2206,383059.000128114,1334571859.00013,26,18,1,3,-2399805.459605333,5383313.11740035,2429625.024461634,-37857.06173741864,22.5384436009935,114.02639429716,45.4747740525176,0.761422521234898,1
3723,test,2206,383060.000129016,1334571860.00013,27,18,1,3,-2399784.3871621205,5383319.647559578,2429627.0653994153,-38440.75723536445,22.5384594001497,114.026376603726,45.4148528592261,0.541394389761044,1
3724,test,2206,383061.00013032,1334571861.00013,26,19,1,3,-2399795.6948360605,5383338.0840014685,2429628.339710064,-38996.224727972985,22.5384712000714,114.026373101636,45.0186465976268,0.593976166120064,1
3725,test,2206,383062.000132193,1334571862.00013,27,19,1,3,-2399825.1841990557,5383377.630980392,2429649.1486924575,-39528.59912111019,22.5384803003664,114.02636540444,44.8496459862593,0.687506842793888,1
3726,test,2206,383063.00013415,1334571863.00013,26,19,1,3,-2399803.635060284,5383353.3634597985,2429637.6437005834,-40131.0886942123,22.5384878999093,114.026357202084,44.8070850741488,0.531466707662867,1
3727,test,2206,383064.000135121,1334571864.00014,25,18,1,3,-2399757.168921762,5383331.790348257,2429636.4140968346,-40731.750002072156,22.5384960012624,114.026348199929,44.330612398831,0.435941739924732,1
3728,test,2206,383065.000135872,1334571865.00014,24,19,1,3,-2399734.705976958,5383347.872993859,2429643.1018260336,-41299.65785124099,22.5385051972011,114.02634369464,44.2248735680615,0.504498713387663,1
3729,test,2206,383066.000138325,1334571866.00014,23,18,1,2,-2399745.192376985,5383358.218098337,2429659.40618684,-41874.19653177061,22.5385136011582,114.026336802246,43.9025971483771,0.739060250067686,1
3730,test,2206,383067.000143576,1334571867.00014,25,19,1,3,-2399742.0062906216,5383336.447035193,2429649.1282111574,-42467.32938939791,22.5385273983166,114.026326098817,43.7326141589326,0.925963976797527,1
3731,test,2206,383068.00014594,1334571868.00015,24,20,1,3,-2399738.6798506314,5383310.395200682,2429637.70771537,-43064.118897676,22.5385387997245,114.026317395629,43.8861419231118,0.952022664022027,1
3732,test,2206,383069.000146632,1334571869.00015,25,20,1,3,-2399776.0485964534,5383322.066684291,2429633.6641829233,-43613.56628005988,22.5385481025637,114.026311195327,44.1848348859588,0.916180615637694,1
3733,test,2206,383070.00014756,1334571870.00015,24,18,1,3,-2399765.64137772,5383309.020094933,2429626.558393484,-44207.75753586619,22.5385600042057,114.026306401069,43.9911213871882,1.11260769648241,1
3734,test,2206,383071.000149478,1334571871.00015,25,17,1,2,-2399773.6086365893,5383304.613699935,2429628.783223724,-44780.27984486613,22.5385714010129,114.026299101394,43.3736652277464,1.10554486895051,1
3735,test,2206,383072.000151391,1334571872.00015,25,17,1,2,-2399783.692743627,5383309.693041779,2429632.539246152,-45347.778902067825,22.5385858061019,114.026292596883,42.7596664621343,1.1026005833698,1
3736,test,2206,383073.000153311,1334571873.00015,24,18,1,2,-2399777.8564100214,5383310.377969456,2429629.988802503,-45929.30671170301,22.5385982981052,114.026290998997,42.2491936321079,1.17370629821128,1
3737,test,2206,383074.000154075,1334571874.00015,24,18,1,2,-2399777.01404835,5383317.116831315,2429632.4747316516,-46498.56794684039,22.5386110999048,114.026288397019,41.9639015116787,1.28510254551499,1
3738,test,2206,383075.000158346,1334571875.00016,24,19,1,2,-2399788.579168253,5383315.29082072,2429627.16538973,-47068.35422037988,22.5386249047317,114.02628660152,41.5205515714033,1.39805890876715,1
3739,test,2206,383076.000159091,1334571876.00016,23,20,1,2,-2399795.7296886705,5383326.688288164,2429631.214532752,-47634.117953820256,22.5386396022932,114.026284197777,41.2302875654424,1.47825882989399,1
3740,test,2206,383077.000160991,1334571877.00016,25,18,1,3,-2399786.546446162,5383305.2603429975,2429624.4401572673,-48226.641939471505,22.5386531996562,114.026281704865,40.5448238489866,1.43909556578199,1
3741,test,2206,383078.000162898,1334571878.00016,24,19,1,2,-2399791.9404713647,5383314.395060446,2429628.920954196,-48791.846445808085,22.5386655970763,114.026278301171,40.2604244447533,1.42413167852853,1
3742,test,2206,383079.000163603,1334571879.00016,24,19,1,2,-2399787.716935026,5383308.862434428,2429630.5381314396,-49370.91151436031,22.5386828021457,114.02627599709,38.8053777347979,1.48224851320357,1
3743,test,2206,383080.000168087,1334571880.00017,25,20,1,3,-2399772.929657632,5383267.116710969,2429617.339432803,-49977.83611501042,22.538696802014,114.026274999273,38.5812831561484,1.47406295421814,1
3744,test,2206,383081.000168659,1334571881.00017,21,18,1,3,-2399759.942307862,5383295.491672729,2429641.347040937,-50540.4391546024,22.5387094012755,114.026274198313,38.6238635658102,1.31087313820265,1
3745,test,2206,383082.00017078,1334571882.00017,26,21,1,3,-2399746.9294802872,5383280.100298781,2429637.140128331,-51126.352794792416,22.5387205049598,114.026270997218,38.4394365718081,1.28148066944951,1
3746,test,2206,383083.000172504,1334571883.00017,26,21,1,3,-2399770.891588148,5383278.245930465,2429644.596957333,-51690.171054723025,22.5387321978558,114.026267699338,38.5961375636489,1.37644202308071,1
3747,test,2206,383084.000174403,1334571884.00017,27,20,1,2,-2399769.706458375,5383273.261805842,2429644.409200888,-52269.00460901526,22.5387453015031,114.026262197487,38.9216198448159,1.37207254211706,1
3748,test,2206,383085.000176291,1334571885.00018,27,19,1,2,-2399764.142151483,5383258.446474288,2429640.5140202367,-52856.13638190621,22.5387600048143,114.026257202177,38.6037127498128,1.35872117441657,1
3749,test,2206,383086.00017823,1334571886.00018,26,20,1,3,-2399748.3114995584,5383241.161696459,2429636.540853747,-53439.80131457135,22.538775704562,114.026253003674,37.6990439377933,1.38522394467948,1
3750,test,2206,383087.000180168,1334571887.00018,27,20,1,2,-2399746.55477563,5383235.49304218,2429635.3524690587,-54018.792179341246,22.5387900057157,114.026252197295,37.1936601592062,1.37376014495743,1
3751,test,2206,383088.000182059,1334571888.00018,25,20,1,2,-2399746.8589952015,5383239.267802298,2429638.913477623,-54588.634337025534,22.5388051016808,114.026250003866,37.1988694796617,1.46033318292964,1
3752,test,2206,383089.000183971,1334571889.00018,26,19,1,2,-2399747.7148786006,5383234.763635449,2429638.827178465,-55167.57676670412,22.5388181976904,114.026249099388,38.0533444040703,1.37373396648437,1
3753,test,2206,383090.000185897,1334571890.00019,24,19,1,2,-2399743.94288565,5383227.06608033,2429636.641324163,-55748.47775748523,22.5388336061323,114.026247199416,37.6725772501157,1.50272647891549,1
3754,test,2206,383091.000187702,1334571891.00019,25,20,1,2,-2399739.250815932,5383239.121082025,2429643.6903926963,-56314.07398423129,22.538845398263,114.026243701524,37.1791004770496,1.20788264055829,1
3755,test,2206,383092.000189702,1334571892.00019,22,19,1,2,-2399742.3673482276,5383245.833529878,2429654.6182207856,-56883.76573815348,22.5388569024264,114.026242598494,37.2974033273594,1.12273416701374,1
3756,test,2206,383093.000191747,1334571893.00019,23,20,1,3,-2399722.9972535004,5383226.903593706,2429637.2918290035,-57480.29454033521,22.5388680014338,114.026242397197,36.8977668488372,1.24870607937354,1
3757,test,2206,383094.000193575,1334571894.00019,23,20,1,2,-2399726.839529567,5383231.655785924,2429643.5720848627,-58048.309300455585,22.538878998754,114.026244395394,35.9068322990946,1.05491793599027,1
3758,test,2206,383095.000195458,1334571895.0002,26,21,1,2,-2399727.3355913376,5383231.314793243,2429643.675210773,-58623.20781594427,22.5388882003344,114.026245399758,35.7916227215112,0.916555854032272,1
3759,test,2206,383096.000197374,1334571896.0002,26,20,1,2,-2399732.679399976,5383234.412666094,2429648.669117123,-59192.7794168233,22.5389002998541,114.026244300457,36.2207778752997,1.12407101144535,1
3760,test,2206,383097.00019813,1334571897.0002,25,19,1,2,-2399727.5229521263,5383233.456441172,2429645.4636745094,-59770.96195003535,22.538910104309,114.026248401877,37.058721398883,1.08852805871765,1
3761,test,2206,383098.00019967,1334571898.0002,26,19,1,2,-2399727.028239031,5383237.378336017,2429650.8096471415,-60340.537850174565,22.5389186014701,114.026249494885,37.9871585145749,0.919520798032703,1
3762,test,2206,383099.000204707,1334571899.0002,27,19,1,2,-2399724.4890662213,5383236.537947264,2429651.6201209044,-60915.41592976651,22.5389271983007,114.026253301889,38.5107883663089,0.895427076295544,1
3763,test,2206,383100.000206231,1334571900.00021,27,18,1,2,-2399729.4624412986,5383235.4973205915,2429650.936283559,-61490.81102736218,22.5389352028083,114.026259301946,39.7064075176411,0.902881528755491,1
3764,test,2206,383101.000206968,1334571901.00021,28,19,1,2,-2399729.6867649965,5383240.313037616,2429654.82168413,-62059.5713634762,22.5389429053478,114.026264401673,40.2886890880258,0.962274479909733,1
3765,test,2206,383102.000208864,1334571902.00021,28,19,1,2,-2399734.680422887,5383240.7935285205,2429661.6495632576,-62629.34290686306,22.5389498027319,114.026271002373,41.1823083666,0.996188128577746,1
3766,test,2206,383103.000210599,1334571903.00021,28,20,1,2,-2399740.577626503,5383236.219721098,2429660.848900763,-63206.67243168898,22.5389582021765,114.026276201633,41.2159781858788,0.995461212013659,1
3767,test,2206,383104.000212722,1334571904.00021,28,19,1,2,-2399741.570350116,5383242.894434886,2429663.4223333015,-63777.72804277453,22.538965100964,114.02627880112,42.2370234240412,0.897484630393117,1
3768,test,2206,383105.000213301,1334571905.00021,28,19,1,2,-2399742.146833084,5383250.626293124,2429667.27945805,-64345.92777793938,22.5389709968471,114.026284597083,43.009113882653,0.842929867225894,1
3769,test,2206,383106.000217754,1334571906.00022,27,20,1,2,-2399739.8857904566,5383239.766667442,2429664.6641225643,-64927.88142599664,22.5389771014756,114.026288899813,43.4724684677995,0.808441728290584,1
3770,test,2206,383107.000218453,1334571907.00022,27,21,1,2,-2399746.2154783504,5383245.56158748,2429667.120824381,-65495.96605625598,22.5389857053869,114.026292400501,43.7856269226383,0.995610498764747,1
3771,test,2206,383108.000220351,1334571908.00022,26,20,1,2,-2399741.637178285,5383239.978719564,2429668.723963882,-66075.24077063135,22.538994099422,114.026296000848,44.6998508705994,0.88029696523916,1
3772,test,2206,383109.00022109,1334571909.00022,27,20,1,2,-2399738.447385661,5383241.130971652,2429668.9248687527,-66650.68928806066,22.5390048025609,114.026298997221,45.0998572419464,1.07986089073935,1
3773,test,2206,383110.000225342,1334571910.00023,28,20,1,2,-2399736.5095733753,5383248.474013099,2429676.8658457464,-67219.30821559549,22.5390139007934,114.026299605093,45.4166060834905,0.97020094634817,1
3774,test,2206,383111.000226126,1334571911.00023,28,19,1,2,-2399737.9353246503,5383248.866509392,2429677.0650003375,-67796.52276799364,22.5390229992759,114.026296799472,45.3576367768432,0.917570279857406,1
3775,test,2206,383112.000228072,1334571912.00023,27,19,1,2,-2399726.73174935,5383237.901644575,2429673.609392852,-68380.08201386989,22.5390343002276,114.02629390099,45.1546000381708,1.06811997135929,1
3776,test,2206,383113.000229984,1334571913.00023,28,21,1,2,-2399721.3386524883,5383239.614077739,2429677.552238679,-68953.04155306854,22.5390448019045,114.026291398983,45.2012660972583,1.06491502236387,1
3777,test,2206,383114.000231912,1334571914.00023,27,20,1,2,-2399711.642759146,5383231.397040767,2429670.9764411813,-69539.35077330399,22.5390543022713,114.026290603679,45.1159423582864,1.02322763328561,1
3778,test,2206,383115.000233821,1334571915.00023,27,20,1,2,-2399709.574973917,5383230.20953202,2429672.661148902,-70114.82008413061,22.5390663011026,114.026285495418,44.9040393569839,1.08705508972589,1
3779,test,2206,383116.000235739,1334571916.00024,27,20,1,2,-2399708.9894056693,5383226.073061515,2429671.691106385,-70692.55255628162,22.53907640423,114.026281504639,44.7778666310836,1.02539381535953,1
3780,test,2206,383117.000237636,1334571917.00024,27,20,1,2,-2399711.33484863,5383232.320916863,2429676.5985469203,-71260.70474591572,22.5390857018035,114.026283097009,44.9084335203513,1.01437674593744,1
3781,test,2206,383118.000239586,1334571918.00024,27,22,1,3,-2399729.9759233277,5383243.690419254,2429683.7247485807,-71821.10277573875,22.539098199918,114.026281295679,44.0076405902238,1.08896557787784,1
3782,test,2206,383119.000241512,1334571919.00024,26,23,1,3,-2399707.835326857,5383231.690318195,2429674.9364745305,-72411.59518127919,22.5391088990688,114.026275394764,43.2319945194828,1.05957092734249,1
3783,test,2206,383120.000243425,1334571920.00024,26,23,1,2,-2399707.365522791,5383232.256281172,2429676.865992132,-72985.54308091146,22.5391199986347,114.026269096182,42.9730157722714,1.03417183834363,1
3784,test,2206,383121.000245342,1334571921.00025,27,23,1,2,-2399705.382420907,5383233.76382538,2429675.6849653646,-73559.63046998794,22.5391323992096,114.026258796612,41.8295597864728,1.15589503735878,1
3785,test,2206,383122.000247241,1334571922.00025,27,24,1,2,-2399702.8549182517,5383237.958503282,2429680.966284009,-74130.74409958225,22.5391443049547,114.02625099606,41.3659257873346,1.17752044175668,1
3786,test,2206,383123.000249161,1334571923.00025,28,24,1,2,-2399697.48320388,5383235.310833663,2429678.1147927064,-74708.8067654635,22.5391569019732,114.026238394341,39.6951986290267,1.18804622733342,1
3787,test,2206,383124.00025107,1334571924.00025,27,24,1,2,-2399698.2189450567,5383233.669382794,2429680.0205484238,-75280.74594768438,22.5391655981463,114.026232299561,39.4982871994251,1.01970877976621,1
3788,test,2206,383125.000252992,1334571925.00025,31,26,1,2,-2399704.5531589976,5383243.5194719415,2429685.531590876,-75847.26610153407,22.5391749050302,114.026222902197,39.6811290346664,1.02448533483906,1
3789,test,2206,383126.000254898,1334571926.00025,30,27,1,2,-2399696.130158873,5383243.383803417,2429687.531818423,-76419.73559553348,22.5391830045718,114.02621389972,40.199126872415,0.974229455046317,1
3790,test,2206,383127.0002568,1334571927.00026,30,27,1,2,-2399692.6045853053,5383248.99215183,2429696.1647053226,-76987.286832385,22.5391905973382,114.026205796798,40.4611005355324,1.03183049773026,1
3791,test,2206,383128.000258711,1334571928.00026,28,26,1,2,-2399691.416535884,5383243.526861468,2429695.1601529405,-77564.59022362962,22.5391998026189,114.026196401743,40.1415035571217,1.03677813573804,1
3792,test,2206,383129.000260636,1334571929.00026,31,27,1,2,-2399689.904768691,5383241.965405021,2429694.9115133993,-78140.57813220355,22.5392071044531,114.026187294801,39.4843937603956,0.771436216291134,1
3793,test,2206,383130.000262554,1334571930.00026,28,26,1,2,-2399692.3529416444,5383238.953284479,2429694.64187038,-78713.53077259369,22.5392122011196,114.026182904091,39.4887794483226,0.602071022975268,1
3794,test,2206,383131.00026447,1334571931.00026,29,27,1,2,-2399690.527579681,5383240.761871925,2429695.0774453785,-79289.31208955176,22.5392171021232,114.02617849456,39.4488783873649,0.543769330977755,1
3795,test,2206,383132.000266381,1334571932.00027,31,27,1,2,-2399690.543673637,5383251.930709767,2429703.045682091,-79853.5737821502,22.5392217004595,114.026173298613,39.998485856177,0.476389422444835,1
3796,test,2206,383133.000268297,1334571933.00027,28,26,1,2,-2399689.5267151035,5383259.010290387,2429710.8448268604,-80420.30055604105,22.5392251988771,114.026166599951,40.4632846405537,0.531586775819486,1
3797,test,2206,383134.000270213,1334571934.00027,30,27,1,2,-2399688.2454477455,5383248.786016151,2429706.960973707,-81001.26124776951,22.5392287033258,114.026160596801,41.1430253242256,0.449202318419741,1
3798,test,2206,383135.000272129,1334571935.00027,29,27,1,2,-2399684.578423977,5383242.684241417,2429708.4621519945,-81579.80126568933,22.5392329004376,114.02615479591,41.0301366451727,0.496893164721999,1
3799,test,2206,383136.000274028,1334571936.00027,28,27,1,2,-2399689.0672092014,5383251.33705002,2429710.456759343,-82146.98181477514,22.5392347976072,114.026150903697,42.5978482460553,0.327136998379138,1
3800,test,2206,383137.000275947,1334571937.00028,28,26,1,2,-2399684.19366875,5383256.75552909,2429710.117782118,-82721.02945515802,22.5392352995152,114.026145399545,42.5681524667911,0.228601033150384,1
3801,test,2206,383138.000277874,1334571938.00028,28,26,1,2,-2399693.856915993,5383269.399867049,2429718.6063041915,-83283.781677885,22.5392352981665,114.026138602484,42.5032756256341,0.212577316367774,1
3802,test,2206,383139.000279763,1334571939.00028,28,25,1,2,-2399684.150002398,5383260.740860934,2429710.540058991,-83865.14317889744,22.5392347003569,114.026135001694,42.7984468768945,0.200654496407256,1
3803,test,2206,383140.000281695,1334571940.00028,27,25,1,2,-2399678.7347975145,5383258.486241762,2429701.7586117336,-84444.30923397948,22.5392373046376,114.026129903828,43.1759264900719,0.297396599245443,1
3804,test,2206,383141.000283609,1334571941.00028,28,26,1,2,-2399683.114943457,5383267.827025607,2429704.5669159414,-85009.45818346649,22.5392398986804,114.026126198847,43.4229669750043,0.378618938616323,1
3805,test,2206,383142.000285539,1334571942.00029,28,25,1,2,-2399677.9240008397,5383256.027145916,2429692.8831230486,-85597.08410509069,22.5392409034899,114.026121398021,43.6634761802193,0.279382301204606,1
3806,test,2206,383143.000287441,1334571943.00029,30,26,1,2,-2399672.6358107924,5383253.872437432,2429700.3650379744,-86167.58858143043,22.5392432971308,114.026121400937,43.6692480574998,0.390767188464846,1
3807,test,2206,383144.000289351,1334571944.00029,29,27,1,2,-2399680.173575837,5383257.267871659,2429705.7091897083,-86738.89410823438,22.5392485993365,114.026117499842,43.4833593087612,0.513736435056254,1
3808,test,2206,383145.000291273,1334571945.00029,29,27,1,2,-2399680.604001558,5383257.341962882,2429706.7588429833,-87313.1131049161,22.5392519985347,114.026117200721,43.2702867671342,0.490296439031414,1
3809,test,2206,383146.000293189,1334571946.00029,29,27,1,2,-2399685.138099202,5383257.721355611,2429713.0615755552,-87883.4934552543,22.5392562982192,114.026109399163,43.5500328738002,0.624243566923978,1
3810,test,2206,383147.000295091,1334571947.0003,29,27,1,2,-2399682.55066516,5383254.731960255,2429712.29564228,-88460.51674570862,22.539257300653,114.026103896178,43.4153907691253,0.475515272470725,1
3811,test,2206,383148.000297001,1334571948.0003,29,27,1,2,-2399681.563890775,5383247.018665287,2429704.796855728,-89040.71458842087,22.5392542003646,114.026097998337,43.2041588646869,0.453014194943466,1
3812,test,2206,383149.000298928,1334571949.0003,28,26,1,2,-2399685.5250775823,5383257.873155189,2429710.8662128244,-89606.1245778752,22.5392531968906,114.026094694726,43.5606370180307,0.423731120510518,1
3813,test,2206,383150.000300823,1334571950.0003,28,26,1,2,-2399685.204815488,5383259.732528424,2429725.084382365,-90171.10526066304,22.5392513047956,114.026095401978,43.3558252587689,0.29437259831421,1
3814,test,2206,383151.000302787,1334571951.0003,29,24,1,2,-2399686.656532769,5383260.7412671065,2429729.3160982593,-90740.76565150723,22.5392481992577,114.026093605851,43.435713629724,0.308598402250796,1
3815,test,2206,383152.000304718,1334571952.0003,28,23,1,2,-2399672.8425819455,5383250.358985085,2429726.569763564,-91322.53612561073,22.539246894734,114.026088701027,43.048110758601,0.380782465260063,1
3816,test,2206,383153.000306597,1334571953.00031,26,24,1,2,-2399677.4887297424,5383245.3833243195,2429724.8253563987,-91895.86644479669,22.5392496021585,114.02608030105,42.5267298563276,0.531139669096085,1
3817,test,2206,383154.000308526,1334571954.00031,28,25,1,2,-2399672.061000733,5383247.191860972,2429726.890185431,-92472.11745462239,22.5392508964525,114.026076000186,42.5492838954773,0.447007601815082,1
3818,test,2206,383155.000310431,1334571955.00031,28,24,1,2,-2399669.6398472036,5383255.387367172,2429742.836450675,-93033.01644980653,22.5392578975788,114.026068900871,42.6928082112743,0.662824956368896,1
3819,test,2206,383156.000312365,1334571956.00031,28,24,1,2,-2399677.111652971,5383244.780456161,2429729.0634266646,-93623.88618148645,22.539264701911,114.026062200661,43.6425178115835,0.581150151929292,1
3820,test,2206,383157.000314288,1334571957.00031,28,23,1,2,-2399678.847346793,5383250.034533592,2429736.8975841803,-94191.84940137851,22.539272401576,114.026055194389,44.0847591773892,0.754105914876934,1
3821,test,2206,383158.000316202,1334571958.00032,28,25,1,2,-2399677.7650138973,5383254.353913055,2429745.0022564316,-94763.19819234282,22.539282304619,114.0260460932,44.0773603208287,0.931609129483557,1
3822,test,2206,383159.000318111,1334571959.00032,28,25,1,2,-2399683.682479563,5383257.388840839,2429737.563400967,-95339.02103172445,22.5392875996241,114.026043097881,44.5453799589302,0.731647415853187,1
3823,test,2206,383160.000320027,1334571960.00032,28,25,1,2,-2399688.5879586013,5383260.633842069,2429738.981035718,-95911.52833462975,22.5392913016685,114.026043297082,45.0940536504605,0.519548373371536,1
3824,test,2206,383161.000321942,1334571961.00032,28,25,1,2,-2399684.1119795274,5383257.259230266,2429737.3628432727,-96491.22541027147,22.5392965993934,114.02604160054,45.1205347909815,0.517344072110612,1
3825,test,2206,383162.000323878,1334571962.00032,28,24,1,2,-2399686.706348493,5383259.874666657,2429743.327750427,-97059.19049833948,22.5393009011042,114.026037802656,45.9345793152846,0.656238588956476,1
3826,test,2206,383163.000325786,1334571963.00033,28,25,1,2,-2399691.5726312855,5383266.1833724575,2429740.4690454677,-97631.9206916377,22.5393078019059,114.02603319505,46.2221256800424,0.809334811069783,1
3827,test,2206,383164.000327712,1334571964.00033,28,25,1,2,-2399699.8897026004,5383269.54665239,2429738.043370491,-98207.77702702416,22.5393107056094,114.026028898983,47.3359796131893,0.61833099523952,1
3828,test,2206,383165.000329604,1334571965.00033,28,24,1,2,-2399702.920986576,5383269.793076655,2429717.0549748545,-98798.84093098126,22.539319503111,114.026027598747,47.7515243717989,0.770999530670029,1
3829,test,2206,383166.000331506,1334571966.00033,28,27,1,2,-2399697.881370471,5383271.964254166,2429731.8778535947,-99363.15309381676,22.5393337039236,114.02602929748,47.7167081707517,1.11881374836197,1
3830,test,2206,383167.0003334,1334571967.00033,28,27,1,2,-2399693.18978428,5383259.367166861,2429720.5122791505,-99952.65265935536,22.539345506411,114.026033900759,47.4788626937138,1.14335849904864,1
3831,test,2206,383168.000335331,1334571968.00034,28,27,1,2,-2399691.162445614,5383252.622943291,2429717.779952209,-100533.53276364341,22.5393548987484,114.026043300713,46.7828612509793,0.955044348719874,1
3832,test,2206,383169.000337251,1334571969.00034,29,28,1,3,-2399709.0424572276,5383255.835529014,2429759.8562776847,-101076.1203349309,22.5393604045561,114.026054605335,46.7459795666993,1.22650532445514,1
3833,test,2206,383170.000339162,1334571970.00034,29,28,1,2,-2399707.575008653,5383251.6604027,2429756.28428177,-101654.78558465414,22.5393667983225,114.026060000506,46.9651886613929,0.777600492920766,1
3834,test,2206,383171.000341081,1334571971.00034,29,27,1,2,-2399709.326988229,5383240.669244442,2429742.8197424877,-102243.41794498923,22.5393713963166,114.026076206594,45.4122447770986,1.28606274127566,1
3835,test,2206,383172.000342988,1334571972.00034,30,25,1,3,-2399694.9939483292,5383232.540440298,2429700.4402185823,-102851.99768715199,22.5393736966244,114.026084805975,44.9860115451964,0.885049908012367,1
3836,test,2206,383173.000344913,1334571973.00034,29,24,1,2,-2399699.6254187543,5383235.793449297,2429704.1921452624,-103422.39010768184,22.5393811984628,114.026099805696,43.3916394580445,1.30059945610912,1
3837,test,2206,383174.000346831,1334571974.00035,31,25,1,2,-2399698.3411217905,5383231.821234922,2429696.0933478028,-104004.39914023917,22.5393892994484,114.026112700888,42.5632201612557,1.40934777194996,1
3838,test,2206,383175.000348738,1334571975.00035,30,25,1,2,-2399696.3762848624,5383227.991803525,2429700.892385289,-104578.68895045445,22.5393963036999,114.026123906677,42.4813083526271,1.3498054818106,1
3839,test,2206,383176.000350654,1334571976.00035,31,25,1,2,-2399699.5679637226,5383229.929759924,2429703.4086924875,-105149.4912628914,22.5393999052676,114.026136101678,41.9507263705383,1.33990532529565,1
3840,test,2206,383177.000352583,1334571977.00035,32,25,1,2,-2399706.7174824816,5383224.685143577,2429695.5372346067,-105722.88685199831,22.539406199931,114.026147303841,41.9355736307433,1.38459790755918,1
3841,test,2206,383178.000354477,1334571978.00035,30,25,1,2,-2399707.6587064196,5383218.368688112,2429692.3259644136,-106298.39227692684,22.5394125996052,114.026159606224,41.3445157670529,1.353649461927,1
3842,test,2206,383179.000356405,1334571979.00036,31,26,1,2,-2399712.1787112667,5383220.002953322,2429692.4404039234,-106869.01481318432,22.5394178994837,114.026169508438,41.166957145815,1.34604777224065,1
3843,test,2206,383180.000358332,1334571980.00036,32,27,1,2,-2399711.7005287586,5383215.71681917,2429692.2423861763,-107444.70023922219,22.5394208979764,114.026180307218,40.7633777366286,1.34118924388539,1
3844,test,2206,383181.000360238,1334571981.00036,32,26,1,2,-2399710.8095243317,5383215.347243462,2429698.2220688593,-108016.55762922399,22.539425799843,114.026192000984,40.1598006879137,1.30621998249638,1
3845,test,2206,383182.000362151,1334571982.00036,32,26,1,2,-2399713.5194188473,5383216.338808464,2429696.768514346,-108590.8044073074,22.5394329005377,114.026203604058,39.6373686123283,1.249805672662,1
3846,test,2206,383183.000364054,1334571983.00036,32,27,1,2,-2399715.7702734307,5383218.315150337,2429702.8234067378,-109159.78084305617,22.5394422059436,114.026214307692,39.1111461642276,1.17515862326926,1
3847,test,2206,383184.000365976,1334571984.00037,32,27,1,2,-2399717.460006266,5383221.276647438,2429708.379477322,-109729.46821408374,22.5394479030226,114.026222100735,38.8483737412215,0.896635466546514,1
3848,test,2206,383185.000367904,1334571985.00037,32,27,1,2,-2399715.0903348536,5383224.322846015,2429718.3074341146,-110301.14866752322,22.5394511968155,114.026226705443,39.2450534986895,0.499820305459155,1
3849,test,2206,383186.000369842,1334571986.00037,31,29,1,2,-2399712.960835668,5383240.21359416,2429730.8804060556,-110866.58905545867,22.5394571008235,114.026224401106,38.6505268510793,0.243787610988863,1
3850,test,2206,383187.000371748,1334571987.00037,31,28,1,2,-2399709.5262081097,5383245.334560788,2429733.6887358446,-111440.35367975461,22.5394608969889,114.026220300645,37.3791453443373,0.0557012738018422,1
3851,test,2206,383188.000373677,1334571988.00037,31,29,1,2,-2399717.149820177,5383253.092733681,2429735.2650620267,-112007.35538809864,22.5394641044696,114.026216901903,35.8867360155705,0.0527889759921475,1
3852,test,2206,383189.000375603,1334571989.00038,31,29,1,3,-2399710.74231648,5383235.166750342,2429722.0559930066,-112595.12782792939,22.5394656956349,114.02621250343,35.0030307556011,0.226006538857156,1
3853,test,2206,383190.000377517,1334571990.00038,32,29,1,3,-2399718.8177261213,5383252.001003229,2429736.9631926953,-113155.3948061499,22.5394662962945,114.026211794794,35.0748664402981,0.146683828673229,1
3854,test,2206,383191.000379425,1334571991.00038,31,29,1,2,-2399722.157009207,5383253.808512864,2429739.5039427257,-113726.32379170576,22.539468997839,114.026211200625,35.1054877733306,0.0672534584084368,1
3855,test,2206,383192.000381339,1334571992.00038,31,29,1,2,-2399723.4010495334,5383251.052892509,2429735.3193485755,-114301.69884754688,22.5394699992509,114.026211901377,35.6652064650931,0.0502078993329452,1
3856,test,2206,383193.000383237,1334571993.00038,31,28,1,2,-2399729.6457398236,5383251.756055242,2429739.8061033115,-114870.14830953281,22.5394720040785,114.026212303328,35.6729579466865,0.083019443641805,1
3857,test,2206,383194.000385152,1334571994.00039,32,29,1,2,-2399723.1108989026,5383253.031242531,2429738.293236368,-115449.36637681452,22.5394722004796,114.026214495791,35.8761811768558,0.133414263427429,1
3858,test,2206,383195.000387091,1334571995.00039,32,29,1,2,-2399721.650080043,5383250.185600134,2429737.04265455,-116023.18554299723,22.5394738985816,114.026216502514,36.229284840263,0.1261846265025,1
3859,test,2206,383196.000388973,1334571996.00039,32,29,1,2,-2399720.4294038597,5383250.052512918,2429737.288930816,-116596.60872345425,22.5394733998536,114.026217402286,36.106478090117,0.154339502922451,1
3860,test,2206,383197.000390905,1334571997.00039,32,28,1,2,-2399719.9468081733,5383252.40967459,2429740.136879865,-117170.07073564283,22.5394744957771,114.026218396319,36.1611290155457,0.0467669194626637,1
3861,test,2206,383198.00039283,1334571998.00039,32,28,1,2,-2399714.9844720988,5383252.701010834,2429740.04792623,-117743.57119757068,22.5394768032965,114.026218099815,36.2002926808386,0.0285524603130479,1
3862,test,2206,383199.000394724,1334571999.00039,31,29,1,2,-2399714.3804630674,5383247.60769871,2429735.2545921975,-118323.0185799482,22.539479902627,114.02621810172,36.5656476935417,0.165428297695218,1
3863,test,2206,383200.000396667,1334572000.0004,31,29,1,2,-2399708.5033253636,5383232.951238758,2429728.449677832,-118910.02877790877,22.5394822038047,114.02621729884,36.3375810966522,0.0979105448603349,1
3864,test,2206,383201.000398576,1334572001.0004,32,29,1,2,-2399703.952488698,5383226.460004269,2429723.2004445507,-119490.44747294253,22.5394854015791,114.026213898764,35.4113059157695,0.0548002515326389,1
3865,test,2206,383202.000400496,1334572002.0004,32,29,1,2,-2399702.921546276,5383227.098419993,2429725.1044764617,-120065.34479474195,22.5394879015818,114.026212097003,34.6946791268857,0.0134426808461817,1
3866,test,2206,383203.000402415,1334572003.0004,32,29,1,2,-2399704.526395595,5383230.166946701,2429724.5398472175,-120639.33911895289,22.5394903989505,114.026211496053,33.9996249355479,0.019541459921909,1
3867,test,2206,383204.000404347,1334572004.0004,32,27,1,2,-2399711.6384893167,5383236.482898535,2429730.80210315,-121212.75461239781,22.539491996963,114.026211903125,33.3358134543819,0.0316416853152956,1
3868,test,2206,383205.000406283,1334572005.00041,32,28,1,2,-2399719.41578148,5383237.499322379,2429730.975475538,-121784.48657645649,22.5394944026585,114.026213296427,33.0982833016964,0.0135467579637639,1
3869,test,2206,383206.000408213,1334572006.00041,31,27,1,2,-2399727.334221565,5383238.293607595,2429737.90394677,-122353.57262703075,22.5394965964572,114.026214102813,32.6120618936817,0.0110954290486559,1
3870,test,2206,383207.00041013,1334572007.00041,31,28,1,2,-2399725.638750948,5383233.243850221,2429733.4412010703,-122930.88640264295,22.539498299615,114.02621430383,32.2332670539751,0.0152346410619545,1
3871,test,2206,383208.000412044,1334572008.00041,32,28,1,3,-2399708.160918595,5383212.99320026,2429724.235757232,-123527.10790213964,22.5395004991298,114.026213598041,31.6437844481901,0.0165960503849666,1
3872,test,2206,383209.000413959,1334572009.00041,32,28,1,2,-2399711.202598538,5383211.704228764,2429724.2467271406,-124099.61667656645,22.5395029988436,114.026212500394,30.9585566897804,0.0503027398282389,1
3873,test,2206,383210.000415885,1334572010.00042,33,28,1,2,-2399713.625736616,5383209.62076697,2429722.5266137365,-124674.51788468861,22.539505300716,114.026212404218,30.2321587432546,0.0233440738122771,1
3874,test,2206,383211.000417804,1334572011.00042,31,27,1,2,-2399711.0459132716,5383205.593056259,2429719.312796823,-125252.94365012567,22.5395071022951,114.026211499848,29.3549225059001,0.0289522041838938,1
3875,test,2206,383212.000419732,1334572012.00042,30,26,1,2,-2399716.5930400416,5383205.593000734,2429719.8798007932,-125826.18517911815,22.5395089028933,114.026211003932,28.6840340429431,0.0320495950689458,1
3876,test,2206,383213.000421647,1334572013.00042,30,27,1,2,-2399720.3134930995,5383206.990189698,2429720.359409058,-126397.72388694795,22.5395103966109,114.026210101591,28.0819888632637,0.0340802491107641,1
3877,test,2206,383214.000423569,1334572014.00042,30,26,1,2,-2399723.1796445595,5383207.713367747,2429719.27018749,-126977.10397385586,22.5395115970365,114.026209601264,27.7329880087931,0.0347449286115849,1
3878,test,2206,383215.000425499,1334572015.00043,30,26,1,2,-2399719.387316038,5383199.926092455,2429716.1793604176,-127561.43263786194,22.5395132000338,114.026209302331,27.4930977909067,0.0344279380109439,1
3879,test,2206,383216.000427425,1334572016.00043,29,26,1,2,-2399718.9199788836,5383197.528770657,2429715.9309190954,-128138.99460369354,22.5395147032361,114.026208800606,27.0998546777151,0.038665535002441,1
3880,test,2206,383217.000429346,1334572017.00043,30,26,1,2,-2399721.4371497543,5383200.4653975805,2429717.7273688233,-128711.55163145231,22.5395162948904,114.026209098349,26.9151452169143,0.035570002685915,1
3881,test,2206,383218.000431268,1334572018.00043,31,27,1,2,-2399716.073984422,5383199.256000712,2429709.965284535,-129293.68481874032,22.5395170987332,114.026208698657,26.5493588453119,0.0357265311442856,1
3882,test,2206,383219.000433217,1334572019.00043,31,26,1,2,-2399713.364757937,5383189.3344138665,2429711.902595303,-129878.38802668381,22.5395183993942,114.026208703483,26.1292815959776,0.0421509429665807,1
3883,test,2206,383220.000435157,1334572020.00044,31,26,1,2,-2399708.9643379143,5383181.225031303,2429707.7583628064,-130461.88893973993,22.539519303475,114.026209003927,25.7341140543573,0.038233106370238,1
3884,test,2206,383221.000437078,1334572021.00044,31,26,1,2,-2399707.267437236,5383179.129424064,2429704.2962149656,-131040.38702882324,22.5395197031012,114.026208700289,25.4161627179325,0.0380950977359764,1
3885,test,2206,383222.000438988,1334572022.00044,31,26,1,2,-2399704.951035243,5383176.901672995,2429702.3299664,-131617.6574980169,22.5395202020237,114.026208597988,25.1056549773907,0.0372663279956099,1
3886,test,2206,383223.000440911,1334572023.00044,31,28,1,2,-2399694.4178846665,5383171.982086932,2429698.5394193893,-132196.10300723152,22.5395211025338,114.026208798378,24.8523380852645,0.0382334971861612,1
3887,test,2206,383224.000442831,1334572024.00044,30,28,1,2,-2399694.9700278845,5383174.2352718,2429697.069119211,-132770.41300490053,22.5395216007642,114.026207701654,24.4924283581338,0.037583882496176,1
3888,test,2206,383225.00044473,1334572025.00044,32,26,1,2,-2399694.13657881,5383185.34879666,2429725.3317178874,-133322.29927894878,22.5395225015999,114.026206797468,24.2625125681296,0.0670784583703003,1
3889,test,2206,383226.000446639,1334572026.00045,31,27,1,2,-2399691.8120575584,5383196.589734147,2429721.2183676087,-133898.16646430516,22.5395229026908,114.026205095832,24.1502510047845,0.0379308443881629,1
3890,test,2206,383227.000448549,1334572027.00045,32,27,1,3,-2399672.3432813953,5383184.858038469,2429710.6009083306,-134491.84603561787,22.5395232962309,114.026203499427,24.0061019525162,0.0401899682635128,1
3891,test,2206,383228.000450464,1334572028.00045,32,27,1,3,-2399680.8017646545,5383202.3954698555,2429717.13071877,-135051.86022648163,22.5395238037863,114.026201796905,23.9176361455378,0.0380986533170638,1
3892,test,2206,383229.000452383,1334572029.00045,32,28,1,2,-2399681.7516707373,5383205.3040989265,2429719.051837111,-135624.44236507357,22.5395251019255,114.02620150296,23.6651661558076,0.0409390986380275,1
3893,test,2206,383230.000454303,1334572030.00045,33,28,1,2,-2399684.074790669,5383210.497084633,2429721.9480642607,-136194.87372879565,22.5395269999265,114.026201600113,23.417006472801,0.041638733052722,1
3894,test,2206,383231.000456218,1334572031.00046,33,28,1,2,-2399684.6572975414,5383214.144164143,2429722.3319916413,-136767.62788255716,22.5395283984979,114.026200904111,23.1977857899831,0.0367604158658889,1
3895,test,2206,383232.000458123,1334572032.00046,32,28,1,2,-2399683.864947165,5383214.60846975,2429722.5857783468,-137342.0343669175,22.5395300960003,114.026199799791,22.9613712662329,0.0364354570886085,1
3896,test,2206,383233.000460039,1334572033.00046,31,27,1,2,-2399694.2017972376,5383206.001083873,2429711.9863604098,-137929.55581129846,22.5395308002304,114.026198796845,22.9012732681071,0.0382443978166532,1
3897,test,2206,383234.000461978,1334572034.00046,32,27,1,2,-2399696.3826268897,5383217.03913064,2429719.3811172266,-138502.21838456107,22.5395318001528,114.026197698778,22.8014327734244,0.0382946208174724,1
3898,test,2206,383235.000463902,1334572035.00046,33,27,1,2,-2399699.4894029717,5383222.136012229,2429723.8189703585,-139076.67628014486,22.5395328954054,114.026196698303,22.8092088963217,0.0326170081373443,1
3899,test,2206,383236.000465823,1334572036.00047,32,26,1,2,-2399696.1659761644,5383222.393845423,2429718.4128112723,-139654.7760901693,22.5395342018324,114.026195298323,22.7084645634101,0.0298873274013256,1
3900,test,2206,383237.000467744,1334572037.00047,32,27,1,2,-2399694.557647267,5383223.374408462,2429716.0001034923,-140232.434777359,22.5395349997539,114.026194097727,22.6807856573118,0.02782140160546,1
3901,test,2206,383238.000469671,1334572038.00047,32,27,1,2,-2399693.8952200464,5383224.77374253,2429714.5893286318,-140807.31994829286,22.5395363000639,114.026192401681,22.5686218372468,0.0280876505866552,1
3902,test,2206,383239.000471584,1334572039.00047,32,27,1,2,-2399693.414717886,5383224.810013321,2429711.842930637,-141383.72190428237,22.5395369045987,114.026190600026,22.6290530711554,0.0247798858065815,1
3903,test,2206,383240.000473493,1334572040.00047,31,27,1,2,-2399692.4695617924,5383223.566736954,2429711.475503312,-141959.19115285188,22.5395392002461,114.026189701519,22.3687047062551,0.0272616210174784,1
3904,test,2206,383241.000475412,1334572041.00048,31,28,1,2,-2399691.856168823,5383221.378742564,2429710.4358343394,-142535.40242320273,22.5395408985335,114.026189297789,22.6460116692162,0.0256050941855372,1
3905,test,2206,383242.000477331,1334572042.00048,30,28,1,2,-2399691.604556496,5383221.00208954,2429709.544479482,-143111.25610437192,22.539542897459,114.026189205513,22.6918055016668,0.0233276673649235,1
3906,test,2206,383243.000479249,1334572043.00048,30,28,1,2,-2399691.3248421215,5383220.332330959,2429708.8147242106,-143687.0955752705,22.539544202508,114.026188694994,22.9670756757264,0.0197690856136925,1
3907,test,2206,383244.000481178,1334572044.00048,30,28,1,2,-2399691.6342761307,5383220.349052379,2429708.7399554714,-144261.80297099566,22.5395458970472,114.026188298239,22.8462584743692,0.0199134730385664,1
3908,test,2206,383245.000483096,1334572045.00048,30,28,1,2,-2399692.264262684,5383220.204919701,2429708.7672265605,-144836.47753039966,22.5395472050206,114.026187896313,22.8259611186843,0.0184769779558079,1
3909,test,2206,383246.000485039,1334572046.00048,30,28,1,2,-2399698.9243955105,5383234.323747046,2429726.212231527,-145403.6016451029,22.5395474043291,114.026186903597,22.8119116264175,0.0167530663806814,1
3910,test,2206,383247.000486979,1334572047.00049,30,28,1,2,-2399696.3991146823,5383231.791468272,2429723.9557827148,-145986.78145779332,22.5395476963823,114.02618619617,22.8957140197261,0.0207627746819136,1
3911,test,2206,383248.000488916,1334572048.00049,30,28,1,2,-2399696.826282797,5383230.854587772,2429722.0414137486,-146564.8579005825,22.5395485985475,114.026185097449,22.7463082769945,0.0224150197824094,1
3912,test,2206,383249.000490851,1334572049.00049,30,28,1,3,-2399704.0847147154,5383246.937093262,2429734.906604847,-147134.1156721315,22.53954999639,114.026184401905,22.681182568502,0.0175344123118875,1
3913,test,2206,383250.000492794,1334572050.00049,30,28,1,2,-2399706.4959716965,5383246.39882415,2429728.6048146733,-147714.78758086884,22.5395515960028,114.026183198347,22.4969801718192,0.0143250418221467,1
3914,test,2206,383251.000494716,1334572051.00049,30,28,1,2,-2399708.941751013,5383247.576600878,2429727.829861058,-148289.85992292807,22.5395530997663,114.026181900473,22.2574646214371,0.0212635512645643,1
3915,test,2206,383252.000496641,1334572052.0005,31,28,1,2,-2399709.1875279075,5383245.310639234,2429724.561938018,-148867.56643794154,22.5395552972287,114.026179800324,21.8381081888118,0.0153707233115697,1
3916,test,2206,383253.000498544,1334572053.0005,30,28,1,2,-2399707.545863834,5383242.50140487,2429720.977339664,-149445.71443792005,22.5395563998234,114.026178403073,21.5491384474868,0.0195032589342312,1
3917,test,2206,383254.000500463,1334572054.0005,30,29,1,2,-2399706.8732997356,5383230.9371905,2429725.096888715,149770.6622475548,22.5395576011876,114.026177195087,21.3902834631802,0.0370576662609327,1
3918,test,2206,383254.999502425,1334572054.9995,30,29,1,2,-2399715.505269207,5383237.0372400945,2429730.0333688576,149195.5845782761,22.539558600067,114.026176304788,21.2437850822979,0.0186640721154752,1
3919,test,2206,383255.999504367,1334572055.9995,30,29,1,2,-2399717.811833043,5383235.916121229,2429727.130713411,148615.96715392446,22.5395599028369,114.026174997787,21.0265825053827,0.0345659717040339,1
3920,test,2206,383256.999506297,1334572056.99951,30,29,1,2,-2399722.122083025,5383239.450182646,2429727.7323027663,148042.8580874086,22.5395606998437,114.026174298639,20.8921825012977,0.0329426358217099,1
3921,test,2206,383257.999508207,1334572057.99951,32,28,1,2,-2399723.753427997,5383238.624544546,2429726.917971311,147466.838899158,22.5395619018318,114.026173098555,20.8297558333796,0.0192334034763615,1
3922,test,2206,383258.999510122,1334572058.99951,31,28,1,2,-2399724.2422477053,5383238.123198844,2429725.250750746,146891.51803336764,22.5395624985715,114.026172697166,20.8218435169065,0.0181181171116863,1
3923,test,2206,383259.999512039,1334572059.99951,31,28,1,3,-2399704.020733731,5383215.445164677,2429714.7737669884,146292.46630724552,22.5395642022767,114.026170803455,20.4611705887754,0.0189787843367179,1
3924,test,2206,383260.999513953,1334572060.99951,31,27,1,2,-2399703.1226955,5383218.833126191,2429706.8289299523,145712.10292858936,22.5395647987721,114.026169901152,20.3098343450161,0.0205326153958095,1
3925,test,2206,383261.999515837,1334572061.99952,31,27,1,2,-2399700.159646754,5383215.966343997,2429705.4063360724,145134.90379104047,22.5395661013886,114.026168696824,20.1866251164397,0.0197616191218025,1
3926,test,2206,383262.999517757,1334572062.99952,31,27,1,2,-2399700.5172400544,5383215.051593625,2429704.0755261555,144559.59744232614,22.5395668028992,114.026167801278,20.0463849800956,0.0260067571415034,1
3927,test,2206,383263.999519698,1334572063.99952,30,27,1,2,-2399701.8206856903,5383215.021589746,2429705.38452337,143986.6588949399,22.5395682014404,114.026166599287,19.8897651514828,0.019283072308852,1
3928,test,2206,383264.999521596,1334572064.99952,30,27,1,2,-2399700.059295602,5383210.436237778,2429701.965119302,143408.52025426444,22.53956839928,114.026166098002,19.7874310284421,0.0227169416900457,1
3929,test,2206,383265.999523531,1334572065.99952,31,27,1,2,-2399700.6001246567,5383209.341964036,2429702.535121353,142834.57521878227,22.5395693994136,114.026165499469,19.6744727646554,0.0197853402595399,1
3930,test,2206,383266.999525448,1334572066.99953,31,27,1,2,-2399700.6213863753,5383209.060473652,2429702.32254554,142260.03987997855,22.5395695990497,114.026164603229,19.3890274365089,0.0231768563411012,1
3931,test,2206,383267.999527364,1334572067.99953,31,28,1,2,-2399697.1961969556,5383204.377688663,2429708.3366871662,141686.33939298865,22.5395703038375,114.026163600765,19.187912246604,0.0274678447453548,1
3932,test,2206,383268.999529274,1334572068.99953,30,28,1,2,-2399694.503349246,5383204.208248803,2429708.3039643997,141109.92996139388,22.5395700965594,114.026162703466,18.9797368355278,0.0258335854609505,1
3933,test,2206,383269.999530017,1334572069.99953,32,27,1,2,-2399691.9581164476,5383206.794102312,2429711.8214413268,140535.42621025548,22.5395701017423,114.026161299131,18.7644427771536,0.024719698153095,1
3934,test,2206,383270.999534358,1334572070.99953,31,27,1,2,-2399695.7043045405,5383221.289739174,2429727.9439628185,139962.91988269103,22.5395700981666,114.026160398564,18.6010305532276,0.0275023092802865,1
3935,test,2206,383271.999535127,1334572071.99954,30,27,1,2,-2399694.5716405446,5383228.370491577,2429736.0170369507,139382.09206769135,22.5395698941842,114.02615970176,18.5902494472269,0.0234675716454517,1
3936,test,2206,383272.999537061,1334572072.99954,31,27,1,2,-2399695.2586438227,5383234.713797387,2429738.7973416075,138806.829693714,22.5395692983873,114.026159400481,18.5822839878952,0.0294934213329969,1
3937,test,2206,383273.999538986,1334572073.99954,31,27,1,2,-2399697.36232559,5383240.780632668,2429741.989079357,138234.49754605774,22.5395696978729,114.026158397823,18.5852423864137,0.0231327923045161,1
3938,test,2206,383274.999540917,1334572074.99954,32,27,1,2,-2399701.5671609887,5383244.740774051,2429742.7046936485,137662.83293791686,22.5395696007031,114.026157997083,18.5798504979626,0.0245072757883402,1
3939,test,2206,383275.999542828,1334572075.99954,32,27,1,2,-2399700.795788318,5383243.762767855,2429740.0390122286,137086.29842790597,22.5395700999648,114.026157101799,18.6057653270966,0.0263419764245537,1
3940,test,2206,383276.999544745,1334572076.99954,31,27,1,2,-2399700.6693270407,5383242.4700050205,2429739.4487389117,136510.65612621148,22.5395701023051,114.026156696254,18.6912397306199,0.0199544309773614,1
3941,test,2206,383277.999546661,1334572077.99955,31,27,1,2,-2399701.3053922383,5383243.56668002,2429738.110776881,135935.99459529135,22.5395706035676,114.026155904017,18.7792564872713,0.0169751440349107,1
3942,test,2206,383278.999548568,1334572078.99955,31,27,1,2,-2399702.729139211,5383245.4190855045,2429738.0955621717,135362.71099408314,22.5395705992508,114.026155597073,18.8716960183648,0.0193932595440847,1
3943,test,2206,383279.999550483,1334572079.99955,31,27,1,2,-2399702.2294410765,5383245.246979424,2429737.1936278422,134787.53304192724,22.5395710982297,114.0261546991,18.8690106568928,0.01754834436488,1
3944,test,2206,383280.99955241,1334572080.99955,32,27,1,2,-2399702.114495677,5383245.074405316,2429737.732251467,134213.45131770152,22.5395708022351,114.026154295618,18.9349478482517,0.0152948918558487,1
3945,test,2206,383281.999554324,1334572081.99955,32,27,1,2,-2399703.0307082115,5383247.11417914,2429738.7524353797,133640.79341635326,22.5395715998087,114.02615380001,19.0821363780731,0.0139649530511818,1
3946,test,2206,383282.999556227,1334572082.99956,32,27,1,2,-2399705.793052494,5383251.533588059,2429751.2730007,133076.59437470144,22.5395718006245,114.026153204014,19.0807363244709,0.0206146793743462,1
3947,test,2206,383283.999558153,1334572083.99956,32,28,1,2,-2399706.5764410743,5383249.284263667,2429748.93218242,132501.15416676327,22.5395728949274,114.026153101977,19.1591650390198,0.0326495520921117,1
3948,test,2206,383284.999560057,1334572084.99956,32,27,1,2,-2399707.143208438,5383245.815649614,2429744.4397696676,131924.08798885098,22.5395735980759,114.026152900026,19.1541847871916,0.0161921604082928,1
3949,test,2206,383285.999561967,1334572085.99956,31,27,1,2,-2399706.653122886,5383244.8280000705,2429743.39071727,131348.8515132334,22.5395736995857,114.026153097725,19.218450536647,0.0433779225543044,1
3950,test,2206,383286.999563888,1334572086.99956,31,29,1,2,-2399705.4441990326,5383246.050484586,2429735.921612679,130766.64595863706,22.5395737973035,114.026152701584,19.0906414586929,0.0667157029600703,1
3951,test,2206,383287.999565834,1334572087.99957,31,29,1,2,-2399708.4187231013,5383253.810320989,2429735.5540268146,130192.77089291041,22.5395744018926,114.026152903441,19.0466737185259,0.018870789578368,1
3952,test,2206,383288.999567753,1334572088.99957,31,28,1,2,-2399709.873517699,5383256.156898307,2429731.053966956,129612.84704269299,22.5395758027073,114.026153396253,18.884214701362,0.0199674068034054,1
3953,test,2206,383289.999569673,1334572089.99957,30,28,1,2,-2399711.7209140374,5383252.66538567,2429728.015572086,129035.19423453961,22.5395754992796,114.026153598148,18.9182237761714,0.0211431050774073,1
3954,test,2206,383290.999571592,1334572090.99957,30,28,1,2,-2399711.951191898,5383251.595877693,2429728.073095005,128458.45142232573,22.5395750969332,114.026154299304,19.0542746080536,0.0247576364329934,1
3955,test,2206,383291.999573512,1334572091.99957,30,27,1,2,-2399713.27980901,5383243.428918699,2429710.9588519386,127868.668029781,22.5395751987367,114.026154097288,19.0323259590975,0.0169527208917518,1
3956,test,2206,383292.999575438,1334572092.99958,30,27,1,2,-2399713.1992082605,5383244.915893798,2429710.408829544,127294.33136625613,22.5395748952905,114.026154199601,19.1550375167183,0.0188116583821259,1
3957,test,2206,383293.999577362,1334572093.99958,30,26,1,2,-2399714.4450416584,5383246.966897118,2429712.0425428953,126720.07141859434,22.5395748987898,114.026154096105,19.1358387777002,0.0154645688872921,1
3958,test,2206,383294.999579275,1334572094.99958,31,27,1,2,-2399715.6521280566,5383246.067059597,2429719.8792407424,126150.14826206386,22.5395744970603,114.026154300876,19.172588587834,0.0136231080405842,1
3959,test,2206,383295.999581193,1334572095.99958,31,28,1,2,-2399718.6691202098,5383250.021191352,2429721.7210459397,125578.3881425786,22.5395743989287,114.026154598365,19.1283232398141,0.0202292485195555,1
3960,test,2206,383296.999583109,1334572096.99958,30,29,1,2,-2399716.399875738,5383256.151625102,2429734.5093215527,125014.55806906008,22.5395736989741,114.026155196304,19.1116163565018,0.0198454082277577,1
3961,test,2206,383297.999585013,1334572097.99958,31,28,1,2,-2399714.08676704,5383254.061886214,2429734.137052257,124438.24403031863,22.5395732961021,114.026155600307,19.2660738434086,0.00989525996100485,1
3962,test,2206,383298.999586925,1334572098.99959,31,29,1,2,-2399712.0898779724,5383247.2817691015,2429730.284394667,123856.87902617284,22.5395728987283,114.026156200326,19.6616746873868,0.0177906926811169,1
3963,test,2206,383299.999588836,1334572099.99959,30,29,1,2,-2399709.299791122,5383237.714576217,2429725.807481217,123268.84573457485,22.5395733950198,114.026157500863,19.7822721126187,0.0944384327777351,1
3964,test,2206,383300.999590799,1334572100.99959,32,29,1,2,-2399713.1740757343,5383241.7781542055,2429738.7941215304,122698.50122204675,22.5395732963582,114.026158194553,19.6390780406813,0.0177814964682907,1
3965,test,2206,383301.999592747,1334572101.99959,31,27,1,2,-2399705.6061952217,5383242.781193107,2429732.606121652,122114.17184983821,22.5395730966532,114.026158801827,19.4940977311882,0.0237289141625529,1
3966,test,2206,383302.999594668,1334572102.99959,31,26,1,2,-2399696.948626259,5383235.41313487,2429730.8174816254,121529.98151719922,22.5395728002541,114.026159197136,19.4349047168499,0.0102364149748575,1
3967,test,2206,383303.999596592,1334572103.9996,32,26,1,2,-2399703.966496778,5383248.438906918,2429740.3425740018,120969.02069612111,22.5395729967763,114.026159305321,19.3876679521231,0.0181500377165403,1
3968,test,2206,383304.999598503,1334572104.9996,33,25,1,2,-2399706.1178934528,5383237.347907636,2429721.4786261036,120375.29188946403,22.5395731028056,114.026159496779,19.2941721934109,0.00822971959489829,1
3969,test,2206,383305.999600422,1334572105.9996,33,26,1,2,-2399703.9658539775,5383243.2316228235,2429740.273369201,119815.5886785507,22.5395735977143,114.026159301348,19.2194964759429,0.0185996955368078,1
3970,test,2206,383306.99960234,1334572106.9996,32,25,1,2,-2399706.093767855,5383245.394840948,2429743.310370969,119245.46738151977,22.5395736957817,114.026159294954,19.1750813049521,0.00763663284782362,1
3971,test,2206,383307.999604252,1334572107.9996,31,25,1,2,-2399709.342760534,5383248.984117774,2429746.6018843343,118675.57145995832,22.5395741049647,114.026159104736,19.0659021632066,0.00632015977520136,1
3972,test,2206,383308.999606175,1334572108.99961,30,27,1,2,-2399709.6724567185,5383245.243814515,2429737.706314259,118093.54875385595,22.5395742009224,114.026158998915,19.2855434331803,0.0170995345484305,1
3973,test,2206,383309.999608091,1334572109.99961,31,26,1,2,-2399708.4821962477,5383242.20155448,2429739.6673912546,117519.27582254772,22.5395742999391,114.026159097129,19.3400117081773,0.0342875193797473,1
3974,test,2206,383310.999610014,1334572110.99961,31,26,1,2,-2399709.011554669,5383242.642627353,2429739.96553441,116945.24650524014,22.5395749029984,114.026159003581,19.3512342244046,0.0189765293873723,1
3975,test,2206,383311.999611913,1334572111.99961,30,24,1,2,-2399702.5816817004,5383238.193467231,2429737.7739425404,116365.89037142428,22.5395756029906,114.026158998734,19.4696995387979,0.00269999930339782,1
3976,test,2206,383312.999613824,1334572112.99961,30,26,1,2,-2399705.8632070464,5383238.025631191,2429737.3797783605,115792.31988764978,22.5395764007317,114.026158999719,19.7055598905821,0.00602613107802514,1
3977,test,2206,383313.99961573,1334572113.99962,30,25,1,2,-2399697.757782615,5383233.680364863,2429734.9476747913,115211.97872165067,22.5395774036676,114.026159001377,19.8762108120631,0.0201763022315736,1
3978,test,2206,383314.999617547,1334572114.99962,31,25,1,2,-2399694.670267182,5383236.192768703,2429735.4967635493,114638.1074460283,22.5395778967636,114.026159101388,20.0733474265808,0.0197666704771436,1
3979,test,2206,383315.999619575,1334572115.99962,29,25,1,2,-2399697.0053952755,5383239.967159559,2429742.7702793083,114069.2929795789,22.53957859708,114.026159601274,20.2465239595712,0.0277689675064621,1
3980,test,2206,383316.999621612,1334572116.99962,29,25,1,2,-2399699.4091143785,5383248.152487528,2429746.848503809,113501.81261921044,22.5395790997449,114.026159497353,20.4019734073451,0.0185423175950172,1
3981,test,2206,383317.999623417,1334572117.99962,29,26,1,2,-2399704.700501267,5383254.58564996,2429743.6682119677,112931.52398338846,22.5395795998643,114.026160196915,20.5320096642013,0.0577450019646838,1
3982,test,2206,383318.999625311,1334572118.99963,28,24,1,2,-2399701.932813965,5383244.084618269,2429739.028287345,112348.17217081816,22.5395801965868,114.026160904514,20.685835669696,0.021010712430696,1
3983,test,2206,383319.999627236,1334572119.99963,31,25,1,3,-2399709.074540632,5383271.4800186325,2429744.781527198,111792.95958246947,22.5395805036588,114.026161198718,21.0891430013329,0.0217895761236293,1
3984,test,2206,383320.999629138,1334572120.99963,31,25,1,2,-2399709.889998697,5383277.662612296,2429747.2840240407,111223.99366616561,22.5395801973199,114.026161402686,21.6091435653405,0.0297860407393038,1
3985,test,2206,383321.99963108,1334572121.99963,31,25,1,2,-2399709.7031691386,5383283.480305329,2429747.223915059,110652.8561353651,22.5395807955877,114.026161099242,21.8799876968551,0.0349645416909749,1
3986,test,2206,383322.999632969,1334572122.99963,32,25,1,2,-2399709.587708032,5383287.319114789,2429747.934054987,110081.92712526472,22.5395816970548,114.02616130428,21.9446442570523,0.0382054517856646,1
3987,test,2206,383323.999634903,1334572123.99963,33,25,1,2,-2399708.9064123896,5383293.273675475,2429751.8243789705,109512.26053272825,22.5395825987137,114.026161194866,22.0719219624617,0.0270225747528376,1
3988,test,2206,383324.999636823,1334572124.99964,31,25,1,2,-2399708.706959977,5383297.93373151,2429752.07556067,108940.46190073162,22.539583604735,114.026161201413,22.2548051721272,0.0299371767961933,1
3989,test,2206,383325.999638732,1334572125.99964,29,24,1,2,-2399705.7065446847,5383293.150663995,2429749.1301670065,108361.53183017179,22.539585400058,114.026160096261,22.6001386853508,0.0351241081796255,1
3990,test,2206,383326.999640648,1334572126.99964,31,25,1,2,-2399709.792587641,5383296.48247611,2429749.229482841,107790.20021335749,22.5395866977251,114.026160496533,22.8017474682769,0.0339607024806099,1
3991,test,2206,383327.999642564,1334572127.99964,33,24,1,2,-2399706.6938185417,5383289.094377801,2429744.7394605028,107207.8520717866,22.5395885987696,114.02615979953,23.1058196017521,0.0379648048743511,1
3992,test,2206,383328.999644482,1334572128.99964,33,24,1,2,-2399707.667158185,5383282.194977714,2429743.415070535,106628.88849098711,22.5395892016843,114.026159699949,23.3206191374343,0.0366522251392652,1
3993,test,2206,383329.999646396,1334572129.99965,32,25,1,2,-2399720.3070453536,5383287.966440879,2429744.507746629,106056.16133932178,22.5395904992511,114.026159598933,23.5091917156404,0.0353426757803043,1
3994,test,2206,383330.999648304,1334572130.99965,32,26,1,3,-2399709.678156888,5383253.6979311295,2429734.5955310003,105455.80100081177,22.5395905942939,114.026159401623,23.5203506100023,0.0578449126104706,1
3995,test,2206,383331.999650246,1334572131.99965,32,28,1,2,-2399710.007507337,5383246.884629912,2429728.4877472636,104874.64474497607,22.5395923951768,114.026159404261,23.5119893538877,0.0631098558340371,1
3996,test,2206,383332.99965212,1334572132.99965,32,27,1,2,-2399711.815714367,5383248.050031064,2429723.617918619,104294.66851519392,22.5395928970797,114.026159299704,23.5346020793053,0.0516967455569025,1
3997,test,2206,383333.999654048,1334572133.99965,32,27,1,2,-2399708.5239782636,5383239.77105904,2429719.1575378883,103711.43460887775,22.5395940959441,114.026158597002,23.4860535562339,0.0334286179937202,1
3998,test,2206,383334.999656017,1334572134.99966,32,25,1,3,-2399684.0049300473,5383221.552856485,2429726.3662681845,103118.56339893064,22.5395940007536,114.026157304701,23.339266500593,0.0960624656983235,1
3999,test,2206,383335.999657939,1334572135.99966,32,26,1,2,-2399680.00610457,5383210.061909846,2429721.0739828935,102535.070419228,22.5395948993871,114.026156798541,22.9298953047984,0.0534471382843836,1
4000,test,2206,383336.999659856,1334572136.99966,33,26,1,3,-2399687.8650128474,5383228.642357108,2429733.149410907,101980.40516400586,22.5395955973532,114.026156701577,22.302802477104,0.0244611467198669,1
