epoch,week,tow,time_gps_s,gt_ecef_x_m,gt_ecef_y_m,gt_ecef_z_m,gt_lat_deg,gt_lon_deg,gt_h_m,gt_vel_x_mps,gt_vel_y_mps,gt_vel_z_mps,speed_mps,is_static
1,2206,379365.208049767,1334568165.20805,-2399704.3719196,5383203.82090075,2429701.23892549,22.5395161633321,114.026177252802,5.26845383919431,0.0106811962784407,0.0999471198905056,0.0930455368909953,0.136970751124754,0
2,2206,379365.505050401,1334568165.50505,-2399704.36627008,5383203.85889796,2429701.27465274,22.5395163491475,114.026177052244,5.31207848200571,0.0236252067531009,0.140535921945666,0.133574274898329,0.195321741405967,1
3,2206,379366.005051317,1334568166.00505,-2399704.35902239,5383203.90501948,2429701.32107849,22.539516600761,114.02617680534,5.36605669673026,-0.00423881607213416,0.00469778044074081,0.0161567385045445,0.0173515677063204,1
4,2206,379366.505052273,1334568166.50505,-2399704.35456914,5383203.93438214,2429701.34927503,22.5395167493792,114.02617664958,5.39996047981104,0.016038109402623,0.083842354491554,0.0758034669815697,0.114161845492808,1
5,2206,379367.005053228,1334568167.00505,-2399704.34899579,5383203.9599557,2429701.37606068,22.539516899788,114.026176498873,5.4297057621353,0.00109337564099322,-0.00888056893696165,0.0122365092397446,0.0151588961771892,1
6,2206,379367.505054186,1334568167.50505,-2399704.33980506,5383203.95157953,2429701.3895061,22.5395170513657,114.026176450421,5.42433738772415,0.0273423996609719,-0.0213253907911234,0.0337645366341814,0.0483985851625378,1
7,2206,379368.005055144,1334568168.00506,-2399704.3299767,5383203.94192533,2429701.40204248,22.5395172003009,114.026176401367,5.41730263235974,0.00509727688708022,-0.015388409662145,0.00771289121090286,0.0179519936058585,1
8,2206,379368.505056104,1334568168.50506,-2399704.31191493,5383203.91496413,2429701.38340716,22.5395171555682,114.02617634771,5.3806228593167,0.0500452500692317,-0.0701704057216008,-0.0591174858005486,0.104514544542872,1
9,2206,379369.005057063,1334568169.00506,-2399704.2970279,5383203.89403728,2429701.36605566,22.5395170979907,114.026176298358,5.35071961080019,-0.0045022303239548,0.00745102087352059,0.0105643933276619,0.0136891999886452,1
10,2206,379369.505058022,1334568169.50506,-2399704.26620887,5383203.90076628,2429701.35715232,22.5395170458928,114.026175998081,5.34139369847758,0.0938774009292055,0.0177589587781796,-0.0310725271649227,0.100468149015112,1
11,2206,379370.005058981,1334568170.00506,-2399704.2370411,5383203.91009335,2429701.35008633,22.5395169985781,114.026175702182,5.33558476428129,-0.0071845787155633,0.0190198744820551,0.0171575470085266,0.0266036692202985,1
12,2206,379370.505059939,1334568170.50506,-2399704.20960143,5383203.93757572,2429701.36154853,22.5395170459635,114.026175349768,5.35284360846055,0.086487821765118,0.0709168475999707,0.0253365584513121,0.114679046827871,1
13,2206,379371.005060897,1334568171.00506,-2399704.18099923,5383203.96102409,2429701.37206936,22.5395170998897,114.026175002998,5.36590137744977,0.00105559164212401,0.00537022531496736,0.013801323588414,0.0148468894533687,1
14,2206,379371.505061854,1334568171.50506,-2399704.15111944,5383203.98406067,2429701.38209989,22.539517152829,114.026174646515,5.37794338054505,0.0882181666993384,0.0674108736121204,0.023160217313964,0.113415459629504,1
15,2206,379372.005062808,1334568172.00506,-2399704.12301556,5383204.00907101,2429701.39207019,22.5395171965228,114.026174297987,5.39229517315416,-0.00192424024232518,0.0136595709686608,0.0139806966057375,0.0196404291485636,1
16,2206,379372.505063766,1334568172.50506,-2399704.08647021,5383204.00394992,2429701.4027897,22.5395173536264,114.02617399377,5.37834105417203,0.110047311216352,-0.0220713167986381,0.0249447006792548,0.114977353522997,1
17,2206,379373.005064724,1334568173.00506,-2399704.05101752,5383203.99907188,2429701.41306063,22.5395175046802,114.026173698292,5.36483092531158,-0.00291382491619299,0.0144854850270264,0.0115027110576728,0.0187251705943294,1
18,2206,379373.505065681,1334568173.50507,-2399704.03444848,5383204.01481356,2429701.40321738,22.5395173961648,114.026173488868,5.36810652831908,0.0516065621942661,0.036675340825285,-0.0359537141014519,0.0728078803691635,1
19,2206,379374.005066638,1334568174.00507,-2399704.0169899,5383204.02394609,2429701.39203,22.5395172985878,114.026173297706,5.36495694400405,0.00231346338101854,-0.0101629871079473,0.00659338631719525,0.0123333354328581,1
20,2206,379374.505067595,1334568174.50507,-2399704.00513109,5383204.03426473,2429701.41741668,22.5395174944171,114.02617315157,5.37893337117852,0.0350756673246353,0.035204326765635,0.0729823401281822,0.0882953511339967,1
21,2206,379375.005068552,1334568175.00507,-2399703.99195694,5383204.04292155,2429701.44304247,22.5395176993484,114.026173000332,5.39110489994289,0.00884733412338145,-0.0151467146853783,0.00788693951293994,0.0192328391490122,1
22,2206,379375.505069509,1334568175.50507,-2399703.97650995,5383204.04703775,2429701.43105419,22.5395176081161,114.026172846885,5.3841730531679,0.0404422369856903,0.0223565248926647,-0.0394124262204223,0.0607349000020853,1
23,2206,379376.005070466,1334568176.00507,-2399703.96400755,5383204.05602454,2429701.42005306,22.5395175055682,114.026172700306,5.38283571828623,-0.000845843461022521,0.00488964826363756,0.0100902110664016,0.0112443973011977,1
24,2206,379376.505071423,1334568176.50507,-2399703.94363399,5383204.0607015,2429701.41277876,22.5395174588236,114.026172500897,5.37633122832718,0.0606552678716146,0.0134468817010087,-0.0271002154269976,0.0677812793051881,1
25,2206,379377.005072383,1334568177.00507,-2399703.92503033,5383204.06909851,2429701.40503804,22.539517393933,114.026172302479,5.37345173740879,-0.00536015228525751,0.0191201296945917,0.00749113930629244,0.0212232834444965,1
26,2206,379377.505073342,1334568177.50507,-2399703.90769016,5383204.06925701,2429701.40862608,22.5395174477969,114.026172147888,5.36843997965338,0.0538462043722693,-0.00771695827662949,0.00743893944695799,0.0549026683362379,1
27,2206,379378.005074302,1334568178.00507,-2399703.89205367,5383204.07214696,2429701.41305653,22.5395174976501,114.026171997612,5.36669604316035,-0.0102587230162698,0.0285708388057926,0.0114780259938675,0.0324542648770085,1
28,2206,379378.505075261,1334568178.50508,-2399703.88634054,5383204.07249823,2429701.4295092,22.539517641816,114.026171945495,5.37115057845622,0.0235837520330143,-0.0166539524977731,0.0426483421397761,0.0515017337671674,1
29,2206,379379.005076219,1334568179.00508,-2399703.87799498,5383204.06600478,2429701.44402436,22.5395177951724,114.026171897096,5.36809833147957,0.00119167358780309,0.0011899659656136,0.00513460290351613,0.0054037257439643,1
30,2206,379379.505077176,1334568179.50508,-2399703.87056813,5383204.07414057,2429701.45757538,22.5395178929406,114.026171798951,5.37736311045617,0.022270699966982,0.0221440811418976,0.0380353556530946,0.0493257811524123,1
31,2206,379380.005078135,1334568180.00508,-2399703.86196679,5383204.07894382,2429701.47102543,22.539518002058,114.026171703568,5.38333621985763,0.00684454118156675,-0.0105964186733984,0.00461246945921095,0.0134315563953052,1
32,2206,379380.505079089,1334568180.50508,-2399703.84855495,5383204.08851807,2429701.46032246,22.5395179014215,114.026171546588,5.38226674670426,0.0369047348308924,0.032926872682647,-0.0347202627326482,0.0604287600553069,1
33,2206,379381.005080047,1334568181.00508,-2399703.83495703,5383204.09591115,2429701.44900606,22.5395178028267,114.026171396589,5.37905214239899,0.00874372406229579,-0.0166464923564015,0.000972013654603473,0.018828256127269,1
34,2206,379381.505081004,1334568181.50508,-2399703.82145281,5383204.11560681,2429701.44235124,22.5395177040842,114.026171198729,5.38803802031823,0.035627573256796,0.0687457073745475,-0.0202935407403994,0.0800445129560892,1
35,2206,379382.00508196,1334568182.00508,-2399703.80897211,5383204.13797651,2429701.43600813,22.5395175980447,114.026170999372,5.39978408663996,0.00572905718066979,-0.00484818008279413,0.0014221394427655,0.00763867965614838,1
36,2206,379382.505082916,1334568182.50508,-2399703.79840023,5383204.12826331,2429701.43093906,22.5395176013749,114.026170943949,5.38567142755474,0.028268635778143,-0.0264990149537668,-0.0158486702510887,0.0418627986523239,1
37,2206,379383.005083874,1334568183.00508,-2399703.78899036,5383204.11897811,2429701.4260081,22.539517602866,114.02617089715,5.37240974989279,0.00219452855378281,-0.00502696369285382,0.00156525209391079,0.00570406290814984,1
38,2206,379383.505084832,1334568183.50508,-2399703.77784398,5383204.09265164,2429701.4257874,22.5395176999686,114.026170902382,5.34592468848456,0.033214622389933,-0.0771569538353921,-0.00172994357428509,0.0840202319113252,1
39,2206,379384.005085789,1334568184.00509,-2399703.76494998,5383204.0649391,2429701.42499735,22.5395177991679,114.026170897584,5.31739490935744,0.00996969802371439,-0.0120168795162763,-0.000293801743358857,0.0156168688109094,1
40,2206,379384.505086747,1334568184.50509,-2399703.75552017,5383204.05713844,2429701.43219446,22.5395178971486,114.026170844732,5.31002701154842,0.0233768780239351,-0.0186178520534568,0.0215381683494265,0.0368374203369153,1
41,2206,379385.005087705,1334568185.00509,-2399703.74594503,5383204.0468947,2429701.43899523,22.5395179997525,114.026170800259,5.30039157559906,0.0107987826628789,-0.0196000174430372,-0.000450551787631163,0.0223825241579406,1
42,2206,379385.505088662,1334568185.50509,-2399703.74066996,5383204.07263491,2429701.45438503,22.5395180541662,114.026170651541,5.3260213509904,0.0106553345532582,0.0862706247046794,0.045488925154279,0.098109118603059,1
43,2206,379386.00508962,1334568186.00509,-2399703.73493603,5383204.09688685,2429701.46796904,22.5395180988706,114.026170504638,5.34953088073293,0.0125327587615734,-0.0211037912641326,-0.00551412967262107,0.0251564241088107,1
44,2206,379386.505090578,1334568186.50509,-2399703.72986272,5383204.12333285,2429701.4837163,22.5395181537499,114.026170354918,5.37596895967835,0.00887851430468221,0.0904610284999993,0.0497493409480486,0.103619605376113,1
45,2206,379387.005091536,1334568187.00509,-2399703.7249396,5383204.15093213,2429701.49896941,22.5395182006498,114.026170201966,5.40324698076014,0.011857391906804,-0.0123222351627361,-0.005657532547103,0.0180122984862799,1
46,2206,379387.505092494,1334568187.50509,-2399703.71899196,5383204.17697184,2429701.50741773,22.5395181971686,114.02617004609,5.4262156860957,0.0124779688869298,0.0822034143996652,0.0277179009250799,0.0876434999198391,1
47,2206,379388.005093452,1334568188.00509,-2399703.71191727,5383204.19886749,2429701.51495763,22.539518200801,114.026169896609,5.44491643724175,0.0161720505999089,-0.0252672540815707,-0.00806704457482075,0.0310651984960794,1
48,2206,379388.505094409,1334568188.50509,-2399703.70618133,5383204.2108296,2429701.51909402,22.5395182055654,114.026169798333,5.45443613003808,0.00888060331314168,0.0490727615503027,0.0163047650246479,0.0524675747856448,1
49,2206,379389.005095364,1334568189.0051,-2399703.70092809,5383204.22390431,2429701.52295701,22.5395182038515,114.026169699939,5.46497112539133,0.0141029856005397,-0.0181590998064438,-0.00821461094521592,0.024415710958534,1
50,2206,379389.505096321,1334568189.5051,-2399703.69401887,5383204.2345275,2429701.52579844,22.5395182037019,114.026169596544,5.47242371442265,0.0142790905777498,0.0392954694762294,0.011773858889138,0.0434355856668953,1
51,2206,379390.005097278,1334568190.0051,-2399703.68590205,5383204.24185154,2429701.52692617,22.5395182013917,114.026169495486,5.47598215044248,0.019575840615782,-0.0282321542687757,-0.014401578964523,0.0372514905358409,1
52,2206,379390.505098237,1334568190.5051,-2399703.66428624,5383204.25645187,2429701.52240884,22.5395181480187,114.02616924577,5.47843859907406,0.0554534077972211,0.0567984634741465,-0.00633306996247114,0.0796319889522949,1
53,2206,379391.005099188,1334568191.0051,-2399703.64188141,5383204.26882408,2429701.51792881,22.5395181031133,114.026168997866,5.47873300410311,0.0231073155327229,-0.033682359050572,-0.0138286691486796,0.0431240238470868,1
54,2206,379391.505100122,1334568191.5051,-2399703.63513218,5383204.27851807,2429701.51511388,22.5395180584987,114.026168899571,5.48329369559912,0.0089491862397212,0.0457292898188768,-0.00222902689034855,0.0466500208206807,1
55,2206,379392.005101142,1334568192.0051,-2399703.62787521,5383204.28783135,2429701.51090235,22.539518004155,114.026168798273,5.48680692877157,0.0240986706645339,-0.0325290103553018,-0.0191891586028217,0.0448007393954302,1
56,2206,379393.000103014,1334568193.0001,-2399703.62799769,5383204.28799608,2429701.48699746,22.5395178040812,114.026168798709,5.47782872344971,0.0224233003071838,-0.0380129936923873,-0.0247036645952137,0.0505772985691846,1
57,2206,379394.000104928,1334568194.0001,-2399703.62399848,5383204.30399762,2429701.46799714,22.5395176006535,114.026168699865,5.48254038291526,0.0144626204938491,-0.0226255614008074,-0.027259448911991,0.038264356459194,1
58,2206,379395.000106856,1334568195.00011,-2399703.62799845,5383204.31299757,2429701.45999766,22.5395174998415,114.026168699758,5.48857051228409,0.0145013162846587,-0.0227437086693871,-0.0219079277275446,0.0347494137409681,1
59,2206,379396.000108788,1334568196.00011,-2399703.61699896,5383204.2379982,2429701.40599844,22.5395173020785,114.026168898945,5.40046616593472,0.00954028683081134,-0.0165250497041553,-0.0143605245056523,0.0238813526546634,1
60,2206,379397.000110714,1334568197.00011,-2399703.60699918,5383204.16499842,2429701.38899878,22.539517405182,114.026169099094,5.32860729253647,0.00743284977067497,-0.014269483417147,-0.0109953194751489,0.0194874950433925,1
61,2206,379398.000112638,1334568198.00011,-2399703.59899834,5383204.07099627,2429701.35099867,22.5395173967138,114.02616940012,5.23173276864789,0.0147511580052929,-0.033159045997193,-0.0118471866059226,0.0381768886162378,1
62,2206,379399.000114559,1334568199.00011,-2399703.59799943,5383203.96799873,2429701.26399917,22.5395169981346,114.026169798921,5.11112043226544,0.00495164503880784,-0.0111099180669727,-0.0072108901041498,0.0141402264529011,1
63,2206,379400.000116477,1334568200.00012,-2399703.59499962,5383203.95999971,2429701.26099919,22.5395170026307,114.026169803947,5.10209447085057,0.00331162834363197,-0.00250082592239297,-0.00692730329050701,0.00807518070752157,1
64,2206,379401.000118394,1334568201.00012,-2399703.57899964,5383203.95099949,2429701.24199962,22.5395168951685,114.026169697506,5.08120217422242,0.00300161560743223,-0.00433277522216053,-0.00326543585542631,0.00620046036246122,1
65,2206,379402.00012031,1334568202.00012,-2399703.59199932,5383203.90299818,2429701.17899933,22.5395165031503,114.026170002922,5.02144787959368,0.00563260325249611,-0.0151079752611428,-0.00562336515492757,0.0170762809638687,1
66,2206,379403.000122225,1334568203.00012,-2399703.59199984,5383203.87699905,2429701.13300001,22.5395162016883,114.026170105833,4.98188290679292,0.00128213748499186,-0.00780377402485933,5.37196503711086e-05,0.00790858086905144,1
67,2206,379404.000124141,1334568204.00012,-2399703.58100042,5383203.82800094,2429701.08800043,22.5395159967815,114.026170202106,4.9191628119695,-0.00338233293437786,0.00753222250025797,0.00343576354679234,0.00894309918438998,1
68,2206,379405.000126055,1334568205.00013,-2399703.58200062,5383203.75600138,2429701.07300063,22.5395160978995,114.026170495965,4.85305088499422,-0.00489447283091797,0.0109044484053903,0.00496828383261314,0.0129439832957177,1
69,2206,379406.00012797,1334568206.00013,-2399703.59400042,5383203.681,2429701.05900091,22.5395162013468,114.026170899372,4.788926443184,-0.00330448065518344,1.33634762813359e-05,0.00707300602957429,0.00780686782758451,1
70,2206,379407.000129885,1334568207.00013,-2399703.59300047,5383203.62899946,2429701.06300072,22.5395164005223,114.026171096314,4.74621632684408,-0.00363383761098619,-0.00416096046436572,0.00553671249456691,0.0078213523777238,1
71,2206,379408.0001318,1334568208.00013,-2399703.59899966,5383203.59199891,2429701.06200067,22.5395165007076,114.026171296032,4.71687560017495,0.00258373216804268,-0.00827022344281559,0.00508331741824508,0.0100455156007499,1
72,2206,379409.000133716,1334568209.00013,-2399703.60800035,5383203.58600013,2429701.06100112,22.5395164986513,114.026171399693,4.71481666358351,-0.002611150557416,0.000950328176636485,0.00838464970190503,0.00883309580500853,1
73,2206,379410.000135631,1334568210.00014,-2399703.60700058,5383203.58500064,2429701.07300122,22.539516603308,114.026171394772,4.71819741544187,-0.00426938072405557,0.00468891329302711,0.00900779112344313,0.011016071012845,1
74,2206,379411.000137546,1334568211.00014,-2399703.60299991,5383203.60099946,2429701.10200127,22.5395168002412,114.026171295925,4.74130576189896,0.000649007227640273,-0.0039107252237273,0.00923623785145521,0.0100510234208104,1
75,2206,379412.000139463,1334568212.00014,-2399703.6020006,5383203.59700067,2429701.11200156,22.5395168977004,114.02617130288,4.74138993594005,-0.00432932505232004,0.00480346952060152,0.0112156524463997,0.0129463212783565,1
76,2206,379413.000141378,1334568213.00014,-2399703.5929997,5383203.57799933,2429701.11500138,22.539516995481,114.026171298169,4.72312561137672,0.00209640185337679,-0.00472146878700454,0.0097472202087098,0.0110315669800161,1
77,2206,379414.000143291,1334568214.00014,-2399703.59000112,5383203.54600111,2429701.09100169,22.539516900702,114.026171398195,4.68580493205709,-0.00780675121767974,0.00771594528991091,0.0117957256899759,0.0161127378444757,1
78,2206,379415.000145205,1334568215.00015,-2399703.57500079,5383203.53700142,2429701.06100177,22.5395167000801,114.026171300628,4.66107234691826,-0.00544393515237247,0.00978138483848166,0.0121777599829608,0.016541153451447,1
79,2206,379416.00014712,1334568216.00015,-2399703.56000076,5383203.52900098,2429701.03100209,22.5395164963006,114.026171199109,4.63718291892672,-0.00514457509582349,0.00665392815501458,0.0141795944207363,0.0164864280772167,1
80,2206,379417.000149047,1334568217.00015,-2399703.55400092,5383203.54100206,2429700.99900157,22.5395161999114,114.026171098335,4.63278422757071,-0.00613131241051164,0.0138226634209419,0.0105064905016102,0.0184131843683912,1
81,2206,379418.000150984,1334568218.00015,-2399703.54700175,5383203.60100355,2429700.91300229,22.5395153027915,114.0261707987,4.64780371045439,-0.0115529228728615,0.0235315851311374,0.0151001864113948,0.0302526222888054,1
82,2206,379419.000152912,1334568219.00015,-2399703.53800133,5383203.65700261,2429700.82500253,22.5395144044613,114.026170497137,4.65792737003195,-0.00867870436276352,0.0170841524651851,0.0165066608369486,0.0252914615405278,1
83,2206,379420.000154838,1334568220.00015,-2399703.53200028,5383203.71900026,2429700.75100199,22.5395135997,114.026170198464,4.6796055117249,-0.00182157048744454,0.00167931135449318,0.0128096281804067,0.0130470218742182,1
84,2206,379421.000156752,1334568221.00016,-2399703.52700082,5383203.75900183,2429700.72900252,22.5395132967887,114.026169995745,4.70303764878945,-0.00519828250864004,0.011706936585192,0.0160669061413879,0.0205479920723537,1
85,2206,379422.00015867,1334568222.00016,-2399703.52100054,5383203.79500161,2429700.67000172,22.5395126993279,114.026169799979,4.70853416583059,-0.00341529740817204,0.0101428596074273,0.0108314090893473,0.0152269918323693,1
86,2206,379423.00016059,1334568223.00016,-2399703.52600115,5383203.83200139,2429700.60100211,22.5395119998052,114.026169697932,4.71517845400394,-0.0071404028075141,0.00870164817197702,0.013100031978047,0.0172717940871318,1
87,2206,379424.000162508,1334568224.00016,-2399703.53899993,5383203.91100024,2429700.57300166,22.5395114981819,114.026169500667,4.77597642639715,0.000433998611932014,0.0015328004703275,0.0101595768009112,0.0102837168791545,1
88,2206,379425.00016442,1334568225.00016,-2399703.54400072,5383203.97300042,2429700.51300224,22.5395107946844,114.026169299668,4.8071608978485,-0.00439882576489316,0.00252967662677671,0.0135900366033555,0.0145064822347284,1
89,2206,379426.00016633,1334568226.00017,-2399703.54000107,5383203.98800159,2429700.5070024,22.5395107028515,114.02616920478,4.81601183888609,-0.00644153611362704,0.00954438973906018,0.014440277164916,0.0184691734410025,1
90,2206,379427.000168245,1334568227.00017,-2399703.54700006,5383204.00599971,2429700.5150019,22.5395107028047,114.026169195686,4.83689329315349,-0.000340930518065604,-0.00174168614927094,0.0112939599174355,0.011432551547111,1
91,2206,379428.00017016,1334568228.00017,-2399703.56099885,5383203.984997,2429700.50900107,22.5395106994271,114.026169403112,4.82213961161448,0.00673509481277975,-0.0176135303934864,0.0062594709142844,0.0198690445463836,1
92,2206,379429.000172075,1334568229.00017,-2399703.5749988,5383203.9669973,2429700.51700082,22.5395108033266,114.026169598662,4.81528639021462,0.00696536241924876,-0.0157040571557383,0.00473228954108123,0.0178193223519528,1
93,2206,379430.000174032,1334568230.00017,-2399703.58800104,5383203.91900191,2429700.46500203,22.5395105030448,114.026169904078,4.75975515161708,-0.00599843222353871,0.0109487271424619,0.0116033880755393,0.0170438971485995,1
94,2206,379431.000175959,1334568231.00018,-2399703.5970003,5383203.89000153,2429700.40700139,22.5395100982911,114.026170098767,4.71644201046954,-0.00169973817456089,0.00871987122177855,0.00788163498088919,0.0118762550477176,1
95,2206,379432.000177881,1334568232.00018,-2399703.61300079,5383203.9250022,2429700.38700135,22.5395097982703,114.026170102302,4.74431894708122,-0.004441842782057,0.0123903940724505,0.00757215424979482,0.0151851688352094,1
96,2206,379433.000179795,1334568233.00018,-2399703.6410001,5383203.96300111,2429700.37100121,22.539509505221,114.026170200506,4.78077062440022,-0.000574470560386241,0.00619599243124081,0.00670479974473442,0.00914738641633415,1
97,2206,379434.000181714,1334568234.00018,-2399703.65499882,5383203.99399779,2429700.32400033,22.5395089954782,114.026170202115,4.79416708014368,0.00650802740533917,-0.0121181780464694,0.00179878007899256,0.0138722842260083,1
98,2206,379435.00018363,1334568235.00018,-2399703.65799876,5383204.02699812,2429700.26600105,22.5395084031691,114.026170098134,4.80090175275198,0.00674293653953094,-0.0102454047688888,0.005702393867535,0.0135260048748701,1
99,2206,379436.000185545,1334568236.00019,-2399703.67899957,5383204.04899903,2429700.19400016,22.5395077034845,114.02617019752,4.79975958966154,0.00230122035260119,-0.00519570649104818,0.000910219652438846,0.00575495272509097,1
100,2206,379437.000187459,1334568237.00019,-2399703.71499725,5383204.10299568,2429700.24399952,22.5395078990572,114.026170303422,4.87801361437713,0.014636283219593,-0.023016289332174,-0.0025453211028872,0.0273943246060802,1
101,2206,379438.000189377,1334568238.00019,-2399703.74099856,5383204.16299769,2429700.27100011,22.5395078979091,114.026170296797,4.94875865629295,0.00760128785004692,-0.0121167693322525,0.000612301968261888,0.0143167939752803,1
102,2206,379439.00019129,1334568239.00019,-2399703.77699805,5383204.26799611,2429700.31699902,22.5395078988656,114.026170200848,5.06850464737068,0.0101726220027529,-0.02028199591188,-0.00512220729593769,0.0232610963663145,1
103,2206,379440.000193204,1334568240.00019,-2399703.7789979,5383204.34799672,2429700.31199924,22.5395076014154,114.026169901958,5.13482813437647,0.0108461925450165,-0.0169127213702305,-0.00390231853113565,0.0204672452173972,1
104,2206,379441.000195118,1334568241.0002,-2399703.8019979,5383204.4509972,2429700.36699858,22.5395077020785,114.026169698493,5.2514502244184,0.0107701445582009,-0.014288808418844,-0.00723867227879148,0.0193019283024966,1
105,2206,379442.000197034,1334568242.0002,-2399703.81399705,5383204.52899581,2429700.39799877,22.5395076971253,114.026169496311,5.33364463929562,0.0149383624926751,-0.0211848944247767,-0.00621132241089449,0.0266558614913039,1
106,2206,379443.000198947,1334568243.0002,-2399703.82599792,5383204.60599728,2429700.44199819,22.5395078037432,114.026169298091,5.41998138072102,0.0104664300292239,-0.0136097752689889,-0.00907946175071179,0.0194218630957913,1
107,2206,379444.00020086,1334568244.0002,-2399703.82999659,5383204.6649958,2429700.47599848,22.5395078951591,114.026169100076,5.4842888386325,0.0169805137576806,-0.0208585263145483,-0.00750378285512996,0.0279235156208245,1
108,2206,379445.000202773,1334568245.0002,-2399703.83999549,5383204.73699237,2429700.52899745,22.5395080954834,114.02616890389,5.56910035207458,0.0222425519114396,-0.0375410580506243,-0.0125518194172203,0.045404959264115,1
109,2206,379446.000204689,1334568246.0002,-2399703.83899487,5383204.81099252,2429700.58099697,22.5395082966396,114.026168602108,5.65108255228498,0.0250317069756004,-0.0364633030663212,-0.0147903395635692,0.0466359621861112,1
110,2206,379447.000206604,1334568247.00021,-2399703.84899544,5383204.88499282,2429700.62299606,22.5395083988814,114.026168398006,5.73336854466006,0.0220470488450803,-0.0347070640342623,-0.0190280384418891,0.0453069410090965,1
111,2206,379448.000208525,1334568248.00021,-2399703.8639967,5383204.94399517,2429700.65999649,22.5395084998012,114.026168297668,5.80296681438382,0.0157937231110576,-0.023102442285341,-0.016815068319767,0.0326482932456614,1
112,2206,379449.000210437,1334568249.00021,-2399703.86899647,5383205.00499468,2429700.69599489,22.5395086001452,114.026168100622,5.87010467656862,0.0167427288191823,-0.0252297465348389,-0.0242700016640076,0.0388058250691288,1
113,2206,379450.00021235,1334568250.00021,-2399703.87099766,5383205.06099788,2429700.72999535,22.5395087038478,114.026167896726,5.93113421336238,0.0110076233387576,-0.00993937643925876,-0.021850780047494,0.0264086267013871,1
114,2206,379451.000214265,1334568251.00021,-2399703.88299801,5383205.11299659,2429700.75099606,22.539508697693,114.026167797464,5.98756273710631,0.00926341082047801,-0.015874396280493,-0.0183667742757871,0.0259835647014953,1
115,2206,379452.000216181,1334568252.00022,-2399703.89399708,5383205.13699398,2429700.78599583,22.5395088982388,114.026167800142,6.02535913300157,0.013482941786211,-0.0277929250151407,-0.0192716236141345,0.0364092279076672,1
116,2206,379453.000218097,1334568253.00022,-2399703.90499699,5383205.16099324,2429700.82099622,22.5395090987828,114.02616780282,6.06315766137402,0.0137900348107941,-0.0309672588958013,-0.0172976255393281,0.0380571154043671,1
117,2206,379454.000220014,1334568254.00022,-2399703.91699797,5383205.16399598,2429700.83599766,22.5395091974959,114.026167897492,6.07595411485114,0.00923402631320085,-0.018263187476162,-0.0106132469201011,0.0230532485547994,1
118,2206,379455.00022193,1334568255.00022,-2399703.92099848,5383205.1709966,2429700.86399798,22.539509403263,114.026167905304,6.09409729780749,0.00682295324037865,-0.0152704900351345,-0.00908808379471965,0.0190350682660552,1
119,2206,379456.000223848,1334568256.00022,-2399703.9229994,5383205.20199865,2429700.88799891,22.539509502608,114.026167800362,6.13020290189222,0.00269464191614363,-0.0060109370726511,-0.00486632476191885,0.00818984592260893,1
120,2206,379457.00022576,1334568257.00023,-2399703.92199971,5383205.22499935,2429700.91999995,22.5395096982045,114.026167700448,6.16149685246915,0.00128313598369192,-0.00284535465761461,-0.000212081299459183,0.00312849157867405,1
121,2206,379458.000227674,1334568258.00023,-2399703.92099935,5383205.2479991,2429700.92899906,22.5395097019559,114.026167600531,6.18397263123464,0.00285513721425414,-0.00394821536158056,-0.00412821958320247,0.00638611070846536,1
122,2206,379459.000229589,1334568259.00023,-2399703.91999941,5383205.24699811,2429700.93999993,22.5395097982834,114.026167595615,6.18696903713846,0.00257086563868553,-0.00821981215582398,-0.000287068584324692,0.00861725422517589,1
123,2206,379460.000231505,1334568260.00023,-2399703.91500154,5383205.23500231,2429700.94700063,22.5395099016431,114.026167598719,6.17765350385388,-0.00664972517990537,0.00994292458065169,0.00271311423542061,0.0122654630177273,1
124,2206,379461.000233424,1334568261.00023,-2399703.92100199,5383205.19800275,2429700.92200112,22.5395098016543,114.026167798443,6.13911460089425,-0.00852261993493491,0.0117597352576472,0.00481508609885943,0.0153007018801338,1
125,2206,379462.000235338,1334568262.00024,-2399703.91900179,5383205.19200172,2429700.91900121,22.5395097984253,114.026167804436,6.1321500613624,-0.00761876779208157,0.00727893110143774,0.00512512647374397,0.0117173112112382,1
126,2206,379463.000237252,1334568263.00024,-2399703.91299977,5383205.17899831,2429700.91300086,22.5395097979497,114.026167802612,6.11662333368924,0.000992302650759997,-0.00713073478417636,0.00358194510075061,0.00804129180031164,1
127,2206,379464.000239168,1334568264.00024,-2399703.91100021,5383205.17399872,2429700.88700136,22.539509599724,114.026167804646,6.10168763778742,-0.000884325164644364,-0.00537059502395159,0.00566474410685976,0.00785586708799985,1
128,2206,379465.000241085,1334568265.00024,-2399703.90500085,5383205.16199954,2429700.87000205,22.5395095043322,114.026167798871,6.082792951696,-0.00350327170241313,-0.00191873698806448,0.00847940916878293,0.0093730914911749,1
129,2206,379466.000243002,1334568266.00024,-2399703.88800089,5383205.14800082,2429700.83700177,22.5395092973089,114.026167703336,6.05194115206766,-0.00367271735252069,0.00337687778285946,0.00730528906232556,0.00884643456970151,1
130,2206,379467.000244915,1334568267.00024,-2399703.88800123,5383205.17499976,2429700.8480025,22.5395093037006,114.026167596476,6.07893420766544,-0.00504162590030072,-0.000958042023108381,0.010169261606862,0.0113907733655544,1
131,2206,379468.00024683,1334568268.00025,-2399703.89400236,5383205.18800469,2429700.81700217,22.539508995566,114.026167598286,6.08027875744335,-0.00955780253673974,0.0189913348426805,0.008776279015426,0.0230009882786529,1
132,2206,379469.000248745,1334568269.00025,-2399703.90000213,5383205.20100234,2429700.80000312,22.5395088042349,114.026167600112,6.08698364204483,-0.00858664120722198,0.00941319323343364,0.0124968415561043,0.017846839018434,1
133,2206,379470.000250659,1334568270.00025,-2399703.91400177,5383205.20600152,2429700.74400276,22.539508301624,114.026167704628,6.07499944241486,-0.00702536462432689,0.00606490202370452,0.010982482399321,0.014378932655565,1
134,2206,379471.000252572,1334568271.00025,-2399703.89000254,5383205.23000447,2429700.70100348,22.5395079009215,114.026167396534,6.06974067008182,-0.0100496567806274,0.017714042630766,0.0137456281969906,0.0245708201381824,1
135,2206,379472.000254487,1334568272.00025,-2399703.88500213,5383205.26800355,2429700.66700333,22.5395075042502,114.026167201732,6.08688305683572,-0.00836172702698604,0.0139346692240178,0.0129795829122131,0.0207981503464042,1
136,2206,379473.000256402,1334568273.00026,-2399703.86100223,5383205.26600251,2429700.53000298,22.5395064017408,114.026166996557,6.02365471824678,-0.0086978662968336,0.00981587487589005,0.0115635880466215,0.0174848747839008,1
137,2206,379474.000258317,1334568274.00026,-2399703.84400045,5383205.30400039,2429700.46900273,22.5395057967915,114.0261666952,6.02593325159695,-0.00173477718377917,0.00155302179496527,0.0105177859609425,0.0107724254508072,1
138,2206,379475.000260233,1334568275.00026,-2399703.82600028,5383205.33699999,2429700.41900313,22.5395053008036,114.026166404762,6.02783658812024,-0.00104490253474638,-2.54744356303466e-05,0.0120033302509242,0.0120487512783168,1
139,2206,379476.000262151,1334568276.00026,-2399703.80800137,5383205.34800115,2429700.38400293,22.5395049994678,114.026166201406,6.01693225058948,-0.00521952479609481,0.00439202533179358,0.0111360501558133,0.0130592855350113,1
140,2206,379477.000264067,1334568277.00026,-2399703.79100014,5383205.33599903,2429700.34100336,22.539504702734,114.026166097956,5.98393135664652,-0.000536346890429964,-0.00370661056527534,0.0126850329587009,0.0132263634848288,1
141,2206,379478.000265983,1334568278.00027,-2399703.78600255,5383205.32300572,2429700.29900432,22.5395044005614,114.026166105011,5.95499185005026,-0.0095941549484048,0.0215258841919826,0.0162277867301456,0.0286138526168661,1
142,2206,379479.000267898,1334568279.00027,-2399703.79600236,5383205.34600397,2429700.28500364,22.5395041969829,114.026166102771,5.97278672367159,-0.00879671660520601,0.0148267341371242,0.0135913649443483,0.0219531198068915,1
143,2206,379480.000269813,1334568280.00027,-2399703.80800029,5383205.37300066,2429700.29800322,22.5395042031443,114.026166102447,6.00505581251135,-0.0010836944302547,0.00247309536647245,0.0119495353623229,0.0122507954715291,1
144,2206,379481.000271727,1334568281.00027,-2399703.8170007,5383205.42000224,2429700.32900362,22.5395043004197,114.026165996326,6.05997374513038,-0.00260266511401771,0.00829039794496912,0.0133487513625272,0.0159277659048671,1
145,2206,379482.000273641,1334568282.00027,-2399703.83799973,5383205.46700008,2429700.37400294,22.5395044975555,114.026165996757,6.12476670775678,0.000978687449523217,0.000296721862958046,0.0107375776163334,0.0107861692020196,1
146,2206,379483.000275555,1334568283.00028,-2399703.83200003,5383205.47800074,2429700.36500267,22.5395043961641,114.026165899945,6.12834059109792,-0.000103920685917977,0.00268467794544352,0.00970288241670426,0.0100679800542165,1
147,2206,379484.00027747,1334568284.00028,-2399703.83800015,5383205.4920017,2429700.38400337,22.5395045019188,114.026165897803,6.14969142544173,-0.000548839206588122,0.00613596243143102,0.0121659845736895,0.0136368046140536,1
148,2206,379485.000279385,1334568285.00028,-2399703.8510007,5383205.52000157,2429700.40800313,22.5395045952432,114.02616590241,6.18740042660515,-0.00251276070672063,0.00563620858518105,0.0112089534754407,0.0127953683651352,1
149,2206,379486.000281301,1334568286.00028,-2399703.85400072,5383205.528003,2429700.4120037,22.5395045990847,114.026165897378,6.19681204321649,-0.002589970822789,0.0106736776337175,0.0131497727348988,0.0171333553652198,1
150,2206,379487.000283215,1334568287.00028,-2399703.86899898,5383205.53699841,2429700.43000229,22.5395046996251,114.026165994943,6.21693987886856,0.00358148228250834,-0.00562783076353568,0.00808935585993413,0.0104850928785381,1
151,2206,379488.00028513,1334568288.00029,-2399703.87699846,5383205.52899793,2429700.44000235,22.5395047970515,114.026166097637,6.21703219033278,0.00538610957957345,-0.00726667283959688,0.00826780126486918,0.0122544379029101,1
152,2206,379489.000287045,1334568289.00029,-2399703.89499966,5383205.51800064,2429700.46300267,22.5395049982859,114.026166300998,6.22334085521919,0.00117927500057715,0.00221670572507654,0.00926756027052462,0.00960167418559804,1
153,2206,379490.00028896,1334568290.00029,-2399703.9029997,5383205.51100004,2429700.45000245,22.5395049007149,114.026166399739,6.21546039785008,0.00104417925489525,0.000150146925053035,0.00844519857653804,0.00851083035976024,1
154,2206,379491.000290874,1334568291.00029,-2399703.89499886,5383205.51900031,2429700.40300117,22.5395044946799,114.026166297034,6.20118407782111,0.0039161376194627,0.00106257949929403,0.00395980485785692,0.00566967931713939,1
155,2206,379492.000292789,1334568292.00029,-2399703.88199815,5383205.51299874,2429700.33900079,22.5395039981779,114.026166205355,6.16669958516275,0.00634643124769786,-0.00425017564584459,0.00272185896934266,0.00810861880046641,1
156,2206,379493.000294705,1334568293.00029,-2399703.85699792,5383205.55999896,2429700.35300052,22.5395040015819,114.026165797348,6.20231360306527,0.00704607374328538,-0.00345584203281399,0.00177720543739698,0.00804664268613271,1
157,2206,379494.000296616,1334568294.0003,-2399703.8639977,5383205.62599705,2429700.35500105,22.539503799742,114.026165598275,6.2613882609515,0.00773474312227325,-0.0099109420424122,0.00349742219805332,0.0130493289240115,1
158,2206,379495.000298531,1334568295.0003,-2399703.86199558,5383205.67099375,2429700.32399945,22.539503401731,114.026165402399,6.28671071870867,0.0148068991002805,-0.0208653836219792,-0.0018736966875346,0.0256538346828524,1
159,2206,379496.000300446,1334568296.0003,-2399703.86399374,5383205.72698967,2429700.28499763,22.5395028965803,114.026165198505,6.31974971363636,0.020785510458525,-0.0342844637302844,-0.00786141643440106,0.040856624513654,1
160,2206,379497.000302361,1334568297.0003,-2399703.88199272,5383205.81698961,2429700.32299777,22.5395029036114,114.026165002094,6.41700784945582,0.0240357753552916,-0.034255859208528,-0.00731953211446042,0.0424824426960027,1
161,2206,379498.000304277,1334568298.0003,-2399703.90999298,5383205.90498799,2429700.36099688,22.5395029028664,114.026164902406,6.51633810212693,0.0230172290496494,-0.0393805328636596,-0.0102323507527281,0.0467474085236461,1
162,2206,379499.000306193,1334568299.00031,-2399703.94199495,5383205.97599393,2429700.35699685,22.5395025999084,114.026164905507,6.58673938588919,0.01644917382419,-0.0196929481349417,-0.0102045494954316,0.0276137711323287,1
163,2206,379500.000308109,1334568300.00031,-2399703.9749915,5383206.07598698,2429700.4239953,22.5395027960702,114.026164802706,6.70918316530736,0.0275082653068919,-0.0421335795542407,-0.0152155770392937,0.0525685930084358,1
164,2206,379501.000310024,1334568301.00031,-2399704.02099263,5383206.15498574,2429700.46199501,22.5395027984138,114.02616489847,6.80769091680756,0.0237244466623706,-0.0459185518782852,-0.0160951258427319,0.0541333155453073,1
165,2206,379502.000311941,1334568302.00031,-2399704.05299306,5383206.20098901,2429700.43699365,22.5395023993435,114.026165000519,6.84894930251357,0.0222042375762288,-0.0351442361180705,-0.020312103670025,0.0462679916807089,1
166,2206,379503.000313855,1334568303.00031,-2399704.08799354,5383206.25498859,2429700.4639922,22.5395024044727,114.026165097556,6.91801412149426,0.0205486745225391,-0.0362929161315,-0.0248376067192831,0.0485420487155529,1
167,2206,379504.000315771,1334568304.00032,-2399704.10199467,5383206.2859919,2429700.4539926,22.5395022033173,114.026165099159,6.94560042350438,0.0168481849539269,-0.0256322318612752,-0.0234591989432027,0.0386161450884039,1
168,2206,379505.000317687,1334568305.00032,-2399704.12399555,5383206.28399235,2429700.40899222,22.5395018033031,114.02616530242,6.93493756588142,0.0139709543763147,-0.0240856855229914,-0.0244541195100812,0.0370582214132146,1
169,2206,379506.000319601,1334568306.00032,-2399704.14199697,5383206.27399711,2429700.40799182,22.5395018011896,114.026165501817,6.93289168061438,0.00945018161751131,-0.00903384885187355,-0.0255594304881412,0.0287088983515663,1
170,2206,379507.000321518,1334568307.00032,-2399704.15799719,5383206.25899447,2429700.40499394,22.5395018010678,114.026165703264,6.92510334200832,0.00872175745902203,-0.0172150550926862,-0.0188992150526255,0.0270112477428129,1
171,2206,379508.000323432,1334568308.00032,-2399704.16599721,5383206.2269969,2429700.34599519,22.5395013988736,114.026165900945,6.87850343383606,0.00862935463415655,-0.00960019543159981,-0.0148905786338416,0.0197068223155731,1
172,2206,379509.000325346,1334568309.00033,-2399704.16700038,5383206.20400323,2429700.30099669,22.5395010948438,114.026166000862,6.84223453725751,-0.00113964445736418,0.00986239103489516,-0.0102552458491418,0.0142735984895443,1
173,2206,379510.000327262,1334568310.00033,-2399704.15300031,5383206.1480031,2429700.20599625,22.539500499268,114.026166098207,6.75331284445828,-0.000953239784562736,0.00944306936280201,-0.0115335283814491,0.0149366161496925,1
174,2206,379511.000329177,1334568311.00033,-2399704.1529973,5383206.12299635,2429700.124996,22.5394999027458,114.026166197158,6.70116715958261,0.00819860757747853,-0.0111269223319389,-0.0122322710967371,0.0184568150820926,1
175,2206,379512.000331092,1334568312.00033,-2399704.14700049,5383206.05799703,2429700.02699822,22.5394992993428,114.026166401184,6.60651452457278,-0.00145897701044781,-0.0089919692563746,-0.00544267254498812,0.0106116355693441,1
176,2206,379513.000333009,1334568313.00033,-2399704.12799787,5383206.01499521,2429699.9479978,22.5394988031711,114.026166402662,6.53281001739847,0.00641494938469214,-0.0144381341422943,-0.00667046110219129,0.0171495289858029,1
177,2206,379514.000334924,1334568314.00033,-2399704.1150023,5383205.96200516,2429699.86599943,22.5394983051074,114.026166497012,6.45178931185224,-0.00686291611305581,0.0153490618484845,-0.00179082362248544,0.0169085885410431,1
178,2206,379515.000336837,1334568315.00034,-2399704.10900259,5383205.92300332,2429699.79000059,22.5394978029984,114.026166598112,6.38749952577942,-0.00763919475864031,0.0097802584466852,0.00168097900190124,0.012523435720649,1
179,2206,379516.000338755,1334568316.00034,-2399704.07600235,5383205.84900443,2429699.72000207,22.539497499636,114.026166597994,6.28583286087686,-0.00692354071728459,0.0130313972636831,0.00610903496318365,0.015971006195266,1
180,2206,379517.000340671,1334568317.00034,-2399704.07900171,5383205.83000131,2429699.71300079,22.5394974970945,114.026166699841,6.26824615234575,-0.00502537309853043,0.00386946473243666,0.00231518034013584,0.00675182879687837,1
181,2206,379518.000342586,1334568318.00034,-2399704.09800152,5383205.84700007,2429699.72300104,22.5394974999811,114.026166801258,6.293564434514,-0.00441909968042006,0.000206455063363728,0.00308493889257327,0.005393321207715,1
182,2206,379519.000344501,1334568319.00034,-2399704.07900261,5383205.85500585,2429699.77100342,22.5394979018135,114.026166600879,6.3115737263248,-0.00754776015357876,0.0169400778463756,0.00993468640689412,0.021038843000045,1
183,2206,379520.000346416,1334568320.00035,-2399704.07100515,5383205.83700728,2429699.79900326,22.5394982035239,114.026166601109,6.30411569212435,-0.0148652528875763,0.0209336213048093,0.00941524202145314,0.0273466456200262,1
184,2206,379521.000348333,1334568321.00035,-2399704.08100565,5383205.78400923,2429699.80400409,22.5394983986983,114.026166899673,6.26508454565521,-0.0162188066372883,0.0264242122736567,0.0117713936462251,0.0331640526985983,1
185,2206,379522.000350248,1334568322.00035,-2399704.09400254,5383205.73800138,2429699.83700362,22.5394988010744,114.026167197174,6.24380955393321,-0.0072538517357593,0.0039093378403903,0.0103949939280282,0.0132648854544029,1
186,2206,379523.000352163,1334568323.00035,-2399704.1090012,5383205.71999834,2429699.8930034,22.5394993039242,114.026167401605,6.25572846577281,-0.00342180532906209,-0.00473528677168877,0.00970909055660125,0.0113312899511226,1
187,2206,379524.000354078,1334568324.00035,-2399704.12999997,5383205.69199471,2429699.94500337,22.5394997965749,114.026167698893,6.25993410501391,7.40959165633497e-05,-0.0149278222045409,0.00953390689104604,0.0177127283777054,1
188,2206,379525.000355992,1334568325.00036,-2399704.13800097,5383205.68499866,2429699.98000391,22.5395000993417,114.026167797625,6.27045750713363,-0.00275909143148849,-0.00372267381282128,0.0110409383290184,0.0119738550613061,1
189,2206,379526.000357909,1334568326.00036,-2399704.17400138,5383205.71399869,2429700.0450044,22.539500499058,114.02616800249,6.33337581177869,-0.00386593225013697,-0.00363620020908155,0.0123414390473217,0.0134342287416111,1
190,2206,379527.000359824,1334568327.00036,-2399704.19700005,5383205.74099659,2429700.10700379,22.5395008983978,114.026168099836,6.38856541348364,-0.000169796553228459,-0.0094217114793211,0.0106057268711286,0.014187280237383,1
191,2206,379528.000361737,1334568328.00036,-2399704.22000001,5383205.79199556,2429700.17900421,22.5395013052679,114.026168102197,6.46783622716172,-6.43452760833796e-05,-0.012221168136249,0.0117155008953149,0.0169296796235826,1
192,2206,379529.000363652,1334568329.00036,-2399704.26400031,5383205.83999711,2429700.2640033,22.5395018004337,114.026168302884,6.55745835134094,-0.000879681079155756,-0.00788316162752337,0.00914361099594005,0.0121046973564711,1
193,2206,379530.000365568,1334568330.00037,-2399704.29599873,5383205.88799445,2429700.33500402,22.5395021957736,114.026168397022,6.63719770908905,0.00341722774731208,-0.0151279100518197,0.0110318242758607,0.0190324001341506,1
194,2206,379531.000367483,1334568331.00037,-2399704.34200286,5383205.9410037,2429700.38700548,22.539502397064,114.02616859568,6.71914918603957,-0.00785958660272752,0.0101674610282031,0.015012134580264,0.0197614409895068,1
195,2206,379532.000369397,1334568332.00037,-2399704.41000367,5383206.0420046,2429700.48500556,22.5395027992767,114.026168799694,6.8674902129519,-0.0099381490837411,0.0124868459788548,0.0150579378664615,0.0219415045632819,1
196,2206,379533.000371311,1334568333.00037,-2399704.42500321,5383206.0760063,2429700.50100536,22.5395028040842,114.026168798295,6.90794748471164,-0.00867606410733791,0.017017434848832,0.0145262196286599,0.0239974630727696,1
197,2206,379534.000373225,1334568334.00037,-2399704.45500208,5383206.14400191,2429700.59100553,22.5395032974817,114.026168795525,7.01108818834938,-0.00559243124419366,0.00519000462945383,0.0148990929141385,0.0167390084813563,1
198,2206,379535.000375139,1334568335.00038,-2399704.48299897,5383206.20599584,2429700.66700435,22.5395036958964,114.026168798734,7.10304606298717,0.0027291487633263,-0.0110271871420002,0.0116461252517948,0.0162689687017202,1
199,2206,379536.000377054,1334568336.00038,-2399704.49899932,5383206.24099756,2429700.72000509,22.5395040047405,114.026168802263,7.15890651914265,0.00178019635196976,-0.00644285352910201,0.0135454242128903,0.0151048991309503,1
200,2206,379537.000378968,1334568337.00038,-2399704.51000204,5383206.26700456,2429700.76700578,22.5395042990219,114.026168797019,7.20299976555738,-0.0053805494772721,0.012010746789597,0.0152651430587148,0.0201552212521772,1
201,2206,379538.000380883,1334568338.00038,-2399704.52200148,5383206.26700236,2429700.80500527,22.5395045990545,114.026168903571,7.22207632999918,-0.00390330284825592,0.00619181896674801,0.0138352562521637,0.015652115218245,1
202,2206,379539.000382798,1334568339.00038,-2399704.54200091,5383206.26200108,2429700.81800472,22.5395046951028,114.026169100942,7.23036109075975,-0.00236925578523395,0.00280713015666346,0.0123435104641759,0.0128784938277554,1
203,2206,379540.000384716,1334568340.00038,-2399704.5459987,5383206.24599612,2429700.84900581,22.5395049986364,114.026169199787,7.23024615390595,0.00337013936776619,-0.0100688960384113,0.0151106679012705,0.0184681561400425,1
204,2206,379541.000386632,1334568341.00039,-2399704.55199453,5383206.2349877,2429700.8700032,22.5395052001206,114.026169296596,7.23126300664328,0.0141312222497114,-0.031815741793915,0.00829397960284462,0.0357871899682024,1
205,2206,379542.000388547,1334568342.00039,-2399704.56199664,5383206.20599053,2429700.88500383,22.5395054028153,114.026169500178,7.21631256913653,0.00864507017747753,-0.0244141925688673,0.00983931287436542,0.0277056332720062,1
206,2206,379543.000390462,1334568343.00039,-2399704.56099824,5383206.15299506,2429700.87600333,22.539505496704,114.026169701072,7.16778044321025,0.00449829968042058,-0.0127259159580071,0.00852360230238807,0.0159635658044939,1
207,2206,379544.000392379,1334568344.00039,-2399704.56000148,5383206.07600713,2429700.87100422,22.5395056998191,114.026169996944,7.10054285772865,-0.00375141791009679,0.0180391698936889,0.0107106725155895,0.021312045714238,1
208,2206,379545.000394296,1334568345.00039,-2399704.55199965,5383205.98100111,2429700.8340029,22.5395057028564,114.026170301935,7.00320397117666,0.000896349078618261,0.00271450844655565,0.00726198488612594,0.00780438481005923,1
209,2206,379546.000396212,1334568346.0004,-2399704.54199559,5383205.88198912,2429700.75800243,22.539505396106,114.026170605004,6.88678355526758,0.0111427048598413,-0.0274495014952712,0.00616082193476848,0.0302587298286685,1
210,2206,379547.000398126,1334568347.0004,-2399704.52899412,5383205.85398875,2429700.7820025,22.5395057031302,114.02617060039,6.86747310437262,0.0147714463558813,-0.028240669482614,0.00630257356914837,0.0324877434406493,1
211,2206,379548.000400041,1334568348.0004,-2399704.5219944,5383205.83799135,2429700.79800053,22.5395058970055,114.026170601558,6.85747790620286,0.0139607097246986,-0.0216330286444417,0.00129565699740784,0.0257792178198537,1
212,2206,379549.000401957,1334568349.0004,-2399704.53499744,5383205.8179972,2429700.78100242,22.5395058001193,114.026170796151,6.8389851005521,0.00632414709589337,-0.00696192321313365,0.00604707388981609,0.0111816954861488,1
213,2206,379550.000403872,1334568350.0004,-2399704.55999683,5383205.82199583,2429700.79899962,22.5395059023506,114.026171002294,6.85865812217272,0.00781130346634878,-0.0103539641454877,-0.000959425621119651,0.0130054424335314,1
214,2206,379551.000405785,1334568351.00041,-2399704.57599288,5383205.78298696,2429700.77499869,22.5395058029557,114.026171298723,6.8225658414639,0.0174723952817051,-0.0320993134530966,-0.00320789888432591,0.0366870704239567,1
215,2206,379552.000407701,1334568352.00041,-2399704.616991,5383205.77298578,2429700.78999665,22.5395059018855,114.026171702331,6.83529543294624,0.0220083194520043,-0.0347927955705808,-0.00808687338813649,0.0419559563103195,1
216,2206,379553.000409617,1334568353.00041,-2399704.65499522,5383205.80899628,2429700.88199914,22.5395065018252,114.02617189724,6.91523168282845,0.0116040299744475,-0.00900841048058111,-0.00199204183117595,0.0148247496333555,1
217,2206,379554.000411532,1334568354.00041,-2399704.69999169,5383205.8579884,2429700.96799732,22.5395070007882,114.026172102851,7.00644703483281,0.0201383495957943,-0.02809105773741,-0.00646107607304029,0.0351625675011161,1
218,2206,379555.000413445,1334568355.00041,-2399704.7319894,5383205.90498534,2429701.00299534,22.5395070990089,114.026172200943,7.07154163448458,0.02559136569624,-0.0353555210500537,-0.0112391471127773,0.0450693831191656,1
219,2206,379556.000415358,1334568356.00042,-2399704.75399269,5383205.95399071,2429701.02599524,22.5395071048946,114.026172202345,7.12997297455287,0.0175393211838909,-0.0222516054964088,-0.0113991737342166,0.0305401849467607,1
220,2206,379557.000417271,1334568357.00042,-2399704.79099285,5383206.01298905,2429701.05399417,22.539507099745,114.026172297351,7.20439015811809,0.0170826623181534,-0.0262041616590439,-0.0140102310647498,0.0342748014526277,1
221,2206,379558.000419185,1334568358.00042,-2399704.82199619,5383206.03199966,2429701.01899467,22.5395067040302,114.026172497385,7.2186702738758,0.00906511360536556,-0.000801933129508322,-0.0127520116647399,0.0156663072521909,1
222,2206,379559.0004211,1334568359.00042,-2399704.83799498,5383206.04099596,2429700.97699076,22.5395063027028,114.026172603831,7.21617493752573,0.0118694125089585,-0.00959451127870722,-0.0219969402740005,0.0267731765280664,1
223,2206,379560.000423015,1334568360.00042,-2399704.85799523,5383206.03699341,2429700.91899165,22.5395058034242,114.026172797256,7.19808734622594,0.0112302469811889,-0.0155241186938435,-0.0197467399114905,0.0275145497075838,1
224,2206,379561.000424932,1334568361.00042,-2399704.88999629,5383206.05799687,2429700.89598943,22.5395055000666,114.026172998261,7.21902261107127,0.00872307714175802,-0.00738625719665629,-0.024940210517916,0.027434703768661,1
225,2206,379562.00042685,1334568362.00043,-2399704.89199828,5383206.03700241,2429700.82798863,22.5395049964562,114.026173099134,7.17599859684457,0.00400558894318341,0.0056463159969417,-0.0265872760792225,0.027473785258531,1
226,2206,379563.000428765,1334568363.00043,-2399704.90799939,5383206.04600387,2429700.84699209,22.5395051039453,114.02617320558,7.19689385485117,0.00139113368935613,0.00900726738709164,-0.0184261374277339,0.0205569613325988,1
227,2206,379564.000430681,1334568364.00043,-2399704.92699853,5383206.03999987,2429700.84699272,22.539505096156,114.026173398038,7.19897385974064,0.00342663168660196,-0.00033305120496829,-0.0168816827873348,0.0172291596299109,1
228,2206,379565.000432599,1334568365.00043,-2399704.91399572,5383206.01099143,2429700.84599368,22.5395051978626,114.026173397403,7.16922983572675,0.00986293080713251,-0.0198675290514892,-0.0146271888873583,0.0265697340871999,1
229,2206,379566.000434514,1334568366.00043,-2399704.92399781,5383205.95699291,2429700.81599507,22.5395051042827,114.026173699941,7.11593930578303,0.00502336939371769,-0.0163645047371661,-0.0113128217796861,0.0205185572586722,1
230,2206,379567.000436429,1334568367.00044,-2399704.93699799,5383205.90999223,2429700.82399624,22.5395053012926,114.026174001401,7.08424563994424,0.00459863149874711,-0.0178690442317402,-0.00862241245396963,0.0203665448700443,1
231,2206,379568.000438341,1334568368.00044,-2399704.94400006,5383205.85100116,2429700.8029962,22.5395053027785,114.026174297063,7.02906459941308,-0.000150204539128652,0.00259279909633603,-0.00865218203640858,0.00903357197063748,1
232,2206,379569.000440255,1334568369.00044,-2399704.95699949,5383205.80399666,2429700.81099627,22.5395054997924,114.026174598532,6.99736700443211,0.00114823217832302,-0.00766932884813767,-0.00850479525096631,0.0115094997448661,1
233,2206,379570.000442169,1334568370.00044,-2399704.95799972,5383205.73099499,2429700.78399855,22.539505504009,114.026174896358,6.92581067492068,0.000613192915098076,-0.0113813138403819,-0.00327661766956535,0.0118594491287287,1
234,2206,379571.000444084,1334568371.00044,-2399704.96800083,5383205.67599853,2429700.78800008,22.5395056971661,114.026175202837,6.88471086180982,-0.00189513078417797,-0.00336432489505107,0.000188234795192167,0.00386595848745436,1
235,2206,379572.000446002,1334568372.00045,-2399704.99300005,5383205.6309957,2429700.79899887,22.5395058959504,114.026175602929,6.86036390363828,-0.000105406830271385,-0.00969991534735558,-0.0025481039856922,0.0100295713900262,1
236,2206,379573.000447919,1334568373.00045,-2399704.98999962,5383205.57499803,2429700.79000113,22.5395060021755,114.02617579793,6.80854732030026,0.000843219136529041,-0.00447259711874369,0.00251585119348042,0.00520044716601756,1
237,2206,379574.000449834,1334568374.00045,-2399704.99100418,5383205.52500384,2429700.78300266,22.5395061004506,114.02617600473,6.76406768199545,-0.00929634759012456,0.00847026956340674,0.00592348431391282,0.0139016262145966,1
238,2206,379575.000451749,1334568375.00045,-2399704.99800263,5383205.49000034,2429700.79500253,22.5395063013402,114.026176205415,6.74177056656967,-0.00581029364028472,0.000719768125480397,0.00560356437974787,0.00810416634199778,1
239,2206,379576.000453664,1334568376.00045,-2399704.99800099,5383205.46599777,2429700.79800277,22.5395064022529,114.026176300404,6.72267159777932,-0.00217236907221357,-0.00492284425086092,0.00611740571466614,0.00814716119774087,1
240,2206,379577.00045558,1334568377.00046,-2399704.99500019,5383205.45899485,2429700.818004,22.5395065954442,114.026176301478,6.72330240565579,-0.000415757677512965,-0.0113135625449409,0.00878008590386645,0.0143268789477672,1
241,2206,379578.000457495,1334568378.00046,-2399704.99000371,5383205.44800273,2429700.82600464,22.5395067039687,114.026176300621,6.71521739495457,-0.008085469883609,0.00595225080154711,0.010140401101606,0.0142699631164456,1
242,2206,379579.000459408,1334568379.00046,-2399704.97900624,5383205.44801177,2429700.83600503,22.5395068028485,114.026176202939,6.7149227377298,-0.0135465724728665,0.0255679750171741,0.0109313199716757,0.0309309671456394,1
243,2206,379580.000461321,1334568380.00046,-2399704.96000826,5383205.43201401,2429700.83800671,22.5395068968975,114.026176097575,6.69505016028148,-0.017856741443395,0.0303248624902965,0.0145101065722721,0.0380657811264966,1
244,2206,379581.000463235,1334568381.00046,-2399704.94400471,5383205.42100828,2429700.83100496,22.5395068958498,114.026175999041,6.67706369386078,-0.0101671946648608,0.0178450064489157,0.0107684400511903,0.0231899849860041,1
245,2206,379582.000465151,1334568382.00047,-2399704.9540028,5383205.41699944,2429700.88000581,22.539507303128,114.026176103681,6.69622470723378,-0.00601675577239879,-0.00119453192994847,0.0125352836191326,0.0139557010561438,1
246,2206,379583.000467068,1334568383.00047,-2399704.95700006,5383205.42499327,2429700.91900506,22.5395075989062,114.026176098654,6.7190445856146,-0.000135403755826653,-0.0143934579989661,0.0108979489433052,0.0180542310419464,1
247,2206,379584.000468983,1334568384.00047,-2399704.96000172,5383205.43099696,2429700.97000625,22.5395080010731,114.026176101543,6.74478783860411,-0.00367185967370525,-0.00646320343469891,0.0133234552094467,0.0152568021164273,1
248,2206,379585.000470897,1334568385.00047,-2399704.96500328,5383205.44200276,2429700.98700671,22.5395081010215,114.02617610239,6.76246973780695,-0.00696666348123495,0.00590435234565499,0.0142801697662685,0.016950487463075,1
249,2206,379586.000472811,1334568386.00047,-2399704.96600224,5383205.47000038,2429701.02200565,22.5395083030071,114.026176000444,6.79987980121732,-0.00474349467657321,0.000848470292350213,0.0119812656398946,0.0129139989901423,1
250,2206,379587.000474725,1334568387.00047,-2399704.97600052,5383205.49299532,2429701.05600598,22.5395084997968,114.026175998203,6.83607108271337,-0.00108659158765754,-0.00988353724398829,0.012500294407457,0.0159725498905081,1
251,2206,379588.000476647,1334568388.00048,-2399704.97500304,5383205.46500213,2429700.99700593,22.5395080976124,114.026176100145,6.78946519084293,-0.00637294203866196,0.00443241481895881,0.0123671782777688,0.0146016365490169,1
252,2206,379589.000478563,1334568389.00048,-2399704.97700302,5383205.44500088,2429700.95400754,22.5395077993989,114.026176197069,6.75686221276263,-0.00630285035908292,0.00181093708451152,0.015681626087063,0.0169976119648469,1
253,2206,379590.000480476,1334568390.00048,-2399704.98300037,5383205.43199846,2429700.91400672,22.5395074984254,114.026176301784,6.73281566301144,-0.000773863403494916,-0.00322706363903795,0.0138908549829236,0.0142817595713653,1
254,2206,379591.00048239,1334568391.00048,-2399704.9880045,5383205.41900535,2429700.86200642,22.53950709874,114.026176397644,6.70380381086801,-0.00933136443989568,0.0110662897152974,0.0132552023561355,0.0196274685039907,1
255,2206,379592.000484305,1334568392.00048,-2399704.99800476,5383205.41700592,2429700.8390088,22.5395068991541,114.02617649435,6.69706228440665,-0.00981431724364805,0.0122111529504554,0.018124180731829,0.0239566067409052,1
256,2206,379593.000486221,1334568393.00049,-2399704.99699877,5383205.41399603,2429700.82600616,22.5395068016387,114.026176497331,6.68916067655148,0.00251232803605951,-0.00815556688460539,0.0126388793941854,0.0152501257604915,1
257,2206,379594.000488135,1334568394.00049,-2399705.0089982,5383205.41499238,2429700.81600575,22.5395066981679,114.026176599931,6.69068026657271,0.00368557637787828,-0.0156164448266232,0.0117086928028271,0.01986329049808,1
258,2206,379595.000490049,1334568395.00049,-2399705.00099782,5383205.39799391,2429700.77300523,22.5395064045372,114.026176596176,6.65684892815047,0.00445184632610206,-0.0124386810194787,0.0105510179469719,0.0169075042786596,1
259,2206,379596.000491963,1334568396.00049,-2399704.99300044,5383205.37899983,2429700.70400641,22.539505900371,114.026176600347,6.61136955207503,-0.000884705188831193,-0.000318606284902845,0.0130460438646608,0.0130798881399872,1
260,2206,379597.000493879,1334568397.00049,-2399704.97999794,5383205.39999541,2429700.733007,22.5395060941979,114.026176401796,6.63530815597151,0.00416930523656846,-0.00927776666794677,0.0141684362223155,0.0174414633986476,1
261,2206,379598.000495795,1334568398.0005,-2399704.97099671,5383205.40599383,2429700.74600515,22.5395061963312,114.026176298131,6.64196589095397,0.00663931084815119,-0.0124569300342185,0.0103568864831248,0.017507731207673,1
262,2206,379599.000497709,1334568399.0005,-2399704.96499785,5383205.39100007,2429700.74000449,22.5395062021414,114.026176304214,6.62476119753006,0.00431476393330932,0.000125723931935043,0.0089584778086477,0.00994421032336311,1
263,2206,379600.000499622,1334568400.0005,-2399704.95799823,5383205.37699851,2429700.70900509,22.5395059977214,114.026176297483,6.59843464211928,0.0035571144347741,-0.00293105934223699,0.0102307964048655,0.0112211125583697,1
264,2206,379601.000501536,1334568401.0005,-2399704.94799535,5383205.40499206,2429700.74200379,22.5395061985423,114.026176097867,6.63093725491082,0.00928231704958497,-0.0157805977910324,0.00756747276939094,0.0198104851168977,1
265,2206,379601.999503448,1334568401.9995,-2399704.93800278,5383205.4339989,2429700.75099576,22.5395061959154,114.026175894332,6.65509628740126,0.00561001241236269,0.00227064741353844,0.00854122512224281,0.0104680755410106,1
266,2206,379602.999505362,1334568402.99951,-2399704.93600227,5383205.4529978,2429700.72199744,22.5395058968053,114.026175801371,6.65925568498967,0.00459152205190416,0.00446233561044366,0.00512293821967755,0.00819993962514291,1
267,2206,379603.999507279,1334568403.99951,-2399704.93400792,5383205.49900928,2429700.75199739,22.5395060043624,114.026175601547,6.70882025411,0.0160692372644962,-0.0187544559614154,0.00533733589690513,0.0252673140469607,1
268,2206,379604.999509198,1334568404.99951,-2399704.93001202,5383205.56602209,2429700.81200083,22.5395062985885,114.026175300826,6.78684965610889,0.0244611566529788,-0.0448614108680563,-0.00159937921049108,0.0511219364239373,1
269,2206,379605.999511113,1334568405.99951,-2399704.93701005,5383205.60701534,2429700.82899959,22.5395063009004,114.026175200708,6.83057887948054,0.0205222809743398,-0.0312649814825576,0.000871309193351594,0.0374088527384206,1
270,2206,379606.999513029,1334568406.99951,-2399704.94401081,5383205.67401586,2429700.90300254,22.5395066964309,114.026174997676,6.91809954647606,0.0221604487359895,-0.0324175468896145,-0.00510433086624507,0.0395984472942169,1
271,2206,379607.999514943,1334568407.99952,-2399704.96001029,5383205.73401474,2429701.00100151,22.5395073015556,114.026174902257,7.0122958499577,0.0211628052803134,-0.030261429278907,-0.00295988576664946,0.0370456387863182,1
272,2206,379608.999516859,1334568408.99952,-2399704.97501046,5383205.76901754,2429701.10100261,22.5395080038155,114.026174896901,7.08579729444959,0.0215958459552451,-0.0362015331178736,-0.00525274324651817,0.042479676013607,1
273,2206,379609.999518774,1334568409.99952,-2399704.99400729,5383205.78600928,2429701.18200366,22.5395085989153,114.02617499832,7.1383245906387,0.0150886988097659,-0.0192258194096565,-0.00748178682351313,0.025559305503418,1
274,2206,379610.99952069,1334568410.99952,-2399705.0100048,5383205.79600256,2429701.26100329,22.5395092036756,114.026175100808,7.18305294960378,0.00998206563791798,-0.00532152960667674,-0.00673948492541034,0.013167420735067,1
275,2206,379611.999522605,1334568411.99952,-2399705.0280019,5383205.78599844,2429701.33200278,22.539509802116,114.026175300202,7.20859695992038,0.00393764689013901,0.00326304958384187,-0.005703763062914,0.00766064414366665,1
276,2206,379612.999524521,1334568412.99952,-2399705.04700335,5383205.77900055,2429701.39200536,22.539510297916,114.026175496614,7.23283938160748,0.00701249840506902,-0.00117572968532755,-0.0111807463844111,0.013250153353323,1
277,2206,379613.999526436,1334568413.99953,-2399705.05800297,5383205.77600088,2429701.45300745,22.5395108006891,114.026175606153,7.25782867027211,0.00624854713383341,-0.00185266416593546,-0.0156261979864277,0.016930882118381,1
278,2206,379614.999528351,1334568414.99953,-2399705.07200402,5383205.75800212,2429701.49700859,22.5395112048558,114.026175801709,7.26477672538521,0.00849824224686539,-0.00450659522299963,-0.0181232070966766,0.0205178009849837,1
279,2206,379615.999530267,1334568415.99953,-2399705.08500453,5383205.73800674,2429701.52700888,22.5395114999703,114.026175996283,7.26429737733078,0.00960971254409394,-0.014355205999932,-0.0188388080009435,0.0255601095728679,1
280,2206,379616.999532181,1334568416.99953,-2399705.08300408,5383205.70700688,2429701.55101137,22.5395118009933,114.02617610122,7.24659448078836,0.00871116914732693,-0.0147198916800317,-0.0242302114795938,0.0296591103597368,1
281,2206,379617.999534096,1334568417.99953,-2399705.08500465,5383205.6870013,2429701.55601689,22.5395119031725,114.026176198167,7.23238895344453,0.00995743733644502,-0.00279831059283346,-0.0361942097095554,0.0376430859120565,1
282,2206,379618.999536008,1334568418.99954,-2399705.08700237,5383205.64100308,2429701.56300908,22.5395121041041,114.026176397968,7.19701668617062,0.00510212705860577,-0.00670116424448237,-0.0195145266422777,0.0212545066474349,1
283,2206,379619.999537923,1334568419.99954,-2399705.0900008,5383205.62100068,2429701.59100736,22.5395123966395,114.026176503762,7.19200268407756,0.0017205457270668,-0.00148673667675254,-0.0158719243300843,0.0160339840802232,1
284,2206,379620.999539837,1334568420.99954,-2399705.09000192,5383205.62200205,2429701.62800556,22.5395127020578,114.026176499808,7.20703002833894,0.00417332836720293,-0.00445832659777215,-0.0120065733833838,0.0134703804743402,1
285,2206,379621.999541752,1334568421.99954,-2399705.0900025,5383205.6210056,2429701.6630055,22.5395129971267,114.026176503758,7.2196058378606,0.0054426607901892,-0.0122166482807221,-0.011928733818203,0.017921041883704,1
286,2206,379622.999543667,1334568422.99954,-2399705.09300114,5383205.62800256,2429701.70300509,22.539513304398,114.026176502688,7.24196873573808,0.00249420270004622,-0.00559445065646917,-0.0110811834362154,0.012661419809944,1
287,2206,379623.999545579,1334568423.99955,-2399705.09599844,5383205.63599649,2429701.7300033,22.5395135000804,114.026176497661,7.26018846823705,-0.00344517776608652,0.00773195303358379,-0.00722247660031265,0.0111272869916951,1
288,2206,379624.999547493,1334568424.99955,-2399705.09699766,5383205.63799697,2429701.76700186,22.5395138009362,114.026176498615,7.27643412965998,-0.00516577145799908,0.0066843426836975,-0.0040508171036633,0.00936881801919054,1
289,2206,379625.99954941,1334568425.99955,-2399705.10399781,5383205.62899731,2429701.80000102,22.5395140947555,114.026176596391,7.28412376090654,-0.00486888612007757,0.00595663735906581,-0.00222104951000714,0.00800753655025099,1
290,2206,379626.999551328,1334568426.99955,-2399705.10199823,5383205.62399713,2429701.83500102,22.539514405302,114.026176598427,7.29256991833075,-0.00393320434549566,0.00637462714159615,-0.0022177372812935,0.0078118068503157,1
291,2206,379627.999553244,1334568427.99955,-2399705.09999685,5383205.59299515,2429701.846001,22.5395145978849,114.026176703365,7.26988075310401,-0.00703431238472803,0.01080770119092,-0.0022132222896265,0.0130838185810356,1
292,2206,379628.99955516,1334568428.99956,-2399705.1019971,5383205.54799679,2429701.85400068,22.5395148040549,114.026176899231,7.23573910617487,-0.00651630954769397,0.00713512461853376,-0.00152541095526557,0.00978259536246994,1
293,2206,379629.999557074,1334568429.99956,-2399705.0999975,5383205.49199876,2429701.85599718,22.5395150005688,114.02617710312,7.18851290040934,-0.00564041226253134,0.00271580282125171,0.00637309573138322,0.00893343073273687,1
294,2206,379630.999558989,1334568430.99956,-2399705.09599424,5383205.40699252,2429701.8229981,22.5395149997364,114.026177404034,7.10264757799596,-0.0130495564785002,0.0168226474200782,0.00425468555762991,0.0217116268321868,1
295,2206,379631.999560903,1334568431.99956,-2399705.11099416,5383205.33999019,2429701.81199766,22.5395150986813,114.026177802418,7.04754896300393,-0.0133024934135305,0.0222316318533535,0.00530607591232953,0.0264453441548312,1
296,2206,379632.999562816,1334568432.99956,-2399705.11899848,5383205.33299983,2429701.89499727,22.5395158017646,114.026177901157,7.07647745596319,-0.00346724149286815,0.000363677705661414,0.00635355458161987,0.00724718434049284,1
297,2206,379633.999564731,1334568433.99956,-2399705.12899741,5383205.3310006,2429701.95599552,22.5395163027531,114.026177997851,7.10193293092928,-0.0059685163955528,-0.00137912070632092,0.0103652247503147,0.0120400600501461,1
298,2206,379634.99956665,1334568434.99957,-2399705.14999947,5383205.32700734,2429702.00499564,22.5395166944672,114.026178200134,7.12524489851134,-0.0012526133352984,-0.0169246445261882,0.0101221503753947,0.0197603279509147,1
299,2206,379635.999568566,1334568435.99957,-2399705.16299929,5383205.33000582,2429702.06899459,22.539517200453,114.026178303692,7.15719513905289,-0.00166983526834279,-0.0134676997785275,0.0126133541097495,0.0185273848409829,1
300,2206,379636.999570479,1334568436.99957,-2399705.1699966,5383205.34700185,2429702.15999358,22.5395178958394,114.02617829855,7.2090460208107,-0.00791854622788287,-0.00428509310700767,0.0150454229448198,0.0175336861180801,1
301,2206,379637.999572394,1334568437.99957,-2399705.17499834,5383205.33300257,2429702.20399373,22.5395183000365,114.02617839837,7.21598341070834,-0.00389061113516776,-0.00602929615779271,0.0146960220824385,0.0163542756553443,1
302,2206,379638.999574309,1334568438.99957,-2399705.16999819,5383205.32100324,2429702.26999352,22.5395188954962,114.026178401468,7.22927961199881,-0.00424909354669872,-0.00762081155991952,0.0152914207544491,0.0176056557245107,1
303,2206,379639.999576224,1334568439.99958,-2399705.15399702,5383205.28499852,2429702.30199295,22.539519298774,114.026178401902,7.20515503221843,-0.00699429358985425,0.00344487663846126,0.0166471940858781,0.0183825022455646,1
304,2206,379640.999578139,1334568440.99958,-2399705.13599662,5383205.2450007,2429702.33199191,22.539519700809,114.02617840039,7.1761432596392,-0.00797311442955178,-0.00171821563489969,0.0191809399717647,0.0208430150620101,1
305,2206,379641.999580053,1334568441.99958,-2399705.12999666,5383205.20699973,2429702.38899294,22.5395203048301,114.026178497526,7.16367927008453,-0.00793382549384234,0.000588817704104191,0.0168631567484768,0.0186455986436238,1
306,2206,379642.999581966,1334568442.99958,-2399705.10999505,5383205.16199709,2429702.40399171,22.5395206003988,114.026178498054,7.12394301775904,-0.0118141768295146,0.00690076818842761,0.0198208374557173,0.0240844550113848,1
307,2206,379643.999583882,1334568443.99958,-2399705.10099782,5383205.14100328,2429702.44299275,22.5395210047441,114.026178501262,7.11779925794854,-0.00520862811577118,-0.00791717168041912,0.0174436163175998,0.0198517295090696,1
308,2206,379644.999585794,1334568444.99959,-2399705.07899828,5383205.11600223,2429702.46499248,22.5395212982833,114.026178404883,7.09686848899802,-0.00410918850179699,-0.00541721675297349,0.0181685368147914,0.0193991597107304,1
309,2206,379645.999587707,1334568445.99959,-2399705.04699575,5383205.09699448,2429702.47599272,22.5395214952301,114.026178195966,7.07301562775842,-0.0102662556288092,0.013364635100595,0.0176523126711652,0.0244051965500934,1
310,2206,379646.999589618,1334568446.99959,-2399705.02799802,5383205.07799958,2429702.47799329,22.5395215987452,114.026178102468,7.05061435958647,-0.00478970310474452,0.00100266346465351,0.0163440488694442,0.0170609062860603,1
311,2206,379647.999591535,1334568447.99959,-2399705.01199818,5383205.06899992,2429702.49599346,22.53952179988,114.026177996026,7.04390535173158,-0.004426409160277,0.000195321111327979,0.0160017732975435,0.0166038548854382,1
312,2206,379648.999593453,1334568448.99959,-2399704.99700059,5383205.03400331,2429702.47999432,22.5395217982209,114.02617800138,7.00260976018527,0.00146041630627906,-0.00817559077009533,0.013936414436796,0.0162233395939877,1
313,2206,379649.999595368,1334568449.9996,-2399704.97800205,5383204.99100758,2429702.43699404,22.539521602286,114.026178002872,6.94271150710649,0.0050868341266407,-0.0187644235954608,0.0146564496620655,0.0243472994600737,1
314,2206,379650.999597283,1334568450.9996,-2399704.96900109,5383204.99700441,2429702.48499443,22.5395219963624,114.026177899216,6.96278509010607,0.00272006221084986,-0.0109369039725771,0.0138666845261911,0.0178689548291212,1
315,2206,379651.999599198,1334568451.9996,-2399704.96200191,5383204.9810033,2429702.48999507,22.5395220985242,114.026177900403,6.94857143950708,0.00476566377491359,-0.00823535004770581,0.0123021763835113,0.0155523659098799,1
316,2206,379652.999601113,1334568452.9996,-2399704.95299925,5383204.93600126,2429702.44799389,22.5395219031777,114.026177998589,6.89112263544814,-0.00188246239670244,-0.00319489458134571,0.0152526655649405,0.015696968589407,1
317,2206,379653.99960303,1334568453.9996,-2399704.96199989,5383204.88100174,2429702.40399636,22.5395216974152,114.026178296198,6.83124500008587,-0.000285509270906608,-0.00443704241334436,0.00910452395115493,0.0101321871922475,1
318,2206,379654.999604944,1334568454.9996,-2399704.95700095,5383204.81800216,2429702.34399544,22.5395214031991,114.026178501168,6.75321954559797,0.00241322825401032,-0.00553235864919559,0.0114558589249887,0.0129486434246421,1
319,2206,379655.999606858,1334568455.99961,-2399704.9650039,5383204.76001072,2429702.33499621,22.5395215002076,114.02617880176,6.70385832833472,0.00990754006400823,-0.0273088635174064,0.00961039716470844,0.0305989070130895,1
320,2206,379656.999608774,1334568456.99961,-2399704.99900812,5383204.76201826,2429702.41299768,22.5395220965123,114.026179095738,6.74823885983655,0.020704046036368,-0.0466153572632,0.00600728883960645,0.0513588996596916,1
321,2206,379657.999610691,1334568457.99961,-2399705.0070081,5383204.75301627,2429702.47099782,22.5395225974522,114.026179202401,6.76588591548678,0.0207672235461736,-0.0417450686968179,0.00564928414858301,0.0469664001783214,1
322,2206,379658.999612606,1334568458.99961,-2399705.03100615,5383204.7830119,2429702.56999797,22.5395232945127,114.026179296755,6.83816337230906,0.0158210449468945,-0.0306456526775956,0.00534325984109822,0.0349000274638426,1
323,2206,379659.999614522,1334568459.99961,-2399705.03300313,5383204.81300228,2429702.66599886,22.5395239975819,114.026179195783,6.90101313888861,0.00810616728335205,-0.00586774721897758,0.00307204168568782,0.0104679437125975,1
324,2206,379660.999616439,1334568460.99962,-2399705.06400554,5383204.85600867,2429702.78399837,22.5395248021012,114.026179300832,6.99418324234351,0.0143878867959174,-0.0225372756638571,0.0043771945589411,0.027094278233746,1
325,2206,379661.999618354,1334568461.99962,-2399705.08700807,5383204.90701342,2429702.90300022,22.5395256009675,114.026179303192,7.09147654521876,0.021101845699913,-0.0350845336261716,-0.00044161682432169,0.0409439545858534,1
326,2206,379662.999620269,1334568462.99962,-2399705.09800534,5383204.93300824,2429702.97500031,22.5395261038041,114.026179297948,7.14514027289764,0.0140208334987956,-0.0216495548386608,-0.000721289850678802,0.025803241187142,1
327,2206,379663.999622185,1334568463.99962,-2399705.12000539,5383204.98100653,2429703.0920009,22.539526896897,114.026179303307,7.23875323578023,0.0142315936023833,-0.0172217257891175,-0.00223845764042846,0.0224529906299127,1
328,2206,379664.999624099,1334568464.99962,-2399705.13500451,5383205.01700642,2429703.19200194,22.5395275960051,114.026179293995,7.3130954216231,0.0119561372821682,-0.0170171841420414,-0.00504361378856148,0.0214002760468729,1
329,2206,379665.999626013,1334568465.99963,-2399705.15800428,5383205.04300777,2429703.29000202,22.5395282987597,114.026179395296,7.38124458520562,0.0113985509639929,-0.0207300719162178,-0.00527323486581906,0.0242377773667553,1
330,2206,379666.999627924,1334568466.99963,-2399705.15200665,5383205.05301216,2429703.32900451,22.5395286008854,114.026179302445,7.40237925169074,0.0178526429069344,-0.0326424797678882,-0.01206941413128,0.0391141803139456,1
331,2206,379667.999629837,1334568467.99963,-2399705.14600452,5383205.06600378,2429703.38100458,22.5395290019801,114.02617919773,7.43101446600193,0.0122080571780385,-0.0101657074456218,-0.0122985893265089,0.0200906338216181,1
332,2206,379668.999631751,1334568468.99963,-2399705.13900013,5383205.09999665,2429703.42800431,22.5395292963839,114.026179000992,7.47507255564927,0.000346249167174861,0.00913021473334124,-0.0116503378865927,0.0148057786838271,1
333,2206,379669.999633665,1334568469.99963,-2399705.13400197,5383205.13999992,2429703.47900583,22.5395296023348,114.026178798278,7.52648938978087,0.00539307933209589,0.0002695395614567,-0.0158530611042964,0.0167474625729997,1
334,2206,379670.999635579,1334568470.99964,-2399705.12700144,5383205.17499874,2429703.52700606,22.5395299018975,114.026178597593,7.57178105265756,0.00395555411343715,0.00349094032577689,-0.0165535517567102,0.0173739215050762,1
335,2206,379671.999637493,1334568471.99964,-2399705.12700115,5383205.22599811,2429703.5700077,22.5395300993157,114.026178395732,7.63128706468178,0.00316212684153375,0.0052710230720907,-0.0211760394221035,0.0220501105665015,1
336,2206,379672.999639404,1334568472.99964,-2399705.12800087,5383205.27799663,2429703.62600744,22.5395304005769,114.026178198795,7.6969944546305,0.00241471719472333,0.00939706942255445,-0.0205365251392211,0.0227130939692649,1
337,2206,379673.999641318,1334568473.99964,-2399705.13000258,5383205.33200313,2429703.68301014,22.539530702443,114.026178002808,7.76515702365858,0.00718728036570673,-0.00866946222460279,-0.0281911123491227,0.0303571307899799,1
338,2206,379674.999643233,1334568474.99964,-2399705.17400113,5383205.43199991,2429703.81200823,22.5395314001985,114.026177997679,7.91550704924255,0.00311924424408369,0.000357894004589418,-0.0228997172573048,0.0231139529989415,1
339,2206,379675.999645149,1334568475.99965,-2399705.17799902,5383205.46499171,2429703.86100435,22.539531698912,114.026177902593,7.963623348084,-0.00275165811959351,0.0233867605855862,-0.012200897202129,0.026521200682314,1
340,2206,379676.999647063,1334568476.99965,-2399705.188997,5383205.48999153,2429703.89600315,22.5395318962817,114.026177901293,8.00226461282761,-0.00851297181536478,0.0239907310025206,-0.00886321934250106,0.026955194680762,1
341,2206,379677.999648979,1334568477.99965,-2399705.20100078,5383205.54300088,2429704.00200271,22.539532595865,114.026177798061,8.09212881794424,0.00221082509990981,-0.00245540625279667,-0.00760115196156346,0.00828820116982233,1
342,2206,379678.999650896,1334568478.99965,-2399705.20300052,5383205.59799943,2429704.0480025,22.5395328028268,114.026177598129,8.15690988555628,0.00147851095457386,0.00169263377280305,-0.00712006094656616,0.00746634258619606,1
343,2206,379679.999652813,1334568479.99965,-2399705.19499923,5383205.62999911,2429704.09500177,22.5395331049334,114.026177400429,8.19891146866101,-0.00220711875801509,0.00259911621457776,-0.0050483173207633,0.0060919853972233,1
344,2206,379680.99965473,1334568480.99965,-2399705.18599999,5383205.66100081,2429704.1170018,22.5395332030939,114.026177197818,8.23011315315452,-1.32068660938494e-05,-0.00231535184963299,-0.00517140616984366,0.00566608068971913,1
345,2206,379681.999656647,1334568481.99966,-2399705.19099872,5383205.69599628,2429704.17900133,22.5395336025178,114.026177103688,8.28528058146005,-0.0037248546346462,0.0108592511029354,-0.00380235470795743,0.0120936255064796,1
346,2206,379682.999658562,1334568482.99966,-2399705.20599821,5383205.75699765,2429704.26400063,22.5395340974573,114.026176995422,8.3749635061748,-0.00526047363288299,0.00694960122773889,-0.00175542621854543,0.00889106637449096,1
347,2206,379683.999660476,1334568483.99966,-2399705.2309984,5383205.81199724,2429704.36100049,22.5395346973689,114.026176999708,8.46794424289271,-0.00474311243183397,0.00818851149462936,-0.00135055428527953,0.00955891379374153,1
348,2206,379684.999662393,1334568484.99966,-2399705.25999937,5383205.85200109,2429704.45299992,22.539535297346,114.02617709887,8.54786241999476,-0.0018849779830661,-0.00317882047211343,0.000344104930065389,0.00371166401947519,1
349,2206,379685.999664311,1334568485.99966,-2399705.26399764,5383205.860998,2429704.51699882,22.5395357970531,114.026177098761,8.58148782507875,-0.007035297469059,0.00597602128985596,0.00357401223525863,0.00989857587700059,1
350,2206,379686.999666226,1334568486.99967,-2399705.27300131,5383205.85600458,2429704.56499905,22.5395362004997,114.026177198469,8.59906077399339,0.00391591569721248,-0.013733951077255,0.00287914208630629,0.0145686398504888,1
351,2206,379687.999668139,1334568487.99967,-2399705.27299962,5383205.85600159,2429704.61299945,22.5395366008618,114.026177198466,8.61745716350322,-0.0011447981724659,-0.00478708215005168,0.00171242610338674,0.0052114414058478,1
352,2206,379688.99967005,1334568488.99967,-2399705.27599916,5383205.83700055,2429704.6659979,22.5395370987451,114.026177300306,8.62287141825771,-0.00255757266138594,-0.00166721194586365,0.00640382982543432,0.00709435057096993,1
353,2206,379689.999671964,1334568489.99967,-2399705.26899889,5383205.82200154,2429704.70699683,22.5395374979862,114.026177297517,8.62330164023489,-0.00336225936678732,-0.00471555959120278,0.00968338798789571,0.0112831419928961,1
354,2206,379690.999673878,1334568490.99967,-2399705.27599976,5383205.81200266,2429704.76499777,22.5395380034924,114.026177399254,8.6397323256333,-0.000755104703297419,-0.00815984217940432,0.00687759447418429,0.0106983416124677,1
355,2206,379691.999675794,1334568491.99968,-2399705.26799986,5383205.79500208,2429704.79299725,22.5395383020478,114.026177395512,8.63311515459033,-0.000410671722855669,-0.00642920880653637,0.00850858513767425,0.0106723661006849,1
356,2206,379692.999677709,1334568492.99968,-2399705.25899865,5383205.77400093,2429704.81899593,22.5395385979749,114.026177398714,8.62197963267736,-0.00417508043726004,-0.00289549260689103,0.0126452098230366,0.0136277843233144,1
357,2206,379693.999679625,1334568493.99968,-2399705.26299783,5383205.75699986,2429704.84999576,22.5395389046453,114.026177501514,8.6210244419791,-0.00676813108996183,0.00042319374933715,0.0132608795935046,0.0148942142791693,1
358,2206,379694.99968154,1334568494.99968,-2399705.25399922,5383205.73700215,2429704.87599688,22.5395391974167,114.026177500767,8.61073733118172,-0.00244931398153974,-0.00676049130668575,0.0098052398016718,0.0121591985449794,1
359,2206,379695.999683454,1334568495.99968,-2399705.26100038,5383205.72700318,2429704.93399509,22.5395397028999,114.026177602507,8.6271670119791,0.00118411278135809,-0.0100562169842046,0.0155594583299263,0.0185641150242367,1
360,2206,379696.999685368,1334568496.99969,-2399705.26899913,5383205.69600116,2429704.97099585,22.5395400982502,114.026177796236,8.61820505474849,-0.00276506785507755,-0.00369685302541684,0.0132004991803391,0.0139844735741053,1
361,2206,379697.999687279,1334568497.99969,-2399705.29599933,5383205.68100082,2429705.02999477,22.5395405997062,114.026178095344,8.63831991719128,-0.00216948520453553,-0.00262785189561941,0.0167760136751504,0.0171186128663173,1
362,2206,379698.999689193,1334568498.99969,-2399705.33500061,5383205.69200369,2429705.10099611,22.5395411021431,114.026178398087,8.68948473237568,0.00193948397758879,-0.0118478780085415,0.012584398651005,0.0173925530274317,1
363,2206,379699.999691109,1334568499.99969,-2399705.37300115,5383205.70100337,2429705.17099544,22.5395416039665,114.026178699873,8.7381992512171,0.00369986713335667,-0.0108895829162612,0.0148122891591056,0.018753024903401,1
364,2206,379700.999693024,1334568500.99969,-2399705.3700002,5383205.69500422,2429705.21599531,22.5395420024871,114.026178696973,8.74925928512793,0.000657269281207251,-0.0137368764144169,0.0153038755400584,0.020575285735041,1
365,2206,379701.99969494,1334568501.99969,-2399705.37699884,5383205.68599966,2429705.24899472,22.5395422963259,114.026178794755,8.75694433263947,-0.00379209357579512,0.0011097764105041,0.0173340903974136,0.0177787026319303,1
366,2206,379702.999696859,1334568502.9997,-2399705.39699496,5383205.6549902,2429705.24099412,22.5395422994544,114.026179095038,8.73523779411354,-0.0166345594973138,0.0322762646632484,0.0193620557253767,0.0411503952860033,1
367,2206,379703.999698777,1334568503.9997,-2399705.42199626,5383205.68499384,2429705.32899441,22.5395429033302,114.026179198269,8.80368282930285,-0.0124172962058072,0.0204519337925549,0.0186302469709507,0.0303241973202329,1
368,2206,379704.999700693,1334568504.9997,-2399705.4509971,5383205.72499424,2429705.41999439,22.5395434949824,114.026179297444,8.88321495308078,-0.0096952524485942,0.0192554377132849,0.0187921651099472,0.0285992180153878,1
369,2206,379705.999702609,1334568505.9997,-2399705.47499981,5383205.75200105,2429705.48299553,22.5395439012334,114.02617940367,8.93917365775455,-0.000650157051608671,-0.00349423631085611,0.0150876317641057,0.0155006136600173,1
370,2206,379706.999704524,1334568506.9997,-2399705.4980032,5383205.75300792,2429705.49899715,22.5395439990923,114.026179603932,8.95480731112001,0.0108040571852922,-0.0267764413093624,0.00966400604747314,0.0304482918033572,1
371,2206,379707.999706439,1334568507.99971,-2399705.50400392,5383205.76701023,2429705.56499658,22.5395444968375,114.026179601791,8.99417511856416,0.0133240396430377,-0.034793507004967,0.0116876922796611,0.0390476671894491,1
372,2206,379708.999708353,1334568508.99971,-2399705.52600344,5383205.79300702,2429705.65099786,22.5395451009391,114.026179694229,9.05734491682309,0.0117796584269013,-0.0240098236991263,0.00740360703587037,0.0277496915993526,1
373,2206,379709.999710267,1334568509.99971,-2399705.55200143,5383205.77400323,2429705.68399676,22.5395453996101,114.026180000283,9.06373927333215,0.00491563015453158,-0.0111629288474443,0.0112111777532388,0.0165669824314496,1
374,2206,379710.999712181,1334568510.99971,-2399705.56400282,5383205.80000491,2429705.77999765,22.5395461011897,114.026180003928,9.12698641889519,0.00977371535740416,-0.0170202521807744,0.00825439253355314,0.0212920053607614,1
375,2206,379711.999714095,1334568511.99971,-2399705.5770017,5383205.80600171,2429705.85599752,22.5395466977914,114.026180095609,9.16606590421597,0.00592635451632845,-0.00597719429136426,0.00874232291762622,0.0121357628291746,1
376,2206,379712.999716008,1334568512.99972,-2399705.58900049,5383205.80599832,2429705.88199729,22.5395468977441,114.02618020216,9.18054148681962,0.0017117045432017,0.00592326623746461,0.00956044137180753,0.0113761616807636,1
377,2206,379713.999717922,1334568513.99972,-2399705.59700153,5383205.84899997,2429705.97199779,22.5395475011677,114.026180102999,9.25432527135525,0.00541865785705462,0.000147808539395969,0.00791037881967345,0.0095894626234673,1
378,2206,379714.999719836,1334568514.99972,-2399705.60900401,5383205.87600556,2429706.03199914,22.5395478993154,114.026180102679,9.30462034639297,0.0142974964881967,-0.0198133906869715,0.00312671874863747,0.0246326049470544,1
379,2206,379715.999721752,1334568515.99972,-2399705.60600615,5383205.87101106,2429706.01800011,22.5395478025715,114.02618009583,9.2939135399731,0.0220733317223142,-0.0397071951269158,-0.000422636705256886,0.0454320585044847,1
380,2206,379716.999723667,1334568516.99972,-2399705.59400421,5383205.89400537,2429706.04899916,22.5395480053369,114.026179898252,9.32068059001412,0.0152409599439894,-0.0193922358708938,0.00308189131358344,0.0248564624626154,1
381,2206,379717.999725582,1334568517.99973,-2399705.57200319,5383205.89400512,2429706.05699921,22.5395481030703,114.026179702905,9.31547339965609,0.011616989621959,-0.0186268487688878,0.0028850141687856,0.0221413018969032,1
382,2206,379718.999727498,1334568518.99973,-2399705.55600508,5383205.88300671,2429706.02600016,22.5395479018409,114.02617960439,9.28829648903548,0.018639315094659,-0.0246027099936954,-0.000624836325660393,0.0308724444556263,1
383,2206,379719.999729413,1334568519.99973,-2399705.54500227,5383205.88400377,2429706.04800005,22.539548097687,114.026179502749,9.29343297763548,0.0084026241049224,-0.0139102146108104,-0.000171881534409662,0.0162520062032137,1
384,2206,379720.999731335,1334568520.99973,-2399705.52400347,5383205.86300515,2429706.03700138,22.5395481019365,114.026179399414,9.2636060009099,0.0129423937735603,-0.0191802091579976,-0.00513403547589144,0.0237011455461997,1
385,2206,379721.999733244,1334568521.99973,-2399705.52000316,5383205.82800774,2429705.98700145,22.5395478011953,114.026179502417,9.2134120818132,0.0118236766665536,-0.029024127993439,-0.00548914042381779,0.0318171337220549,1
386,2206,379722.999735163,1334568522.99974,-2399705.49600344,5383205.82500576,2429705.9930019,22.539547894558,114.026179301205,9.20415455188586,0.0130037904899614,-0.0217286352545156,-0.00717548047458505,0.0263195683317895,1
387,2206,379723.999737078,1334568523.99974,-2399705.47100155,5383205.79500089,2429705.96600202,22.5395477994646,114.026179197974,9.15909099034562,0.00590793147805742,-0.00340190748455884,-0.0077153639012342,0.0102957986096945,1
388,2206,379724.999738993,1334568524.99974,-2399705.44900129,5383205.77100034,2429705.90500346,22.5395473975894,114.026179097628,9.10718899006832,0.00497130247070978,-0.00130340894558242,-0.0133040228285757,0.0142621788853588,1
389,2206,379725.99974091,1334568525.99974,-2399705.41000028,5383205.75999742,2429705.87100272,22.539547203758,114.026178794888,9.07020733758203,0.00109064307267549,0.0099348096974158,-0.0105088504590808,0.0145026164538391,1
390,2206,379726.999742825,1334568526.99974,-2399705.36200105,5383205.75199728,2429705.776005,22.5395465043659,114.026178400366,9.00899356723187,0.00409876347748772,0.0105811650357184,-0.0195171370106072,0.0225760836428356,1
391,2206,379727.999744741,1334568527.99974,-2399705.31700105,5383205.72699983,2429705.67400538,22.5395457960858,114.026178099752,8.93188489037534,0.00413526636645424,0.000643973288612276,-0.0211234219274316,0.0215340215343598,1
392,2206,379728.999746656,1334568528.99975,-2399705.26100182,5383205.72900095,2429705.58200671,22.5395451013623,114.026177594613,8.87724929307803,0.00722589558623053,-0.00375279678058322,-0.0265550435655216,0.0277753017889313,1
393,2206,379729.99974857,1334568529.99975,-2399705.21800095,5383205.73199963,2429705.50400711,22.5395445019254,114.026177200938,8.83370943900475,0.00378969619631681,0.00145690688814225,-0.0283064819655386,0.0285961762514931,1
394,2206,379730.999750483,1334568530.99975,-2399705.18299989,5383205.72999729,2429705.44900544,22.5395440988408,114.026176898088,8.79777470917258,-0.00041732018478387,0.0108602759726868,-0.0218299438270491,0.0243857785980203,1
395,2206,379731.999752395,1334568531.99975,-2399705.14300029,5383205.74099881,2429705.39900363,22.5395437033893,114.026176499386,8.77284677912855,0.00120962844270977,0.00479213977174674,-0.0146698715592289,0.0154800819159862,1
396,2206,379732.999754308,1334568532.99975,-2399705.10799992,5383205.7379998,2429705.3680031,22.5395435036378,114.026176200487,8.74527166217034,-0.000317254079415273,0.000819362592992704,-0.0126427749414007,0.0126732696423856,1
397,2206,379733.999756219,1334568533.99976,-2399705.08999938,5383205.748998,2429705.3450031,22.5395433024023,114.026175997129,8.73896411804287,-0.00252686751216934,0.0081972783563196,-0.0127193635566613,0.0153415332076546,1
398,2206,379734.999758132,1334568534.99976,-2399705.06800011,5383205.74899904,2429705.34100201,22.5395433000328,114.026175801792,8.72915838857382,0.000454829724536775,0.00395750090887594,-0.00830415625734716,0.00921019514823188,1
399,2206,379735.999760053,1334568535.99976,-2399705.06300001,5383205.73800061,2429705.32400179,22.5395432000612,114.026175800929,8.71148334301758,3.74494456632636e-05,-0.00253977102654109,-0.00747161997049834,0.00789157426067751,1
400,2206,379736.999761974,1334568536.99976,-2399705.04700043,5383205.70200212,2429705.28300114,22.5395429944553,114.026175801352,8.65938217235011,0.00179888439799617,-0.00894185340754986,-0.00480728790489778,0.0103103222277503,1
401,2206,379737.999763888,1334568537.99976,-2399705.02099984,5383205.64399963,2429705.22100163,22.5395426973704,114.02617580007,8.57690836030754,-0.000679778857693711,0.00152771244662536,-0.0069277277243268,0.00712666935092036,1
402,2206,379738.999765804,1334568538.99977,-2399705.0069983,5383205.56199677,2429705.11600027,22.5395421005948,114.026176000322,8.46221679740634,-0.0072437911392407,0.0137249875753913,-0.0012420864931777,0.0155688976125518,1
403,2206,379739.999767717,1334568539.99977,-2399705.01599679,5383205.58299394,2429705.18499891,22.539542597015,114.026175997112,8.50976239035495,-0.0138210887341727,0.0260992313864419,0.00474333380902071,0.029911395627498,1
404,2206,379740.999769632,1334568540.99977,-2399705.04399839,5383205.61899753,2429705.25199978,22.5395430025459,114.026176103234,8.57634770327836,-0.00698955463951974,0.0107371047457032,0.000995001224674878,0.0128502653597557,1
405,2206,379741.999771546,1334568541.99977,-2399705.07299873,5383205.6589994,2429705.33199955,22.5395435024462,114.026176202399,8.65166426373368,-0.00556521139562075,0.00263690702645016,0.00202407289520784,0.00648241680464966,1
406,2206,379742.999773461,1334568542.99977,-2399705.11800002,5383205.73400284,2429705.47599959,22.5395444029321,114.026176305099,8.78705774919654,7.13989632504415e-05,-0.0124602194542258,0.00190175043278476,0.01260471425174,1
407,2206,379743.999775375,1334568543.99978,-2399705.15899986,5383205.82600133,2429705.61299949,22.5395451969406,114.026176305002,8.93260008595562,-0.000666336026443072,-0.00586127423591944,0.00234306835460827,0.00634732295406147,1
408,2206,379744.999777293,1334568544.99978,-2399705.21399931,5383205.89999954,2429705.73499873,22.5395459030143,114.026176500454,9.06247205108974,-0.00315316329119425,0.00210296178958195,0.00576809110917549,0.00690186656442487,1
409,2206,379745.999779212,1334568545.99978,-2399705.24999971,5383205.95600153,2429705.8699986,22.5395468011944,114.026176598443,9.17500128856268,-0.00132190351869109,-0.006880843296403,0.00640977120841275,0.00949624137891298,1
410,2206,379746.999781129,1334568546.99978,-2399705.28200012,5383206.00200134,2429705.98799862,22.5395475948467,114.026176700506,9.27107214833941,0.000508070306162103,-0.00607714464649659,0.00638569379013158,0.00882988718341129,1
411,2206,379747.999783042,1334568547.99978,-2399705.29999818,5383205.99299807,2429706.04799754,22.5395480983702,114.026176895947,9.29324414081339,-0.00837423075640673,0.00890782430684596,0.0113570906700046,0.0166871382546526,1
412,2206,379748.999784953,1334568548.99978,-2399705.3259996,5383205.99899912,2429706.13899726,22.5395488017401,114.026177103061,9.34296661979844,-0.00185215345504507,0.00409161920423312,0.0127876660633789,0.013553457989826,1
413,2206,379749.999786866,1334568549.99979,-2399705.34199928,5383206.011001,2429706.20599794,22.5395493000686,114.026177197619,9.38479082347916,-0.0033989406521154,-0.00467567717715561,0.0096915285594642,0.0112845239350398,1
414,2206,379750.99978878,1334568550.99979,-2399705.36500125,5383206.01100282,2429706.25799807,22.5395497013547,114.026177401846,9.41337507803401,0.00591278936483655,-0.0133242176459308,0.00915154081321067,0.0172118143495949,1
415,2206,379751.999790694,1334568551.99979,-2399705.382999,5383206.0269998,2429706.30299703,22.5395500007294,114.026177498332,9.45088718588653,-0.00481009792453403,0.000943707682178224,0.0141907992629513,0.0150135408866259,1
416,2206,379752.999792609,1334568552.99979,-2399705.42499929,5383206.0939984,2429706.41899769,22.5395506972222,114.026177606069,9.56766657097641,-0.00346757734771793,0.00774895198857218,0.0111944284132463,0.0140493977480496,1
417,2206,379753.999794524,1334568553.99979,-2399705.45899906,5383206.1449994,2429706.51599738,22.5395512970902,114.026177706089,9.66065840800145,-0.00460060664565385,0.00292712487324915,0.0127906326572889,0.0139044570302236,1
418,2206,379754.999796441,1334568554.9998,-2399705.47099907,5383206.17399941,2429706.54199742,22.5395514053458,114.026177697854,9.69960161160007,-0.00457293409243259,0.00290168032472922,0.0127022990966624,0.0138086884700077,1
419,2206,379755.999798352,1334568555.9998,-2399705.50400024,5383206.24800152,2429706.6589969,22.53955210071,114.026177697967,9.81928783290412,0.0011634886770205,-0.00751527671015543,0.0154421963944839,0.0172132077027372,1
420,2206,379756.999800263,1334568556.9998,-2399705.52400036,5383206.31700275,2429706.7599972,22.5395526967663,114.026177602438,9.92373342973235,0.00176233753906886,-0.0137389785271518,0.0140455867832134,0.0197267299027469,1
421,2206,379757.999802177,1334568557.9998,-2399705.51900004,5383206.35600154,2429706.80999759,22.5395529975457,114.02617740368,9.97391833860323,0.000202089025463304,-0.00775225426673896,0.0122081665795962,0.0144629740173159,1
422,2206,379758.999804092,1334568558.9998,-2399705.53000056,5383206.40700173,2429706.89099714,22.5395534963805,114.026177299493,10.0521273535003,0.00285275181793846,-0.00881984149214785,0.0146305205215588,0.0173199286260977,1
423,2206,379759.999806007,1334568559.99981,-2399705.52800048,5383206.45300156,2429706.9689971,22.539554004329,114.026177099664,10.1200793615475,0.00249123160653944,-0.00798298700201283,0.0150083546858707,0.0171809495304719,1
424,2206,379760.999807922,1334568560.99981,-2399705.50600042,5383206.45500047,2429706.96499755,22.539553995657,114.026176896413,10.1119593186699,0.00221288174378457,-0.00244980873853959,0.0127534815743391,0.0131738263513076,1
425,2206,379761.999809837,1334568561.99981,-2399705.46800132,5383206.47100296,2429706.97699764,22.5395540987057,114.02617649568,10.1157690936701,0.00698309587937616,-0.0155504630105495,0.012407934876136,0.0210840550130534,1
426,2206,379762.999811752,1334568562.99981,-2399705.43200064,5383206.46400144,2429706.96799719,22.5395540965113,114.026176203741,10.0928744156997,0.00344078519996129,-0.00763534459999915,0.0149087367066522,0.0170999391853097,1
427,2206,379763.999813671,1334568563.99981,-2399705.40200026,5383206.47299966,2429706.99099709,22.5395543021761,114.026175901752,10.097999845189,0.00141057073228598,0.00182946752019616,0.0156223687295451,0.0157922470193479,1
428,2206,379764.999815589,1334568564.99982,-2399705.36200102,5383206.48600227,2429706.98899784,22.5395543007658,114.026175495132,10.0931605459655,0.00554524124307155,-0.01232768180208,0.011694665623856,0.0178741892994059,1
429,2206,379765.999817504,1334568565.99982,-2399705.33900188,5383206.50900241,2429707.01799807,22.5395545023408,114.026175199887,10.1150307879421,0.0103028211508642,-0.0132133049362114,0.0105810759969773,0.0198166273683948,1
430,2206,379766.999819421,1334568566.99982,-2399705.3230018,5383206.54900314,2429707.05399837,22.5395546986866,114.026174899496,10.1565578999865,0.00997107519062775,-0.0173806304305248,0.00905668926693922,0.0219893673191734,1
431,2206,379767.999821338,1334568567.99982,-2399705.31000174,5383206.57100259,2429707.10799818,22.5395550978434,114.026174696994,10.1909270222334,0.00975325929052087,-0.0144632380072806,0.0102253663633029,0.0202205202135638,1
432,2206,379768.999823253,1334568568.99982,-2399705.29100245,5383206.60400331,2429707.1659986,22.5395555040409,114.02617439768,10.2338542263853,0.0138398144048783,-0.0186972896900174,0.00793039202678083,0.0245768228665207,1
433,2206,379769.999825167,1334568569.99983,-2399705.2930032,5383206.65800416,2429707.23399909,22.5395558976533,114.026174201706,10.3062273641707,0.0182722628328333,-0.0237616389526807,0.00525974555696592,0.0304328112088534,1
434,2206,379770.999827081,1334568570.99983,-2399705.2850038,5383206.6650064,2429707.27099932,22.5395561953917,114.026174102964,10.3233091732651,0.0219650204840285,-0.0369818444930205,0.00393998160140851,0.0431930828025644,1
435,2206,379771.999828993,1334568571.99983,-2399705.27900223,5383206.67700374,2429707.31099939,22.539556499542,114.02617400219,10.3465060027517,0.0130318957360139,-0.0218490678563009,0.0036111852085194,0.0256953834622838,1
436,2206,379772.999830908,1334568572.99983,-2399705.28000256,5383206.6810045,2429707.36099994,22.5395569025159,114.026173995236,10.3694234594303,0.0151267614600713,-0.0265710066106271,0.000399661879348346,0.0305777212066186,1
437,2206,379773.999832822,1334568573.99983,-2399705.28200078,5383206.68300092,2429707.39799939,22.5395572019838,114.026174005077,10.3860417389664,0.00463323884487777,-0.00548973802228951,0.00365965113198443,0.00806208237088225,1
438,2206,379774.999834738,1334568574.99983,-2399705.30400164,5383206.70800245,2429707.48300031,22.5395578008863,114.026174101465,10.44798900335,0.00988344443186414,-0.0148337314441645,-0.00181405836083278,0.0179168320339241,1
439,2206,379775.999836653,1334568575.99984,-2399705.32300122,5383206.75000194,2429707.58600005,22.5395585003981,114.026174103927,10.5300463096702,0.00746901514532927,-0.0118491575946195,-0.000263309819951142,0.0140092132186133,1
440,2206,379776.999838568,1334568576.99984,-2399705.37600103,5383206.81900193,2429707.7170002,22.5395593001647,114.026174301407,10.6584000933371,0.00636844232928233,-0.011881604832313,-0.00116090023321199,0.0135306053243789,1
441,2206,379777.99984048,1334568577.99984,-2399705.39400219,5383206.86000374,2429707.81900126,22.5395599959082,114.026174298953,10.7388574924694,0.0137097493416247,-0.0233914516788736,-0.00785904746533155,0.0282290960839626,1
442,2206,379778.999842392,1334568578.99984,-2399705.41200134,5383206.87600223,2429707.87600158,22.5395603953741,114.026174395444,10.7809717795637,0.00847681507061902,-0.0141321763084041,-0.00999120862755558,0.0192717163426777,1
443,2206,379779.999844304,1334568579.99984,-2399705.44900179,5383206.90700363,2429707.96700201,22.5395610042066,114.026174601267,10.8559208825735,0.0114623982944146,-0.0233089040210096,-0.0128673473294005,0.0289872421698903,1
444,2206,379780.999846217,1334568580.99985,-2399705.4379996,5383206.88199722,2429707.94300171,22.5395608985975,114.026174602555,10.8214884180915,-0.00259083889915065,0.0180837326649011,-0.0111129283513617,0.0213829607360502,1
445,2206,379781.99984813,1334568581.99985,-2399705.40899856,5383206.84299602,2429707.88800187,22.5395606040481,114.026174499423,10.7565987428144,-0.00947097783921586,0.0261752106506681,-0.0123090712360686,0.0304360692030423,1
446,2206,379782.999850044,1334568582.99985,-2399705.39399976,5383206.80999798,2429707.82500196,22.5395602040596,114.026174496857,10.6989722826985,-0.00161481659775542,0.013439995873067,-0.0130633958355754,0.018812055508885,1
447,2206,379783.999851959,1334568583.99985,-2399705.35800037,5383206.77899938,2429707.77100255,22.5395599024166,114.026174299911,10.6385852771529,0.00253542191594984,0.0041721030438184,-0.0172686413338179,0.0179454947442571,1
448,2206,379784.999853874,1334568584.99985,-2399705.3250001,5383206.72999879,2429707.67500257,22.5395593031538,114.026174200848,10.5480400410693,0.000715888847547487,0.00823168443205315,-0.0176175509972102,0.0194589626797076,1
449,2206,379785.999855789,1334568585.99986,-2399705.28399982,5383206.68899782,2429707.59200274,22.5395587983027,114.02617399909,10.4662180213848,-0.00124314013753756,0.0151032611063247,-0.0189990402099533,0.0243026217175596,1
450,2206,379786.999857704,1334568586.99986,-2399705.24600023,5383206.65299841,2429707.51200329,22.5395582984344,114.026173804179,10.3908938193518,0.00161029351161452,0.0111542618878682,-0.0231401386350748,0.0257386211656176,1
451,2206,379787.99985962,1334568587.99986,-2399705.21000001,5383206.62300002,2429707.44700214,22.5395579018695,114.026173603267,10.3271330757239,0.000101165553955505,-0.000188332562613561,-0.0152702463088366,0.0152717427281888,1
452,2206,379788.999861536,1334568588.99986,-2399705.17800052,5383206.60200048,2429707.39700132,22.5395575963264,114.02617340226,10.2782181211054,0.00376714102742074,-0.00349913354273471,-0.00956391305414387,0.0108583479396081,1
453,2206,379789.999863455,1334568589.99986,-2399705.15200095,5383206.59400146,2429707.3660019,22.5395573997068,114.02617320307,10.2498102429717,0.00698753210487429,-0.0107256316749396,-0.0139205784406011,0.0189115648179637,1
454,2206,379790.999865374,1334568590.99987,-2399705.1300005,5383206.57199979,2429707.33000103,22.539557200007,114.026173094812,10.2091765479209,0.00370300895337221,0.00153289341122081,-0.00763650088278877,0.008624278709072,1
455,2206,379791.99986729,1334568591.99987,-2399705.11299915,5383206.55799778,2429707.29800088,22.5395570013381,114.026172999277,10.1787048008666,-0.0063643666518668,0.0167484247238091,-0.0066604311680615,0.01911481720951,1
456,2206,379792.999869205,1334568592.99987,-2399705.10000014,5383206.55399998,2429707.29400058,22.5395569989333,114.026172899682,10.1689105669283,0.00105250839819576,0.000112821440176381,-0.00446017099581689,0.0045840623815086,1
457,2206,379793.99987112,1334568593.99987,-2399705.082999,5383206.54099806,2429707.28600021,22.5395569972737,114.026172800191,10.14848219092,-0.00778582999150804,0.0150297780359021,-0.00164329392519489,0.0170062868195775,1
458,2206,379794.999873034,1334568594.99987,-2399705.06499925,5383206.52699769,2429707.27800051,22.5395570001838,114.026172695785,10.1268362614743,-0.00588822360042447,0.0181392941224429,-0.0040302598541764,0.0194922590512561,1
459,2206,379795.999874949,1334568595.99987,-2399705.0599992,5383206.51499881,2429707.28399982,22.5395570952041,114.026172698882,10.1171334647716,-0.00642307488110393,0.00949723840162356,0.00145047285490706,0.011556699342302,1
460,2206,379796.999876864,1334568596.99988,-2399705.05099979,5383206.49500105,2429707.28699983,22.5395571961346,114.026172698128,10.0980292065631,-0.00167713135526885,-0.00851069834118068,0.00139570668480341,0.00878594064328951,1
461,2206,379797.999878779,1334568597.99988,-2399705.03500007,5383206.48400106,2429707.30499949,22.5395574035891,114.026172599605,10.0896326006918,0.000620486697192113,-0.00873549370216387,0.00417611124388141,0.00970225536064732,1
462,2206,379798.999880696,1334568598.99988,-2399705.01999951,5383206.47599977,2429707.32299944,22.5395576001571,114.026172498084,10.0841415132742,-0.00413956183419094,0.00194160048776856,0.00469710417777391,0.00655504174586665,1
463,2206,379799.999882611,1334568599.99988,-2399705.00199948,5383206.46099912,2429707.32599907,22.5395576979706,114.026172397635,10.0658679304944,-0.00440993604752666,0.00745739660005601,0.00790829171292131,0.0117303613674286,1
464,2206,379800.999884524,1334568600.99988,-2399704.98900015,5383206.45700119,2429707.33499935,22.5395578039988,114.026172298037,10.061056853686,0.00130636127195291,-0.0102773509211307,0.00563109579591887,0.0117915122690747,1
465,2206,379801.999886438,1334568601.99989,-2399704.96900006,5383206.4360007,2429707.32299929,22.5395577984946,114.026172203577,10.0312200165429,0.000563088720851589,-0.00615514834058922,0.00622666951303765,0.00877350176536148,1
466,2206,379802.999888352,1334568602.99989,-2399704.94600048,5383206.41100217,2429707.30999885,22.5395578015143,114.026172098309,9.99649901598994,0.00427789135109837,-0.0193974988723833,0.0103202444013903,0.0223846099233456,1
467,2206,379803.999890267,1334568603.99989,-2399704.91600048,5383206.39400214,2429707.29799911,22.5395577974584,114.026171899225,9.9662765633214,0.00434533905619791,-0.0195325204523618,0.00809068386457818,0.0215838016144468,1
468,2206,379804.999892182,1334568604.99989,-2399704.88900079,5383206.3590023,2429707.28099867,22.5395578043738,114.026171798026,9.92008099397052,0.00732492935318794,-0.0213232289671053,0.0123210982467965,0.0256932704344932,1
469,2206,379805.999894097,1334568605.99989,-2399704.85400064,5383206.32900247,2429707.26299864,22.5395577984195,114.026171606,9.87471163388802,0.00603509615591812,-0.0233266713238663,0.0128599519508462,0.0273117986379685,1
470,2206,379806.999896013,1334568606.9999,-2399704.83800035,5383206.29600206,2429707.24799893,22.5395578001985,114.02617159455,9.83510605901196,0.00335848984667557,-0.0198054420952283,0.0103186254076633,0.0225833793073875,1
471,2206,379807.999897927,1334568607.9999,-2399704.81600034,5383206.27000151,2429707.22199875,22.5395576965524,114.026171502123,9.79493258220262,0.00330904675282153,-0.0147715198805194,0.0122285328468205,0.0194598202863929,1
472,2206,379808.999899842,1334568608.9999,-2399704.78599988,5383206.22900047,2429707.20199831,22.5395577016488,114.026171398033,9.74139603522263,-0.00119718412609484,-0.00466237421402911,0.016830198130675,0.0175050436235159,1
473,2206,379809.999901757,1334568609.9999,-2399704.76699954,5383206.18599993,2429707.1829983,22.5395577059077,114.026171399527,9.69069284539374,-0.0046835760075499,0.000687355551928634,0.017282808681682,0.0179193699052418,1
474,2206,379810.999903673,1334568610.9999,-2399704.75400018,5383206.15700112,2429707.16899837,22.5395576991444,114.026171398884,9.65597473536995,0.00189324055789885,-0.0116104621191105,0.0169210671200679,0.0206084861867925,1
475,2206,379811.999905589,1334568611.99991,-2399704.74100001,5383206.1270014,2429707.15499839,22.5395576955463,114.026171402196,9.62041194358403,6.06356232921385e-05,-0.0148659839153505,0.0170784063696196,0.0226422860722175,1
476,2206,379812.999907504,1334568612.99991,-2399704.73100053,5383206.10500187,2429707.1459985,22.5395577041291,114.026171400486,9.59464311369033,0.00574165940314929,-0.0202426708531728,0.0162457997366003,0.0265830469482599,1
477,2206,379813.999909418,1334568613.99991,-2399704.72299983,5383206.0860005,2429707.11299859,22.5395575002424,114.026171404656,9.56295544266617,-0.00190441426227074,-0.00554784221829821,0.0155179732227486,0.0165895400751019,1
478,2206,379814.999911331,1334568614.99991,-2399704.70199947,5383206.06399924,2429707.10099828,22.5395574993099,114.026171305276,9.53189809779115,-0.00602098846628053,0.00861144766796801,0.0194310350535293,0.0220901438723409,1
479,2206,379815.999913244,1334568615.99991,-2399704.6890001,5383206.06100045,2429707.09799869,22.5395575020936,114.026171201723,9.52333008180865,0.00121511260317336,-0.00516658801896566,0.0151509665992567,0.0160537197959819,1
480,2206,379816.999915156,1334568616.99992,-2399704.68000073,5383206.04100142,2429707.07699882,22.5395574028556,114.026171200975,9.49502510669529,0.00854889124187173,-0.0167217908440235,0.0138544782822275,0.0233377033782104,1
481,2206,379817.999917069,1334568617.99992,-2399704.65600076,5383206.01200212,2429707.06099869,22.539557394915,114.026171102659,9.45540305294393,0.0092275298902714,-0.0255984873343008,0.0157917703593543,0.0314612439799,1
482,2206,379818.999918984,1334568618.99992,-2399704.65300099,5383206.00600222,2429707.05899899,22.5395574014336,114.026171099772,9.44844698096319,0.012234854785443,-0.0274450368880881,0.0124192000134126,0.0325139700802985,1
483,2206,379819.9999209,1334568619.99992,-2399704.64900053,5383205.997001,2429707.06699893,22.539557502254,114.02617109988,9.44241577190183,0.00672889293118145,-0.0126394972385783,0.0135560434838629,0.0197180426376381,1
484,2206,379820.999922817,1334568620.99992,-2399704.63300075,5383205.96000149,2429707.03799902,22.5395573999064,114.026171104263,9.39407019853773,0.00967895906604365,-0.0192581777321404,0.0127030349280984,0.0250185282250844,1
485,2206,379821.999924731,1334568621.99992,-2399704.62800097,5383205.9240018,2429706.99999922,22.5395572038304,114.026171202359,9.34725480956116,0.0128421907535969,-0.0239095037870346,0.0104003442020787,0.0290646416495319,1
486,2206,379822.999926643,1334568622.99993,-2399704.62800116,5383205.90000225,2429706.99099907,22.5395572046411,114.026171297352,9.32355909545744,0.0158753865967062,-0.0307134909460499,0.0127314773035518,0.0368434110801216,1
487,2206,379823.999928553,1334568623.99993,-2399704.63300109,5383205.91000192,2429707.01899936,22.5395573995174,114.026171302167,9.34460808740186,0.0152540558593426,-0.0268542035961727,0.00889691377427655,0.032140154723516,1
488,2206,379824.999930464,1334568624.99993,-2399704.65200049,5383205.87800075,2429706.98599932,22.5395571986767,114.026171597526,9.31210730802361,0.00700813549667827,-0.0108425745712963,0.00984629512441775,0.0162365302374324,1
489,2206,379825.999932379,1334568625.99993,-2399704.65000103,5383205.87300197,2429706.9959996,22.5395573007069,114.026171599558,9.31097178625057,0.0151612498132107,-0.0291009594672083,0.0058932079756209,0.0333385548285255,1
490,2206,379826.999934293,1334568626.99993,-2399704.65500065,5383205.85800145,2429706.99099959,22.5395572993835,114.026171703323,9.29828097750364,0.0098555746599307,-0.0221197791471627,0.00618343117807921,0.0249930350804131,1
491,2206,379827.999936281,1334568627.99994,-2399704.6430003,5383205.8070002,2429706.89799978,22.5395567018722,114.026171798637,9.21509511648449,0.00465073877229754,-0.00307576463603259,0.00343088658335167,0.00654680700588026,1
492,2206,379828.999938486,1334568628.99994,-2399704.64300035,5383205.8060011,2429706.89699981,22.5395566966906,114.026171802592,9.2138689948798,0.00574885697393435,-0.0178085016030758,0.00310145300304637,0.0189686872656917,1
493,2206,379829.99994042,1334568629.99994,-2399704.63100034,5383205.78000061,2429706.86200003,22.5395565038888,114.026171798955,9.17400637361435,0.00567648286610475,-0.0102775295343688,-0.000534828907755391,0.0117531320514821,1
494,2206,379830.999942331,1334568630.99994,-2399704.62100015,5383205.73300062,2429706.75800014,22.5395557991613,114.026171896192,9.09073155782364,0.0026242114324745,-0.010806634904362,-0.00240467948979761,0.0113777118546375,1
495,2206,379831.999944266,1334568631.99994,-2399704.62499995,5383205.73999933,2429706.74899992,22.53955569633,114.026171904005,9.09468978286716,-0.000952779948608652,0.0119593434423495,0.00144261982307222,0.0120836599238997,1
496,2206,379832.999946181,1334568632.99995,-2399704.60300022,5383205.71600062,2429706.68900039,22.5395553027808,114.026171803657,9.04317247709992,0.00404558448954612,-0.0115237890178056,-0.00723170292911254,0.0141937308148312,1
497,2206,379833.9999481,1334568633.99995,-2399704.57500032,5383205.65500047,2429706.57700029,22.5395546009584,114.026171796487,8.93825172620569,0.00619030632204703,-0.00897463410648712,-0.00555644875874809,0.0122367508969779,1
498,2206,379834.999950015,1334568634.99995,-2399704.54800005,5383205.64299987,2429706.5320005,22.5395543016296,114.02617160425,8.90072519260888,0.00102539464319715,0.00262499405805363,-0.0100137367244933,0.0104027376765244,1
499,2206,379835.999951931,1334568635.99995,-2399704.54099966,5383205.65399864,2429706.53500083,22.5395543017463,114.02617149856,8.90852124073688,-0.00716488151230344,0.0283580616440241,-0.0172660379813914,0.0339651476497081,1
500,2206,379836.999953845,1334568636.99995,-2399704.53699988,5383205.67099951,2429706.52900035,22.5395542035859,114.026171395756,8.91905881346197,-0.0025201979172616,0.0105708055130806,-0.00747520544510818,0.0131898454571735,1
501,2206,379837.999955759,1334568637.99996,-2399704.53799995,5383205.72299935,2429706.58500056,22.5395545048462,114.026171198817,8.98476764167421,-0.00109468031875867,0.0147466415459005,-0.0126171261313547,0.0194384575956548,1
502,2206,379838.999957673,1334568638.99996,-2399704.54699999,5383205.76899956,2429706.63900075,22.5395547971187,114.026171096657,9.0476570000445,-0.000222238195068956,0.0103266893630109,-0.0176878795962133,0.0204829438222539,1
503,2206,379839.999959589,1334568639.99996,-2399704.5560001,5383205.78699984,2429706.63600079,22.539554702503,114.026171105323,9.06507647424236,0.00256578307879479,0.00406561638787201,-0.0194614432189197,0.0200464523440932,1
504,2206,379840.999961504,1334568640.99996,-2399704.56099997,5383205.82499964,2429706.66300082,22.539554800511,114.026170999312,9.10936273320794,-0.000850768984903089,0.00928102856138225,-0.0212321422461316,0.0231876079702679,1
505,2206,379841.99996342,1334568641.99996,-2399704.55100011,5383205.8539998,2429706.68400089,22.5395548980696,114.026170795738,9.13811635021438,0.00307922871077562,0.00538175376707776,-0.0244569469340504,0.0252306792694466,1
506,2206,379842.999965338,1334568642.99997,-2399704.56000013,5383205.84800004,2429706.65900079,22.5395546958393,114.026170899397,9.1268564090849,0.003752647466031,-0.00105733153078384,-0.0226891925198209,0.0230217238748925,1
507,2206,379843.999967253,1334568643.99997,-2399704.54000007,5383205.854,2429706.69400044,22.5395549969739,114.026170698068,9.13781295197039,0.00221358578709019,-4.46739433325293e-05,-0.013373192751861,0.013555229329541,1
508,2206,379844.999969169,1334568644.99997,-2399704.49599997,5383205.80599993,2429706.64500034,22.5395548020558,114.026170497377,9.06199127660469,-0.000956548879422126,0.00215488202265718,-0.0109332999918394,0.0111846122419086,1
509,2206,379845.999971084,1334568645.99997,-2399704.45899976,5383205.72299938,2429706.54700016,22.5395542992421,114.026170497372,8.94049301848222,-0.00840919759836823,0.0213199632872328,-0.00566322719872625,0.0236077864511214,1
510,2206,379846.999972997,1334568646.99997,-2399704.43699997,5383205.67299994,2429706.50000023,22.5395540963212,114.026170499936,8.8720246891089,-0.00102445272589039,0.00229789529935012,-0.00870222778268127,0.00905861990460078,1
511,2206,379847.999974911,1334568647.99997,-2399704.42799989,5383205.62599988,2429706.48100018,22.5395540991306,114.026170606053,8.82170814491951,-0.00435767189410197,0.00485978154293812,-0.00716427768752125,0.00969193766827062,1
512,2206,379848.999976826,1334568648.99998,-2399704.40599988,5383205.5519998,2429706.38900008,22.539553596764,114.026170703611,8.71574345260124,-0.00501055640443103,0.00878102831093814,-0.00341088183597325,0.0106698757527187,1
513,2206,379849.999978741,1334568649.99998,-2399704.37300005,5383205.50400006,2429706.36600005,22.5395536031965,114.02617060059,8.65402512012108,0.00226573297127939,-0.00262338086931362,-0.0024594799667934,0.00425026055550495,1
514,2206,379850.999980655,1334568650.99998,-2399704.34600002,5383205.44400024,2429706.33800005,22.5395535974101,114.026170598339,8.58252326850986,0.00117430053232382,-0.0124578476612337,-0.00275556521732104,0.0128128876432142,1
515,2206,379851.999982571,1334568651.99998,-2399704.34000003,5383205.40600015,2429706.31100004,22.5395535008127,114.026170695472,8.53786067773511,0.00171429997378842,-0.00875968154527215,-0.00252882642085576,0.0092771659595768,1
516,2206,379852.999984488,1334568652.99998,-2399704.34599998,5383205.393,2429706.34299994,22.5395538003551,114.026170800201,8.54141638344644,-0.00119779179821674,0.000228748951883352,0.00354032486129866,0.0037444534178425,1
517,2206,379853.999986403,1334568653.99999,-2399704.35300002,5383205.38400007,2429706.35300001,22.53955390235,114.026170897976,8.5402897316393,0.00112237895027674,-0.00497569740630454,-0.000992216955700829,0.00519632501623121,1
518,2206,379854.999988314,1334568654.99999,-2399704.36099996,5383205.35100003,2429706.35399992,22.5395540037482,114.026171099624,8.51584283038516,-0.00331348274759531,-0.00239428601079725,0.00723170344975615,0.00830718413214287,1
519,2206,379855.999990222,1334568655.99999,-2399704.36599989,5383205.28599986,2429706.31799986,22.5395539019462,114.026171401293,8.44908981844753,-0.0109899896392395,0.0148254176749367,0.0139719558780279,0.0231471041939261,1
520,2206,379856.999992137,1334568656.99999,-2399704.36399995,5383205.28199991,2429706.35199995,22.5395542009909,114.026171399368,8.45799636412769,-0.00602158116421147,0.0110522646234879,0.00629129749408486,0.0140709778332519,1
521,2206,379857.999994076,1334568657.99999,-2399704.33499996,5383205.21699992,2429706.35799993,22.5395544974108,114.02617139915,8.39455720958568,-0.00636340995969187,0.0142749320047437,0.0119010341577634,0.0196443702897144,1
522,2206,379858.99999601,1334568659.0,-2399704.317,5383205.17699999,2429706.36399995,22.5395546992873,114.026171397649,8.35634455431177,0.000218223805607372,0.00196650691107535,0.0115359426981028,0.0117043899881435,1
523,2206,379859.999997929,1334568660.0,-2399704.319,5383205.15699999,2429706.39299997,22.5395550015773,114.026171494569,8.35134112534368,-0.00182378504898743,0.00409094344252141,0.012686249050088,0.0134537327577025,1
524,2206,379860.999999846,1334568661.0,-2399704.32,5383205.106,2429706.386,22.5395551030264,114.026171705309,8.30601071807018,-0.00728838204370065,0.00898160467499696,0.0122151052732558,0.0168225602150679,1
525,2206,379862.000001766,1334568662.0,-2399704.296,5383205.02900001,2429706.38800003,22.5395553969769,114.026171796982,8.23279545917968,-0.00264457286183844,0.00347619887188685,0.0158399296787636,0.0164311014982763,1
526,2206,379863.000003683,1334568663.0,-2399704.25899999,5383204.91999996,2429706.37700005,22.5395557019938,114.026171899887,8.12271330911078,0.00233142099123702,-0.0101421084090444,0.0141681414747057,0.0175793663044624,1
527,2206,379864.000005599,1334568664.00001,-2399704.22399999,5383204.84199999,2429706.38900007,22.5395560980145,114.026171897849,8.04835108532776,0.00203471903744749,-0.00210845869746862,0.011850930476647,0.0122077939367685,1
528,2206,379865.000007514,1334568665.00001,-2399704.20299997,5383204.79299992,2429706.42700007,22.539556599472,114.026171905335,8.01368406139587,0.0037486076804991,-0.0108650636333064,0.00932568033381314,0.014801012836511,1
529,2206,379866.000009431,1334568666.00001,-2399704.18499998,5383204.75499996,2429706.48200017,22.5395572037135,114.026171895918,7.99594132091604,0.00168138371789636,-0.00377329491828265,0.0177772932058166,0.0182509440707246,1
530,2206,379867.000011344,1334568667.00001,-2399704.18100007,5383204.71900012,2429706.53900018,22.5395577985806,114.026172002892,7.98591724304104,-0.00574361457325724,0.0104285536175367,0.0157539492352455,0.0197466644126714,1
531,2206,379868.00001326,1334568668.00001,-2399704.15700003,5383204.66500007,2429706.57500023,22.5395583033936,114.026172003531,7.94513748422175,-0.00232643379131655,0.00521876514103269,0.0175325975878912,0.0184401676229248,1
532,2206,379869.000015175,1334568669.00002,-2399704.1409999,5383204.62899981,2429706.61800021,22.5395587984066,114.026172003956,7.92523382371888,0.00673132392857588,-0.0126442534458332,0.0135630383931515,0.0197267300252217,1
533,2206,379870.00001709,1334568670.00002,-2399704.13099987,5383204.60799974,2429706.68100021,22.5395594043499,114.026171998285,7.92790701295026,0.00785888226091954,-0.0151738607925577,0.0124153400166154,0.021122233534148,1
534,2206,379871.000019004,1334568671.00002,-2399704.12699988,5383204.59799974,2429706.76000025,22.5395601005082,114.02617200235,7.94824926547405,0.00619249000689201,-0.0138944551919587,0.0131842479783729,0.020130256141491,1
535,2206,379872.000020919,1334568672.00002,-2399704.13299994,5383204.58699997,2429706.85300029,22.5395609025014,114.026172099162,7.97687517783204,0.0028833220831511,-0.00155643008023405,0.0140891640195314,0.014465149968082,1
536,2206,379873.000022835,1334568673.00002,-2399704.13199994,5383204.58499992,2429706.93600036,22.5395616025012,114.0261720982,8.0066275847227,0.00265724878762565,-0.00350532020560156,0.0155546455741068,0.0161646292812182,1
537,2206,379874.000024752,1334568674.00002,-2399704.13599981,5383204.5939997,2429707.02400026,22.5395623023786,114.026172098093,8.04945613533847,0.00755294123946197,-0.012028267829573,0.0104147962284267,0.017612328887071,1
538,2206,379875.000026666,1334568675.00003,-2399704.12499989,5383204.59399988,2429707.10600037,22.539563001808,114.026172000424,8.07675211625537,0.00416661388054699,-0.00443549939362054,0.0138657809541233,0.0151424637218685,1
539,2206,379876.000028584,1334568676.00003,-2399704.12799987,5383204.59999978,2429707.19200039,22.5395636958989,114.026172003313,8.11590737750043,0.00453701193678304,-0.00772292471431565,0.0136386703455628,0.0163169044935745,1
540,2206,379877.000030498,1334568677.00003,-2399704.13099968,5383204.6069998,2429707.26800036,22.5395643034221,114.026172002241,8.15207303833757,0.0106137242974345,-0.00661462265568519,0.0119495234434297,0.0172972681907904,1
541,2206,379878.000032413,1334568678.00003,-2399704.12599961,5383204.62199928,2429707.34400029,22.5395648969285,114.026171898477,8.19197858557607,0.0121536555021257,-0.0223578400796574,0.00896820789234369,0.0269817180307738,1
542,2206,379879.000034327,1334568679.00003,-2399704.13299975,5383204.61199961,2429707.40200029,22.5395654024303,114.026172000211,8.20840800708435,0.00723757254043443,-0.0113302481949182,0.00855951915229682,0.0159380785716169,1
543,2206,379880.00003624,1334568680.00004,-2399704.13799972,5383204.59899983,2429707.42200028,22.5395656032949,114.026172096059,8.20698816174245,0.00762836446214301,-0.00484473125741783,0.00770153531418256,0.0118733740579285,1
544,2206,379881.000038154,1334568681.00004,-2399704.14699985,5383204.56799947,2429707.42300023,22.5395656969617,114.026172298673,8.18460431749418,0.00402449821447861,-0.0139572754167082,0.0059280942387525,0.0156889905424064,1
545,2206,379882.000040067,1334568682.00004,-2399704.15099968,5383204.49999937,2429707.36200014,22.5395653975397,114.026172603336,8.10536144968195,0.00810996602304256,-0.015754965126753,0.00347336256771096,0.0180569854230125,1
546,2206,379883.00004199,1334568683.00004,-2399704.16499988,5383204.45599952,2429707.3120002,22.5395650998913,114.026172901798,8.05434227913413,0.00295866913371962,-0.0115741940830662,0.00484908321293578,0.0128929942108606,1
547,2206,379884.000043905,1334568684.00004,-2399704.17900015,5383204.38600045,2429707.26400034,22.539564901124,114.026173303167,7.98215706716008,-0.00350686992955983,0.0103090443928177,0.00773856665107449,0.0133588901787932,1
548,2206,379885.000045812,1334568685.00005,-2399704.18200022,5383204.34400084,2429707.21200021,22.5395645959721,114.026173496042,7.92792192782123,-0.00487044024285555,0.018285761861906,0.00448752866128006,0.0194480895852362,1
549,2206,379886.000047733,1334568686.00005,-2399704.17700023,5383204.3070004,2429707.12600014,22.5395640027113,114.026173598097,7.86186270880248,-0.00482781669207898,0.00836677396151813,0.00289839641999308,0.0100852080961616,1
550,2206,379887.000049647,1334568687.00005,-2399704.17400019,5383204.27400055,2429707.08900003,22.5395638026706,114.026173702074,7.81871317174272,-0.00384314090394462,0.0110740265490532,0.000520610880133059,0.0117334918803066,1
551,2206,379888.000051562,1334568688.00005,-2399704.16700079,5383204.23499962,2429707.09700194,22.5395640025817,114.026173794295,7.78624743029223,-0.0153249399931277,-0.00736751774765893,0.0376617630699555,0.0413224212878734,1
552,2206,379889.000053495,1334568689.00005,-2399704.1609997,5383204.2199996,2429707.01799951,22.5395633995392,114.026173800382,7.74105347293576,0.00556425008453929,-0.00756342539754426,-0.00923397150657704,0.0131693778338914,1
553,2206,379890.000055455,1334568690.00006,-2399704.14200017,5383204.20200052,2429706.95999969,22.5395629994716,114.026173702926,7.69649218247985,-0.00309445239805724,0.00942168946046175,-0.00570268355934132,0.0114396008545403,1
554,2206,379891.000057421,1334568691.00006,-2399704.05599994,5383204.0850003,2429706.73299954,22.539561597279,114.026173402421,7.47843698172878,0.000989593425756499,0.00517241656053749,-0.00800049747908182,0.00957815995569177,1
555,2206,379892.000059358,1334568692.00006,-2399703.96800006,5383203.96500056,2429706.51699932,22.5395602991334,114.026173096034,7.26131594604897,-0.000940928061683299,0.00947586983533085,-0.0114221007216148,0.0148708385657336,1
556,2206,379893.00006128,1334568693.00006,-2399703.94900062,5383203.92100185,2429706.43699948,22.539559797774,114.026173101487,7.18638850657545,-0.0101393629810234,0.0301188041880923,-0.00856826576000039,0.0329144987128103,1
557,2206,379894.000063195,1334568694.00006,-2399703.90500036,5383203.84700189,2429706.25799927,22.5395586007837,114.026173003703,7.03880165598333,-0.00567269315499776,0.0299118535567091,-0.011572349004647,0.0325701963812643,1
558,2206,379895.000065114,1334568695.00007,-2399703.86600018,5383203.7590012,2429706.06199887,22.5395572992201,114.026173005732,6.87476765544213,-0.00276348415469335,0.0185047898735841,-0.0174435223016803,0.0255800813764921,1
559,2206,379896.000067031,1334568696.00007,-2399703.81800021,5383203.72800129,2429705.95799871,22.5395565974599,114.026172702238,6.79070032924054,-0.00308286811830954,0.0192005788996352,-0.0192903492196209,0.0273913102813818,1
560,2206,379897.000068954,1334568697.00007,-2399703.78900007,5383203.68800135,2429705.85399821,22.5395558973736,114.026172603067,6.70618548051901,-0.00106173190105312,0.0195889143102253,-0.0259800175433543,0.0325547868989503,1
561,2206,379898.000070868,1334568698.00007,-2399703.75300007,5383203.65900119,2429705.75299824,22.5395551974017,114.026172398206,6.62946780072067,-0.000915424036842271,0.0167950617837982,-0.0248945406293966,0.0300441384405927,1
562,2206,379899.00007279,1334568699.00007,-2399703.72900014,5383203.6310012,2429705.66699835,22.5395546024642,114.026172295936,6.56385638341915,-0.00189386647118669,0.0165343886366335,-0.0226611571996775,0.0281158457711379,1
563,2206,379900.000074713,1334568700.00007,-2399703.70699969,5383203.60499986,2429705.59299884,22.5395540984796,114.026172203508,6.50528292239419,0.00410258580842283,-0.00182613265720216,-0.0154751616371889,0.0161135532547696,1
564,2206,379901.000076631,1334568701.00008,-2399703.68900005,5383203.59100049,2429705.53699887,22.5395537010371,114.026172099099,6.4652383491304,-0.000660952432048249,0.00640455050266665,-0.0147930077880971,0.0161334498690559,1
565,2206,379902.000078543,1334568702.00008,-2399703.6710005,5383203.57500113,2429705.49199949,22.5395534016688,114.026172002607,6.4277233961178,-0.00637978825492099,0.01431155791399,-0.00649493512985959,0.0169619152940994,1
566,2206,379903.000080455,1334568703.00008,-2399703.66500044,5383203.56300139,2429705.46199964,22.539553197848,114.026171996828,6.40384459078392,-0.00552490529079313,0.0173042070340048,-0.00442257367006652,0.0186954357375029,1
567,2206,379904.000082369,1334568704.00008,-2399703.65900065,5383203.54900147,2429705.43199978,22.5395530003505,114.026171998968,6.37827853173135,-0.00794490348293471,0.0178232493454915,-0.00274669459551828,0.0197061929297812,1
568,2206,379905.000084282,1334568705.00008,-2399703.64900059,5383203.52700111,2429705.37399961,22.5395526002469,114.026171997256,6.3337259440887,-0.00698179158180721,0.0132067516438198,-0.00464837337903409,0.0156451614802866,1
569,2206,379906.000086196,1334568706.00009,-2399703.64500028,5383203.51700041,2429705.34599973,22.5395524039685,114.026172001321,6.31305214477631,-0.00319444378541395,0.00471087983812137,-0.0030857150699209,0.00647444958588181,1
570,2206,379907.000088118,1334568707.00009,-2399703.64100016,5383203.50900057,2429705.34199996,22.5395524015381,114.026171997467,6.30326608793151,-0.001808420575954,0.00651193592328867,-0.000491176471558391,0.00677620459953533,1
571,2206,379908.000090041,1334568708.00009,-2399703.64000081,5383203.50500137,2429705.30400017,22.5395520986508,114.026172004423,6.28495046336679,-0.0089912607260806,0.0152608852892693,0.0018742270856075,0.0178115163988084,1
572,2206,379909.000091964,1334568709.00009,-2399703.63300087,5383203.49100172,2429705.2620004,22.5395518024761,114.026171997682,6.25440870449884,-0.00942541336756136,0.0186876234488919,0.00433460204503472,0.0213741540699462,1
573,2206,379910.000093878,1334568710.00009,-2399703.62500075,5383203.47200191,2429705.22900044,22.5395515985831,114.026172001851,6.22272255245738,-0.0079742094919819,0.02034468989608,0.00471673950873684,0.0223549112184091,1
574,2206,379911.000095793,1334568711.0001,-2399703.61500064,5383203.45000097,2429705.19500048,22.5395513986565,114.026172000141,6.18736924067641,-0.00671503337309825,0.010138637362908,0.00496325611821976,0.0131345937155827,1
575,2206,379912.000097707,1334568712.0001,-2399703.61799976,5383203.43099946,2429705.16500039,22.5395512042874,114.026172101979,6.16096787000969,0.00244298274678782,-0.00549245524333342,0.00397538235940035,0.00720686438089098,1
576,2206,379913.000099621,1334568713.0001,-2399703.61400049,5383203.39800011,2429705.11500109,22.5395508972328,114.026172197083,6.11246012921588,-0.00487294212432794,0.00110941429270681,0.010962580417507,0.0120480095630033,1
577,2206,379914.000101536,1334568714.0001,-2399703.60500046,5383203.37600129,2429705.06900068,22.5395505957995,114.026172204244,6.07288466257673,-0.00456913610998306,0.0126759215767155,0.0066435771813047,0.0150230859138376,1
578,2206,379915.000103451,1334568715.0001,-2399703.6060005,5383203.32900062,2429705.0280011,22.5395504010285,114.026172399155,6.01789530957453,-0.00486648311781131,0.0059918305992985,0.0106606626520312,0.0131618547343087,1
579,2206,379916.000105367,1334568716.00011,-2399703.60400055,5383203.29800045,2429705.00400095,22.5395503016829,114.026172504098,5.98179193000601,-0.00518414533652318,0.00423509717337087,0.00894346306377944,0.011171255189605,1
580,2206,379917.000107282,1334568717.00011,-2399703.6030006,5383203.24700055,2429704.93700101,22.5395499055169,114.02617269708,5.91271026068558,-0.00556149303999582,0.00509490689027861,0.00936884441065503,0.0120276151686688,1
581,2206,379918.000109198,1334568718.00011,-2399703.6009995,5383203.21599835,2429704.93600071,22.5395499980111,114.026172802021,5.88542107420868,0.00456056376921206,-0.015154924485114,0.00647548525489947,0.0170997774058313,1
582,2206,379919.000111112,1334568719.00011,-2399703.59399959,5383203.17599826,2429704.93200132,22.5395501009843,114.026172898191,5.84751190219399,0.00367479051004216,-0.0156424976767517,0.0118114881535329,0.0199424941083338,1
583,2206,379920.000113026,1334568720.00011,-2399703.58899971,5383203.11299907,2429704.85900144,22.5395496983499,114.026173103151,5.76450362916286,0.00255489767026363,-0.00819980840378353,0.0126967622127539,0.0153288006918837,1
584,2206,379921.000114941,1334568721.00011,-2399703.5890001,5383203.08899881,2429704.86200193,22.5395497992547,114.026173198149,5.74540747576995,-0.000846819425738315,-0.0103913673438619,0.0167621827967924,0.0197400200234947,1
585,2206,379922.000116855,1334568722.00012,-2399703.58600004,5383203.0569995,2429704.85000197,22.5395498045659,114.026173298167,5.71268507477925,-0.000301252094099372,-0.00426821792217581,0.0168003119544217,0.0173366351643352,1
586,2206,379923.000118769,1334568723.00012,-2399703.58600014,5383203.00499916,2429704.79400202,22.5395495018996,114.026173503988,5.64735204141854,-0.00121484964679665,-0.00709465663768082,0.0169984985070247,0.0184596577423373,1
587,2206,379924.000120684,1334568724.00012,-2399703.57599881,5383202.98299763,2429704.79600165,22.5395496022336,114.026173502269,5.6257971793782,0.00983176737925719,-0.0196013745095918,0.0136290200096026,0.0258191347431948,1
588,2206,379925.0001226,1334568725.00012,-2399703.56599879,5383202.9609979,2429704.78600165,22.5395496024764,114.026173500555,5.59964460855955,0.00983907641476473,-0.0171806741675662,0.0134459435200848,0.0239327471614306,1
589,2206,379926.000124517,1334568726.00012,-2399703.55499948,5383202.91099884,2429704.74100176,22.5395494007318,114.026173600791,5.53608003308552,0.00416555488146626,-0.00932830387350957,0.0141515918147704,0.0174538434597918,1
590,2206,379927.000126431,1334568727.00013,-2399703.53799874,5383202.8969981,2429704.7330018,22.5395494022329,114.026173505257,5.51480936142823,0.0100002499315972,-0.0150709341062127,0.0142190358096892,0.0230069344521481,1
591,2206,379928.000128346,1334568728.00013,-2399703.52499866,5383202.86999889,2429704.69600074,22.5395491973061,114.026173496693,5.47296101485826,0.0104279794939717,-0.00870305858529987,0.00570894000924116,0.0147335664757373,1
592,2206,379929.000130263,1334568729.00013,-2399703.51500014,5383202.796,2429704.60600256,22.539548694718,114.026173700808,5.37227792158158,-0.00110761224143603,8.39042891014778e-06,0.0196187800003941,0.0196500230020359,1
593,2206,379930.000132181,1334568730.00013,-2399703.50699902,5383202.75299878,2429704.52900123,22.5395481997132,114.026173799967,5.30347731550003,0.00738971797906307,-0.00927451018800176,0.00924061384095037,0.0150337425545005,1
594,2206,379931.000134095,1334568731.00013,-2399703.51299849,5383202.69199792,2429704.43500186,22.539547600111,114.026174094682,5.21824161894516,0.0112869617217554,-0.0155247271878356,0.0138060497091382,0.0236435967597209,1
595,2206,379932.000136008,1334568732.00014,-2399703.50199831,5383202.63999721,2429704.36600175,22.5395472045206,114.026174202833,5.14378835026515,0.0124163284255006,-0.0205111598957405,0.0127970078577125,0.0271778641903459,1
596,2206,379933.000137923,1334568733.00014,-2399703.48399894,5383202.57499865,2429704.27800185,22.5395467014198,114.026174300284,5.04845509662078,0.00765346481341188,-0.00980325689522312,0.0133719401649476,0.0182616580073884,1
597,2206,379934.000139839,1334568734.00014,-2399703.47199906,5383202.54899755,2429704.25400118,22.5395466003584,114.026174296651,5.01280820307277,0.00669867258518673,-0.0175254520830061,0.00838011409776269,0.0205484791994151,1
598,2206,379935.000141754,1334568735.00014,-2399703.45699867,5383202.46399737,2429704.13500154,22.539545897713,114.026174499897,4.88984664953065,0.00936554587710244,-0.018577229912838,0.0108093175999048,0.0234450051777807,1
599,2206,379936.000143669,1334568736.00014,-2399703.44599902,5383202.4129978,2429704.06600056,22.5395454989493,114.026174604091,4.81623780190888,0.00681238185124521,-0.0152777080949257,0.00389214369762903,0.0171745653128086,1
600,2206,379937.000145587,1334568737.00015,-2399703.45099755,5383202.42599307,2429704.09600058,22.5395457010357,114.026174597037,4.84057986473143,0.0168492110439279,-0.0476160646841982,0.00399770572942467,0.0506672199741771,1
601,2206,379938.000147501,1334568738.00015,-2399703.44699845,5383202.41699652,2429704.10400033,22.5395458018379,114.026174597137,4.83455303821192,0.0105038076596031,-0.0236305174729999,0.00218672358602593,0.0259521307686551,1
602,2206,379939.000149417,1334568739.00015,-2399703.45999972,5383202.36899899,2429704.01600054,22.5395452012959,114.026174902553,4.76521967997033,0.00189085307481176,-0.00674054546600123,0.00357318312461031,0.00785989288551407,1
603,2206,379940.000151329,1334568740.00015,-2399703.47300016,5383202.34799998,2429703.96200067,22.5395447989747,114.0261751011,4.73169464447985,-0.0010451218841563,-0.000154712143807752,0.00440113487621001,0.00452616877709792,1
604,2206,379941.000153246,1334568741.00015,-2399703.47699953,5383202.30699856,2429703.89900003,22.5395443975078,114.026175298896,4.6744606508736,0.00308577689346721,-0.00942435614549584,0.000178555493254468,0.00991828563097336,1
605,2206,379942.000155158,1334568742.00016,-2399703.48399934,5383202.27099853,2429703.82699984,22.5395439009382,114.026175503538,4.61912440837116,0.00422015000861287,-0.00946745557379328,-0.00105435119537503,0.010418926891966,1
606,2206,379943.000157071,1334568743.00016,-2399703.49100027,5383202.287001,2429703.83399958,22.5395438988595,114.026175502361,4.63793985135221,-0.00173982238362777,0.00637965407676782,-0.00269689118274841,0.00714144173940939,1
607,2206,379944.000158985,1334568744.00016,-2399703.48600083,5383202.30100263,2429703.83800045,22.5395438950073,114.026175402551,4.6494050811722,-0.00519793567403812,0.016545004907639,0.00282654384780779,0.0175711431838915,1
608,2206,379945.000160899,1334568745.00016,-2399703.49900083,5383202.30700304,2429703.84299921,22.539543899407,114.026175494229,4.66127181453274,-0.00515464820373734,0.0189256399423515,-0.00491312824972825,0.0202210057744441,1
609,2206,379946.000162814,1334568746.00016,-2399703.50800018,5383202.3260004,2429703.87599895,22.5395441018978,114.026175498942,4.69333157786283,-0.00110480863625527,0.00247725746399549,-0.00643450076145903,0.00698285090166491,1
610,2206,379947.000164728,1334568747.00016,-2399703.52099984,5383202.35399963,2429703.89999841,22.5395441952227,114.026175503543,4.73103958723288,0.000977248297971092,-0.00224299428261469,-0.00965387866760999,0.00995908685154742,1
611,2206,379948.000166643,1334568748.00017,-2399703.5520004,5383202.37300131,2429703.92499804,22.5395442999665,114.026175703588,4.76831002233158,-0.00242013466048707,0.00785812711545526,-0.0117431663077608,0.0143355909703532,1
612,2206,379949.000168559,1334568749.00017,-2399703.57400003,5383202.39700006,2429703.94999766,22.5395444015971,114.026175803935,4.80641111018925,-0.000161475591548848,0.000362835402968262,-0.0138572488938817,0.0138629387506148,1
613,2206,379950.000170473,1334568750.00017,-2399703.58800062,5383202.4290014,2429703.99999676,22.53954469771,114.026175801584,4.85783788973453,-0.00366791718898076,0.00820096385827775,-0.0189732772656646,0.0209927290962796,1
614,2206,379951.000172388,1334568751.00017,-2399703.60500026,5383202.44300186,2429704.01999702,22.5395447963006,114.026175897109,4.88370786987358,-0.00153914779731637,0.010786643518397,-0.0172332110916889,0.0203888258334232,1
615,2206,379952.000174302,1334568752.00017,-2399703.63299912,5383202.47999932,2429704.08699601,22.5395451986776,114.026175999274,4.95112985177692,0.00500286236949602,-0.00388814673351934,-0.0228423695857589,0.023704855308605,1
616,2206,379953.000176216,1334568753.00018,-2399703.66399965,5383202.52400008,2429704.13299559,22.5395453995354,114.026176100371,5.01753903479279,0.00196635685295421,0.000467717553855933,-0.0250271068766454,0.0251085921070533,1
617,2206,379954.000178131,1334568754.00018,-2399703.69199987,5383202.56100101,2429704.15199419,22.5395454015491,114.026176202534,5.066564897875,0.000732217708133085,0.00566423252909678,-0.0326148440957357,0.03311114205679,1
618,2206,379955.000180045,1334568755.00018,-2399703.71300048,5383202.5580024,2429704.12999612,22.5395451979555,114.026176400867,5.06350032921257,-0.00268148488913494,0.0133495762073233,-0.0215156498644271,0.025462221725812,1
619,2206,379956.000181959,1334568756.00018,-2399703.72899989,5383202.56900064,2429704.14899727,22.5395452991145,114.026176499395,5.08607853775326,0.000593231924081722,0.00352279614913603,-0.0149887396982914,0.0154085799010569,1
620,2206,379957.000183873,1334568757.00018,-2399703.74699975,5383202.55899944,2429704.14799716,22.5395452970245,114.026176698802,5.08402714488375,0.00133313427367734,-0.00304642883576326,-0.0154395539562891,0.0157936000333105,1
621,2206,379958.000185788,1334568758.00019,-2399703.76599976,5383202.55099946,2429704.14899755,22.539545303883,114.026176899168,5.08480691434473,0.00128484377347067,-0.0028798347704506,-0.0131925877033509,0.0135642413034392,1
622,2206,379959.000187704,1334568759.00019,-2399703.77200043,5383202.56500003,2429704.16699805,22.5395454012959,114.026176897033,5.10577423449667,-0.00227280204827277,0.000161051919855952,-0.0103708119522507,0.0106181593235583,1
623,2206,379960.000189621,1334568760.00019,-2399703.78600027,5383202.56899967,2429704.17099848,22.5395454022854,114.026177005507,5.11594644104589,-0.00142082403752994,-0.00174780371763621,-0.0080070499917552,0.00831783675912631,1
624,2206,379961.000191538,1334568761.00019,-2399703.79199996,5383202.55899992,2429704.15599872,22.5395453003384,114.026177098358,5.10401720413799,0.000206968994373111,-0.000437537680498766,-0.00667561936599046,0.00669314345476585,1
625,2206,379962.000193457,1334568762.00019,-2399703.7800008,5383202.55700275,2429704.16499971,22.5395453986374,114.026176999722,5.10127035471115,-0.00415634191742765,0.0142314321324784,-0.0014730660633357,0.0148989517182538,1
626,2206,379963.000195374,1334568763.0002,-2399703.78600095,5383202.56900165,2429704.17099952,22.5395454022868,114.026177005505,5.11594876480773,-0.00484599901473851,0.00844991115314999,-0.00245548500096724,0.0100456016015443,1
627,2206,379964.000197284,1334568764.0002,-2399703.7800007,5383202.58300109,2429704.18700053,22.5395454999401,114.026176896818,5.13163569606664,-0.00354830622322421,0.00550730999874259,0.00268811406122421,0.0070814474284692,1
628,2206,379965.000199197,1334568765.0002,-2399703.78600087,5383202.59700147,2429704.19300006,22.5395454972593,114.026176894679,5.14800245233365,-0.00437989836401635,0.00739964256053019,0.000313017996808268,0.00860442909024468,1
629,2206,379966.000201112,1334568766.0002,-2399703.78200092,5383202.61100157,2429704.21000141,22.5395456004346,114.02617680375,5.1648256124528,-0.00457795059091361,0.00781910007370868,0.00699546542246038,0.0114469425635126,1
630,2206,379967.000203023,1334568767.0002,-2399703.78400127,5383202.61600135,2429704.22400161,22.5395456985776,114.026176801722,5.17516219966876,-0.00623973017265968,0.00666714075385632,0.007922436120827,0.0120892511160913,1
631,2206,379968.000204936,1334568768.00021,-2399703.77900075,5383202.63100169,2429704.24100143,22.5395457999881,114.02617669795,5.1924523013105,-0.00367281615524745,0.00824037221927908,0.00701452346997442,0.0114278979840273,1
632,2206,379969.000206852,1334568769.00021,-2399703.78499996,5383202.6429984,2429704.2700014,22.5395459954802,114.026176703734,5.21594496258507,0.000177691321796957,-0.00772955564490276,0.0067870378430302,0.0102879292064154,1
633,2206,379970.000208767,1334568770.00021,-2399703.77699956,5383202.65099953,2429704.28400201,22.5395460982322,114.026176601029,5.22505280546658,0.00209261496197373,-0.00223665339939319,0.00962762342444288,0.0101031078689171,1
634,2206,379971.000210683,1334568771.00021,-2399703.78000006,5383202.65899909,2429704.30000195,22.5395462021604,114.026176596008,5.23906263529624,-0.000264563898932133,-0.00431275560373502,0.00923848665457084,0.0101989945887254,1
635,2206,379972.000212598,1334568772.00021,-2399703.78100126,5383202.66100177,2429704.31300319,22.5395463028553,114.026176596971,5.2461122358786,-0.00590432021607044,0.00833813979013476,0.0149877195488949,0.0181388342968905,1
636,2206,379973.000214514,1334568773.00021,-2399703.7850013,5383202.67000239,2429704.32900298,22.5395464022086,114.026176596862,5.26134237790505,-0.00605356129584564,0.0111265949084068,0.0138893247033884,0.0187978737982384,1
637,2206,379974.00021643,1334568774.00022,-2399703.78600012,5383202.67199973,2429704.33000273,22.5395464028245,114.026176597825,5.26378615638197,-0.00055307454911839,-0.00124472750805577,0.0125797104088233,0.0126532348431557,1
638,2206,379975.000218346,1334568775.00022,-2399703.79300014,5383202.6609987,2429704.31500331,22.5395463026363,114.026176703521,5.25138855535494,-0.000616904798040233,-0.00594312389772568,0.0151810633972793,0.0163145940515165,1
639,2206,379976.00022026,1334568776.00022,-2399703.7899988,5383202.67999678,2429704.34500311,22.539546497017,114.026176601677,5.27778608613423,0.00542168027000325,-0.0146152103969989,0.0141050357086422,0.0210226312397083,1
640,2206,379977.000222174,1334568777.00022,-2399703.79499829,5383202.69199616,2429704.36300258,22.5395466021592,114.026176598573,5.29668833581497,0.00767918921562255,-0.0172583879108703,0.0116237884507548,0.022179593283902,1
641,2206,379978.00022409,1334568778.00022,-2399703.80199868,5383202.6829965,2429704.36100258,22.5395466040654,114.026176696351,5.29096216580118,0.00586537041396955,-0.0155791473240318,0.011546940399392,0.0202594233388828,1
642,2206,379979.000226005,1334568779.00023,-2399703.80499911,5383202.71299746,2429704.42000354,22.5395469970865,114.026176604246,5.34001537993261,0.00392960175990795,-0.0112359293545113,0.0156553933776984,0.019666703339948,1
643,2206,379980.00022792,1334568780.00023,-2399703.80399977,5383202.73600005,2429704.45300368,22.5395472010095,114.026176504327,5.37169404916406,0.00098330550772732,0.000250360914541866,0.0161768167457661,0.0162086079086132,1
644,2206,379981.000229835,1334568781.00023,-2399703.80999714,5383202.75199415,2429704.48400253,22.5395474005377,114.026176494273,5.39932438944863,0.0124313543255418,-0.0254363571235437,0.0110284838298117,0.0303837833336805,1
645,2206,379982.00023175,1334568782.00023,-2399703.82099695,5383202.77599431,2429704.54300285,22.5395478012517,114.026176496946,5.44632333435215,0.0131335752072042,-0.0245208030914403,0.0123230688942756,0.0304239808201613,1
646,2206,379983.000233665,1334568783.00023,-2399703.82699834,5383202.81299571,2429704.59400316,22.5395481011807,114.026176403779,5.49934378662706,0.00707290486086186,-0.0183266136354915,0.0135503064771517,0.023864231731613,1
647,2206,379984.000235581,1334568784.00024,-2399703.83699839,5383202.83499928,2429704.6520038,22.5395485012783,114.026176405478,5.54389925911291,0.00682396170716764,-0.0030043983859533,0.0161536079300315,0.0177913437435059,1
648,2206,379985.000237495,1334568785.00024,-2399703.84399817,5383202.87699705,2429704.71700398,22.5395489007705,114.0261763014,5.60687650099026,0.00771351719505541,-0.0123624640844903,0.0168012238131862,0.0222398288522979,1
649,2206,379986.000239409,1334568786.00024,-2399703.85199783,5383202.92099689,2429704.79500338,22.5395494009445,114.026176198275,5.67690155812554,0.0090787186629849,-0.0129402115457093,0.0141700847860085,0.0212288367616317,1
650,2206,379987.000241319,1334568787.00024,-2399703.84799586,5383202.96199426,2429704.85800288,22.5395498024183,114.026176000471,5.73413072003598,0.0171611870041216,-0.0237382532450816,0.0119577919682792,0.0316385808037386,1
651,2206,379988.000243231,1334568788.00024,-2399703.85099759,5383202.99499521,2429704.91900278,22.5395502026251,114.026175896504,5.78648144009122,0.00989257904926222,-0.0196677271821694,0.011451352653306,0.0248156420498952,1
652,2206,379989.000245144,1334568789.00025,-2399703.8439982,5383203.02999778,2429704.95500284,22.539550402086,114.026175695814,5.82717678562898,0.00733189844364841,-0.00905253285463061,0.0115986954774828,0.016438820597948,1
653,2206,379990.000247057,1334568790.00025,-2399703.8409986,5383203.04799808,2429704.99700305,22.5395506997091,114.026175597934,5.85733326477628,0.00564621877501083,-0.00776374729020003,0.0123572914660282,0.0156479458977128,1
654,2206,379991.000248971,1334568791.00025,-2399703.8529988,5383203.07399914,2429705.03300244,22.5395509008462,114.026175601571,5.89757961135174,0.00483228511913912,-0.00343935588663583,0.00980737870975397,0.0114614495393962,1
655,2206,379992.000250886,1334568792.00025,-2399703.84999985,5383203.09399967,2429705.06400284,22.5395511003997,114.02617549578,5.92520725806486,0.000579248372800802,-0.00130444186099185,0.0113231654777406,0.0114127636303569,1
656,2206,379993.000252801,1334568793.00025,-2399703.85700089,5383203.10800323,2429705.08300192,22.5395512047219,114.026175502515,5.94693607073297,-0.00352315938114825,0.0127704705515264,0.00761125207616383,0.0152783745306653,1
657,2206,379994.000254717,1334568794.00025,-2399703.87199899,5383203.11599835,2429705.10000196,22.5395513000964,114.026175604038,5.96583726338964,0.00396953859745401,-0.0064541751774666,0.00769666517413957,0.0108005679804775,1
658,2206,379995.000256632,1334568795.00026,-2399703.87399918,5383203.12100004,2429705.10200071,22.5395512981347,114.026175602001,5.9715749912858,0.00319659626059023,0.0001493509393835,0.00276038845376894,0.00422614218549436,1
659,2206,379996.000258546,1334568796.00026,-2399703.88000042,5383203.10900158,2429705.0990015,22.5395513025961,114.026175702777,5.96256030435399,-0.00163774305563964,0.00608720753120199,0.00579010076629987,0.00855929697627816,1
660,2206,379997.000260464,1334568797.00026,-2399703.88799992,5383203.10099982,2429705.07300048,22.5395510997571,114.026175805476,5.94885158018583,0.00029185954156593,-0.000690530731691164,0.00185391475731204,0.00199975363752447,1
661,2206,379998.000262383,1334568798.00026,-2399703.89999939,5383203.10499863,2429705.07699881,22.539551103551,114.026175896192,5.95827004057727,0.0023028973761827,-0.00520606749899552,-0.00454376038958169,0.00728369642470485,1
662,2206,379999.000264301,1334568799.00026,-2399703.91000043,5383203.10200094,2429705.06499957,22.5395509988529,114.026175996857,5.9549025695744,-0.00162405707496424,0.00356059899922006,-0.00167192043161295,0.00425567204394712,1
663,2206,380000.000266216,1334568800.00027,-2399703.93100198,5383203.09700443,2429705.03099942,22.5395507014705,114.026176203107,5.94555228459927,-0.0074265626144733,0.0166591536268632,-0.00217641373359238,0.0183689414112488,1
664,2206,380001.000268131,1334568801.00027,-2399703.94100151,5383203.11900339,2429705.02899805,22.5395506011327,114.02617620482,5.96710363832564,-0.00565152054816612,0.0126365793664053,-0.00726602045199599,0.0156338695081745,1
665,2206,380002.000270047,1334568802.00027,-2399703.95700079,5383203.13000242,2429705.01199812,22.5395504020201,114.026176303343,5.97588249738796,-0.00292596420764707,0.00897685015466282,-0.00695078820306837,0.0117242723393657,1
666,2206,380003.000271966,1334568803.00027,-2399703.97300025,5383203.14100055,2429704.99399642,22.5395501945547,114.026176401871,5.98427665909146,-0.000908812445638668,0.00204187435746813,-0.013161929712655,0.0133503402471212,1
667,2206,380004.000273881,1334568804.00027,-2399703.9800012,5383203.15700135,2429704.97799656,22.5395500006515,114.026176400701,5.99427447151863,-0.00441087457967922,0.00494202557423572,-0.0125512742867654,0.0141920371178939,1
668,2206,380005.000275795,1334568805.00028,-2399703.99800084,5383203.17100322,2429704.96199568,22.5395497975585,114.0261765051,6.00672170037682,-0.00304616359084075,0.0116970816052711,-0.0156682043161642,0.0197887204537231,1
669,2206,380006.00027771,1334568806.00028,-2399704.01599959,5383203.18700043,2429704.92299437,22.5395493963216,114.026176601593,6.01203530196243,0.00145040271728596,0.00156496445075699,-0.0202858855584372,0.0203977923968368,1
670,2206,380007.000279623,1334568807.00028,-2399704.0389983,5383203.18899894,2429704.86799234,22.5395488988414,114.026176797889,6.00128653596799,0.00605986291975075,-0.00378371365615888,-0.0273755565652238,0.0282923934104866,1
671,2206,380008.000281535,1334568808.00028,-2399704.04800055,5383203.20900261,2429704.84099224,22.5395485977138,114.026176798645,6.01119711236442,-0.00197886498106654,0.00929685705195071,-0.0275868787928939,0.0291784739010031,1
672,2206,380009.000283448,1334568809.00028,-2399704.06799998,5383203.22900341,2429704.79199177,22.5395480976008,114.026176897056,6.01680758158545,6.59212875261102e-05,0.0120276463694769,-0.0290788371618538,0.0314681965401729,1
673,2206,380010.000285363,1334568810.00029,-2399704.0920011,5383203.23100387,2429704.72499114,22.5395474986266,114.026177102245,6.00183811166644,-0.00386729965934193,0.0135383297566896,-0.0310503265964994,0.0340934768101655,1
674,2206,380011.00028728,1334568811.00029,-2399704.10300144,5383203.23100394,2429704.67899365,22.5395470994777,114.026177199917,5.98834308285781,-0.00503059014979069,0.0136938658248071,-0.0221273128987367,0.0265037124682862,1
675,2206,380012.000289193,1334568812.00029,-2399704.11100109,5383203.22400315,2429704.64199574,22.5395468017535,114.026177298655,5.97126349131559,-0.00379375300836487,0.0108766601752134,-0.0147769883599942,0.0187364266456268,1
676,2206,380013.000291106,1334568813.00029,-2399704.12400031,5383203.20300069,2429704.5879959,22.5395463994453,114.026177497205,5.93773509484969,-0.00106015035866462,0.00237550814778402,-0.0140951625615359,0.0143331980164682,1
677,2206,380014.000293021,1334568814.00029,-2399704.12700035,5383203.20900149,2429704.56699712,22.5395462011033,114.02617750009,5.93587622843451,-0.00118392967812165,0.00506507671809993,-0.00985105626433867,0.0111400180056471,1
678,2206,380015.000294938,1334568815.00029,-2399704.13200148,5383203.19600405,2429704.51499731,22.5395458014399,114.02617759594,5.9068597599065,-0.00502646861738798,0.0137267426671606,-0.0091262227339998,0.0172330146057679,1
679,2206,380016.000296856,1334568816.0003,-2399704.13300077,5383203.19700173,2429704.49099854,22.539545596714,114.026177600864,5.89887794539183,-0.00258025443263601,0.00583588519765106,-0.0049185936665524,0.00805653974321172,1
680,2206,380017.000298769,1334568817.0003,-2399704.12499956,5383203.20499828,2429704.49299797,22.539545599385,114.02617749817,5.90338131508342,0.00147945216592134,-0.00577200920468755,-0.00682407125661065,0.00905940491895284,1
681,2206,380018.000300683,1334568818.0003,-2399704.12100164,5383203.19600367,2429704.45299971,22.539545299849,114.026177498274,5.87895792906534,-0.00546521978470958,0.0122138584893237,-0.000977510698029474,0.0134165007977926,1
682,2206,380019.000302598,1334568819.0003,-2399704.13500127,5383203.20100213,2429704.43300037,22.5395450975093,114.026177602793,5.88077303072869,-0.00418174490345026,0.00701883238803377,0.00120605730950644,0.00825866652448553,1
683,2206,380020.000304509,1334568820.0003,-2399704.11100176,5383203.19900545,2429704.42800137,22.5395450959519,114.026177397604,5.86814732416009,-0.00576478386475086,0.017884347565723,0.00451215554056433,0.0193246518333738,1
684,2206,380021.000306421,1334568821.00031,-2399704.10500187,5383203.21000345,2429704.43200096,22.5395451029953,114.0261773008,5.87670200259817,-0.00610429177108505,0.0112446256619093,0.00310609500814817,0.0131663134742664,1
685,2206,380022.000308335,1334568822.00031,-2399704.10600214,5383203.21200253,2429704.42000199,22.539544995187,114.026177301769,5.87416510925785,-0.00691694753320301,0.00820840069815723,0.00644108292109749,0.0125183686794664,1
686,2206,380023.000310251,1334568823.00031,-2399704.09900107,5383203.22300165,2429704.42300181,22.5395449952994,114.026177196071,5.88196100435461,-0.00342833751835184,0.0053305843566852,0.00583990080549299,0.0086181824732059,1
687,2206,380024.000312167,1334568824.00031,-2399704.08699931,5383203.24599844,2429704.43000166,22.53954499789,114.026176998484,5.89953081747135,0.00222322944749667,-0.00498061950826753,0.00530083038990176,0.00760579533545687,1
688,2206,380025.000314081,1334568825.00031,-2399704.0850008,5383203.24099796,2429704.42800208,22.5395449998387,114.026177000531,5.89379441440432,-0.00252873014116748,-0.00649396257351494,0.00661072503253787,0.00960560833518026,1
689,2206,380026.000316,1334568826.00032,-2399704.06700013,5383203.25199952,2429704.42900258,22.5395449987704,114.026176797158,5.89668955244669,-0.000400227057998463,-0.00150522409015998,0.00818662307014757,0.00833346737872205,1
690,2206,380027.000317914,1334568827.00032,-2399704.06000145,5383203.26100169,2429704.45500398,22.5395451970391,114.026176699386,5.91161872199858,-0.00454175442856709,0.00532759687222305,0.0125385655301609,0.014360586592353,1
691,2206,380028.000319828,1334568828.00032,-2399704.05399984,5383203.27200043,2429704.47100256,22.5395453041611,114.026176602563,5.92477283928436,0.000519193877568193,0.00134365405570947,0.00802819433755254,0.00815640072736985,1
692,2206,380029.000321742,1334568829.00032,-2399704.0439995,5383203.27599652,2429704.49500312,22.5395455057994,114.026176497953,5.93358316841342,0.00157694778883372,-0.0108009786099817,0.00971036460853511,0.0146095545480579,1
693,2206,380030.000323657,1334568830.00032,-2399704.02599952,5383203.28499891,2429704.50700371,22.5395456027976,114.026176302499,5.93900864366846,0.00149429593451005,-0.00335053214116224,0.0114680859460007,0.0120405972125021,1
694,2206,380031.000325571,1334568831.00033,-2399704.02599972,5383203.28499858,2429704.51800259,22.5395456945353,114.026176302502,5.94322453428625,0.000871271385426768,-0.00435346250456932,0.00797145500956483,0.0091244640705781,1
695,2206,380032.000327487,1334568832.00033,-2399704.02199862,5383203.3019953,2429704.54900401,22.5395459050066,114.026176199702,5.967941717461,0.004208545200152,-0.0143515270359675,0.0122638210305581,0.0193411345901783,1
696,2206,380033.000329404,1334568833.00033,-2399704.0179976,5383203.29299705,2429704.56800454,22.5395460975697,114.026176199793,5.96612957009069,0.00728232234976896,-0.00892900543571411,0.0138041730638181,0.0179809496649314,1
697,2206,380034.000331319,1334568834.00033,-2399704.0069983,5383203.29299619,2429704.59100401,22.5395463049031,114.026176102133,5.97080869274258,0.00512251731377187,-0.0114918903492062,0.0121354266958712,0.0174806266626495,1
698,2206,380035.000333233,1334568835.00033,-2399704.00499791,5383203.28899612,2429704.6250054,22.5395466039598,114.026176100204,5.97971545234538,0.00627709708997898,-0.0116276247314487,0.0162106119370755,0.0209138122815252,1
699,2206,380036.000335146,1334568836.00034,-2399704.00399618,5383203.28799224,2429704.66000512,22.5395469004629,114.026176095283,5.99190800836308,0.0113857283735028,-0.0231478008194624,0.0152826358551219,0.0299835697016374,1
700,2206,380037.00033706,1334568837.00034,-2399704.01299553,5383203.28199329,2429704.6830051,22.5395470985787,114.026176198933,5.99904795371629,0.0132465141291134,-0.0199085980693599,0.0151387181738084,0.0283019999577083,1
701,2206,380038.000338972,1334568838.00034,-2399704.00699615,5383203.26899385,2429704.71300582,22.5395473983562,114.026176197117,5.99732554608782,0.0113334279095916,-0.0181258820601089,0.0171722534094297,0.0274204390153869,1
702,2206,380039.000340886,1334568839.00034,-2399704.01299326,5383203.25698904,2429704.72200319,22.5395475029018,114.026176297881,5.99290248506509,0.0197302103457256,-0.0321550027513556,0.00935139117279319,0.0388673888895673,1
703,2206,380040.000342799,1334568840.00034,-2399704.03599506,5383203.23198973,2429704.72800418,22.5395475995734,114.026176601063,5.98276346724263,0.0144062164523325,-0.0299717397433474,0.0121877456217219,0.0354173036671936,1
704,2206,380041.000344714,1334568841.00034,-2399704.03899786,5383203.18899771,2429704.73600623,22.5395477980072,114.02617679789,5.95069227788884,0.00620456608701361,-0.00666477687204039,0.0180591054998405,0.0202249148956571,1
705,2206,380042.000346628,1334568842.00035,-2399704.04899814,5383203.16099581,2429704.73900561,22.5395478974607,114.026176997516,5.93198044778545,0.00534269764442115,-0.012093788898703,0.0161754211962917,0.0208913474654829,1
706,2206,380043.000348545,1334568843.00035,-2399704.05899659,5383203.13199319,2429704.75400288,22.53954810015,114.026177201087,5.91702276265488,0.00978885812175007,-0.0195615273834431,0.00824004711959929,0.0233746331187072,1
707,2206,380044.000350462,1334568844.00035,-2399704.05699746,5383203.10199514,2429704.75400493,22.5395481978269,114.02617730207,5.89096564463021,0.00722891879446853,-0.0138698542370947,0.0140511112380275,0.0210253145165226,1
708,2206,380045.000352375,1334568845.00035,-2399704.06699846,5383203.07399654,2429704.74500453,22.5395481971841,114.02617750169,5.86765709051222,0.00436947239466559,-0.00984465979607386,0.0128692364345863,0.0167817419214294,1
709,2206,380046.000354295,1334568846.00035,-2399704.06900124,5383203.0549993,2429704.76200493,22.5395483962163,114.026177594665,5.85890092355098,-0.00349090698009152,-0.00198444339335742,0.0139107407931783,0.0144787139118116,1
710,2206,380047.000356214,1334568847.00036,-2399704.06399914,5383203.04299982,2429704.76900402,22.5395484995802,114.026177597746,5.84958009093956,0.00243465902302178,-0.000503226857730446,0.0112832016723673,0.011553849653169,1
711,2206,380048.000358128,1334568848.00036,-2399704.05199855,5383203.04099675,2429704.76600201,22.539548497788,114.02617749912,5.84222672227845,0.00404242209460327,-0.00906995929705095,0.00560382572062957,0.0114021138719225,1
712,2206,380049.000360043,1334568849.00036,-2399704.04700023,5383203.0290005,2429704.76100334,22.5395485010682,114.026177502222,5.82831103883174,-0.000641271718659661,0.00138180342415105,0.00925360175301235,0.00937815309767875,1
713,2206,380050.000361958,1334568850.00036,-2399704.05300125,5383203.01700368,2429704.745002,22.5395483970797,114.026177602989,5.81431366096106,-0.00344235615445501,0.0101748721906304,0.00551709398663417,0.0120754364743944,1
714,2206,380051.000363874,1334568851.00036,-2399704.05600119,5383203.02300179,2429704.74800246,22.5395483989135,114.026177605885,5.82165190249931,-0.00325442060786453,0.0049096100596612,0.00675767715981239,0.0089644701475921,1
715,2206,380052.00036579,1334568852.00037,-2399704.0379995,5383203.00999797,2429704.75200112,22.5395484987487,114.026177497517,5.80544514434146,0.00137608696632462,-0.00554254295826447,0.00301945795544823,0.00645991672762236,1
716,2206,380053.000367709,1334568853.00037,-2399704.03299794,5383202.99899719,2429704.72299859,22.5395482986805,114.02617749665,5.78316682715573,0.00561334509493124,-0.00768633794391,-0.00383475382119172,0.0102613240379555,1
717,2206,380054.00036962,1334568854.00037,-2399704.01800061,5383202.96500046,2429704.72000028,22.5395484022942,114.026177498049,5.74769831779584,-0.00160779206618768,0.0012033631497852,0.000732902486085496,0.00213780828243959,1
718,2206,380055.000371535,1334568855.00037,-2399703.99500211,5383202.93800748,2429704.70600078,22.5395484032853,114.026177400685,5.71091227086823,-0.00565263572420436,0.0200894073220428,0.00206279234679752,0.0209712109675981,1
719,2206,380056.000373452,1334568856.00037,-2399703.9710014,5383202.90900499,2429704.6789993,22.5395483035983,114.026177302376,5.66707019191989,-0.00373864716413658,0.0133450129607139,-0.00189775590796456,0.0139881496641173,1
720,2206,380057.000375364,1334568857.00038,-2399703.95600026,5383202.90000151,2429704.66099737,22.5395482030598,114.026177204816,5.6469331731237,-0.000673483630920171,0.00401849146798639,-0.00700646923237582,0.00810508883255612,1
721,2206,380058.000377275,1334568858.00038,-2399703.93799807,5383202.88499662,2429704.65199553,22.5395482007908,114.026177104365,5.6240547671599,0.00512465499543815,-0.0089847185174224,-0.0118840910398814,0.015754963519595,1
722,2206,380059.000379189,1334568859.00038,-2399703.91800073,5383202.86700257,2429704.61799659,22.5395480022944,114.026176998029,5.58832253484788,-0.00189637178647082,0.00676049483060943,-0.00899870315899285,0.011413902700255,1
723,2206,380060.000381102,1334568860.00038,-2399703.90400021,5383202.86100237,2429704.61299556,22.5395479992853,114.026176897467,5.57607886606024,-0.000532411474543379,0.00620695950373615,-0.011653669492077,0.013214303647556,1
724,2206,380061.000383013,1334568861.00038,-2399703.88399962,5383202.86500102,2429704.58699409,22.5395477979644,114.026176704055,5.56196389873451,0.00100855061578559,0.0026441953828884,-0.0154479248586885,0.0157050095831609,1
725,2206,380062.000384929,1334568862.00039,-2399703.87700206,5383202.85100558,2429704.54499372,22.5395475017679,114.026176697318,5.5314263594923,-0.00531509241254477,0.0144849770907694,-0.0163242675218062,0.0224621120733893,1
726,2206,380063.000386844,1334568863.00039,-2399703.85700151,5383202.85600625,2429704.53099383,22.539547397379,114.02617649994,5.5227571578293,-0.0038694197109484,0.0161498895179138,-0.0159647351897965,0.0230361478989137,1
727,2206,380064.000388758,1334568864.00039,-2399703.83599884,5383202.86000026,2429704.50499147,22.5395471974777,114.026176297648,5.50826109497899,0.00297093241407992,0.000684836272737591,-0.0219527446734826,0.0221634482612387,1
728,2206,380065.000390672,1334568865.00039,-2399703.84699905,5383202.88400075,2429704.46798911,22.5395467974734,114.026176300324,5.51846061980831,0.0024121058976577,0.00193642928703825,-0.0278958018982675,0.0280667735372736,1
729,2206,380066.000392587,1334568866.00039,-2399703.85799946,5383202.90800265,2429704.41898858,22.5395462973929,114.026176302996,5.5240622629949,0.00134722881755782,0.00678420584623754,-0.029099906422092,0.0299106173160216,1
730,2206,380067.000394501,1334568867.00039,-2399703.87199932,5383202.94000043,2429704.3859915,22.5395459012829,114.026176300652,5.54367157803079,0.00172112086663406,0.00109851353153735,-0.021559783765103,0.0216562523307828,1
731,2206,380068.000396416,1334568868.0004,-2399703.86900151,5383202.9590063,2429704.35599191,22.5395455952052,114.026176198808,5.54707798328315,-0.00381115092411642,0.0159063498607477,-0.0203936757294457,0.0261426633497179,1
732,2206,380069.000398334,1334568869.0004,-2399703.88000153,5383202.98300248,2429704.34399517,22.5395454037758,114.026176201499,5.56685897902393,-0.00383335915617387,0.00626514326976719,-0.0121046576728319,0.0141587216932666,1
733,2206,380070.000400254,1334568870.0004,-2399703.87499951,5383203.02199989,2429704.35699554,22.5395453959613,114.026176002732,5.60285920336963,0.0012200172849852,-0.00022280050962766,-0.0111192700429072,0.0111882191849216,1
734,2206,380071.000402172,1334568871.0004,-2399703.88000054,5383203.05900122,2429704.35999577,22.5395452969527,114.026175900682,5.63710395881128,-0.00135625161109898,0.00304214146511721,-0.0104726942310716,0.0109896027036429,1
735,2206,380072.000404087,1334568872.0004,-2399703.88800081,5383203.07600084,2429704.3799974,22.5395453987559,114.026175904432,5.66212028803797,-0.00200214990197912,0.00210368046728594,-0.00642601837858027,0.00705179324287708,1
736,2206,380073.000406001,1334568873.00041,-2399703.88900145,5383203.10400227,2429704.39099892,22.5395454005749,114.026175802485,5.69033550212958,-0.00356657143849741,0.00561860780001869,-0.00261361875867476,0.00714983835146173,1
737,2206,380074.000407915,1334568874.00041,-2399703.88799959,5383203.12799608,2429704.42399845,22.5395456013624,114.02617569862,5.72284916842157,0.000982053674650485,-0.00955465039380207,-0.00376198826371429,0.0103154413024359,1
738,2206,380075.000409824,1334568875.00041,-2399703.90199877,5383203.15799323,2429704.44899815,22.5395456953046,114.026175704189,5.76300189994882,0.00293528187868864,-0.0163496308537789,-0.00435719136589671,0.0171729853363136,1
739,2206,380076.000411745,1334568876.00041,-2399703.92497244,5383203.2369505,2429704.59102231,22.5395465978555,114.026175595655,5.89268985427517,0.066948390051563,-0.119842575666149,0.0538926542055525,0.147474567468808,1
740,2206,380077.000412805,1334568877.00041,-2399703.80793556,5383203.50305138,2429704.27687078,22.5395433012947,114.026173503239,5.95273761511662,0.157068305421236,0.125345704275997,-0.313203703087857,0.372127072081958,1
741,2206,380078.000413471,1334568878.00041,-2399702.58558698,5383204.476221,2429703.74277896,22.5395374926244,114.026158798111,6.10929956175254,0.998785845883553,0.534754366481326,-0.534470005066598,1.25267457255428,1
742,2206,380079.000414478,1334568879.00041,-2399701.69158627,5383205.22422125,2429703.31277861,22.5395328012695,114.026147899627,6.2392873181376,0.997363825716831,0.533382448058418,-0.53354476847097,1.25056045703838,1
743,2206,380080.00041763,1334568880.00042,-2399701.50174842,5383205.35614339,2429703.29482691,22.5395325020071,114.026145691897,6.27230552682689,0.602302611438394,0.343550981730102,-0.414374933966629,0.807776143924216,1
744,2206,380081.000423084,1334568881.00042,-2399700.9727452,5383205.86114542,2429702.95282425,22.5395287984521,114.026138996037,6.3682916954817,0.602161258981058,0.34393113918392,-0.415316340689375,0.808315825133725,1
745,2206,380082.000426237,1334568882.00043,-2399700.43674302,5383206.376145,2429702.60182424,22.5395249981095,114.026132198464,6.46663097758684,0.602351052944047,0.336943593820166,-0.407922350413211,0.801722159083737,1
746,2206,380083.000427247,1334568883.00043,-2399700.39790766,5383204.04095552,2429706.03931633,22.5395611064355,114.026141096447,5.79974007116097,0.216247070912557,-0.104353828322361,0.740286599061021,0.778252379317356,1
747,2206,380084.000427913,1334568884.00043,-2399700.08590888,5383203.74495506,2429706.70131767,22.5395680034621,114.026139497786,5.6864673408949,0.208967830345745,-0.106571738755827,0.744246727365353,0.780338568068301,1
748,2206,380085.000428974,1334568885.00043,-2399703.03599854,5383202.45398901,2429708.70005575,22.5395845978278,114.026170801439,6.47296771499118,0.000441044484741511,-0.0295881267809958,0.13817760027448,0.14131065417816,1
749,2206,380086.000430892,1334568886.00043,-2399705.33500021,5383199.35099376,2429715.19001955,22.5396452980942,114.026203496191,7.20759943207029,-0.0014425093881717,-0.0180562237079469,0.0505888814536054,0.0537340020345901,1
750,2206,380087.000432782,1334568887.00043,-2399706.08500345,5383196.58600413,2429719.25701085,22.5396869038911,114.026221099509,6.71608959114257,-0.00742719755836312,0.00978896819010229,0.026747295029922,0.0294347575701836,1
751,2206,380088.000434699,1334568888.00043,-2399705.66699712,5383196.78399998,2429720.58000722,22.5396979015553,114.026216604336,7.23305976867376,0.00679365868940401,-0.000326468063888204,0.016888590527459,0.0182067259491934,1
752,2206,380089.000436615,1334568889.00044,-2399705.53899897,5383196.57299566,2429720.80198667,22.5397006005033,114.026216303006,7.09201406997047,0.00253688174937011,-0.010097836059894,-0.0299131438142065,0.0316733047684037,1
753,2206,380090.000438547,1334568890.00044,-2399705.39199377,5383196.44600303,2429721.24399171,22.5397048957608,114.026215500388,7.09903324331059,0.0136752000339161,0.00761758969464597,-0.0203344020658333,0.0256617746093009,1
754,2206,380091.000440473,1334568891.00044,-2399705.79100072,5383196.9870031,2429720.1259814,22.5396932981389,114.026216901868,7.27690478094085,-0.00152264940302473,0.00774041558950025,-0.0427478234057233,0.0434696319357504,1
755,2206,380092.000442384,1334568892.00044,-2399705.71700191,5383197.53000479,2429719.69599109,22.5396880993032,114.026214095592,7.54232359215592,-0.00423853256913371,0.0117635666279089,-0.0220309544431149,0.0253319879169295,1
756,2206,380093.000444303,1334568893.00044,-2399705.66400928,5383198.24399859,2429718.25499676,22.5396738979146,114.026210799033,7.57234820480011,-0.0206086778253419,-0.00227517456702453,-0.00797217334672998,0.0222137247864802,1
757,2206,380094.000446225,1334568894.00045,-2399705.45098356,5383198.92702045,2429717.7349871,22.5396677015187,114.026206204125,7.86909902624863,0.036925164598333,0.0464103843290477,-0.0308482039505721,0.0668506038952529,1
758,2206,380095.000448136,1334568895.00045,-2399705.35998973,5383199.40601377,2429716.25799119,22.5396539963994,114.026203500301,7.67278903006992,0.0231800134652645,0.0311975121449066,-0.0209832589219357,0.0441689364063301,1
759,2206,380096.000450046,1334568896.00045,-2399705.13799444,5383199.7679982,2429715.25499291,22.5396447992522,114.026200096441,7.51020204140023,0.0127776053099315,-0.00334514242510576,-0.0169195358057043,0.0214645723735913,1
760,2206,380097.000451973,1334568897.00045,-2399704.80899314,5383200.24199412,2429714.38399578,22.5396364997412,114.026195299122,7.45246625137196,0.0156729539280652,-0.0127516635029254,-0.0100885906118119,0.0225837567170706,1
761,2206,380098.000453888,1334568898.00045,-2399704.4279972,5383200.42300092,2429713.82499905,22.5396318020888,114.026191199811,7.24761127454366,0.00663029799037845,0.00208889583908069,-0.0028786535436645,0.00752402707944338,1
762,2206,380099.000455803,1334568899.00046,-2399704.0779937,5383200.47199518,2429713.2449973,22.5396273029362,114.026187898197,6.9349947537081,0.0141590220878112,-0.0105573029749356,-0.00663349820417716,0.0188663152473537,1
763,2206,380100.000457709,1334568900.00046,-2399703.8199991,5383200.47499728,2429712.72300299,22.5396233033323,114.026185595573,6.64041546816188,0.00229507866478934,-0.00581333472322368,0.00591293278672069,0.00860377944987468,1
764,2206,380101.000459647,1334568901.00046,-2399703.56999598,5383200.56999837,2429712.27300036,22.5396196020497,114.026182999767,6.45404709285183,0.00913106480555548,-0.00307969745476607,0.000190723368860292,0.00963832227618354,1
765,2206,380102.000461552,1334568902.00046,-2399703.28299711,5383200.9110042,2429711.83800081,22.5396153002676,114.026179101773,6.46704508620973,0.00655355552990892,0.00946663515047979,0.00119238067952454,0.0115753204206537,1
766,2206,380103.000463465,1334568903.00046,-2399703.06700135,5383201.18500085,2429711.43799793,22.5396114021651,114.026176099445,6.46363066710641,-0.00286197882512689,0.00187237166792933,-0.00471537982117023,0.00582507556313551,1
767,2206,380104.000465369,1334568904.00047,-2399703.02600087,5383201.22000075,2429711.2640024,22.5396098980735,114.026175596869,6.41104162074861,-0.00192588834816018,0.00165412092935944,0.00507082017053238,0.00567083584495285,1
768,2206,380105.000467286,1334568905.00047,-2399703.07500045,5383201.25300096,2429711.21300239,22.539609299312,114.026175901321,6.43775737782851,-0.00103461050632268,0.00211816626868185,0.0050209410785404,0.00554679155510186,1
769,2206,380106.000469186,1334568906.00047,-2399703.13100029,5383201.30299606,2429711.14600457,22.5396085035221,114.026176200661,6.47531006059209,-0.000595098274443165,-0.00841516655683958,0.00955165224798862,0.0127437526185226,1
770,2206,380107.000471099,1334568907.00047,-2399703.1089971,5383201.2800027,2429711.01299435,22.5396074978494,114.026176096303,6.39665290940047,0.00611520689773297,0.00567843726962486,-0.0121547045657793,0.0147437189443004,1
771,2206,380108.000473015,1334568908.00047,-2399703.13000001,5383201.25100008,2429710.89800096,22.5396066008345,114.026176397583,6.33600524698395,1.60403551415478e-06,0.000188493291258328,0.00183224958040809,0.0018419204159477,1
772,2206,380109.000474933,1334568909.00047,-2399703.10499724,5383201.27000425,2429710.75699699,22.5396053999367,114.026176100363,6.28858472600142,0.0057683163304343,0.0089230569338063,-0.0064250231407674,0.0124167363139957,1
773,2206,380110.000476859,1334568910.00048,-2399703.1290022,5383201.2479966,2429710.69300789,22.5396049019795,114.026176400611,6.25451795772804,-0.0047384173981286,-0.0071302025869504,0.0166337521269306,0.018707594666071,1
774,2206,380111.000478767,1334568911.00048,-2399703.21799998,5383201.21897284,2429710.79304452,22.5396057026719,114.026177305703,6.30184788873141,2.68899655726391e-05,-0.0568726731384058,0.092673489179373,0.108733055092081,1
775,2206,380112.000480665,1334568912.00048,-2399703.21097895,5383201.10402582,2429710.61597128,22.539604599096,114.02617769833,6.13436312003195,0.0436672461987542,0.0536912211269086,-0.0599309969844556,0.091549440283554,1
776,2206,380113.000482609,1334568913.00048,-2399703.27601195,5383201.12301148,2429710.44198069,22.5396029962355,114.026178200614,6.10814074946017,-0.0247320703838893,0.023910100423686,-0.0401332547601155,0.0528587395364734,1
777,2206,380114.000484524,1334568914.00048,-2399703.27600306,5383201.22300339,2429710.33600634,22.5396017962261,114.026177804761,6.15186753133371,-0.00641416479115914,0.00740736522352209,0.0128937781685809,0.016194446115362,1
778,2206,380115.000486455,1334568915.00049,-2399703.34499923,5383201.50599838,2429710.21501234,22.5395997951039,114.026177297269,6.37016655076828,0.00152541547672441,-0.00295041789401192,0.0253472044075212,0.0255638930799399,1
779,2206,380116.000488365,1334568916.00049,-2399703.35195164,5383201.77502579,2429710.2109909,22.5395989012018,114.026176294173,6.59818899628216,0.0988763126859191,0.0529996518246709,-0.0187975798375013,0.11374901015678,1
780,2206,380117.00049027,1334568917.00049,-2399703.35695486,5383201.96302611,2429710.07898743,22.5395971987819,114.02617559448,6.7080663023212,0.0917082932931385,0.053529998710823,-0.0254131463367067,0.109186536841553,1
781,2206,380118.000492194,1334568918.00049,-2399703.5580174,5383202.18599168,2429710.20999409,22.5395973031459,114.026176497209,7.02198635124324,-0.035631607231972,-0.01670394587132,-0.0115407443810156,0.0410100234390746,1
782,2206,380119.000494109,1334568919.00049,-2399703.76699904,5383202.30099385,2429710.51600465,22.5395991973186,114.026177897577,7.31489011292023,0.00157020377262976,-0.0123546766081824,0.00989268218832324,0.0159049908789511,1
783,2206,380120.000496015,1334568920.0005,-2399704.0110003,5383202.34198965,2429710.84900852,22.5396015012547,114.026179901808,7.56887904370157,-0.000719679659489051,-0.0207372636620981,0.0173113998917126,0.0270228904674249,1
784,2206,380121.000497922,1334568921.0005,-2399704.08599829,5383202.40999238,2429710.95900444,22.5396020979831,114.026180298558,7.69661272449977,0.00330735900884079,-0.0152227261638405,0.00910342261267548,0.0180427913233403,1
785,2206,380122.000499842,1334568922.0005,-2399704.17499938,5383202.45899855,2429711.08899078,22.539602901767,114.026180894832,7.82124974757686,0.00122163095688411,-0.0029691240744685,-0.0182665044592497,0.0185465162530378,1
786,2206,380123.000501745,1334568923.0005,-2399704.17798494,5383202.41400296,2429711.19200069,22.5396038989784,114.026181099436,7.82390049563228,0.0297680820353369,0.00603587043109891,0.00136234021039528,0.0304043814403849,1
787,2206,380123.999503667,1334568923.9995,-2399704.37193498,5383202.4960237,2429711.17201524,22.5396031996217,114.026182496881,7.95836730290663,-0.131170935342129,-0.0475881751414153,-0.03070561482558,0.142875062462404,1
788,2206,380124.999505599,1334568924.99951,-2399704.42399894,5383202.40999526,2429711.1720103,22.539603398192,114.026183299664,7.90537130256917,-0.00215965577290697,0.00948361611137456,-0.0207882419868676,0.0229511239923002,1
789,2206,380125.999507515,1334568925.99951,-2399704.46499621,5383202.27500616,2429711.29599411,22.53960480129,114.026184197975,7.85443842199237,-0.00775108513766826,-0.0127021928716874,0.0121442017426656,0.0192069430292145,1
790,2206,380126.999509418,1334568926.99951,-2399704.4210228,5383202.32695834,2429711.03206945,22.5396024977329,114.026183601904,7.78056041389359,0.0464956360747251,0.0849162919061084,-0.141824115222474,0.171716919561568,1
791,2206,380127.999511324,1334568927.99951,-2399704.29509258,5383202.27094858,2429711.0500225,22.5396030020359,114.026182705456,7.6928363028903,0.189435744892106,0.104997716256399,-0.0458997406811392,0.221398301837395,1
792,2206,380128.999513241,1334568928.99951,-2399704.19403374,5383202.1960363,2429711.18387822,22.5396044977414,114.026182104659,7.64294718105748,0.0693110939445199,-0.0746649894490338,0.250161112093677,0.270110107913709,1
793,2206,380129.999515137,1334568929.99952,-2399704.68278781,5383202.0551376,2429711.30889883,22.5396052971132,114.026187002006,7.75580695967293,-0.437941730577787,-0.283678646711855,0.208522509444982,0.561914736349714,1
794,2206,380130.999517046,1334568930.99952,-2399705.33967631,5383201.78617543,2429711.36592511,22.5396056972976,114.026193899106,7.79779728402083,-0.670312318189788,-0.363141097051435,0.154900432428664,0.777935861270885,1
795,2206,380131.999518984,1334568931.99952,-2399706.23958182,5383201.60821612,2429711.42692547,22.5396055004087,114.026202593765,8.00946780869671,-0.869512876647208,-0.448952293618421,0.154808149703614,0.990745359724284,1
796,2206,380132.999520907,1334568932.99952,-2399707.19358831,5383201.29622259,2429711.60190749,22.5396066017066,114.026212299304,8.17210480502478,-0.859448254778568,-0.464398910818913,0.193089258994677,0.995791701587652,1
797,2206,380133.999522802,1334568933.99952,-2399708.13659861,5383200.75924951,2429711.92882473,22.5396096970258,114.026222797691,8.19905595188543,-0.84127290888209,-0.522910486220016,0.367317386506127,1.05645517947875,1
798,2206,380134.999524725,1334568934.99952,-2399709.06360284,5383200.26228695,2429712.42473191,22.5396140978752,114.026232995596,8.31851828734174,-0.835777025700792,-0.603642883608604,0.564058755702982,1.17518945175055,1
799,2206,380135.999526635,1334568935.99953,-2399710.00357435,5383199.59128929,2429712.91674768,22.5396189982243,114.026243997481,8.29455096961229,-0.899287393336117,-0.611218622859182,0.532969613663859,1.21093461005628,1
800,2206,380136.99952855,1334568936.99953,-2399711.09653119,5383198.78531612,2429713.47872871,22.5396246932487,114.026256891971,8.24106974980677,-0.994591623146022,-0.670743415315804,0.575446770577328,1.33050674999777,1
801,2206,380137.999530466,1334568937.99953,-2399712.21251988,5383198.08030124,2429713.93977382,22.539629194758,114.026269591361,8.24272667714289,-1.0226867937102,-0.641638549137632,0.481630081207225,1.29982915834827,1
802,2206,380138.999532379,1334568938.99953,-2399713.34951657,5383197.54729269,2429714.33779947,22.5396325972216,114.026281796468,8.37323037530634,-1.03396225810795,-0.625764817207475,0.428768007711399,1.2823812077862,1
803,2206,380139.999534304,1334568939.99953,-2399714.33453996,5383196.92728904,2429714.77278729,22.5396367972035,114.026292996535,8.38736413539237,-0.987833005664105,-0.62065931013882,0.45673462126568,1.2528521623097,1
804,2206,380140.999536221,1334568940.99954,-2399715.18859048,5383196.34325109,2429715.09181664,22.5396401009076,114.026302891336,8.33813595862387,-0.882912717742184,-0.541413564457678,0.395227414753824,1.10854328932282,1
805,2206,380141.999538152,1334568941.99954,-2399716.19057049,5383196.01220035,2429715.24395493,22.5396410043077,114.026313098263,8.49398232788229,-0.930107033075123,-0.433603174794014,0.0975160115871095,1.03083469998012,1
806,2206,380142.999540037,1334568942.99954,-2399717.24555099,5383195.47519156,2429715.40999614,22.5396426001283,114.026324590981,8.50134491283234,-0.976322555482319,-0.416631408915935,0.00855980166077625,1.06153696753494,1
807,2206,380143.999541976,1334568943.99954,-2399718.34151637,5383194.82527531,2429715.77984351,22.5396461950117,114.026336894503,8.50699609322331,-1.05598877781872,-0.601230671714413,0.341858049403631,1.26232228271202,1
808,2206,380144.999543899,1334568944.99954,-2399719.48850919,5383194.31629703,2429716.22480498,22.5396498988775,114.026349093253,8.67952365035392,-1.07621590188019,-0.651060333657467,0.427653959188724,1.32853608695126,1
809,2206,380145.999545785,1334568945.99955,-2399720.65450617,5383193.74729789,2429716.6978121,22.5396539996375,114.02636169831,8.81931560786584,-1.08733707345732,-0.655723763337014,0.413753266674583,1.33546521137897,1
810,2206,380146.999547728,1334568946.99955,-2399721.7785061,5383193.06132059,2429717.23876479,22.5396590961309,114.026374393485,8.87067799433188,-1.09209391901144,-0.708828771049895,0.520129899982502,1.40201371871522,1
811,2206,380147.99954965,1334568947.99955,-2399722.87954292,5383192.49932517,2429717.94372661,22.5396652009302,114.026386394038,9.08086369327071,-1.01502602829123,-0.721823150232357,0.607227260284626,1.38565199236778,1
812,2206,380148.99955156,1334568948.99955,-2399723.97052414,5383191.71133578,2429718.46471628,22.5396704999787,114.026399199814,9.02610109868593,-1.06121485872598,-0.748837842779319,0.632537124598955,1.44465854275503,1
813,2206,380149.999553456,1334568949.99955,-2399725.09551313,5383190.92634243,2429719.01571012,22.5396759918751,114.026412295688,8.99815640071352,-1.09036492774618,-0.766881678479106,0.649034157002744,1.48264915654451,1
814,2206,380150.999555378,1334568950.99956,-2399726.26850376,5383190.22232942,2429719.55974789,22.5396811020704,114.026425497242,9.05391119027205,-1.11618465217631,-0.740828764654697,0.566946378211088,1.45469021858966,1
815,2206,380151.999557287,1334568951.99956,-2399727.13157079,5383189.27922129,2429719.49189215,22.539682301468,114.026436893344,8.55686607437946,-0.969285659906724,-0.500324184182477,0.243048357709816,1.11754708355582,1
816,2206,380152.999559208,1334568952.99956,-2399728.33747157,5383188.62425788,2429719.63890731,22.5396838988139,114.026450192966,8.51418732763794,-1.19892935245044,-0.585169863818333,0.210175205591275,1.35056616969837,1
817,2206,380153.999561123,1334568953.99956,-2399729.75840762,5383188.0212666,2429719.63895781,22.539683803006,114.026465196179,8.53988268992098,-1.3499205359345,-0.607467960803738,0.0959616803456982,1.48341208732958,1
818,2206,380154.999563037,1334568954.99956,-2399730.84450631,5383187.52719738,2429719.50301134,22.5396827004549,114.026476795242,8.47941502377092,-1.12967657832546,-0.451693110650588,-0.0261543250595455,1.21691408346919,1
819,2206,380155.99956494,1334568955.99956,-2399731.94252004,5383187.00819597,2429719.46799883,22.5396825017812,114.026488598782,8.44108612055097,-1.10318263956465,-0.450533658030643,0.00264261474673442,1.19163731758786,1
820,2206,380156.999566864,1334568956.99957,-2399733.05352123,5383186.47021856,2429719.70295026,22.5396845964455,114.026500592748,8.49511696670002,-1.10536344683644,-0.504662360036097,0.115040125762018,1.22055179233602,1
821,2206,380157.99956876,1334568957.99957,-2399734.19850074,5383185.88023683,2429719.91292926,22.5396865993541,114.026513094246,8.50848306566584,-1.1577447567068,-0.549257745246478,0.164127019133686,1.29189576623079,1
822,2206,380158.999570676,1334568958.99957,-2399735.45948451,5383185.24723247,2429720.07795496,22.5396881998514,114.026526796037,8.51194871758134,-1.20079427631368,-0.541593786300185,0.104958267146626,1.32145637885974,1
823,2206,380159.999572607,1334568959.99957,-2399736.46854316,5383184.70620847,2429720.10294495,22.5396886966284,114.026537896913,8.44459080051476,-1.06877341784238,-0.487823481598513,0.128691635941533,1.18186712664609,1
824,2206,380160.999574515,1334568960.99957,-2399737.77648646,5383184.15524955,2429720.29491569,22.5396901962786,114.026551690912,8.54525788067199,-1.20713430840551,-0.586491472036955,0.198182344990307,1.35662143841515,1
825,2206,380161.99957644,1334568961.99958,-2399739.01248701,5383183.61625362,2429720.43190862,22.5396913009561,114.02656479878,8.60788814731722,-1.21117223512522,-0.598710600611648,0.2156594979528,1.36817454496136,1
826,2206,380162.999578347,1334568962.99958,-2399740.26950292,5383183.10325507,2429720.6408954,22.5396928942879,114.026577990343,8.72794974924824,-1.1789600560117,-0.604803664174434,0.248030206176433,1.34805536571977,1
827,2206,380163.999580255,1334568963.99958,-2399741.30857315,5383182.57724239,2429720.86885575,22.5396949941877,114.026589298276,8.76234558987887,-1.01687763060419,-0.577395208055363,0.34356326600831,1.21879492108344,1
828,2206,380164.999580925,1334568964.99958,-2399742.54652052,5383182.0212739,2429721.20384452,22.5396978011736,114.026602490609,8.88728737982669,-1.14431316856419,-0.653484284352842,0.370962431607868,1.36898044664998,1
829,2206,380165.999584103,1334568965.99958,-2399743.79352382,5383181.48227304,2429721.55784656,22.5397007003306,114.02661569619,9.0372369891324,-1.14508046623018,-0.656370260347142,0.368917537890443,1.37044932141734,1
830,2206,380166.999587277,1334568966.99959,-2399744.9215501,5383180.88026089,2429721.90384996,22.539703899678,114.026628094781,9.08622273341785,-1.09010036843886,-0.63207359574599,0.363523905284974,1.31148216664331,1
831,2206,380167.999587943,1334568967.99959,-2399746.07753708,5383180.16527626,2429722.25982798,22.5397074999867,114.026641188795,9.05424485269765,-1.1234976345667,-0.670502793525279,0.417417164685635,1.3733382760181,1
832,2206,380168.999589848,1334568968.99959,-2399747.30353994,5383179.62927758,2429722.61182638,22.5397104025352,114.026654196031,9.19806249944919,-1.12180537251129,-0.676602388040602,0.423209598249078,1.37671509374583,1
833,2206,380169.999591754,1334568969.99959,-2399748.59950699,5383178.9242859,2429722.80283644,22.5397123980351,114.026668493376,9.16391999711418,-1.20777413134554,-0.700327562955395,0.400367431757298,1.45240184804153,1
834,2206,380170.999593681,1334568970.99959,-2399749.75856316,5383178.31526151,2429723.1278318,22.539715400596,114.026681195238,9.21060770241388,-1.07516007410791,-0.643556122354457,0.413850317225323,1.31962333741228,1
835,2206,380171.999595599,1334568971.9996,-2399750.92855082,5383177.55427773,2429723.64780734,22.5397204944289,114.026694595638,9.20795596759559,-1.11082245273437,-0.686873919584569,0.476478372730781,1.39023521124465,1
836,2206,380172.9995975,1334568972.9996,-2399752.08255409,5383176.95926904,2429723.95382539,22.5397233015157,114.02670719716,9.25729309009172,-1.10789653233614,-0.668327623497083,0.433649786529789,1.3646056851886,1
837,2206,380173.999599414,1334568973.9996,-2399753.28254873,5383176.41825198,2429724.11886932,22.539724697278,114.026719993333,9.31543399924401,-1.1266208208526,-0.628914500486677,0.325996235507912,1.33081984823879,1
838,2206,380174.999601323,1334568974.9996,-2399754.41159298,5383176.06920905,2429724.17792556,22.5397247020925,114.026731399675,9.46821294356322,-1.02102195594128,-0.524110591525885,0.186518066400671,1.16274104415283,1
839,2206,380175.999603243,1334568975.9996,-2399755.03778163,5383175.98410921,2429724.23896333,22.5397245976763,114.026737296439,9.65530630257044,-0.55029772125387,-0.274928967063739,0.0923503328740637,0.622046704781793,1
840,2206,380176.999605148,1334568976.99961,-2399755.32589743,5383175.9980413,2429724.19700138,22.5397237975684,114.026739799473,9.7593234531492,-0.25967786253911,-0.104390010093042,-0.00356580852302114,0.279897448167233,1
841,2206,380177.999607063,1334568977.99961,-2399756.04375532,5383175.71511438,2429724.10397911,22.5397229044611,114.026747293196,9.75495074507656,-0.622941710126834,-0.291162058076368,0.0530247788229258,0.689669011518011,1
842,2206,380178.999608974,1334568978.99961,-2399757.15559552,5383175.20317912,2429723.92898948,22.5397214964542,114.026759191535,9.67413106783641,-1.03465232365452,-0.458194903240794,0.0266553976710246,1.13188272821196,1
843,2206,380179.999610903,1334568979.99961,-2399758.35957908,5383174.69420459,2429724.02395251,22.5397222007707,114.026771896295,9.73394015719506,-1.08195852944802,-0.525802384028801,0.122066503442569,1.2091330107802,1
844,2206,380180.999612809,1334568980.99961,-2399759.69856582,5383174.2872035,2429724.01197995,22.539721500508,114.026785396121,9.8895516734025,-1.12162190379032,-0.52543638412454,0.0516766953446747,1.23967317050335,1
845,2206,380181.999614722,1334568981.99961,-2399760.96455168,5383173.81720182,2429724.09600157,22.5397219029606,114.026798497137,10.001360954834,-1.16376643167225,-0.523776469624033,-0.00398662923379663,1.27620922690271,1
846,2206,380182.999616641,1334568982.99962,-2399762.19756073,5383173.22321613,2429724.24695827,22.5397233021559,114.026811796102,10.0218356353507,-1.1459268405033,-0.563835441560273,0.108943733156916,1.2817673212949,1
847,2206,380183.999618565,1334568983.99962,-2399763.50553024,5383172.72122691,2429724.34896535,22.539723896575,114.026825396502,10.1293439397227,-1.23168483696215,-0.594790150228402,0.0908399899986053,1.37079347977518,1
848,2206,380184.999620461,1334568984.99962,-2399764.87452752,5383172.15524525,2429724.80993247,22.5397276012223,114.02683979206,10.3434175896672,-1.2450142855469,-0.646100581722094,0.1782894061247,1.4139638062036,1
849,2206,380185.99962236,1334568985.99962,-2399766.19653502,5383171.53325643,2429725.24090448,22.5397312989941,114.026853992082,10.4810757264841,-1.23137142716635,-0.67898087503285,0.253165622987574,1.4287699090353,1
850,2206,380186.999624291,1334568986.99962,-2399767.4075564,5383170.76226636,2429725.69286079,22.5397357992964,114.026867796431,10.4593446825501,-1.1807065080675,-0.709024956913057,0.370659644180669,1.42624430570034,1
851,2206,380187.999626226,1334568987.99963,-2399768.72154329,5383170.17326075,2429726.07488771,22.5397389958608,114.026881794685,10.6030496457378,-1.22200767437465,-0.697476128993298,0.300480376959619,1.43877175524258,1
852,2206,380188.999628128,1334568988.99963,-2399770.03155188,5383169.67525791,2429726.49189117,22.5397422020382,114.026895397412,10.8354349571478,-1.20514492959423,-0.693327960349473,0.292779861832839,1.42084411862241,1
853,2206,380189.999630036,1334568989.99963,-2399771.33154877,5383169.08025175,2429726.6179079,22.5397433020243,114.0269092952,10.8706825781609,-1.21975465552214,-0.680370322586709,0.248792917198048,1.41866243735872,1
854,2206,380190.999631946,1334568990.99963,-2399772.63254787,5383168.48724772,2429726.88891748,22.5397456035862,114.026923193962,10.9635756681886,-1.22851285895919,-0.672970706075166,0.224245642667656,1.4185977316064,1
855,2206,380191.999633865,1334568991.99963,-2399773.9475508,5383167.9742459,2429727.11991942,22.5397472987875,114.026936900401,11.1138883029329,-1.22695998875419,-0.671432522791131,0.220103797588048,1.41587362726269,1
856,2206,380192.999635769,1334568992.99964,-2399775.11955524,5383167.27024035,2429727.02692182,22.5397470970813,114.026950093186,10.9250995779707,-1.22102724443603,-0.659936191293268,0.214317297527868,1.40440564377012,1
857,2206,380193.999637464,1334568993.99964,-2399776.35556137,5383166.60623414,2429727.05592364,22.5397476962475,114.026963695917,10.8408881414989,-1.20992244125599,-0.645851123726916,0.210430099327507,1.38755785990248,1
858,2206,380194.999639608,1334568994.99964,-2399777.59157039,5383166.01923654,2429727.29490743,22.5397498033009,114.02697699386,10.9021326958076,-1.19209996486491,-0.6562619024491,0.256846779126976,1.38482933200627,1
859,2206,380195.999640007,1334568995.99964,-2399778.84856948,5383165.37724116,2429727.46689633,22.5397514958771,114.026990695864,10.8991950478315,-1.19597417712207,-0.669884996062309,0.287869921485311,1.40070312057487,1
860,2206,380196.999645324,1334568996.99965,-2399780.1365654,5383164.75424031,2429727.70090209,22.5397536019655,114.027004597906,10.9477106340178,-1.22542312822866,-0.677488736622634,0.275993076571578,1.42717378400939,1
861,2206,380197.999645361,1334568997.99965,-2399781.41755947,5383164.14323991,2429727.88890788,22.5397552963154,114.027018390278,10.9860838949816,-1.24224900471994,-0.676421497291425,0.259685059530823,1.43811159576341,1
862,2206,380198.999645644,1334568998.99965,-2399782.65856058,5383163.5152327,2429728.00491809,22.5397565003182,114.02703189487,10.9674731375455,-1.24005211521877,-0.656643634241521,0.23102150706671,1.42206928367637,1
863,2206,380199.999647636,1334568999.99965,-2399783.95755887,5383162.89123762,2429728.19190798,22.5397582019011,114.027045898537,11.0012662610476,-1.25198130183838,-0.674313938898053,0.261089945937288,1.44579543097032,1
864,2206,380200.999652944,1334569000.99965,-2399785.21957029,5383162.36322594,2429728.36092064,22.5397595022106,114.027059193877,11.0952293183347,-1.23819049133693,-0.650886959110508,0.228595385215396,1.41740092299924,1
865,2206,380201.999654195,1334569001.99965,-2399786.54456497,5383161.84821997,2429728.55693988,22.5397608978788,114.027072996965,11.2342022544277,-1.25809572007029,-0.635971071087421,0.173873718936677,1.4203859032869,1
866,2206,380202.999654946,1334569002.99966,-2399787.83757823,5383161.41522672,2429728.8989164,22.5397632966919,114.027086191467,11.4862821206046,-1.22240186157233,-0.656837762553764,0.242397519374962,1.40870817236618,1
867,2206,380203.999656842,1334569003.99966,-2399789.16056233,5383160.82123188,2429729.1369181,22.5397652950804,114.027100289356,11.5739586316153,-1.27547078560767,-0.675652197327858,0.238671893132083,1.46297501320558,1
868,2206,380204.999657579,1334569004.99966,-2399790.47256901,5383160.1002468,2429729.52988055,22.5397690028911,114.027114792431,11.6097804101648,-1.25869291667524,-0.720761466087074,0.348908886682507,1.4918251776567,1
869,2206,380205.999661871,1334569005.99966,-2399791.70558818,5383159.4042463,2429729.86986198,22.5397723011461,114.027128495285,11.6166656572342,-1.21793067358968,-0.728389633411444,0.408139063187267,1.4766462266336,1
870,2206,380206.999662613,1334569006.99966,-2399792.95758573,5383158.72524238,2429730.2798721,22.5397761029918,114.027142299371,11.6718701673742,-1.22792027866904,-0.718352703432334,0.379107844604967,1.47225730602236,1
871,2206,380207.999664511,1334569007.99966,-2399794.23958947,5383158.1402343,2429730.62188616,22.5397789982413,114.027155997826,11.791588271802,-1.22373032166841,-0.698257022183044,0.339328222956597,1.44921441205002,1
872,2206,380208.99966642,1334569008.99967,-2399795.48259322,5383157.51822958,2429730.95589116,22.5397819986271,114.027169496443,11.8623602036111,-1.21944641018741,-0.688163441712558,0.326268717731199,1.43773076269467,1
873,2206,380209.999668335,1334569009.99967,-2399796.79858037,5383157.0092284,2429731.26090975,22.5397842971096,114.027183195784,12.0447959916614,-1.26528631403956,-0.688464993279235,0.272112245887122,1.46593948641427,1
874,2206,380210.999670251,1334569010.99967,-2399798.04358858,5383156.39123033,2429731.53689499,22.539786798084,114.027196696339,12.0974618934222,-1.24765798284748,-0.698408392198047,0.318436270203861,1.46486394680088,1
875,2206,380211.999672172,1334569011.99967,-2399799.2155978,5383155.76222171,2429731.676899,22.5397883025991,114.027209592321,12.0612622028484,-1.22679676059822,-0.676246519208968,0.307904864450485,1.43427509638451,1
876,2206,380212.999674075,1334569012.99967,-2399800.59758123,5383155.29822211,2429731.88991679,22.5397895984456,114.027223699514,12.2712144638088,-1.28499252201052,-0.681251371278517,0.255252784960341,1.47663915589484,1
877,2206,380213.99967599,1334569013.99968,-2399801.78559593,5383154.65421556,2429732.03891278,22.5397912028154,114.027236796974,12.2318293463533,-1.24702913371578,-0.665261232268052,0.269068897147513,1.43876761115439,1
878,2206,380214.999677913,1334569014.99968,-2399803.05559426,5383154.09220519,2429732.09993639,22.539791698655,114.027250297804,12.2587246699096,-1.25974647877358,-0.636998005269892,0.197325025867951,1.42536480079102,1
879,2206,380215.999679827,1334569015.99968,-2399804.28260681,5383153.50921177,2429732.33790881,22.5397937972688,114.027263500021,12.3195826000667,-1.22804703971367,-0.661357023231703,0.284803986996867,1.42358911029016,1
880,2206,380216.999681742,1334569016.99968,-2399805.47261416,5383152.81921781,2429732.67288676,22.5397970954115,114.027276797203,12.3134450351413,-1.21233984238312,-0.684403161177439,0.355804834523426,1.43693168269387,1
881,2206,380217.99968366,1334569017.99968,-2399806.67360839,5383152.23020377,2429732.80892173,22.5397983995158,114.027289792236,12.3203648061643,-1.23790138569402,-0.644097954386152,0.247299495951326,1.41718702232464,1
882,2206,380218.999685564,1334569018.99969,-2399807.92661182,5383151.70419261,2429732.92894379,22.5397992975677,114.027302999676,12.3938539840346,-1.23454805911472,-0.612465804587603,0.178694730550249,1.38966005871202,1
883,2206,380219.999687471,1334569019.99969,-2399809.36159028,5383151.26018474,2429732.88298225,22.5397982954781,114.027317498276,12.5413297168959,-1.31111255369876,-0.590982870266472,0.0566628186982064,1.43926632574993,1
884,2206,380220.999689386,1334569020.99969,-2399810.77159333,5383150.8121764,2429732.83199852,22.5397972993491,114.027331790954,12.6741134284891,-1.3093363238842,-0.567793066863171,0.00468989763920494,1.42715541233614,1
885,2206,380221.999691312,1334569021.99969,-2399811.98965097,5383150.48615179,2429732.83099858,22.5397966049825,114.027343896515,12.8567760596391,-1.13072647515491,-0.491566607527211,0.00458939237389243,1.23296437652287,1
886,2206,380222.99969323,1334569022.99969,-2399813.09165952,5383150.05314334,2429732.75600579,22.5397957952817,114.02735539515,12.8771832027521,-1.10987878397363,-0.46720749403112,-0.018922120275746,1.20435534798886,1
887,2206,380223.99969514,1334569023.9997,-2399814.28266294,5383149.74313642,2429732.73301919,22.5397949050227,114.027367197095,13.0547562469345,-1.10568298285265,-0.447368172742711,-0.0629346637731235,1.19441781318654,1
888,2206,380224.999697048,1334569024.9997,-2399815.43766568,5383149.35413176,2429732.62402692,22.5397935979306,114.027378992084,13.119181410503,-1.10359838623013,-0.434887539978592,-0.0888943221216487,1.18952039537952,1
889,2206,380225.999698973,1334569025.9997,-2399816.63865668,5383148.93914074,2429732.67001682,22.5397936008132,114.027391298261,13.2383885282889,-1.14057007334229,-0.4674883884388,-0.0557713607178008,1.23391893178014,1
890,2206,380226.999700884,1334569026.9997,-2399817.94163734,5383148.50215257,2429732.64000983,22.5397928956367,114.027404597068,13.3482633230836,-1.21255015850343,-0.510006381284223,-0.0328659466170333,1.315851270579,1
891,2206,380227.999702799,1334569027.9997,-2399819.22862192,5383148.00416066,2429732.52500573,22.539791696953,114.027417995314,13.3680795092306,-1.27216797122204,-0.540549578621504,-0.0193503554033628,1.38238186844494,1
892,2206,380228.999704727,1334569028.9997,-2399820.43766297,5383147.55715987,2429732.70396718,22.5397928987435,114.027430499668,13.514283242913,-1.14145235970992,-0.54135265178397,0.1112390516711,1.26820751838868,1
893,2206,380229.999706631,1334569029.99971,-2399821.34770454,5383146.92113982,2429732.73696623,22.5397939021595,114.027441097408,13.3326375836916,-1.0070149038835,-0.476732060332215,0.11504679838203,1.12008403247705,1
894,2206,380230.999708543,1334569030.99971,-2399822.5356769,5383146.27616651,2429732.95693687,22.5397961015944,114.027454198321,13.3196320975859,-1.10865844044883,-0.571406728402617,0.216625195553077,1.26592087516978,1
895,2206,380231.999710455,1334569031.99971,-2399823.72163829,5383145.47618847,2429732.92592667,22.5397967006117,114.027467894928,13.0789040685359,-1.24923811158008,-0.651087533014189,0.253031923737575,1.4312707603738,1
896,2206,380232.999712371,1334569032.99971,-2399824.94063267,5383144.67319255,2429733.05492249,22.5397985971473,114.02748189678,12.9093876319698,-1.27704532183036,-0.669568979158928,0.269356101554413,1.46687425545114,1
897,2206,380233.999714281,1334569033.99971,-2399826.36963226,5383144.19119192,2429733.43792708,22.539801301396,114.027496492672,13.1870026237646,-1.28719281706309,-0.671548615984834,0.255336407130059,1.47412332344891,1
898,2206,380234.99971619,1334569034.99972,-2399827.7666252,5383143.53320067,2429733.63991719,22.5398030974109,114.027511500997,13.2347311703553,-1.32066605824872,-0.707017482025874,0.291711573706464,1.52614815779292,1
899,2206,380235.999718101,1334569035.99972,-2399829.12564125,5383142.7922158,2429734.00887042,22.5398066019071,114.027526500639,13.262167249154,-1.27267777961977,-0.765530251314772,0.459656179152027,1.55467974176311,1
900,2206,380236.999720018,1334569036.99972,-2399830.45764009,5383141.94122414,2429734.47485621,22.5398113015842,114.027541695834,13.2238385453332,-1.28552178981844,-0.800611046971877,0.513548675888508,1.59914869950804,1
901,2206,380237.999721937,1334569037.99972,-2399831.80362834,5383141.19719343,2429734.52793321,22.5398121994917,114.02755659186,13.1227232488587,-1.33661795072688,-0.695644671564089,0.239970770232394,1.52579652177044,1
902,2206,380238.999723853,1334569038.99972,-2399832.94367981,5383140.69713557,2429734.38701078,22.5398109982511,114.027568693674,13.0756071838647,-1.15943323089323,-0.490876734143739,-0.039202681358763,1.25967544837901,1
903,2206,380239.999725769,1334569039.99973,-2399833.61879638,5383140.34007387,2429734.2940301,22.5398104000803,114.027576101342,12.992647932585,-0.742338293801434,-0.269378231008682,-0.109782474968462,0.797297288089952,1
904,2206,380240.999727678,1334569040.99973,-2399834.53676747,5383140.05107905,2429734.20804845,22.539809302789,114.027585395872,13.0611228294775,-0.853953720491271,-0.290283536224066,-0.177848534413487,0.919310387919476,1
905,2206,380241.999729593,1334569041.99973,-2399835.65570141,5383139.60610132,2429734.04806434,22.5398077981841,114.027597092163,13.0452233764798,-1.10430388940898,-0.374764484644297,-0.237902447329165,1.19018194977059,1
906,2206,380242.999731519,1334569042.99973,-2399836.78371841,5383139.33009037,2429733.84607242,22.5398053962012,114.027608200283,13.1591746976936,-1.04889185069716,-0.336553048467745,-0.269690590274547,1.1340965934939,1
907,2206,380243.999733431,1334569043.99973,-2399837.86471763,5383138.92509004,2429733.62407471,22.5398033014426,114.027619401511,13.1389622615758,-1.05930857470889,-0.337843597891905,-0.280238124232894,1.14665005967902,1
908,2206,380244.999735342,1334569044.99974,-2399839.26063066,5383138.34311995,2429733.19609224,22.5397996043077,114.027634099334,13.0089334677395,-1.39560684811351,-0.453353210404884,-0.348609148176894,1.50823603791925,1
909,2206,380245.999737268,1334569045.99974,-2399840.63062238,5383137.67912149,2429732.75609432,22.5397961028326,114.027648891696,12.7953532747731,-1.43723787370941,-0.46258635789417,-0.359053777456583,1.55195311116038,1
910,2206,380246.999739186,1334569046.99974,-2399841.9796505,5383137.21810701,2429732.31809926,22.5397920058531,114.027662694454,12.7458908563467,-1.34003051814683,-0.410317756525282,-0.380648104887294,1.45221741851525,1
911,2206,380247.999741101,1334569047.99974,-2399843.38865709,5383136.91809558,2429731.84212266,22.5397869985199,114.027676392458,12.8402450973962,-1.32454003741899,-0.369108924077635,-0.473796105282441,1.45434880889712,1
912,2206,380248.999743005,1334569048.99974,-2399844.8826324,5383136.40211782,2429731.504098,22.5397837048187,114.027691699751,12.8372495767288,-1.43043652542923,-0.458538283515304,-0.381268683470068,1.5497650853359,1
913,2206,380249.999744941,1334569049.99974,-2399846.37063586,5383135.79914477,2429731.32303668,22.5397820037372,114.027707298373,12.8187889300039,-1.42771424350944,-0.567630833633166,-0.143793068335719,1.54312966756271,1
914,2206,380250.999746863,1334569050.99975,-2399847.69766649,5383135.06116765,2429731.56695562,22.5397845009351,114.027722002116,12.7888093284972,-1.31748203890923,-0.662383283672939,0.175438618798821,1.48502163159458,1
915,2206,380251.999748753,1334569051.99975,-2399849.01567604,5383134.306181,2429731.97091754,22.5397883994691,114.02773669309,12.8024370207039,-1.28943980891425,-0.720449395767618,0.328300370598964,1.5131039243919,1
916,2206,380252.99975066,1334569052.99975,-2399850.28569193,5383133.54218954,2429732.44688317,22.5397929946669,114.027750993577,12.8180203728535,-1.23557038717187,-0.760173627793213,0.468579623646501,1.52448843542516,1
917,2206,380253.999752597,1334569053.99975,-2399851.45071335,5383132.76919124,2429733.05886037,22.5397989007363,114.027764397479,12.8386568181542,-1.15863240862154,-0.772980317493521,0.564445989309106,1.50283961366064,1
918,2206,380254.999754512,1334569054.99975,-2399852.59573151,5383132.02919358,2429733.85883927,22.5398062986993,114.027777493148,12.9516753710017,-1.09371669435131,-0.788521440078735,0.654873967230691,1.49894702438847,1
919,2206,380255.999756405,1334569055.99976,-2399853.75274049,5383131.41418425,2429734.58885349,22.5398127010533,114.02779020054,13.1478222606089,-1.06540871616279,-0.756251456228362,0.601521918880537,1.43834648691367,1
920,2206,380256.999758328,1334569056.99976,-2399854.86574817,5383130.72818713,2429735.35584337,22.5398196982568,114.027802798241,13.2817114411836,-1.04206433532596,-0.774271405041829,0.648206444509425,1.45105681567861,1
921,2206,380257.999760252,1334569057.99976,-2399855.89475154,5383129.98017986,2429735.94185669,22.5398255004713,114.027814895531,13.2623254156153,-1.03631136285565,-0.750206350519432,0.597711942642776,1.4120943224591,1
922,2206,380258.999762166,1334569058.99976,-2399856.99074667,5383129.22918875,2429736.68084306,22.5398324935726,114.027827599447,13.3242551384671,-1.06520366039517,-0.793591793907836,0.659934456367072,1.48322630106725,1
923,2206,380259.999764075,1334569059.99976,-2399858.09674857,5383128.50319388,2429737.47983226,22.5398398939959,114.02784029327,13.4340355081973,-1.0657621625942,-0.821726688712785,0.711053349259144,1.52206458590068,1
924,2206,380260.999765982,1334569060.99977,-2399859.25074878,5383127.85718651,2429738.17384937,22.5398460983526,114.027853096651,13.5891046643366,-1.07356712540693,-0.796883353185467,0.643676957147443,1.48387650311648,1
925,2206,380261.999767711,1334569061.99977,-2399860.32176194,5383127.15118481,2429738.93784195,22.5398531929881,114.027865400674,13.6891780005603,-1.02486371000578,-0.795543841298762,0.680489459278033,1.46502611980255,1
926,2206,380262.999769824,1334569062.99977,-2399861.33677567,5383126.29518026,2429739.74483601,22.5398611994586,114.027877801245,13.6581357841225,-0.974627260868812,-0.7831777241363,0.712513742454477,1.43907660616051,1
927,2206,380263.999770393,1334569063.99977,-2399862.42377443,5383125.72816845,2429740.34886491,22.5398664979461,114.027889697037,13.8201524197592,-0.982499413557009,-0.733503536998781,0.58834240509327,1.35995563238678,1
928,2206,380264.999774855,1334569064.99977,-2399863.5887657,5383125.08117007,2429741.00787081,22.539872397927,114.027902601932,13.9650997269258,-1.04076241237039,-0.755300202928982,0.573865476589003,1.40818549231567,1
929,2206,380265.999775566,1334569065.99978,-2399864.90673218,5383124.42517757,2429741.50989182,22.5398768013885,114.027916900684,14.099814340779,-1.1934353057584,-0.79111520484674,0.482009187432357,1.51078918222879,1
930,2206,380266.999777479,1334569066.99978,-2399866.09273201,5383123.49917546,2429741.93489426,22.539881602143,114.027931096504,13.9276017677723,-1.2043082623766,-0.788603285142693,0.475174141086574,1.51593007639659,1
931,2206,380267.999779384,1334569067.99978,-2399867.44372503,5383122.7391743,2429742.353904,22.5398855955279,114.027946100198,13.9551777686808,-1.24644069651306,-0.790051123650003,0.435106473045713,1.53854243711081,1
932,2206,380268.9997813,1334569068.99978,-2399868.61574264,5383121.88216607,2429742.75490248,22.5398899976504,114.027959898773,13.8267079666693,-1.17677582975134,-0.759386198113708,0.445860730271909,1.46978248124378,1
933,2206,380269.999783238,1334569069.99978,-2399869.93073815,5383121.11816224,2429743.13091399,22.5398936957975,114.027974598694,13.820887901707,-1.20806604902978,-0.748466598644469,0.396758153622007,1.47548055242025,1
934,2206,380270.999785155,1334569070.99979,-2399871.07076429,5383120.3651551,2429743.63790729,22.5398986982516,114.027987701549,13.8087512490904,-1.09712615019182,-0.721941443480663,0.431563275416344,1.38243701409423,1
935,2206,380271.999787055,1334569071.99979,-2399872.42273832,5383119.76015098,2429743.91294386,22.5399009993951,114.028002100425,13.9122611404359,-1.22895746018205,-0.708955182672663,0.263610448014832,1.44306769012341,1
936,2206,380272.99978896,1334569072.99979,-2399873.64475177,5383119.0671424,2429744.08494669,22.5399029025955,114.028015693745,13.8531615843596,-1.17621772465555,-0.674737741113523,0.252546703557434,1.37932555713094,1
937,2206,380273.999790872,1334569073.99979,-2399874.78376573,5383118.46311805,2429744.0719848,22.5399030987442,114.02802819789,13.7670111535166,-1.12022142623675,-0.564490909678333,0.0725925116057938,1.25650933289435,1
938,2206,380274.999791548,1334569074.99979,-2399875.71481595,5383118.05009038,2429744.06099527,22.5399030006089,114.028038099511,13.7645266793594,-0.882915659297051,-0.433524519862377,0.0226802321220622,0.983868875248608,1
939,2206,380275.999794492,1334569075.99979,-2399876.56983558,5383117.77107835,2429744.18400546,22.5399037035615,114.028046795581,13.8978671417141,-0.800097307610932,-0.381166379248311,-0.0264967331736081,0.886648513890597,1
940,2206,380276.999798093,1334569076.9998,-2399877.43582795,5383117.18612086,2429744.76791964,22.5399092025125,114.028056800119,13.9539223090382,-0.8521415244081,-0.598656642770073,0.398214463389604,1.11494830032875,1
941,2206,380277.999798534,1334569077.9998,-2399878.6657716,5383116.43314382,2429745.2419123,22.5399138028834,114.028070701229,13.9629791651241,-1.13380187697534,-0.713914496125144,0.43532799631571,1.40879064036736,1
942,2206,380278.999800733,1334569078.9998,-2399880.09074454,5383115.79015229,2429745.5139643,22.5399160963359,114.028085898625,14.0607551769377,-1.28208957566392,-0.764194379888333,0.179177958474924,1.50328023704239,1
943,2206,380279.99980238,1334569079.9998,-2399881.51476142,5383115.11915356,2429745.91994813,22.5399195967449,114.028101198394,14.1858854615643,-1.20739746993817,-0.777011534308695,0.26258484097057,1.45962542234964,1
944,2206,380280.999804264,1334569080.9998,-2399882.52378837,5383114.19910888,2429746.11393748,22.5399227013206,114.028113799322,13.8635934488084,-1.08112922689329,-0.556433899612781,0.319354298744878,1.25715800836968,1
945,2206,380281.999805974,1334569081.99981,-2399883.69877436,5383113.2231191,2429746.57793304,22.5399280008482,114.028128095238,13.6600224785058,-1.16296952342006,-0.614043701096029,0.345193030777828,1.35967128665615,1
946,2206,380282.999808095,1334569082.99981,-2399884.80376885,5383112.26412156,2429746.74896337,22.5399309018196,114.028141702447,13.3321621241259,-1.20443812167324,-0.633611959394648,0.190809981268173,1.37424297450605,1
947,2206,380283.999808662,1334569083.99981,-2399886.05075922,5383111.37512015,2429746.84996839,22.5399327972974,114.028156293354,13.0899086793676,-1.25841945347305,-0.628107745005394,0.165155558901335,1.41612683713402,1
948,2206,380284.999813178,1334569084.99981,-2399887.00880867,5383110.51611681,2429747.04593366,22.5399357972141,114.028168200041,12.8006966932912,-1.02405777284886,-0.62536624216011,0.355030687293361,1.25132891275061,1
949,2206,380285.999813877,1334569085.99981,-2399887.94278219,5383109.40307004,2429747.02192527,22.539937799555,114.02818089856,12.2038032823386,-1.17012581517463,-0.37667580256272,0.401279681196575,1.29309878436088,1
950,2206,380286.999815779,1334569086.99982,-2399889.24373923,5383108.55808018,2429746.93298773,22.539937895594,114.028195794424,11.9461636735062,-1.41550547194219,-0.435464517966547,0.0664547191216651,1.48246460908841,1
951,2206,380287.999817683,1334569087.99982,-2399890.68472687,5383107.79709929,2429747.09197627,22.5399395964894,114.028211601067,11.9070923685417,-1.49808440665612,-0.544750745450048,0.130205243081104,1.59936352011055,1
952,2206,380288.999819612,1334569088.99982,-2399892.01575573,5383106.96810332,2429747.24297092,22.539941600735,114.028226700627,11.7662276655736,-1.35409554768676,-0.572932383295966,0.161191507208784,1.47912439304156,1
953,2206,380289.999821527,1334569089.99982,-2399893.05078181,5383106.05608521,2429747.32396102,22.5399437008064,114.028239500643,11.4171715471288,-1.22239169954803,-0.477628705831346,0.218325466162663,1.33042724601279,1
954,2206,380290.999823407,1334569090.99982,-2399894.31677133,5383105.13209515,2429747.42795976,22.5399457050867,114.028254398751,11.1536977424141,-1.29488530605519,-0.539048749256681,0.227823002087528,1.42098727305807,1
955,2206,380291.999824082,1334569091.99982,-2399895.35479625,5383104.2520856,2429747.7729281,22.53994990145,114.028267098694,10.9339618301669,-1.15814945963937,-0.486783753844507,0.408727719792015,1.32110822523981,1
956,2206,380292.999828609,1334569092.99983,-2399896.48279567,5383103.24509479,2429748.30091194,22.539955898905,114.028281100155,10.7111006416913,-1.19216574715826,-0.553287094539678,0.513847447806894,1.41117857739523,1
957,2206,380293.999829189,1334569093.99983,-2399897.54180227,5383102.2870926,2429748.71691143,22.5399609047132,114.028294295122,10.4606917188622,-1.1575380350508,-0.54234934236652,0.518468383058639,1.37943705038907,1
958,2206,380294.999831325,1334569094.99983,-2399898.57680332,5383101.29808991,2429749.10391865,22.5399658005575,114.02830739966,10.1639901945206,-1.16597738477101,-0.533240856932961,0.482215919183469,1.36981066794429,1
959,2206,380295.999833037,1334569095.99983,-2399899.74478329,5383100.28107773,2429749.15496808,22.5399677954533,114.028321795779,9.76489014743477,-1.2979365518554,-0.465814550493326,0.191079598721041,1.39216877609756,1
960,2206,380296.999834931,1334569096.99984,-2399900.82478485,5383099.26807077,2429749.31395256,22.5399708019282,114.028335394895,9.37745637719272,-1.30328906604419,-0.428987578000539,0.287325724495686,1.40183765240704,1
961,2206,380297.999836834,1334569097.99984,-2399901.75682357,5383098.30005587,2429749.66792086,22.5399755009799,114.028347502169,9.04707338049343,-1.08117115270057,-0.342732938895126,0.484989200888866,1.23353615829225,1
962,2206,380298.999837677,1334569098.99984,-2399902.59983843,5383097.46304701,2429749.9369362,22.5399792027681,114.028358300436,8.76115882877844,-0.995276891230818,-0.289838320536819,0.392960663022182,1.10860291581455,1
963,2206,380299.99983849,1334569099.99984,-2399903.56983064,5383096.68304378,2429750.40393339,22.5399841966235,114.028370000472,8.64697930531625,-1.04854465425165,-0.271281095536677,0.412424471607306,1.15893626638217,1
964,2206,380300.999842236,1334569100.99984,-2399904.68983569,5383096.08807045,2429750.81095639,22.5399878938218,114.028382300033,8.7223145193267,-1.04153126917952,-0.446646137077914,0.276442885916963,1.16649081677458,1
965,2206,380301.99984681,1334569101.99985,-2399905.80582986,5383095.35707624,2429751.31094921,22.5399928021362,114.02839510241,8.71703565672282,-1.11065736326728,-0.497816564917819,0.33163673175551,1.26149277950208,1
966,2206,380302.999847763,1334569102.99985,-2399906.83681158,5383094.33605257,2429751.6129406,22.5399970958011,114.028408298028,8.35922393904869,-1.23760816102082,-0.345622217656984,0.390135994980543,1.34288300761567,1
967,2206,380303.999848324,1334569103.99985,-2399908.10081284,5383093.53406409,2429752.01495045,22.5400012027209,114.028422695572,8.31216036018716,-1.23397293929084,-0.422733771913489,0.326733092436978,1.34467377847258,1
968,2206,380304.999850137,1334569104.99985,-2399909.44981494,5383092.79507811,2429752.63393698,22.5400068003403,114.02843759844,8.43338542018916,-1.23493400329183,-0.521296936454479,0.420631080701044,1.40489963858453,1
969,2206,380305.999852151,1334569105.99985,-2399910.68380692,5383092.00107999,2429752.79297912,22.5400088978137,114.028451697907,8.28864058540207,-1.30587688240057,-0.541124808706933,0.141188443267822,1.42058602946064,1
970,2206,380306.999852902,1334569106.99985,-2399911.90881636,5383091.1120794,2429752.77098632,22.5400097983806,114.028466093681,7.99098032131135,-1.24842652282484,-0.539917076390347,0.0929396817031919,1.36334772406217,1
971,2206,380307.999853475,1334569107.99985,-2399913.14481739,5383090.24508233,2429753.03496401,22.5400129990331,114.02848049995,7.82563645420989,-1.24625800271984,-0.56200165562286,0.245684254734036,1.38901606300658,1
972,2206,380308.99985518,1334569108.99986,-2399914.39282412,5383089.407086,2429753.32395614,22.5400162997068,114.02849489802,7.69886116981216,-1.21451041050366,-0.593931997667648,0.302840591775436,1.38546135965683,1
973,2206,380309.999860164,1334569109.99986,-2399915.70582414,5383088.5640946,2429753.84994905,22.5400215012746,114.028509892933,7.68316483860578,-1.25760936997725,-0.676564646197238,0.364454363846516,1.47382089524655,1
974,2206,380310.99986451,1334569110.99986,-2399916.97282733,5383087.89308086,2429754.02497947,22.5400232967331,114.028523798684,7.66071206801105,-1.27444565498635,-0.596792102531936,0.151536381796283,1.41539246012051,1
975,2206,380311.999865852,1334569111.99987,-2399918.35382868,5383087.22808421,2429754.18699047,22.540024803894,114.028538692794,7.68121800753022,-1.27716022853977,-0.627732951207788,0.0710490208015074,1.42486310596936,1
976,2206,380312.99986649,1334569112.99987,-2399919.60384366,5383086.49308312,2429754.49096316,22.5400279010462,114.028552700999,7.64782607439747,-1.17101950290911,-0.622620511366643,0.275974582336861,1.35466045467636,1
977,2206,380313.99986748,1334569113.99987,-2399920.83183077,5383085.5840793,2429754.71295698,22.5400308956289,114.028567202401,7.42794102308565,-1.27702343564909,-0.598558267263888,0.324583892338891,1.44720957627871,1
978,2206,380314.99986938,1334569114.99987,-2399921.84486561,5383084.95307578,2429755.02895284,22.5400340982892,114.028578694819,7.39776294757528,-1.02886330920141,-0.580166112503331,0.361052110090007,1.23511580563061,1
979,2206,380315.999870109,1334569115.99987,-2399923.17684831,5383084.40307511,2429755.33297063,22.5400364953773,114.028592698494,7.55127787533235,-1.16788285838515,-0.578261602095909,0.226099282800735,1.32267068352308,1
980,2206,380316.999871641,1334569116.99987,-2399924.45585579,5383083.861075,2429755.69196806,22.5400394003991,114.028606200139,7.7126941264818,-1.12354826862977,-0.584249841056138,0.24888939504434,1.29060238636096,1
981,2206,380317.999876678,1334569117.99988,-2399925.71185107,5383083.19306029,2429755.71099221,22.5400399007083,114.028619996283,7.6288318851137,-1.20765025473922,-0.48895286327573,0.0630893455277916,1.3044057289802,1
982,2206,380318.99987821,1334569118.99988,-2399927.18784353,5383082.58707198,2429756.05398145,22.5400425968596,114.028635500229,7.80421737842092,-1.28485095871241,-0.590999577181537,0.152415154961188,1.42244608537365,1
983,2206,380319.999878963,1334569119.99988,-2399928.65384641,5383082.11107997,2429756.2889813,22.5400439954024,114.028650400894,8.04411229248717,-1.26902208667825,-0.660689381276851,0.154564770367482,1.43903362825472,1
984,2206,380320.999880873,1334569120.99988,-2399929.93084953,5383081.36407587,2429756.36597135,22.5400451992972,114.028664696241,7.9237385405388,-1.26313314310149,-0.636957798198356,0.240459217081457,1.43493595988342,1
985,2206,380321.999882807,1334569121.99988,-2399931.33685466,5383080.80408125,2429756.58296805,22.5400467978347,114.028679396714,8.06330619259061,-1.24024169682433,-0.693292061167005,0.272608953227215,1.44677883244072,1
986,2206,380322.99988473,1334569122.99988,-2399932.72286057,5383080.1740765,2429756.78297174,22.540048504175,114.028694196747,8.12978013254425,-1.20967862298426,-0.663670870448033,0.245121007442342,1.40137992831205,1
987,2206,380323.999886641,1334569123.99989,-2399934.08587402,5383079.64307128,2429756.99098033,22.5400499966892,114.028708400748,8.27418906052924,-1.11139539628003,-0.628746777877108,0.173561698772206,1.28866050643448,1
988,2206,380324.999888538,1334569124.99989,-2399935.56587422,5383079.20007101,2429757.38497525,22.540052597291,114.028723295094,8.60812842129845,-1.12858433845477,-0.63700089753355,0.222142761203052,1.31484605898138,1
989,2206,380325.999890454,1334569125.99989,-2399936.87388874,5383078.77306226,2429757.76797811,22.5400552980738,114.028736599098,8.88666252570417,-1.01571205145853,-0.568320626950225,0.199878285114641,1.18093633840083,1
990,2206,380326.99989237,1334569126.99989,-2399937.81991515,5383078.37004678,2429758.11097915,22.5400580995994,114.028746594076,9.03396300612549,-0.788357735079059,-0.434653288322506,0.193739685774846,0.920850946327736,1
991,2206,380327.999894286,1334569127.99989,-2399938.4469465,5383078.15903006,2429758.3289877,22.5400597012319,114.028752996714,9.17534438424073,-0.506068327473449,-0.284312413269114,0.116353804006827,0.592010902025918,1
992,2206,380328.999896213,1334569128.9999,-2399938.90996043,5383077.88201015,2429758.37400727,22.5400602999111,114.028758204334,9.13305026726464,-0.381236549555196,-0.0978731529320506,-0.0700588829038137,0.399785827481843,1
993,2206,380329.999898107,1334569129.9999,-2399939.28997043,5383077.49799925,2429758.29301314,22.5400603028314,114.028763098492,8.92097980211491,-0.290220702476747,0.00724124197028093,-0.128926110586994,0.317651434315128,1
994,2206,380330.999900027,1334569130.9999,-2399939.67597249,5383077.30299994,2429758.33199478,22.5400607003848,114.028767297657,8.91659816642564,-0.275166872642752,0.000527729679208411,0.0521792088109786,0.280070984092866,1
995,2206,380331.999901939,1334569131.9999,-2399939.65801226,5383077.4389839,2429758.53598758,22.5400619971793,114.028766599901,9.1027522569239,0.125008712685207,0.164159281573832,0.126691554260234,0.242128473944977,1
996,2206,380332.999903859,1334569132.9999,-2399939.02205327,5383077.75496127,2429758.47699786,22.5400614025871,114.028759702512,9.10751163561823,0.554108689503617,0.402820480131895,0.0221963685590957,0.685414807087152,1
997,2206,380333.999905772,1334569133.99991,-2399938.050078,5383078.12693913,2429758.10600878,22.5400585023325,114.028749599998,8.9135406886538,0.827797641621038,0.645920212123149,-0.0933005863318865,1.05411899485421,1
998,2206,380334.999907688,1334569134.99991,-2399936.9441003,5383078.87893524,2429757.88001689,22.5400557988406,114.028736803403,9.04532769153575,1.08656868796552,0.701533925022087,-0.183009098241512,1.30624411641285,1
999,2206,380335.999909584,1334569135.99991,-2399935.79710231,5383079.56593704,2429757.73100703,22.5400540007256,114.028723899872,9.1363696893186,1.13154690929158,0.696286251552159,-0.0778021966806236,1.33088922673385,1
1000,2206,380336.999911511,1334569136.99991,-2399934.58010138,5383080.06893793,2429757.59600089,22.5400529998203,114.028711103155,9.05123442825625,1.14570242966772,0.701327824443977,-0.0100661767559992,1.34335256079718,1
1001,2206,380337.999913448,1334569137.99991,-2399933.4180955,5383080.64593554,2429757.31901317,22.5400505032455,114.02869850182,8.99477845641413,1.10337566919555,0.744681071365991,-0.152180538673017,1.33983084073115,1
1002,2206,380338.999915353,1334569138.99992,-2399932.27709484,5383081.24393189,2429757.06501908,22.540048102451,114.028686003865,8.97275069896435,1.12045859710811,0.804560058193948,-0.225415384509629,1.39769683789016,1
1003,2206,380339.999917266,1334569139.99992,-2399931.04810085,5383081.92393283,2429756.83901845,22.5400457998988,114.028672400016,8.99753747557829,1.21903152043289,0.811900463718685,-0.22303523544141,1.48154140240627,1
1004,2206,380340.999919182,1334569140.99992,-2399929.83209774,5383082.60693641,2429756.70101263,22.5400442034643,114.028658899626,9.06347421303225,1.20942003181585,0.786764347999233,-0.156218671216618,1.45124058166687,1
1005,2206,380341.999921095,1334569141.99992,-2399928.69509228,5383083.46694423,2429756.63101222,22.5400425032604,114.028645399984,9.33450589880706,1.16952293616848,0.706863655515281,-0.154887941266386,1.37529284156586,1
1006,2206,380342.999923009,1334569142.99992,-2399927.70807709,5383084.13194942,2429756.5240192,22.5400408996242,114.028634003999,9.48326808888199,1.00124754143359,0.656904974442066,-0.249293817556204,1.22317954207274,1
1007,2206,380343.999924919,1334569143.99992,-2399926.35509799,5383084.98893805,2429756.17702413,22.5400372031042,114.028618598707,9.56434822344334,1.30518888269269,0.825145616352791,-0.321409126152428,1.57724035392989,1
1008,2206,380344.99992684,1334569144.99993,-2399925.09210274,5383085.84295287,2429755.9390239,22.5400342982241,114.028604004143,9.7185428652414,1.40436064910481,0.644219207931418,-0.326600509245857,1.57921344765726,1
1009,2206,380345.999928755,1334569145.99993,-2399923.7670883,5383086.18194418,2429755.64001783,22.540032600247,114.028590897612,9.39156751045634,1.23934055183935,0.783414375690151,-0.250227327876268,1.48738589582111,1
1010,2206,380346.999930662,1334569146.99993,-2399922.51408498,5383086.75494523,2429755.32202198,22.5400299025326,114.028577504144,9.28180014604433,1.2255432004719,0.789876630011107,-0.316935391499786,1.4920821925235,1
1011,2206,380347.999932582,1334569147.99993,-2399921.06808672,5383087.25194318,2429754.97801728,22.5400275002145,114.02856269795,9.02536594284057,1.28634629320964,0.842692347687827,-0.256293455736443,1.55900722075272,1
1012,2206,380348.999934491,1334569148.99993,-2399919.68808234,5383087.86994981,2429754.67901652,22.5400249976482,114.028547998701,8.91308266565281,1.25695920255231,0.766170609761449,-0.252203205447571,1.49350938965284,1
1013,2206,380349.999936404,1334569149.99994,-2399918.4150856,5383088.75195711,2429754.59501652,22.5400233028014,114.028533204532,9.14616410736764,1.34604677302591,0.674400762815734,-0.259797825947469,1.52779357716511,1
1014,2206,380350.999938319,1334569150.99994,-2399917.09008196,5383089.34295617,2429754.37901734,22.540021500372,114.028519100538,9.06360060582337,1.32877700775693,0.710603416375656,-0.281052376407616,1.53283919247669,1
1015,2206,380351.999940219,1334569151.99994,-2399915.74007355,5383089.80195606,2429754.27700677,22.5400211012428,114.028505297039,8.90397745099466,1.23030940304741,0.735023108221491,-0.113290458326976,1.43762127307382,1
1016,2206,380352.999940879,1334569152.99994,-2399914.46106367,5383090.08995944,2429754.00200505,22.5400196998254,114.028492800805,8.56049541407292,1.07700838494799,0.685945815159673,-0.0854800224178008,1.27975605363518,1
1017,2206,380353.999944063,1334569153.99994,-2399913.27406169,5383090.50896872,2429754.07999402,22.540020698659,114.028480602921,8.49744123930622,1.10286009047594,0.559231271314555,0.106848937741205,1.24115135639337,1
1018,2206,380354.999947249,1334569154.99995,-2399912.29206078,5383091.26197635,2429754.03200576,22.5400193018447,114.028468903112,8.74494726443853,1.15223573422927,0.448446866864971,-0.109228031390716,1.24124233833582,1
1019,2206,380355.99994791,1334569155.99995,-2399911.15005645,5383091.83297106,2429753.81501007,22.5400172964021,114.028456503135,8.71395158578604,1.08368380324607,0.555615500602397,-0.193416269777691,1.23308110979863,1
1020,2206,380356.999949812,1334569156.99995,-2399909.80807356,5383092.99197173,2429753.56002356,22.540013396919,114.028439999993,9.08921125582719,1.4656543595634,0.563443416846073,-0.469387291156946,1.63888242860616,1
1021,2206,380357.999951731,1334569157.99995,-2399908.5460616,5383093.82496675,2429753.15902608,22.54000919761,114.028425497375,9.16356688942605,1.27609414099356,0.688841227077792,-0.540273453989619,1.54751862602232,1
1022,2206,380358.999953645,1334569158.99995,-2399907.18905649,5383094.56996641,2429752.72101669,22.5400051017034,114.028410499646,9.11377895322996,1.21856918491579,0.724629336092056,-0.360005447321358,1.46273799952439,1
1023,2206,380359.999955558,1334569159.99996,-2399905.92505312,5383095.09496483,2429752.215016,22.5400010031836,114.028397198527,8.8873173687471,1.19537261478093,0.791283471591635,-0.360060592317728,1.4780692983492,1
1024,2206,380360.999957462,1334569160.99996,-2399904.6760521,5383095.67897102,2429751.80501177,22.539997497618,114.028383797034,8.7530739251215,1.22473363445896,0.681233967386724,-0.276814775827609,1.42852322830712,1
1025,2206,380361.999959397,1334569161.99996,-2399903.37105342,5383096.43897016,2429751.33301548,22.5399929975116,114.028369201692,8.72247099536073,1.31577267568197,0.734930596629937,-0.381219817605921,1.55457687660329,1
1026,2206,380362.999961324,1334569162.99996,-2399902.12904749,5383097.1899705,2429750.73701874,22.5399874028353,114.028355201278,8.66043502133596,1.22777608043074,0.762827101355122,-0.484616358902878,1.52453019174958,1
1027,2206,380363.999963223,1334569163.99996,-2399900.92103894,5383097.63797056,2429750.22301708,22.5399834020913,114.028342702122,8.38701261533273,1.05883091812094,0.800393812617629,-0.46450503470606,1.40624254512253,1
1028,2206,380364.999965135,1334569164.99997,-2399899.63504085,5383098.11397005,2429749.62201518,22.5399786971214,114.028329399672,8.07452988592314,1.1718136814032,0.858887137680468,-0.435461622334857,1.51672714873941,1
1029,2206,380365.999967059,1334569165.99997,-2399898.38203466,5383098.48597637,2429749.14400881,22.5399753002826,114.028316801799,7.73387667912941,1.0520783777853,0.71732859098356,-0.26750096682042,1.30114794996406,1
1030,2206,380366.99996896,1334569166.99997,-2399897.04104225,5383099.46997897,2429748.81101399,22.5399713020367,114.028301000179,7.93198603039925,1.36104899224076,0.67764747936766,-0.450618552440435,1.58578609698044,1
1031,2206,380367.99997088,1334569167.99997,-2399895.64603292,5383099.75197887,2429748.5260066,22.5399699996314,114.028287497755,7.53598303659103,1.13054919478858,0.725509763888653,-0.226741098066078,1.36232060282706,1
1032,2206,380368.999972791,1334569168.99997,-2399894.36503367,5383100.43998138,2429748.23500865,22.5399672029368,114.028273400495,7.52305549634827,1.23760701419521,0.684327162942978,-0.31786205465503,1.44948648607577,1
1033,2206,380369.999974696,1334569169.99997,-2399893.16303794,5383102.0129881,2429748.19601305,22.5399635986753,114.028256501507,8.38300845641969,1.49944252583316,0.47036518478555,-0.515762494358683,1.65395956598774,1
1034,2206,380370.999976622,1334569170.99998,-2399891.82802887,5383102.70598363,2429747.57401356,22.5399581015894,114.028241904938,8.22709945105135,1.23488335008865,0.700246341300127,-0.579892462592146,1.53347875596683,1
1035,2206,380371.999978549,1334569171.99998,-2399890.53602679,5383103.29598476,2429747.20700983,22.5399549963134,114.028228097916,8.09822826907022,1.24893626963731,0.710459973931006,-0.458179248100171,1.50815231444415,1
1036,2206,380372.999980456,1334569172.99998,-2399889.12902595,5383104.02898694,2429746.86400669,22.5399518011913,114.028212703778,8.05594087289162,1.32798988555413,0.668245979175042,-0.342477559759511,1.52558208686275,1
1037,2206,380373.999982371,1334569173.99998,-2399887.72202142,5383104.43698835,2429746.57700228,22.53995010066,114.028198596085,7.76095517499012,1.21520930846956,0.660872957505886,-0.129161079545664,1.38930533498689,1
1038,2206,380374.99998428,1334569174.99998,-2399886.32502136,5383105.21798837,2429746.39700451,22.5399480992403,114.028183100749,7.82540399322979,1.35855960856675,0.739652282255266,-0.28701198408166,1.57325954237721,1
1039,2206,380375.999986192,1334569175.99999,-2399885.03401722,5383105.96098932,2429746.065003,22.5399448007629,114.028168696957,7.83939399796006,1.24716088328233,0.773384748218217,-0.217515488308943,1.48352526949169,1
1040,2206,380376.999988113,1334569176.99999,-2399883.70001459,5383106.83399046,2429745.49900454,22.5399392002196,114.028153396796,7.85718120455378,1.22759204452083,0.802565888201752,-0.381804204139497,1.5155423725434,1
1041,2206,380377.999990029,1334569177.99999,-2399882.34501231,5383107.40699186,2429744.98300375,22.5399349947654,114.028139097694,7.63316373094561,1.23472789182907,0.816010923134467,-0.375731623329086,1.52695810234104,1
1042,2206,380378.999991939,1334569178.99999,-2399881.03700982,5383108.51399403,2429744.72700283,22.5399312032971,114.028123102125,7.97695847806432,1.21885610268796,0.741121192042953,-0.351631881335418,1.46918882391827,1
1043,2206,380379.999993852,1334569179.99999,-2399879.54700754,5383109.03699437,2429744.36100184,22.5399285972859,114.028107802293,7.71749007065448,1.22655273783646,0.915400511361055,-0.299856400916262,1.55958442415429,1
1044,2206,380380.999995771,1334569181.0,-2399878.10600553,5383109.54499664,2429744.28700096,22.5399284050636,114.028092996897,7.57572965285943,1.30715446257178,0.793537440230205,-0.226495109961747,1.54585073435471,1
1045,2206,380381.999997679,1334569182.0,-2399876.78500292,5383110.36999814,2429743.8480009,22.539923997181,114.028078002167,7.60659850714476,1.26031096464338,0.800376466716954,-0.389228843914775,1.54288214359032,1
1046,2206,380382.999998433,1334569183.0,-2399875.36500195,5383110.97399881,2429743.44200048,22.5399207027896,114.02806300324,7.42645462891261,1.24589505308871,0.759036084466663,-0.307183510857779,1.49088965727726,1
1047,2206,380384.000002704,1334569184.0,-2399874.00899686,5383111.47000197,2429743.2089995,22.53991910255,114.028049000021,7.24558974460336,1.16162590190725,0.729493277317293,-0.1839617742648,1.38397149971508,1
1048,2206,380385.000003447,1334569185.0,-2399872.61099547,5383112.47700264,2429742.99399879,22.5399160960566,114.028032601209,7.48689761378908,1.31456415456485,0.767098009311825,-0.351459629490569,1.56206342493466,1
1049,2206,380386.000005346,1334569186.00001,-2399871.233993,5383113.35500426,2429742.73499789,22.539913100824,114.028016899471,7.61041594147296,1.30870182090357,0.797437380684051,-0.39526662068462,1.58266943281786,1
1050,2206,380387.000007263,1334569187.00001,-2399869.98299081,5383114.36500604,2429742.53499697,22.5399100027513,114.028001793977,7.91528959128865,1.26495746049296,0.831709368582251,-0.417108002302295,1.57029835898434,1
1051,2206,380388.00000917,1334569188.00001,-2399868.6539887,5383115.14700698,2429742.19899656,22.5399066011597,114.027986898438,7.94636059326613,1.23178203985549,0.761233530520443,-0.375429861402083,1.49589807892501,1
1052,2206,380389.000011087,1334569189.00001,-2399867.3709869,5383116.00800904,2429741.67299405,22.5399013002384,114.027972098618,7.98854252175766,1.18126561514504,0.815646433597692,-0.536819917937308,1.53259361295121,1
1053,2206,380390.000013011,1334569190.00001,-2399866.0869844,5383117.39700953,2429741.28699274,22.5398954990841,114.027955199916,8.52942305206082,1.19865197551837,0.732367929660998,-0.558342448685448,1.51158050821453,1
1054,2206,380391.000014915,1334569191.00002,-2399865.06298597,5383118.0820107,2429740.53499022,22.5398885045827,114.027943396443,8.4339090400362,0.940453273178947,0.717237951520308,-0.655778740282695,1.35237879099785,1
1055,2206,380392.000016836,1334569192.00002,-2399864.00898426,5383118.74801337,2429739.70998808,22.5398810035791,114.027931401777,8.28310234391306,0.934677265747376,0.79407004615251,-0.707949028736428,1.4161075723936,1
1056,2206,380393.000018751,1334569193.00002,-2399862.82198229,5383119.3960166,2429738.96298765,22.5398743975202,114.02791829746,8.09699362310762,0.944445834217424,0.885140704112103,-0.658837924603254,1.452418469568,1
1057,2206,380394.000020668,1334569194.00002,-2399861.53197972,5383119.98701928,2429738.18998739,22.5398678999987,114.027904504236,7.81409809348998,0.981229574102179,0.932769398016546,-0.610177204953652,1.48498701961126,1
1058,2206,380395.000022579,1334569195.00002,-2399860.33898004,5383120.57002132,2429737.51398527,22.5398621000635,114.027891603963,7.59811635439586,0.884192005456559,0.94419180016184,-0.652250530837673,1.44869748843027,1
1059,2206,380396.000024502,1334569196.00002,-2399859.06397609,5383121.27402268,2429736.78598384,22.539855599455,114.027877496625,7.43343484808554,0.975707085097364,0.925541629535015,-0.659619653386891,1.49790844548182,1
1060,2206,380397.000026415,1334569197.00003,-2399857.86497375,5383122.07002285,2429736.18998401,22.5398498018227,114.027863699938,7.42554422663713,0.993892624636315,0.865126655549929,-0.605489418125385,1.45013244736861,1
1061,2206,380398.000028328,1334569198.00003,-2399856.4959716,5383122.63602736,2429735.39398131,22.5398433028248,114.027849304235,7.08303491887994,1.00259660360491,0.96591630164055,-0.659669961091731,1.540570903562,1
1062,2206,380399.000030241,1334569199.00003,-2399855.12596857,5383123.12602992,2429734.71198187,22.5398379963736,114.027835200485,6.71973626874311,1.03919821812828,0.989368361861742,-0.599639364594132,1.55510451725433,1
1063,2206,380400.000032155,1334569200.00003,-2399854.03397299,5383123.86003197,2429733.77497183,22.5398293997157,114.027822599315,6.56907126738381,0.840018953406546,0.994157724622163,-0.875955533400926,1.56884655718902,1
1064,2206,380401.000034073,1334569201.00003,-2399852.98997301,5383124.72703116,2429732.83596911,22.5398202983024,114.02780989785,6.54788663454603,0.792279333491863,0.914542622677025,-0.906728202704696,1.5120353119393,1
1065,2206,380402.000035985,1334569202.00004,-2399852.0729712,5383125.47403119,2429731.86096581,22.539811097013,114.027798798989,6.45943461164218,0.800429621643058,0.866711174772647,-0.950044728343769,1.51474777621003,1
1066,2206,380403.00003789,1334569203.00004,-2399851.31597691,5383126.02303019,2429730.89796697,22.539802396321,114.027789904577,6.26872983183132,0.609299731777485,0.796874551467786,-0.871732057704059,1.32897403825284,1
1067,2206,380404.000039808,1334569204.00004,-2399850.80798666,5383126.55203078,2429729.71796041,22.5397915979264,114.027783300215,6.0716151472171,0.33516941101192,0.773272539722994,-0.994597665862419,1.30365389260597,1
1068,2206,380405.000041761,1334569205.00004,-2399850.64399522,5383127.34702414,2429728.52895047,22.5397793986162,114.027778697312,6.22480581690858,0.114599826735311,0.578097088158114,-1.1861136222546,1.32446022534562,1
1069,2206,380406.000043696,1334569206.00004,-2399850.19699622,5383127.81003508,2429727.15395215,22.5397670965493,114.027772895696,5.92021637216147,0.086631558097544,0.80281050329378,-1.09508196300826,1.36059333996726,1
1070,2206,380407.000045611,1334569207.00005,-2399849.87999485,5383128.21003327,2429725.96995253,22.5397564035088,114.027768497745,5.68457442050105,0.112876976395375,0.72927055168452,-1.04075808301912,1.27583468236447,1
1071,2206,380408.000047523,1334569208.00005,-2399849.34499542,5383128.42404691,2429724.78495269,22.539746597396,114.027762900389,5.20967233948424,0.0964307217482806,0.98706584055698,-0.995481756235282,1.40519813004737,1
1072,2206,380409.000048281,1334569209.00005,-2399849.10600713,5383128.7460396,2429723.65595495,22.5397364997644,114.027759503881,4.95864933784028,-0.14766104364054,0.820134177842097,-0.933075015487935,1.25102071845416,1
1073,2206,380410.000052547,1334569210.00005,-2399848.62000584,5383128.84304781,2429722.4599617,22.5397269028204,114.02775480472,4.39925711964905,-0.111071093299865,0.909614063668179,-0.728877951530245,1.17089606746999,1
1074,2206,380411.000053293,1334569211.00005,-2399848.67201924,5383128.75902876,2429721.3569587,22.5397178954852,114.027755599117,3.9251338699059,-0.361008739571041,0.539473826677643,-0.774993078432273,1.01092709496522,1
1075,2206,380412.000055194,1334569212.00006,-2399849.05203357,5383128.62602367,2429720.26795554,22.5397086974818,114.027759499714,3.5384069611776,-0.608145117952998,0.428671945291241,-0.805586299115502,1.09661725615296,1
1076,2206,380413.000057102,1334569213.00006,-2399848.83002629,5383128.20405435,2429718.70394263,22.5396972997495,114.027759198812,2.49942681177865,-0.460223288002346,0.95169771505172,-1.00470468194245,1.45841198348459,1
1077,2206,380414.000057858,1334569214.00006,-2399848.62202958,5383128.79805158,2429717.526948,22.5396858981406,114.027755000798,2.47111967455869,-0.511197276983049,0.891389396977136,-0.898750583209976,1.36515578739513,1
1078,2206,380415.000062126,1334569215.00006,-2399848.65503285,5383128.97405325,2429716.42395329,22.5396760955829,114.027754597163,2.20919974488437,-0.528635207330343,0.856994777613819,-0.751955936970158,1.25671514768909,1
1079,2206,380416.000062875,1334569216.00006,-2399848.37902583,5383128.96106166,2429714.96994687,22.5396643984486,114.02775219794,1.53708640672221,-0.410748280798593,0.980551182224236,-0.845131842967162,1.35810257460084,1
1080,2206,380417.000064778,1334569217.00006,-2399848.23702939,5383129.32405958,2429713.89695475,22.5396545015775,114.027749500305,1.37860090671304,-0.453632932677463,0.919478739972967,-0.698782494207565,1.24077434091892,1
1081,2206,380418.000066684,1334569218.00007,-2399848.0100325,5383129.16907144,2429712.27694759,22.5396417997562,114.027748098306,0.541502103080741,-0.487378612888618,1.07109119542972,-0.786014334689646,1.4151299571297,1
1082,2206,380419.000068603,1334569219.00007,-2399848.14703581,5383129.25006281,2429710.98795135,22.5396305996344,114.02774899416,0.167247462914107,-0.521953890311975,0.915466215179484,-0.709301785103924,1.270284722847,1
1083,2206,380420.000070521,1334569220.00007,-2399848.31903322,5383129.55805253,2429709.76695314,22.5396191996555,114.027749302195,0.02371039353851,-0.471033897814617,0.74472991026767,-0.664587948318902,1.10370861788266,1
1084,2206,380421.00007242,1334569221.00007,-2399848.44203246,5383129.68205929,2429708.61195402,22.539609000885,114.02774990344,-0.268159305736743,-0.448128157503436,0.818514148191315,-0.635034137254239,1.12873939056587,1
1085,2206,380422.000074211,1334569222.00007,-2399848.62504265,5383129.69005305,2429707.55495717,22.5395999017102,114.027751496733,-0.597760157622675,-0.574580031402548,0.714821637020565,-0.577249011000446,1.08366443419552,1
1086,2206,380423.000076247,1334569223.00008,-2399848.52604161,5383130.37704989,2429706.5989514,22.5395898956167,114.027747898364,-0.421911738006551,-0.545558955676443,0.654295532722805,-0.637531916510696,1.06404142909456,1
1087,2206,380424.000078041,1334569224.00008,-2399848.67805578,5383130.66703869,2429705.64395353,22.5395807993076,114.027748100222,-0.486184734119434,-0.714621917022929,0.495575427927241,-0.595521241993985,1.05400428780952,1
1088,2206,380425.000080077,1334569225.00008,-2399848.87305784,5383130.49804914,2429704.52195271,22.5395717006057,114.027750500545,-0.985492629521412,-0.722148335615655,0.613592696121949,-0.590657465573323,1.11663353747063,1
1089,2206,380426.000080504,1334569226.00008,-2399848.87304147,5383131.02805092,2429703.5959476,22.5395623015725,114.027748402489,-0.893356198799383,-0.515073241067263,0.632291450138064,-0.650925599453389,1.04345438693073,1
1090,2206,380427.000085583,1334569227.00009,-2399849.05705217,5383130.88504495,2429702.7089521,22.5395550962905,114.027750602369,-1.28479556268144,-0.609402591791908,0.525085422633213,-0.559838908277141,0.980053989923787,1
1091,2206,380428.00008582,1334569228.00009,-2399848.97005294,5383130.84304796,2429701.74394908,22.5395473030101,114.027749996146,-1.72284788292416,-0.616741309566619,0.558899233709572,-0.59340756763152,1.02218918879503,1
1092,2206,380429.00008586,1334569229.00009,-2399849.05804863,5383131.54404586,2429701.088949,22.5395394996469,114.027748002688,-1.34948050006073,-0.566292952212824,0.534133933914399,-0.594042073570504,0.979220481943025,1
1093,2206,380430.000092648,1334569230.00009,-2399849.04504848,5383132.07204845,2429700.2799451,22.5395311010917,114.027745797264,-1.21906387194355,-0.523143068943408,0.5227137640459,-0.592649476134643,0.94770340891506,1
1094,2206,380431.000091554,1334569231.00009,-2399849.26506286,5383131.88304097,2429699.30995012,22.5395232982355,114.027748498906,-1.66758414518136,-0.686349619743266,0.447439080995058,-0.544915568221563,0.983976883983388,1
1095,2206,380432.0000926,1334569232.00009,-2399849.19404963,5383132.15304613,2429698.44095078,22.5395152967288,114.027746799621,-1.79962425281626,-0.535730744245246,0.498237772883327,-0.531432642303783,0.904250497353075,1
1096,2206,380433.000093348,1334569233.00009,-2399848.74102722,5383133.08204025,2429698.22497459,22.5395111967949,114.027739100025,-1.26910021682884,-0.291328658776769,0.431285286676974,-0.272180760476369,0.587334446718567,1
1097,2206,380434.000093941,1334569234.00009,-2399848.1360173,5383133.84602891,2429698.31699975,22.5395104016669,114.027730704087,-0.816867542567462,-0.184090868137007,0.307697730811827,-0.00275681662381691,0.358573481055253,1
1098,2206,380435.000094564,1334569235.00009,-2399847.90501605,5383133.88402973,2429698.13600117,22.5395090974786,114.027728502625,-0.941065313652682,-0.169722473738762,0.314259054123968,0.0122048853759101,0.357370158824062,1
1099,2206,380436.00009556,1334569236.0001,-2399848.04303616,5383133.74003347,2429697.39797409,22.5395032026287,114.027730298076,-1.29353277054336,-0.378310099075721,0.350077329146887,-0.271382016321045,0.582512545983153,1
1100,2206,380437.000097566,1334569237.0001,-2399848.23705222,5383133.64303977,2429696.32694825,22.5394943028502,114.027732404661,-1.71293597574128,-0.535012217605831,0.407481100969901,-0.530511115119922,0.856575136167829,1
1101,2206,380438.000101369,1334569238.0001,-2399848.09904208,5383133.78905559,2429695.24393291,22.5394850027556,114.027730601304,-2.0568034670871,-0.414920896040539,0.548586939246674,-0.661930129828632,0.954598594519218,1
1102,2206,380439.000106914,1334569239.00011,-2399847.97903445,5383134.85806313,2429694.32192152,22.5394741020496,114.02772530431,-1.55356433787461,-0.322147628265151,0.590441515435517,-0.734163298397126,0.995688719560485,1
1103,2206,380440.000112421,1334569240.00011,-2399848.01805716,5383135.32605119,2429693.4029312,22.5394649025608,114.027723798352,-1.4963691805218,-0.508271534349952,0.455215259058871,-0.612100921877397,0.916639745632737,1
1104,2206,380441.000116158,1334569241.00012,-2399848.07204678,5383135.29605306,2429692.48894035,22.5394572980923,114.027724396463,-1.85172150676479,-0.40260351991221,0.456850224213882,-0.513569410962682,0.796589769885687,1
1105,2206,380442.000118123,1334569242.00012,-2399848.0630437,5383135.88204091,2429691.85896815,22.5394502038081,114.027721997009,-1.60225852189773,-0.36981566343016,0.34639161877701,-0.269621489882467,0.573974325456887,1
1106,2206,380443.00011911,1334569243.00012,-2399848.00602718,5383136.28402794,2429691.6420082,22.5394472036896,114.027719899578,-1.36775657143364,-0.228102152988296,0.234741555365955,0.0687569322615682,0.334457330234435,1
1107,2206,380444.000119738,1334569244.00012,-2399848.05002059,5383136.98802771,2429691.42400412,22.5394430976609,114.02771750355,-0.84089447252642,-0.171853878984585,0.231553521153803,0.0343112902162376,0.290392929523217,1
1108,2206,380445.000120346,1334569245.00012,-2399847.89401182,5383137.65003278,2429691.24099604,22.5394396981822,114.027713497947,-0.411259835714401,-0.0981407155729364,0.272540717974463,-0.0329393390633314,0.291539093545159,1
1109,2206,380446.000121116,1334569246.00012,-2399847.72001842,5383138.39702679,2429691.11099726,22.5394364974826,114.027708996248,0.103625984030367,-0.152033651803983,0.221316411988379,-0.0227052348112915,0.269463751150503,1
1110,2206,380447.000122192,1334569247.00012,-2399847.65901111,5383139.04202437,2429690.96200342,22.5394333015735,114.027705901477,0.567679599945856,-0.0908853855616022,0.199623792010365,0.0278513850521273,0.221100681352638,1
1111,2206,380448.000121567,1334569248.00012,-2399847.62501431,5383139.84902262,2429690.6629965,22.5394283042237,114.027702405284,1.12104947145021,-0.117630132624729,0.186361419020089,-0.0287921999403807,0.222253048073361,1
1112,2206,380449.000127396,1334569249.00013,-2399847.43501277,5383140.86402679,2429690.57198569,22.5394246039395,114.02769670059,1.87094894799423,-0.100231730344338,0.210408714211983,-0.112366721203423,0.25873636547298,1
1113,2206,380450.000127948,1334569250.00013,-2399847.45701128,5383141.29301779,2429690.45000185,22.5394221992365,114.027695197841,2.19435307269839,-0.0881168318443745,0.139124853997037,0.0144140775684722,0.165312028256073,1
1114,2206,380451.000129848,1334569251.00013,-2399847.37600607,5383141.61601717,2429690.30700471,22.5394200995482,114.027693200076,2.38155237006559,-0.0466317869357787,0.132343810008718,0.0361684098146287,0.14490535348622,1
1115,2206,380452.000131766,1334569252.00013,-2399847.12800219,5383142.04501789,2429690.11600315,22.5394174997217,114.027689299959,2.57696744916268,-0.0165655975231019,0.13585944458832,0.0238115259589774,0.138921547909744,1
1116,2206,380453.000133679,1334569253.00013,-2399846.96000961,5383142.29901303,2429689.94400512,22.5394154989148,114.027686802979,2.66212547174997,-0.0717996913415429,0.0974433989609664,0.0383191211729392,0.126959705124395,1
1117,2206,380454.00013559,1334569254.00014,-2399846.84900716,5383142.30301341,2429690.01100481,22.5394162015357,114.027685801563,2.64943700108625,-0.0527156117877765,0.0988940496632313,0.0353833128143559,0.117519988132538,1
1118,2206,380455.000137508,1334569255.00014,-2399846.71900935,5383142.34101325,2429689.76400436,22.5394142044957,114.027684496908,2.53792402616332,-0.067925399915399,0.0964775793464688,0.0316143378920756,0.122152567024092,1
1119,2206,380456.00013942,1334569256.00014,-2399846.56900743,5383142.68501328,2429689.61700386,22.5394121022698,114.027681803401,2.71535662188684,-0.0531982367161391,0.0953482477778125,0.0276499169981169,0.11263151714333,1
1120,2206,380457.000141331,1334569257.00014,-2399846.41300846,5383142.99201174,2429689.50300495,22.5394104007313,114.02767920311,2.871970096941,-0.0597369700476843,0.0831417176081533,0.0349039287655542,0.108163464444251,1
1121,2206,380458.000143247,1334569258.00014,-2399846.18100672,5383143.28201373,2429689.31000136,22.5394082011056,114.027675995273,2.9553788510584,-0.0468648656961572,0.0960700815341058,0.00947143904481761,0.107310224863562,1
1122,2206,380459.000145161,1334569259.00015,-2399846.06000601,5383143.89301034,2429689.24500507,22.539405897841,114.027672502417,3.40038590110331,-0.0413034866746524,0.0713506336398824,0.0348472090430003,0.0895054127434898,1
1123,2206,380460.000147073,1334569260.00015,-2399845.83300482,5383144.29301051,2429689.05900478,22.5394034018131,114.027668903575,3.58115246999527,-0.0326344756177394,0.0716259988090712,0.0323705225795283,0.0851066591772562,1
1124,2206,380461.000148988,1334569261.00015,-2399845.59000585,5383144.7350099,2429688.84900359,22.5394005953691,114.027664996447,3.78213257014318,-0.0391534333743713,0.0665704341152849,0.0239957309864291,0.080872796099009,1
1125,2206,380462.000150902,1334569262.00015,-2399845.35100416,5383145.13200899,2429688.64800524,22.5393980006511,114.027661302934,3.95010542021732,-0.02748600912686,0.0596385950509277,0.0346417026445579,0.0742447996797374,1
1126,2206,380463.000152817,1334569263.00015,-2399845.19800465,5383145.27000899,2429688.47100401,22.5393963037082,114.02765939822,3.94113270813818,-0.0303736276892439,0.059030042311471,0.0261531376841815,0.0713518728908122,1
1127,2206,380464.000154731,1334569264.00015,-2399845.0760034,5383145.77900845,2429688.34300275,22.5393937988268,114.027656300216,4.27556950080891,-0.0218681152458025,0.0548970651849101,0.0177381304850196,0.0616971920221946,1
1128,2206,380465.000156644,1334569265.00016,-2399844.90000266,5383146.39600793,2429688.24700124,22.5393912955028,114.02765229526,4.6930715985665,-0.0169478039031656,0.0508112270526632,0.00784659019620024,0.0541348116228786,1
1129,2206,380466.000158558,1334569266.00016,-2399844.84500407,5383146.82700802,2429688.161997,22.5393893014046,114.027650100912,5.00338905547531,-0.0256315270792444,0.0508088967455111,-0.0190391553839732,0.0600084044667505,1
1130,2206,380467.000160471,1334569267.00016,-2399844.75600909,5383147.31000628,2429687.86199695,22.5393853976386,114.027647398889,5.26237427019805,-0.0564394211438019,0.0392942892273397,-0.0191156261265524,0.0713782641084763,1
1131,2206,380468.000162375,1334569268.00016,-2399844.43300628,5383147.67101134,2429687.6329892,22.5393828014986,114.027643102014,5.35765601860875,-0.0385834109952127,0.0698307183829218,-0.0664660415361966,0.103839989943142,1
1132,2206,380469.000164308,1334569269.00016,-2399844.25601177,5383147.70500423,2429687.70000057,22.5393835024054,114.027641395941,5.34545524755422,-0.0715790268313692,0.0257230811420023,0.00344088409330432,0.0761385163298278,1
1133,2206,380470.000166224,1334569270.00017,-2399844.19700353,5383147.72400759,2429687.68500329,22.539383400408,114.027640796791,5.33354589447516,-0.0211262842733417,0.0458526790576614,0.0197670506478777,0.0542173805645266,1
1134,2206,380471.000168098,1334569271.00017,-2399843.91297664,5383148.1460174,2429687.70100573,22.5393825999896,114.027636604506,5.58886513321928,0.138921545217233,0.103698563353329,0.0340421943068889,0.176667650576771,1
1135,2206,380472.000168905,1334569272.00017,-2399843.85399887,5383148.57200741,2429687.67300371,22.5393811027713,114.027634394659,5.91530977204304,0.00674862051911977,0.0438372143114769,0.021931514303514,0.0494796580136391,1
1136,2206,380473.000169768,1334569273.00017,-2399843.80300798,5383148.50800702,2429687.59199796,22.5393807013463,114.027634195247,5.81109264439832,-0.0470919412312767,0.0412548902348279,-0.0119099935906024,0.0637296229750805,1
1137,2206,380474.000173791,1334569274.00017,-2399844.07105037,5383148.27296755,2429687.83604434,22.5393831021334,114.027637505525,5.80716870249367,-0.289718940525318,-0.186347958635113,0.255026046393353,0.428603442036588,1
1138,2206,380475.000177878,1334569275.00018,-2399844.09601497,5383148.91200303,2429687.80599673,22.5393807959865,114.027635197702,6.34411968612044,-0.0840488622166167,0.0170946787302848,-0.0185121013099454,0.0877447273385082,1
1139,2206,380476.000178783,1334569276.00018,-2399844.00400665,5383149.03401235,2429687.57298775,22.539378596499,114.027633897821,6.32312612688437,-0.0370560674675505,0.0691990009840257,-0.0687475024075966,0.104344970940766,1
1140,2206,380477.000179607,1334569277.00018,-2399843.85802788,5383149.41404056,2429686.91291195,22.5393720953561,114.02763109743,6.33579378406261,-0.155047867011257,0.225853549596767,-0.490358965209608,0.561695274763494,1
1141,2206,380478.000181512,1334569278.00018,-2399843.68402058,5383149.78206976,2429686.13586131,22.5393646960158,114.027628095671,6.28295995106244,-0.113383274446201,0.384300995694976,-0.764108421994965,0.862788909745557,1
1142,2206,380479.000182166,1334569279.00018,-2399843.89405038,5383150.0760674,2429685.32384017,22.5393566977784,114.027628796783,6.29869647115834,-0.27649538122052,0.369836759283923,-0.877495523324844,0.991578195509087,1
1143,2206,380480.000184116,1334569280.00018,-2399844.02706115,5383150.19706664,2429684.21783646,22.5393469030538,114.027629498826,6.02684063952719,-0.331998996080987,0.361789045586198,-0.888306856978525,1.0149895167242,1
1144,2206,380481.000190437,1334569281.00019,-2399844.11905655,5383150.22706891,2429683.24884291,22.5393385965725,114.027630196888,5.71531488983911,-0.296732813348799,0.361621184740748,-0.824952658326132,0.94834968880184,1
1145,2206,380482.000189183,1334569282.00019,-2399844.01904902,5383150.20506765,2429682.37285778,22.5393315008628,114.027629396017,5.32336405703084,-0.259096263080387,0.357497386469069,-0.751767161014518,0.871830900607603,1
1146,2206,380483.000190093,1334569283.00019,-2399844.32106876,5383150.4010641,2429681.59884699,22.5393239998337,114.027631301815,5.30559401208395,-0.361787984290153,0.337161562552196,-0.804871643606661,0.944662282258299,1
1147,2206,380484.000190741,1334569284.00019,-2399844.7820699,5383150.62806592,2429680.85184101,22.5393164019408,114.027634496468,5.38412017390215,-0.366405035106168,0.345533572692159,-0.833614280507658,0.973939868921516,1
1148,2206,380485.000191278,1334569285.00019,-2399845.05307298,5383150.855081,2429679.79580838,22.5393064943352,114.027636004091,5.27274876559125,-0.381480138632986,0.423205754882894,-1.00191882829173,1.15259339995634,1
1149,2206,380486.000191946,1334569286.00019,-2399845.36708777,5383150.85208474,2429678.49378987,22.5392952016328,114.027638804061,4.88922860990195,-0.457060282742541,0.441291677494527,-1.09487648846167,1.26585819572051,1
1150,2206,380487.000193234,1334569287.00019,-2399845.45207117,5383151.01808897,2429677.17980074,22.5392835975902,114.02763890153,4.55755324135487,-0.368120942992974,0.460203852343561,-1.03137431059155,1.1878693459005,1
1151,2206,380488.000195986,1334569288.0002,-2399845.49807398,5383151.09609319,2429675.7787917,22.5392716009058,114.027639001222,4.1036268225696,-0.377490521720132,0.475207522427365,-1.06297860285369,1.22402810159117,1
1152,2206,380489.000200834,1334569289.0002,-2399846.00213021,5383151.01407168,2429674.46579149,22.5392601985954,114.027643801357,3.72070349218079,-0.648223383739303,0.356992177635148,-1.03835043203784,1.27507199398006,1
1153,2206,380490.000206666,1334569290.00021,-2399846.41012841,5383151.475075,2429673.25878968,22.5392480989658,114.027645599156,3.80037377471547,-0.620968374182846,0.362785865450776,-1.01781084389878,1.24625608117437,1
1154,2206,380491.00021117,1334569291.00021,-2399846.39609855,5383151.67010074,2429672.03576635,22.539237301427,114.02764470262,3.49081370391211,-0.466612225897672,0.476851747798201,-1.10635357953247,1.29194922565853,1
1155,2206,380492.000213633,1334569292.00021,-2399846.70108221,5383151.7980921,2429671.16380226,22.5392291942304,114.027646903917,3.37924459162281,-0.38456356559589,0.430786605980256,-0.925668742905874,1.09102193262498,1
1156,2206,380493.000214813,1334569293.00021,-2399846.71408441,5383151.7020897,2429670.15881197,22.5392210972097,114.027647399366,2.9179195255907,-0.392620859636355,0.417243318435421,-0.875498602061727,1.04629868030722,1
1157,2206,380494.000215488,1334569294.00022,-2399846.61608288,5383151.5830913,2429669.01881599,22.5392121033158,114.027647000249,2.34369985091224,-0.384357433569957,0.423554049428523,-0.854097492880425,1.02791594835006,1
1158,2206,380495.00021609,1334569295.00022,-2399846.5720832,5383151.81308593,2429667.93483229,22.5392023971306,114.027645699196,2.10566487233479,-0.384735976818243,0.397582270672048,-0.776295113276298,0.95327201611486,1
1159,2206,380496.000216839,1334569296.00022,-2399846.48607258,5383152.12609258,2429666.83982898,22.5391923958009,114.027643696548,1.9176344950104,-0.334500124433277,0.426843376405244,-0.788942607399112,0.957348441789412,1
1160,2206,380497.000217896,1334569297.00022,-2399846.52508651,5383152.39009834,2429665.62780672,22.5391813971674,114.027642997941,1.69043150142694,-0.396904086542791,0.451480890447635,-0.887210635143358,1.07168584924186,1
1161,2206,380498.000217316,1334569298.00022,-2399846.78709994,5383153.10410475,2429664.38477544,22.5391684029064,114.027642498098,1.91482130738559,-0.459494972065693,0.481605365158908,-1.03350238824267,1.22931141034597,1
1162,2206,380499.00022314,1334569299.00022,-2399846.63410563,5383152.98710499,2429663.12677768,22.5391584959911,114.027641602793,1.27637528652786,-0.472829679124548,0.4697694472779,-0.99653972539135,1.1988922651097,1
1163,2206,380500.000223665,1334569300.00022,-2399846.20307001,5383152.32510816,2429661.86781626,22.5391506959397,114.027640396035,0.0732436841728766,-0.312874628334327,0.483391007715036,-0.821451914795804,1.00316531425124,1
1164,2206,380501.00022553,1334569301.00023,-2399846.33307412,5383152.46508542,2429661.1518642,22.5391440986983,114.027640996261,-0.034216936349675,-0.328361907018297,0.378166247034916,-0.602435608041054,0.783428308279041,1
1165,2206,380502.000227429,1334569302.00023,-2399846.29011772,5383152.01409648,2429660.02681098,22.5391362014394,114.027642399995,-0.862068772116795,-0.517600951517319,0.424133042408035,-0.831125144223859,1.0670372945849,1
1166,2206,380503.000229393,1334569303.00023,-2399846.79311588,5383152.3331067,2429659.18879129,22.5391274943534,114.027645603338,-0.725015590309367,-0.505021675788532,0.464841867321476,-0.910036718423255,1.13986476544796,1
1167,2206,380504.000231327,1334569304.00023,-2399847.08711456,5383152.38613035,2429657.93974447,22.5391164945478,114.027648003843,-1.0484969900252,-0.494787711249127,0.562778590157586,-1.10478122442108,1.33494425897722,1
1168,2206,380505.000233227,1334569305.00023,-2399846.92610529,5383151.92512852,2429656.65877416,22.5391074948847,114.02764839903,-1.98895722186424,-0.451145157567598,0.550509838006624,-0.968338467787318,1.20177885783345,1
1169,2206,380506.000235152,1334569306.00024,-2399846.90306655,5383151.69511403,2429655.81285024,22.539101199037,114.027649104933,-2.51591288293986,-0.282863889435346,0.484455398502319,-0.637247019819353,0.848995157438003,1
1170,2206,380507.00023709,1334569307.00024,-2399846.9430539,5383151.53413014,2429654.60783123,22.5390916010457,114.027650097196,-3.09857867513469,-0.227374435445064,0.548659514084578,-0.712066707933355,0.927235349216439,1
1171,2206,380508.000238998,1334569308.00024,-2399847.21705605,5383151.74315094,2429653.5097843,22.5390813956601,114.027651702674,-3.24010222653872,-0.234651395965223,0.631649343051429,-0.902762398057397,1.12650881823094,1
1172,2206,380509.000240914,1334569309.00024,-2399847.61806355,5383152.5181567,2429652.21675526,22.5390675956283,114.027652195492,-2.93114410487303,-0.263728765990219,0.650068479156976,-1.01624077946036,1.23486323592631,1
1173,2206,380510.000242824,1334569310.00024,-2399847.74903742,5383152.63415246,2429650.76079114,22.5390549006839,114.027652899254,-3.34212575270219,-0.154188336096474,0.627888828134267,-0.860455222184502,1.07629067303801,1
1174,2206,380511.000244733,1334569311.00024,-2399848.03203751,5383153.29517002,2429649.40474482,22.5390411017487,114.027652795492,-3.19786096633589,-0.153376665859289,0.694729832687852,-1.04287290313407,1.26244122007636,1
1175,2206,380512.000246639,1334569312.00025,-2399848.36104246,5383154.03217881,2429648.08471416,22.5390272981191,114.02765279941,-2.95838403135116,-0.172266470306232,0.725059382931365,-1.15898549502973,1.37790936685178,1
1176,2206,380513.00024857,1334569313.00025,-2399848.64802778,5383154.87718196,2429646.8587149,22.5390139965676,114.027652002767,-2.60756336950499,-0.111710995947842,0.732006423226238,-1.14706745831921,1.36531187067096,1
1177,2206,380514.000250496,1334569314.00025,-2399848.6870031,5383155.57219076,2429645.56971293,22.5390009932962,114.027649597787,-2.50069607050809,-0.0124985630472941,0.761255345075479,-1.14607900467386,1.37592259936323,1
1178,2206,380515.000252401,1334569315.00025,-2399848.93405337,5383155.94817045,2429644.30370331,22.5389888971429,114.027650303091,-2.57589167246025,-0.211482808228167,0.675000041740147,-1.1756926163713,1.37207986746955,1
1179,2206,380516.000254316,1334569316.00025,-2399849.20507143,5383156.20417636,2429642.77967086,22.5389749944383,114.027651696091,-2.84218472682532,-0.280874739482869,0.693034030050391,-1.29437085040807,1.4948520610661,1
1180,2206,380517.000256222,1334569317.00026,-2399849.48107711,5383156.29116289,2429641.31269334,22.5389620949313,114.027653802401,-3.22731435245577,-0.300882938844596,0.635470388608313,-1.19694999439275,1.38817954413778,1
1181,2206,380518.000258131,1334569318.00026,-2399849.68608676,5383156.57515532,2429640.00469874,22.5389499986665,114.027654498541,-3.4120120981858,-0.335993439247141,0.601447285078162,-1.16727464360088,1.35541894687162,1
1182,2206,380519.000258964,1334569319.00026,-2399849.84207659,5383156.8481705,2429638.56367578,22.5389368966567,114.027654802889,-3.67539631422529,-0.295729525836801,0.658138201416755,-1.25207886232322,1.44509630201325,1
1183,2206,380520.000259854,1334569320.00026,-2399850.09608444,5383157.19217024,2429637.16666777,22.5389237991915,114.027655696553,-3.8251648138393,-0.324927025640183,0.654958294493168,-1.27856651061005,1.47284767086428,1
1184,2206,380521.000263873,1334569321.00026,-2399850.36808149,5383157.59816911,2429635.85567302,22.5389111977648,114.027656504531,-3.88289619516185,-0.30882945579803,0.640685654847917,-1.23929581661181,1.42888343197336,1
1185,2206,380522.000267901,1334569322.00027,-2399850.75011921,5383157.97615487,2429634.43266721,22.5388975955665,114.027658400433,-3.96580999850006,-0.444970750923089,0.578041207263914,-1.24245415094959,1.44077164175454,1
1186,2206,380523.000268797,1334569323.00027,-2399851.20913135,5383158.47615268,2429632.90165919,22.5388825983332,114.027660496825,-3.95824568952071,-0.48868647024239,0.568024754967862,-1.26808340815256,1.4729229845739,1
1187,2206,380524.000269635,1334569324.00027,-2399851.71811525,5383159.06115977,2429631.39865612,22.5388674954913,114.02766270042,-3.84944038476268,-0.427433751887071,0.592306105019787,-1.27553651219129,1.46987058213609,1
1188,2206,380525.00027155,1334569325.00027,-2399852.17412015,5383159.37716739,2429629.86863245,22.5388530923898,114.027665498394,-3.99784060310809,-0.442453020031739,0.615997756219174,-1.35372270127466,1.55170327786875,1
1189,2206,380526.000273458,1334569326.00027,-2399852.60813714,5383159.46615039,2429628.32165351,22.5388392965959,114.027668999765,-4.35252375227626,-0.501578577957727,0.549852388188013,-1.26719776748669,1.46959480830105,1
1190,2206,380527.000275372,1334569327.00028,-2399853.21415109,5383159.86514475,2429626.88464865,22.5388251955409,114.027672801168,-4.33884657534584,-0.548694331316912,0.525402689030223,-1.27612155413718,1.48512614810763,1
1191,2206,380528.000277283,1334569328.00028,-2399853.79617075,5383160.08413862,2429625.33964005,22.538810796554,114.027677102019,-4.52743766570586,-0.615635550619546,0.499771115506661,-1.29830936468663,1.52131045665058,1
1192,2206,380529.000279201,1334569329.00028,-2399854.16814645,5383160.41514468,2429623.82565,22.5387965981942,114.027679094537,-4.68863943239419,-0.524557614696424,0.518100138660826,-1.25373585597905,1.45445592624318,1
1193,2206,380530.000281112,1334569330.00028,-2399854.76116409,5383160.83414917,2429622.35761829,22.5387821934104,114.027682701339,-4.67486121552061,-0.583678002557932,0.530325475441481,-1.35803024099052,1.57040480641681,1
1194,2206,380531.000283026,1334569331.00028,-2399855.3051756,5383160.99413803,2429620.83163092,22.5387681931824,114.027686898276,-4.92022995918526,-0.620484103691138,0.487537518407449,-1.30409089796001,1.52425274312708,1
1195,2206,380532.000284943,1334569332.00028,-2399856.01220126,5383161.29211772,2429619.49365038,22.5387550950391,114.027691996391,-4.91582032525599,-0.706184373763289,0.41308069007839,-1.22718890772843,1.47489818005,1
1196,2206,380533.000286855,1334569333.00029,-2399856.54619019,5383161.65612788,2429618.01963677,22.5387408974207,114.027695296765,-4.97292573203284,-0.663066238622789,0.445851528943737,-1.26629492148961,1.49731200851834,1
1197,2206,380534.00028876,1334569334.00029,-2399857.29520319,5383162.14711313,2429616.71365225,22.5387273967847,114.027700003709,-4.77764336565954,-0.703670034352993,0.391403920921635,-1.20473545483959,1.44904660473938,1
1198,2206,380535.000290681,1334569335.00029,-2399858.04123001,5383162.10310968,2429614.97663728,22.5387119966439,114.027706801773,-5.20001082384915,-0.791216922216591,0.376944856783395,-1.24811129354737,1.52508801193172,1
1199,2206,380536.000292612,1334569336.00029,-2399858.77124323,5383162.07311379,2429613.39762073,22.5386978925927,114.027713402207,-5.55602155157781,-0.831032184413309,0.38880091587718,-1.29621643585667,1.58806728204528,1
1200,2206,380537.000294523,1334569337.00029,-2399859.36222505,5383162.38812364,2429612.01061612,22.5386844952684,114.027717402568,-5.59967636395223,-0.764070780989414,0.419743033834462,-1.30349886562665,1.56815103402201,1
1201,2206,380538.000296436,1334569338.0003,-2399860.06421983,5383162.74912257,2429610.59962142,22.5386705959958,114.027722206561,-5.57198092995004,-0.741589108874532,0.413637132713189,-1.27711655901698,1.53364819605928,1
1202,2206,380539.000298354,1334569339.0003,-2399860.80919983,5383163.36012806,2429609.32662197,22.5386569967209,114.027726402617,-5.26432221023439,-0.669861500147701,0.429497641172,-1.2670077646506,1.49615885815556,1
1203,2206,380540.000300263,1334569340.0003,-2399861.54316626,5383164.12113923,2429608.1086189,22.5386433974373,114.027729907119,-4.81318160962515,-0.553639934682594,0.46362233972806,-1.26926507424749,1.46030704986135,1
1204,2206,380541.000302179,1334569341.0003,-2399861.99616147,5383164.53214706,2429606.77061091,22.5386302997622,114.027732302324,-4.80896530283653,-0.534245067447513,0.48666559517485,-1.28765669240577,1.47659098978568,1
1205,2206,380542.000304089,1334569342.0003,-2399862.39114515,5383165.04015685,2429605.42260429,22.5386168937862,114.027733798489,-4.74856840624789,-0.477189947142495,0.51565063313102,-1.30136559271906,1.4789044009047,1
1206,2206,380543.000305995,1334569343.00031,-2399862.72614213,5383165.41216018,2429604.06160369,22.5386038939565,114.027735300392,-4.8304450127358,-0.464530996006963,0.523288209849314,-1.29518677106244,1.4721169684348,1
1207,2206,380544.000307937,1334569344.00031,-2399863.26217614,5383165.73115378,2429602.70258498,22.5385907949019,114.027738797104,-4.88067417673209,-0.572023725858819,0.499138491900868,-1.34772147297738,1.54683662542842,1
1208,2206,380545.000309859,1334569345.00031,-2399863.8391716,5383165.96315269,2429601.37759006,22.5385781969255,114.027743001856,-4.97584444247747,-0.553850575550491,0.492551300888223,-1.32291831971232,1.51640038402619,1
1209,2206,380546.000311737,1334569346.00031,-2399864.47518288,5383166.20314058,2429600.13660461,22.5385661912073,114.027747698979,-5.00987905800548,-0.586784373569567,0.450743693818858,-1.26829731455186,1.46835413190496,1
1210,2206,380547.000313658,1334569347.00031,-2399865.23121479,5383166.40812199,2429598.9276132,22.5385543938535,114.027753600315,-5.01604364762457,-0.684886078496124,0.388837354285736,-1.23322897923231,1.46325566591218,1
1211,2206,380548.000315644,1334569348.00032,-2399865.99821279,5383166.71412531,2429597.63860674,22.5385415942916,114.027759199142,-4.96353302475391,-0.674156651414207,0.39682285713607,-1.24586625417305,1.47110104815367,1
1212,2206,380549.00031758,1334569349.00032,-2399866.69822421,5383166.92011139,2429596.43262246,22.5385298977979,114.0277645991,-4.98876493820573,-0.705883582698676,0.350480721663229,-1.18889275963288,1.42638506809648,1
1213,2206,380550.000319462,1334569350.00032,-2399867.27020562,5383167.01512147,2429595.15062245,22.538518098574,114.027769301571,-5.18490128507059,-0.643654358206839,0.380139927343441,-1.18199286460326,1.39853653122554,1
1214,2206,380551.000320176,1334569351.00032,-2399867.91520331,5383167.29913743,2429593.74858901,22.5385045977527,114.027773904203,-5.24014349840459,-0.635097223352742,0.429071563542914,-1.28367458452159,1.49508238191017,1
1215,2206,380552.00032169,1334569352.00032,-2399868.69722922,5383167.53813086,2429592.42457668,22.5384916968858,114.027779901702,-5.25192642708185,-0.712614658879131,0.406536836707068,-1.31608684663768,1.55086312727523,1
1216,2206,380553.000326803,1334569353.00033,-2399869.50125737,5383167.67413514,2429590.92153852,22.5384775974116,114.027786502215,-5.41093613152485,-0.787386481364842,0.413339700367657,-1.41214159165521,1.66882325421796,1
1217,2206,380554.000328344,1334569354.00033,-2399870.07921697,5383167.911152,2429589.47854149,22.5384639979944,114.027790695659,-5.54673826019219,-0.660770278917247,0.462717484056098,-1.39651046790886,1.61275116447969,1
1218,2206,380555.000329064,1334569355.00033,-2399870.67819434,5383168.16716112,2429588.00953954,22.5384500920134,114.027795000539,-5.66858173748159,-0.590557231153427,0.489475421440844,-1.39937844341418,1.595808277756,1
1219,2206,380556.000330941,1334569356.00033,-2399871.18514431,5383168.4961723,2429586.55356551,22.5384361936052,114.027798199357,-5.75845717055447,-0.436264311510204,0.52045057565416,-1.31287323496255,1.47811754684032,1
1220,2206,380557.000332852,1334569357.00033,-2399871.85716047,5383168.81615051,2429585.30159552,22.5384237926358,114.027802899529,-5.7156787806056,-0.482288338019727,0.452047191687691,-1.21512846204889,1.38328806970344,1
1221,2206,380558.000334795,1334569358.00033,-2399872.49013398,5383169.12513996,2429584.1956407,22.5384126992945,114.027807296542,-5.64088523056628,-0.400372485472145,0.417780198317686,-1.07330537082584,1.21935345174117,1
1222,2206,380559.000336712,1334569359.00034,-2399873.08614035,5383169.27413853,2429583.0096362,22.538401496188,114.027811998619,-5.74564383805584,-0.41687331378619,0.411065671899686,-1.08056419513747,1.22897409499733,1
1223,2206,380560.000338613,1334569360.00034,-2399873.56515274,5383169.33712961,2429581.81964776,22.5383906966495,114.027816002365,-5.96848338849776,-0.451172972410111,0.382599893002686,-1.04048481191167,1.19689112828942,1
1224,2206,380561.000340537,1334569361.00034,-2399874.10515437,5383169.59015485,2429580.48359215,22.538377992078,114.027819795415,-6.06406291901949,-0.453224639670937,0.45485728567909,-1.1978085090194,1.35906326144867,1
1225,2206,380562.000342471,1334569362.00034,-2399874.45613726,5383170.17416659,2429579.14657827,22.5383644995276,114.027820600055,-5.95187917069697,-0.400863025136068,0.486558386420007,-1.23160768694534,1.38357787018285,1
1226,2206,380563.000344377,1334569363.00034,-2399874.96418376,5383170.78216015,2429577.71154547,22.5383498922544,114.027822704312,-5.79796643341397,-0.533648647394937,0.465138460463227,-1.3199922838083,1.49783653833855,1
1227,2206,380564.000346291,1334569364.00035,-2399875.55318947,5383171.34615982,2429576.27453766,22.5383352934887,114.027825701534,-5.65147583237141,-0.547127468186863,0.461942463089861,-1.3350730043258,1.51497829440874,1
1228,2206,380565.000348204,1334569365.00035,-2399876.06016847,5383172.20615728,2429574.99655681,22.5383212009482,114.027826798808,-5.22517769841246,-0.483879170409571,0.451859295003651,-1.27292391292883,1.43480004256464,1
1229,2206,380566.000350113,1334569366.00035,-2399876.64020867,5383172.82514821,2429573.56653307,22.5383064992218,114.027829498754,-5.03299098452567,-0.596031026594091,0.423388169668224,-1.3336621256712,1.52090933073857,1
1230,2206,380567.000352036,1334569367.00035,-2399877.23919041,5383173.30814694,2429572.25555234,22.5382931936243,114.027832905175,-4.90277259537641,-0.541011513379522,0.417486001923147,-1.27164310122467,1.44362882913277,1
1231,2206,380568.000353944,1334569368.00035,-2399877.92422821,5383173.78512255,2429570.99356848,22.5382801944483,114.027837099514,-4.72649026716201,-0.644787081813946,0.346443922030175,-1.21895801815732,1.42184120843919,1
1232,2206,380569.000355864,1334569369.00036,-2399878.53217814,5383174.31510675,2429570.03864431,22.5382696974175,114.027840399578,-4.41678530344225,-0.500794068344968,0.300249309826048,-0.999712804496724,1.15774351149779,1
1233,2206,380570.000357764,1334569370.00036,-2399879.26523078,5383174.87411872,2429568.76756022,22.538256295319,114.027844695509,-4.15672793162117,-0.64528040179065,0.33219835259731,-1.22928330807797,1.42754334222208,1
1234,2206,380571.000359684,1334569371.00036,-2399880.12724981,5383175.54312224,2429567.46452461,22.5382420972332,114.027849701132,-3.76762755024867,-0.694641331288327,0.340132609064862,-1.32166617278127,1.53134523970187,1
1235,2206,380572.0003616,1334569372.00036,-2399880.91724977,5383176.15312345,2429566.15051738,22.5382280956712,114.027854300856,-3.45959096637285,-0.690699214069879,0.341619193438053,-1.33465147986701,1.54112415150539,1
1236,2206,380573.000363514,1334569373.00036,-2399881.51418514,5383176.73415562,2429564.82850812,22.538214391054,114.027857301057,-3.25166723707947,-0.509217329517078,0.428240181664289,-1.35321997186122,1.50794437368109,1
1237,2206,380574.000365409,1334569374.00037,-2399881.91516004,5383177.30417593,2429563.36248841,22.5381997962926,114.027858604944,-3.18192894837343,-0.438057791589886,0.481686337479947,-1.39997009036678,1.54396651855182,1
1238,2206,380575.000367328,1334569375.00037,-2399882.41815328,5383177.97816884,2429562.04850881,22.5381859971644,114.027860403081,-2.92783589636942,-0.417326680452869,0.459835995740919,-1.33727191247009,1.47441746770657,1
1239,2206,380576.000369252,1334569376.00037,-2399882.88717045,5383178.6021712,2429560.63748599,22.5381715945581,114.027862097428,-2.76588835212962,-0.461520545313549,0.463868822100815,-1.39201491168565,1.53814206503136,1
1240,2206,380577.000371157,1334569377.00037,-2399883.25815952,5383179.28118012,2429559.24347519,22.538157298106,114.027862703666,-2.58788334686833,-0.429735000553506,0.485362596134637,-1.41393738889723,1.55546390512567,1
1241,2206,380578.00037309,1334569378.00037,-2399883.62513686,5383179.82618887,2429557.88148069,22.5381436979727,114.027863804696,-2.51215612908654,-0.366963669814691,0.506689095401532,-1.39179744912712,1.52594112394923,1
1242,2206,380579.000375015,1334569379.00038,-2399884.09712818,5383180.75920047,2429556.57646048,22.5381291984103,114.027864302301,-2.04778106411122,-0.341784537628935,0.535741238282686,-1.43850184747662,1.57261658065548,1
1243,2206,380580.000376987,1334569380.00038,-2399884.43813508,5383182.3321883,2429555.28746805,22.5381129939277,114.02786110371,-1.08664528304159,-0.358308142982529,0.499781765770201,-1.41100073812082,1.53918472630853,1
1244,2206,380581.000378878,1334569381.00038,-2399884.80814996,5383183.08818517,2429553.91045878,22.5380985972694,114.027861396559,-0.837542090563152,-0.395629284720618,0.489510644327123,-1.42847477977958,1.56098795584861,1
1245,2206,380582.000380801,1334569382.00038,-2399885.05215723,5383184.26717917,2429552.49146276,22.5380826907523,114.027858896266,-0.295084728410464,-0.412673977657121,0.471140504420176,-1.41083841556507,1.54361206965183,1
1246,2206,380583.000382712,1334569383.00038,-2399885.28317361,5383185.28917634,2429551.04845386,22.53806709859,114.027856902067,0.100842341177013,-0.453499353195599,0.461225379965036,-1.42703986009965,1.5667907571804,1
1247,2206,380584.000384648,1334569384.00038,-2399885.656209,5383186.12715921,2429549.618458,22.5380519965472,114.027856897211,0.399935815256739,-0.543288457976909,0.414441243249704,-1.40906518992638,1.56601040933308,1
1248,2206,380585.000386545,1334569385.00039,-2399886.12818935,5383187.00817332,2429548.20944437,22.5380367940229,114.02785760054,0.780584369643416,-0.489881450561571,0.448886780109181,-1.43727931727464,1.58343140452202,1
1249,2206,380586.000388472,1334569386.00039,-2399886.62916285,5383187.90417876,2429546.90745707,22.5380223959156,114.027858501954,1.22580656159384,-0.419258421103629,0.461469143043409,-1.39753177718519,1.53030273537294,1
1250,2206,380587.000390388,1334569387.00039,-2399887.11419161,5383189.47216724,2429545.5694448,22.5380055954232,114.027856601901,2.21810328905809,-0.491026970059307,0.429222175946457,-1.42198102886847,1.56440698288894,1
1251,2206,380588.000392305,1334569388.00039,-2399887.79520512,5383190.59615209,2429544.33646273,22.5379907984004,114.027858199451,2.94980710471618,-0.522924680363893,0.388522580056795,-1.36948022811744,1.51653424351455,1
1252,2206,380589.0003942,1334569389.00039,-2399888.36921196,5383191.70716192,2429542.98443093,22.5379752002583,114.027858898267,3.58469113191042,-0.537709072608331,0.411190542470394,-1.44352764217376,1.59435904447591,1
1253,2206,380590.000396127,1334569390.0004,-2399888.91720589,5383192.48116431,2429541.61943694,22.5379605960706,114.027860700087,3.92052771293201,-0.519859247905601,0.415421482818218,-1.42134518557191,1.56941096675418,1
1254,2206,380591.000398023,1334569391.0004,-2399889.51721119,5383193.42317083,2429540.23141646,22.5379451954032,114.027862298699,4.40882618602484,-0.530747056981723,0.429887288545178,-1.46600105964499,1.61729855816041,1
1255,2206,380592.000399941,1334569392.0004,-2399890.16920656,5383194.43017358,2429538.84041518,22.5379294911267,114.027864101648,4.97036544270222,-0.516840517607754,0.43482578292886,-1.46202800966132,1.61050410840053,1
1256,2206,380593.000401845,1334569393.0004,-2399890.9761964,5383195.53317325,2429537.57341924,22.5379142992151,114.027866900779,5.71870873829472,-0.488826559951664,0.431707279591763,-1.44505294625812,1.58540234592231,1
1257,2206,380594.000403819,1334569394.0004,-2399891.50616705,5383196.44318608,2429536.26941978,22.5378997991946,114.027868004205,6.18588494835543,-0.414054690433445,0.461215084947103,-1.43660439194653,1.56460628281135,1
1258,2206,380595.000405736,1334569395.00041,-2399892.26820313,5383197.21916461,2429535.03743034,22.5378859964518,114.027871698638,6.65486823557273,-0.500845918918559,0.405990516020708,-1.40384859651624,1.54481902355478,1
1259,2206,380596.00040766,1334569396.00041,-2399892.93320501,5383197.85115933,2429533.79444443,22.5378726939331,114.02787510145,6.96168054726675,-0.503253693183974,0.391201720591647,-1.36270126023288,1.50441277265831,1
1260,2206,380597.000409578,1334569397.00041,-2399893.74222741,5383198.53015698,2429532.52242431,22.5378587976806,114.027879596939,7.35117957362638,-0.555433967515086,0.383582407880801,-1.40544879788151,1.55914357240498,1
1261,2206,380598.000411468,1334569398.00041,-2399894.45021059,5383199.18217019,2429531.19841048,22.5378446954757,114.027883302133,7.65998713413007,-0.511930697864754,0.413827774937593,-1.43263012985301,1.57662790654255,1
1262,2206,380599.000413275,1334569399.00041,-2399895.06821664,5383199.76017427,2429529.84339883,22.5378306955085,114.027886501385,7.86064142438538,-0.524409031619029,0.421923610464272,-1.45451921077527,1.60270100144261,1
1263,2206,380600.000415307,1334569400.00042,-2399895.76323263,5383200.35915987,2429528.50941466,22.5378166960605,114.027890301341,8.11601780956713,-0.560075202300785,0.385156205149105,-1.40929668125371,1.56465544781906,1
1264,2206,380601.000417324,1334569401.00042,-2399896.24820657,5383200.91617428,2429527.19541733,22.5378032920279,114.027892402509,8.26465546660605,-0.49516703699765,0.417830904301149,-1.39613083145504,1.53914078552207,1
1265,2206,380602.000419147,1334569402.00042,-2399896.91224869,5383201.49715226,2429525.87342443,22.5377894931785,114.027895998732,8.4977889462633,-0.593421936011618,0.363497970066814,-1.37316018895603,1.53943147717469,1
1266,2206,380603.000421067,1334569403.00042,-2399897.60727631,5383202.04514617,2429524.50840864,22.5377753960942,114.027900000627,8.69826049435453,-0.656349546514805,0.347447913467665,-1.40443244606983,1.58869294558669,1
1267,2206,380604.000422981,1334569404.00042,-2399898.35124907,5383202.65316514,2429523.10239346,22.5377606983077,114.027904199499,8.952061870802,-0.588779983384743,0.390635926129959,-1.43393279702251,1.59856859783831,1
1268,2206,380605.000424877,1334569405.00042,-2399898.84619626,5383203.23118342,2429521.71441081,22.5377465967345,114.027906306076,9.09381253479114,-0.462166900215185,0.431986899767803,-1.38664007044921,1.52413306840345,1
1269,2206,380606.00042679,1334569406.00043,-2399899.49718914,5383203.88417972,2429520.4174249,22.5377327971813,114.027909501365,9.39237908115871,-0.443638045634043,0.421374890599864,-1.34748526718411,1.47989461085588,1
1270,2206,380607.00042871,1334569407.00043,-2399900.332227,5383204.52017314,2429519.06040118,22.5377182912396,114.027914398052,9.72280692577012,-0.529836870718506,0.40424569774676,-1.39673729200145,1.5475841678523,1
1271,2206,380608.000430621,1334569408.00043,-2399901.1162125,5383205.21818049,2429517.69538868,22.5377035945724,114.027918595985,10.0832876749165,-0.493530253749795,0.419120862131291,-1.41956464920412,1.56025581290698,1
1272,2206,380609.000432539,1334569409.00043,-2399901.63819675,5383205.62918097,2429516.34441477,22.5376902915728,114.027921603717,10.1084983013765,-0.455129833736307,0.418766970723262,-1.35297333171199,1.48763092790161,1
1273,2206,380610.000434453,1334569410.00043,-2399902.3022062,5383206.335183,2429515.00939957,22.5376759889209,114.027924704763,10.4421007237245,-0.474628930372095,0.42135148958409,-1.38202513557418,1.52079031252824,1
1274,2206,380611.000436374,1334569411.00044,-2399902.78219603,5383206.85819533,2429513.63438809,22.5376621905124,114.027926896261,10.5367976428166,-0.449280654621334,0.447675824781985,-1.40222838197953,1.5389968115432,1
1275,2206,380612.000438297,1334569412.00044,-2399903.27018986,5383207.34619757,2429512.27139523,22.5376485917452,114.027929297403,10.6095774795044,-0.433360947589892,0.450918650855557,-1.37957814000383,1.51471620608015,1
1276,2206,380613.000440194,1334569413.00044,-2399903.79913511,5383207.90017652,2429511.15649266,22.5376367959307,114.02793180099,10.8485069558272,-0.30693968452836,0.400880571215227,-1.15235719651269,1.25811140630343,1
1277,2206,380614.000442107,1334569414.00044,-2399904.09711844,5383208.19015488,2429510.18956147,22.5376273943941,114.027933298904,10.83458238796,-0.267911080922505,0.350235656950979,-0.991522080813465,1.08515316864561,1
1278,2206,380615.000444038,1334569415.00044,-2399904.32405347,5383208.44510998,2429509.61772404,22.5376214990585,114.027934304627,10.9158279239577,-0.120491396975656,0.24749007934137,-0.621001268284103,0.679273208162965,1
1279,2206,380616.000445952,1334569416.00045,-2399904.46601876,5383208.48603211,2429509.50092949,22.5376201954659,114.027935403124,10.9589743368156,-0.0421011886055333,0.0718784187151332,-0.157932604521315,0.17855454273099,1
1280,2206,380617.000447856,1334569417.00045,-2399904.53401183,5383208.43800563,2429509.51899492,22.5376204021442,114.027936196921,10.9509549900794,-0.0264862877475987,0.0127485402646263,-0.0112732445393445,0.0314822928004181,1
1281,2206,380618.000449768,1334569418.00045,-2399904.61601172,5383208.57099964,2429509.57100852,22.5376202999703,114.027936398553,11.1139229967194,-0.0263527653722268,-0.000417355143575814,0.018838122409765,0.0323962541662581,1
1282,2206,380619.000451672,1334569419.00045,-2399904.86601417,5383208.87803605,2429509.44192099,22.537617900313,114.027937402935,11.4174809050382,-0.0315977556221636,0.0799727056050767,-0.175275916993215,0.195232422717044,1
1283,2206,380620.000452713,1334569420.00045,-2399905.09405045,5383209.11109104,2429508.89676439,22.5376122951952,114.027938505122,11.4908924212495,-0.111440418276785,0.201381407673788,-0.520864983928134,0.569450410189365,1
1284,2206,380621.000453359,1334569421.00045,-2399905.18501604,5383209.59419522,2429507.92056661,22.5376024976004,114.027937400526,11.558479902911,-0.0354562226332451,0.430846589931003,-0.956092335625918,1.04928474782645,1
1285,2206,380622.000454358,1334569422.00045,-2399905.26099686,5383210.21923334,2429506.8155005,22.5375911975785,114.027935601071,11.6907726433236,0.00717675886664194,0.514014415410828,-1.09932409341778,1.21357974088511,1
1286,2206,380623.000457542,1334569423.00046,-2399904.95685948,5383211.10529989,2429505.72048365,22.5375796919039,114.027929393412,11.9041625441639,0.307553673248207,0.655426069644616,-1.12846502118547,1.34074826076239,1
1287,2206,380624.000463068,1334569424.00046,-2399904.2747723,5383211.77332786,2429504.67151739,22.5375697922732,114.02792069308,11.8091264403217,0.492188155685484,0.707982011203445,-1.04198436734367,1.35248627740667,1
1288,2206,380625.00046625,1334569425.00047,-2399903.36865506,5383212.46834403,2429503.8476042,22.5375620001559,114.027909896811,11.7388638514721,0.740012266862165,0.737756636119573,-0.848863750483839,1.34628105391498,1
1289,2206,380626.000467247,1334569426.00047,-2399902.43258268,5383213.14736295,2429503.04764332,22.5375545006055,114.027898897899,11.6530213930978,0.893317451107137,0.776515635903193,-0.763061964521185,1.40828127977106,1
1290,2206,380627.000467892,1334569427.00047,-2399901.36651338,5383213.71334492,2429502.57876077,22.5375503030275,114.027887192204,11.5498308002194,1.04019612713632,0.736999381985211,-0.511384817036817,1.37356852870607,1
1291,2206,380628.000468932,1334569428.00047,-2399900.1834721,5383214.34436962,2429502.0057631,22.5375451962919,114.027874190487,11.4176126690458,1.12594409942322,0.788149103357675,-0.505083559880788,1.46425357319398,1
1292,2206,380629.000470835,1334569429.00047,-2399898.88241355,5383215.08736919,2429501.62382772,22.537541495485,114.027859697695,11.408703824206,1.24553688706503,0.783944998377434,-0.36605026478369,1.51655026091088,1
1293,2206,380630.000472754,1334569430.00047,-2399897.69146748,5383215.72634532,2429501.16183523,22.5375373006093,114.027846594319,11.3227683193222,1.12664777518859,0.73048287334779,-0.348372289175552,1.38719273695376,1
1294,2206,380631.000473437,1334569431.00047,-2399896.33938496,5383216.48335401,2429500.96889956,22.5375352038095,114.027831593046,11.3789303501879,1.29911822299186,0.747642182048343,-0.212177710800766,1.51383498791915,1
1295,2206,380632.000478107,1334569432.00048,-2399895.01837523,5383217.15935165,2429500.76192246,22.5375332022015,114.027817188325,11.3730563572946,1.30676312097616,0.735520459849568,-0.162535492468669,1.50832290558511,1
1296,2206,380633.000478497,1334569433.00048,-2399893.70236845,5383217.92038128,2429500.31186891,22.5375288973062,114.027802491446,11.3476283270181,1.31987743652455,0.796638526530167,-0.274022016447167,1.56582165488173,1
1297,2206,380634.000478758,1334569434.00048,-2399892.36636254,5383218.58637686,2429500.00288467,22.5375260976408,114.027787993168,11.2885794040116,1.33113050726704,0.787082273799492,-0.241145115058614,1.56510635409323,1
1298,2206,380635.000483995,1334569435.00048,-2399891.33342313,5383219.30036065,2429499.57186311,22.5375217012706,114.027775995803,11.3372159883464,1.19193316558684,0.745145614112507,-0.28293610500004,1.43387569090545,1
1299,2206,380636.000484251,1334569436.00048,-2399890.1314426,5383220.01532301,2429499.27994636,22.5375187002713,114.027762493686,11.3764222242818,1.15119312081081,0.666535107596477,-0.111187098568419,1.33486973969329,1
1300,2206,380637.00048463,1334569437.00048,-2399888.90346806,5383220.34233433,2429498.8599118,22.537515893746,114.027750296378,11.0294733383968,1.0972436194743,0.689227654492198,-0.182508167883627,1.30854405792778,1
1301,2206,380638.000489301,1334569438.00049,-2399888.16160964,5383220.57330329,2429498.29485986,22.537511496193,114.027742795348,10.7287400172649,0.798165715046331,0.619077547109541,-0.286793415906983,1.05003618100434,1
1302,2206,380639.00049001,1334569439.00049,-2399887.06555098,5383220.69232386,2429497.79592363,22.5375085031796,114.027732592569,10.2257007430625,0.916676425000887,0.660386020618526,-0.156444536291675,1.14056137814512,1
1303,2206,380640.000491966,1334569440.00049,-2399885.94056067,5383220.99734401,2429497.2299144,22.5375044035037,114.02772139668,9.84298103340614,0.893561321235253,0.698908577341221,-0.174352766920618,1.14774732481574,1
1304,2206,380641.000493884,1334569441.00049,-2399884.61747101,5383221.49139423,2429496.79689428,22.5375010946538,114.027707693684,9.59619800549891,1.07151475696572,0.797945181469693,-0.214251535124027,1.35305731856747,1
1305,2206,380642.000495769,1334569442.0005,-2399883.21041144,5383222.09939916,2429496.48994024,22.5374985953765,114.027692794076,9.46228705392576,1.18745663659772,0.804761339143259,-0.120628859449992,1.43952957542102,1
1306,2206,380643.000496658,1334569443.0005,-2399881.83142345,5383222.64538515,2429496.31996083,22.5374973950584,114.027678389196,9.3391155061974,1.16107710296213,0.775017744919992,-0.0792595482089442,1.3982255254236,1
1307,2206,380644.000497325,1334569444.0005,-2399880.53444504,5383223.11939489,2429495.95692023,22.5374946964363,114.027664997359,9.11206969961411,1.11646400779424,0.793965780426334,-0.16049011452202,1.37935877060584,1
1308,2206,380645.000499755,1334569445.0005,-2399878.94431284,5383223.89843682,2429495.7559477,22.5374927984233,114.027647795285,9.09421721442278,1.37505991258834,0.873258329695129,-0.105054812733523,1.63230094874317,1
1309,2206,380645.999505162,1334569445.99951,-2399877.60854873,5383224.20860375,2429495.36009469,22.5374903987391,114.027634707604,8.70179186046643,1.10911500346745,0.800012350902939,-0.191713158115965,1.38090904389415,1
1310,2206,380646.999507615,1334569446.99951,-2399876.48549238,5383224.6966087,2429494.70813873,22.5374850010032,114.027622804588,8.4412243162953,1.00012527116976,0.794246009009062,-0.282335206467935,1.30797188412844,1
1311,2206,380647.999508299,1334569447.99951,-2399874.99656988,5383224.99358866,2429494.36510105,22.537483299371,114.027608409241,8.00031868767871,1.15956701878176,0.835781728418401,-0.205676120767633,1.444101601432,1
1312,2206,380648.999509199,1334569448.99951,-2399873.5945527,5383225.41158587,2429494.01112553,22.5374810014577,114.027594306493,7.6899940986548,1.1265058397447,0.843151907730868,-0.2559428808105,1.43018436039788,1
1313,2206,380649.999511101,1334569449.99951,-2399872.30450516,5383225.87760933,2429493.52611889,22.5374773010255,114.027581007803,7.41207152022536,1.03358969846439,0.798574924124421,-0.243527786319372,1.32865923280638,1
1314,2206,380650.999513026,1334569450.99951,-2399870.78053993,5383226.0466023,2429493.29708897,22.5374770042846,114.027566807915,6.89371647093317,1.10938838129913,0.815746559851632,-0.182732770261427,1.38909189609568,1
1315,2206,380651.999514942,1334569451.99952,-2399869.98196001,5383223.82676142,2429492.09215841,22.5374750973839,114.027568504094,4.2589023363856,-0.0817393997357929,0.487747430138456,-0.327936250725125,0.593397901593432,1
1316,2206,380652.999516866,1334569452.99952,-2399868.86628511,5383223.72461374,2429491.38614133,22.5374711039813,114.02755900256,3.48254070556287,0.591212799019272,0.798323502635114,-0.293105315992069,1.03574307376232,1
1317,2206,380653.999518781,1334569453.99952,-2399867.42141159,5383223.66657434,2429490.78407437,22.537468302102,114.027546403544,2.65942679741099,0.856285897890761,0.883219638945564,-0.155131447968692,1.23990654312919,1
1318,2206,380654.999520692,1334569454.99952,-2399866.06447698,5383223.90654183,2429490.33407298,22.5374657025282,114.027533405744,2.17906757340661,0.995733716672036,0.954894179897479,-0.15268354153339,1.38802766297173,1
1319,2206,380655.999521671,1334569455.99952,-2399864.58350575,5383224.34956114,2429490.02400663,22.5374638030078,114.027518502923,1.87699024764707,1.05797579219955,0.916788417563454,-0.0142286719960143,1.40000579804712,1
1320,2206,380656.999522247,1334569456.99952,-2399863.16647337,5383224.48055989,2429489.57003475,22.5374615994954,114.027505402844,1.28058263935799,0.991414267781138,0.920068204039843,-0.0733202126395012,1.35454922539811,1
1321,2206,380657.999523518,1334569457.99952,-2399861.86150377,5383225.0645372,2429489.16306403,22.5374581980671,114.027491504765,1.12646597346247,1.05765345822236,0.970751049508649,-0.13480455795291,1.44192950821347,1
1322,2206,380658.999528952,1334569458.99953,-2399860.59345075,5383225.2775697,2429488.65803808,22.5374550994312,114.027479402736,0.635721935537856,0.957298098858533,0.912482981262775,-0.0814060020354131,1.3250176520861,1
1323,2206,380659.999534759,1334569459.99953,-2399859.24747038,5383225.59358331,2429488.39499556,22.5374538033752,114.027466201184,0.295295115381392,1.01153021921903,0.894832407024825,0.00919812347649221,1.35055656176653,1
1324,2206,380660.999534879,1334569460.99953,-2399857.94044069,5383225.76758574,2429488.00001366,22.5374518008979,114.027453907575,-0.200853828284153,0.947941066242455,0.889653086619117,-0.0299049373473711,1.30037270998647,1
1325,2206,380661.999534102,1334569461.99953,-2399856.37551958,5383226.09755179,2429487.84901362,22.5374517038018,114.027438706859,-0.568904160168923,1.11592495822996,0.961181973317907,-0.0294146997940562,1.47310030982137,1
1326,2206,380662.999534627,1334569462.99953,-2399854.97647992,5383226.26856785,2429487.60501546,22.5374510997446,114.027425608127,-1.04430458604689,1.03172626419768,0.927527347011896,-0.0335180720914173,1.38776421803092,1
1327,2206,380663.999534989,1334569463.99954,-2399853.66646478,5383226.81656686,2429487.13603483,22.537447301951,114.027411807655,-1.25443565912952,0.99992578914332,0.93092196255425,-0.0754708027812926,1.3682701218079,1
1328,2206,380664.999535349,1334569464.99954,-2399852.60343779,5383227.71757028,2429486.71007527,22.5374423989416,114.027398802885,-1.05739667364371,0.942329969331768,0.924794596343673,-0.162404479687762,1.33026539891479,1
1329,2206,380665.999536092,1334569465.99954,-2399851.67933485,5383228.52363781,2429486.51205242,22.5374395014175,114.027387407373,-0.800833704226069,0.721974983640396,0.780712491391918,-0.113102611543934,1.06936994158055,1
1330,2206,380666.999538084,1334569466.99954,-2399850.61136356,5383229.28560694,2429486.05710512,22.5374348031267,114.027374909031,-0.734053190497107,0.787487799219202,0.850841899767624,-0.227932718425755,1.18153387443959,1
1331,2206,380667.999542572,1334569467.99954,-2399849.15449389,5383229.93457277,2429485.84106852,22.5374330028366,114.02735940502,-0.817286024992887,1.08036581832212,0.933633228479913,-0.149860590704198,1.4357296066345,1
1332,2206,380668.99954927,1334569468.99955,-2399847.92637123,5383230.03363058,2429485.47905976,22.5374314010867,114.02734810865,-1.33434258136887,0.824051785286425,0.818582125402063,-0.132893800519618,1.16910170775602,1
1333,2206,380669.999554948,1334569469.99955,-2399846.37045803,5383230.35858963,2429485.27907637,22.5374308985573,114.027333007726,-1.72200115582994,1.02995042771659,0.92131419472067,-0.171644370559284,1.39250835505288,1
1334,2206,380670.999557737,1334569470.99956,-2399844.75251052,5383231.0995751,2429485.05907024,22.5374290012605,114.027315709301,-1.78970429897456,1.15500783299407,0.960463866675867,-0.158892211870051,1.51055641022127,1
1335,2206,380671.99955862,1334569471.99956,-2399843.41845922,5383231.94859025,2429484.66410156,22.5374249030376,114.02730050394,-1.72656760490805,1.04075776217667,0.928217455874988,-0.230341737247545,1.41344320042945,1
1336,2206,380672.999558796,1334569472.99956,-2399842.16840969,5383232.50461419,2429484.12409457,22.5374204029426,114.027287204127,-1.93459765984721,0.928946187021591,0.874005499511601,-0.214762720510434,1.29342555165712,1
1337,2206,380673.999558846,1334569473.99956,-2399840.89642507,5383233.18758807,2429483.65214832,22.5374161001063,114.027273207067,-2.01769506970058,0.96397389793447,0.933459495396597,-0.336438908921626,1.38339562124557,1
1338,2206,380674.999558984,1334569474.99956,-2399839.26049878,5383233.88960618,2429483.82205789,22.5374176035004,114.027255903252,-1.97558113946104,1.13171097635339,0.892709071486689,-0.130764582804128,1.44734190723177,1
1339,2206,380675.999558701,1334569475.99956,-2399837.69349712,5383234.18962137,2429483.83903104,22.5374190050147,114.027240802602,-2.30529353849006,1.1270660532436,0.857232767045319,-0.0701834842717698,1.4177628951044,1
1340,2206,380676.999558424,1334569476.99956,-2399836.05849835,5383234.43762963,2429483.92001958,22.5374212007001,114.027225304068,-2.6799142905733,1.12923776878352,0.837957600521501,-0.0441641955996569,1.40687645331489,1
1341,2206,380677.999558915,1334569477.99956,-2399834.70445803,5383235.24062531,2429483.81608431,22.5374197035449,114.027210103382,-2.55156535089222,1.03879581029619,0.849418445291536,-0.191099467246211,1.35540674229996,1
1342,2206,380678.999562163,1334569478.99956,-2399833.44844194,5383236.21163283,2429483.46809582,22.5374155015285,114.027195108021,-2.33815934352153,1.00967562676348,0.838758163037604,-0.219028453885032,1.33076428827712,1
1343,2206,380679.999568764,1334569479.99957,-2399832.28041605,5383237.1296504,2429483.15109799,22.5374116015078,114.027181103654,-2.12448606257218,0.965026698969394,0.810814894256724,-0.227355591317421,1.28077628310943,1
1344,2206,380680.999574156,1334569480.99957,-2399831.19038752,5383237.99267048,2429482.8140951,22.537407598572,114.027168009503,-1.93554316200947,0.910217929887787,0.773898459775593,-0.223463756511029,1.21546351504529,1
1345,2206,380681.999576493,1334569481.99958,-2399830.06436953,5383238.67564712,2429482.28317359,22.5374025981101,114.027155308449,-1.98634555665923,0.872859751090706,0.833058254873485,-0.410127766858524,1.27439200650167,1
1346,2206,380682.999577406,1334569482.99958,-2399829.40722334,5383239.34969355,2429481.55322184,22.5373953050441,114.027146805778,-1.94463639029583,0.52851909939519,0.725049237268739,-0.525261886836906,1.03967729832528,1
1347,2206,380683.999578025,1334569483.99958,-2399829.07105695,5383240.03571313,2429480.5933533,22.5373856041016,114.027141105642,-1.8602383459455,0.135049462393848,0.679826824939245,-0.837544311602448,1.08714458242566,1
1348,2206,380684.999578809,1334569484.99958,-2399829.15191393,5383240.14280507,2429479.59228557,22.5373768019857,114.027141399672,-2.12318279834284,-0.2043416864577,0.46226242196785,-0.678335531367898,0.845920306355231,1
1349,2206,380685.999580034,1334569485.99958,-2399829.36083833,5383240.53482392,2429478.44530765,22.5373657016485,114.027141703006,-2.15352536663883,-0.384812034034461,0.419217689075705,-0.733099646565367,0.928040335419738,1
1350,2206,380686.999581977,1334569486.99958,-2399829.28383616,5383240.41280574,2429477.39133633,22.5373574050351,114.027141502283,-2.68939060186056,-0.391346934353584,0.46399188817462,-0.804914291776094,1.00813090044161,1
1351,2206,380687.999583657,1334569487.99958,-2399829.51884268,5383240.91476658,2429476.0384175,22.5373442026858,114.02714160203,-2.69611107560453,-0.377675439242147,0.560603910959185,-1.00330855810954,1.20977003813342,1
1352,2206,380688.999585085,1334569488.99959,-2399829.56488772,5383241.54976919,2429475.10038005,22.5373343064601,114.02713949742,-2.50264270434375,-0.27028326400673,0.55636477185992,-0.915951742129949,1.10524313889739,1
1353,2206,380689.999586312,1334569489.99959,-2399829.54694497,5383242.13975338,2429474.00135955,22.5373233000163,114.027137002863,-2.43291822766314,-0.132787333112034,0.596154249646835,-0.869395515301434,1.06248808333705,1
1354,2206,380690.999587378,1334569490.99959,-2399829.53998093,5383242.93375537,2429473.18633518,22.5373140018694,114.027133798252,-2.07810380230837,-0.0461100480628837,0.5931255604589,-0.812306298613731,1.0068592700917,1
1355,2206,380691.999588313,1334569491.99959,-2399829.38501703,5383243.21677832,2429472.50025354,22.5373076031295,114.027131302107,-2.16058824931477,0.0415392850436643,0.538123252693168,-0.615850942155446,0.818886152187693,1
1356,2206,380692.999589144,1334569492.99959,-2399828.87210239,5383243.83476107,2429471.96421541,22.5373019014099,114.027124301958,-2.03760689959907,0.249622712972591,0.581595358279632,-0.524265805970917,0.821838971401664,1
1357,2206,380693.999589895,1334569493.99959,-2399828.82605505,5383245.0187386,2429471.29033657,22.5372926027708,114.027119206755,-1.31440781687927,0.134085748966354,0.638100407978426,-0.820642106104807,1.04814339908728,1
1358,2206,380694.999590591,1334569494.99959,-2399828.89694919,5383245.50675038,2429469.60541178,22.5372769066368,114.027117904591,-1.52186514215691,-0.124154950230542,0.609556095199043,-1.0066974627125,1.18339041161099,1
1359,2206,380695.99959126,1334569495.99959,-2399829.23987857,5383246.10175484,2429467.88646705,22.5372602051393,114.027118594287,-1.5497969102849,-0.297204441009421,0.599781122919048,-1.14341508882853,1.32493997619761,1
1360,2206,380696.999591938,1334569496.99959,-2399829.48989217,5383246.96371188,2429465.95355375,22.5372410060218,114.027117402364,-1.4694806638008,-0.26422750839327,0.706291692044206,-1.35782645937358,1.55317636610186,1
1361,2206,380697.999592667,1334569497.99959,-2399829.91980537,5383247.37375562,2429464.27554539,22.5372251080914,114.027119596476,-1.60504170935734,-0.477850664392041,0.599677054708416,-1.3393491442283,1.54331136118048,1
1362,2206,380698.999593505,1334569498.99959,-2399830.16783053,5383247.87975147,2429462.81854175,22.5372110064991,114.027119795843,-1.64335288542348,-0.41667717070601,0.611279087686928,-1.33288908383749,1.52442621908838,1
1363,2206,380699.999594526,1334569499.99959,-2399830.49182199,5383248.58077479,2429461.69950832,22.5371990002258,114.027119897755,-1.35903109471947,-0.438876601128091,0.555578572916303,-1.25344542760567,1.43958523946553,1
1364,2206,380700.999595825,1334569500.9996,-2399830.78379385,5383249.18379243,2429460.62350298,22.537187707787,114.027120103291,-1.15293650967239,-0.509808850274887,0.513646079898066,-1.24425386335177,1.4394113504065,1
1365,2206,380701.999597518,1334569501.9996,-2399831.14476655,5383249.28681337,2429459.36848282,22.5371764056241,114.027122900532,-1.41130328920807,-0.579790306381373,0.463232636702467,-1.19966693753886,1.41065305305876,1
1366,2206,380702.999599737,1334569502.9996,-2399831.39279608,5383249.51480388,2429458.15347446,22.5371652012929,114.027124200322,-1.59138451486017,-0.509112057031914,0.489665341668423,-1.18539162611258,1.37989874291715,1
1367,2206,380703.999602614,1334569503.9996,-2399831.41785324,5383249.57282281,2429457.1123739,22.5371562990367,114.027124193153,-1.93205202585589,-0.368855369099274,0.445407420134137,-0.94092821877628,1.10444011431739,1
1368,2206,380704.999606251,1334569504.99961,-2399831.40587603,5383249.61985614,2429456.2292796,22.5371488015862,114.027123900645,-2.23535349956387,-0.314430364184626,0.364955443892508,-0.710202913428408,0.85816496560408,1
1369,2206,380705.999610674,1334569505.99961,-2399831.38789334,5383249.65589538,2429455.61617792,22.5371435992877,114.027123598331,-2.44670461608919,-0.273597734955742,0.268418134588861,-0.45706867274971,0.596502964919922,1
1370,2206,380706.999615791,1334569506.99962,-2399831.09193349,5383249.57291462,2429455.19909737,22.5371407999507,114.027121299007,-2.78786967924551,-0.172520507504188,0.221848816435727,-0.253539807407821,0.378500537389091,1
1371,2206,380707.999621369,1334569507.99962,-2399830.91596358,5383250.03693463,2429455.30903416,22.5371404979995,114.027117899944,-2.4204627216018,-0.0958595748482946,0.172966083444562,-0.0899363148267738,0.217243791250446,1
1372,2206,380708.999627064,1334569508.99963,-2399830.55598697,5383249.8109266,2429455.13902605,22.5371403017917,114.027115598349,-2.8116623009901,-0.0344608202320662,0.196346912853649,-0.0699513354127886,0.211264875557338,1
1373,2206,380709.9996325,1334569509.99963,-2399830.44294321,5383250.13889315,2429454.38114347,22.5371331030201,114.027113296515,-2.86798499225961,-0.154265417772967,0.290835494330179,-0.390905986574247,0.511068091571498,1
1374,2206,380710.999637364,1334569510.99964,-2399830.04596165,5383250.30982899,2429453.37126605,22.5371246989945,114.027109095199,-3.26014558611942,-0.105201156921393,0.471315042488744,-0.734074977555335,0.878675836339337,1
1375,2206,380711.999641475,1334569511.99964,-2399830.10191007,5383250.55983168,2429452.36030843,22.5371153977001,114.027108602409,-3.41568397392106,-0.250687955294818,0.469244855108559,-0.860491258906793,1.01167207712319,1
1376,2206,380712.999644789,1334569512.99964,-2399830.3338935,5383250.62481094,2429451.04636729,22.5371039061286,114.027110404951,-3.77723408303725,-0.299779163433247,0.531762312781757,-1.03437002578188,1.20106621564331,1
1377,2206,380713.999647368,1334569513.99965,-2399830.50787234,5383250.86381754,2429449.76336899,22.537092204239,114.027111003657,-4.00192839774481,-0.361829545132926,0.517124884998665,-1.04663782422296,1.22220681617726,1
1378,2206,380714.999649331,1334569514.99965,-2399830.88482575,5383250.82682715,2429448.45838911,22.5370809054588,114.027114496971,-4.3915456180617,-0.496838365872544,0.492355191848629,-1.10986206004836,1.31189015892261,1
1379,2206,380715.999650815,1334569515.99965,-2399831.02185413,5383251.032815,2429447.16838311,22.5370693015725,114.027114898292,-4.66067611177909,-0.417430483938381,0.529468999952246,-1.09734244198598,1.28792315990327,1
1380,2206,380716.99965195,1334569516.99965,-2399831.36283385,5383251.1158197,2429445.91439232,22.5370580994364,114.027117597245,-4.94305037166417,-0.477244467995426,0.517577796400257,-1.12732948012189,1.32910526833305,1
1381,2206,380717.999652845,1334569517.99965,-2399831.57485454,5383251.38783475,2429444.59133833,22.5370459054892,114.027118403064,-5.14094366299055,-0.418761509903037,0.47578025025615,-0.974881230990445,1.16280757791112,1
1382,2206,380718.999653587,1334569518.99965,-2399831.55692226,5383251.75184157,2429443.55125804,22.5370361050069,114.027116803057,-5.23925332717119,-0.224089353477741,0.457235127368023,-0.745114783806183,0.902483263605403,1
1383,2206,380719.999654244,1334569519.99965,-2399831.49493418,5383251.9178794,2429442.75216258,22.5370290024335,114.027115595475,-5.42877331915502,-0.190080727131619,0.34856725426846,-0.470450714047723,0.615592144136969,1
1384,2206,380720.999654868,1334569520.99965,-2399831.59293095,5383252.51488307,2429441.94016388,22.5370202043785,114.027114102546,-5.19950893304705,-0.199976416398014,0.339051235842702,-0.475190289748212,0.617051147890388,1
1385,2206,380721.999655499,1334569521.99966,-2399831.64389943,5383253.36188912,2429441.17818879,22.5370110995111,114.027111202518,-4.7578549442614,-0.291713410204737,0.322401844742192,-0.54824398921151,0.699722184079507,1
1386,2206,380722.999656167,1334569522.99966,-2399831.78388215,5383253.82887225,2429440.48024699,22.5370036046347,114.027110597015,-4.57877027914011,-0.342566505374113,0.371660956611593,-0.718384044186146,0.878384489967189,1
1387,2206,380723.999656899,1334569523.99966,-2399832.07886388,5383253.85784471,2429439.27032274,22.5369930056769,114.027113101426,-4.90713369686583,-0.396661859172301,0.452189266374076,-0.941001952043171,1.1168260548962,1
1388,2206,380724.999657718,1334569524.99966,-2399832.16688465,5383254.05582185,2429437.98135032,22.5369815047958,114.027113099326,-5.20105442738271,-0.33671659586378,0.520164403310592,-1.02379791100366,1.1967085004198,1
1389,2206,380725.999658648,1334569525.99966,-2399831.55390962,5383253.94378675,2429436.3123881,22.5369688024408,114.027108100284,-6.16577079913091,-0.263836037066605,0.62401017763218,-1.13753655542957,1.32400436977456,1
1390,2206,380726.999659715,1334569526.99966,-2399831.42793433,5383254.06577405,2429434.6113849,22.5369544067166,114.027106498931,-6.76219748769407,-0.19262827940004,0.663454081375673,-1.13169222082055,1.32589752801052,1
1391,2206,380727.999660949,1334569527.99966,-2399831.48792628,5383253.89778483,2429433.02336013,22.5369416079239,114.027107696512,-7.4900089396245,-0.217291791181416,0.633811998115543,-1.06268534930654,1.25627764570608,1
1392,2206,380728.999662392,1334569528.99966,-2399831.7748998,5383253.83378461,2429431.05638559,22.536924999791,114.027110497819,-8.18997610394261,-0.296806736986272,0.637278788776077,-1.14297716333128,1.34187007181812,1
1393,2206,380729.999660145,1334569529.99966,-2399832.21089258,5383254.40783006,2429430.18530377,22.5369153051871,114.027112096767,-7.87561116633373,-0.316217557974635,0.500052645764059,-0.893710499751288,1.07180438974319,1
1394,2206,380730.999667814,1334569530.99967,-2399832.35390507,5383254.8038237,2429429.10031063,22.5369048021587,114.027111799151,-7.9036210667449,-0.285611462673335,0.53059385637377,-0.935274699440668,1.11258370985999,1
1395,2206,380731.999669396,1334569531.99967,-2399832.30393602,5383255.19682952,2429428.1372657,22.5368955976776,114.027109799914,-7.95998663577256,-0.193254145149807,0.515518843360416,-0.803795832151595,0.974266176289374,1
1396,2206,380732.999670058,1334569532.99967,-2399832.09894324,5383255.79782862,2429427.0002592,22.5368845031795,114.027105600985,-7.96586445032225,-0.171643992184771,0.519522516596357,-0.785935062358031,0.957632094046278,1
1397,2206,380733.99967196,1334569533.99967,-2399832.79290954,5383256.79982706,2429425.59130903,22.536868605937,114.027107796535,-7.39961211939986,-0.276207779967076,0.527653038824694,-0.942574786476603,1.11496892117973,1
1398,2206,380734.999673866,1334569534.99967,-2399833.53887066,5383257.53785265,2429424.19829961,22.536853602862,114.027111498576,-7.03038393679497,-0.396951904882871,0.452068931402423,-0.919130376973896,1.09851617348387,1
1399,2206,380735.999674538,1334569535.99967,-2399833.50691701,5383257.71883368,2429422.97829509,22.5368429000189,114.027110498518,-7.35732505625566,-0.25467264314217,0.510734706306773,-0.906971334122901,1.07158998516782,1
1400,2206,380736.999679205,1334569536.99968,-2399833.80692386,5383258.31483079,2429421.6843024,22.5368298002729,114.027110803184,-7.23767307770657,-0.237412654804761,0.527544869306256,-0.943000428776794,1.10630835053615,1
1401,2206,380737.999679622,1334569537.99968,-2399834.52994658,5383259.23083006,2429420.46329406,22.536815701528,114.027113597115,-6.66100706939179,-0.167255561797262,0.530812569476946,-0.918137302852055,1.07364450064036,1
1402,2206,380738.999680027,1334569538.99968,-2399834.48995762,5383259.44280826,2429419.24233209,22.5368049040323,114.027112403022,-6.96518693386722,-0.13227804358629,0.598901337279599,-1.03807122336979,1.20572474362881,1
1403,2206,380739.999684742,1334569539.99968,-2399834.33199557,5383260.02478941,2429417.92534137,22.5367923021737,114.027108696949,-7.03840309122468,-0.0138448492885747,0.667934659061904,-1.08305812366864,1.27253419909746,1
1404,2206,380740.99968539,1334569540.99969,-2399834.40595435,5383260.3407926,2429416.40337359,22.536778504632,114.027108102832,-7.3273421637275,-0.14507833507358,0.65891337065992,-1.18781206142606,1.36605711689203,1
1405,2206,380741.999687291,1334569541.99969,-2399834.76589464,5383260.71982907,2429415.10935655,22.5367660060844,114.027109798394,-7.36818720198915,-0.336992992786343,0.546425702844882,-1.14033760836523,1.30863103545986,1
1406,2206,380742.99968844,1334569542.99969,-2399835.15292528,5383261.33481102,2429413.84937218,22.53675300734,114.027110800583,-7.18675556113251,-0.239942191411224,0.606572306366427,-1.19464119804852,1.36112813876751,1
1407,2206,380743.999689163,1334569543.99969,-2399835.68491326,5383262.07282768,2429412.40835562,22.5367379054285,114.027112602831,-6.9164014673016,-0.279316616125397,0.554530564895729,-1.14434599246535,1.30194073210682,1
1408,2206,380744.99968985,1334569544.99969,-2399836.15091839,5383262.46183159,2429411.07534486,22.5367249006619,114.027115200669,-6.92389394534892,-0.263308277841603,0.542865031494434,-1.11211429007773,1.26523985306915,1
1409,2206,380745.999691306,1334569545.99969,-2399836.66985403,5383262.2858866,2429409.86228129,22.5367146076812,114.027120504608,-7.34210050074353,-0.472979442590876,0.366792558948971,-0.911434063653966,1.09039368431897,1
1410,2206,380746.999695028,1334569546.9997,-2399837.02981374,5383262.4388967,2429408.71029657,22.5367040082817,114.027123094984,-7.51917592275282,-0.610548441330079,0.338539419243154,-0.972638997340536,1.19724891177219,1
1411,2206,380747.999700576,1334569547.9997,-2399837.42482482,5383262.41387692,2429407.42432284,22.5366928047065,114.027126701239,-7.88461051225196,-0.584866139948498,0.410673933057866,-1.07840632417789,1.29370849922938,1
1412,2206,380748.999704291,1334569548.9997,-2399837.90482447,5383262.75888798,2429406.14929932,22.5366804029444,114.027129597459,-7.9017262944821,-0.593502817629919,0.378773219965678,-1.01243573450371,1.23318322369301,1
1413,2206,380749.999705752,1334569549.99971,-2399837.88290828,5383263.21285471,2429404.89128406,22.5366685059404,114.027127606009,-8.00916571700744,-0.311334796706826,0.493768547448547,-0.965637392632516,1.12835823573015,1
1414,2206,380750.99970645,1334569550.99971,-2399838.55787769,5383264.01985694,2429403.66832057,22.5366548031827,114.027130404702,-7.5432666255682,-0.41691756179265,0.487632147957635,-1.09219869036786,1.26668991639398,1
1415,2206,380751.999707184,1334569551.99971,-2399839.3159153,5383264.68684257,2429402.31031797,22.5366402996558,114.027134495144,-7.21600282990851,-0.289644210408842,0.537780273539196,-1.08612905168744,1.2461050148967,1
1416,2206,380752.999708348,1334569552.99971,-2399839.23094757,5383265.30283564,2429400.99529615,22.5366275038306,114.027131302551,-7.23231650863723,-0.179515276665075,0.563612857132057,-1.01564640815186,1.17533944614842,1
1417,2206,380753.999710269,1334569553.99971,-2399839.82393632,5383265.95183386,2429399.41131477,22.5366114049284,114.027133998754,-7.06890878236294,-0.220141587730252,0.573493744098105,-1.08687537488906,1.2484612423733,1
1418,2206,380754.999712166,1334569554.99971,-2399839.67497148,5383266.24781858,2429398.01130821,22.5365990020663,114.02713150458,-7.41182237157782,-0.098851603020276,0.630006791061126,-1.07107223009836,1.24654559414836,1
1419,2206,380755.999713788,1334569555.99971,-2399839.89598769,5383267.04680794,2429396.64931752,22.5365848047869,114.027130304432,-7.1766872997795,-0.0431610526753377,0.671147153321851,-1.10960419217025,1.29750639349556,1
1420,2206,380756.999716005,1334569556.99972,-2399840.71991089,5383267.78383319,2429395.16134553,22.5365689029616,114.02713470263,-6.81537157626432,-0.314280792641448,0.587467962228845,-1.21695155833472,1.3873940026546,1
1421,2206,380757.999716432,1334569557.99972,-2399841.71384044,5383267.96888129,2429393.75630697,22.5365551981943,114.027142795075,-6.82398442457838,-0.563141138378831,0.418366392633772,-1.08274778396178,1.29015547276061,1
1422,2206,380758.999719352,1334569558.99972,-2399842.3238533,5383268.45286533,2429392.29333202,22.5365406062321,114.027146295576,-6.74700033754125,-0.522777837569215,0.479857523045379,-1.18332231537937,1.37978679945547,1
1423,2206,380759.999723807,1334569559.99972,-2399842.6869187,5383269.11384065,2429390.83032963,22.536525802548,114.027146902929,-6.61358669444588,-0.29436893097877,0.577038673929578,-1.19370231491753,1.35814281847509,1
1424,2206,380760.999723664,1334569560.99972,-2399843.85788614,5383269.13784083,2429389.27536417,22.536511106888,114.0271572047,-6.74894208429169,-0.412685006516245,0.575546149828637,-1.3180885903339,1.4963020474337,1
1425,2206,380761.999723749,1334569561.99972,-2399844.09791004,5383269.47483214,2429387.75235489,22.5364970002723,114.027158001964,-6.95811404250419,-0.325539346064213,0.607435912834037,-1.2848406644833,1.45800198461673,1
1426,2206,380762.999725973,1334569562.99973,-2399844.14406201,5383270.56278842,2429386.3503039,22.5364818018119,114.027154105463,-6.56031855794685,0.226209538976843,0.77242139484287,-1.10920170873093,1.37045029000936,1
1427,2206,380763.999731375,1334569563.99973,-2399845.26696857,5383270.20385043,2429385.18125588,22.5364716032685,114.027165496228,-6.88888458778655,-0.117895895339931,0.555990435979851,-0.952691409074699,1.10934472909182,1
1428,2206,380764.999732516,1334569564.99973,-2399845.4499649,5383270.28586293,2429384.04422334,22.5364616023965,114.027166796395,-7.18666982397548,-0.131258097989259,0.512096961583082,-0.835182441158725,0.988433961562546,1
1429,2206,380765.999733264,1334569565.99973,-2399846.3568848,5383270.39984938,2429382.38233132,22.5364461025273,114.027174397563,-7.38639416435763,-0.432362985296915,0.564324887023164,-1.24259021622939,1.4315833104076,1
1430,2206,380766.999735155,1334569566.99974,-2399846.94488369,5383270.65683422,2429380.80437002,22.5364313000982,114.027178601095,-7.55325438469453,-0.439267193645831,0.625685381571661,-1.3973106855979,1.59276960550232,1
1431,2206,380767.999737062,1334569567.99974,-2399847.69887534,5383271.08584968,2429379.320351,22.536416503475,114.027183597518,-7.4765568520615,-0.474342886717319,0.571551376226931,-1.33501495645148,1.52772284259789,1
1432,2206,380768.999738972,1334569568.99974,-2399848.50886727,5383271.33586978,2429377.87331684,22.5364025022526,114.027189799641,-7.51562467279595,-0.508736011068933,0.498644311984053,-1.21396118176024,1.40753693722513,1
1433,2206,380769.999740891,1334569569.99974,-2399849.34186648,5383271.46187063,2429376.45531585,22.5363891028129,114.027196696925,-7.63953529109258,-0.515535787372064,0.498992516274234,-1.21913000392445,1.41458426607532,1
1434,2206,380770.9997428,1334569570.99974,-2399850.37283502,5383271.70091566,2429375.46124952,22.5363786029773,114.027204904488,-7.43114762450118,-0.641787240663689,0.327816974609371,-0.970111471098015,1.20849952315949,1
1435,2206,380771.999743591,1334569571.99974,-2399850.69183414,5383271.78591564,2429374.3482476,22.5363686014285,114.027207400367,-7.66605292625566,-0.646598253558115,0.328799387860385,-0.965739871892604,1.20782939156361,1
1436,2206,380772.999744479,1334569572.99974,-2399851.34787056,5383272.17088855,2429373.04626903,22.5363556004328,114.027211701388,-7.59357610120117,-0.506646207814238,0.436163837249826,-1.05307828814635,1.24735847044155,1
1437,2206,380773.999750076,1334569573.99975,-2399852.22981633,5383271.824916,2429371.62625916,22.5363436072459,114.027220901389,-8.09800682720275,-0.735072190500473,0.335576722064309,-1.03722135635536,1.31482736650796,1
1438,2206,380774.999753147,1334569574.99975,-2399853.34180015,5383271.49093147,2429370.3562332,22.5363325029638,114.027232096394,-8.44832754200431,-0.809846527664094,0.277159430843408,-0.944903686567118,1.27495557779993,1
1439,2206,380775.999752389,1334569575.99975,-2399854.35578678,5383271.66893837,2429369.21623313,22.5363210028087,114.02724039477,-8.35374873753177,-0.861217553588609,0.248826787446951,-0.941675639732732,1.30013978295657,1
1440,2206,380776.999752891,1334569576.99975,-2399855.34679423,5383271.79393663,2429367.92022995,22.5363084014178,114.027248698934,-8.3723210571685,-0.832825555174909,0.256362287403133,-0.930835242686546,1.27505853857079,1
1441,2206,380777.99975325,1334569577.99975,-2399856.0058203,5383272.38690285,2429366.47028393,22.5362935045418,114.027252203227,-8.17996504649255,-0.728198988287507,0.393913930394248,-1.15097163232866,1.41780733864897,1
1442,2206,380778.999753985,1334569578.99975,-2399857.26082274,5383273.18090704,2429365.28028459,22.5362793004375,114.027260203315,-7.49424865181823,-0.720923379086606,0.378186046930396,-1.15683040122551,1.41457123603092,1
1443,2206,380779.999756528,1334569579.99976,-2399858.10779937,5383273.21192854,2429364.04425772,22.5362676993462,114.027267600631,-7.623278887947,-0.824071269953291,0.293284994454146,-1.05863198144773,1.37324841819619,1
1444,2206,380780.999762161,1334569580.99976,-2399858.93982099,5383273.10692741,2429362.71823943,22.5362557987191,114.027275403562,-7.90717332606379,-0.752676943760996,0.304908752793735,-1.0069019513597,1.29357777843143,1
1445,2206,380781.999767496,1334569581.99977,-2399859.53581854,5383273.18092526,2429361.43324688,22.5362440070488,114.027280402387,-8.11310265998966,-0.780354424525948,0.321298777130475,-1.0620001190049,1.35647712285507,1
1446,2206,380782.999769762,1334569582.99977,-2399860.21558271,5383272.76027109,2429360.21216201,22.5362341940418,114.02728810286,-8.68032632532243,-0.756460939157057,0.350928093897689,-1.089123953286,1.37170502119747,1
1447,2206,380783.999770474,1334569583.99977,-2399860.73782577,5383272.56991922,2429358.92224361,22.5362233008711,114.02729349317,-9.13888742512616,-0.7589084721162,0.351554754675235,-1.06153176714648,1.35143720062963,1
1448,2206,380784.999770914,1334569584.99977,-2399861.08985764,5383272.34790571,2429357.62723635,22.5362127052093,114.027297497539,-9.69012147606001,-0.621188247372448,0.411166998115152,-1.03188389127656,1.27268122642268,1
1449,2206,380785.999771548,1334569585.99977,-2399861.67485808,5383272.24389829,2429356.15225311,22.5361999070597,114.027303103293,-10.1231688777721,-0.621205443055766,0.444834354603998,-1.10819530167534,1.34605744014636,1
1450,2206,380786.999770674,1334569586.99977,-2399861.96087404,5383272.05389261,2429354.7372454,22.5361883023458,114.02730639483,-10.7182198078528,-0.549060970862298,0.467817336397065,-1.07033360476354,1.29071105807768,1
1451,2206,380787.99977632,1334569587.99978,-2399862.47687234,5383272.02189443,2429353.44524404,22.5361769000151,114.027311102907,-11.0463385398904,-0.570706201947349,0.47164066280767,-1.09117303543715,1.31863910036824,1
1452,2206,380788.999778795,1334569588.99978,-2399862.81089459,5383272.21687654,2429351.83726283,22.5361624010897,114.027313296841,-11.3725170150151,-0.476409452188017,0.557895182148928,-1.18847630317775,1.39667065681718,1
1453,2206,380789.999779214,1334569589.99978,-2399863.24488942,5383272.65987882,2429350.08826821,22.5361458010861,114.027315396706,-11.5059117989212,-0.500826141912484,0.548766987878394,-1.21513621474791,1.42426403865293,1
1454,2206,380790.999781427,1334569590.99978,-2399863.46290619,5383272.76988027,2429348.44024976,22.5361314003307,114.027316897021,-11.9627518135285,-0.429055387384133,0.547498165473372,-1.14300436321465,1.33802157716824,1
1455,2206,380791.999783055,1334569591.99978,-2399863.85187914,5383274.07189604,2429346.77025386,22.5361128072223,114.027315197044,-11.358130779662,-0.55701562880148,0.479709449422111,-1.17048092974918,1.38217696895169,1
1456,2206,380792.999784963,1334569592.99978,-2399863.97389661,5383275.07789622,2429345.20524175,22.5360964017147,114.027312298509,-11.0633896019377,-0.480555503614174,0.482952324015047,-1.12448080451912,1.31477512109766,1
1457,2206,380793.999786682,1334569593.99979,-2399864.30889169,5383275.95689996,2429343.71224294,22.5360806981747,114.027311793621,-10.7680861554057,-0.507638205585211,0.469224478876496,-1.13908164875722,1.33243204775409,1
1458,2206,380794.999788773,1334569594.99979,-2399863.98093516,5383277.18990507,2429342.30218321,22.5360655016222,114.027304001363,-10.3916793640607,-0.306534614728838,0.449902485189262,-0.867664624153603,1.02431324125682,1
1459,2206,380795.999789324,1334569595.99979,-2399864.22388799,5383278.82289443,2429340.68426508,22.5360465024203,114.027299694873,-9.54280001509925,-0.53154328868293,0.501814112233531,-1.25852945581026,1.45542160974841,1
1460,2206,380796.999793873,1334569596.99979,-2399864.45287881,5383279.20891336,2429339.23823281,22.5360328983972,114.027300200106,-9.68524585047636,-0.587707050263699,0.420306049534806,-1.12963658563595,1.34094577362862,1
1461,2206,380797.999794557,1334569597.99979,-2399864.58590068,5383279.6339214,2429338.01919012,22.5360211996412,114.027299698931,-9.74389484444216,-0.483197306734867,0.382585116512872,-0.925540208094236,1.11196928258478,1
1462,2206,380798.999796439,1334569598.9998,-2399864.5979179,5383280.29188319,2429336.42525861,22.5360058081388,114.027297201323,-9.79521094600175,-0.403077576690844,0.573938575970672,-1.27069853675484,1.45139649755988,1
1463,2206,380799.99979717,1334569599.9998,-2399864.88891658,5383280.28890408,2429335.15320955,22.5359947975614,114.027299796818,-10.1758158509572,-0.411188873800028,0.47262183261456,-1.03322742226975,1.20830732544791,1
1464,2206,380800.999801478,1334569600.9998,-2399865.05394866,5383280.7338697,2429333.69625749,22.5359810062505,114.027299500858,-10.2967712218291,-0.258517700449416,0.656238548701417,-1.29717492509679,1.47653080582399,1
1465,2206,380801.999802204,1334569601.9998,-2399864.86196534,5383281.11188282,2429332.30820951,22.535968504415,114.027296300058,-10.5820657390116,-0.175015890582374,0.592293943313123,-1.05934836678893,1.22623881828139,1
1466,2206,380802.999804084,1334569602.9998,-2399865.4539305,5383281.60590193,2429330.89320228,22.5359543062476,114.027299600567,-10.4850016729786,-0.354892074292335,0.500536663022771,-1.03270604734948,1.20123566199879,1
1467,2206,380803.999804724,1334569603.9998,-2399865.89991238,5383282.07589555,2429329.52723592,22.5359407987916,114.027301700025,-10.444311133926,-0.448703655640719,0.534830536553872,-1.20823819449873,1.39542760760328,1
1468,2206,380804.999806541,1334569604.99981,-2399866.21890965,5383282.13490804,2429328.17720793,22.5359289023829,114.027304298739,-10.7919747703751,-0.466957655484396,0.475083758738134,-1.07495331931139,1.2646259006247,1
1469,2206,380805.999813292,1334569605.99981,-2399866.6718974,5383282.11492991,2429326.92716837,22.5359179008329,114.027308399776,-11.117562222807,-0.549481022438737,0.375134741337946,-0.901926301568568,1.12077050355555,1
1470,2206,380806.999811779,1334569606.99981,-2399867.21490391,5383282.54890049,2429325.45722792,22.5359035032909,114.027311503273,-11.1106203187773,-0.510533429880166,0.528661746609948,-1.21111495657876,1.41666053216805,1
1471,2206,380807.999812853,1334569607.99981,-2399867.62193932,5383283.21088089,2429324.07424065,22.5358893018585,114.027312497022,-10.9291373642609,-0.324240882676796,0.63646991864602,-1.28595322822105,1.47102067032127,1
1472,2206,380808.999813658,1334569608.99981,-2399867.78093569,5383283.43991156,2429323.0611757,22.5358799040223,114.027313002173,-11.0643992324018,-0.345040519181584,0.474467359368474,-0.942870239205711,1.1104848143775,1
1473,2206,380809.999814292,1334569609.99981,-2399867.43600835,5383283.44992154,2429322.58608081,22.5358763957814,114.027309900033,-11.3677608674624,0.0452242277095534,0.42227129102524,-0.435087864439432,0.607996483360319,1
1474,2206,380810.99981486,1334569610.99981,-2399866.75406988,5383284.01687611,2429321.64312063,22.5358676995244,114.027301601194,-11.5073377539124,0.377684109856618,0.669137902306517,-0.651767745971195,1.00756737433768,1
1475,2206,380811.999815525,1334569611.99982,-2399865.85411131,5383284.34784687,2429320.60913993,22.5358592972896,114.027292300668,-11.9628698859593,0.603578956660767,0.829859956355175,-0.758712566445064,1.27617391548612,1
1476,2206,380812.999816575,1334569612.99982,-2399864.77215489,5383285.05384285,2429319.97510641,22.535853301919,114.02727989983,-12.0171888322544,0.844619855214362,0.856693127845448,-0.580099552289571,1.33559773348359,1
1477,2206,380813.999818508,1334569613.99982,-2399863.65017151,5383285.74484534,2429319.43608648,22.535848202841,114.02726720295,-12.0627943669714,0.945087239629377,0.852074205442604,-0.476531328002018,1.35878712411411,1
1478,2206,380814.999821975,1334569614.99982,-2399862.49017695,5383286.20085564,2429319.01705921,22.5358449009995,114.027255098709,-12.2749476228041,0.994062835365734,0.810687221966038,-0.332611258317619,1.3251433664604,1
1479,2206,380815.999827284,1334569615.99983,-2399861.49017429,5383286.7358633,2429318.61904926,22.5358412992765,114.027244102313,-12.3522330021326,1.00911917902504,0.791324099834774,-0.285250884865743,1.31372882124592,1
1480,2206,380816.999833536,1334569616.99983,-2399860.69914424,5383287.48788042,2429318.17104611,22.5358363000914,114.02723410238,-12.187017335292,0.866461242126645,0.718389745600734,-0.277074741910029,1.15914163211251,1
1481,2206,380817.999838902,1334569617.99984,-2399859.83515543,5383288.2038822,2429317.79303448,22.5358321013551,114.027223597219,-12.0527975313417,0.964806722338739,0.731210173475016,-0.214080280482741,1.22937004020553,1
1482,2206,380818.999842334,1334569618.99984,-2399858.7351518,5383288.89188085,2429317.38804587,22.5358280987244,114.027211107385,-12.0413006343696,0.96283313294043,0.755676867428743,-0.291031506636615,1.25809161340102,1
1483,2206,380819.999844094,1334569619.99984,-2399857.76111754,5383289.08189112,2429316.84005691,22.5358243000284,114.0272017071,-12.4573428558377,0.753995088159478,0.698146514021269,-0.365141958330523,1.09052546863524,1
1484,2206,380820.999844888,1334569620.99984,-2399856.60314927,5383289.69388034,2429316.4570514,22.5358208027109,114.027189003467,-12.5233416717429,0.962473079365458,0.771415004774929,-0.331420029217212,1.27721367588257,1
1485,2206,380821.999845261,1334569621.99985,-2399855.55315921,5383290.32087868,2429316.01404626,22.5358166053369,114.027177199138,-12.5590656009086,1.02891797920032,0.783982782370622,-0.299021625786968,1.32767283005398,1
1486,2206,380822.999845518,1334569622.99985,-2399854.28015373,5383290.82389219,2429315.7610204,22.5358146987491,114.027163905459,-12.7104436235946,0.995272857123705,0.697759078728757,-0.13209385143551,1.22265472544895,1
1487,2206,380823.999845813,1334569623.99985,-2399853.29615281,5383291.04288196,2429315.19904319,22.5358107058135,114.027154301977,-13.1111470308654,0.991061976798203,0.765299046128052,-0.280279329361549,1.28313794049082,1
1488,2206,380824.999846224,1334569624.99985,-2399852.01215325,5383291.32088149,2429314.72704358,22.5358076995884,114.027141801314,-13.5404070839398,0.996730007105274,0.770424552987791,-0.283459277873972,1.29126831492272,1
1489,2206,380825.999845652,1334569625.99985,-2399850.79716158,5383291.65388027,2429314.32403623,22.5358049977094,114.027129695661,-13.8708746265295,1.04692983494327,0.775534767246413,-0.234786363078311,1.3238734421348,1
1490,2206,380826.999845081,1334569626.99985,-2399849.61616301,5383292.387879,2429313.87503487,22.5358005966954,114.02711630462,-13.8678982071827,1.05226556119819,0.781012357921987,-0.225162041451263,1.32963944715141,1
1491,2206,380827.999845474,1334569627.99985,-2399848.52216728,5383293.06687845,2429313.51603206,22.5357969975956,114.027103903751,-13.8441066707126,1.08252991781504,0.786520291856905,-0.207542781856727,1.35408980454331,1
1492,2206,380828.999849281,1334569628.99985,-2399847.44013458,5383293.46989693,2429313.16202529,22.535794295712,114.027092701461,-14.0467212678791,0.892963229241746,0.683739614602949,-0.167847643989708,1.13712621152981,1
1493,2206,380829.999856567,1334569629.99986,-2399846.33912904,5383293.90590089,2429312.79402462,22.5357913995729,114.027081200156,-14.2340073217429,0.899712540083438,0.690908944870464,-0.171713002161647,1.1473112829554,1
1494,2206,380830.999861848,1334569630.99986,-2399845.18114016,5383294.91989058,2429312.23904311,22.5357851970874,114.027066905182,-14.0267911531165,1.01461109309606,0.792118999753926,-0.312157378773401,1.32451138505014,1
1495,2206,380831.999863953,1334569631.99986,-2399844.1621253,5383295.9199008,2429311.89504,22.5357806026823,114.027053899459,-13.6982432561203,0.921015011201482,0.729234286303211,-0.294001606611975,1.21098647385883,1
1496,2206,380832.999864764,1334569632.99986,-2399842.90713012,5383296.56591287,2429311.88001048,22.535780203755,114.027040199686,-13.6309956092012,0.962281853906628,0.6442432641029,-0.0774103156336669,1.16061539997815,1
1497,2206,380833.999865347,1334569633.99987,-2399841.62715737,5383297.60991015,2429311.87899589,22.5357786988488,114.027024702881,-13.2320253862229,1.16876646607909,0.667446434325573,0.0305000493495038,1.34626522198831,1
1498,2206,380834.999866117,1334569634.99987,-2399840.46012449,5383297.99891328,2429311.29001848,22.5357742011973,114.027012801371,-13.5684833372893,0.929919503358943,0.647604922389144,-0.138258802442635,1.14160322121255,1
1499,2206,380835.999867335,1334569635.99987,-2399839.35511827,5383298.67691209,2429310.85702833,22.5357700036536,114.027000306708,-13.5780308320391,0.891577640743653,0.662693048746798,-0.213627587824004,1.13124246411229,1
1500,2206,380836.999869241,1334569636.99987,-2399837.85815373,5383299.64090964,2429311.05300502,22.535770700485,114.026983199936,-13.2526546048609,1.17586654215171,0.691132481855489,-0.0383017135267202,1.36447545001244,1
1501,2206,380837.999869807,1334569637.99987,-2399836.7941436,5383300.58990677,2429310.59702489,22.535765396759,114.026969996635,-13.0269779070446,1.10297965875092,0.716220049352464,-0.191316788646998,1.32896102287875,1
1502,2206,380838.999875278,1334569638.99988,-2399835.47815346,5383301.60390709,2429310.50702137,22.5357632951852,114.026954298778,-12.7009627488863,1.23042100718186,0.745057881397857,-0.171274604413486,1.44857933564734,1
1503,2206,380839.999874989,1334569639.99988,-2399834.25414389,5383302.24291259,2429310.14701894,22.5357599973758,114.026940901857,-12.760185039803,1.1510542038064,0.699195545695915,-0.151555024217566,1.35527455395096,1
1504,2206,380840.999875728,1334569640.99988,-2399833.10814603,5383303.28492163,2429310.24100291,22.5357591023159,114.026926602463,-12.2760957674608,1.1750763448761,0.630805940085353,-0.0233313727420657,1.33389088882426,1
1505,2206,380841.999876219,1334569641.99988,-2399832.0981481,5383304.75992574,2429310.18500092,22.5357553958573,114.026911796755,-11.4330641850369,1.19640803165263,0.600235893097093,-0.00742856018600979,1.33855537392796,1
1506,2206,380842.99987706,1334569642.99988,-2399831.06614819,5383306.23392599,2429309.98200553,22.5357504975312,114.026896799675,-10.6554901336354,1.20534733129057,0.60230554531677,-0.0450581936603842,1.34820784739763,1
1507,2206,380843.999879927,1334569643.99988,-2399829.90914312,5383307.22693354,2429309.97099796,22.5357488971629,114.026882596511,-10.2571165696418,1.19196593759446,0.553610095698494,0.0169653340497468,1.31436477319051,1
1508,2206,380844.999886034,1334569644.99989,-2399828.66414477,5383308.247927,2429309.54801236,22.5357438960922,114.026867501309,-10.0261200318148,1.27031761685011,0.640683909605723,-0.108573964997696,1.42687456546913,1
1509,2206,380845.999890608,1334569645.99989,-2399827.40514438,5383309.39092193,2429309.14502644,22.5357386959069,114.026851798898,-9.68980194651601,1.31979534235053,0.713847118564926,-0.241764742245053,1.51983145281522,1
1510,2206,380846.99989185,1334569646.99989,-2399826.22312874,5383310.40192435,2429308.63303595,22.5357328952887,114.026837302454,-9.47765892499388,1.19033412882261,0.69960200418491,-0.33243980167188,1.42016003472675,1
1511,2206,380847.999892035,1334569647.99989,-2399825.48108312,5383310.78393591,2429307.69404997,22.53572490148,114.026829201984,-9.79432856573879,0.769859466891907,0.593569886863884,-0.462980848482793,1.07673584291438,1
1512,2206,380848.99989221,1334569648.99989,-2399824.74507775,5383311.50794011,2429307.28004821,22.5357201968852,114.026819801517,-9.61901224741975,0.721295754578492,0.555650599833728,-0.447212626102537,1.01440341463052,1
1513,2206,380849.999891816,1334569649.99989,-2399823.95208264,5383312.50693163,2429306.74606571,22.5357137025996,114.026808806637,-9.27912919525308,0.763932476611664,0.632147713729808,-0.607378505515534,1.16280359896164,1
1514,2206,380850.999891976,1334569650.99989,-2399822.78210694,5383313.01692389,2429306.0580553,22.5357080006035,114.026796400125,-9.55257644819268,0.990025778806373,0.704534843681515,-0.511985848193487,1.31857874145343,1
1515,2206,380851.999897754,1334569651.9999,-2399821.505118,5383313.71592945,2429305.6750315,22.5357043957565,114.026782295343,-9.58992535317043,1.15416302672075,0.68999222197457,-0.308086256670569,1.37952843398891,1
1516,2206,380852.999904114,1334569652.9999,-2399820.27211674,5383314.71293099,2429305.25702908,22.5356994951771,114.026767401635,-9.37274412414099,1.217506168177,0.719786682313555,-0.303302734891381,1.44651535995218,1
1517,2206,380853.999904242,1334569653.9999,-2399818.98211438,5383315.35593155,2429304.64802895,22.5356942008748,114.026753402983,-9.54884024944381,1.19449216566735,0.714782291923887,-0.302421044380923,1.42449420734978,1
1518,2206,380854.999903671,1334569654.9999,-2399817.60911578,5383315.73893346,2429303.74601657,22.5356874014451,114.026739696513,-10.0877862638325,1.20193453120709,0.690690965012723,-0.172220568250114,1.39691107468823,1
1519,2206,380855.999903999,1334569655.9999,-2399816.31911865,5383316.55892687,2429303.26302726,22.5356825986748,114.026724997362,-10.0662714817232,1.23597511893753,0.761780896006721,-0.28403472111613,1.47939864504229,1
1520,2206,380856.999904211,1334569656.9999,-2399815.21411235,5383317.33893443,2429302.67701634,22.5356768023323,114.026712098967,-10.0484029317564,1.17288362736003,0.68451700890303,-0.170664902415677,1.36870232253888,1
1521,2206,380857.999904753,1334569657.9999,-2399814.07310785,5383318.13993384,2429302.32002265,22.5356729005518,114.026698797867,-9.93859014074063,1.13230804125691,0.694619497019427,-0.23779748499328,1.34950560940061,1
1522,2206,380858.999906969,1334569658.99991,-2399812.72611685,5383318.75593354,2429301.9540144,22.5356697986541,114.026684400099,-10.0657657826761,1.25603703393027,0.714304500810372,-0.154848416855699,1.45321642664987,1
1523,2206,380859.999912717,1334569659.99991,-2399811.49610246,5383319.53393957,2429301.78901813,22.5356676964027,114.026670399712,-9.93523928660054,1.17383853642204,0.692348704342751,-0.207675524424178,1.37854008336333,1
1524,2206,380860.999919277,1334569660.99992,-2399810.23009171,5383320.02995136,2429301.85900317,22.5356684962237,114.026657195865,-9.96608515104857,1.13614865603544,0.602504356556251,-0.0392796820253882,1.28661888751115,1
1525,2206,380861.999922232,1334569661.99992,-2399808.97609692,5383320.87994849,2429301.6100057,22.5356654995526,114.026642697619,-9.81603786875057,1.24632484742581,0.662439540430603,-0.0733075758120547,1.41333851950208,1
1526,2206,380862.999922809,1334569662.99992,-2399807.41210792,5383321.41194596,2429301.36800018,22.5356640032611,114.02662670566,-10.0481590667939,1.39816895241779,0.700056437378247,-0.00235712738290167,1.56363710338086,1
1527,2206,380863.999922795,1334569663.99992,-2399806.12409406,5383322.16194705,2429300.93001238,22.5356597942879,114.026612301155,-10.0676947406973,1.21831105966533,0.685878903190756,-0.160421749268246,1.4072834986538,1
1528,2206,380864.999922815,1334569664.99992,-2399805.08308234,5383322.63094415,2429299.69802686,22.5356495029296,114.026601201948,-10.5357048363551,1.06676527910318,0.723510504639916,-0.34815642541779,1.33516609737669,1
1529,2206,380865.999922633,1334569665.99992,-2399803.68510119,5383323.51193664,2429299.34002726,22.5356457020075,114.026585302604,-10.4554329155406,1.30795216467074,0.818997014479026,-0.352320468072619,1.58291651296439,1
1530,2206,380866.999922497,1334569666.99992,-2399802.33709403,5383323.89894045,2429298.70702386,22.5356410984482,114.026571802185,-10.8785000155791,1.21329744590028,0.768235677949501,-0.307988636852693,1.4687184037565,1
1531,2206,380867.999923562,1334569667.99992,-2399801.02408808,5383324.54094602,2429298.45301644,22.5356388006199,114.026557603232,-10.9280275549196,1.15236834701855,0.706158290186023,-0.215031633482806,1.36852144353203,1
1532,2206,380868.999928513,1334569668.99993,-2399799.82807901,5383325.19294953,2429297.82701698,22.5356332035967,114.026544403496,-11.0676902804735,1.10530803038435,0.706059836714007,-0.237610456356943,1.33292350268982,1
1533,2206,380869.999935459,1334569669.99994,-2399798.25207953,5383325.62595062,2429297.3290145,22.535629901929,114.026528696725,-11.4859531739912,1.23237955952033,0.765018822517541,-0.224701962876046,1.46782292857483,1
1534,2206,380870.999938682,1334569670.99994,-2399797.10806684,5383326.26695777,2429296.76701249,22.5356248001836,114.026516002177,-11.5908100923682,1.09005548732035,0.688627875950133,-0.20370943137404,1.30534549043674,1
1535,2206,380871.999939444,1334569671.99994,-2399795.7690701,5383327.07895393,2429296.39301871,22.5356210008334,114.026500899633,-11.5526897344288,1.15764595606968,0.760720997401893,-0.308980688021442,1.41926377430794,1
1536,2206,380872.999939692,1334569672.99994,-2399794.39507378,5383327.96295754,2429296.31600832,22.5356195002671,114.026485201332,-11.3531635146373,1.22339802052338,0.704101530552858,-0.137939826457629,1.41826974785143,1
1537,2206,380873.999940055,1334569673.99994,-2399793.06106997,5383328.60796101,2429296.33500528,22.5356194996264,114.026470804079,-11.3034254478884,1.16733285712392,0.650491017704334,-0.0881303615808456,1.33924289211012,1
1538,2206,380874.999939396,1334569674.99994,-2399791.5980745,5383329.26796096,2429296.31400081,22.5356192997038,114.026455202182,-11.3048763258155,1.22933338147418,0.644136491096682,-0.0133536312802623,1.38793036620626,1
1539,2206,380875.999940214,1334569675.99994,-2399790.40206891,5383329.92096281,2429296.04800208,22.5356167022151,114.026441998529,-11.3057200441315,1.15259492490034,0.622062633661534,-0.0348463072083723,1.31021038243101,1
1540,2206,380876.999949577,1334569676.99995,-2399789.18305412,5383330.56996673,2429295.78800947,22.5356141998829,114.026428606406,-11.3162873014722,1.07337539353648,0.659835845175604,-0.187896426353393,1.27390075950389,1
1541,2206,380877.999950737,1334569677.99995,-2399787.98405412,5383331.52097211,2429296.0539998,22.5356151018238,114.02641419667,-10.8629673481505,1.09870619435669,0.566266972402062,0.0041475792229011,1.23605452467299,1
1542,2206,380878.999949652,1334569678.99995,-2399786.80906325,5383332.64896766,2429296.04300176,22.5356131001357,114.026399299583,-10.357464280579,1.25633405866557,0.642434923762082,-0.0348764112783283,1.41149362814571,1
1543,2206,380879.999950353,1334569679.99995,-2399785.43406222,5383333.05196887,2429295.72399893,22.5356111030528,114.026385496171,-10.6568397014662,1.25329259967868,0.627030783121929,0.021504587368142,1.40156069817533,1
1544,2206,380880.999950856,1334569680.99995,-2399784.16906145,5383333.95096851,2429295.71900159,22.5356100021288,114.026370706271,-10.3760703716386,1.25042690431957,0.640901566222127,-0.0322631653913832,1.40547613728348,1
1545,2206,380881.999951318,1334569681.99995,-2399782.87506027,5383334.8639665,2429295.54600787,22.5356074965907,114.026355603479,-10.1587834181182,1.23809105103091,0.688240313969642,-0.161660645095533,1.4257202897443,1
1546,2206,380882.999952036,1334569682.99995,-2399781.77105258,5383335.62296904,2429295.07201029,22.5356026994945,114.026342797112,-10.1153207954569,1.09619067043912,0.645418345116705,-0.214598184969533,1.29005860609632,1
1547,2206,380883.999953637,1334569683.99995,-2399780.70004906,5383336.35296954,2429294.56801321,22.5355976973469,114.026330398572,-10.0954102036417,1.05822623373256,0.656919213295483,-0.285008811050103,1.2777384853454,1
1548,2206,380884.999957058,1334569684.99996,-2399779.41905048,5383336.93997233,2429294.2390059,22.5355949027018,114.026316701513,-10.2080404566454,1.17548531390367,0.644440675220406,-0.137352532177286,1.34756640844793,1
1549,2206,380885.999962519,1334569685.99996,-2399778.14104277,5383337.48397573,2429293.90500618,22.5355921981253,114.026303201201,-10.3577339568864,1.1412018606237,0.647638236869678,-0.164996160918636,1.32249790384127,1
1550,2206,380886.999968155,1334569686.99997,-2399776.88303424,5383338.04897919,2429293.43900748,22.5355882980014,114.026289795339,-10.5327797054855,1.07508606078884,0.653514254433666,-0.234975325896992,1.27988449581627,1
1551,2206,380887.999971926,1334569687.99997,-2399775.89402859,5383338.78498236,2429293.09500711,22.5355844958327,114.026278101085,-10.415647452338,1.01839876789442,0.628349194324302,-0.253327746594534,1.22316544573967,1
1552,2206,380888.999973843,1334569688.99997,-2399774.68402742,5383339.25498409,2429292.84200463,22.5355826049319,114.026265497485,-10.5711513632339,1.04820745643802,0.60818486114709,-0.177197483456906,1.22475574920236,1
1553,2206,380889.9999748,1334569689.99997,-2399773.28403043,5383339.90498378,2429292.64700257,22.5355808965427,114.026250494525,-10.6240275662848,1.20752700592707,0.643807054633687,-0.101844497563214,1.37221765595812,1
1554,2206,380890.999975453,1334569690.99998,-2399772.03302757,5383340.20498407,2429292.11800431,22.5355772987734,114.02623819974,-11.044143560821,1.12304252242072,0.649019475100365,-0.175486109329357,1.30891029516625,1
1555,2206,380891.99997614,1334569691.99998,-2399770.92802661,5383340.57998598,2429291.71400089,22.5355743007386,114.02622690442,-11.298175287993,1.11538899327319,0.587574952012653,-0.0372443370528981,1.26123910151492,1
1556,2206,380892.999977054,1334569692.99998,-2399769.7600257,5383340.96798485,2429290.95600394,22.5355683977936,114.026214998295,-11.7006048790748,1.12019279159437,0.660323752534969,-0.171841886738245,1.31163599467978,1
1557,2206,380893.999978384,1334569693.99998,-2399768.87702098,5383341.53998475,2429289.86100881,22.5355587007567,114.026204894323,-11.9697875735355,0.970784129980671,0.70563569337283,-0.407697302397371,1.26750173537008,1
1558,2206,380894.999980293,1334569694.99998,-2399767.9250214,5383342.40898644,2429289.19000541,22.5355516985362,114.026193002239,-11.8518630542273,1.08587107321989,0.688209803730151,-0.274547059401029,1.31458161003102,1
1559,2206,380895.999982214,1334569695.99998,-2399766.77102099,5383342.9789879,2429288.69600289,22.5355474024648,114.026180500063,-11.9943085322338,1.18019723860535,0.680458023362233,-0.162392909661411,1.37195484644285,1
1560,2206,380896.999984108,1334569696.99998,-2399765.74401789,5383343.50498927,2429288.07400309,22.5355419989195,114.026169299621,-12.175169571888,1.12556912998166,0.675259746368063,-0.194121418411153,1.32686273461828,1
1561,2206,380897.99998599,1334569697.99999,-2399764.90901422,5383344.13199032,2429287.04400465,22.5355326025009,114.026159404151,-12.3549892043854,1.0146342557433,0.690784256224741,-0.33192197134956,1.27154935281345,1
1562,2206,380898.999987036,1334569698.99999,-2399763.73501396,5383344.65899101,2429286.49400353,22.5355280034628,114.026146894597,-12.5626930713187,1.07687135654876,0.693674932940999,-0.271999910094255,1.30951165792334,1
1563,2206,380899.999987677,1334569699.99999,-2399762.66301362,5383345.28499111,2429285.87800376,22.5355223972617,114.026134898844,-12.673814881533,1.10503732526459,0.721347704880349,-0.305254769716927,1.35448531774952,1
1564,2206,380900.999988562,1334569700.99999,-2399761.55501242,5383345.77899232,2429285.42300233,22.5355186019108,114.026123105893,-12.8481280238346,1.08568112975818,0.671437679853626,-0.203959524028659,1.29272253824331,1
1565,2206,380901.999991359,1334569701.99999,-2399760.34300996,5383346.52399393,2429285.03300188,22.5355147018382,114.026109396089,-12.8248915775694,1.15274876436033,0.702758960613336,-0.217494174465393,1.36748074442859,1
1566,2206,380902.999997012,1334569703.0,-2399759.1750034,5383347.1359979,2429284.37200068,22.5355088998128,114.026096603313,-13.0011713761266,1.13679617398795,0.701691272918361,-0.228193287635855,1.35526689629957,1
1567,2206,380904.000000942,1334569704.0,-2399758.13799898,5383347.86900065,2429283.71899976,22.5355025974277,114.026084494774,-13.0230428493524,1.0871348923249,0.690293664225612,-0.254432316930682,1.31267033975748,1
1568,2206,380905.000002129,1334569705.0,-2399756.99799756,5383348.72100152,2429283.17799943,22.5354969981932,114.026071000759,-12.9403335165688,1.14468185628986,0.715928703883714,-0.267436989707754,1.37636223597851,1
1569,2206,380906.000002616,1334569706.0,-2399756.05299703,5383349.68300192,2429282.39999914,22.5354887996795,114.026058802749,-12.7823251905406,1.13528285539729,0.732103876757634,-0.327921641204731,1.39009922339846,1
1570,2206,380907.000003287,1334569707.0,-2399754.9599963,5383350.4910023,2429281.9699991,22.535484199138,114.026045900198,-12.6765180754785,1.12438778033594,0.700056549515656,-0.273273700416581,1.35240732341552,1
1571,2206,380908.000003084,1334569708.0,-2399754.00399655,5383351.6550022,2429281.37499898,22.5354769039593,114.02603280503,-12.2820991042594,1.11894531644932,0.712269494360754,-0.331595629590376,1.36723155148067,1
1572,2206,380909.000008409,1334569709.00001,-2399752.90499108,5383352.65200565,2429281.02699736,22.5354723983583,114.026019101107,-11.9876766356633,1.06016137571008,0.672201786500606,-0.314133957268241,1.29401604604854,1
1573,2206,380910.000009009,1334569710.00001,-2399751.95499016,5383353.47800601,2429280.35199756,22.5354654959069,114.026007396985,-11.9068040355138,1.09216670223598,0.666744133441897,-0.270712120964992,1.30792235908312,1
1574,2206,380911.000010922,1334569711.00001,-2399750.78998831,5383354.32600732,2429279.91399658,22.53546080364,114.025993696836,-11.797393364607,1.0707350908912,0.670615462576437,-0.313271638436479,1.30166733575099,1
1575,2206,380912.000012824,1334569712.00001,-2399749.78098783,5383355.37200781,2429279.43199609,22.5354548986619,114.025980598128,-11.4791433453873,0.949208834577876,0.60925106781552,-0.305151054615518,1.16846114244677,1
1576,2206,380913.000014721,1334569713.00001,-2399748.78798447,5383356.83300888,2429279.44699661,22.5354518046948,114.025965998919,-10.6142965210923,1.05481125738885,0.603165062307453,-0.230040832929525,1.23667039501943,1
1577,2206,380914.000016636,1334569714.00002,-2399747.76498306,5383357.54500975,2429279.03999611,22.5354476008086,114.025954097849,-10.5543353959084,1.01858892921616,0.586245500195605,-0.233570029120552,1.19823292882673,1
1578,2206,380915.000018559,1334569715.00002,-2399746.48398113,5383358.28301158,2429278.70699419,22.5354442954942,114.025939803134,-10.5411027858935,1.01704191710593,0.624104186689325,-0.313128939577241,1.23366528272235,1
1579,2206,380916.000020501,1334569716.00002,-2399745.27097805,5383359.17601214,2429278.6489959,22.535442698157,114.025925498697,-10.2661416761651,1.07076167947164,0.591999842096205,-0.200189129908932,1.23978630215072,1
1580,2206,380917.000022401,1334569717.00002,-2399744.144975,5383360.18701391,2429278.15899496,22.5354370019495,114.025911499679,-10.0244818658517,1.11584281280389,0.620986525998522,-0.224977551029685,1.29666662902426,1
1581,2206,380918.000024309,1334569718.00002,-2399743.16397335,5383361.14401556,2429277.59999286,22.5354306965887,114.02589900183,-9.80029293421891,1.09645289837506,0.639943197934673,-0.293529280472061,1.30303326643351,1
1582,2206,380919.000026197,1334569719.00003,-2399742.1369709,5383362.12401657,2429277.18699254,22.5354256011221,114.025886004522,-9.51804417018282,1.11061552243644,0.632713476581755,-0.284617422959642,1.30950382190245,1
1583,2206,380920.000028123,1334569720.00003,-2399741.1369679,5383363.06601779,2429276.60799255,22.5354192031536,114.025873397338,-9.32131916744557,1.14130954550513,0.632704199666124,-0.264852469915767,1.33155882850018,1
1584,2206,380921.000030065,1334569721.00003,-2399739.95596614,5383364.08001863,2429276.38499213,22.5354158019706,114.025858898136,-8.99548151729218,1.1262574720922,0.619779597727225,-0.26171502299034,1.31189839410728,1
1585,2206,380922.000031946,1334569722.00003,-2399738.69896463,5383364.69601873,2429276.46599307,22.5354163016176,114.025845299396,-8.91747555058969,1.10726906823978,0.586319642785319,-0.217025378745258,1.27157993378946,1
1586,2206,380923.000033896,1334569723.00003,-2399737.34596086,5383365.50102077,2429276.75799154,22.5354180989869,114.02583010022,-8.63526025082865,1.15461231883498,0.612691996067928,-0.249643621394397,1.33073026062914,1
1587,2206,380924.000035824,1334569724.00004,-2399735.96096055,5383365.98102131,2429277.01799086,22.5354207018983,114.025815903276,-8.6515188483055,1.10119365940595,0.594950679562443,-0.255062816134626,1.27736088354161,1
1588,2206,380925.000037739,1334569725.00004,-2399734.86795959,5383366.81402188,2429276.76499031,22.5354174986382,114.025802901802,-8.45677951386555,1.07072927293699,0.579723204009614,-0.256773460788008,1.24437646207102,1
1589,2206,380926.000039654,1334569726.00004,-2399733.85696156,5383367.4020212,2429276.42098991,22.5354141952802,114.025791598105,-8.47276609455341,0.969257888950011,0.534716518098818,-0.254482822406125,1.13584511132431,1
1590,2206,380927.000041558,1334569727.00004,-2399733.05696501,5383368.10801806,2429276.36199274,22.535412598763,114.02578170083,-8.20062955064192,0.842041342304692,0.434599624457689,-0.17458110948445,0.963529459600418,1
1591,2206,380928.000043471,1334569728.00004,-2399732.17496187,5383368.83201985,2429276.33199181,22.5354113027393,114.025771004174,-7.93302988116626,0.877115473541548,0.456619098375841,-0.188484731211098,1.00665736416484,1
1592,2206,380929.000045386,1334569729.00005,-2399731.4069614,5383369.86402276,2429276.0539854,22.535406803883,114.025760100693,-7.45777134266663,0.850445410399399,0.501616236200965,-0.321710753265875,1.03844790589452,1
1593,2206,380930.000047299,1334569730.00005,-2399730.69496356,5383370.59202454,2429275.66997964,22.535402302962,114.025750897653,-7.25853869583287,0.770462307851721,0.518952160355834,-0.43045318244745,1.02382296069063,1
1594,2206,380931.000049172,1334569731.00005,-2399730.072966,5383371.39502529,2429275.26897578,22.5353972963646,114.025742196872,-6.9687043931866,0.691466615057742,0.514312476715909,-0.492514193809724,0.992579283759794,1
1595,2206,380932.00005109,1334569732.00005,-2399729.71797535,5383372.16402388,2429274.72196937,22.5353908032266,114.025736001372,-6.66310072627238,0.482456183459682,0.467447088099503,-0.599504748279637,0.900375861704998,1
1596,2206,380933.000053051,1334569733.00005,-2399729.61598797,5383373.09702264,2429274.03896042,22.5353823007885,114.025731403149,-6.17612241414637,0.226694467247509,0.426751425813621,-0.746068651112461,0.888890090555271,1
1597,2206,380934.000054926,1334569734.00005,-2399729.98301667,5383372.91001636,2429272.72295181,22.5353713981348,114.025735402075,-6.70022594138965,-0.303509429639601,0.297849373862004,-0.877366004760411,0.974988886961994,1
1598,2206,380935.000056852,1334569735.00006,-2399730.31701825,5383373.66101581,2429272.04495085,22.5353628984292,114.025735395245,-6.20090911879552,-0.321046488680161,0.278200732271153,-0.864498707817216,0.963236477272171,1
1599,2206,380936.000058801,1334569736.00006,-2399730.66402269,5383374.21001582,2429271.37694782,22.535355102329,114.025736303355,-5.86328160225631,-0.385961941136587,0.269244503286174,-0.887380044567007,1.00444141992029,1
1600,2206,380937.000060715,1334569737.00006,-2399730.98601307,5383375.18502245,2429270.42194189,22.5353436009943,114.025735303287,-5.2856672808058,-0.215207665333355,0.369815687395586,-0.9570941189784,1.04838310480718,1
1601,2206,380938.000062599,1334569738.00006,-2399731.36502301,5383375.86002442,2429269.38692761,22.5353323003147,114.025735996867,-4.9703637924097,-0.367623332854455,0.390148431551812,-1.15638007444044,1.27458918482162,1
1602,2206,380939.000064495,1334569739.00006,-2399731.73101833,5383376.80602733,2429268.38092373,22.5353204032934,114.025735502304,-4.42021379646982,-0.284151665118859,0.423732076976972,-1.1825621848066,1.2879224987489,1
1603,2206,380940.000065588,1334569740.00007,-2399732.16802799,5383377.35702172,2429267.48792662,22.5353105974276,114.025737201658,-4.13328548790061,-0.4267557075808,0.331360649243724,-1.11873429597307,1.24237141741364,1
1604,2206,380941.000066263,1334569741.00007,-2399732.47402108,5383378.32202468,2429266.87492518,22.5353020028681,114.025736099147,-3.4390513087517,-0.318140679887667,0.372426718874653,-1.12898210070146,1.23065662832303,1
1605,2206,380942.000067036,1334569742.00007,-2399732.69401669,5383378.84002032,2429266.44893889,22.5352965023716,114.025736002281,-3.08258808400948,-0.249011433510656,0.303106562586744,-0.911547954390075,0.992370875960653,1
1606,2206,380943.000069139,1334569743.00007,-2399732.98101986,5383379.00401688,2429265.79194426,22.5352900996664,114.025737901447,-3.08810180514202,-0.28733399356485,0.244236819135283,-0.806052645464405,0.889906351780575,1
1607,2206,380944.000074054,1334569744.00007,-2399733.40402972,5383379.44701337,2429265.51594066,22.5352858011622,114.025739903941,-2.66108287545431,-0.401428177029897,0.180501362187076,-0.801315250701563,0.914238182352851,1
1608,2206,380945.000078978,1334569745.00008,-2399734.31605326,5383379.65000464,2429264.91993568,22.5352789031825,114.025747198198,-2.37528081257318,-0.674279430691114,0.0587424792320725,-0.814354540444624,1.05890355890527,1
1609,2206,380946.000081097,1334569746.00008,-2399734.85504735,5383379.79701402,2429264.16692121,22.5352713982095,114.025751401971,-2.33716140419537,-0.583800155201844,0.172878582211398,-0.97153034705271,1.14655171738805,1
1610,2206,380947.000081883,1334569747.00008,-2399735.06702727,5383380.19602296,2429263.3109212,22.5352626984597,114.025751704869,-2.24889560019662,-0.333140543057483,0.280421572993009,-0.962465537226638,1.05638950694215,1
1611,2206,380948.000082566,1334569748.00008,-2399735.67904186,5383380.4320197,2429262.08891513,22.5352508975161,114.025756204774,-2.28798611085851,-0.507031554649038,0.238628484217556,-1.02802276542572,1.17083532451124,1
1612,2206,380949.000083668,1334569749.00008,-2399736.1300402,5383380.86402876,2429260.66189703,22.5352369938809,114.025758499256,-2.30083887297954,-0.480486410433927,0.343725587287173,-1.23075613087261,1.36520149562184,1
1613,2206,380950.00008558,1334569750.00009,-2399736.41803157,5383381.30703299,2429259.28389729,22.535223694036,114.025759302915,-2.34692940371938,-0.368981200500685,0.385567425754462,-1.20015234650214,1.31345918129969,1
1614,2206,380951.000087502,1334569751.00009,-2399736.92603607,5383381.81603149,2429258.0408962,22.5352110015626,114.025761798828,-2.20286902280879,-0.412220787844076,0.3599200062388,-1.18618893602536,1.30633555443106,1
1615,2206,380952.000089429,1334569752.00009,-2399737.27303156,5383382.24103499,2429257.01289321,22.5352005947442,114.025763197616,-2.10781906262199,-0.353069602676735,0.391456674946601,-1.19399057860278,1.30518580075281,1
1616,2206,380953.000091323,1334569753.00009,-2399738.08903663,5383383.16203146,2429256.21689155,22.5351898942757,114.025766797563,-1.32904814261509,-0.401349476120949,0.344684408423486,-1.18737609077741,1.2999041212115,1
1617,2206,380954.00009324,1334569754.00009,-2399739.45206974,5383384.24900991,2429255.51689592,22.5351786990903,114.025774597515,-0.167741429050614,-0.747968001676207,0.106375216237931,-1.11611538554789,1.3477705190491,1
1618,2206,380955.000095169,1334569755.0001,-2399740.03105121,5383384.79001647,2429254.86089837,22.5351707015331,114.025777596929,0.254983766519774,-0.538073169922631,0.173152336049133,-1.06784942998659,1.20822467810939,1
1619,2206,380956.000097044,1334569756.0001,-2399740.56004623,5383385.19302267,2429254.07189054,22.5351621012203,114.025780698712,0.491514823946658,-0.476276975997194,0.233621612545925,-1.12783086498942,1.24636321982654,1
1620,2206,380957.000098979,1334569757.0001,-2399740.76603937,5383385.32702463,2429253.23389425,22.5351543977766,114.025781997317,0.360865254190633,-0.397787274188128,0.248952641045687,-1.06840447121462,1.16691912620414,1
1621,2206,380958.000100889,1334569758.0001,-2399741.2130405,5383385.84902938,2429252.16388243,22.5351431930318,114.025783900112,0.559257018755,-0.401434071724843,0.291248446191238,-1.16535424843699,1.26650128136553,1
1622,2206,380959.000102817,1334569759.0001,-2399741.7640475,5383386.12402752,2429251.07887887,22.5351324974883,114.025787703973,0.582635605682878,-0.461944169400793,0.267683262755263,-1.17812181716529,1.29345187807028,1
1623,2206,380960.000104718,1334569760.0001,-2399742.12304477,5383386.45003047,2429249.99187592,22.535121894599,114.025789601151,0.576069804783966,-0.427586980385635,0.291136882215533,-1.18484776242614,1.2928478371826,1
1624,2206,380961.000106633,1334569761.00011,-2399742.74704444,5383387.16703134,2429248.97887184,22.5351102995513,114.025792303705,1.02737563990377,-0.416694272401938,0.293904307200105,-1.2018431627742,1.30554235716443,1
1625,2206,380962.00010853,1334569762.00011,-2399743.06704021,5383387.55803583,2429247.82586668,22.5350989956329,114.025793597329,1.03568485623251,-0.370531061447894,0.330179239769467,-1.22831289550151,1.32478834804951,1
1626,2206,380963.000110442,1334569763.00011,-2399743.4930404,5383388.00803042,2429246.8338781,22.5350886988894,114.025795598666,1.19533319635086,-0.36576267046181,0.275459139396524,-1.1036559918199,1.19487096243084,1
1627,2206,380964.000112417,1334569764.00011,-2399743.71804778,5383388.20802851,2429245.868876,22.5350797007003,114.025796804888,1.07883621364249,-0.424958355241877,0.253690904146585,-1.10297080909214,1.20892236485473,1
1628,2206,380965.000114333,1334569765.00011,-2399743.95204041,5383388.63303056,2429245.02687817,22.5350710045648,114.02579720035,1.20267805978964,-0.353389902701566,0.267365924159435,-1.06545407865649,1.15393299392071,1
1629,2206,380966.000116204,1334569766.00012,-2399744.23604673,5383388.99302493,2429244.27488474,22.53506319416,114.025798297165,1.32498032469314,-0.402143085237735,0.2145490365041,-0.991871818237545,1.09158602679002,1
1630,2206,380967.000118137,1334569767.00012,-2399744.61804671,5383389.34402442,2429243.35788592,22.5350538978225,114.025800299644,1.41330787274362,-0.395295147491074,0.206774132234031,-0.965670157499375,1.06373523419881,1
1631,2206,380968.000120062,1334569768.00012,-2399744.81904212,5383389.64402873,2429242.3908823,22.535044600651,114.025800896857,1.37138199353046,-0.350810371035367,0.239297136323688,-0.980276373743972,1.06830370438341,1
1632,2206,380969.000121993,1334569769.00012,-2399745.20704594,5383389.98202638,2429241.56488317,22.5350360959675,114.025803004101,1.4858745169271,-0.376571403958917,0.216225109358592,-0.957725070989466,1.05156865291739,1
1633,2206,380970.000123883,1334569770.00012,-2399745.47604841,5383390.25803102,2429240.51587321,22.5350260948294,114.02580430012,1.41784828128875,-0.390677301854578,0.250332217306258,-1.02349478772426,1.12376000716548,1
1634,2206,380971.000125797,1334569771.00013,-2399745.62503425,5383390.39004286,2429239.4768635,22.53501680138,114.025805100445,1.18704569893001,-0.272177497636761,0.340719574626273,-1.0850409818751,1.1693948653478,1
1635,2206,380972.000127731,1334569772.00013,-2399745.67902413,5383390.71304252,2429238.49287637,22.5350074970054,114.025804301416,1.10272802993467,-0.188880077841294,0.332752877182239,-0.967931960638069,1.04081335574782,1
1636,2206,380973.000129627,1334569773.00013,-2399745.846041,5383390.7840426,2429237.42086393,22.5349980957363,114.025805503311,0.814587398862634,-0.316262843482922,0.328543428893901,-1.0497162554684,1.1444942934903,1
1637,2206,380974.000131536,1334569774.00013,-2399746.19905592,5383390.79403758,2429236.36986277,22.5349888004699,114.02580859809,0.55298067731358,-0.42513047246782,0.285705321967619,-1.04329298860316,1.16224941802087,1
1638,2206,380975.00013347,1334569775.00013,-2399746.62105731,5383391.13403121,2429235.41887571,22.5349791990656,114.02581099929,0.63404184896987,-0.429378066120572,0.233669813702738,-0.931256787911132,1.05176342897625,1
1639,2206,380976.000135384,1334569776.00014,-2399746.95806392,5383391.006031,2429234.40787435,22.5349706961929,114.025814498102,0.265329296126874,-0.47215201970902,0.229075313189646,-0.92813619248854,1.06622690860593,1
1640,2206,380977.000137301,1334569777.00014,-2399747.5230829,5383391.38902233,2429233.38987559,22.5349601984134,114.025817998942,0.410765941721561,-0.603981324333592,0.162549016558857,-0.906213618555364,1.10110796263728,1
1641,2206,380978.000139208,1334569778.00014,-2399748.86016636,5383391.25398376,2429232.29387909,22.5349495996646,114.025830405059,0.379631725763388,-1.19503472188373,-0.116651686167507,-0.868415087154261,1.48184357001358,1
1642,2206,380979.000141132,1334569779.00014,-2399750.10417829,5383391.13995212,2429231.92193421,22.5349451048663,114.025841901671,0.608709789640843,-1.26328830504067,-0.339063055108885,-0.466043073609406,1.38854500951593,1
1643,2206,380980.000143061,1334569780.00014,-2399751.4001742,5383391.21794566,2429231.79794831,22.5349419980133,114.025853099822,1.11436361321308,-1.21742812844389,-0.379802675590464,-0.361137726515279,1.32544399271515,1
1644,2206,380981.000144971,1334569781.00014,-2399752.01013329,5383390.86794185,2429232.00799796,22.5349439968903,114.025859900777,1.1289752960631,-0.919467934954008,-0.401148656287657,-0.0141257552958272,1.00326520163547,1
1645,2206,380982.000146883,1334569782.00015,-2399753.11815873,5383390.37293325,2429231.85199309,22.5349426991043,114.025871697857,1.06827210622017,-1.08070979348025,-0.454405512406224,-0.0469947104517024,1.17329728979476,1
1646,2206,380983.000148787,1334569783.00015,-2399754.31816366,5383389.90592532,2429231.87800419,22.5349427013686,114.025884200777,1.13553815647205,-1.10000391202078,-0.501896322130424,0.0281726095615968,1.2094222672659,1
1647,2206,380984.000150689,1334569784.00015,-2399755.51418141,5383389.37991102,2429232.02501748,22.5349439050317,114.025896901835,1.19789962779237,-1.20382384605911,-0.590405872649323,0.115963945122989,1.34581521144912,1
1648,2206,380985.000151352,1334569785.00015,-2399756.66217878,5383388.92290924,2429232.11702285,22.5349444993962,114.025908903389,1.27934163290294,-1.18132254963014,-0.59954248769912,0.151060188216477,1.3333391696358,1
1649,2206,380986.000156052,1334569786.00016,-2399758.05318151,5383388.58290011,2429232.51103859,22.534946900553,114.025922599484,1.66661120966666,-1.16322284856522,-0.639965412838213,0.247371517306788,1.35049464738962,1
1650,2206,380987.000156442,1334569787.00016,-2399759.35517657,5383388.2699008,2429232.90004034,22.5349492999286,114.025935398398,2.0412731425017,-1.12877183800028,-0.633906669955526,0.258054460378232,1.32005895057673,1
1651,2206,380988.000156709,1334569788.00016,-2399760.79918641,5383388.09689435,2429233.52204236,22.534953000093,114.025948904148,2.67673957869254,-1.18955582275627,-0.674027900498414,0.270407189713241,1.39372763277201,1
1652,2206,380989.000161921,1334569789.00016,-2399762.00817513,5383387.75289535,2429234.02804882,22.5349566044293,114.025960999973,3.03511554343181,-1.08157007717482,-0.646285707772007,0.301528638600754,1.29553022651219,1
1653,2206,380990.000162192,1334569790.00016,-2399763.11617127,5383387.18089262,2429234.34605776,22.5349595037353,114.025973101525,3.09111371755511,-1.05607570015043,-0.662009691696243,0.356105217599804,1.29628841017336,1
1654,2206,380991.000162583,1334569791.00016,-2399764.38218323,5383386.63488792,2429234.61605465,22.5349616977402,114.025986503162,3.21006811972249,-1.12700607120862,-0.689302503051538,0.336075927657822,1.36316824141603,1
1655,2206,380992.000167295,1334569792.00017,-2399765.60719662,5383386.09888635,2429234.82404372,22.5349634006968,114.025999501192,3.29827931007677,-1.1753270608558,-0.679252049631258,0.261156674581849,1.38238194996421,1
1656,2206,380993.000167958,1334569793.00017,-2399766.92320023,5383385.61490052,2429234.65901068,22.534961699695,114.026013101228,3.32163085620675,-1.1921953409028,-0.592307432316704,0.0636272884148573,1.3327438827768,1
1657,2206,380994.000169861,1334569794.00017,-2399768.18620703,5383384.98588822,2429234.85003359,22.5349635016089,114.02602680472,3.33916246445053,-1.21895977709559,-0.658059160242828,0.197621562282551,1.39927090959378,1
1658,2206,380995.000171768,1334569795.00017,-2399769.7582382,5383384.31788549,2429234.70601116,22.5349621967634,114.026043406282,3.31160901035464,-1.38677183253679,-0.666702155356686,0.0649776222530516,1.54008115723437,1
1659,2206,380996.000173682,1334569796.00017,-2399771.17222701,5383383.59988343,2429234.7930284,22.5349631997285,114.026058802518,3.27098670118415,-1.30708769604778,-0.671247646351715,0.163524680923868,1.47844241320502,1
1660,2206,380997.000175583,1334569797.00018,-2399772.56022158,5383382.79787607,2429235.02305358,22.5349656976699,114.026074300444,3.20452800384954,-1.26204190044471,-0.705711617091895,0.305223506058833,1.47781596744229,1
1661,2206,380998.000177399,1334569798.00018,-2399773.91621702,5383382.25187074,2429235.45306698,22.5349690995464,114.026088501025,3.4186496443637,-1.22340834976045,-0.728599157211226,0.377550846805532,1.47313589463975,1
1662,2206,380999.000179426,1334569799.00018,-2399775.24421401,5383381.64187326,2429235.74606387,22.5349716003198,114.02610270629,3.51574607241959,-1.19277010115128,-0.706317406440115,0.355936137872943,1.4311796976916,1
1663,2206,381000.000181444,1334569800.00018,-2399776.48320841,5383381.06187567,2429236.0350635,22.5349740983348,114.026116002587,3.60314867474604,-1.14868807801197,-0.685231893070521,0.34981526621158,1.38253309845461,1
1664,2206,381001.000183255,1334569801.00018,-2399777.81622186,5383380.38787699,2429236.11304879,22.5349750009662,114.026130505703,3.56573691823526,-1.21072742100155,-0.671266308338712,0.266195251600761,1.40972311346964,1
1665,2206,381002.000185148,1334569802.00019,-2399779.17522951,5383379.7238782,2429236.30703953,22.534976802942,114.026145200037,3.59099593292944,-1.23965039979577,-0.657908286859201,0.213552543488069,1.41957075077716,1
1666,2206,381003.000185894,1334569803.00019,-2399780.5062349,5383378.99487721,2429236.60303444,22.5349797006483,114.026159903021,3.58998024983908,-1.26362027343081,-0.660657701029576,0.185404286135253,1.43790804388611,1
1667,2206,381004.000190177,1334569804.00019,-2399781.81324741,5383378.11086931,2429237.04003945,22.5349842982839,114.026175006485,3.50321676934195,-1.3009519725029,-0.687256915591024,0.207563962584283,1.48589397379172,1
1668,2206,381005.000190926,1334569805.00019,-2399783.12424902,5383377.31286318,2429237.4990508,22.5349888019962,114.02618980498,3.49894060409151,-1.30425618942058,-0.716710804431433,0.2660722771431,1.51180456458325,1
1669,2206,381006.000192828,1334569806.00019,-2399784.39724509,5383376.40485975,2429237.82506424,22.5349925976484,114.026204701396,3.33660513928885,-1.27108539685878,-0.727270525279897,0.333133509998845,1.50185166995036,1
1670,2206,381007.000194726,1334569807.00019,-2399785.78324989,5383375.77485565,2429238.15606743,22.5349953969179,114.026219500885,3.45320705636269,-1.28319424538185,-0.741364816109708,0.346302043331037,1.52188513599474,1
1671,2206,381008.000196646,1334569808.0002,-2399786.8712366,5383374.95586716,2429238.54605712,22.5349997055045,114.026232402339,3.32091004481373,-1.2031579858311,-0.675614483427265,0.290475805797848,1.41011356380958,1
1672,2206,381009.000198583,1334569809.0002,-2399788.01023906,5383374.14986809,2429238.8160558,22.535002900317,114.026245705338,3.1727705275395,-1.20384335178186,-0.664310029206304,0.281164871634966,1.40342449585825,1
1673,2206,381010.000200506,1334569810.0002,-2399789.19624174,5383373.37484793,2429239.47809543,22.5350092009291,114.026259303028,3.21868984196501,-1.20560053733855,-0.758385564839822,0.475872835282409,1.50169113866605,1
1674,2206,381011.000202417,1334569811.0002,-2399790.35124252,5383372.68186094,2429239.80606654,22.5350124995031,114.026272300779,3.19412446646886,-1.19813306362459,-0.687072998368116,0.328885274415624,1.41977380838091,1
1675,2206,381012.000204329,1334569812.0002,-2399791.56824981,5383371.87485932,2429240.36606081,22.535018006373,114.026286300334,3.18561545085893,-1.22257580320597,-0.688542838675505,0.297724364568348,1.43437185992116,1
1676,2206,381013.000206226,1334569813.00021,-2399792.74924678,5383371.13686622,2429240.82504909,22.5350225033722,114.026299707031,3.18307108715325,-1.1967136042541,-0.648835400873449,0.238260103025238,1.38198361232218,1
1677,2206,381014.000207643,1334569814.00021,-2399794.06926834,5383370.25884927,2429241.42206576,22.5350283983594,114.026314902299,3.16758202790978,-1.29226098386683,-0.72591642244269,0.316624080307021,1.51563317165689,1
1678,2206,381015.000210048,1334569815.00021,-2399795.21324954,5383369.59186996,2429241.60203971,22.5350303958247,114.026327699276,3.10409479630001,-1.1881093435183,-0.619176373871912,0.189009102300088,1.35303644994099,1
1679,2206,381016.000210971,1334569816.00021,-2399796.60626897,5383368.82385977,2429241.71504808,22.5350318031757,114.026343107273,3.02336719612797,-1.27497439605179,-0.66474089719721,0.228167687429756,1.45585049527114,1
1680,2206,381017.00021157,1334569817.00021,-2399797.96125893,5383368.04885071,2429242.38107627,22.5350378988896,114.026358205319,3.13437782218482,-1.22403106028591,-0.705603066556119,0.360505865974939,1.45811254828987,1
1681,2206,381018.000212377,1334569818.00021,-2399799.46927286,5383367.38883495,2429242.81709555,22.5350414970093,114.026374206884,3.3117964169984,-1.28465888349004,-0.777202012619606,0.450001817208903,1.56744794198759,1
1682,2206,381019.000214724,1334569819.00021,-2399800.49223467,5383366.57684449,2429243.43811255,22.5350478020543,114.026386503314,3.24949378992097,-1.09292886158196,-0.724411072059123,0.524257917157286,1.41213004411874,1
1683,2206,381020.000219879,1334569820.00022,-2399801.68027394,5383365.57982764,2429244.08811231,22.5350547010963,114.026400997752,3.10428790399689,-1.24593945991324,-0.783824033543181,0.510601134616201,1.55803041433733,1
1684,2206,381021.000224625,1334569821.00022,-2399803.09930245,5383364.8968421,2429244.20105133,22.5350558024481,114.026416300156,3.1050452548231,-1.34647622518392,-0.703026191351959,0.228535315785478,1.5360574342366,1
1685,2206,381022.000226607,1334569822.00023,-2399804.42629578,5383364.08284483,2429244.44005299,22.5350584990859,114.026431303946,3.00898078689133,-1.30516086974277,-0.684854651113786,0.233754605522751,1.49235116667056,1
1686,2206,381023.000227381,1334569823.00023,-2399805.58129149,5383363.23885862,2429244.53103284,22.5350602982568,114.026444899312,2.76620521407146,-1.28195164970539,-0.621867087558105,0.144416512924445,1.4321224933558,1
1687,2206,381024.000228084,1334569824.00023,-2399806.85828701,5383362.48986348,2429244.64302895,22.5350618005391,114.02645920191,2.65750107223725,-1.25829005268461,-0.598788073109015,0.127266350960376,1.39929901638978,1
1688,2206,381025.000229208,1334569825.00023,-2399808.02128544,5383361.53484486,2429245.32907333,22.5350689027468,114.026473307797,2.55212453182115,-1.24527945171428,-0.676955109141572,0.320028689442774,1.45306830352918,1
1689,2206,381026.000231124,1334569826.00023,-2399809.19527537,5383360.73385711,2429245.75105816,22.5350733000915,114.026486901625,2.47962467100182,-1.19139507489899,-0.618239382468252,0.251524648570671,1.36561590770132,1
1690,2206,381027.00023294,1334569827.00023,-2399810.24923887,5383360.16788657,2429245.81002924,22.5350740958338,114.026498499578,2.42112685099262,-1.0252696451737,-0.487024297771981,0.125840380482239,1.14201852581069,1
1691,2206,381028.000234963,1334569828.00024,-2399810.90517165,5383359.56690423,2429246.43705705,22.5350803011965,114.026506702103,2.40111215568398,-0.730686542217148,-0.407723252089134,0.242721422668691,0.87123748903138,1
1692,2206,381029.000236865,1334569829.00024,-2399811.96024573,5383358.95288044,2429246.53803679,22.5350815976572,114.026518500112,2.31859357994419,-1.03737243709506,-0.505032650034939,0.155466089171423,1.16420327079429,1
1693,2206,381030.000238805,1334569830.00024,-2399812.94826233,5383358.05986228,2429246.96606505,22.5350865983758,114.026530806993,2.10083334693583,-1.0986538558975,-0.576760494070851,0.272450744422123,1.2704024443992,1
1694,2206,381031.000240554,1334569831.00024,-2399814.30231569,5383357.3578397,2429247.3010593,22.5350897035782,114.026545607856,2.14620127771443,-1.31225463413229,-0.666537022091053,0.2466064889734,1.49234667119388,1
1695,2206,381032.000242632,1334569832.00024,-2399815.4352941,5383356.46384153,2429247.70507922,22.5350943028729,114.026559205695,1.9729297161886,-1.21214694934784,-0.653147988643919,0.326517321069359,1.4151028523896,1
1696,2206,381033.000243047,1334569833.00024,-2399816.67829866,5383355.76583906,2429248.07007893,22.5350978021184,114.026573004677,1.99142710106678,-1.22873255742762,-0.662215967031533,0.324768650870413,1.43310444883208,1
1697,2206,381034.000246682,1334569834.00025,-2399817.7902852,5383355.07684488,2429248.39207886,22.5351010988546,114.026585604732,1.9517725689996,-1.15605675731415,-0.628933681609529,0.319608944959087,1.35431705286927,1
1698,2206,381035.000249638,1334569835.00025,-2399818.85529439,5383354.28184615,2429248.59407253,22.535103795916,114.026598207255,1.75903187801941,-1.1792620095522,-0.616356856569706,0.29056587605785,1.36197767608094,1
1699,2206,381036.000250304,1334569836.00025,-2399820.01829538,5383353.55784555,2429248.92407291,22.5351071981506,114.02661139881,1.71209716717584,-1.18011084311192,-0.617156755537092,0.291112833490746,1.36319138229319,1
1700,2206,381037.000252204,1334569837.00025,-2399821.26331308,5383352.81184927,2429248.97204954,22.5351082020244,114.026625405629,1.56936560422813,-1.24154289609565,-0.597722373110584,0.196322689917086,1.39184891304294,1
1701,2206,381038.000253626,1334569838.00025,-2399822.74034272,5383352.10784812,2429249.00202316,22.5351085960529,114.026641306199,1.54241582796448,-1.3513197150238,-0.598880385871168,0.0914376264221422,1.48090631989971,1
1702,2206,381039.000256039,1334569839.00026,-2399824.10033242,5383351.44484767,2429249.24503311,22.5351108023039,114.026656005325,1.58768588153919,-1.29834115318316,-0.595055352149519,0.129362600406317,1.43405554444542,1
1703,2206,381040.000256972,1334569840.00026,-2399825.44234947,5383350.69184734,2429249.42601793,22.5351128010287,114.026670901097,1.52650077876578,-1.35995958158172,-0.594112678173637,0.0699214441542437,1.48571496130825,1
1704,2206,381041.000257548,1334569841.00026,-2399826.79034741,5383350.02583934,2429249.72503355,22.5351155008166,114.026685505656,1.58618872487367,-1.34889670236753,-0.623900777528692,0.130453191778138,1.49190902172486,1
1705,2206,381042.000258227,1334569842.00026,-2399828.11734878,5383349.26283357,2429250.09204364,22.5351191039327,114.026700307711,1.58221073319687,-1.3507819909432,-0.644531593180289,0.168918914272986,1.50617613885732,1
1706,2206,381043.000260322,1334569843.00026,-2399829.57934821,5383348.60283236,2429250.17204431,22.5351197973169,114.026715900682,1.6059023877458,-1.33754150934488,-0.643917373415678,0.170166019377548,1.49418986315593,1
1707,2206,381044.000266127,1334569844.00027,-2399830.77530852,5383348.07585611,2429250.23502582,22.5351203031383,114.026728605052,1.63524352287062,-1.15927766708381,-0.54063891209107,0.0970350160469028,1.28282147511083,1
1708,2206,381045.000272256,1334569845.00027,-2399831.88828042,5383347.61687599,2429250.30900632,22.5351208027053,114.026740303463,1.69495313793004,-1.03014254902311,-0.455615455998958,0.0233744906107306,1.126643458182,1
1709,2206,381046.000273905,1334569846.00027,-2399833.15732145,5383346.97786141,2429250.50899954,22.5351227024914,114.026754100146,1.70977092581483,-1.1734173814623,-0.506203859363562,-0.00134926477467008,1.27794855877216,1
1710,2206,381047.000273649,1334569847.00027,-2399834.08930473,5383346.18785823,2429250.95402946,22.5351275983291,114.026765501809,1.56436415394698,-1.11362127265807,-0.518069652050872,0.107672211050995,1.23294031012263,1
1711,2206,381048.000273246,1334569848.00027,-2399835.26732312,5383345.64685037,2429251.08003081,22.535128699422,114.026778102417,1.59927389005906,-1.18247474550694,-0.547732935233012,0.112997881373668,1.30806208311976,1
1712,2206,381049.000273483,1334569849.00027,-2399836.39331908,5383344.91383723,2429251.54406447,22.5351333002268,114.026791001096,1.58219175154644,-1.16672683514357,-0.59515387847855,0.235785181986391,1.3308096403906,1
1713,2206,381050.000273631,1334569850.00027,-2399837.52730277,5383344.37385783,2429251.78303303,22.5351354023596,114.026803206662,1.64470399021679,-1.10672715873446,-0.519492123208714,0.120498129574692,1.22851001997841,1
1714,2206,381051.000273972,1334569851.00027,-2399838.94132424,5383343.9838787,2429251.53796318,22.5351325984363,114.026817304896,1.75356658170721,-1.18364638386169,-0.442824654564075,-0.134183486275594,1.27087278856214,1
1715,2206,381052.000275243,1334569852.00028,-2399840.40137666,5383343.39484252,2429251.668985,22.5351334957904,114.026832599699,1.85595009162025,-1.36830810583304,-0.572183830479359,-0.0541080758627744,1.48411222359497,1
1716,2206,381053.000278762,1334569853.00028,-2399841.51232862,5383342.80384577,2429252.13702214,22.5351377022663,114.026844802702,1.95455301200851,-1.1788463678971,-0.55328087752126,0.0795161458393971,1.30465371113718,1
1717,2206,381054.000284749,1334569854.00028,-2399842.68534207,5383342.25084482,2429252.30501105,22.5351391985275,114.026857406342,1.99355637698843,-1.20132905874015,-0.545145399453167,0.0389221472724115,1.31980678414181,1
1718,2206,381055.000290313,1334569855.00029,-2399843.9673846,5383341.48883041,2429252.46100271,22.5351411017766,114.026871805303,1.89263835307346,-1.32458375916748,-0.584224838311275,0.00967371813630781,1.44773422200785,1
1719,2206,381056.000293386,1334569856.00029,-2399845.01234558,5383340.82683183,2429252.90203792,22.5351454004597,114.026883703421,1.8961778033722,-1.17804846843699,-0.573379766901846,0.129416394329518,1.31655275405143,1
1720,2206,381057.000294724,1334569857.00029,-2399846.39537533,5383340.01381339,2429253.24705246,22.5351488992344,114.026899200896,1.86265460075729,-1.2734086737069,-0.633260560379833,0.178316976263411,1.43331278220361,1
1721,2206,381058.000295422,1334569858.0003,-2399847.53634713,5383339.28782447,2429253.77605655,22.5351539986303,114.026912204744,1.88203294924593,-1.17508116068275,-0.594369994808598,0.191806456668452,1.33074458170605,1
1722,2206,381059.000296053,1334569859.0003,-2399848.813378,5383338.46482062,2429254.38703466,22.5351598966946,114.026926800611,1.90215361347375,-1.27648597642457,-0.606324031704204,0.117914132652849,1.41807934267089,1
1723,2206,381060.000296892,1334569860.0003,-2399849.72236374,5383337.39480971,2429255.51407655,22.5351713985891,114.026939106385,1.77326442574145,-1.22499835772742,-0.64117676502192,0.258056901045104,1.4065283447609,1
1724,2206,381061.000298158,1334569861.0003,-2399850.77835801,5383336.53083743,2429255.97702591,22.5351765029444,114.026951901893,1.61896552405163,-1.20029158738191,-0.545500830740218,0.0875267544718694,1.32133719535417,1
1725,2206,381062.00030006,1334569862.0003,-2399851.42029618,5383335.74686546,2429256.78302818,22.5351847992363,114.026960704476,1.50791460971652,-0.987068228774041,-0.448729079691927,0.0945227230501183,1.08839148305612,1
1726,2206,381063.000300803,1334569863.0003,-2399852.4503485,5383334.89984189,2429257.54702969,22.5351923975988,114.026973202572,1.47353677029617,-1.15870581691821,-0.525737999291622,0.0990753634580662,1.27625057951156,1
1727,2206,381064.000302007,1334569864.0003,-2399853.80937799,5383334.20980588,2429258.11507604,22.5351974017079,114.026988000193,1.62021706368286,-1.2513837198781,-0.642873704486291,0.251971071402266,1.42924358844792,1
1728,2206,381065.000307373,1334569865.00031,-2399854.7893357,5383333.47681239,2429258.61410441,22.5352025001105,114.026999602178,1.56164665583387,-1.09222391232201,-0.610383480567139,0.339677369276534,1.29649596343215,1
1729,2206,381066.000309464,1334569866.00031,-2399855.93432866,5383332.86081676,2429258.934101,22.5352055028434,114.027012206377,1.5952294762291,-1.06208341769577,-0.592208375034532,0.326371097582211,1.25906713043522,1
1730,2206,381067.000309638,1334569867.00031,-2399857.09235072,5383332.17480648,2429259.25310432,22.5352087002481,114.027025203381,1.57426654971561,-1.13259673301747,-0.625197076007904,0.337010726966058,1.33687058969104,1
1731,2206,381068.000309184,1334569868.00031,-2399858.13634853,5383331.33281205,2429259.71009918,22.5352137023647,114.027037805395,1.4317169836778,-1.12732846583082,-0.607926384891078,0.320973797465274,1.3204045357308,1
1732,2206,381069.000318169,1334569869.00032,-2399859.35436646,5383330.65378577,2429260.27014014,22.5352188036023,114.027051307443,1.53158756582817,-1.15193691152931,-0.673374242202698,0.440220587101968,1.40505718158164,1
1733,2206,381070.000315393,1334569870.00032,-2399860.67037311,5383329.94279271,2429260.45011899,22.5352206977681,114.027065806029,1.49568305159456,-1.18311521043899,-0.657226181809494,0.377196951656878,1.40498590582512,1
1734,2206,381071.000317069,1334569871.00032,-2399861.92232251,5383329.29078289,2429260.83519362,22.535224206423,114.027079502412,1.56405059552054,-1.01700437562382,-0.684773966462862,0.610616091826017,1.36969532991106,1
1735,2206,381072.0003186,1334569872.00032,-2399862.73930472,5383328.62281654,2429261.34313725,22.5352294032879,114.027089400011,1.50246510856253,-0.956400603888313,-0.575921392812454,0.431007909396491,1.19672694620757,1
1736,2206,381073.000320004,1334569873.00032,-2399863.67730848,5383327.94780068,2429262.02516756,22.5352359039243,114.027100400028,1.54716541742333,-0.963943396458221,-0.623217128212645,0.523727074884615,1.2616958862738,1
1737,2206,381074.000321294,1334569874.00032,-2399864.59932319,5383326.95778276,2429262.70419974,22.5352433978128,114.027112504888,1.31896403263402,-1.0060319749218,-0.675996614529185,0.62167069890894,1.36218435437422,1
1738,2206,381075.000322484,1334569875.00032,-2399865.71130438,5383326.44479643,2429263.29718402,22.5352483983864,114.027124408272,1.53165737264798,-0.943879446397007,-0.631441903570766,0.571377698127533,1.27125912418881,1
1739,2206,381076.000323585,1334569876.00032,-2399866.70733238,5383325.59677674,2429264.64319602,22.5352609022843,114.027136608235,1.70670429738981,-1.0274700760308,-0.689568220022952,0.605721700503057,1.3777147257922,1
1740,2206,381077.000324606,1334569877.00032,-2399868.02732724,5383325.32479231,2429265.13515153,22.5352640052509,114.027149404601,2.16222071224622,-1.00851997824727,-0.639639541250447,0.466721783854168,1.28221703029517,1
1741,2206,381078.000325556,1334569878.00033,-2399869.5023865,5383324.86878847,2429265.46309255,22.5352661033757,114.027164306101,2.45795405964156,-1.18710902211568,-0.64971206000077,0.2850796260748,1.38297649455869,1
1742,2206,381079.000326442,1334569879.00033,-2399870.54134134,5383324.26980355,2429266.57409605,22.5352757994054,114.027175901498,2.76916740688074,-1.04580772854667,-0.601609405358327,0.294611821600049,1.24195161223377,1
1743,2206,381080.000327271,1334569880.00033,-2399871.77136456,5383323.81877784,2429267.27012199,22.5352812972241,114.027188607694,3.11801724985738,-1.1137925670249,-0.678659997214976,0.372880592996834,1.35652246970459,1
1744,2206,381081.000328052,1334569881.00033,-2399872.66228664,5383323.34281867,2429267.75610863,22.5352855998079,114.027198401806,3.23780594942846,-0.873935460149277,-0.552638292589109,0.331185333076273,1.08575135081057,1
1745,2206,381082.00032879,1334569882.00033,-2399873.71528441,5383322.92482965,2429268.12308488,22.5352884981071,114.027209405486,3.42184164086619,-0.86511555177677,-0.517888305038097,0.258056713840674,1.04078166873726,1
1746,2206,381083.000329493,1334569883.00033,-2399874.67126841,5383322.64485493,2429268.23804338,22.5352889948115,114.027219001537,3.5892366425563,-0.815083577993164,-0.439947239987399,0.131446869998923,0.935517553399818,1
1747,2206,381084.000330167,1334569884.00033,-2399875.95826004,5383322.54985508,2429268.15604567,22.535286797578,114.02723080435,3.96168043790688,-0.78770796450709,-0.438854893624024,0.137841843166406,0.912183001778244,1
1748,2206,381085.000330821,1334569885.00033,-2399876.81621663,5383322.22689098,2429267.77101169,22.5352833979579,114.027239700201,3.86431991999152,-0.654996092846906,-0.329756453087972,0.0350644951784023,0.734158510690974,1
1749,2206,381086.000331464,1334569886.00033,-2399877.67223183,5383321.66987512,2429267.57304219,22.535282301189,114.027249505217,3.6404735153214,-0.699728170021749,-0.376582925537064,0.126647087853716,0.804657502661764,1
1750,2206,381087.000332105,1334569887.00033,-2399878.68723981,5383321.49692037,2429266.94793737,22.5352762036809,114.027259201724,3.63671933469551,-0.722215622517006,-0.239828507336498,-0.188545649020443,0.784004196483296,1
1751,2206,381088.000332754,1334569888.00033,-2399879.58628743,5383321.16389116,2429266.82895483,22.5352749970602,114.027268502248,3.6482866122752,-0.863791051144305,-0.327367705304237,-0.135478644478565,0.933626829960929,1
1752,2206,381089.000333426,1334569889.00033,-2399880.47429938,5383320.55287301,2429266.98698653,22.535276995248,114.0272788051,3.52735534702832,-0.898039570002577,-0.381000054287206,-0.0405207887279603,0.976359587947188,1
1753,2206,381090.000334132,1334569890.00033,-2399881.49228035,5383320.03286017,2429266.86603789,22.5352761956877,114.027289901697,3.42515652306651,-0.838753417954287,-0.418483083541718,0.113690236009307,0.944225003431087,1
1754,2206,381091.00033489,1334569891.00033,-2399881.95820041,5383319.63689211,2429267.26304579,22.5352801021605,114.027295605738,3.41849145014549,-0.597993927763821,-0.322580520407099,0.137225425174017,0.693170792159268,1
1755,2206,381092.000335721,1334569892.00034,-2399882.01710232,5383318.9369237,2429267.93108128,22.5352878037432,114.027298899264,3.10616817434791,-0.304485183417563,-0.227740683916039,0.242526063515407,0.450994387454713,1
1756,2206,381093.000336643,1334569893.00034,-2399881.98005455,5383318.29796697,2429268.55703583,22.535295096688,114.027301099392,2.79310263505794,-0.161918936919697,-0.0982495568292997,0.106742421951275,0.217404374828067,1
1757,2206,381094.000337683,1334569894.00034,-2399881.96899952,5383318.0959995,2429268.95901904,22.5352991035642,114.027301800648,2.77262407411877,0.00117566216693405,-0.00168918193166632,0.056133005150337,0.0561707199912623,1
1758,2206,381095.00033887,1334569895.00034,-2399882.2069987,5383317.89600634,2429268.76700994,22.5352977988476,114.027304705363,2.61982676168206,0.00411107017802633,0.0183578427762327,0.0293263219044341,0.0348417055530872,1
1759,2206,381096.000340235,1334569896.00034,-2399881.92599943,5383317.57100881,2429268.77700777,22.5352993055426,114.027303496837,2.24380816506175,0.00177445453071837,0.0257658833085664,0.0230720412676122,0.0346316115681417,1
1760,2206,381097.000341813,1334569897.00034,-2399881.80298759,5383317.49601977,2429269.02699431,22.5353018010265,114.02730270147,2.23009205147549,0.0361193172411373,0.0575232375028905,-0.0166812561738477,0.0699413485594709,1
1761,2206,381098.00034364,1334569898.00034,-2399881.99704718,5383317.19998247,2429268.99502177,22.5353021966646,114.027305596213,2.04108036105328,-0.137403292553467,-0.0511430401904822,0.0632810840200713,0.159686477070584,1
1762,2206,381099.000345757,1334569899.00035,-2399882.21501755,5383317.03000103,2429268.96801194,22.5353022015353,114.027308204309,1.96930520234383,-0.0508676117353983,0.00279512558682619,0.0344062628343099,0.0614745278382272,1
1763,2206,381100.000348204,1334569900.00035,-2399882.34700522,5383316.87201266,2429268.87000015,22.5353016974457,114.027310001522,1.84809933320721,-0.0146539522795266,0.0358660401734688,0.000535277845991126,0.0387478731998019,1
1764,2206,381101.000351016,1334569901.00035,-2399882.01999197,5383316.41700172,2429269.01404575,22.535304798029,114.027308899061,1.39646910865287,0.0230047507647407,0.0043414374940164,0.130351988113621,0.132437560542453,1
1765,2206,381102.000354227,1334569902.00035,-2399881.90602593,5383315.88399708,2429269.15303626,22.5353078027662,114.027309996887,0.957228342558708,-0.0733128206869245,-0.00852371901559009,0.102281039501929,0.126130228353575,1
1766,2206,381103.00035786,1334569903.00036,-2399882.15810022,5383315.64001389,2429269.09093453,22.5353077008039,114.02731320069,0.822401309350095,-0.280062434402919,0.0388761879769015,-0.183240915383363,0.336932572224529,1
1767,2206,381104.000361925,1334569904.00036,-2399882.41606866,5383315.76304367,2429268.61790136,22.535303002888,114.027315004144,0.841916648809505,-0.189643957783082,0.120197493947537,-0.272296732793566,0.35292744150172,1
1768,2206,381105.000366417,1334569905.00037,-2399882.56408513,5383315.41400182,2429268.66598962,22.5353042987318,114.027317699884,0.621557317408714,-0.232431272719961,0.00470799138625713,-0.0285963579284035,0.234231111101586,1
1769,2206,381106.000371309,1334569906.00037,-2399882.89410509,5383315.19301385,2429268.36194914,22.5353019962704,114.027321504724,0.442719649572377,-0.283053657239506,0.0365844586960759,-0.136933793782491,0.316557513533339,1
1770,2206,381107.000376553,1334569907.00038,-2399883.25316552,5383314.58501048,2429268.21691043,22.535302202458,114.027327099259,0.00925095804184808,-0.439569851340701,0.027483907813721,-0.238040628646122,0.500639950745683,1
1771,2206,381108.000382078,1334569908.00038,-2399883.67414462,5383314.34105689,2429267.75182814,22.5352985011895,114.027331802597,-0.216472265117882,-0.37839225848944,0.148398576917094,-0.449651836076788,0.606126729820575,1
1772,2206,381109.000387793,1334569909.00039,-2399883.91611724,5383314.02403167,2429267.51691507,22.5352972029588,114.02733520582,-0.482947696386434,-0.302109553353467,0.0814454600968573,-0.219196038419798,0.382034616830404,1
1773,2206,381110.000393596,1334569910.00039,-2399883.99107828,5383313.94006038,2429267.12589592,22.5352941013341,114.027336203744,-0.675454353675142,-0.199026276511554,0.153224081092025,-0.264462104237813,0.364731795085705,1
1774,2206,381111.000399372,1334569911.0004,-2399884.25602666,5383313.92905645,2429266.89095908,22.5352918031868,114.027338599692,-0.675135133259801,-0.0672460353924313,0.141418001166608,-0.102921644105854,0.187387153122649,1
1775,2206,381112.000405015,1334569912.00041,-2399884.73703125,5383314.1490754,2429266.35990485,22.535286000441,114.027341999517,-0.512155174081484,-0.0783470912295198,0.187194156961834,-0.23562923567453,0.310967933731665,1
1776,2206,381113.000410423,1334569913.00041,-2399885.9151835,5383315.17507469,2429265.40072635,22.5352730966497,114.027348398926,0.428864282420049,-0.447450936553224,0.182078114612549,-0.667001367270956,0.823562750726708,1
1777,2206,381114.000415513,1334569914.00042,-2399886.6031376,5383315.45408871,2429264.54373193,22.5352640971771,114.027353402679,0.59452627343999,-0.331484489774953,0.212880535913521,-0.645674237774093,0.756369824131916,1
1778,2206,381115.000420225,1334569915.00042,-2399887.14107998,5383315.19612117,2429263.48172472,22.5352552965297,114.027359199964,0.172196463527283,-0.19075437515731,0.288229480397423,-0.655815153397399,0.741321104810512,1
1779,2206,381116.000424518,1334569916.00042,-2399887.69612092,5383315.40514344,2429262.17963761,22.5352429931559,114.027363300658,0.0582441507673068,-0.285380854576422,0.337725106778187,-0.853810283695496,0.961505320032755,1
1780,2206,381117.000428374,1334569917.00043,-2399888.41011751,5383315.59311647,2429261.24469937,22.5352335946496,114.027368895983,0.127025631487827,-0.275330924175333,0.272105690835134,-0.701752198112158,0.801439188177964,1
1781,2206,381118.000431796,1334569918.00043,-2399889.5331971,5383315.98906581,2429260.58971367,22.5352252972928,114.027377300226,0.632399838845136,-0.457286988456767,0.152149444518079,-0.663117857987982,0.819747605584541,1
1782,2206,381119.000434801,1334569919.00043,-2399890.63020285,5383315.94906648,2429259.90869901,22.5352181976153,114.027387198506,0.750221549805309,-0.4674791973259,0.15293762068956,-0.692873631132292,0.849706175376582,1
1783,2206,381120.000437416,1334569920.00044,-2399891.81019172,5383316.17012716,2429258.64456639,22.5352052920933,114.027396800255,0.896004642497421,-0.439347971963309,0.290714264983561,-0.991965224098823,1.12318138791321,1
1784,2206,381121.000439677,1334569921.00044,-2399893.08924696,5383316.43608277,2429257.18760702,22.5351904967184,114.02740710388,1.0430183168217,-0.562380374450128,0.188906526999199,-0.894588259644299,1.0734269960286,1
1785,2206,381122.000441624,1334569922.00044,-2399894.13719583,5383317.17114742,2429255.60550246,22.5351735003424,114.027413498791,1.45090096659977,-0.444746111066641,0.334094034278814,-1.12697836260271,1.25678087064702,1
1786,2206,381123.000443295,1334569923.00044,-2399895.57820226,5383317.72615785,2429254.17646058,22.5351577959017,114.027424096205,1.91337238489414,-0.457317782727791,0.356585171867427,-1.21729413469245,1.34836847691995,1
1787,2206,381124.000444731,1334569924.00044,-2399896.81119175,5383318.46917014,2429252.59243176,22.5351404976011,114.027432102566,2.39681436066841,-0.432209908822977,0.382431061276268,-1.27794227925804,1.40221089392034,1
1788,2206,381125.000445969,1334569925.00045,-2399898.115297,5383318.71711985,2429251.14343781,22.5351257902837,114.027442699859,2.54111416656929,-0.666792977161025,0.26855191819768,-1.26088136162459,1.45139753866789,1
1789,2206,381126.000447043,1334569926.00045,-2399899.39428764,5383318.85813443,2429249.65141548,22.5351110974859,114.027453497429,2.56926705178688,-0.643888363613131,0.301219579144851,-1.30764417591425,1.48837453299197,1
1790,2206,381127.000447983,1334569927.00045,-2399900.36325579,5383319.54014174,2429248.26242214,22.5350959908392,114.027459401092,2.97669931474656,-0.571735043593584,0.316441934186142,-1.29007022267679,1.44613195705709,1
1791,2206,381128.000448816,1334569928.00045,-2399901.50526113,5383319.90414884,2429246.84339632,22.5350813950534,114.027468099777,3.16943017190596,-0.58223251557198,0.331642319131106,-1.34522300754715,1.50286601866638,1
1792,2206,381129.000449567,1334569929.00045,-2399902.38124603,5383320.25116196,2429245.36038241,22.5350666941417,114.027474503821,3.2232556015575,-0.547563851191859,0.360529365854341,-1.37399266406081,1.52238741313383,1
1793,2206,381130.000450256,1334569930.00045,-2399903.15024984,5383320.8151654,2429243.79836876,22.5350507991574,114.027479099139,3.38962655600792,-0.555236877459735,0.367506170153723,-1.40194775501256,1.55203295164022,1
1794,2206,381131.000450901,1334569931.00045,-2399903.94323095,5383321.3041624,2429242.42638929,22.5350366925253,114.027484204226,3.57456951329423,-0.512508515588603,0.360450348075865,-1.35429184788675,1.49221172801696,1
1795,2206,381132.000451517,1334569932.00045,-2399904.67322124,5383321.85614814,2429241.20042527,22.5350236934451,114.027488500721,3.84492115928282,-0.490045406229028,0.328311622750017,-1.27280712600614,1.40284389787707,1
1796,2206,381133.000452119,1334569933.00045,-2399905.1791988,5383322.33513435,2429240.02847935,22.5350116913462,114.027491097227,3.99014432906685,-0.439672493890084,0.29801967282768,-1.1515473175007,1.26814386081347,1
1797,2206,381134.000452717,1334569934.00045,-2399905.49306709,5383323.31720371,2429238.8714498,22.5349984941435,114.02748999679,4.49324189514968,-0.148542244110396,0.450472956214991,-1.21525047455865,1.30453991831658,1
1798,2206,381135.000453322,1334569935.00045,-2399905.90807473,5383324.12119547,2429237.71145403,22.5349856925781,114.02749049919,4.88301162759482,-0.164906611454312,0.431376118468388,-1.20437604082165,1.28988417844062,1
1799,2206,381136.000453943,1334569936.00045,-2399906.15011344,5383324.66316337,2429236.53148625,22.5349737964253,114.027490502985,4.97902988995349,-0.249618885726558,0.359981608275619,-1.13209574712576,1.21389337549404,1
1800,2206,381137.000454588,1334569937.00045,-2399906.20212214,5383325.08415082,2429235.16551005,22.5349609990062,114.027489298427,4.83023315203996,-0.269395329729666,0.332578639856148,-1.07798519746547,1.15984243814554,1
1801,2206,381138.000455264,1334569938.00046,-2399906.93404788,5383325.99313274,2429234.02661301,22.5349475949618,114.027492199064,5.43584911005316,-0.105834510914092,0.29226970589693,-0.850292941531908,0.905329007104316,1
1802,2206,381139.000455979,1334569939.00046,-2399907.57510556,5383326.74806222,2429233.05470939,22.5349361987903,114.027494902675,5.94133041582135,-0.231460138492545,0.136630456485862,-0.637869104436519,0.692183986917618,1
1803,2206,381140.000456739,1334569940.00046,-2399907.79713827,5383327.01806697,2429231.99567288,22.5349261991684,114.02749580531,5.84674087239369,-0.302217741549287,0.145934897858706,-0.716646399978301,0.791337235521015,1
1804,2206,381141.000457551,1334569941.00046,-2399907.69109571,5383326.68008624,2429230.97369213,22.5349188927595,114.027496201568,5.13006455741027,-0.207187392877961,0.188181549407171,-0.67342807858371,0.729276551336869,1
1805,2206,381142.000458422,1334569942.00046,-2399906.2087574,5383326.76723972,2429229.90570953,22.534911798255,114.027482695452,4.23680188481328,0.530661668537024,0.52274488219125,-0.633657837010618,0.977950035899901,1
1806,2206,381143.000459359,1334569943.00046,-2399904.54766499,5383327.1592441,2429229.32980647,22.5349080963815,114.0274663956,3.72207651046456,0.730759744527592,0.531729740203927,-0.421798319636665,0.997326497836933,1
1807,2206,381144.00046037,1334569944.00046,-2399902.68756781,5383327.96328366,2429228.56482183,22.5349017954051,114.027446697966,3.40764225197812,0.938829392398088,0.61687350411231,-0.387446315584885,1.18829634164491,1
1808,2206,381145.000461462,1334569945.00046,-2399901.7436007,5383329.0802644,2429227.86983141,22.5348937980601,114.027433895668,3.72857745606246,0.866257797616248,0.572292775017672,-0.365742433872573,1.10076751414793,1
1809,2206,381146.000462646,1334569946.00046,-2399900.1685827,5383329.16025206,2429227.27390886,22.5348907941817,114.027419595038,2.97533103182677,0.903004154603062,0.544135022010485,-0.197353797658704,1.0725893654419,1
1810,2206,381147.000463934,1334569947.00046,-2399898.54060153,5383329.19723647,2429226.85795286,22.534889501942,114.027404994376,2.2348596860035,0.858308793892067,0.51102959568453,-0.102354765344602,1.00415224509369,1
1811,2206,381148.000465337,1334569948.00047,-2399898.10961662,5383330.68227762,2429226.13683621,22.5348794003749,114.027395289844,3.04920834886839,0.823975301040893,0.597373652603813,-0.35211856508719,1.07692992410357,1
1812,2206,381149.000466871,1334569949.00047,-2399897.17856777,5383331.82527196,2429225.7288923,22.5348736968078,114.027382499284,3.50695809416374,0.924678687847571,0.584480738498434,-0.231359108540484,1.1181124480748,1
1813,2206,381150.000468554,1334569950.00047,-2399897.07859384,5383333.79925273,2429225.0098888,22.5348616009003,114.027373798412,4.85908127529263,0.86699406709936,0.539850709755801,-0.237961180369614,1.04868633278604,1
1814,2206,381151.000471117,1334569951.00047,-2399896.05653888,5383334.6902831,2429224.31188641,22.53485440269,114.02736119715,4.95888193588962,0.979550382325772,0.600804247368918,-0.241611733286218,1.17424908977298,1
1815,2206,381152.000472361,1334569952.00047,-2399894.54454655,5383335.21528633,2429223.71488411,22.5348498943039,114.027345694683,4.60434782424819,0.960256794992332,0.607031949797266,-0.246154726252077,1.16239969445103,1
1816,2206,381153.000474327,1334569953.00047,-2399893.35850725,5383336.44631235,2429222.89086589,22.534840801378,114.027330291726,4.88100755105616,1.03798703816258,0.660280629681784,-0.283591595328894,1.26246259123496,1
1817,2206,381154.000476262,1334569954.00048,-2399892.91150146,5383338.34831463,2429222.00185867,22.5348280040442,114.027318794598,5.97674422659167,1.04580001466653,0.662937641676649,-0.297868633405433,1.27354219019047,1
1818,2206,381155.000478136,1334569955.00048,-2399892.56052032,5383340.61729259,2429220.93186493,22.5348124018239,114.027306697518,7.34881847426734,1.00332449790545,0.612903330627368,-0.282752954478692,1.20923933696261,1
1819,2206,381156.000480076,1334569956.00048,-2399891.4684783,5383341.90630181,2429220.4678691,22.5348059960548,114.027291899642,7.84772271137731,1.08707911192904,0.629132846441017,-0.272911711679993,1.28531316667787,1
1820,2206,381157.000481963,1334569957.00048,-2399890.12046775,5383342.85029264,2429220.04689738,22.5348014004299,114.02727619473,7.97578829316701,1.10398103105607,0.607696820649338,-0.213598469414364,1.27816033771006,1
1821,2206,381158.000483887,1334569958.00048,-2399889.26746877,5383343.81830256,2429219.34587395,22.5347936954639,114.027264789782,8.20295411430271,1.09817044961478,0.625245609526458,-0.260732669712563,1.29030691453416,1
1822,2206,381159.0004858,1334569959.00049,-2399887.94848033,5383344.41928517,2429218.94390316,22.534790301658,114.027250700208,8.05985041437592,1.06986020789946,0.586846418984329,-0.200143745160526,1.23654644176767,1
1823,2206,381160.000486466,1334569960.00049,-2399886.80349958,5383344.90930563,2429218.15685051,22.5347838014825,114.027238594785,7.74099852571798,1.02921787092153,0.627956939784457,-0.307745125492813,1.24431764687008,1
1824,2206,381161.000489272,1334569961.00049,-2399885.40448775,5383345.33431493,2429217.54184951,22.5347792998281,114.027224491228,7.33770383838742,1.04748628716731,0.643287777309711,-0.307846979401348,1.26720813166826,1
1825,2206,381162.000493296,1334569962.00049,-2399883.99447515,5383345.70829866,2429217.09791288,22.5347764017866,114.027210491963,6.95278580952513,1.06423680736196,0.60551209359863,-0.176639892009433,1.23711217320309,1
1826,2206,381163.000493495,1334569963.00049,-2399882.74347738,5383346.36229822,2429216.89391072,22.5347743958098,114.027196796208,6.95584974217851,1.05915822760625,0.604722518992726,-0.181185703686917,1.2330181407033,1
1827,2206,381164.000493769,1334569964.00049,-2399881.58047031,5383347.26632456,2429216.4888511,22.5347697985252,114.027182892066,7.12587800685841,1.07327924199674,0.657164916901903,-0.30196680281673,1.2942094147823,1
1828,2206,381165.000498538,1334569965.0005,-2399880.13144667,5383347.8303437,2429215.90583225,22.5347651946932,114.027167794259,6.83330405323868,1.11061563353813,0.688925583362829,-0.336708744828364,1.34961413882451,1
1829,2206,381166.000499219,1334569966.0005,-2399878.54043478,5383348.17732513,2429215.46890298,22.5347626955,114.027152294839,6.3602229868263,1.13227290367085,0.651781708471477,-0.195020260505122,1.32094444466552,1
1830,2206,381167.000501157,1334569967.0005,-2399877.36243693,5383349.17232999,2429214.80788326,22.5347556968298,114.027137897502,6.50327041452094,1.12388569993463,0.658389737857614,-0.233362348110168,1.32327400750912,1
1831,2206,381167.999503052,1334569967.9995,-2399876.03751989,5383349.78468291,2429214.28912601,22.5347513013247,114.027123710286,6.32277480115052,1.04655276184569,0.638019674873921,-0.253969356553364,1.25173568412872,1
1832,2206,381168.999504923,1334569968.9995,-2399874.65956966,5383350.35865184,2429213.60214731,22.534745698768,114.027109204133,6.02548366447678,1.15104527040788,0.703077605563227,-0.298152658051391,1.3813465681993,1
1833,2206,381169.999506901,1334569969.99951,-2399873.23655125,5383350.62769468,2429213.08006401,22.5347424989437,114.027095504752,5.51719823261363,1.11835801852725,0.61862360898797,-0.130314970398833,1.28467965606666,1
1834,2206,381170.999508761,1334569970.99951,-2399871.57957698,5383350.72466271,2429212.42909583,22.5347390977036,114.027080409238,4.72636763200371,1.17528049525483,0.685768799973632,-0.1957859108093,1.37473459708234,1
1835,2206,381171.999510688,1334569971.99951,-2399870.13560584,5383351.35265703,2429211.94408433,22.5347351019822,114.027065103069,4.52722783971753,1.2384856130314,0.70082378417627,-0.172791787303135,1.43347744729812,1
1836,2206,381172.999512654,1334569972.99951,-2399868.84054159,5383351.88366237,2429211.50713721,22.5347316039053,114.027051502882,4.32068816832448,1.11150601829385,0.692550859910999,-0.281830306222952,1.33958972964585,1
1837,2206,381173.999514588,1334569973.99951,-2399867.57753188,5383352.63666563,2429211.09914453,22.5347276004375,114.027037308616,4.32458159012921,1.09595858471738,0.688926245842914,-0.297917237580239,1.3283445607501,1
1838,2206,381174.999516458,1334569974.99952,-2399866.53649255,5383353.43469395,2429210.51812977,22.5347216987067,114.027024906939,4.38362816597709,1.01862904854977,0.633145060737349,-0.268814227555734,1.22912118825684,1
1839,2206,381175.99951717,1334569975.99952,-2399865.36949362,5383354.1006805,2429209.98616371,22.5347168009553,114.027011909539,4.30270922104157,1.02256276745417,0.661745848106726,-0.339369503683455,1.26440256283368,1
1840,2206,381176.999521452,1334569976.99952,-2399864.16450665,5383354.27974263,2429209.75500148,22.5347160048424,114.027000502128,3.91200745665698,1.05895121037611,0.537250684190943,-0.00326981723250508,1.18744543256749,1
1841,2206,381177.999522226,1334569977.99952,-2399863.01253088,5383354.87771343,2429209.36704028,22.5347125020386,114.026987907323,3.83454861542325,1.11123047712951,0.599823372235007,-0.0847829686851652,1.26562609129234,1
1842,2206,381178.99952415,1334569978.99952,-2399861.68858208,5383355.84968665,2429209.11606115,22.5347092019109,114.026972305309,4.0604269379551,1.22343520437654,0.658989350969623,-0.128699559121419,1.39557308677019,1
1843,2206,381179.999526065,1334569979.99953,-2399860.25056848,5383356.64169524,2429208.8370648,22.534706397686,114.026956402861,4.08084975219837,1.19981937918488,0.643241437581101,-0.136944445030253,1.36823969782843,1
1844,2206,381180.999527944,1334569980.99953,-2399859.15753065,5383357.62469346,2429208.31812045,22.5347005022612,114.026942807394,4.30017458958345,1.12404247378019,0.649841258681868,-0.255598945008069,1.32328982654457,1
1845,2206,381181.999529903,1334569981.99953,-2399858.02753676,5383358.50170183,2429207.88411223,22.5346957023811,114.026929303321,4.44873771492228,1.14179648435864,0.634614385194362,-0.239013523303033,1.32799175219995,1
1846,2206,381182.999531801,1334569982.99953,-2399856.74553415,5383358.88470903,2429207.39309008,22.5346922026684,114.026916404888,4.10153587783941,1.14105446945372,0.621115272808038,-0.192796264598218,1.31337728167451,1
1847,2206,381183.999533719,1334569983.99953,-2399855.73751076,5383359.78170163,2429206.66313111,22.5346846992598,114.026903904654,4.19940813335769,1.09524599926145,0.640255998698862,-0.28185265359331,1.29958934325643,1
1848,2206,381184.999535578,1334569984.99954,-2399854.84248737,5383360.83069257,2429205.77117999,22.5346752050053,114.026891806097,4.40592372411039,1.04916649885136,0.662518575036542,-0.388307415225746,1.30017839287529,1
1849,2206,381185.999537544,1334569985.99954,-2399853.34554789,5383361.43968388,2429205.25714055,22.5346711018522,114.02687610486,4.15971302138611,1.18523848583288,0.683474455746271,-0.304179872288906,1.40158945296501,1
1850,2206,381186.999539523,1334569986.99954,-2399852.3634239,5383361.88971156,2429204.39819189,22.5346638988935,114.026865603682,3.84082460401031,0.920534119772642,0.626132284824768,-0.417390075989736,1.1889655921431,1
1851,2206,381187.999541413,1334569987.99954,-2399851.22447214,5383362.49269611,2429203.70317726,22.5346578007857,114.026853104675,3.65482080993419,1.02974833295782,0.662600405341337,-0.386945529314469,1.28419148457088,1
1852,2206,381188.999543313,1334569988.99954,-2399850.41646782,5383363.71070117,2429202.9371778,22.5346487002083,114.026841109776,4.08491714525625,1.02407525046047,0.655106259239956,-0.389841738665819,1.27666397721054,1
1853,2206,381189.999545214,1334569989.99955,-2399849.52849204,5383364.6506786,2429202.10020784,22.5346399991958,114.02682950528,4.22319037655742,1.08167724421127,0.707055561436067,-0.457558023030058,1.37088021797725,1
1854,2206,381190.999547128,1334569990.99955,-2399848.54145996,5383365.3426727,2429201.11724814,22.5346310039456,114.026818002819,4.05905853966894,1.01558686671004,0.72269254014266,-0.548556087750309,1.36184249192765,1
1855,2206,381191.999549035,1334569991.99955,-2399847.46645823,5383366.18968535,2429200.28522302,22.534622901574,114.02680510574,4.05046473740772,1.01617796343095,0.697925109723897,-0.494968099561259,1.3284240782706,1
1856,2206,381192.999550898,1334569992.99955,-2399846.61142203,5383366.64571161,2429199.41418833,22.5346153997575,114.026795709195,3.77980156992469,0.939571113914507,0.641859820556237,-0.419916061813397,1.21289216598835,1
1857,2206,381193.999552828,1334569993.99955,-2399845.53245012,5383367.08170828,2429198.63016369,22.5346090025429,114.026784403675,3.44137031613915,1.00672437017491,0.652077415338635,-0.366583118297707,1.25422569568625,1
1858,2206,381194.99955481,1334569994.99955,-2399844.42243911,5383367.67270891,2429197.82716846,22.5346020008743,114.026772209061,3.21476027463935,0.986497692844659,0.653778186404708,-0.378976319524313,1.24266916987856,1
1859,2206,381195.999556707,1334569995.99956,-2399843.04449434,5383368.32270731,2429197.34911089,22.5345979005279,114.026757402037,3.06168837840516,1.11556698879024,0.660239609273944,-0.250407623548519,1.3202689218731,1
1860,2206,381196.999558656,1334569996.99956,-2399841.87047683,5383368.82171034,2429196.68011147,22.53459239749,114.026745003259,2.78474951301096,1.08050934472163,0.656097201960113,-0.253112888084678,1.28919746996542,1
1861,2206,381197.999560563,1334569997.99956,-2399840.84146992,5383369.6197018,2429196.09014023,22.5345864041931,114.026732708584,2.84486515089734,1.0693116939386,0.678766035515227,-0.31950959451985,1.30623015229061,1
1862,2206,381198.999562419,1334569998.99956,-2399839.57947533,5383370.12367334,2429195.22818933,22.5345794000326,114.02671950902,2.46508555530562,1.08650875230243,0.746215402273285,-0.43327731030039,1.38746817010005,1
1863,2206,381199.999564343,1334569999.99956,-2399838.35148502,5383370.67869376,2429194.69213716,22.5345749048726,114.026706409318,2.26605804342817,1.11347523077386,0.702725799069551,-0.315065598825186,1.3538526396133,1
1864,2206,381200.999566311,1334570000.99957,-2399837.03944086,5383370.79372033,2429193.85410156,22.5345694001414,114.026694304824,1.54850045640203,1.01687906786586,0.644144479980047,-0.234918104506288,1.22643861060281,1
1865,2206,381201.999568208,1334570001.99957,-2399836.01547374,5383371.47669898,2429193.1011135,22.5345624035838,114.026682510119,1.45101096282756,1.09709753436009,0.69715081720005,-0.26350205451171,1.32630147197143,1
1866,2206,381202.999570073,1334570002.99957,-2399834.92449515,5383372.23968001,2429192.05512573,22.5345528046937,114.026669803792,1.28352273897761,1.15165911234304,0.744325854207753,-0.293438710626518,1.40230024073984,1
1867,2206,381203.999570732,1334570003.99957,-2399833.78145385,5383372.70769292,2429191.28413153,22.5345465052287,114.0266578027,0.953003096448677,1.05733477732643,0.715035062796945,-0.307004260717149,1.31281513872725,1
1868,2206,381204.999575228,1334570004.99958,-2399832.48746347,5383373.08871255,2429190.68207113,22.5345421025021,114.026644805698,0.557068697507761,1.0913710693638,0.676311134343686,-0.167942468618315,1.29487151264021,1
1869,2206,381205.999575827,1334570005.99958,-2399831.47743512,5383373.50170738,2429189.86510158,22.5345354060391,114.026634203346,0.212538419344632,1.02576051573898,0.689518991066287,-0.24023367836276,1.25910019256208,1
1870,2206,381206.999577882,1334570006.99958,-2399830.01941931,5383373.08473181,2429189.14802319,22.5345327975023,114.02662290847,-0.962365623247465,0.993932048823206,0.633978937544169,-0.0557095290739318,1.18022614890417,1
1871,2206,381207.99957973,1334570007.99958,-2399829.05740944,5383373.75771803,2429188.617059,22.5345275970925,114.026611703414,-0.959894111546202,0.974199790728103,0.67093813749717,-0.140918335179107,1.19125194387774,1
1872,2206,381208.999581806,1334570008.99958,-2399828.36142024,5383374.89870106,2429187.87710343,22.5345187993497,114.026601007949,-0.542661084642037,1.00451979687988,0.715395667214628,-0.247996679560916,1.25791626751,1
1873,2206,381209.999583583,1334570009.99958,-2399827.42638426,5383375.45369925,2429187.1141387,22.5345119987935,114.026590509384,-0.718493870056185,0.922765657687209,0.72203338837601,-0.333647135497832,1.21825657558766,1
1874,2206,381210.999585479,1334570010.99959,-2399826.63936355,5383375.96373555,2429186.46707538,22.5345060985102,114.026581502959,-0.832174557586718,0.876901086044085,0.637780832781859,-0.182368931432541,1.09953550762177,1
1875,2206,381211.999587436,1334570011.99959,-2399825.70135444,5383376.28473428,2429185.69907956,22.5344999998356,114.026571904162,-1.20845990952156,0.859207442552269,0.643673192150074,-0.193559151130875,1.0908793483316,1
1876,2206,381212.999589336,1334570012.99959,-2399824.71140048,5383377.09671616,2429184.97608087,22.5344927977037,114.026559900862,-1.17283167765427,0.97527300114648,0.691337737217011,-0.197572819297419,1.21166840042593,1
1877,2206,381213.999591238,1334570013.99959,-2399823.47739938,5383377.96569082,2429184.0421418,22.5344839998766,114.026545505169,-1.26174296389214,0.977353128848733,0.756556160094085,-0.347692990162978,1.28393410160148,1
1878,2206,381214.999593154,1334570014.99959,-2399822.45039273,5383378.6186889,2429183.31315431,22.5344773025391,114.026533802147,-1.3764657553544,0.965383819243932,0.764517820425822,-0.379721358110987,1.28865888659967,1
1879,2206,381215.999594883,1334570015.99959,-2399821.239395,5383379.03471885,2429182.95408165,22.5344746989199,114.026521403439,-1.61852775263703,0.975324364037717,0.693618451925831,-0.201670020492795,1.21368652011264,1
1880,2206,381216.999596984,1334570016.9996,-2399820.07742996,5383379.81368747,2429182.26212326,22.5344681024197,114.026508003575,-1.66354161398555,1.0670021291831,0.775505159238932,-0.306350018240933,1.35416104262517,1
1881,2206,381217.999597548,1334570017.9996,-2399818.88642483,5383380.42670946,2429181.82508329,22.5344641976309,114.026495002687,-1.76177773663768,1.0557690393416,0.72176112244664,-0.207203820731888,1.29557740240929,1
1882,2206,381218.999602044,1334570018.9996,-2399817.55748291,5383381.20870301,2429181.49005227,22.5344608039431,114.026480108317,-1.73024580594387,1.21368994999493,0.746334915722925,-0.131552361642684,1.43086167221001,1
1883,2206,381219.99960274,1334570019.9996,-2399816.45344833,5383381.96771394,2429181.02706856,22.5344560987471,114.026467301795,-1.68255729239317,1.12848984204542,0.720111816969156,-0.172944059277039,1.34979998524876,1
1884,2206,381220.999604641,1334570020.9996,-2399815.09146836,5383382.62570368,2429180.53107438,22.5344518010028,114.026452604894,-1.829748987387,1.1848781540777,0.749409915165666,-0.188506671329235,1.41459754916189,1
1885,2206,381221.999606577,1334570021.99961,-2399814.0514082,5383383.17372249,2429179.96409256,22.5344468051548,114.026441201481,-1.97585459092893,1.03751494839993,0.705160781847455,-0.235690364658403,1.27641644630655,1
1886,2206,381222.999608496,1334570022.99961,-2399812.92242115,5383383.74872452,2429179.51107492,22.5344427998819,114.026428901716,-2.08896365822101,1.07579189375388,0.703498540925751,-0.191655637667762,1.29960389319248,1
1887,2206,381223.999610414,1334570023.99961,-2399811.77342561,5383384.55574423,2429179.25103453,22.5344396990105,114.026415505986,-1.93990539504971,1.09254978073507,0.65667926662254,-0.0887824503671525,1.27780084758516,1
1888,2206,381224.999612322,1334570024.99961,-2399810.7203988,5383384.99876258,2429178.78601533,22.5344359037891,114.026404403035,-2.14039129976916,1.02869809990654,0.612201726805555,-0.040008106738325,1.19775263876136,1
1889,2206,381225.999614229,1334570025.99961,-2399809.58041469,5383385.57374397,2429178.2590392,22.5344312971945,114.026392005713,-2.28599635365666,1.07505618581041,0.66360432687132,-0.102130956995467,1.26749644483461,1
1890,2206,381226.999616149,1334570026.99962,-2399808.38438057,5383385.79773751,2429177.6150759,22.5344269032501,114.026380499932,-2.79361516562988,0.991647883793865,0.683316489470334,-0.198279037089122,1.22049232966205,1
1891,2206,381227.999618083,1334570027.99962,-2399807.21439643,5383386.35570546,2429176.90913122,22.5344208999465,114.026367903587,-3.03344231268565,1.03816702808008,0.771001504451201,-0.344055914993255,1.33813623024732,1
1892,2206,381228.99961997,1334570028.99962,-2399805.94639627,5383386.94571741,2429176.4271076,22.5344168011664,114.026354310158,-3.19728185085942,1.04300360258723,0.74341254729584,-0.283326943708554,1.31178995556379,1
1893,2206,381229.999621774,1334570029.99962,-2399804.62141818,5383387.58670613,2429175.77511255,22.5344112038238,114.026340009077,-3.40468311498209,1.10591596127409,0.776815228462675,-0.297972631655509,1.38393630698382,1
1894,2206,381230.999623817,1334570030.99962,-2399803.45437669,5383388.12772333,2429175.14711609,22.5344059001075,114.026327505949,-3.6278299110804,1.00149752181186,0.735226989461398,-0.3089705167892,1.28024169299111,1
1895,2206,381231.999625845,1334570031.99963,-2399802.10842178,5383388.72172837,2429174.8090623,22.5344030993826,114.02631320458,-3.76244144891529,1.12757619513079,0.725838960266015,-0.166660972305402,1.35131275127391,1
1896,2206,381232.999627653,1334570032.99963,-2399800.8294085,5383389.33871187,2429174.25111229,22.534398297566,114.026299406618,-3.93676536648659,1.09728673352712,0.773675059585207,-0.301908589912674,1.37613955326553,1
1897,2206,381233.999629555,1334570033.99963,-2399799.3184822,5383390.37169478,2429174.01609614,22.534395201142,114.02628190307,-3.7235968642318,1.30200042252604,0.824192133781281,-0.259477474546082,1.56263442091928,1
1898,2206,381234.999631459,1334570034.99963,-2399798.1134223,5383391.07872719,2429173.60109011,22.5343912027588,114.026268405312,-3.73935947811348,1.14586959970723,0.740183149887103,-0.244679063347844,1.38591344569233,1
1899,2206,381235.999633371,1334570035.99963,-2399796.91741961,5383391.73172656,2429173.0590928,22.534386303186,114.02625520183,-3.84596703594221,1.14456678439948,0.745712460421814,-0.253425230714262,1.38936839792097,1
1900,2206,381236.99963529,1334570036.99964,-2399795.81338576,5383392.41274389,2429172.66309017,22.5343824031848,114.026242704019,-3.83840037882248,1.05774122951772,0.702202526323867,-0.247405581069772,1.29348924160263,1
1901,2206,381237.999637205,1334570037.99964,-2399794.75440726,5383393.32274449,2429172.21707657,22.5343772987595,114.026229699944,-3.63987985060214,1.12250780027285,0.704515254981434,-0.21130165958451,1.34201859060078,1
1902,2206,381238.999639156,1334570038.99964,-2399793.52341506,5383394.02172218,2429171.63912159,22.5343720032326,114.026216003824,-3.73463678585161,1.15035204650744,0.769855220431197,-0.337271758288482,1.42468913460728,1
1903,2206,381239.999641044,1334570039.99964,-2399792.40939341,5383394.83173022,2429171.09812636,22.534366500203,114.026202906802,-3.6775722208229,1.09597531676984,0.751622778097934,-0.352238491076982,1.37483477193465,1
1904,2206,381240.999642563,1334570040.99964,-2399791.60131966,5383395.47075683,2429170.48414614,22.5343604977709,114.026193202935,-3.67766478850089,0.894150845929598,0.680236721234906,-0.409096001929204,1.19565349118693,1
1905,2206,381241.999644877,1334570041.99964,-2399790.44439608,5383396.20976151,2429170.24506496,22.5343577978616,114.026180006027,-3.58092907083552,1.11546053965181,0.67164724328861,-0.182889417621792,1.31484249019247,1
1906,2206,381242.999645493,1334570042.99965,-2399789.4943366,5383396.70675912,2429169.56612345,22.534351902604,114.02616960365,-3.77913213877295,0.94942231430798,0.679285970201132,-0.348632468062077,1.21835001457096,1
1907,2206,381243.999646428,1334570043.99965,-2399788.4973491,5383397.2737784,2429169.25307338,22.5343489039993,114.026158507474,-3.79568784827057,0.987369730196356,0.626673883786504,-0.207610117036494,1.18773780836681,1
1908,2206,381244.999650895,1334570044.99965,-2399787.36837366,5383398.05274747,2429168.71012097,22.5343435038233,114.026145400536,-3.77118072773003,1.07041871875769,0.723468593311425,-0.346767905497654,1.3377036365571,1
1909,2206,381245.999654757,1334570045.99965,-2399786.37433092,5383398.52576136,2429167.93012706,22.5343369034812,114.026134702571,-4.0448839817547,0.958508554074099,0.690993651020969,-0.368460090282646,1.23772925638671,1
1910,2206,381246.999655586,1334570046.99966,-2399785.38730758,5383399.19176282,2429167.2961512,22.5343309011488,114.026123303102,-4.09717855497451,0.893124111229047,0.688617052245277,-0.439233629067339,1.21028521580878,1
1911,2206,381247.999656406,1334570047.99966,-2399784.26729688,5383399.43376298,2429166.47915122,22.5343248998549,114.026112401036,-4.62732470155584,0.864286751130099,0.689380551516098,-0.440502584447283,1.19007548495564,1
1912,2206,381248.999658311,1334570048.99966,-2399783.11532368,5383400.10875244,2429165.89314993,22.5343195016854,114.026099501451,-4.71568274151351,0.947522467764906,0.724481342043837,-0.438944884247445,1.27096209750564,1
1913,2206,381249.999659893,1334570049.99966,-2399781.99831245,5383400.53376946,2429165.36212044,22.5343153029104,114.026087901652,-4.98070828425865,0.918869007281712,0.677561037038445,-0.354285732442021,1.19537759376168,1
1914,2206,381250.99966118,1334570050.99966,-2399780.7893441,5383401.28275398,2429165.02212262,22.5343118030455,114.02607420316,-4.93379802166081,1.01580530845088,0.726154159067109,-0.361872654642224,1.30004311681777,1
1915,2206,381251.999662244,1334570051.99966,-2399779.49733151,5383401.44178298,2429164.660056,22.5343101009268,114.026062102326,-5.42427662235829,0.981802582102086,0.642001785905842,-0.165930514876172,1.1847512562119,1
1916,2206,381252.999663139,1334570052.99966,-2399778.36532293,5383401.85779359,2429164.39904016,22.5343082039063,114.026050405015,-5.59906030074195,0.958816242947248,0.612526000539796,-0.119354879571267,1.14401148436291,1
1917,2206,381253.999663908,1334570053.99966,-2399777.25631264,5383402.37578002,2429164.06008118,22.5343053020245,114.026038508289,-5.70903612131571,0.930381873508629,0.654392926078988,-0.241683515462714,1.16286347173779,1
1918,2206,381254.99966459,1334570054.99966,-2399776.16627043,5383402.53380753,2429163.75605551,22.5343038025943,114.026028204655,-6.10216134624229,0.806496132368006,0.573401081066751,-0.165598262982404,1.00331829246549,1
1919,2206,381255.999665229,1334570055.99967,-2399775.11823911,5383402.50782102,2429163.41304901,22.5343025004874,114.026019002331,-6.64966538095696,0.714549164567277,0.534066185878709,-0.146601481483912,0.90404601312992,1
1920,2206,381256.999665885,1334570056.99967,-2399774.30919234,5383402.58783899,2429163.09105539,22.5343007018308,114.026011502328,-7.0098144223587,0.575861441742838,0.481469857074204,-0.165942185256322,0.768743411161902,1
1921,2206,381257.999666633,1334570057.99967,-2399773.76712662,5383402.91287299,2429162.81105196,22.5342981027406,114.026005403028,-7.04676700550296,0.379933651118172,0.380909016944366,-0.155992496501394,0.560156154483948,1
1922,2206,381258.999667585,1334570058.99967,-2399773.29509521,5383403.09188531,2429162.51105865,22.5342956997982,114.026000503481,-7.18823057005521,0.286563288506844,0.344838072060241,-0.176557298570182,0.481875807589965,1
1923,2206,381259.999668892,1334570059.99967,-2399772.77909253,5383403.34987806,2429162.42608442,22.5342949026158,114.025994900929,-7.19719707287288,0.279674427533368,0.368164561401324,-0.254816561134975,0.52791515370995,1
1924,2206,381260.999670753,1334570060.99967,-2399772.27910446,5383403.54084369,2429161.83814309,22.5342900995349,114.025989705853,-7.44944207047263,0.317465821487942,0.474497377835999,-0.434800074529447,0.717623448750851,1
1925,2206,381261.999673388,1334570061.99967,-2399771.97207711,5383403.88883848,2429160.97118211,22.534282200927,114.025985602518,-7.60357771165293,0.236131344158229,0.494395891370297,-0.557911314989938,0.781952904267005,1
1926,2206,381262.999676989,1334570062.99968,-2399772.17191386,5383403.78288156,2429159.79023617,22.5342724041087,114.025987796179,-8.07039519492642,-0.266789425881849,0.366177829267544,-0.731648447581829,0.860565076713178,1
1927,2206,381263.999681601,1334570063.99968,-2399772.21891292,5383403.73586953,2429158.68926095,22.5342633033534,114.025988399539,-8.5143143182672,-0.273290168581095,0.409331044888167,-0.819860046509965,0.956247832110298,1
1928,2206,381264.999687011,1334570064.99969,-2399772.35290312,5383403.9108887,2429157.86722676,22.5342557048198,114.025988896494,-8.63130742400778,-0.309390835737957,0.355431146921387,-0.72456783239896,0.864322007811794,1
1929,2206,381265.999692726,1334570065.99969,-2399772.51990001,5383404.10890015,2429157.04720743,22.5342480039066,114.025989595506,-8.7157186737969,-0.3252744450842,0.324812980027587,-0.675187112854201,0.816813671521007,1
1930,2206,381266.999698133,1334570066.9997,-2399772.63689897,5383404.11889862,2429156.2312076,22.5342410012635,114.025990594734,-8.97600459955506,-0.334482595176593,0.335553088232277,-0.687826545219042,0.835212450701167,1
1931,2206,381267.999702743,1334570067.9997,-2399772.82088236,5383404.5308893,2429155.69924738,22.5342350027187,114.025990597658,-8.76311462883255,-0.395566944991823,0.372453646742362,-0.831992822439968,0.993683542951916,1
1932,2206,381268.999706344,1334570068.99971,-2399772.80289259,5383404.6918642,2429155.08629111,22.5342294066249,114.025989800812,-8.86898379253025,-0.365413593738007,0.462220749375435,-0.991051303624057,1.15297779772928,1
1933,2206,381269.999708983,1334570069.99971,-2399773.10387125,5383404.96187054,2429154.05229907,22.5342195046264,114.025991404462,-8.92427382230198,-0.442319157561934,0.444683811846449,-1.0276792992642,1.20395791944766,1
1934,2206,381270.999710849,1334570070.99971,-2399773.41686758,5383405.2348847,2429153.2732729,22.5342117028348,114.025993102909,-8.87479490525925,-0.457844753920636,0.398621964897592,-0.943643834786576,1.12204499754786,1
1935,2206,381271.999712164,1334570071.99971,-2399773.72285632,5383405.16289402,2429152.32625743,22.534203600265,114.025996104629,-9.18338579921192,-0.499028202266875,0.36782216611982,-0.894409104614067,1.08825086214683,1
1936,2206,381272.999713124,1334570072.99971,-2399773.87289552,5383405.45089585,2429151.79021581,22.5341980074259,114.025996296905,-9.08942505957517,-0.363969863276839,0.36298458540448,-0.752033916111127,0.91092638648601,1
1937,2206,381273.999713881,1334570073.99971,-2399774.08191236,5383405.41291095,2429151.09116207,22.5341920022313,114.025998303047,-9.31076778803288,-0.306193837480328,0.310921817649505,-0.566503041841131,0.715089322544153,1
1938,2206,381274.999714545,1334570074.99971,-2399774.15394567,5383405.37289425,2429150.12916281,22.534184003269,114.025999100992,-9.6861091360129,-0.19020477082763,0.370129537783026,-0.570680935700847,0.706293465888976,1
1939,2206,381275.999715194,1334570075.99972,-2399774.3029105,5383405.12590632,2429149.46116734,22.5341790023845,114.02600140116,-10.0944531214912,-0.314155760272247,0.328429893468611,-0.587635713008261,0.742883414701637,1
1940,2206,381276.999715885,1334570076.99972,-2399774.43688321,5383404.84589365,2429148.58622016,22.5341724008454,114.026003698925,-10.6156066389142,-0.410844690947697,0.373784563286794,-0.775040587831594,0.953517788306936,1
1941,2206,381277.999716663,1334570077.99972,-2399774.52489887,5383404.71587471,2429147.65324308,22.5341649059211,114.026004994992,-11.0497432577698,-0.356680736875664,0.441711489071978,-0.857998012133505,1.02882980927916,1
1942,2206,381278.999717568,1334570078.99972,-2399774.62488978,5383404.33187903,2429146.93623784,22.5341599983238,114.026007402596,-11.6108700781116,-0.390024478259281,0.427608748758504,-0.841988553838776,1.02172063718599,1
1943,2206,381279.999718643,1334570079.99972,-2399774.77688397,5383404.36987303,2429145.8012564,22.5341501972726,114.026008601733,-11.956621104172,-0.412195947533059,0.450925587266497,-0.911516812535,1.09731594536318,1
1944,2206,381280.999719942,1334570080.99972,-2399775.28380813,5383404.16891771,2429145.32023007,22.5341461059918,114.02601389793,-12.1198611744644,-0.685039543293483,0.293373891782927,-0.821197905146032,1.10892444092095,1
1945,2206,381281.999721538,1334570081.99972,-2399775.7827834,5383404.22691276,2429143.99926536,22.5341342015327,114.026018098652,-12.3895257970395,-0.777633513889395,0.313075052118994,-0.953283953132312,1.26944088695884,1
1946,2206,381282.99972346,1334570082.99972,-2399776.5117629,5383404.31992182,2429142.92326924,22.5341239055735,114.026024202935,-12.4492743691215,-0.85728680429201,0.282527257293544,-0.973707079956636,1.32773031654952,1
1947,2206,381283.999725354,1334570083.99973,-2399776.97974915,5383404.18291205,2429141.65529895,22.5341131031918,114.026028900323,-12.8747944204032,-0.912990506011706,0.319864814663731,-1.08866299212094,1.45638328545101,1
1948,2206,381284.999727287,1334570084.99973,-2399777.40578747,5383404.4318928,2429140.45430877,22.5341016985119,114.026031697556,-12.9647883938252,-0.778976562957772,0.392978080626748,-1.13230430142964,1.42945769035906,1
1949,2206,381285.999729196,1334570085.99973,-2399777.75084098,5383404.34689131,2429139.58125496,22.5340941989211,114.026035097615,-13.2413181364351,-0.586972284878354,0.400961232233523,-0.94138612304376,1.1796246036892,1
1950,2206,381286.999731115,1334570086.99973,-2399778.35080316,5383404.30188803,2429138.51529254,22.5340846046847,114.026040602627,-13.4621705231828,-0.731988510575237,0.416043977049474,-1.08798377397944,1.37572107016497,1
1951,2206,381287.999733006,1334570087.99973,-2399779.02683255,5383404.83388928,2429137.75126791,22.5340755978518,114.026044499293,-13.0519272684585,-0.627168945701462,0.414801286628758,-1.00321398710479,1.25373015348752,1
1952,2206,381288.999734946,1334570088.99973,-2399779.66483177,5383405.12890386,2429136.96424187,22.5340672018442,114.026048996268,-12.8647289628608,-0.634714221608056,0.362664007108738,-0.912405441415408,1.16913259072191,1
1953,2206,381289.999736854,1334570089.99974,-2399780.39781175,5383405.65990601,2429136.05426449,22.534056900544,114.026053402535,-12.4898448281624,-0.71540921399303,0.357293638132784,-1.00505491081313,1.28436928531707,1
1954,2206,381290.999737598,1334570090.99974,-2399780.840864,5383406.22588171,2429135.09727055,22.5340465050565,114.026055096195,-12.2125062894468,-0.518180834622207,0.45089430450357,-1.03098466149927,1.23884882994266,1
1955,2206,381291.999741864,1334570091.99974,-2399780.7669561,5383406.56386715,2429134.3012144,22.5340389010132,114.026053102277,-12.2602413228111,-0.169789475079467,0.514526868824136,-0.830498167769569,0.991611603027285,1
1956,2206,381292.999742619,1334570092.99974,-2399780.93695992,5383407.17286709,2429133.59021565,22.5340308060969,114.026052201334,-11.9550171991848,-0.155722580329801,0.516456168687079,-0.837763977921752,0.996406031145328,1
1957,2206,381293.999744527,1334570093.99974,-2399781.39985636,5383407.50489178,2429132.54726525,22.5340204051876,114.026054997138,-11.9005241169904,-0.56227912579055,0.423518095450041,-1.03834124986822,1.25446320936539,1
1958,2206,381294.999745091,1334570094.99975,-2399781.69086153,5383407.6779078,2429131.61822259,22.534011699186,114.026056896108,-12.0011644269916,-0.543021157276699,0.361547666416668,-0.873213583477351,1.08999571316167,1
1959,2206,381295.999750904,1334570095.99975,-2399782.21686188,5383408.2509134,2429130.83321947,22.5340025991662,114.026059298415,-11.6207879850556,-0.554480742635454,0.34780341569023,-0.880982935791368,1.09751858438704,1
1960,2206,381296.999750266,1334570096.99975,-2399782.74784476,5383408.85993811,2429130.29119066,22.5339954049058,114.0260616024,-11.1150354922927,-0.62156086038751,0.248070931435178,-0.763251493301777,1.01510094681079,1
1961,2206,381297.99975132,1334570097.99975,-2399782.80187476,5383409.48793073,2429129.5431793,22.5339871046517,114.026059596589,-10.8515862804958,-0.503244405534303,0.27883589755509,-0.721016124726948,0.922425412476907,1
1962,2206,381298.999752069,1334570098.99975,-2399782.69191534,5383410.27590965,2429128.75618743,22.5339782046336,114.026055501556,-10.5297776311662,-0.341097868350927,0.364744510556599,-0.756002234693103,0.906049497894947,1
1963,2206,381299.999752657,1334570099.99975,-2399782.78988583,5383411.05093441,2429128.08316529,22.5339700031949,114.026053303943,-10.0970249823776,-0.461358178597222,0.2655356269335,-0.66822432711737,0.85433265738878,1
1964,2206,381300.999753281,1334570100.99975,-2399782.94188755,5383411.44392636,2429127.23818043,22.5339614988579,114.026053098101,-10.0321477196709,-0.45555041936989,0.298559314130978,-0.73142571680318,0.911947053201823,1
1965,2206,381301.999754299,1334570101.99975,-2399783.34587012,5383411.92095657,2429126.79213768,22.5339557013831,114.026054796908,-9.64872470553171,-0.528553960695205,0.176964412431368,-0.560235689399482,0.790284581850538,1
1966,2206,381302.999756374,1334570102.99976,-2399783.74985922,5383411.840963,2429126.09913075,22.5339496046755,114.026058700412,-9.82986413074222,-0.577750302203463,0.151691722673456,-0.536778676558077,0.803079783104564,1
1967,2206,381303.999760297,1334570103.99976,-2399784.5408086,5383411.92200984,2429125.84308478,22.5339460983567,114.026065402239,-9.56216538296998,-0.798537017008357,-0.041018808062851,-0.353587983501629,0.874281632098176,1
1968,2206,381304.999765901,1334570104.99977,-2399785.44275773,5383411.49603382,2429125.33108341,22.5339419033678,114.02607509634,-9.77855162605432,-1.03485717387694,-0.144697494482404,-0.356423853721798,1.10404017079813,1
1969,2206,381305.999771288,1334570105.99977,-2399786.26777999,5383411.07204907,2429125.22502919,22.5339411964536,114.02608409955,-9.86661610489372,-0.961839923385291,-0.214714779384982,-0.127544280140832,0.993733373748113,1
1970,2206,381306.999774836,1334570106.99977,-2399787.12775592,5383410.42506079,2429124.95802422,22.5339398026963,114.026094295728,-10.1913486791928,-1.08387157752487,-0.270233409180134,-0.107652906730676,1.12222673303167,1
1971,2206,381307.999776678,1334570107.99978,-2399788.01975741,5383410.05106951,2429124.99100758,22.533940003084,114.026103695758,-10.1587648096893,-1.08616256708209,-0.311301663829259,-0.0338838173479076,1.13040079666961,1
1972,2206,381308.999777623,1334570108.99978,-2399788.9367444,5383409.30307,2429124.70601802,22.5339386982705,114.026114797913,-10.5541651034435,-1.14926996817876,-0.315068679300755,-0.081179746404585,1.19443705721995,1
1973,2206,381309.999778264,1334570109.99978,-2399790.0987265,5383408.55009449,2429124.7729795,22.5339399995758,114.026128095002,-10.7267498105015,-1.23340612077777,-0.426376968123168,0.0924886986600584,1.30829741920475,1
1974,2206,381310.999778919,1334570110.99978,-2399790.95775242,5383407.57008966,2429124.91795813,22.5339430961064,114.026139600796,-11.1748959916311,-1.11968068675098,-0.405923960117022,0.189393706367989,1.20595566987018,1
1975,2206,381311.999779769,1334570111.99978,-2399791.74078182,5383406.7750893,2429125.24092804,22.5339471995551,114.026149699611,-11.427335309268,-0.990536324578872,-0.405721386205103,0.326775154751265,1.11917561414513,1
1976,2206,381312.999780976,1334570112.99978,-2399792.6527698,5383406.21909684,2429125.54392477,22.5339501992246,114.026159997441,-11.4372979647446,-1.05092977687704,-0.442210999744589,0.343456683716965,1.19078396773377,1
1977,2206,381313.999783502,1334570113.99978,-2399793.62376691,5383405.51610563,2429125.88490759,22.5339538972319,114.026171401003,-11.5345235961945,-1.07656216100221,-0.488066729122831,0.426781900569684,1.25671715562105,1
1978,2206,381314.999784825,1334570114.99978,-2399794.59677251,5383405.0710916,2429126.18093572,22.5339564020092,114.026181801348,-11.4305852255841,-1.05716902577076,-0.425678956885257,0.298725305042809,1.17815352618279,1
1979,2206,381315.999786719,1334570115.99979,-2399795.73375073,5383404.38910977,2429126.50991843,22.5339596996397,114.026194595453,-11.4522647795187,-1.16876139560962,-0.514816530025152,0.382420440575078,1.3331483986504,1
1980,2206,381316.99978738,1334570116.99979,-2399796.72076734,5383403.89909112,2429126.65894621,22.5339611008078,114.026205298323,-11.4373590479886,-1.09416221788813,-0.428583872688431,0.252885205362657,1.20200916056152,1
1981,2206,381317.999790561,1334570117.99979,-2399797.65977405,5383403.17609085,2429126.83093934,22.533963497603,114.026216497049,-11.628256636399,-1.07876306112089,-0.433948690672496,0.289572126402606,1.1982876218023,1
1982,2206,381318.999793747,1334570118.99979,-2399798.55279161,5383402.6280791,2429126.98995078,22.5339652978013,114.026226594862,-11.6937991439486,-1.01026053154736,-0.38360165081441,0.238558115535288,1.10665556637901,1
1983,2206,381319.999794403,1334570119.99979,-2399799.28682635,5383402.00006138,2429127.18795385,22.5339679001294,114.026235597774,-11.871682448508,-0.84450142117297,-0.298734675051038,0.224470056393128,0.923478133286408,1
1984,2206,381320.999796294,1334570120.9998,-2399799.98284396,5383401.28805424,2429127.28795096,22.5339700040451,114.026244595567,-12.1722773226235,-0.765960582343576,-0.266512825130296,0.240654504842873,0.845954662120973,1
1985,2206,381321.999796972,1334570121.9998,-2399800.62584753,5383400.60806339,2429127.68992702,22.5339746002457,114.026252995949,-12.3500715007069,-0.750910938446009,-0.312443699350753,0.359530685964158,0.889241596469547,1
1986,2206,381322.999801541,1334570122.9998,-2399801.53481675,5383399.96907736,2429127.94892831,22.5339774995328,114.026263595464,-12.4480434766488,-0.923412611760618,-0.389957071374074,0.361156966950623,1.06545376429491,1
1987,2206,381323.999802053,1334570123.9998,-2399802.78976989,5383399.22209791,2429128.36993028,22.5339816039005,114.026277694295,-12.4449233439077,-1.1626046168069,-0.494775626831827,0.352276769642533,1.31169788379692,1
1988,2206,381324.999803544,1334570124.9998,-2399804.31575892,5383398.7781174,2429128.95092165,22.5339857030791,114.026293000321,-12.0229435233509,-1.22733734346405,-0.59753183810751,0.398918387681978,1.42215932027474,1
1989,2206,381325.999805864,1334570125.99981,-2399806.07074084,5383398.24313253,2429129.69191331,22.5339911017973,114.026310699691,-11.5303022642038,-1.3351844739948,-0.68260424355961,0.446713085905272,1.56467846985934,1
1990,2206,381326.999806871,1334570126.99981,-2399807.72976714,5383397.79610905,2429130.24591981,22.5339947980542,114.026327198954,-11.0711986750115,-1.20597947761288,-0.564570962990246,0.415263690868082,1.39483719681853,1
1991,2206,381327.999807533,1334570127.99981,-2399809.04675805,5383397.28909496,2429130.34797617,22.533995396196,114.026340898831,-10.9645354189986,-1.25712169730682,-0.493357970249172,0.123771081757755,1.35612548435883,1
1992,2206,381328.999808151,1334570128.99981,-2399810.45578654,5383397.26609885,2429131.03295713,22.5339991968585,114.026353500167,-10.1915341453634,-1.11277644238454,-0.514961647930801,0.223750490627712,1.24640330215454,1
1993,2206,381329.999809339,1334570129.99981,-2399811.91878107,5383396.96211768,2429131.83692976,22.5340048021389,114.026367692769,-9.5896822357034,-1.14846972260397,-0.617076472706763,0.368698714962732,1.35488184699679,1
1994,2206,381330.999812336,1334570130.99981,-2399813.3737951,5383396.8391156,2429132.65893318,22.534009997002,114.026381098209,-8.83124267842515,-1.09205537133707,-0.615709024526354,0.35631339289298,1.30331951988154,1
1995,2206,381331.999817703,1334570131.99982,-2399814.69378192,5383396.18610363,2429133.05394972,22.5340134959581,114.026395402533,-8.73434731788439,-1.19637938361359,-0.568493458692622,0.275841994602684,1.35299565708775,1
1996,2206,381332.999822684,1334570132.99982,-2399816.29881772,5383396.30011331,2429134.09993149,22.5340195984469,114.026409201885,-7.63370336729216,-1.02825503547592,-0.638635657378177,0.38675886921381,1.27072669908678,1
1997,2206,381333.999825206,1334570133.99983,-2399817.91480481,5383396.11111428,2429134.79295166,22.5340236992515,114.026424297758,-6.91983241019029,-1.11698393343474,-0.65356545751739,0.276766677305548,1.32340496767921,1
1998,2206,381334.999826241,1334570134.99983,-2399819.42181527,5383396.25711992,2429135.85794197,22.5340299972716,114.02643710013,-5.82177504594253,-1.06336629739957,-0.689712741210688,0.334386906384884,1.31082651445387,1
1999,2206,381335.999826891,1334570135.99983,-2399820.78379946,5383395.52311608,2429136.61395385,22.5340367040822,114.026452097893,-5.63906585827223,-1.15858256968924,-0.670616633562789,0.266850308166871,1.36500891094805,1
2000,2206,381336.99982767,1334570136.99983,-2399822.21881062,5383395.13012079,2429137.29395219,22.5340415960806,114.026466394343,-5.17034044762158,-1.0990756452238,-0.700769670633041,0.277632577028694,1.33271349247722,1
2001,2206,381337.999828883,1334570137.99983,-2399823.51982255,5383394.66311975,2429137.97293276,22.5340469023251,114.026479793968,-4.81483124715278,-1.03711036831387,-0.699673908372474,0.393120508456803,1.31136769378031,1
2002,2206,381338.999830804,1334570138.99983,-2399824.90782337,5383394.44011536,2429138.79394571,22.5340524994301,114.026493000209,-4.16633459529372,-1.04408459277934,-0.681568697262647,0.321088055209026,1.28753487920344,1
2003,2206,381339.999832704,1334570139.99983,-2399826.14186818,5383394.32912465,2429139.59594471,22.5340578008116,114.02650439618,-3.4885256813164,-0.788131293695399,-0.744757440696007,0.330708577518416,1.13365900729377,1
2004,2206,381340.999834612,1334570140.99983,-2399827.58582322,5383394.03211937,2429140.11095199,22.5340610006102,114.026518392109,-2.99868574537634,-1.06908876494779,-0.721560960507079,0.290392245948382,1.32209253215213,1
2005,2206,381341.999835278,1334570141.99984,-2399828.84283458,5383393.71710227,2429140.53996462,22.5340638034832,114.026530799518,-2.62730124416579,-1.00437407658076,-0.620690330001792,0.214885845993847,1.20008320472944,1
2006,2206,381342.999837209,1334570142.99984,-2399830.14983444,5383393.11110724,2429140.75897989,22.534065704095,114.026544802437,-2.56307085632987,-1.01716751812112,-0.658732923527664,0.123575497505017,1.21812549765761,1
2007,2206,381343.999843537,1334570143.99984,-2399831.26186017,5383392.57511367,2429141.47391797,22.5340717946203,114.026556797183,-2.32305611643277,-0.893771394489108,-0.726386636381468,0.524446222840885,1.26550728633725,1
2008,2206,381344.999842304,1334570144.99984,-2399832.31686888,5383391.83406882,2429142.04297266,22.534077396828,114.026569097281,-2.33337710074458,-0.831589205660593,-0.436481199760138,0.173507585626379,0.955071372717851,1
2009,2206,381345.9998432,1334570145.99984,-2399833.27389849,5383391.98610769,2429142.87396219,22.5340824989361,114.026576992658,-1.52673674971065,-0.647519655584496,-0.686480347906056,0.241429408372055,0.974076553283347,1
2010,2206,381346.999843819,1334570146.99984,-2399834.07885855,5383390.65810199,2429143.84994654,22.5340937029575,114.026589395834,-1.97031911036704,-0.905692152735438,-0.653356133699795,0.342581835242315,1.16812449114283,1
2011,2206,381347.999844303,1334570147.99984,-2399835.04986356,5383390.18208896,2429144.54096074,22.5340996030481,114.026599901105,-1.74190491810492,-0.876329340781745,-0.5713339174896,0.252321891195011,1.07612355032552,1
2012,2206,381348.999844897,1334570148.99984,-2399836.18084902,5383390.0151093,2429145.36394385,22.5341054016345,114.026610603642,-1.14204329210281,-0.973497142476794,-0.704450442621577,0.362218760749731,1.25504961780771,1
2013,2206,381349.999846154,1334570149.99985,-2399837.26184622,5383389.58610165,2429146.28294672,22.5341128997888,114.026621899449,-0.745235595088656,-0.999607913994647,-0.660635700493719,0.346587868701598,1.24730856696275,1
2014,2206,381350.999849243,1334570150.99985,-2399838.15486876,5383389.19008548,2429146.85894019,22.5341176975207,114.026631395714,-0.52274050416701,-0.870520850788592,-0.566883129606399,0.396807190253345,1.11203371375458,1
2015,2206,381351.999855399,1334570151.99986,-2399839.23787566,5383389.21806344,2429146.98102793,22.5341171013667,114.026640900625,-0.0450575705201269,-0.859970863327125,-0.43848526293631,-0.193128935305917,0.984437909284442,1
2016,2206,381352.999862873,1334570152.99986,-2399840.23887021,5383388.81004297,2429146.92301989,22.5341164967529,114.026651403049,-0.0350542619052088,-0.94649520499613,-0.313372338078406,-0.14498681817389,1.00751008570514,1
2017,2206,381353.999867437,1334570153.99987,-2399841.32887695,5383387.87007726,2429147.42296282,22.5341221019478,114.026664801211,-0.226511027473083,-0.928332428045098,-0.582962029403717,0.280595462962591,1.13153861556811,1
2018,2206,381354.999868636,1334570154.99987,-2399842.37785179,5383386.71109666,2429148.38296319,22.534132294536,114.026678701926,-0.441854909077774,-1.12822980588381,-0.735991480523483,0.280469519519869,1.3759538893682,1
2019,2206,381355.999868359,1334570155.99987,-2399843.28385127,5383385.18208797,2429148.98797368,22.5341408972681,114.026692797781,-1.15917598362374,-1.12976166037029,-0.668613285879407,0.200062052919241,1.32794200186429,1
2020,2206,381356.999867759,1334570156.99987,-2399844.22087579,5383384.32708124,2429149.55398171,22.5341470005229,114.026704501408,-1.31117283957979,-0.939241921570195,-0.614404102343072,0.138436606596539,1.13085475736579,1
2021,2206,381357.999867228,1334570157.99987,-2399845.01188882,5383383.24807116,2429150.15397883,22.5341543010692,114.026715795255,-1.69402925241903,-0.837350977925237,-0.536173882865749,0.159655719424085,1.00703974183967,1
2022,2206,381358.999867625,1334570158.99987,-2399846.25085771,5383382.53908041,2429150.69394121,22.5341593000729,114.026729601815,-1.61927064650139,-1.07502638912169,-0.607461398461684,0.444173407698924,1.31224277633216,1
2023,2206,381359.999867919,1334570159.99987,-2399847.47885317,5383381.96006966,2429150.93396042,22.5341614018877,114.026742796486,-1.55393303353989,-1.11168480339488,-0.527399909165811,0.299650715486422,1.26640606346414,1
2024,2206,381360.999868157,1334570160.99987,-2399848.53787077,5383381.55607374,2429151.52295757,22.5341660993953,114.026753798152,-1.27075713628495,-0.980194175595082,-0.55926724146095,0.321923292828256,1.17353955012486,1
2025,2206,381361.999868415,1334570161.99987,-2399849.65184541,5383380.49208113,2429151.8949361,22.5341709955078,114.02676790003,-1.60686945996161,-1.17484720433594,-0.61670558887404,0.48561892053671,1.41294638003984,1
2026,2206,381362.999868837,1334570162.99987,-2399850.887833,5383379.55107316,2429152.02295976,22.5341732961469,114.026782598448,-1.88683451683552,-1.27325503439871,-0.557955532330202,0.306722186399692,1.42357692391713,1
2027,2206,381363.99986968,1334570163.99987,-2399851.94686165,5383378.94606956,2429152.51291974,22.5341778029397,114.026794395803,-1.811182486976,-1.06160650467358,-0.533800165193939,0.615834634758301,1.33835842900705,1
2028,2206,381364.999871352,1334570164.99987,-2399853.48882474,5383378.11010642,2429152.95996322,22.534182001308,114.026811395106,-1.76519889280073,-1.36243905550788,-0.827283882375078,0.285878675084108,1.61937192110973,1
2029,2206,381365.999874384,1334570165.99987,-2399854.6658466,5383377.31306744,2429153.25195721,22.5341852976224,114.026825000161,-1.88304415911376,-1.22118505935908,-0.536913335518209,0.340659352940013,1.37681432074359,1
2030,2206,381366.999879149,1334570166.99988,-2399856.10585798,5383377.18406937,2429153.64997809,22.5341869961149,114.026838296093,-1.29777792551629,-1.1752224908975,-0.573827946225166,0.181341408095373,1.32034507658806,1
2031,2206,381367.999885328,1334570167.99989,-2399856.830889,5383376.28404248,2429153.45601249,22.5341872015161,114.026848295709,-1.85872572206412,-0.96790508973017,-0.370593350588896,-0.108978172208161,1.04214007515502,1
2032,2206,381368.999891707,1334570168.99989,-2399857.95788198,5383375.73003767,2429153.37602048,22.5341866974191,114.026860494644,-1.93291408797504,-1.0898790645791,-0.347899751654428,-0.189058348541624,1.15957478058222,1
2033,2206,381369.999896953,1334570169.9999,-2399859.05687995,5383374.68302912,2429152.91400994,22.5341846047192,114.02687439634,-2.57994150159522,-1.16495936788612,-0.282791687330515,-0.0966076596815103,1.20267805632181,1
2034,2206,381370.999900526,1334570170.9999,-2399859.9568895,5383373.66904115,2429153.42495093,22.5341908033341,114.026886400593,-2.90107833755967,-1.11076101141486,-0.413869268943097,0.493401403289991,1.28394810682652,1
2035,2206,381371.999902666,1334570171.9999,-2399860.96090394,5383373.19302597,2429153.5579914,22.5341920028901,114.026897198963,-2.87408045136758,-0.986891151310988,-0.266829629833254,0.0883261651088684,1.0261353260344,1
2036,2206,381372.999903877,1334570172.9999,-2399861.99590603,5383372.76202672,2429153.65299352,22.534192699216,114.026908094287,-2.8120298128341,-0.977570072921005,-0.278013573469194,0.0674117601800158,1.01856719950844,1
2037,2206,381373.999904588,1334570173.9999,-2399863.64689502,5383372.59803262,2429153.8459906,22.5341925009475,114.026923401926,-2.25551305848107,-1.10043131085216,-0.341849104194404,0.0985496774251314,1.15651282693402,1
2038,2206,381374.999905084,1334570174.99991,-2399864.55391365,5383372.00702194,2429154.15897379,22.5341957015506,114.026933794259,-2.29304487758197,-0.909691178983335,-0.231282156650358,0.276201389344764,0.978425615251823,1
2039,2206,381375.999905532,1334570175.99991,-2399865.75492155,5383371.84602008,2429154.32499037,22.534195902848,114.026945094831,-1.91357168954759,-0.830579354518138,-0.212571143133636,0.101942164813686,0.863389112748017,1
2040,2206,381376.999906032,1334570176.99991,-2399866.22894554,5383371.29200085,2429154.39899203,22.5341976033349,114.026951496346,-2.17432286781572,-0.579502734377068,-0.00913868607828142,0.0848038816548028,0.58574621900398,1
2041,2206,381377.99990665,1334570177.99991,-2399866.47795961,5383370.76300019,2429154.58798809,22.5342005009596,114.026955801055,-2.45451957861272,-0.432576538925299,-0.00222300459031333,0.127627893580503,0.451016943138277,1
2042,2206,381378.99990744,1334570178.99991,-2399867.0999541,5383370.59301345,2429154.98799393,22.534203498226,114.026961996335,-2.21070817732598,-0.495884702815124,-0.145328290568601,0.0656862915829525,0.520899836271385,1
2043,2206,381379.99990633,1334570179.99991,-2399868.23592662,5383370.79003049,2429155.0270095,22.5342016002012,114.026971302428,-1.60233220889536,-0.783546766406916,-0.325343220618837,-0.101446187094642,0.854450159591192,1
2044,2206,381380.99990523,1334570180.99991,-2399869.55489579,5383370.54204067,2429155.09598304,22.5342011008087,114.026983994634,-1.28907049997156,-1.09968862211168,-0.429136072783463,0.178984533826517,1.19394652221739,1
2045,2206,381381.999908894,1334570181.99991,-2399870.73289653,5383370.02504738,2429155.35097513,22.5342032019069,114.026996499956,-1.18447188215088,-1.13568153980479,-0.52006730707336,0.273026412062365,1.27858749619397,1
2046,2206,381382.999919694,1334570182.99992,-2399871.95890629,5383369.49004382,2429155.61897999,22.5342054008212,114.027009502819,-1.07202461801856,-1.16696916213647,-0.545659449219236,0.249117211542505,1.31210542449395,1
2047,2206,381383.999922229,1334570183.99992,-2399873.20691452,5383369.20904549,2429156.08297947,22.5342084006256,114.027021695635,-0.66190803668882,-1.09911841487955,-0.584808274283649,0.263994895318659,1.27269608011979,1
2048,2206,381384.999921545,1334570184.99992,-2399874.68590963,5383369.03904971,2429156.43598557,22.5342097982925,114.027035499945,-0.113814076588186,-1.15191612488373,-0.633537368050232,0.184000733915128,1.32745494295078,1
2049,2206,381385.999920843,1334570185.99992,-2399876.07190583,5383368.63505238,2429156.84098474,22.5342125003249,114.027049404738,0.221822347451072,-1.18973819248159,-0.66162209956204,0.192820299917953,1.37491833842548,1
2050,2206,381386.999921295,1334570186.99992,-2399877.58389971,5383368.41505725,2429157.2409855,22.5342144015101,114.027063699928,0.758156745584385,-1.2742868474353,-0.727334331302475,0.18431860073478,1.47878177755024,1
2051,2206,381387.999921581,1334570187.99992,-2399878.75790572,5383367.84005447,2429157.4489857,22.5342162996371,114.027076399384,0.794307856340689,-1.20229366897887,-0.694636104848916,0.18238250911633,1.40046162541424,1
2052,2206,381388.999921818,1334570188.99992,-2399879.93690833,5383367.07405263,2429157.8489849,22.534220395893,114.027089899188,0.744788647000518,-1.17248038002496,-0.673250356479501,0.193150612515925,1.36575380034563,1
2053,2206,381389.999922273,1334570189.99992,-2399880.96491436,5383366.34804937,2429158.50298387,22.5342266970739,114.027101900034,0.769567947232926,-1.10178863218303,-0.635243900645798,0.207638086533311,1.28863748909251,1
2054,2206,381390.999923634,1334570190.99992,-2399881.88991572,5383365.41604894,2429159.33697957,22.5342352958675,114.027113801688,0.650807352309727,-1.10365689857448,-0.640893584307958,0.267625911800755,1.30400412761821,1
2055,2206,381391.999927347,1334570191.99993,-2399882.9969224,5383364.74104702,2429159.85597568,22.5342401984712,114.027126302087,0.696585844640947,-1.06805921779125,-0.647154271964136,0.334785451133749,1.29291934888497,1
2056,2206,381392.999934721,1334570192.99993,-2399884.23592824,5383364.10904103,2429160.20998265,22.5342434030093,114.027139804278,0.765049648896251,-1.09936567577698,-0.628595129019484,0.265830307185116,1.29398704689101,1
2057,2206,381393.999943064,1334570193.99994,-2399885.12294403,5383363.39803148,2429160.55798564,22.5342473031833,114.027150493982,0.632186695987182,-0.983049507551905,-0.552854731148591,0.252187806722553,1.15569605775522,1
2058,2206,381394.999947505,1334570194.99995,-2399886.35194316,5383362.82003083,2429161.04998696,22.5342515021117,114.027163693571,0.795331998629902,-1.08277884609788,-0.587207562065837,0.248450042251303,1.25656284124553,1
2059,2206,381395.999948222,1334570195.99995,-2399887.78994162,5383362.38002954,2429161.26999091,22.5342527016318,114.027178202577,1.04925837891207,-1.1274888782191,-0.570475439022087,0.175637617582905,1.27574369281035,1
2060,2206,381396.999947505,1334570196.99995,-2399888.71394249,5383361.29603229,2429161.61498126,22.534257703532,114.027190696971,0.61449179920009,-1.09546911939772,-0.615124625958953,0.356957654258314,1.30608179833759,1
2061,2206,381397.999946557,1334570197.99995,-2399889.58994775,5383360.20403126,2429162.36797703,22.5342662014934,114.027202796911,0.311285367012337,-0.977560460027909,-0.584931127607093,0.429776722446805,1.21757008349039,1
2062,2206,381398.999945742,1334570198.99995,-2399890.29295434,5383359.17702683,2429162.88897713,22.5342728027314,114.027213103602,-0.0910593715768009,-0.841578526509263,-0.494520939767713,0.421502253668731,1.06323540478958,1
2063,2206,381399.999946396,1334570199.99995,-2399891.10595576,5383358.45102267,2429162.9669822,22.5342746025683,114.027223195516,-0.367879034307052,-0.825351232906083,-0.422906394660523,0.332060851301549,0.985047656345348,1
2064,2206,381400.999946937,1334570200.99995,-2399891.89496031,5383357.76801953,2429163.06898266,22.5342765004407,114.027232904172,-0.608251006335068,-0.747933759212325,-0.368189645287551,0.326744758738451,0.895394136919324,1
2065,2206,381401.99994739,1334570201.99995,-2399893.20995688,5383357.61202305,2429163.29198004,22.5342770005378,114.02724519698,-0.159843184708642,-0.819760168940014,-0.438112976907982,0.379440538631168,1.00395459930838,1
2066,2206,381402.999947777,1334570202.99995,-2399894.3879553,5383357.29802479,2429163.57597934,22.5342787019182,114.027256898816,0.127127126661174,-0.855971908838984,-0.47467297085527,0.395555819931028,1.05568307017936,1
2067,2206,381403.999948136,1334570203.99995,-2399895.52694831,5383356.77102532,2429163.71198525,22.5342798971373,114.027269097413,0.163020339624774,-0.996664178640886,-0.48813424743402,0.28431011143356,1.14562069113963,1
2068,2206,381404.999948517,1334570204.99995,-2399896.61394951,5383356.35402204,2429163.84599202,22.5342808012575,114.02728039902,0.271389099850285,-0.98066916182298,-0.428145684591467,0.154968073646496,1.08121960583158,1
2069,2206,381405.999948992,1334570205.99995,-2399897.82694661,5383355.89102242,2429164.03099506,22.5342820985772,114.027293001354,0.407883441691463,-1.04679332196729,-0.439533593521335,0.0969072397058693,1.13945471689598,1
2070,2206,381406.999949677,1334570206.99995,-2399899.23194862,5383355.8610228,2429164.24499446,22.5342819985269,114.027305594575,0.992986956333755,-1.02111436597364,-0.452918512342996,0.110183770157229,1.12247502886559,1
2071,2206,381407.999950741,1334570207.99995,-2399900.59195215,5383355.80302453,2429164.6329882,22.5342835016531,114.02731789909,1.60422827464036,-0.971503634287398,-0.49788535554547,0.239607052102885,1.11764067486724,1
2072,2206,381408.999952421,1334570208.99995,-2399901.73995624,5383355.6740229,2429164.98198918,22.5342852027113,114.027328602379,2.06089695616752,-0.91977639308989,-0.481207597294047,0.227438770221122,1.06267481346772,1
2073,2206,381409.999955013,1334570209.99995,-2399903.15595824,5383355.81802355,2429165.64698784,22.5342882988982,114.027340604549,2.96976702989506,-0.928394579275762,-0.5233623282265,0.270337305668929,1.09950301512621,1
2074,2206,381410.999958816,1334570210.99996,-2399904.52695932,5383355.66102395,2429166.19098677,22.5342914006782,114.027353398557,3.56141272538169,-0.987919907816317,-0.581405300834036,0.321175224028813,1.19045007985538,1
2075,2206,381411.99996399,1334570211.99996,-2399905.5429667,5383355.03402136,2429167.37198613,22.5343018014659,114.027364901029,3.86717002060208,-0.924651818186805,-0.593078371272642,0.385269841472524,1.164111588335,1
2076,2206,381412.999970352,1334570212.99997,-2399906.77696813,5383354.29001975,2429168.0179882,22.5343078025382,114.02737880208,3.95117925934985,-1.07501867513213,-0.665986998252948,0.398069240596441,1.32576881620961,1
2077,2206,381413.999977272,1334570213.99998,-2399907.87797865,5383353.85401345,2429168.49399189,22.5343115995337,114.02739030328,4.17985329516172,-0.939546688569855,-0.591562944188955,0.35678883025052,1.16618736330472,1
2078,2206,381414.999983849,1334570214.99998,-2399909.96098534,5383354.53500908,2429168.55199563,22.5343069955563,114.027406102035,5.55997106262982,-0.907938149729934,-0.561892084642966,0.270576074245181,1.10149253763853,1
2079,2206,381415.999989316,1334570215.99999,-2399911.38398816,5383354.03900699,2429168.88099701,22.5343093023297,114.027420699545,5.80279235291185,-1.10851574842087,-0.654647629854139,0.28022252483995,1.31753381254463,1
2080,2206,381416.999993336,1334570216.99999,-2399912.49499367,5383353.77800417,2429169.34099752,22.5343123985895,114.027431596801,6.17672899227454,-0.950408387751952,-0.626124867238824,0.372588929903432,1.19755207133998,1
2081,2206,381417.999995992,1334570218.0,-2399913.43699668,5383353.54000259,2429170.10499793,22.5343181959189,114.027440902509,6.62301444557896,-0.827221484601216,-0.647031493375792,0.516002542253268,1.17012980545655,1
2082,2206,381418.999997586,1334570219.0,-2399914.53499764,5383352.28900171,2429171.01599869,22.5343282015171,114.027455602821,6.32972211620229,-0.976543735280236,-0.70750754209992,0.544300223313674,1.3230522749093,1
2083,2206,381419.999998455,1334570220.0,-2399915.36499873,5383351.77700095,2429171.56099925,22.5343331960988,114.027464998628,6.41880670520789,-0.821904443251184,-0.612298637193255,0.483874644359128,1.13338925634507,1
2084,2206,381420.999998874,1334570221.0,-2399916.40299925,5383351.52900059,2429171.7389995,22.534334001997,114.027475196236,6.66818422167027,-0.66812036472764,-0.527471852353474,0.440234777809559,0.958341294311182,1
2085,2206,381421.999999044,1334570222.0,-2399917.41299947,5383351.31700041,2429171.88899969,22.5343345000129,114.027485002747,6.92667102138755,-0.551240206933122,-0.431083226596249,0.327097986273781,0.772458158489291,1
2086,2206,381422.999999095,1334570223.0,-2399918.20799953,5383350.87800051,2429172.61199941,22.534340797836,114.027493798848,7.13239325227624,-0.516174883222503,-0.558857373818989,0.650603740892281,1.00102112964945,1
2087,2206,381423.99999911,1334570224.0,-2399919.71999985,5383351.96900017,2429172.24999986,22.5343321992957,114.027502904993,8.48269029922399,-0.168626485228573,-0.196445958758169,0.152161902122178,0.300298436043876,1
2088,2206,381424.99999914,1334570225.0,-2399920.5289998,5383352.44600004,2429171.47700023,22.5343231040628,114.027508199758,8.89310765279754,-0.23794506588325,-0.0458634316342687,-0.263008816516743,0.357624029261169,1
2089,2206,381425.999999214,1334570226.0,-2399921.27899969,5383352.15799996,2429170.31900046,22.5343132988066,114.027515998642,8.48842373161587,-0.390848157980466,0.0515228123576226,-0.585696365767672,0.706014954277472,1
2090,2206,381426.99999935,1334570227.0,-2399921.83599969,5383351.73899989,2429168.51600057,22.5342987997161,114.027522602472,7.65345396039955,-0.477642378227308,0.174994327074197,-0.869611041223289,1.00746643567131,1
2091,2206,381427.999999146,1334570228.0,-2399922.39499969,5383352.03299981,2429167.21100073,22.534286197856,114.027526401921,7.61158670585218,-0.364464335746598,0.223203338497207,-0.854221696031306,0.955169455289536,1
2092,2206,381428.999998882,1334570229.0,-2399922.90999956,5383351.49499974,2429165.21200093,22.5342704992748,114.027533103864,6.58531754859697,-0.390711365857111,0.228042358581326,-0.830634458006849,0.945839463939624,1
2093,2206,381429.999998594,1334570230.0,-2399923.06999947,5383350.43999953,2429162.20200136,22.5342485024667,114.027538700256,4.60193684831814,-0.37800314572114,0.337068692540993,-0.966862584800733,1.09147832756951,1
2094,2206,381430.999998353,1334570231.0,-2399923.30399953,5383349.95499934,2429159.51600157,22.5342273021172,114.027542697537,3.25141715739896,-0.285088196354945,0.401257976692135,-0.951739438709811,1.07149017856238,1
2095,2206,381431.999998295,1334570232.0,-2399924.0999994,5383349.64299942,2429157.57800146,22.5342110019826,114.027550999832,2.54486541601887,-0.353931930222368,0.342005756547253,-0.857540268803971,0.988742161214327,1
2096,2206,381432.99999866,1334570233.0,-2399924.73099965,5383350.14999956,2429156.28200101,22.5341977004495,114.027554595459,2.71321829568429,-0.258930754287644,0.327849456032503,-0.756610262777027,0.86428553793078,1
2097,2206,381433.99999983,1334570234.0,-2399925.07399997,5383350.89299994,2429154.91900014,22.5341834999371,114.027554699934,2.94667486550978,-0.169311550107237,0.377332428643216,-0.798466108667226,0.899218710545819,1
2098,2206,381435.000002309,1334570235.0,-2399926.26600061,5383351.64600074,2429153.78699815,22.5341699982011,114.027562302752,3.59639438380453,-0.264269461662896,0.320178109648311,-0.799753728405337,0.90108734114058,1
2099,2206,381436.000006543,1334570236.00001,-2399926.70900106,5383352.160002,2429152.97799554,22.5341610014572,114.027564201492,3.88658424463793,-0.162275934740565,0.305049290423108,-0.681992669067944,0.764527664146945,1
2100,2206,381437.000012529,1334570237.00001,-2399927.24500353,5383352.85600423,2429151.85798916,22.5341487043308,114.027566205576,4.24610309309613,-0.281788465423541,0.337277711297307,-0.865057395219979,0.970301649389754,1
2101,2206,381438.000019491,1334570238.00002,-2399928.10100855,5383353.03400515,2429150.47498343,22.5341353999607,114.027573101142,4.18818686930851,-0.438672329391371,0.264160257652563,-0.850049436432004,0.992369940433046,1
2102,2206,381439.000026159,1334570239.00003,-2399929.66301505,5383353.55800472,2429149.33097867,22.5341220005721,114.027584895497,4.7792739143838,-0.575288469540353,0.180437560696091,-0.815407361209655,1.01410241159901,1
2103,2206,381440.000031543,1334570240.00003,-2399930.31401451,5383354.51100945,2429148.20696932,22.5341086956668,114.02758690334,5.39732041019679,-0.459888764753296,0.299763813192288,-0.972670716763951,1.11689047936492,1
2104,2206,381441.000035361,1334570241.00004,-2399930.89901215,5383355.44401458,2429146.88596041,22.5340939038315,114.02758840434,5.89817592196229,-0.343726178567127,0.412247010992052,-1.11953575260578,1.24155369810042,1
2105,2206,381442.000037856,1334570242.00004,-2399931.59801094,5383355.69901412,2429145.85296322,22.53408349671,114.027593601138,5.98030512016625,-0.28909662470401,0.373158239674067,-0.971554291322454,1.08015816954693,1
2106,2206,381443.000039433,1334570243.00004,-2399932.71801269,5383356.77101402,2429144.78196079,22.5340695969265,114.027599302054,6.89543975342029,-0.321938893853102,0.355570174947384,-0.994339478822092,1.1039863223028,1
2107,2206,381444.000040456,1334570244.00004,-2399934.12601621,5383356.77201389,2429143.28195859,22.5340550983417,114.027611799164,6.85096892860954,-0.400693154534443,0.343481893388611,-1.02352142409787,1.15157757913391,1
2108,2206,381445.000041183,1334570245.00004,-2399935.37701624,5383357.86001356,2429142.10695808,22.5340400959599,114.027618599822,7.78901386988832,-0.394418304398322,0.32927235810662,-1.01796847970195,1.14028325881082,1
2109,2206,381446.000041785,1334570246.00004,-2399936.50802678,5383357.94701061,2429140.88095449,22.534028001265,114.027628297236,7.81792370256814,-0.640954195218938,0.254004028121648,-1.08927756109611,1.28913379126384,1
2110,2206,381447.000042371,1334570247.00004,-2399936.94102268,5383357.93101373,2429139.47295192,22.5340156976718,114.027632204939,7.42768232671142,-0.53527127880594,0.324085268368556,-1.13474589491187,1.29583750875926,1
2111,2206,381448.000043014,1334570248.00004,-2399936.9920173,5383357.94501334,2429137.8929588,22.5340024029936,114.027632602286,6.85316767078658,-0.402119461971166,0.309997698482575,-0.957955396954514,1.08419425257412,1
2112,2206,381449.000043768,1334570249.00004,-2399937.05001283,5383357.03900888,2429136.26397539,22.5339915978112,114.027636703284,5.48638054688773,-0.293163980676921,0.202864206171406,-0.562296371092061,0.665789917808308,1
2113,2206,381450.000044682,1334570250.00004,-2399937.78500649,5383356.84500797,2429135.21198413,22.5339824007584,114.027643996858,5.19598595148165,-0.145371433863994,0.178203897526732,-0.355179004749879,0.423133085792763,1
2114,2206,381451.000045813,1334570251.00005,-2399938.58900776,5383356.52500886,2429134.26698135,22.5339743971052,114.027652401838,4.86625180906135,-0.169445324331775,0.193328332725424,-0.407055724754044,0.481437353377709,1
2115,2206,381452.000047234,1334570252.00005,-2399938.74801266,5383356.27601563,2429133.1929628,22.5339660017838,114.027654799122,4.30439975117858,-0.268070199068239,0.33092591652285,-0.787656190134989,0.895419380912061,1
2116,2206,381453.000049407,1334570253.00005,-2399939.69102511,5383357.1020153,2429131.92595056,22.5339514940772,114.027659902309,4.87032707958549,-0.508169309443919,0.309710373007272,-1.00074690942038,1.16432424131917,1
2117,2206,381454.00005106,1334570254.00005,-2399940.14402408,5383357.08301676,2429130.62894906,22.5339400976237,114.02766399949,4.52761745208224,-0.471580231905956,0.328224651229255,-0.997725494102431,1.15133639670645,1
2118,2206,381455.000052173,1334570255.00005,-2399940.7280272,5383357.05301719,2429129.40994581,22.5339292019169,114.027669303344,4.25478821440677,-0.521341168065486,0.329452648069498,-1.03872535316064,1.20800911426139,1
2119,2206,381456.000052942,1334570256.00005,-2399941.2790286,5383357.28001852,2429128.00594192,22.5339159973016,114.027673296945,4.11546016726918,-0.540179999498234,0.349777339963527,-1.09708950396504,1.2719056565328,1
2120,2206,381457.00005354,1334570257.00005,-2399941.47103005,5383357.22902178,2429126.47293444,22.533903101257,114.027675203495,3.55715375918182,-0.56117824320022,0.406699451847766,-1.22453945868029,1.40706160157953,1
2121,2206,381458.0000542,1334570258.00005,-2399941.68902309,5383357.31401946,2429125.25894667,22.5338923996463,114.027676802529,3.24560803070921,-0.426080463741864,0.358938129934233,-0.9840566790926,1.13081770872671,1
2122,2206,381459.00005539,1334570259.00006,-2399942.10202664,5383357.53401907,2429124.04494432,22.5338809964018,114.02767959862,3.1212886543785,-0.480974442327526,0.344245131320489,-1.00520826763697,1.16631247354037,1
2123,2206,381460.000057996,1334570260.00006,-2399943.0010235,5383357.90801726,2429123.15195073,22.5338710990783,114.027686100087,3.43268330548164,-0.405254530866481,0.297500670182215,-0.849501923823144,0.987112659287633,1
2124,2206,381461.000062868,1334570261.00006,-2399943.20501843,5383357.83602236,2429122.07994583,22.5338620976841,114.027688196234,3.03784400893018,-0.293211091111312,0.355676293869126,-0.861575533858274,0.977133957302853,1
2125,2206,381462.00006898,1334570262.00007,-2399943.58701406,5383358.56502037,2429121.31795289,22.5338528994518,114.027688702335,3.50448675476019,-0.203824376738376,0.295285165326531,-0.683041806688968,0.771546379098258,1
2126,2206,381463.000073591,1334570263.00007,-2399943.55799297,5383359.03203268,2429120.49494554,22.5338445995665,114.027686596173,3.57215156952381,0.095576113691839,0.444098353664419,-0.739941877478928,0.868258097159435,1
2127,2206,381464.000075846,1334570264.00008,-2399943.13895144,5383359.8850455,2429119.96795583,22.5338380982465,114.02767949935,3.93221263998693,0.640175845091562,0.599924094307262,-0.582382017099715,1.05304456003068,1
2128,2206,381465.000076709,1334570265.00008,-2399942.64794526,5383360.72903771,2429119.59397813,22.5338330031068,114.027671799291,4.31623729057769,0.713599404580481,0.491731481109475,-0.28514692331685,0.912322710234049,1
2129,2206,381466.00007708,1334570266.00008,-2399942.15494538,5383361.64503802,2429119.16197555,22.5338271991914,114.027663796515,4.73802278844447,0.708668548918484,0.493399235218056,-0.317212641211478,0.919933572212882,1
2130,2206,381467.000077394,1334570267.00008,-2399941.19492403,5383362.67404532,2429118.76598028,22.533821996503,114.027651199966,5.09329969035393,0.981569708981221,0.585810061549771,-0.254751720784825,1.17113234138813,1
2131,2206,381468.000077838,1334570268.00008,-2399940.50592006,5383364.18704606,2429118.47997807,22.5338157995474,114.027639093959,6.00096217100367,1.02701607686724,0.591846576664205,-0.281759897100141,1.21837310872606,1
2132,2206,381469.000077189,1334570269.00008,-2399939.57492451,5383365.00404338,2429117.96098003,22.533810200127,114.027627594284,6.14116236818609,0.977943713892185,0.562235975781389,-0.258653854478925,1.15731802735501,1
2133,2206,381470.000076961,1334570270.00008,-2399938.67692244,5383366.47504283,2429117.82698021,22.5338056982716,114.027613798928,6.99304186066382,1.00777733010835,0.556423859582028,-0.257140203793946,1.17955234856265,1
2134,2206,381471.000080563,1334570271.00008,-2399937.51191661,5383366.76704109,2429117.47699328,22.5338034977302,114.027602299591,6.66710461867277,1.03523831952219,0.509988948173304,-0.0835535012657602,1.15706019421628,1
2135,2206,381472.000087743,1334570272.00009,-2399936.06190841,5383367.330048,2429117.00198714,22.533799799404,114.027587197158,6.414698089742,1.04397470853678,0.546926392498333,-0.1466296907762,1.18764975354387,1
2136,2206,381473.000090824,1334570273.00009,-2399934.33990445,5383367.33304824,2429116.63999653,22.5337991970798,114.027571896362,5.63087578620848,1.0522316912451,0.531123504148185,-0.0383508993520417,1.17930254820393,1
2137,2206,381474.000091617,1334570274.00009,-2399932.52789896,5383367.66406002,2429116.05197919,22.5337957995205,114.027554498173,5.00330208905293,1.1030453100425,0.655088134740848,-0.227200775767161,1.30286976048806,1
2138,2206,381475.000092204,1334570275.00009,-2399930.95190899,5383368.06905878,2429115.56797336,22.5337927030797,114.027538902612,4.56676879514796,0.98729326584368,0.637379688172941,-0.289026493087584,1.21018063667463,1
2139,2206,381476.000093231,1334570276.00009,-2399929.25390372,5383368.35306225,2429115.02897372,22.5337897023146,114.027522702641,3.96119819043208,1.03278768929576,0.667480223490455,-0.28194007061488,1.26161422920403,1
2140,2206,381477.000095116,1334570277.0001,-2399927.81390141,5383368.43205751,2429114.74299225,22.5337890963924,114.027509604808,3.37667492798861,1.03647418782634,0.604753051889296,-0.0815588885448405,1.20277048853901,1
2141,2206,381478.000097007,1334570278.0001,-2399927.13891525,5383369.2940529,2429114.28498932,22.5337835027416,114.02750020003,3.67449641224614,0.873440133453185,0.545549467578453,-0.110185226975711,1.03569429492758,1
2142,2206,381479.000098931,1334570279.0001,-2399926.95993479,5383370.73704229,2429113.82999001,22.5337753988042,114.027492899442,4.65014908481561,0.659156811819229,0.427525243792622,-0.101063458426499,0.792135947471617,1
2143,2206,381480.000100887,1334570280.0001,-2399926.15192583,5383371.37504228,2429113.57599999,22.5337724022609,114.027483200212,4.78715919617275,0.735258106574348,0.419132474350436,-0.00022407915116694,0.846331238079914,1
2144,2206,381481.000102808,1334570281.0001,-2399925.10291389,5383372.05405606,2429113.22398098,22.5337687980259,114.027471198884,4.8305636486323,0.83760075494406,0.545370861792614,-0.18500568542096,1.01647995809724,1
2145,2206,381482.000104702,1334570282.0001,-2399924.23390239,5383372.93405697,2429113.06298843,22.5337658982045,114.027460000177,5.18442775997062,0.932322382606946,0.544230949707708,-0.110462100852529,1.08517935266683,1
2146,2206,381483.000106622,1334570283.00011,-2399923.16088469,5383373.81306291,2429112.99899189,22.5337640980288,114.027446994127,5.49789998778731,1.08155529024091,0.589983886450056,-0.0760634672600868,1.23435346767871,1
2147,2206,381484.000107808,1334570284.00011,-2399921.85887815,5383374.20006506,2429112.8299966,22.5337632998676,114.02743390238,5.26994999203062,1.13034228481954,0.603527484439344,-0.03154143431023,1.28176205568861,1
2148,2206,381485.00010856,1334570285.00011,-2399920.52788499,5383374.82806488,2429112.74698986,22.5337624980246,114.027419599382,5.26736240572967,1.05943210752096,0.597677719912328,-0.0935659628955048,1.21998755597689,1
2149,2206,381486.000109218,1334570286.00011,-2399919.5428965,5383375.47406395,2429112.14198156,22.5337567977595,114.02740829717,5.21004223721748,0.94767311260833,0.585438010051325,-0.168975746445112,1.12666534288594,1
2150,2206,381487.000110435,1334570287.00011,-2399918.58290379,5383375.71906329,2429111.64097903,22.5337531972624,114.027398804076,4.86368937559837,0.871307706979615,0.573114362539429,-0.189979936788777,1.06006111577273,1
2151,2206,381488.000113585,1334570288.00011,-2399917.47188854,5383376.48707636,2429111.24096386,22.5337489987474,114.027385899985,4.94046514695011,0.981158994063607,0.672455399385582,-0.318219973668445,1.23131360239229,1
2152,2206,381489.000119162,1334570289.00012,-2399916.85490423,5383377.62906992,2429110.83795871,22.5337428970722,114.027375901941,5.51739154527547,0.803763218167532,0.58676816726066,-0.346622095061672,1.05379270721257,1
2153,2206,381490.000123806,1334570290.00012,-2399915.9728994,5383378.17807779,2429110.24994748,22.5337375000329,114.027365897979,5.42349320769029,0.812564223184983,0.628245114642947,-0.424230172401603,1.11127124503824,1
2154,2206,381491.000125775,1334570291.00013,-2399915.10689617,5383378.53406676,2429109.8789759,22.5337345008528,114.027356800072,5.25595389925856,0.825628113497331,0.530764172670145,-0.191637843039381,1.00004872464904,1
2155,2206,381492.000126475,1334570292.00013,-2399913.86987033,5383378.96807569,2429109.66598237,22.5337330955537,114.027344099204,5.07523883637459,1.02530980837051,0.5984509024736,-0.139711045313543,1.19537561544263,1
2156,2206,381493.000126965,1334570293.00013,-2399912.64086854,5383379.59608493,2429108.70196614,22.5337248015249,114.027330701711,4.77339212109971,1.03549670286844,0.668735867747662,-0.266772127720148,1.26120119354208,1
2157,2206,381494.00012766,1334570294.00013,-2399911.27087323,5383379.6570743,2429108.36198915,22.5337237034756,114.027318296701,4.17931907548401,0.992900121260777,0.582127426587108,-0.0852867855220841,1.15412166922265,1
2158,2206,381495.000126762,1334570295.00013,-2399910.55188422,5383380.47008119,2429107.48096301,22.5337147982601,114.027308695162,4.25715373303945,0.913331559697738,0.640521921096576,-0.291976626476477,1.15312324569134,1
2159,2206,381496.000132645,1334570296.00013,-2399909.69687527,5383381.25508835,2429106.72295798,22.5337071993202,114.027297996785,4.3073573388304,0.940480982083655,0.66590668043236,-0.316846525999769,1.19512673208476,1
2160,2206,381497.000134723,1334570297.00013,-2399908.4128624,5383381.60809038,2429106.2799684,22.5337041978919,114.027285199369,3.95249264401088,1.02133125963236,0.670830051546511,-0.234727540435194,1.24427791035559,1
2161,2206,381498.000135373,1334570298.00014,-2399907.41986946,5383382.23509218,2429105.67795835,22.5336985939497,114.027273901288,3.87728778611038,0.964386146051016,0.680846371784396,-0.307793003871784,1.21997088239823,1
2162,2206,381499.000137267,1334570299.00014,-2399906.34588499,5383382.70609134,2429105.07594653,22.5336935972109,114.027262501586,3.6400156196005,0.837980342243084,0.66540645540289,-0.38955348057683,1.13873996992606,1
2163,2206,381500.000139162,1334570300.00014,-2399905.06586002,5383383.42309584,2429104.72396054,22.5336901986704,114.027248298832,3.62860684385927,1.006001647446,0.688729785279685,-0.283502325845427,1.25170347948515,1
2164,2206,381501.000140974,1334570301.00014,-2399903.74684434,5383384.253094,2429104.55197742,22.533687999309,114.027233302661,3.76684037137414,1.10426940191442,0.666689360772479,-0.160279616305937,1.2998365940282,1
2165,2206,381502.000143001,1334570302.00014,-2399902.49584717,5383384.68309269,2429104.1679791,22.5336852000223,114.027220493619,3.511956934323,1.06879046528552,0.648077419577662,-0.146269202142099,1.25845622885619,1
2166,2206,381503.000145032,1334570303.00014,-2399901.25883918,5383385.16509802,2429103.70997684,22.5336815993775,114.027207602936,3.2778485677766,1.10888690139606,0.675813505541644,-0.15975510189433,1.3083866962567,1
2167,2206,381504.00014683,1334570304.00015,-2399900.16685128,5383385.72309264,2429103.41297726,22.5336788971103,114.027195699057,3.22408702818779,1.0129430146057,0.630853805838411,-0.154765650303968,1.20332143739456,1
2168,2206,381505.000148702,1334570305.00015,-2399899.10187895,5383386.1640794,2429103.54397776,22.5336800965331,114.02718449816,3.24579641529879,0.813937123550585,0.533978608396788,-0.149576620139383,0.984885760183125,1
2169,2206,381506.000150602,1334570306.00015,-2399898.58992295,5383386.63105573,2429103.37098399,22.5336778989676,114.027178104399,3.38091347852503,0.511585387622852,0.370023991787521,-0.106236864519759,0.640252789693715,1
2170,2206,381507.000152564,1334570307.00015,-2399898.20394801,5383386.9020396,2429103.4929925,22.5336786039727,114.02717360492,3.51111921458848,0.340744675841427,0.259543025931391,-0.0492749798167769,0.431158370044982,1
2171,2206,381508.000154497,1334570308.00015,-2399898.0089673,5383387.09903102,2429103.22199285,22.5336759956747,114.027171094065,3.50012212730404,0.211705545393248,0.200805709638418,-0.0463218370596782,0.295445229378009,1
2172,2206,381509.000156376,1334570309.00016,-2399897.68996445,5383387.41804054,2429103.10997298,22.5336745024965,114.027166999116,3.60634471392878,0.227500994835486,0.259266050407223,-0.172674570155476,0.385735783565998,1
2173,2206,381510.0001583,1334570310.00016,-2399896.96091174,5383387.75305436,2429103.23299422,22.5336754969858,114.027159200158,3.66192963650519,0.557667751734816,0.343476842236723,-0.0364190968104537,0.655969521464499,1
2174,2206,381511.000160269,1334570311.00016,-2399896.15488131,5383388.21906676,2429103.38199587,22.5336764025813,114.027150199248,3.80903426055144,0.740566567516654,0.416563633114747,-0.0258100399577059,0.850076619793636,1
2175,2206,381512.000162161,1334570312.00016,-2399895.4759046,5383388.66605761,2429103.2679913,22.533674995555,114.027142401685,3.88708394373003,0.588344739614474,0.355154056593096,-0.0537949363250505,0.689331438221681,1
2176,2206,381513.00016402,1334570313.00016,-2399894.88992802,5383388.81704238,2429102.95100432,22.533672700042,114.027136601436,3.67260402622342,0.438748259779409,0.258589049024511,0.025815303892911,0.509936036822212,1
2177,2206,381514.000165936,1334570314.00017,-2399894.66594154,5383389.57805882,2429101.7629556,22.5336607007969,114.027131600618,3.77508542211599,0.352320596062983,0.354602489185884,-0.267815879169162,0.567096176042611,1
2178,2206,381515.000167886,1334570315.00017,-2399894.23293839,5383390.19906054,2429101.02595514,22.5336532007943,114.027125298211,3.85369323205898,0.367140620821271,0.3604008168332,-0.267025136444909,0.57964075747353,1
2179,2206,381516.000169812,1334570316.00017,-2399893.62295641,5383390.06803983,2429101.13698379,22.5336554005194,114.027120401017,3.55630608402056,0.256659780053828,0.234452056847909,-0.0957093890930983,0.360558312645914,1
2180,2206,381517.00017168,1334570317.00017,-2399893.44298716,5383390.01802098,2429100.53599818,22.533650799431,114.027119001121,3.21611225971892,0.0748462116082998,0.122123492143204,-0.0105955395992812,0.143625792198914,1
2181,2206,381518.000173668,1334570318.00017,-2399893.2119916,5383389.95601145,2429100.61701287,22.5336519966596,114.027117195642,3.10797293706601,0.0483995709134953,0.0658543684758355,0.0739577767894913,0.110222815512968,1
2182,2206,381519.000175576,1334570319.00018,-2399893.09400689,5383389.84100856,2429100.39800458,22.5336506996784,114.02711660329,2.88265213516302,-0.0392508940398755,0.0487406056389858,0.0259288006594527,0.0677390731012929,1
2183,2206,381520.000177489,1334570320.00018,-2399893.11701256,5383389.8180077,2429100.14199984,22.5336486046452,114.027116898587,2.77379247870911,-0.0706669705236871,0.0433444673691149,-0.000968490635143803,0.0829065832646496,1
2184,2206,381521.000179404,1334570321.00018,-2399893.01700512,5383389.74500444,2429100.00101184,22.5336478003416,114.027116299611,2.62056387108784,-0.028488776942665,0.0247140139480886,0.0658373702250138,0.0758745821422483,1
2185,2206,381522.000181319,1334570322.00018,-2399892.97400255,5383389.72500884,2429099.73400355,22.5336456970399,114.027115996953,2.48519808004591,-0.0140657115753369,0.0487629971533841,0.0194080526235593,0.054335500735158,1
2186,2206,381523.00018324,1334570323.00018,-2399892.99600964,5383389.77400543,2429099.42100387,22.5336429004523,114.027115998414,2.41485963389629,-0.0525258128781262,0.0295333040367133,0.0209642663636547,0.063801861493213,1
2187,2206,381524.000185158,1334570324.00019,-2399892.9200046,5383389.65400852,2429099.19500321,22.5336415017803,114.027115798549,2.19843399473884,-0.0246976206584902,0.0458863474929784,0.0172677107290595,0.054897205632523,1
2188,2206,381525.000187076,1334570325.00019,-2399892.68399186,5383389.452013,2429099.11400615,22.5336417972186,114.027114502595,1.90822533761781,0.0435528887669326,0.0694204852081283,0.032659741830126,0.0882197065450075,1
2189,2206,381526.000188986,1334570326.00019,-2399892.56600054,5383389.4160119,2429098.75699981,22.533639099504,114.027113597492,1.69666536830295,-0.0028770555648901,0.0629593429810215,-0.00143364827034629,0.0630413488488978,1
2190,2206,381527.000190899,1334570327.00019,-2399892.56500501,5383389.46400933,2429097.98400389,22.5336325016884,114.027113398677,1.44055075913207,-0.0263266736130675,0.0489513940156382,0.0199983605870636,0.0590700190094219,1
2191,2206,381528.000192802,1334570328.00019,-2399892.74100473,5383389.60600962,2429097.33600332,22.5336263999258,114.027114399264,1.3782055940749,-0.0246511966624436,0.0499742032347297,0.0168467414625749,0.0582143898339868,1
2192,2206,381529.000194729,1334570329.00019,-2399892.97200854,5383389.74600766,2429096.69700467,22.5336203020713,114.027115896134,1.33830725450261,-0.0439289340059421,0.0393620781551991,0.023496888968989,0.0634919540636088,1
2193,2206,381530.000196656,1334570330.0002,-2399893.11600126,5383389.84101008,2429095.90600885,22.5336132012457,114.027116798563,1.16947704537794,-0.00637044388787333,0.0512955652716478,0.0446558800525091,0.068307870667519,1
2194,2206,381531.00019856,1334570331.0002,-2399893.06798588,5383389.98602046,2429095.31700035,22.5336078976712,114.027115798298,1.04803034367194,0.0710686467754046,0.103048754518601,0.00142177922906358,0.125187139189688,1
2195,2206,381532.000200475,1334570332.0002,-2399893.13900555,5383390.04300801,2429094.73901041,22.5336027964954,114.027116203293,0.901315341075207,-0.0277163071796338,0.0401314215551518,0.0515856585318257,0.0709915829227328,1
2196,2206,381533.000202391,1334570333.0002,-2399893.25800662,5383390.33500736,2429094.24700842,22.5335976021039,114.02711610411,1.00385949263733,-0.0327950233288287,0.036458781860003,0.0412367675778792,0.0640720479626313,1
2197,2206,381534.000204318,1334570334.0002,-2399893.4410067,5383390.49401044,2429093.64200079,22.5335917953354,114.027117099552,0.974967377851824,-0.0329372460145962,0.05115507060321,0.00345740392294534,0.0609397822881886,1
2198,2206,381535.000206203,1334570335.00021,-2399893.74101287,5383390.61100958,2429092.95799747,22.5335852975647,114.027119300097,0.924370807095506,-0.0625640467341775,0.0465217356180124,-0.0125807625977948,0.0789734602015807,1
2199,2206,381536.000208139,1334570336.00021,-2399894.00600308,5383390.75101093,2429092.4450039,22.5335802028102,114.027121098705,0.9455457697602,-0.0149803808465471,0.0526746468117058,0.0184241402054929,0.0577795739804059,1
2200,2206,381537.000210054,1334570337.00021,-2399894.34001139,5383391.02100644,2429091.94400364,22.5335746999539,114.027122995574,1.10693956503811,-0.054246518543612,0.0306099523507209,0.0170896137448878,0.0645887672507016,1
2201,2206,381538.000211968,1334570338.00021,-2399894.42500489,5383390.9840073,2429091.60900675,22.5335719029505,114.02712389664,0.97931182869374,-0.0231369613408995,0.0344507990302641,0.0315737732009574,0.0521447954072065,1
2202,2206,381539.000213888,1334570339.00021,-2399894.54200277,5383391.04301297,2429091.21899768,22.5335682985452,114.027124701869,0.923630281822272,-0.0130763008336124,0.0606094046024622,-0.0111771791215624,0.0630033245382463,1
2203,2206,381540.0002158,1334570340.00022,-2399894.75500911,5383391.01600821,2429090.72900227,22.5335639967389,114.02712669995,0.793178387729014,-0.0422920136783836,0.0381215021154834,0.0103383415027598,0.0578683389215646,1
2204,2206,381541.000217698,1334570341.00022,-2399894.91299999,5383391.14300698,2429090.4810113,22.5335613042231,114.02712760002,0.864699063813826,0.000152996905883415,0.032104263681374,0.0516013015141022,0.0607733615371544,1
2205,2206,381542.000219627,1334570342.00022,-2399894.66793031,5383391.32705096,2429090.04098253,22.5335573975646,114.027124695694,0.759166256125063,0.317576617631287,0.232164964638982,-0.0797782650932026,0.401397621384619,1
2206,2206,381543.000221535,1334570343.00022,-2399893.76280783,5383391.84811567,2429089.60595928,22.5335533974634,114.027114597092,0.691635072706449,0.867356755581622,0.521944911563398,-0.184039983938232,1.02888529382433,1
2207,2206,381544.000222205,1334570344.00022,-2399893.05083307,5383392.09509982,2429089.08797134,22.5335492995126,114.02710729819,0.433728956763299,0.751231562801059,0.4493462028896,-0.129127066259714,0.884835956683872,1
2208,2206,381545.00022531,1334570345.00023,-2399892.23879657,5383392.72511531,2429088.7579757,22.533545699903,114.02709759483,0.53336877363368,0.903013779020441,0.511617437428197,-0.107818293695538,1.0434611022155,1
2209,2206,381546.000228482,1334570346.00023,-2399891.1287701,5383393.01412402,2429088.73998531,22.5335462004523,114.027086595456,0.35282638634701,1.00620372146369,0.54278340201192,-0.0646868957926058,1.14509569254028,1
2210,2206,381547.000229179,1334570347.00023,-2399890.09976433,5383393.6101558,2429088.0129247,22.533539702086,114.027075100224,0.190033709380546,1.02836015131532,0.679703523723519,-0.328618397371449,1.27573960198248,1
2211,2206,381548.00023111,1334570348.00023,-2399889.01578107,5383394.11114979,2429087.62392371,22.5335364013165,114.027063493032,0.0559416903087239,0.947445249308632,0.648134533070169,-0.330036791364609,1.19442670643695,1
2212,2206,381549.000233075,1334570349.00023,-2399887.84675368,5383394.79715614,2429087.39893577,22.5335340036154,114.027050398485,0.108800857442754,1.056833580506,0.670063397169085,-0.275691309521598,1.28136172537525,1
2213,2206,381550.000234983,1334570350.00024,-2399886.80575028,5383395.67016013,2429086.97792692,22.5335291994584,114.027037700469,0.292443662133425,1.06277490866335,0.681534795993081,-0.310946047329995,1.30025675502336,1
2214,2206,381551.00023688,1334570351.00024,-2399885.59471525,5383396.44215536,2429086.8019671,22.5335269980942,114.027023892609,0.420836108244406,1.20200366646209,0.655920499756826,-0.1391103782888,1.37637066720313,1
2215,2206,381552.000238795,1334570352.00024,-2399884.53273985,5383397.19215364,2429086.29594757,22.5335219032133,114.027011495253,0.46024363624887,1.08945656055967,0.643370600101277,-0.21960851308973,1.28416090325265,1
2216,2206,381553.000240725,1334570353.00024,-2399883.40473836,5383397.77014851,2429086.03595986,22.5335194971716,114.026999192473,0.423999262957517,1.08684273737573,0.616884756340937,-0.167133518120665,1.26083605249516,1
2217,2206,381554.000242632,1334570354.00024,-2399882.4167528,5383398.30715638,2429085.28193367,22.5335129026427,114.026988295064,0.216507685058142,1.01884205428434,0.644362181329999,-0.273593795427109,1.2361615255309,1
2218,2206,381555.000244531,1334570355.00024,-2399881.3607473,5383398.74214843,2429084.76496003,22.5335087036501,114.026977197515,-0.0117835454090005,1.03343895221254,0.606939118960643,-0.163671011416906,1.20961124418265,1
2219,2206,381556.000246453,1334570356.00025,-2399880.25674089,5383399.24615471,2429084.27695608,22.5335045957871,114.026965400626,-0.188802853853769,1.05124764677634,0.627714391372444,-0.178520754848661,1.23734256853169,1
2220,2206,381557.000248379,1334570357.00025,-2399879.41177101,5383399.80214449,2429083.67394616,22.5334989993577,114.026955697866,-0.268621479358122,0.921896343729279,0.581659741445295,-0.216730510829932,1.11139238692922,1
2221,2206,381558.000250284,1334570358.00025,-2399878.66985283,5383400.23510379,2429083.49695378,22.5334971999845,114.026947397017,-0.250215683337622,0.587927752462938,0.41460050876738,-0.184694664405795,0.742741370226718,1
2222,2206,381559.000252204,1334570359.00025,-2399878.24790909,5383400.47506974,2429083.32497447,22.5334956015747,114.026942700961,-0.272366190131804,0.360302871247715,0.276397767739486,-0.101302051214242,0.4652698041147,1
2223,2206,381560.000254116,1334570360.00025,-2399878.17397466,5383400.53602984,2429083.15499354,22.5334940952686,114.026941803246,-0.313884782298259,0.0996892621143723,0.117270964237365,-0.0255432374243902,0.156022065786183,1
2224,2206,381561.000256022,1334570361.00026,-2399878.15100069,5383400.41001658,2429082.99599747,22.533493199765,114.026942098031,-0.489763781324243,-0.00274967547183907,0.0647102423176061,-0.0101069179958259,0.0655524672867321,1
2225,2206,381562.000257933,1334570362.00026,-2399878.23200047,5383400.38901619,2429082.67799948,22.5334904996057,114.026942900315,-0.598882001959956,-0.00186487673172935,0.0626516490996563,-0.00219520736971862,0.0627178270950699,1
2226,2206,381563.000259856,1334570363.00026,-2399878.3230155,5383400.2890067,2429082.46400455,22.5334889025497,114.02694410424,-0.731031282606937,-0.0595992668633457,0.0257536915849522,0.0172933378249617,0.0671891715533789,1
2227,2206,381564.000261761,1334570364.00026,-2399878.30499512,5383400.30002328,2429082.20098756,22.5334866993099,114.02694390064,-0.829308805527362,0.0189002072057248,0.0888836709486143,-0.0477390187967258,0.102647643467325,1
2228,2206,381565.000263695,1334570365.00026,-2399877.81288798,5383400.41007978,2429081.88397416,22.5334844006596,114.026939095815,-1.04302166149045,0.425019219420388,0.302620191621577,-0.0981571617888301,0.530900316127458,1
2229,2206,381566.000265621,1334570366.00027,-2399877.04881451,5383400.84212029,2429081.57095817,22.533481500842,114.026930601895,-1.08585030440225,0.698493231916862,0.452971971393455,-0.157439235910075,0.847268266197717,1
2230,2206,381567.000267528,1334570367.00027,-2399876.06274934,5383401.4861467,2429081.45696077,22.5334799037822,114.026919297958,-0.957060547693744,0.936938457606185,0.548470595680035,-0.146755175006617,1.09554130413157,1
2231,2206,381568.000269422,1334570368.00027,-2399875.10472044,5383402.19316034,2429081.14295987,22.5334763999088,114.026907993641,-0.841235055721609,1.03776530031938,0.594904811011573,-0.149051765170598,1.20543974607284,1
2232,2206,381569.000271357,1334570369.00027,-2399873.90572227,5383402.53516945,2429080.86594412,22.5334746977691,114.026895994545,-1.10978663416947,1.02353760737933,0.62450927513631,-0.206005666819393,1.21658514014137,1
2233,2206,381570.000273276,1334570370.00027,-2399872.81171538,5383403.21317097,2429080.56694714,22.5334716023427,114.026883597765,-1.06382485519837,1.04150782636523,0.625621893879286,-0.193557533108675,1.23028688731703,1
2234,2206,381571.000275201,1334570371.00028,-2399871.78872236,5383403.8501708,2429080.20393676,22.5334680025185,114.026871993774,-1.05027734531177,1.0089604872123,0.620785974848737,-0.229817681044241,1.20672807949642,1
2235,2206,381572.000277092,1334570372.00028,-2399870.64369999,5383404.66617028,2429079.97195652,22.5334651017737,114.026858597854,-0.881399998433705,1.08276971730385,0.614671867925314,-0.156990907461739,1.25493342889362,1
2236,2206,381573.000277828,1334570373.00028,-2399869.49669874,5383405.48017847,2429079.71493165,22.5334620012146,114.026845192247,-0.72454412887561,1.08437617065696,0.642170352574226,-0.245933166794975,1.28403176118964,1
2237,2206,381574.000282094,1334570374.00028,-2399868.40871994,5383405.84314786,2429079.60898177,22.533461503238,114.026834095887,-0.868103279095021,0.992898137529459,0.524353585343098,-0.0648075124975446,1.12471925725834,1
2238,2206,381575.00028285,1334570375.00028,-2399867.24768634,5383406.64918279,2429079.26193628,22.5334576967936,114.026820597252,-0.757748539708134,1.10896558341305,0.646159339317538,-0.225572317703669,1.30315364692584,1
2239,2206,381576.000284759,1334570376.00028,-2399866.11068287,5383407.20619297,2429078.66992124,22.5334526003262,114.026808297609,-0.942317844295296,1.11383165599317,0.677586549804276,-0.2765239925376,1.3327452903001,1
2240,2206,381577.00028668,1334570377.00029,-2399864.79966918,5383407.77619367,2429078.47293334,22.5334510028869,114.026794401582,-1.02998598070947,1.15401806193361,0.675531743682515,-0.232779317573098,1.35730874699957,1
2241,2206,381578.000288585,1334570378.00029,-2399863.57066748,5383408.40720389,2429077.94091514,22.5334463025786,114.026780992233,-1.16373279936059,1.15227035857637,0.706601423706247,-0.294175595270206,1.38331190701519,1
2242,2206,381579.000290507,1334570379.00029,-2399862.36265387,5383409.20720388,2429077.53592719,22.533442098107,114.026767100371,-1.09834104648934,1.19146464273239,0.701784743144303,-0.250857935641165,1.40535387873151,1
2243,2206,381580.000292433,1334570380.00029,-2399861.20867043,5383409.90320377,2429076.99390688,22.5334370032461,114.026754099852,-1.15288043639227,1.1270527597008,0.696893040298127,-0.318600729237671,1.36286986078493,1
2244,2206,381581.000294342,1334570381.00029,-2399860.02366572,5383410.68320364,2429076.48890883,22.5334319953888,114.026740491439,-1.13403357968893,1.13575250499571,0.691719606491285,-0.309844415968759,1.36543521586178,1
2245,2206,381582.000295096,1334570382.0003,-2399858.82966108,5383411.23720366,2429076.06591026,22.5334283985037,114.026727697621,-1.27780645962464,1.14856679896747,0.690057400302721,-0.304411396622623,1.37406375608873,1
2246,2206,381583.000299373,1334570383.0003,-2399857.62466125,5383411.81821435,2429075.38689012,22.5334225962718,114.026714699275,-1.50104036829002,1.13160728279744,0.715874748717067,-0.367158896208098,1.38845862502117,1
2247,2206,381584.0003001,1334570384.0003,-2399856.40665466,5383412.39620634,2429074.90891584,22.5334184988206,114.026701597394,-1.65466690193015,1.15082309141649,0.687423764553086,-0.28066597933227,1.3695687685415,1
2248,2206,381585.000301976,1334570385.0003,-2399855.17463947,5383412.94221028,2429074.40392555,22.5334142968752,114.026688497744,-1.85090054463263,1.19386337461176,0.696363335593459,-0.24672239762255,1.40395996876224,1
2249,2206,381586.000303911,1334570386.0003,-2399854.03164805,5383413.66220918,2429073.95591344,22.533409894781,114.026675499835,-1.84503188878863,1.15803531745491,0.688378136106695,-0.285090641881601,1.37702103427329,1
2250,2206,381587.00030585,1334570387.00031,-2399852.92064001,5383414.45522157,2429073.34989262,22.5334038988964,114.026662496911,-1.82609093797752,1.17697796089033,0.724504102502617,-0.351269355555236,1.42603417740139,1
2251,2206,381588.000307733,1334570388.00031,-2399851.76462899,5383415.24823487,2429072.77187271,22.5333981999731,114.02664909442,-1.81334292287637,1.2055806314964,0.763168793818566,-0.413730623503458,1.48560569994945,1
2252,2206,381589.000309451,1334570389.00031,-2399850.656661,5383415.94522377,2429072.248865,22.5333931957215,114.026636498547,-1.84245358159398,1.09548297185201,0.723021179025418,-0.436387571650434,1.38321244920221,1
2253,2206,381590.000311595,1334570390.00031,-2399849.57568275,5383416.57822362,2429071.6348459,22.5333875965735,114.026624395571,-1.95027417626893,1.01826602040139,0.717772778127489,-0.494686714069788,1.3404396272873,1
2254,2206,381591.000312182,1334570391.00031,-2399848.44168243,5383417.42022916,2429070.99483241,22.5333811946933,114.026610994599,-1.91167348259133,1.0172354867766,0.734070746642326,-0.536880574327344,1.36450307721299,1
2255,2206,381592.000316668,1334570392.00032,-2399847.42766859,5383418.15222333,2429070.42985822,22.5333755973693,114.026599094361,-1.89200027639001,1.04665878679065,0.705144676480534,-0.447909679967311,1.33915895701121,1
2256,2206,381593.00031735,1334570393.00032,-2399846.24262985,5383418.75323666,2429069.80986877,22.5333701961469,114.026586194076,-2.06822731545037,1.16634562066842,0.745697942255817,-0.413519555049089,1.4447927015129,1
2257,2206,381594.000319229,1334570394.00032,-2399845.12063287,5383419.44421529,2429069.45090877,22.5333665989691,114.026573497437,-2.0448161984354,1.15016172360446,0.674197496322695,-0.285397115125799,1.36340227659143,1
2258,2206,381595.000321155,1334570395.00032,-2399843.87964589,5383419.86918931,2429069.60595583,22.5333682975448,114.026560797164,-2.09358452324149,1.10265093789369,0.589524640465336,-0.137846760266039,1.25792691435928,1
2259,2206,381596.000323087,1334570396.00032,-2399842.69761636,5383420.55321459,2429069.1139311,22.5333636970436,114.026547595041,-2.14960894715361,1.18735109030335,0.664264343943625,-0.213409822387763,1.37716864710572,1
2260,2206,381597.000324987,1334570397.00032,-2399841.60663708,5383421.29020537,2429068.74192708,22.5333598019236,114.026534991684,-2.08071357309188,1.11684841582986,0.632218011395579,-0.224477335450737,1.30285842362312,1
2261,2206,381598.000326901,1334570398.00033,-2399840.30259093,5383422.25523528,2429068.38390391,22.5333556028498,114.026519594023,-1.89420911686972,1.25131267632587,0.719725311524686,-0.294120917877957,1.47319213014341,1
2262,2206,381599.000328806,1334570399.00033,-2399839.1206249,5383422.96322942,2429067.88888553,22.5333509015255,114.026506297599,-1.93113506708804,1.14079688824477,0.69782427643398,-0.347845031851085,1.38180042958202,1
2263,2206,381600.000330732,1334570400.00033,-2399837.99864319,5383423.73220608,2429067.85891399,22.5333498018628,114.026493292389,-1.71583971727755,1.0788412821127,0.623340494498579,-0.259937670589622,1.27279985726895,1
2264,2206,381601.000332658,1334570401.00033,-2399836.94564793,5383424.60420804,2429067.71089552,22.5333472947303,114.026480491916,-1.43292298023824,1.05855580158072,0.625661042183078,-0.313871857670044,1.26905778741673,1
2265,2206,381602.000334551,1334570402.00033,-2399835.64060251,5383425.51623499,2429067.58487416,22.533345199708,114.026465295172,-1.20259968223722,1.18810045329438,0.702956401013983,-0.375808428379345,1.43072092445934,1
2266,2206,381603.000336468,1334570403.00034,-2399834.49860876,5383426.77024469,2429067.49583144,22.5333421024432,114.026450192559,-0.608278911866176,1.16283160506488,0.727440008271852,-0.500729929099184,1.46016326801765,1
2267,2206,381604.000338399,1334570404.00034,-2399833.27459851,5383427.68723399,2429067.26386154,22.5333389938413,114.026435695659,-0.38389490046632,1.18650978797352,0.691793333252796,-0.408869967885496,1.43302412524307,1
2268,2206,381605.000340302,1334570405.00034,-2399832.00457569,5383428.67822082,2429067.18590483,22.5333370007975,114.026420497355,-0.0553671186245095,1.24675982540166,0.64914056762058,-0.279403887371408,1.43312946764924,1
2269,2206,381606.000342094,1334570406.00034,-2399830.85758445,5383429.56621211,2429067.14890545,22.5333355015687,114.026406799052,0.248235676258413,1.21457029568757,0.620195947172117,-0.276074700410778,1.39141699582196,1
2270,2206,381607.000344138,1334570407.00034,-2399829.83762747,5383430.31117285,2429067.22294034,22.5333352015662,114.026394794744,0.521498931354302,1.08261102201367,0.502519863264699,-0.173340117229934,1.20607613118009,1
2271,2206,381608.000345503,1334570408.00035,-2399828.58256188,5383431.08319745,2429067.08794386,22.5333334037711,114.02638059588,0.649070990935785,1.26794505740117,0.571523174999483,-0.162707046791257,1.40028461079349,1
2272,2206,381609.00034796,1334570409.00035,-2399827.46759002,5383431.69020982,2429066.64989125,22.5333294023718,114.02636829396,0.573982298968709,1.17801129922441,0.602691288479019,-0.312527818384594,1.35964004338395,1
2273,2206,381610.000349118,1334570410.00035,-2399826.62271181,5383431.94115277,2429066.37390832,22.5333274976808,114.026359799393,0.362186660652486,0.825582523014423,0.437694214076995,-0.262477441716257,0.970596277941168,1
2274,2206,381611.000349922,1334570411.00035,-2399825.66266906,5383432.4921713,2429066.22891427,22.5333258993549,114.02634909465,0.410431159119283,0.945704081189741,0.49000188531462,-0.244910636403411,1.09290405645433,1
2275,2206,381612.000350547,1334570412.00035,-2399824.74664828,5383433.4181779,2429066.06490776,22.5333228951611,114.026337296593,0.784296420228176,1.0033707600383,0.507521317609442,-0.263263730874149,1.15483269867182,1
2276,2206,381613.000351214,1334570413.00035,-2399823.7056369,5383433.96218591,2429065.67590372,22.5333193978025,114.026325900708,0.702667291136799,1.03375466394882,0.529091079363764,-0.274380410663346,1.19326052698228,1
2277,2206,381614.000352345,1334570414.00035,-2399822.82169581,5383434.23016829,2429065.14889485,22.533315400495,114.026316991876,0.394358459043603,0.863339225312566,0.477567102946644,-0.298605872626788,1.03082026704337,1
2278,2206,381615.000354718,1334570415.00035,-2399821.94168934,5383434.65516475,2429064.71791589,22.5333117023359,114.02630749653,0.256791917947445,0.875992670778552,0.464099793741767,-0.237220825242921,1.01932600169809,1
2279,2206,381616.00035912,1334570416.00036,-2399820.89168917,5383434.77515475,2429064.4179456,22.533310300497,114.02629769906,-0.1518117911537,0.865971388767019,0.429942540483871,-0.151586380580505,0.978639599167284,1
2280,2206,381617.000364875,1334570417.00036,-2399819.64870875,5383434.28613727,2429064.2019829,22.5333117962156,114.026288598581,-1.11457346007969,0.798638372794376,0.375801887990315,-0.0475715836703128,0.883919320464054,1
2281,2206,381618.000369657,1334570418.00037,-2399818.41365473,5383434.34619866,2429063.46492042,22.5333071987723,114.026277395275,-1.81083070484784,0.934033484703354,0.537113160683877,-0.215626963644854,1.09881940526076,1
2282,2206,381619.000372363,1334570419.00037,-2399817.48467668,5383434.61219101,2429062.94192338,22.5333033046701,114.026268094448,-2.13621728780221,0.868458721699208,0.512456948775607,-0.206151529829335,1.02923813031524,1
2283,2206,381620.000373643,1334570420.00037,-2399816.4846854,5383434.66820013,2429062.38590454,22.5332998989041,114.026258994213,-2.6781126250477,0.842331226682999,0.535121302862399,-0.255845414643128,1.03021045442975,1
2284,2206,381621.000374337,1334570421.00037,-2399815.31266335,5383434.76821391,2429061.81790391,22.533296496501,114.026248192413,-3.2521716941194,0.899595855033446,0.570964750210197,-0.256663596296754,1.09596973043964,1
2285,2206,381622.000374926,1334570422.00038,-2399814.17767586,5383434.92321565,2429061.56489053,22.5332954954056,114.026237501791,-3.6452038964373,0.864656396572962,0.574513092918481,-0.2923730492007,1.07850729156933,1
2286,2206,381623.000375654,1334570423.00038,-2399813.26173246,5383434.86618321,2429060.94592333,22.5332918034628,114.02622959519,-4.27497912117881,0.712455835417546,0.487276009640103,-0.204445417299721,0.887033908960729,1
2287,2206,381624.000376689,1334570424.00038,-2399812.30271846,5383434.96318425,2429060.46094191,22.5332888029091,114.026220696532,-4.73965841309501,0.747409707888134,0.4886059712611,-0.154432629102292,0.906204449078062,1
2288,2206,381625.000376119,1334570425.00038,-2399811.64182536,5383434.97116131,2429060.06389098,22.533286397111,114.026214797128,-5.13362951507162,0.464340188385792,0.428155660704766,-0.290535112899326,0.695226389150406,1
2289,2206,381626.0003819,1334570426.00038,-2399811.24391183,5383434.75916295,2429059.10081891,22.5332795949057,114.026212103264,-5.8311901859554,0.230659074722503,0.426153639636519,-0.474668179655632,0.678321762959795,1
2290,2206,381627.000382452,1334570427.00038,-2399811.32406151,5383434.68612758,2429058.13975515,22.5332716966238,114.02621310395,-6.23096187678034,-0.1607700609069,0.333254592871054,-0.640534669126291,0.739723122868541,1
2291,2206,381628.00038435,1334570428.00038,-2399811.46710425,5383434.7291255,2429057.18472556,22.5332633932985,114.026214203794,-6.50687949904563,-0.271010969052756,0.326497209563681,-0.71424638159325,0.830779914790214,1
2292,2206,381629.000386289,1334570429.00039,-2399811.50306151,5383435.0631507,2429056.2867104,22.5332547965374,114.02621320101,-6.55570008737093,-0.158714669598861,0.389993538650604,-0.749673139936521,0.859822727820903,1
2293,2206,381630.000387423,1334570430.00039,-2399811.12795224,5383435.35917422,2429055.60476717,22.5332487013351,114.02620869892,-6.70836725937169,0.123065939675205,0.44939806541593,-0.601309064399259,0.760707853013517,1
2294,2206,381631.000388138,1334570431.00039,-2399811.27104965,5383435.52913689,2429054.69775383,22.5332403971251,114.026209296736,-6.85875179646109,-0.127998220082057,0.352311881538275,-0.634611065904406,0.737047088852225,1
2295,2206,381632.000388955,1334570432.00039,-2399811.51709833,5383435.57614995,2429053.68968599,22.5332314935806,114.026211295241,-7.11286931193103,-0.252741682976557,0.385524797851258,-0.807400961385071,0.929733316880499,1
2296,2206,381633.000391091,1334570433.00039,-2399811.7030898,5383435.96615816,2429052.80267797,22.5332226002799,114.026211402982,-7.05381865461241,-0.229631614359574,0.4043438511614,-0.823348552762053,0.945583136281937,1
2297,2206,381634.000395985,1334570434.0004,-2399812.00514897,5383436.31516311,2429051.97861168,22.533214198037,114.026212703532,-6.96158926795651,-0.375764341194338,0.411143716070862,-0.980643713425635,1.12778547962766,1
2298,2206,381635.000400845,1334570435.0004,-2399811.9871298,5383436.09918866,2429050.99460017,22.5332066984619,114.02621339835,-7.52766033726829,-0.323736815609654,0.470100782772121,-0.997260339356144,1.14905546262866,1
2299,2206,381636.000402922,1334570436.0004,-2399812.27517734,5383436.08715947,2429050.19862198,22.5331996913919,114.02621600343,-7.7345158683895,-0.439904383017439,0.395648138374801,-0.938043960797604,1.10904453832398,1
2300,2206,381637.000403691,1334570437.0004,-2399812.51115108,5383436.39017434,2429049.38261234,22.5331915948276,114.026216899255,-7.70285015778996,-0.374181159584565,0.431773318114938,-0.959830181018483,1.11701106297924,1
2301,2206,381638.000404369,1334570438.0004,-2399812.83615283,5383436.71513726,2429048.86568844,22.533185798116,114.026218498659,-7.50457218373709,-0.377928725868685,0.339438465758258,-0.769884741222325,0.922372543303417,1
2302,2206,381639.000405464,1334570439.00041,-2399813.25120832,5383437.0401188,2429048.5796741,22.5331818004706,114.026220897543,-7.18392298277307,-0.513550441399526,0.292531655847385,-0.804125266512902,0.997961056243632,1
2303,2206,381640.000407357,1334570440.00041,-2399813.55218505,5383436.98115693,2429047.44462418,22.5331720953379,114.026223803171,-7.55544820406761,-0.45405717787692,0.384576676738253,-0.922726393052914,1.09794860422018,1
2304,2206,381641.000409286,1334570441.00041,-2399813.82919254,5383436.8191552,2429046.41063447,22.533163592603,114.026226903805,-7.98418694768239,-0.47053221563291,0.378712566765763,-0.893283048308542,1.07832201988559,1
2305,2206,381642.00041121,1334570442.00041,-2399814.44026559,5383436.77511036,2429045.38266257,22.5331542965279,114.026232503624,-8.18547461809479,-0.645430701963911,0.268269836981616,-0.82029199604689,1.07769590110122,1
2306,2206,381643.000413101,1334570443.00041,-2399814.6591806,5383436.99015349,2429044.78165447,22.5331482953801,114.026233596172,-8.15204678155041,-0.437316485110101,0.371768434979487,-0.836152427251145,1.01420331245472,1
2307,2206,381644.000414921,1334570444.00041,-2399815.27427406,5383437.50912306,2429044.13461058,22.5331403913919,114.026237003335,-7.73086710785931,-0.660039231499081,0.2966478222913,-0.93832420158022,1.18494895453738,1
2308,2206,381645.000416959,1334570445.00042,-2399815.49921398,5383437.86213297,2429043.38363377,22.533132694789,114.026237603318,-7.63625083757011,-0.513266075544648,0.319300052761818,-0.878157737969533,1.06609361725623,1
2309,2206,381646.000418994,1334570446.00042,-2399816.02917014,5383438.52215749,2429042.63260676,22.5331235975982,114.026239696296,-7.16793839646409,-0.40595850642388,0.376010944772429,-0.938272727333093,1.08928520158113,1
2310,2206,381647.000420797,1334570447.00042,-2399816.3581862,5383439.00616664,2429041.8645703,22.5331151980009,114.02624070185,-6.93020421070236,-0.442435450862878,0.396113244538464,-1.02095861085247,1.18110597143222,1
2311,2206,381648.000422697,1334570448.00042,-2399816.78721604,5383439.48916288,2429040.98054084,22.5331056931916,114.0262425994,-6.70016251327745,-0.511054197561765,0.385344569476427,-1.08623351886025,1.2607815383983,1
2312,2206,381649.000424627,1334570449.00042,-2399817.23218975,5383439.90518383,2429039.90651574,22.5330947928618,114.026244903589,-6.59343663187025,-0.446804333680763,0.433043295269572,-1.14000857097596,1.29876100575606,1
2313,2206,381650.000426528,1334570450.00043,-2399817.6231866,5383440.4291778,2429039.11652687,22.5330859964486,114.026246301192,-6.30707277796829,-0.437356289119176,0.416916454231566,-1.10900249784143,1.26292770721829,1
2314,2206,381651.000428332,1334570451.00043,-2399817.95418024,5383440.89317692,2429038.22153043,22.5330765983439,114.026247403501,-6.1341285284047,-0.420757841102132,0.41257527430013,-1.09626297190403,1.24460757726306,1
2315,2206,381652.000430355,1334570452.00043,-2399818.37621725,5383440.93216815,2429037.1325219,22.5330667970567,114.026250996287,-6.35984404988907,-0.504665818434779,0.390393593122049,-1.11071432768485,1.28092976527662,1
2316,2206,381653.000432369,1334570453.00043,-2399818.76321945,5383441.06616961,2429036.19351821,22.5330579960156,114.02625390197,-6.46109702036869,-0.50730127419937,0.392079600919475,-1.11414878474774,1.28546042755752,1
2317,2206,381654.000434214,1334570454.00043,-2399819.06520273,5383441.31418703,2429035.18749465,22.5330483953774,114.02625560154,-6.52381869762399,-0.466883446537729,0.430543684041608,-1.16345933958512,1.32551335390742,1
2318,2206,381655.000436132,1334570455.00044,-2399819.50618243,5383441.57115431,2429034.37658562,22.5330401980519,114.026258499783,-6.45194604888612,-0.41814047428591,0.353431726052863,-0.949969818613309,1.09644794563762,1
2319,2206,381656.000436898,1334570456.00044,-2399819.81720226,5383441.63815122,2429033.54257792,22.5330325916234,114.026260996044,-6.59806445195471,-0.462773934684066,0.345946758331956,-0.96588585941629,1.1255107141399,1
2320,2206,381657.000441131,1334570457.00044,-2399820.1572146,5383441.84313681,2429032.75459824,22.533024892115,114.026263203574,-6.59922910622166,-0.486318731724676,0.309619166013167,-0.910599346157954,1.07775744303265,1
2321,2206,381658.000441889,1334570458.00044,-2399820.56226575,5383441.76712979,2429031.93157069,22.5330176967815,114.026267100697,-6.82641957923434,-0.600995171482132,0.293529167955263,-0.971650621581068,1.17960141531122,1
2322,2206,381659.000443799,1334570459.00044,-2399820.82622086,5383441.95517,2429030.83653286,22.53300759683,114.026268700011,-6.98815218947292,-0.497240314337911,0.383165199318479,-1.05257758662766,1.22555419139365,1
2323,2206,381660.000445664,1334570460.00045,-2399820.96716202,5383442.44820712,2429029.77650577,22.5329969982089,114.026267999985,-6.92542494315102,-0.363281305102744,0.464571687784274,-1.10878767863422,1.25587032611609,1
2324,2206,381661.000447586,1334570461.00045,-2399821.09111188,5383442.7772062,2429028.85455924,22.5329880937395,114.026267798345,-6.95456064835729,-0.249790504341202,0.46096898539645,-0.984481551814704,1.11538855445981,1
2325,2206,381662.000449525,1334570462.00045,-2399821.19508415,5383443.44019573,2429028.10460171,22.5329795963165,114.026266097433,-6.6435353045213,-0.186986095108596,0.435706299529265,-0.885943086496043,1.0048377638821,1
2326,2206,381663.000451411,1334570463.00045,-2399821.25512135,5383444.07918379,2429027.26558281,22.5329704938015,114.026264101434,-6.40341067693188,-0.268409413520093,0.406782390824241,-0.924477086171411,1.04507100696884,1
2327,2206,381664.000453356,1334570464.00045,-2399821.21812698,5383444.2231926,2429026.11557064,22.5329604985163,114.026263203003,-6.73653459489302,-0.279885003184865,0.424786335673689,-0.947284532475741,1.07523347764597,1
2328,2206,381665.000455282,1334570465.00046,-2399821.39317913,5383444.61619521,2429024.96251081,22.5329493920326,114.026263201762,-6.78102202957553,-0.393228376751037,0.428786336804978,-1.07442398879422,1.22183189785231,1
2329,2206,381666.000457133,1334570466.00046,-2399821.61617481,5383445.04017945,2429023.95054091,22.5329392969013,114.026263503572,-6.72727415614047,-0.382439382428094,0.391534770720685,-1.004300487304,1.14375645428314,1
2330,2206,381667.000459036,1334570467.00046,-2399822.14734947,5383444.5900471,2429023.04269965,22.5329323989409,114.026270001243,-7.25515793315021,-0.760627996574839,0.102080373524104,-0.654696187299624,1.00876283114364,1
2331,2206,381668.000459707,1334570468.00046,-2399822.34927444,5383444.33608871,2429022.10469537,22.5329250932441,114.026272799198,-7.75292365678946,-0.596415094201362,0.192488404209318,-0.662681290444776,0.912090589279279,1
2332,2206,381669.000462949,1334570469.00046,-2399822.49421552,5383444.1810969,2429021.45973948,22.5329199993419,114.026274699515,-8.07632763984928,-0.465091367410392,0.208371836033921,-0.562830744714278,0.759280744710047,1
2333,2206,381670.000466143,1334570470.00047,-2399822.61718424,5383443.69807582,2429020.90183161,22.5329166992798,114.026277703054,-8.65137292963876,-0.394842292247593,0.162365963224037,-0.361708033910228,0.559549679256637,1
2334,2206,381671.000466769,1334570471.00047,-2399822.70013836,5383443.6560828,2429020.24087677,22.5329112021087,114.026278605776,-8.9088900029254,-0.295991263318535,0.177617105515041,-0.264183521882106,0.434685630503789,1
2335,2206,381672.00046863,1334570472.00047,-2399822.66210044,5383443.97705647,2429019.91197026,22.5329074977833,114.026276997672,-8.77845277212532,-0.214057822626004,0.120662475943734,-0.0636834706759279,0.253842015760965,1
2336,2206,381673.000470332,1334570473.00047,-2399822.66507003,5383444.21005553,2429019.70099302,22.5329049973907,114.026276101852,-8.66161980624218,-0.148839388213921,0.118105637403547,-0.0151177200591608,0.190606008641332,1
2337,2206,381674.000472488,1334570474.00047,-2399822.74002454,5383444.3780816,2429019.47797611,22.5329025005121,114.026276102315,-8.57714233385577,-0.0520397398574603,0.172613081950096,-0.0508597220462064,0.187323575428615,1
2338,2206,381675.000473074,1334570475.00047,-2399822.88806223,5383444.48307205,2429019.20695723,22.5328996995152,114.026277001143,-8.5367541594257,-0.13146566365384,0.151767369979221,-0.090986983281782,0.220443159197725,1
2339,2206,381676.000477581,1334570476.00048,-2399823.01313408,5383444.28410056,2429018.6248352,22.5328952967116,114.026278899116,-8.88065405683563,-0.280488128300466,0.210738338399235,-0.345283067561103,0.492244486137909,1
2340,2206,381677.000478243,1334570477.00048,-2399823.11212922,5383444.60707793,2429018.1648864,22.5328902999526,114.026278499746,-8.74720906179982,-0.269799089780827,0.16345446292421,-0.238048971012958,0.395191375028268,1
2341,2206,381678.000480128,1334570478.00048,-2399823.07208143,5383445.12309093,2429017.57389886,22.5328837959758,114.026276101852,-8.55341900303059,-0.169408087998269,0.189425929169428,-0.21103340400702,0.330327686589726,1
2342,2206,381679.000481591,1334570479.00048,-2399823.10608229,5383445.32706637,2429017.1419507,22.5328795004802,114.026275596419,-8.53408021302261,-0.170627398560447,0.137398776772702,-0.103037834676471,0.242092809420181,1
2343,2206,381680.000482703,1334570480.00048,-2399823.13912281,5383445.17306125,2429016.56193771,22.5328751028111,114.026276499309,-8.87384714711053,-0.253916967386534,0.126502171062053,-0.129601282372972,0.31188638636995,1
2344,2206,381681.000483571,1334570481.00048,-2399823.02808849,5383445.05108777,2429016.04092607,22.5328712990275,114.026275996236,-9.21816367842645,-0.18301874193725,0.180967804694286,-0.153410490913741,0.299633083885204,1
2345,2206,381682.000484278,1334570482.00048,-2399823.23209615,5383444.85107141,2429015.55596624,22.5328675987344,114.026278599185,-9.49602532151653,-0.198569971958714,0.146794345369513,-0.0699227840847488,0.256647246878495,1
2346,2206,381683.000484902,1334570483.00048,-2399823.50117018,5383444.49400787,2429015.38203481,22.5328668974341,114.02628240141,-9.76271714368417,-0.35062623382108,0.0156133217856429,0.0713595794013219,0.358154605209916,1
2347,2206,381684.000485548,1334570484.00049,-2399823.60414394,5383444.12005548,2429015.10195344,22.5328655981516,114.026284795739,-10.1468008898753,-0.296327152264629,0.113365965643319,-0.0960430934931308,0.331490420892123,1
2348,2206,381685.000486375,1334570485.00049,-2399823.84318776,5383443.59401619,2429014.93100137,22.5328654981012,114.026289000126,-10.566197983968,-0.385882746228124,0.0328324248163012,0.00230103641083442,0.387283819342405,1
2349,2206,381686.000487642,1334570486.00049,-2399824.14723087,5383443.31502425,2429014.54094202,22.5328626980436,114.026292803829,-10.8366981259826,-0.473393312740048,0.0492061405356754,-0.119191455586394,0.490641494268694,1
2350,2206,381687.000489722,1334570487.00049,-2399824.61626824,5383443.00301155,2429014.21393603,22.5328602958084,114.026298203146,-11.0488427476297,-0.548371564846951,0.0233050224364199,-0.131019597660971,0.564287721091553,1
2351,2206,381688.000493038,1334570488.00049,-2399825.6884183,5383442.78093524,2429013.81994933,22.5328562008437,114.026308601308,-10.9839670942438,-0.84877768451395,-0.131481822624039,-0.103102439274897,0.865067130570706,1
2352,2206,381689.000497786,1334570489.0005,-2399826.8525306,5383442.51087013,2429013.50697949,22.5328528037458,114.026320005902,-10.893944838811,-1.0657134235082,-0.260817460180519,-0.0412810510047204,1.09794124330614,1
2353,2206,381689.999503518,1334570489.9995,-2399827.74852454,5383442.29913674,2429013.4579635,22.5328518016907,114.026328799105,-10.7543935868359,-0.957523415872262,-0.275332165697684,0.0733848911604969,0.999021639236158,1
2354,2206,381690.999509154,1334570490.99951,-2399828.84351705,5383442.33112816,2429013.2710108,22.5328485983702,114.026338394499,-10.3872489394534,-0.984098846408138,-0.260661473696651,-0.0222871696869731,1.01827877386509,1
2355,2206,381691.999513675,1334570491.99951,-2399829.79951665,5383442.12613157,2429013.15100831,22.5328468983754,114.026347693804,-10.2466503971015,-0.993830486987662,-0.270437217896207,-0.0172275110529624,1.03011266996705,1
2356,2206,381692.99951675,1334570492.99952,-2399830.64763433,5383442.1830721,2429012.98003842,22.5328440973537,114.026354998544,-9.9451760414037,-0.75670634613662,-0.148829947865806,-0.0796633998506796,0.775307103631163,1
2357,2206,381693.999518638,1334570493.99952,-2399830.97678516,5383442.2640295,2429012.97099002,22.5328433022265,114.026357600523,-9.75655997461617,-0.446004303141631,-0.0610420351855875,0.0207427058566807,0.450639798871235,1
2358,2206,381694.999519771,1334570494.99952,-2399831.49174319,5383442.23307375,2429013.10594037,22.5328438001192,114.026362295154,-9.53729792672767,-0.534778569673087,-0.153437190706063,0.124244019333861,0.570059353412953,1
2359,2206,381695.999520509,1334570495.99952,-2399832.41662319,5383442.00815369,2429013.29689236,22.5328448006135,114.026371397012,-9.30604858967404,-0.786175880569812,-0.320463187004193,0.224497535283636,0.878161894392504,1
2360,2206,381696.999521093,1334570496.99952,-2399833.42958537,5383441.83119447,2429013.50884719,22.5328457005938,114.026381091093,-8.99316373696848,-0.866037842927202,-0.405787505145705,0.318965475119005,1.00817856505297,1
2361,2206,381697.99952167,1334570497.99952,-2399834.55453815,5383441.5242294,2429013.73782314,22.5328469956658,114.026392294045,-8.74131628668587,-0.965833537351172,-0.479373647117468,0.369559508001132,1.13982794551503,1
2362,2206,381698.999522335,1334570498.99952,-2399835.61053339,5383441.03721105,2429013.81587254,22.532847698119,114.026403597384,-8.7251376004639,-0.976985966097446,-0.441886486475527,0.266523029163793,1.10489808125261,1
2363,2206,381699.99952316,1334570499.99952,-2399836.66852097,5383440.55619976,2429013.6929124,22.532846702158,114.026414894637,-8.78017115514535,-1.00467543497233,-0.419000175882659,0.183233296171563,1.10386064240575,1
2364,2206,381700.999524217,1334570500.99952,-2399837.77351559,5383440.10321642,2429013.87488843,22.5328480948462,114.026426498315,-8.67702551707671,-1.01826756623801,-0.454879127859791,0.234438138669193,1.13962498142039,1
2365,2206,381701.999522626,1334570501.99952,-2399838.77251875,5383439.59121952,2429014.077882,22.5328499987077,114.026437394507,-8.65547198366897,-1.00810866404298,-0.459935518495257,0.247130889830541,1.13529618884257,1
2366,2206,381702.999526609,1334570502.99953,-2399839.7075744,5383439.03520687,2429014.4928598,22.5328538999513,114.026447897147,-8.61386531847495,-0.89903329676599,-0.437149338108913,0.296357453543481,1.04268315070963,1
2367,2206,381703.999532313,1334570503.99953,-2399840.60158574,5383438.59020789,2429014.77484882,22.5328563988829,114.026457595987,-8.54500260585005,-0.885767901929812,-0.444520968408467,0.323209721675289,1.04242418987155,1
2368,2206,381704.999533015,1334570504.99953,-2399841.54255933,5383437.87220334,2429014.74587939,22.5328571008374,114.026468792321,-8.80795788134919,-0.943672711720268,-0.435828058097247,0.257846519931553,1.07095710040651,1
2369,2206,381705.999533807,1334570505.99953,-2399842.73751856,5383437.64723229,2429015.07787299,22.5328588973728,114.026480292304,-8.42113054068147,-1.03297470907155,-0.49790957888758,0.272540686202002,1.17865564265604,1
2370,2206,381706.999535705,1334570506.99954,-2399843.79655572,5383437.04021118,2429015.29088283,22.5328611005341,114.026492097614,-8.45332567196312,-0.956998392294622,-0.455032279159981,0.252295646746963,1.08929031543454,1
2371,2206,381707.999537617,1334570507.99954,-2399844.76054202,5383436.37220718,2429015.43990202,22.5328630966256,114.026503300372,-8.59723612244099,-0.990465071249446,-0.44837248799405,0.211796793184843,1.1076627767324,1
2372,2206,381708.999539553,1334570508.99954,-2399845.792519,5383435.70721825,2429015.6978957,22.5328658963433,114.026515094859,-8.67127255456427,-1.04464357872602,-0.47427561698503,0.226573327286621,1.16942423443238,1
2373,2206,381709.999541476,1334570509.99954,-2399846.69758006,5383435.28520767,2429016.18286863,22.5328700001291,114.02652480082,-8.50107328095769,-0.91577899116121,-0.45286722000204,0.286817501065974,1.06113343106433,1
2374,2206,381710.999542365,1334570510.99954,-2399847.69959176,5383434.88121279,2429016.55885558,22.5328730013167,114.026535296262,-8.32097920287617,-0.892210335773003,-0.46489278895103,0.315671371866763,1.05442543761761,1
2375,2206,381711.999543073,1334570511.99954,-2399848.60361385,5383434.50919317,2429016.70188094,22.5328740963746,114.026544795137,-8.2400352700689,-0.845168883817421,-0.422672250273157,0.260383929311145,0.980184709107253,1
2376,2206,381712.999546232,1334570512.99955,-2399849.42165103,5383434.1191378,2429016.5849659,22.53287320143,114.026553601972,-8.30625633584252,-0.76907627877242,-0.303736573532831,0.0747923356317342,0.830257864847511,1
2377,2206,381713.999552077,1334570513.99955,-2399850.27968772,5383433.9221203,2429016.70297828,22.5328735995134,114.026561999914,-8.10455429074379,-0.697359523087872,-0.268461853627956,0.048566036519082,0.748826235650084,1
2378,2206,381714.999553136,1334570514.99955,-2399850.99671168,5383433.48413922,2429016.89791594,22.532875599537,114.026570099581,-8.12968936924262,-0.645268433560883,-0.311737366474477,0.188176563388113,0.740919669070216,1
2379,2206,381715.999553008,1334570515.99955,-2399851.88363861,5383433.10019181,2429017.2858809,22.5328787994199,114.026579493884,-7.97137248302098,-0.808670861456195,-0.429104802783224,0.266645795968367,0.953509032179317,1
2380,2206,381716.999552956,1334570516.99955,-2399852.86859209,5383432.58120836,2429017.79489131,22.5328832976335,114.026590292991,-7.84372410162506,-0.912595735637896,-0.466176796386195,0.243467616180334,1.05329400564225,1
2381,2206,381717.999553718,1334570517.99955,-2399854.03653317,5383432.01724423,2429018.17387496,22.5328865956352,114.0266028948,-7.73503300550363,-1.0462666251452,-0.547304270050432,0.280333787908772,1.2135908896953,1
2382,2206,381718.999559232,1334570518.99956,-2399855.02857133,5383431.38823032,2429018.52287117,22.5328900969637,114.026614192304,-7.75886443246941,-0.972542249255618,-0.522683009426029,0.292361341327579,1.14215196398408,1
2383,2206,381719.999563476,1334570519.99956,-2399856.18954112,5383430.9092423,2429018.82587915,22.5328925024873,114.026626395888,-7.61022102581304,-1.05138307203603,-0.55498555305113,0.276867857594597,1.22068470082508,1
2384,2206,381720.999564124,1334570520.99956,-2399857.13657341,5383430.27923987,2429019.18985315,22.5328961952818,114.026637297716,-7.64607197517921,-0.978630408539183,-0.550424569487474,0.336973873413528,1.17227815580448,1
2385,2206,381721.999564511,1334570521.99956,-2399858.13155989,5383429.60624707,2429019.54684951,22.5328998981882,114.026648795464,-7.70283006130003,-1.01061583661339,-0.567475946963085,0.345584224455008,1.20946342474157,1
2386,2206,381722.999564046,1334570522.99956,-2399859.19354858,5383429.05824228,2429019.96187201,22.5329035956294,114.026660393401,-7.60670970072731,-1.03552189828976,-0.55572673597231,0.293711010965441,1.21136450537169,1
2387,2206,381723.99957074,1334570523.99957,-2399860.23656238,5383428.54223917,2429020.31487262,22.5329067013329,114.026671696208,-7.51449523254803,-1.01949798092877,-0.557113910733816,0.296829023651341,1.19910779829537,1
2388,2206,381724.999570248,1334570524.99957,-2399861.33855477,5383428.0082162,2429020.41793187,22.5329076961316,114.026683593982,-7.51108304173885,-1.03611432031125,-0.503094102191448,0.158410723626666,1.16263946164484,1
2389,2206,381725.999570655,1334570525.99957,-2399862.28958192,5383427.43620626,2429020.62591825,22.5329098989038,114.02669430175,-7.55628291131056,-0.973707929549491,-0.480506275761916,0.190444508787726,1.10238946114408,1
2390,2206,381726.999571159,1334570526.99957,-2399863.26257786,5383426.96721474,2429020.99590227,22.5329130963284,114.026704796827,-7.44423138353528,-0.984374922158696,-0.500711413496726,0.228099488780962,1.1277124118156,1
2391,2206,381727.999574923,1334570527.99957,-2399864.20159702,5383426.52122766,2429021.57285745,22.5329179952595,114.026714899188,-7.24623611546735,-0.947979665102191,-0.535479240749228,0.335711344448044,1.13934435949442,1
2392,2206,381728.999581804,1334570528.99958,-2399865.22256986,5383425.88123072,2429021.79087399,22.532920398025,114.026726497066,-7.3186423801108,-1.02858379318547,-0.55181156977912,0.301199702898334,1.20548823684512,1
2393,2206,381729.999582459,1334570529.99958,-2399866.26357584,5383425.26122686,2429022.05587554,22.5329231012715,114.026738193678,-7.34864226777369,-1.0158875736079,-0.543410898919434,0.298039886087714,1.19002131954623,1
2394,2206,381730.999581798,1334570530.99958,-2399867.34355301,5383424.75221651,2429022.24892054,22.532924798597,114.026749796992,-7.29792300600457,-1.06887050923394,-0.517703516543916,0.189974490624581,1.20274328251711,1
2395,2206,381731.999582219,1334570531.99958,-2399868.51154063,5383424.26623577,2429022.6938945,22.5329284004598,114.026762090562,-7.09813329926915,-1.09965263038788,-0.564251435213637,0.252791967661438,1.26155434626249,1
2396,2206,381732.99958252,1334570532.99958,-2399869.63055049,5383423.77023847,2429023.02988334,22.5329311939479,114.026773988925,-6.9669778093993,-1.07676045354587,-0.571122289011523,0.279522102441212,1.25049044341779,1
2397,2206,381733.999583106,1334570533.99958,-2399870.73057259,5383423.17821778,2429023.23190743,22.5329332002947,114.026786098762,-6.97530835221929,-1.02529669531482,-0.522458077999636,0.221992827064512,1.1719541680282,1
2398,2206,381734.999585071,1334570534.99959,-2399871.84856572,5383422.65421619,2429023.23391569,22.5329332979994,114.026798098938,-6.99614615591719,-1.04673051193285,-0.521029851804215,0.202943566357158,1.18671941174318,1
2399,2206,381735.999589907,1334570535.99959,-2399872.93457316,5383422.21120683,2429023.3219282,22.5329339021378,114.026809494561,-6.92772745857056,-1.04089410684848,-0.504279086894866,0.174972478778487,1.16977489607245,1
2400,2206,381736.99959598,1334570536.9996,-2399874.12155704,5383421.71421405,2429023.36992763,22.5329342008759,114.026822000377,-6.88220878385538,-1.09651879561042,-0.529778399673381,0.178973148101179,1.23087367736445,1
2401,2206,381737.999599593,1334570537.9996,-2399875.27756435,5383421.32619989,2429023.38195499,22.5329338987653,114.026833799829,-6.77018706492797,-1.08809368069813,-0.499082677646124,0.112263628044081,1.20234541596134,1
2402,2206,381738.999600951,1334570538.9996,-2399876.60254654,5383420.83823257,2429023.84090774,22.5329374022883,114.026847495151,-6.50767189386331,-1.13659625997481,-0.58272995286469,0.231515751210317,1.29808505083946,1
2403,2206,381739.999601532,1334570539.9996,-2399877.62960872,5383420.31120758,2429024.19789992,22.5329405985846,114.026858699956,-6.4292215731765,-0.981949117920467,-0.520929385560051,0.251307963911842,1.13962589811318,1
2404,2206,381740.999602072,1334570540.9996,-2399878.92156536,5383419.85022438,2429024.44590953,22.5329423038755,114.026871995254,-6.23719800530389,-1.09254528056969,-0.563772682705583,0.227368448695594,1.25027646515577,1
2405,2206,381741.999602877,1334570541.9996,-2399880.13057957,5383419.40320398,2429024.51594272,22.5329425974015,114.026884498876,-6.13279104086049,-1.05886568512592,-0.513556493771111,0.144122890567786,1.18562566563704,1
2406,2206,381742.999601663,1334570542.9996,-2399881.18261143,5383419.01018494,2429024.68895743,22.5329438004025,114.026895394983,-6.00240098034621,-0.975549399558541,-0.464181916090149,0.106938532029108,1.08563222678617,1
2407,2206,381743.999609694,1334570543.99961,-2399882.37058679,5383418.51620055,2429025.06194651,22.5329467989621,114.026907897693,-5.82942889299256,-1.0588655752918,-0.513828751586082,0.13732701282185,1.18493670756928,1
2408,2206,381744.99960862,1334570544.99961,-2399883.62956783,5383418.00722073,2429025.20192381,22.5329478013203,114.026921090184,-5.73169663946551,-1.10441059131425,-0.563922829642042,0.194632074692496,1.25523438309253,1
2409,2206,381745.99960932,1334570545.99961,-2399884.78059065,5383417.65721301,2429025.44392234,22.5329493042837,114.026932694949,-5.50135594655809,-1.04788073851185,-0.544992231432034,0.198828793544728,1.19774933254327,1
2410,2206,381746.999609807,1334570546.99961,-2399885.86659127,5383417.0872092,2429025.61492533,22.5329510020388,114.026944593153,-5.50827015815123,-1.04755984325897,-0.536190034442282,0.191350279974343,1.19226520031839,1
2411,2206,381747.999610619,1334570547.99961,-2399886.9005996,5383416.57518439,2429025.6669698,22.5329515975647,114.02695580026,-5.53141150150144,-1.02829406251111,-0.473562645734722,0.0774879990188209,1.134748715982,1
2412,2206,381748.999613167,1334570548.99961,-2399887.92260784,5383416.03917871,2429025.92497123,22.5329540036791,114.026966995739,-5.50037085140776,-1.01377148320335,-0.462074687474907,0.0745915902411269,1.11660626108582,1
2413,2206,381749.999618574,1334570549.99962,-2399889.06662494,5383415.64816021,2429025.98199736,22.5329541032821,114.026978700623,-5.37814598798347,-0.983489394274021,-0.419977550395388,0.00696119563789575,1.06943021732617,1
2414,2206,381750.999623403,1334570550.99962,-2399890.17263961,5383415.27517025,2429026.26696197,22.5329561006789,114.026989996743,-5.1676542101614,-0.957123552693246,-0.451987413612892,0.101214749227479,1.06330736038353,1
2415,2206,381751.999625413,1334570551.99963,-2399891.35560386,5383414.6691944,2429026.46494223,22.5329580005197,114.027002898223,-5.15810973758652,-1.05771126242494,-0.51910422919549,0.154281429602779,1.18828661313232,1
2416,2206,381752.999626169,1334570552.99963,-2399892.50361445,5383414.16220852,2429026.95790451,22.5329620971703,114.027015097563,-4.96515835588737,-1.03146510057828,-0.557742244773587,0.255745005365037,1.20016756042029,1
2417,2206,381753.999626801,1334570553.99963,-2399893.56064202,5383413.75319148,2429027.17391797,22.5329637023399,114.027026101342,-4.8299056705092,-0.959311211737554,-0.512939172069943,0.219776292709945,1.10981359427901,1
2418,2206,381754.99962777,1334570554.99963,-2399894.56963843,5383413.21320189,2429027.33089779,22.5329652967557,114.027037197064,-4.84583112763022,-0.971416302648894,-0.54239415535266,0.274468364012739,1.14593801562589,1
2419,2206,381755.999630218,1334570555.99963,-2399895.65463549,5383412.5402051,2429027.64289082,22.532968497445,114.027049494008,-4.88597883150287,-0.985845914809677,-0.554798084547823,0.295289128719297,1.16914017632817,1
2420,2206,381756.999631656,1334570556.99963,-2399896.76463436,5383411.99820397,2429028.18889619,22.5329732007566,114.027061494449,-4.71653494269666,-0.992791829476951,-0.553730146655644,0.282113271223756,1.17125598815632,1
2421,2206,381757.999633581,1334570557.99963,-2399897.9565871,5383411.33720783,2429028.45193241,22.5329758044611,114.027074693507,-4.72509462177748,-1.12696969747684,-0.567302236138992,0.184499249018667,1.2751205821599,1
2422,2206,381758.999635495,1334570558.99964,-2399899.0556009,5383410.5922131,2429028.83390551,22.5329797966658,114.02708739987,-4.7938919905605,-1.094889343877,-0.58480590119701,0.25937998876946,1.26809250292883,1
2423,2206,381759.999637418,1334570559.99964,-2399900.06259953,5383409.82019076,2429028.87994969,22.532981201972,114.027099396248,-5.0488288693675,-1.10438296365025,-0.52637092495887,0.138603547758832,1.23123475604545,1
2424,2206,381760.999639327,1334570560.99964,-2399901.1366167,5383409.27319518,2429029.2369248,22.5329843950673,114.027111096993,-4.96956879265888,-1.06274423740082,-0.541160711613204,0.208695991390233,1.21071641879704,1
2425,2206,381761.999640695,1334570561.99964,-2399902.19460244,5383408.5901998,2429029.42092607,22.5329865978371,114.027123193694,-5.07735690477661,-1.10644344410868,-0.556220571760828,0.20573055405563,1.25535790925659,1
2426,2206,381762.999641666,1334570562.99964,-2399903.24359148,5383407.86120834,2429029.71791716,22.5329899011098,114.027135392571,-5.18403238398609,-1.13995530679426,-0.581572662752852,0.231261092830944,1.30046397743544,1
2427,2206,381763.999642397,1334570563.99964,-2399904.24361122,5383407.07221342,2429030.0548839,22.5329937964721,114.027147394168,-5.3444254628363,-1.08706604968163,-0.597029940313985,0.324710273133346,1.28202734271936,1
2428,2206,381764.999643028,1334570564.99964,-2399905.20860954,5383406.43321291,2429030.27588759,22.5329962998434,114.027158491145,-5.4358889449826,-1.09368394213248,-0.59648413064908,0.314788937875641,1.28492410624266,1
2429,2206,381765.999643754,1334570565.99964,-2399906.17262065,5383405.81520677,2429030.49188933,22.5329986965263,114.02716949626,-5.51192891193171,-1.06473440644917,-0.580432001189854,0.310556477971126,1.25180109853433,1
2430,2206,381766.999644932,1334570566.99964,-2399907.32560793,5383405.19220802,2429030.75089997,22.5330012014496,114.027182198972,-5.50462753999307,-1.10427086899089,-0.585912037618722,0.281676290919931,1.28142444209358,1
2431,2206,381767.999647154,1334570567.99965,-2399908.44960858,5383404.50720525,2429031.04090658,22.5330042017299,114.02719488974,-5.5486574476857,-1.10934619203903,-0.581810051204407,0.264777714010756,1.28033556043356,1
2432,2206,381768.99965106,1334570568.99965,-2399909.40563574,5383403.89618979,2429031.29491517,22.533006904579,114.027205796302,-5.60723703003059,-1.04379285851416,-0.543964230140077,0.243116578514179,1.20187615248223,1
2433,2206,381769.999656513,1334570569.99966,-2399910.42264282,5383403.32319422,2429031.59690057,22.5330098015071,114.027217093794,-5.59242263353843,-1.03982937511467,-0.565454313801859,0.289506714782024,1.2185228140057,1
2434,2206,381770.999661985,1334570570.99966,-2399911.66162736,5383402.84220022,2429032.01891152,22.5330130959968,114.027229997978,-5.37051463538248,-1.10260252826038,-0.592240039185995,0.26190812150266,1.27870108447997,1
2435,2206,381771.999665933,1334570571.99967,-2399912.7716282,5383402.17519897,2429032.4099138,22.5330169015048,114.027242493199,-5.36591893792045,-1.11295526225815,-0.595672091808416,0.258171319558373,1.28846695223045,1
2436,2206,381772.999668188,1334570572.99967,-2399913.7606271,5383401.33619847,2429032.65491195,22.5330202033347,114.02725459488,-5.60788428421529,-1.12368374490683,-0.598369321596308,0.265329546938339,1.30042714985268,1
2437,2206,381773.999669385,1334570573.99967,-2399914.88462341,5383400.64920515,2429033.03990419,22.5330240021805,114.027267293492,-5.61719346736278,-1.13905875922653,-0.620574816059174,0.289899781253312,1.32913875967421,1
2438,2206,381774.999670122,1334570574.99967,-2399916.12860854,5383400.05418813,2429033.11995627,22.533024797743,114.027280693385,-5.62064042796017,-1.18675637987369,-0.570307099371334,0.132464946028037,1.32332454624346,1
2439,2206,381775.999670756,1334570575.99967,-2399917.39258629,5383399.12419931,2429033.30494856,22.5330274991927,114.027295596619,-5.85894400829898,-1.25658126862,-0.605704092605033,0.156288494273695,1.40367376048976,1
2440,2206,381776.999671488,1334570576.99967,-2399918.62359318,5383398.37518797,2429033.43296585,22.533029199851,114.027309490803,-5.97880374057742,-1.23836339829147,-0.572357418358971,0.103963885169918,1.36819056055733,1
2441,2206,381777.999672456,1334570577.99967,-2399919.86158885,5383397.71618705,2429033.48797128,22.5330299971716,114.027323090771,-6.04807901450216,-1.2552518342494,-0.571166668063216,0.0876332842783264,1.38187123951775,1
2442,2206,381778.999673818,1334570578.99967,-2399921.13960817,5383397.09419378,2429033.77993833,22.5330325976168,114.027336899613,-5.98027349559286,-1.20131558242681,-0.594122385868478,0.189195080872897,1.35349005042447,1
2443,2206,381779.999675718,1334570579.99968,-2399922.22862707,5383396.35417811,2429033.99594863,22.5330352038556,114.027349497547,-6.11222301599347,-1.14993056182535,-0.549423154198879,0.158450520640293,1.28425568594459,1
2444,2206,381780.999676887,1334570580.99968,-2399923.21565255,5383395.89116168,2429034.21496057,22.5330371033254,114.027360093547,-6.04769715713441,-1.07519720483405,-0.500339185148122,0.122116881325753,1.19218323347645,1
2445,2206,381781.999677626,1334570581.99968,-2399924.28966286,5383395.49616767,2429034.74994052,22.5330413007104,114.027371192608,-5.77198765180299,-1.04582768052823,-0.520002946990962,0.184870386860511,1.18251243637278,1
2446,2206,381782.999678252,1334570582.99968,-2399925.17168373,5383394.77117634,2429035.13889629,22.5330455936655,114.027381893235,-5.90283569990424,-0.982861887339692,-0.548252027903841,0.322446682373151,1.17071330335786,1
2447,2206,381783.999679354,1334570583.99968,-2399926.14566918,5383394.15017141,2429035.48791808,22.5330490952753,114.027392998788,-5.92667451816407,-1.03168896083133,-0.534654887469951,0.255548299963609,1.18976589891081,1
2448,2206,381784.99968225,1334570584.99968,-2399927.39865013,5383393.95417429,2429036.30893766,22.5330547973526,114.027404899205,-5.30616167664388,-1.10125708687817,-0.548170909141062,0.196772936815342,1.24578413286206,1
2449,2206,381785.999687807,1334570585.99969,-2399928.73963629,5383393.77918168,2429037.72794491,22.533065296835,114.027417497841,-4.40567203492558,-1.16519374941636,-0.581582511182251,0.177634415916609,1.3143320268144,1
2450,2206,381786.999692959,1334570586.99969,-2399930.06466154,5383393.97319081,2429038.80491692,22.5330717995815,114.027428494229,-3.33095951499354,-1.10253054996315,-0.620719110302492,0.27134133782645,1.29402161848642,1
2451,2206,381787.99969524,1334570587.9997,-2399931.02269017,5383393.47018065,2429039.32791344,22.5330764018401,114.027438991076,-3.1945852638095,-1.01654880460703,-0.592657677084071,0.284254609587199,1.2105433810592,1
2452,2206,381788.999695929,1334570588.9997,-2399932.27567959,5383393.32218264,2429040.1429238,22.5330819020619,114.027450701578,-2.53587765602689,-1.05393686980028,-0.600245496985973,0.251114939714057,1.23860255737018,1
2453,2206,381789.999696262,1334570589.9997,-2399933.21370099,5383392.87516617,2429040.77893935,22.5330872982175,114.027460799163,-2.31647903147844,-0.984371148681748,-0.546991322338528,0.200068667327234,1.14377162786842,1
2454,2206,381790.999696705,1334570590.9997,-2399934.14170796,5383392.25517991,2429041.53990312,22.5330942973834,114.027471492462,-2.19888564373742,-0.962846913062484,-0.593221433303665,0.319872936257904,1.17528913135239,1
2455,2206,381791.99969603,1334570591.9997,-2399935.29167056,5383391.54918531,2429042.13792562,22.5330998965592,114.027484496832,-2.13281713034578,-1.08390287401142,-0.609738437505938,0.245005289155404,1.26753855727411,1
2456,2206,381792.999697175,1334570592.9997,-2399936.38667361,5383390.94818117,2429042.69493245,22.5331048992183,114.02749659768,-2.01456354050559,-1.07781539966102,-0.598272598884564,0.2233725390293,1.25280143259613,1
2457,2206,381793.999704071,1334570593.9997,-2399937.40968937,5383390.2371761,2429042.92192422,22.5331075983487,114.027508494781,-2.14265023079663,-1.04963833707459,-0.595167263989663,0.256067073310459,1.23350519123976,1
2458,2206,381794.999706821,1334570594.99971,-2399938.71867238,5383390.06518675,2429043.58092301,22.533111794205,114.02752079738,-1.54290825140812,-1.11766451918173,-0.636585914463388,0.262971139155915,1.31284782970452,1
2459,2206,381795.999707415,1334570595.99971,-2399940.14670774,5383390.3891765,2429044.84492487,22.5331193009613,114.027532193858,-0.248124333993032,-0.999241396695179,-0.602434879457441,0.257677828829929,1.19490962684495,1
2460,2206,381796.999708282,1334570596.99971,-2399941.30772081,5383390.06216618,2429045.79193291,22.5331265975686,114.027543796285,0.275558961634533,-0.957205100312559,-0.569434072775363,0.230592498343296,1.13739600297966,1
2461,2206,381797.999710174,1334570597.99971,-2399942.80569662,5383390.31518579,2429047.11192642,22.5331346971091,114.027556094632,1.55823248332567,-1.0471720786572,-0.640297466947556,0.254803733032409,1.25358491968672,1
2462,2206,381798.999712079,1334570598.99971,-2399943.8347362,5383389.89415782,2429047.44994665,22.5331373972906,114.027566897457,1.71959197933937,-0.916266139449507,-0.547985928249471,0.185418448855927,1.0836107313225,1
2463,2206,381799.999713983,1334570599.99971,-2399944.73073584,5383388.94815352,2429047.49494542,22.5331395001623,114.02757859699,1.27574352602011,-0.923571028131923,-0.537115672339564,0.190694708311726,1.08528390813443,1
2464,2206,381800.999714726,1334570600.99971,-2399945.54472897,5383388.12216763,2429047.73891054,22.5331429988117,114.027589093383,0.978551004794419,-0.949945453602292,-0.587821039185651,0.313562253233388,1.16028066672756,1
2465,2206,381801.999719004,1334570601.99972,-2399946.52072197,5383387.30316174,2429047.90492428,22.5331455969394,114.02760100047,0.718301673488233,-0.989443061489048,-0.575810619480135,0.269371279782831,1.17605966166975,1
2466,2206,381802.999719782,1334570602.99972,-2399947.66772438,5383386.64415609,2429048.22093126,22.5331486994718,114.027613792573,0.714827761062467,-0.983714947436185,-0.55710008818752,0.245346334840747,1.15682774434559,1
2467,2206,381803.999721717,1334570603.99972,-2399948.88771677,5383386.04515965,2429048.60793007,22.533152101622,114.027626995197,0.816635563520423,-1.0179472659198,-0.573719895299257,0.251396223676861,1.19522852029843,1
2468,2206,381804.99972362,1334570604.99972,-2399949.87174184,5383385.65013769,2429049.28394862,22.5331576022613,114.027637295427,1.11253309992134,-0.934078021260917,-0.498081419071342,0.186274901359787,1.07484193661367,1
2469,2206,381805.999725544,1334570605.99973,-2399950.86276138,5383385.49814482,2429049.89691795,22.5331617990023,114.027646695822,1.59192453904852,-0.869517365799622,-0.52736768478583,0.299235529481501,1.06005614308279,1
2470,2206,381806.999727483,1334570606.99973,-2399952.00073259,5383384.96715589,2429050.42691915,22.5331662945472,114.027658901038,1.77505931608359,-0.981400252206072,-0.572014243901348,0.29687469672962,1.17408744811214,1
2471,2206,381807.99972938,1334570607.99973,-2399953.16373442,5383384.52114607,2429051.04194245,22.5331711953906,114.027670992132,2.07188046998382,-0.981511278666253,-0.539661553453262,0.212980588940301,1.14015775824664,1
2472,2206,381808.999731309,1334570608.99973,-2399954.46673646,5383384.1331487,2429051.31894377,22.5331728961712,114.0276840966,2.34075938955895,-0.981100758036486,-0.553275096132452,0.209345528650967,1.14564286747062,1
2473,2206,381809.999733216,1334570609.99973,-2399955.56474529,5383383.56514616,2429051.39794076,22.5331738032044,114.027696093513,2.3048068827477,-0.954865303083111,-0.547877487880686,0.221946993418483,1.12303070155983,1
2474,2206,381810.999735098,1334570610.99974,-2399956.74472495,5383382.87715146,2429051.64794897,22.5331764003943,114.027709293149,2.26398996168918,-1.03846038689139,-0.571862930254741,0.192687688304232,1.20106441599366,1
2475,2206,381811.999736939,1334570611.99974,-2399957.96773033,5383382.1831427,2429051.85496151,22.5331785973401,114.027722898594,2.21780472705956,-1.02528596569241,-0.542579449394742,0.14634349380401,1.16919638578388,1
2476,2206,381812.999738955,1334570612.99974,-2399959.09276252,5383381.80012129,2429052.23597613,22.5331814007334,114.027734403258,2.46380906836197,-0.909867076164767,-0.464559467476434,0.0916607953932569,1.02570721773942,1
2477,2206,381813.999740937,1334570613.99974,-2399960.02076548,5383381.12913759,2429052.58193339,22.5331850995163,114.027745298384,2.37934637835682,-0.905267787109574,-0.531235538016492,0.257246647867195,1.08069274128628,1
2478,2206,381814.999742698,1334570614.99974,-2399961.09076579,5383380.72613124,2429052.92194553,22.5331877016194,114.027756393549,2.57208138822892,-0.910384541547575,-0.509991156964444,0.21178086276504,1.06477327516435,1
2479,2206,381815.999744608,1334570615.99974,-2399961.96880358,5383380.29512769,2429053.32591427,22.5331911961641,114.027765895187,2.69351092329451,-0.769129902378195,-0.499922386598119,0.335770276349043,0.976844346778832,1
2480,2206,381816.999746619,1334570616.99975,-2399962.44890761,5383379.85610886,2429054.03184702,22.5331977954346,114.027771895491,2.77423635885633,-0.36462669097803,-0.429621841407917,0.603891836630029,0.825961803436882,1
2481,2206,381817.999748516,1334570617.99975,-2399963.14986262,5383379.20512184,2429054.58785878,22.5332035029969,114.027780695621,2.70174941771786,-0.546436900599169,-0.484609753346904,0.561534634457835,0.921282283055019,1
2482,2206,381818.999750411,1334570618.99975,-2399963.94989869,5383378.5741309,2429055.3947982,22.5332111007198,114.027790296298,2.77955585651108,-0.40615173067223,-0.52456074023252,0.808596477884373,1.04592134626288,1
2483,2206,381819.999751327,1334570619.99975,-2399964.53193427,5383378.13613419,2429056.40575732,22.5332200973397,114.027797197558,3.01637188269249,-0.264541977027507,-0.539543592438078,0.975950336747976,1.14611029379772,1
2484,2206,381820.999751985,1334570620.99975,-2399964.63299401,5383377.75709923,2429057.32277318,22.5332288017572,114.027799595089,3.08603616562657,-0.0241643997988222,-0.400030210932393,0.914512047870243,0.998469014830244,1
2485,2206,381821.999754188,1334570621.99975,-2399964.77100001,5383377.38310208,2429058.30676111,22.5332379968017,114.027802300707,3.19951089457269,-7.27294787979393e-05,-0.415263425234185,0.971851594251415,1.05685346140126,1
2486,2206,381822.999759622,1334570622.99976,-2399964.66702606,5383377.04808086,2429059.38478258,22.5332481939541,114.027802703632,3.29089479744017,0.108422500556535,-0.336385576819648,0.904596363480106,0.971187559506737,1
2487,2206,381823.999762434,1334570623.99976,-2399964.93800697,5383376.72308635,2429060.37479058,22.5332570969527,114.027806395912,3.49802767760423,0.0291104633929387,-0.363466522192983,0.881587956120031,0.954019211656614,1
2488,2206,381824.999763116,1334570624.99976,-2399965.18800752,5383376.49909433,2429061.49477926,22.5332667944337,114.027809502136,3.83228905379826,0.0315599764102316,-0.398094200468579,0.932015794538974,1.01396669857932,1
2489,2206,381825.999763836,1334570625.99976,-2399965.61998981,5383376.4590944,2429062.47580012,22.533274494809,114.027813495823,4.33695723743636,-0.0434350250627529,-0.39947231435501,0.846446429506321,0.936982544854678,1
2490,2206,381826.999766202,1334570626.99977,-2399965.68300479,5383376.24509228,2429063.44879632,22.5332831981351,114.027814902352,4.5529919033942,0.0204631569901359,-0.394581404797408,0.871251560400525,0.956656943374295,1
2491,2206,381827.999767694,1334570627.99977,-2399965.7280149,5383376.0180996,2429064.38977393,22.5332917008255,114.027816200443,4.73902589789703,0.0640549665048844,-0.428598594338747,0.973173497735531,1.06530110790231,1
2492,2206,381828.999769586,1334570628.99977,-2399965.88403143,5383375.68510906,2429065.77574276,22.5333040937786,114.02781890366,5.04791675358785,0.136227860320598,-0.473234437042324,1.11663887512393,1.22040617819164,1
2493,2206,381829.999771515,1334570629.99977,-2399966.03606178,5383375.62309208,2429066.94175494,22.5333138012213,114.027820498935,5.49961553948072,0.270139491852435,-0.40277251987306,1.07260152329635,1.17714700679263,1
2494,2206,381830.999773427,1334570630.99977,-2399965.59908719,5383375.19808036,2429068.03675351,22.5333248936409,114.027818301504,5.39634935628072,0.38487166777539,-0.354731477781368,1.08789761757304,1.20726212907813,1
2495,2206,381831.999774653,1334570631.99977,-2399965.25808228,5383374.91405562,2429069.02281149,22.533334496538,114.027816398094,5.40636821537082,0.365103518243732,-0.24683200040336,0.836577887757749,0.945562889363945,1
2496,2206,381832.999775448,1334570632.99978,-2399965.22104595,5383374.78005074,2429069.75685779,22.5333410949229,114.027816599676,5.56069176881265,0.20447623748988,-0.225884889199788,0.633328965690333,0.702808717681565,1
2497,2206,381833.99977608,1334570633.99978,-2399965.22101155,5383374.70305231,2429070.30388748,22.5333459010894,114.027816904141,5.70535469968328,0.0514938179999496,-0.233492315044602,0.502509696693478,0.556494626881581,1
2498,2206,381834.999776944,1334570634.99978,-2399965.13401773,5383374.23208141,2429071.18981622,22.5333549017779,114.027817995933,5.61482302799143,0.0794742464706087,-0.365068691012103,0.824010250529721,0.90475643019954,1
2499,2206,381835.999778891,1334570635.99978,-2399965.06401457,5383373.49409627,2429072.14478254,22.53336529833,114.027820295455,5.33187980033228,0.065898164062192,-0.435592569002314,0.983520634343817,1.07768097894361,1
2500,2206,381836.999783061,1334570636.99978,-2399965.0050224,5383372.95609024,2429073.05778902,22.5333746972977,114.027821901194,5.20570436558844,0.103253726489314,-0.416046022267752,0.972478835820491,1.06276559541487,1
2501,2206,381837.999788727,1334570637.99979,-2399965.04304257,5383372.6630862,2429074.11677887,22.5333844028132,114.027823398508,5.37864738001572,0.2013658685976,-0.4079171544029,1.04665771990496,1.14124362014816,1
2502,2206,381838.999792913,1334570638.99979,-2399964.91103297,5383372.34009379,2429075.38577138,22.5333961943232,114.027823504907,5.54282213963895,0.159190402405337,-0.452833813358983,1.10410617434253,1.20393126504818,1
2503,2206,381839.999794873,1334570639.99979,-2399964.99703836,5383372.0040992,2429076.66375514,22.53340779472,114.027825598421,5.78146817378292,0.186834901154538,-0.483503127971746,1.19376973647701,1.30144870770087,1
2504,2206,381840.999795744,1334570640.9998,-2399964.31807843,5383371.49007402,2429077.74576443,22.5334194011298,114.027821604844,5.50712337400837,0.384223110089544,-0.362446723759061,1.15324786484878,1.26845404476033,1
2505,2206,381841.999796379,1334570641.9998,-2399963.52511111,5383371.12705462,2429078.78077184,22.5334302988551,114.027816001347,5.29928054023398,0.545845911835488,-0.268290332745062,1.12043419686265,1.2748726413298,1
2506,2206,381842.999797175,1334570642.9998,-2399962.89511389,5383370.79905173,2429079.8327749,22.5334409980202,114.027811706182,5.1887838329299,0.561586025986069,-0.255109126758365,1.10977658602059,1.26967066675487,1
2507,2206,381843.999798402,1334570643.9998,-2399962.42210114,5383370.34506303,2429080.91176204,22.5334520992626,114.027809303477,5.04138517620737,0.501679273028665,-0.312737776086946,1.1803380811679,1.32010794840175,1
2508,2206,381844.9998003,1334570644.9998,-2399962.0230686,5383369.85407444,2429081.95276782,22.5334628964077,114.027807704057,4.87604115251927,0.343512688697584,-0.372835360512682,1.16257264253294,1.26829898782223,1
2509,2206,381845.999802234,1334570645.9998,-2399961.6030722,5383369.56907742,2429083.28475868,22.5334754990905,114.027805103165,4.98810362087772,0.365126116684085,-0.391403021137657,1.22030469885301,1.33253779086494,1
2510,2206,381846.999804157,1334570646.9998,-2399961.17709399,5383369.37307902,2429084.66073732,22.5334881957969,114.027802096895,5.18985476261519,0.479911054336506,-0.403372558932272,1.34132474144734,1.48059991334348,1
2511,2206,381847.999806053,1334570647.99981,-2399960.6160876,5383368.92105693,2429085.5457903,22.5334977972238,114.027798905149,4.93670222470868,0.451735446153809,-0.2935881723285,1.08104549716864,1.20785690178579,1
2512,2206,381848.999807962,1334570648.99981,-2399960.20407954,5383368.40106288,2429086.64578506,22.533509196357,114.027797305332,4.76461559068144,0.414159334329502,-0.327576900487919,1.11923689856004,1.23754830816572,1
2513,2206,381849.999809079,1334570649.99981,-2399960.08308926,5383368.25706994,2429088.00976233,22.533521198822,114.02779680106,5.12034524809878,0.467354256749283,-0.366185811656957,1.24497722157909,1.37930429282712,1
2514,2206,381850.999809772,1334570650.99981,-2399959.35209409,5383368.26005865,2429089.16978296,22.5335318950822,114.027790299066,5.29249155795673,0.494751267606896,-0.308145479885629,1.14094227373001,1.28120323351012,1
2515,2206,381851.999810517,1334570651.99981,-2399958.69309352,5383367.99505662,2429090.24178903,22.5335426028291,114.027785497023,5.23190350649132,0.49362608277988,-0.29879630305997,1.11334998946631,1.25399128360908,1
2516,2206,381852.999812418,1334570652.99981,-2399958.26306605,5383367.7380689,2429091.38979133,22.5335535964766,114.027782696202,5.29331564638833,0.352113873524921,-0.367235492755481,1.11245460826958,1.2232748434135,1
2517,2206,381853.999817061,1334570653.99982,-2399957.86105734,5383367.51705761,2429092.36482693,22.533562994225,114.027780001747,5.32933101366842,0.313480612690765,-0.314827380705674,0.946058999996628,1.04518611053228,1
2518,2206,381854.999822253,1334570654.99982,-2399957.88605116,5383367.42107159,2429093.68780599,22.5335742972759,114.027780603582,5.76475361985475,0.287674763690031,-0.402622807308007,1.09164611503266,1.19856294582078,1
2519,2206,381855.999824689,1334570655.99982,-2399957.50907322,5383366.80506695,2429095.05679268,22.5335881941601,114.027779694801,5.62793140821786,0.41764719893751,-0.382023420594681,1.18270290982863,1.31116636990899,1
2520,2206,381856.999825541,1334570656.99983,-2399956.92809029,5383366.33304871,2429096.17081422,22.5335997967534,114.027776404836,5.43814518306029,0.517587471189021,-0.279269148459411,1.06486651154057,1.21648211454738,1
2521,2206,381857.999826155,1334570657.99983,-2399956.42409329,5383365.73304364,2429097.18982017,22.5336109028863,114.027774304983,5.13292868662609,0.536604048647852,-0.251180682280572,1.0344175451787,1.1920802397279,1
2522,2206,381858.99982707,1334570658.99983,-2399956.82005494,5383365.45905968,2429098.07582411,22.5336186010348,114.02777890501,5.39024849860406,0.31728993657149,-0.345118129133677,1.01706705339164,1.11991286178926,1
2523,2206,381859.99982924,1334570659.99983,-2399956.65505139,5383365.31605573,2429099.03683754,22.5336273012934,114.027778006049,5.57583587619774,0.300859787433828,-0.326252172515223,0.951390912652598,1.04981034498788,1
2524,2206,381860.999830949,1334570660.99983,-2399956.34005336,5383365.21804784,2429100.02585418,22.53363630426,114.027775597255,5.75370255573891,0.315627420785396,-0.282900791433597,0.862604842213255,0.961114270185991,1
2525,2206,381861.999831419,1334570661.99983,-2399956.23804024,5383365.26505135,2429100.91286365,22.5336436979213,114.027774505482,6.09491405385559,0.238639080264992,-0.304457151541375,0.808857932403131,0.896601317512905,1
2526,2206,381862.999833297,1334570662.99983,-2399955.83604529,5383365.17204422,2429101.80487514,22.5336519985558,114.027771304489,6.20710591782944,0.271724239691075,-0.265176006957825,0.74903967909245,0.839769502873682,1
2527,2206,381863.999838555,1334570663.99984,-2399955.63703518,5383365.25804281,2429102.66689055,22.5336591971663,114.027769197175,6.53515632949903,0.21787877251979,-0.264977069851911,0.678038871988225,0.759882042812633,1
2528,2206,381864.999839839,1334570664.99984,-2399955.56004921,5383364.9840412,2429103.61688397,22.5336680955351,114.027769598188,6.63911204424936,0.307167466982272,-0.257214320947428,0.724543450668072,0.827933736224554,1
2529,2206,381865.99984053,1334570665.99984,-2399954.63009302,5383365.2230182,2429104.42589191,22.5336753984647,114.02776039563,6.80100053435913,0.58349193043973,-0.11393444824851,0.677856461780325,0.901628124097356,1
2530,2206,381866.999842368,1334570666.99984,-2399954.02511271,5383365.81099767,2429105.04992073,22.5336795974434,114.027752696985,7.3086462906907,0.71500387623619,0.0150614181665054,0.502939604327155,0.874302942320749,1
2531,2206,381867.999842963,1334570667.99984,-2399952.62614667,5383366.35996673,2429105.12995388,22.5336805011137,114.027738103313,7.27629657964076,0.934229031885662,0.212046947877611,0.293552798249096,1.00195860068274,1
2532,2206,381868.999844978,1334570668.99985,-2399951.31014299,5383366.8949525,2429105.07398771,22.533680197718,114.027724301573,7.21123362853886,0.922548639048594,0.306551769664036,0.0791824829934059,0.975366518036971,1
2533,2206,381869.999851087,1334570669.99985,-2399950.27115699,5383367.92393481,2429104.94101538,22.5336773002474,114.027711004045,7.6375890116407,1.05424719436349,0.438037265292948,-0.103344089501413,1.14629568325258,1
2534,2206,381870.999850094,1334570670.99985,-2399948.85916672,5383369.07791589,2429104.45704809,22.533671605662,114.027693900023,7.89460156849637,1.11229000851423,0.561390129054084,-0.320917196045356,1.28659853363727,1
2535,2206,381871.999850868,1334570671.99985,-2399947.17018643,5383369.53291854,2429104.27101821,22.5336709957856,114.027677103379,7.57194713462963,1.25029448681312,0.546214082964735,-0.122136933313728,1.36985530573983,1
2536,2206,381872.999851416,1334570672.99985,-2399945.61417777,5383370.08592286,2429104.07401206,22.5336697972204,114.027661099425,7.37777232397033,1.19656086998078,0.519207462353442,-0.0812256410456515,1.30687868958674,1
2537,2206,381873.999852039,1334570673.99985,-2399944.37414974,5383370.43693288,2429103.87801588,22.5336688002907,114.027648700437,7.13241631838959,1.01211546300694,0.453550061704997,-0.107397742017157,1.11427987683559,1
2538,2206,381874.999853451,1334570674.99985,-2399942.89714592,5383370.76192811,2429103.52402582,22.533666901696,114.027634300417,6.71544210144087,0.995921942023479,0.490456895152011,-0.176241073362341,1.12404154573836,1
2539,2206,381875.999856952,1334570675.99986,-2399942.15211262,5383371.28793644,2429103.20103909,22.5336635949119,114.0276256036,6.75521548522237,0.787225154760266,0.444337658339151,-0.273275939564143,0.94437235137964,1
2540,2206,381876.999862575,1334570676.99986,-2399941.0061069,5383371.5229414,2429102.84502844,22.5336614974917,114.027614498553,6.38603530496114,0.778041920111107,0.426312424741656,-0.20698377425935,0.911007022885078,1
2541,2206,381877.999867215,1334570677.99987,-2399939.75811055,5383371.98193942,2429102.55702663,22.5336594030457,114.027601601387,6.19352525520759,0.832705839519484,0.456235317458917,-0.20056986894132,0.970452447260465,1
2542,2206,381878.999869434,1334570678.99987,-2399938.65410144,5383372.38493956,2429102.09103184,22.5336557980774,114.027590204265,5.93971526391528,0.777042367961763,0.462922526419753,-0.243961354145473,0.9368080109558,1
2543,2206,381879.999870376,1334570679.99987,-2399937.17411512,5383372.82893441,2429101.55402436,22.5336520010103,114.027575306747,5.55187418227004,0.888387293428622,0.505981298376289,-0.188024092194146,1.03952013769692,1
2544,2206,381880.999871025,1334570680.99987,-2399935.93712169,5383373.69393715,2429101.32501253,22.5336490997886,114.02756090026,5.72862315549056,0.943613904910054,0.487475031064358,-0.0971703588426771,1.06652763025081,1
2545,2206,381881.999871828,1334570681.99987,-2399935.02511589,5383374.57893226,2429100.83503001,22.5336435006966,114.027549300063,5.9444522850953,0.904205156722961,0.528657764090166,-0.234250526180481,1.07328435467636,1
2546,2206,381882.999873065,1334570682.99987,-2399934.12110348,5383375.10293688,2429100.35303178,22.5336390979547,114.027539199674,5.86180895401209,0.815214649274602,0.497254735049135,-0.250441762135849,0.987197179970855,1
2547,2206,381883.999874992,1334570683.99988,-2399933.15508917,5383375.08194274,2429099.75102396,22.5336355042177,114.027530705959,5.25008495506589,0.713362221869745,0.457911172546164,-0.19179397622008,0.869110597592649,1
2548,2206,381884.999876896,1334570684.99988,-2399932.20407512,5383375.50294323,2429099.06603491,22.533629800147,114.027520595964,4.9850775459542,0.610310434768779,0.461147608536558,-0.283733463582548,0.815868017514593,1
2549,2206,381885.99987781,1334570685.99988,-2399931.48604097,5383375.60896255,2429098.56502475,22.5336262979304,114.027513801221,4.61247258688973,0.335420716050315,0.306411460316148,-0.202646121461589,0.497454008238154,1
2550,2206,381886.999878492,1334570686.99988,-2399931.10602918,5383375.94496905,2429098.26902175,22.5336233024151,114.027509097318,4.63958013017117,0.240169280376631,0.254761108806634,-0.179052066604158,0.393248201969487,1
2551,2206,381887.999880868,1334570687.99988,-2399931.02700376,5383375.99498444,2429097.93901255,22.5336205030972,114.02750819772,4.52558556474951,0.0315322517112955,0.130533781660241,-0.105380360598516,0.17069965275999,1
2552,2206,381888.999886162,1334570688.99989,-2399930.83900742,5383376.27898895,2429097.8590004,22.5336192029459,114.027505404466,4.66381139945752,0.065239132328025,0.0971236426925916,-0.00350715065925403,0.11705317792584,1
2553,2206,381889.999888619,1334570689.99989,-2399930.91398526,5383376.22100141,2429097.72999539,22.53361820456,114.027506299681,4.59365229541887,-0.13233981847261,-0.0126601227237138,0.0412939389792528,0.13920953867162,1
2554,2206,381890.999889352,1334570690.99989,-2399930.69300842,5383376.53398734,2429097.6430043,22.5336168010662,114.027503098897,4.74124933788136,0.076171666382879,0.114505360631175,-0.0388527012490288,0.142909526509489,1
2555,2206,381891.999890305,1334570691.99989,-2399930.1540487,5383377.26896481,2429097.56601675,22.5336145952504,114.027495404601,5.12909072644961,0.444063624001878,0.320930155654842,-0.152682513827588,0.568771146419221,1
2556,2206,381892.999892249,1334570692.99989,-2399929.12906922,5383377.87495728,2429097.44301347,22.5336130981632,114.027483905685,5.20769673620133,0.642522027670171,0.396584407990184,-0.124990446299314,0.765334149485318,1
2557,2206,381893.999894138,1334570693.99989,-2399928.36807304,5383378.51895141,2429097.17502339,22.5336098996579,114.027474600148,5.36208052703743,0.689988430427422,0.45902303828564,-0.220950833018211,0.85767444546991,1
2558,2206,381894.999894861,1334570694.99989,-2399927.27009931,5383379.11294128,2429096.80701946,22.5336064998294,114.027462500657,5.30921856055249,0.944605646978535,0.558480607172092,-0.185143156818675,1.11286046088799,1
2559,2206,381895.999896369,1334570695.9999,-2399926.42709538,5383380.0769388,2429096.23902974,22.5335999031384,114.027451200409,5.58775459588824,0.920302128555549,0.590632569603715,-0.287059259975642,1.1305776659913,1
2560,2206,381896.99990143,1334570696.9999,-2399925.43609164,5383380.78494143,2429095.77602691,22.5335951998277,114.027439599387,5.63490091117305,0.929675037593407,0.594201133944434,-0.27304939247144,1.13662950596673,1
2561,2206,381897.999902977,1334570697.9999,-2399924.44508724,5383381.44194524,2429095.34202278,22.53359089959,114.027428200218,5.65013659852491,0.899172100278474,0.564386905081605,-0.234795268731346,1.08727727041699,1
2562,2206,381898.999903723,1334570698.9999,-2399923.79007362,5383381.94395566,2429095.01401305,22.5335874999048,114.027420397641,5.70159869562192,0.764652600832178,0.460550510115959,-0.135564472697249,0.902872138558483,1
2563,2206,381899.999905633,1334570699.99991,-2399923.14406328,5383382.36296234,2429094.96800848,22.5335867020761,114.027413003536,5.7944946470198,0.670598112149128,0.399042562943574,-0.0897966208172533,0.785493620705317,1
2564,2206,381900.999907543,1334570700.99991,-2399922.55804895,5383382.86797083,2429094.98800482,22.5335860983826,114.027405801708,6.00780059763184,0.52944086064678,0.315531530806104,-0.0521392108540703,0.618535584395702,1
2565,2206,381901.999909469,1334570701.99991,-2399921.91205332,5383383.41596508,2429094.82301391,22.5335839003727,114.027397897192,6.16392036988878,0.589029426833311,0.385802837326339,-0.15365560658796,0.720700728735962,1
2566,2206,381902.999911382,1334570702.99991,-2399921.46104279,5383384.01997019,2429094.78401435,22.5335823014581,114.027391502168,6.48890672898866,0.482878070325915,0.336428216023425,-0.161948863702971,0.610395453614349,1
2567,2206,381903.999913285,1334570703.99991,-2399920.8260449,5383384.79397206,2429094.71800995,22.5335801992274,114.027382800741,6.87776174153939,0.517786776693129,0.322307350336409,-0.114784401400789,0.620613110564121,1
2568,2206,381904.999915212,1334570704.99992,-2399920.39004341,5383385.3569743,2429094.76200732,22.5335794010366,114.02737670127,7.205608567307,0.511928084971066,0.303178940198294,-0.0863395404738075,0.60120075699481,1
2569,2206,381905.99991713,1334570705.99992,-2399919.86304209,5383385.71597453,2429094.77300849,22.5335791006612,114.027370601307,7.31448615149305,0.507873295889526,0.307368624456163,-0.102442295064764,0.602416118472855,1
2570,2206,381906.999919035,1334570706.99992,-2399919.42703281,5383386.20297616,2429094.46401457,22.5335755984277,114.027364802584,7.44293942127977,0.405242021073267,0.294487829747681,-0.180001120243293,0.532301212474559,1
2571,2206,381907.999920957,1334570707.99992,-2399918.4410537,5383386.56796922,2429094.1960093,22.5335735986751,114.027354603839,7.27733494850149,0.679469509864387,0.389465006648314,-0.117719223463255,0.791971982971439,1
2572,2206,381908.999922863,1334570708.99992,-2399917.69306126,5383387.23996692,2429094.04900867,22.533571302492,114.027345302928,7.5066020721318,0.794205693602779,0.428948816881934,-0.112425873374869,0.909614945050698,1
2573,2206,381909.999923528,1334570709.99992,-2399916.90006167,5383387.91197194,2429094.01399805,22.5335700038049,114.02733560239,7.76186625399452,0.806484360301131,0.367032847365631,0.025521677363855,0.886443168212781,1
2574,2206,381910.999926734,1334570710.99993,-2399915.6900729,5383388.60997043,2429094.04999183,22.533569802772,114.027322096704,7.90944577889618,0.995019922520946,0.403671003823519,0.111496079832348,1.0795583825618,1
2575,2206,381911.999929915,1334570711.99993,-2399914.43007921,5383388.88896906,2429094.14598838,22.5335714970495,114.027309805475,7.70773654952423,1.13022531913841,0.441456034708272,0.165833365455733,1.22466052753416,1
2576,2206,381912.999930562,1334570712.99993,-2399913.30807208,5383389.20196966,2429094.13499354,22.5335719970111,114.027298604786,7.54560549985457,1.03801449185282,0.436982126805169,0.0930589104143321,1.13008292848407,1
2577,2206,381913.999932452,1334570713.99993,-2399912.42706674,5383389.80296373,2429093.69901223,22.533567702311,114.02728840395,7.55420443539986,0.987940352874391,0.53695618369015,-0.181196349067083,1.13893819013848,1
2578,2206,381914.99993438,1334570714.99993,-2399911.66205757,5383390.48696267,2429093.13302464,22.533561897428,114.027278904458,7.62663126188343,0.877357431256929,0.568877150560998,-0.375576155485933,1.11105117937103,1
2579,2206,381915.999936283,1334570715.99994,-2399910.90204932,5383391.03096479,2429092.5630281,22.5335564945603,114.027270003482,7.58129833207745,0.774070520736482,0.552549126772962,-0.44111282056018,1.04836836514336,1
2580,2206,381916.999938204,1334570716.99994,-2399910.4020451,5383391.77996489,2429091.84003239,22.533548801215,114.027262599577,7.74805727742544,0.72980930401342,0.56824387931662,-0.524110991413024,1.06311573120018,1
2581,2206,381917.999940124,1334570717.99994,-2399909.65704476,5383392.3329638,2429091.07203514,22.5335416972518,114.027253796242,7.64008021229266,0.747604634581098,0.604584128886141,-0.58690816046155,1.12645277191923,1
2582,2206,381918.999942022,1334570718.99994,-2399908.65104915,5383392.67796571,2429090.39802544,22.5335364024286,114.027243498906,7.29449414450957,0.847707773297476,0.591323654488235,-0.438820553548747,1.12286936527947,1
2583,2206,381919.999943944,1334570719.99994,-2399907.70404983,5383393.38196847,2429089.96501905,22.5335318999401,114.02723230443,7.36631542892832,0.889016753419811,0.562552246158074,-0.339787831375218,1.10556392301362,1
2584,2206,381920.99994463,1334570720.99994,-2399906.84504883,5383394.03296987,2429089.6350171,22.533528300134,114.027222101035,7.46599247588346,0.881878760777048,0.544096565927293,-0.308750146803415,1.08123904614783,1
2585,2206,381921.999949292,1334570721.99995,-2399906.15604468,5383394.81197083,2429089.37001944,22.5335245984062,114.027212900342,7.76249755574811,0.881058117623219,0.575328345674568,-0.383376962984844,1.1199303584214,1
2586,2206,381922.999949708,1334570722.99995,-2399905.28104309,5383395.52797104,2429088.89402119,22.5335195979524,114.027202297618,7.85504261043363,0.856821024889339,0.575780229964326,-0.421364420646138,1.11499467124137,1
2587,2206,381923.999950129,1334570723.99995,-2399904.36004726,5383396.18997239,2429088.55801426,22.5335160006444,114.027191500263,7.93838348096482,0.9477208121847,0.553602176775901,-0.28595145890155,1.13420383742384,1
2588,2206,381924.999954815,1334570724.99995,-2399903.103048,5383396.83197549,2429088.39700684,22.5335143996577,114.027177798832,7.94555178093148,1.06227578689246,0.542368401196472,-0.151469936482179,1.20230465011674,1
2589,2206,381925.999955457,1334570725.99996,-2399902.08704908,5383398.06397543,2429088.46400882,22.5335124960393,114.02716390191,8.62847048851554,1.10188807675828,0.551721750339867,-0.197939647479385,1.24809227525228,1
2590,2206,381926.999957335,1334570726.99996,-2399900.94804614,5383398.69197671,2429088.10200844,22.5335090965736,114.02715130354,8.59117846897616,1.08145591725385,0.545889697322998,-0.197822329039468,1.22746736676515,1
2591,2206,381927.999959258,1334570727.99996,-2399900.10204307,5383399.59997713,2429087.75201158,22.533504499353,114.027140198344,8.90489320216792,1.05702545970109,0.561312015633141,-0.284224249824687,1.23010464007695,1
2592,2206,381928.999960996,1334570728.99996,-2399899.04804356,5383400.29097807,2429087.41600918,22.5335009978289,114.02712810533,8.96268119735877,1.11685776116743,0.562218421966328,-0.235493120358996,1.27236701561093,1
2593,2206,381929.999963097,1334570729.99996,-2399898.11704006,5383401.48798109,2429087.86900711,22.5335023046274,114.027115101575,9.79596502638211,1.08545620736017,0.512372920146657,-0.192662298477028,1.21567263218795,1
2594,2206,381930.999963663,1334570730.99996,-2399897.08304097,5383402.20098018,2429087.62900826,22.5334995061475,114.027103099069,9.91662434090132,1.12757257639881,0.545543522247571,-0.227372182431201,1.27308120678002,1
2595,2206,381931.99996817,1334570731.99997,-2399896.31503031,5383402.72698442,2429087.1340088,22.5334947969804,114.027094198293,9.88184227896695,0.952130134229234,0.489546911819126,-0.276365548725606,1.10570605854424,1
2596,2206,381932.999968865,1334570732.99997,-2399895.36003002,5383403.51598491,2429087.06800846,22.5334930982702,114.02708259637,10.1630090935442,0.964276650270971,0.484558882794981,-0.27157528728464,1.11282519104173,1
2597,2206,381933.999970762,1334570733.99997,-2399894.48602539,5383403.97898824,2429086.82000525,22.5334907977655,114.027073003879,10.1298704985646,0.868452789106783,0.402276064001821,-0.179412273866029,0.973768474838823,1
2598,2206,381934.999972681,1334570734.99997,-2399893.12402641,5383404.43698437,2429086.03201149,22.5334846966769,114.027059098513,9.70204446503011,0.966824000359462,0.572265875389915,-0.420729979895419,1.19968770760963,1
2599,2206,381935.999974599,1334570735.99997,-2399891.86902805,5383405.13298277,2429085.59301273,22.5334806034853,114.027045201141,9.64898736291329,1.10446481980226,0.678501490131989,-0.501097673820723,1.38971424724679,1
2600,2206,381936.9999765,1334570736.99998,-2399890.61302549,5383405.82798353,2429084.8880132,22.5334742961663,114.027031298804,9.49277367008663,1.08465545350692,0.700810919503227,-0.561861379104352,1.40829741427239,1
2601,2206,381937.999978424,1334570737.99998,-2399889.38302403,5383406.50498519,2429084.32601071,22.5334692018287,114.02701769856,9.38595420848039,1.11399946811865,0.686545029541987,-0.49642166979946,1.39956184815246,1
2602,2206,381938.999980365,1334570738.99998,-2399887.98702175,5383407.0109873,2429083.68200805,22.5334641979294,114.027003301284,9.04102137767247,1.10768247925409,0.646706307238137,-0.409773769962261,1.3465155272841,1
2603,2206,381939.999982274,1334570739.99998,-2399886.70701991,5383407.57598872,2429083.29600646,22.533460996063,114.026989700406,8.88835981746997,1.12316115705714,0.636517871716996,-0.364265132349697,1.34139295971867,1
2604,2206,381940.999984159,1334570740.99998,-2399885.42701745,5383408.24199035,2429083.08100503,22.5334589012575,114.026975699764,8.88643579905339,1.10136390526939,0.609287900569362,-0.317844383503653,1.29817535400087,1
2605,2206,381941.999984897,1334570741.99998,-2399884.23001636,5383408.81699043,2429082.52100568,22.5334540995282,114.026962796241,8.70674517119781,1.08294135057632,0.633397669434315,-0.375995592014682,1.30970502848823,1
2606,2206,381942.999989179,1334570742.99999,-2399883.04001167,5383409.53299355,2429082.19600329,22.5334508023536,114.026949396745,8.73869593089097,1.07866409539925,0.596334092245733,-0.303774609104165,1.26941309013828,1
2607,2206,381943.999989929,1334570743.99999,-2399881.64901232,5383410.50499414,2429082.25700156,22.5334501988437,114.026933199465,9.05894675909592,1.22288337083034,0.582307393365719,-0.154804525015522,1.36326449377479,1
2608,2206,381944.999991833,1334570744.99999,-2399880.34100953,5383411.61299548,2429082.20400153,22.533448097664,114.026917200787,9.48145837922693,1.16698346289893,0.552961562564188,-0.186808463268795,1.30480431264687,1
2609,2206,381945.99999374,1334570745.99999,-2399879.02800756,5383412.40699659,2429082.20000087,22.5334474047151,114.026902400538,9.65596948000816,1.20689697150286,0.544454806577686,-0.139387943057717,1.33133779894443,1
2610,2206,381946.999995648,1334570747.0,-2399877.89600486,5383413.40599784,2429082.31500069,22.5334468013415,114.026888395918,10.1170982678376,1.1177240536982,0.496423750586167,-0.157682962882485,1.23312915671676,1
2611,2206,381947.99999757,1334570748.0,-2399876.53500289,5383414.01599875,2429082.04000032,22.5334444972188,114.02687389777,10.0144777348675,1.18854610107437,0.514383954221022,-0.130365442825832,1.30162507482851,1
2612,2206,381948.999999494,1334570749.0,-2399875.2740006,5383414.64799972,2429081.8750001,22.533442900157,114.026860200402,10.0101798314892,1.188348826847,0.551659466903155,-0.199568830746283,1.32526556580104,1
2613,2206,381950.000001393,1334570750.0,-2399873.96599827,5383415.45300078,2429081.85099976,22.5334419985738,114.026845401009,10.188188112058,1.23960018292787,0.557039264712481,-0.171543925041242,1.36979147105126,1
2614,2206,381951.000002144,1334570751.0,-2399872.80799757,5383416.54500124,2429081.72199926,22.5334391026869,114.02683079748,10.6244910066999,1.13207733657877,0.579650608798994,-0.345101006853008,1.31783482622341,1
2615,2206,381952.000006426,1334570752.00001,-2399871.74499263,5383417.57000374,2429081.58299774,22.5334362012942,114.026817302558,11.0361664073793,1.14633894184854,0.582052240503055,-0.352007480624593,1.33296175739918,1
2616,2206,381953.000007166,1334570753.00001,-2399870.66799174,5383418.64200411,2429081.59099751,22.5334343971994,114.026803497357,11.5385613601101,1.15333701422991,0.573705826414866,-0.347702609231268,1.33424950744655,1
2617,2206,381954.000009062,1334570754.00001,-2399869.60099075,5383419.22900522,2429081.09399581,22.5334298998084,114.02679170056,11.4420314850376,1.02075226745711,0.576415071603634,-0.462854099152624,1.26032672089146,1
2618,2206,381955.000010973,1334570755.00001,-2399868.61398807,5383420.14800649,2429080.74799517,22.5334254998042,114.026779299987,11.7135385706737,1.08752547794541,0.591189782858981,-0.440387892008484,1.3138335206429,1
2619,2206,381956.000012899,1334570756.00001,-2399867.29598529,5383420.55300727,2429080.198996,22.5334214976397,114.026765995003,11.3491459076845,1.14021248094809,0.563877062019841,-0.310246569848243,1.30931080224847,1
2620,2206,381957.000014813,1334570757.00001,-2399866.06398281,5383421.22500858,2429079.68199528,22.5334167972617,114.026752396798,11.25460765753,1.16073203609798,0.579229445565958,-0.318714581218623,1.33580859202064,1
2621,2206,381958.000016728,1334570758.00002,-2399864.85498076,5383421.74601008,2429079.19599399,22.5334128003159,114.026739600458,11.0532119534689,1.1503992169154,0.602426520412276,-0.359070898309513,1.34731881185872,1
2622,2206,381959.000018649,1334570759.00002,-2399863.5639784,5383422.26101101,2429078.60999394,22.5334081037936,114.026726099821,10.7775940352015,1.15799875778063,0.590295110144212,-0.324852299039483,1.33975313258559,1
2623,2206,381960.00002056,1334570760.00002,-2399862.28597611,5383422.80401095,2429078.50299606,22.5334072957798,114.026712603787,10.7140503965139,1.1618236265614,0.532560790001612,-0.191533220577429,1.29233900694368,1
2624,2206,381961.000022461,1334570761.00002,-2399861.04897559,5383423.06101249,2429077.86399353,22.5334028965543,114.026700603761,10.2207751121342,1.08679394261517,0.555979045816601,-0.288011185180864,1.25426640546634,1
2625,2206,381962.000024378,1334570762.00002,-2399859.86697472,5383423.44201472,2429077.0419898,22.5333965014897,114.026688601265,9.78266450944598,1.03706168874553,0.603691785771165,-0.418454833297414,1.27084427290729,1
2626,2206,381963.000026317,1334570763.00003,-2399858.550972,5383423.54801533,2429076.46399182,22.5333931996943,114.026676497464,9.15566863110823,1.06412149594093,0.582325603228895,-0.310947413981592,1.2522563477824,1
2627,2206,381964.000028241,1334570764.00003,-2399857.10596706,5383423.71601753,2429075.9839924,22.5333907010924,114.026663002904,8.57001960014608,1.16630052606084,0.620813450277048,-0.269236999324775,1.34838971330253,1
2628,2206,381965.000030148,1334570765.00003,-2399855.69496473,5383424.06301824,2429075.61299367,22.5333884979706,114.026649101769,8.18993793860931,1.17004355239953,0.604987933732785,-0.209876635352619,1.33381427363067,1
2629,2206,381966.00003206,1334570766.00003,-2399854.47896593,5383424.41802043,2429074.96698803,22.5333837009735,114.026636900322,7.78455463527434,1.06261695206025,0.63726674500953,-0.373228659013849,1.29404919651849,1
2630,2206,381967.000033979,1334570767.00003,-2399853.21696139,5383424.8970218,2429074.59898927,22.5333808957029,114.026623799624,7.57301727744354,1.13621572188768,0.641615334508101,-0.315827510338689,1.34253618961554,1
2631,2206,381968.000035882,1334570768.00004,-2399851.92295726,5383425.35402301,2429074.1819912,22.533377796357,114.02661050189,7.3121083783507,1.19116375244352,0.641120678203208,-0.245181547406495,1.3747802734778,1
2632,2206,381969.000036617,1334570769.00004,-2399850.66695871,5383425.74602186,2429073.81899306,22.5333752993273,114.026597798868,7.03134895588129,1.12763601730412,0.596988190061145,-0.189483572360969,1.2899077140589,1
2633,2206,381970.000038146,1334570770.00004,-2399849.41995399,5383426.18302346,2429073.43799459,22.5333724972402,114.026584997579,6.78503963541341,1.20608083440874,0.615032781621894,-0.141765438425131,1.36124712713361,1
2634,2206,381971.000043215,1334570771.00004,-2399848.16294845,5383426.67202775,2429073.08699119,22.533369795061,114.026571901673,6.59033519625159,1.19289607193824,0.642142522615006,-0.203985201898277,1.370021175161,1
2635,2206,381972.000044749,1334570772.00004,-2399846.94194888,5383427.16702942,2429072.6129875,22.5333659972523,114.026559101712,6.36709526057315,1.14227558063323,0.657514060166511,-0.2794631094401,1.34730021560362,1
2636,2206,381973.000045488,1334570773.00005,-2399845.81895281,5383427.95902978,2429072.19598253,22.5333615980272,114.026545996382,6.45311193741063,1.03735166505607,0.654671224764765,-0.384007973824318,1.28536182201365,1
2637,2206,381974.000047391,1334570774.00005,-2399844.6739476,5383428.6730305,2429071.93798577,22.5333588026311,114.026533004361,6.52598445892771,1.10583905349168,0.643543624513878,-0.300217549583871,1.31421420855124,1
2638,2206,381975.000049296,1334570775.00005,-2399843.38194525,5383429.33803119,2429071.61198635,22.5333558020287,114.02651890115,6.47617738457133,1.11065852379658,0.63269336910894,-0.276961108559233,1.30788788183497,1
2639,2206,381976.000050048,1334570776.00005,-2399842.03294051,5383429.79803371,2429071.32998625,22.5333538966938,114.026505103206,6.248852659824,1.18872143679634,0.673591289045489,-0.274683906899334,1.39364096082406,1
2640,2206,381977.000054322,1334570777.00005,-2399840.8479396,5383430.29903489,2429070.97198444,22.5333509967582,114.026492599118,6.08866818443547,1.11182401736438,0.642253655947498,-0.286549054494743,1.31558077091376,1
2641,2206,381978.000055069,1334570778.00006,-2399839.62794011,5383430.61903525,2429070.56398374,22.533348301202,114.026480500679,5.74346380237459,1.08761148661739,0.640160935277537,-0.295218536419762,1.29609365137066,1
2642,2206,381979.000056966,1334570779.00006,-2399838.34893279,5383431.11004064,2429070.00598006,22.5333438971109,114.026467201506,5.46284876631728,1.17975701747224,0.713346957835079,-0.350116200716389,1.42241760975166,1
2643,2206,381980.000058901,1334570780.00006,-2399837.16593311,5383431.66503989,2429069.63298105,22.533340698585,114.026454501465,5.34322483656348,1.13568320734094,0.67727938073512,-0.321645837746991,1.36085993105283,1
2644,2206,381981.000060822,1334570781.00006,-2399835.8759263,5383432.36004038,2429069.48698567,22.5333391017445,114.026440297235,5.38846018576701,1.21169085792446,0.663930430693645,-0.235625941420906,1.40161261989511,1
2645,2206,381982.000062722,1334570782.00006,-2399834.72292815,5383433.3100397,2429069.47198376,22.5333375984682,114.026426300187,5.75054515759325,1.14555386516782,0.633047155665462,-0.25892858669584,1.33419877540993,1
2646,2206,381983.000064641,1334570783.00006,-2399833.46892579,5383434.03304103,2429069.23498251,22.5333351033148,114.026412304803,5.79806849037448,1.14807159298075,0.634790054488666,-0.270541832733249,1.33948485588518,1
2647,2206,381984.000066554,1334570784.00007,-2399832.2409231,5383434.86604081,2429069.21098511,22.5333340004985,114.026398104896,6.02979538855723,1.15543785107752,0.613319094606794,-0.2238222958144,1.32713727986805,1
2648,2206,381985.00006847,1334570785.00007,-2399831.12992025,5383435.88704595,2429068.76297533,22.5333286019176,114.026384199678,6.30163963742848,1.16466221017701,0.671219257931191,-0.360268571634863,1.39167769247765,1
2649,2206,381986.000070381,1334570786.00007,-2399830.03991826,5383436.98004411,2429068.65697944,22.5333257989105,114.026370195978,6.77318436485458,1.16141895323355,0.626793211205805,-0.292202839752146,1.35171972468519,1
2650,2206,381987.000072295,1334570787.00007,-2399828.94291753,5383437.70204459,2429068.24197902,22.5333216010171,114.026357598517,6.81069585246131,1.14076126371143,0.616921816132363,-0.290216620342084,1.32896744682755,1
2651,2206,381988.00007421,1334570788.00007,-2399827.70690084,5383438.87104803,2429068.17598386,22.5333190971527,114.026341997592,7.30677846560019,1.33623073333475,0.64721165696728,-0.217497135850816,1.50056672818171,1
2652,2206,381989.000076124,1334570789.00008,-2399826.55990804,5383439.6840448,2429068.20698249,22.5333184021312,114.026328596119,7.57317314964179,1.20804211570579,0.588589683427981,-0.230005914246505,1.36334378985829,1
2653,2206,381990.000078039,1334570790.00008,-2399825.38290758,5383440.45404663,2429068.09597747,22.5333167008429,114.02631509839,7.73759252394479,1.18427930897578,0.597589681418154,-0.288721139974627,1.35756797460527,1
2654,2206,381991.000079948,1334570791.00008,-2399824.35490612,5383441.30504643,2429067.78897741,22.5333128988115,114.026302602986,7.95126961399929,1.17428592754064,0.58085634695552,-0.2824956602052,1.34020346718446,1
2655,2206,381992.000081866,1334570792.00008,-2399823.21590214,5383442.21305011,2429067.58097207,22.5333098987155,114.026288896419,8.2092290126774,1.19539999402371,0.612195448647305,-0.341095396848148,1.38568051253071,1
2656,2206,381993.000083761,1334570793.00008,-2399821.93089564,5383443.09404937,2429067.76997932,22.5333105011526,114.026274000433,8.54164288756635,1.24595661096454,0.589534222653215,-0.246782783481544,1.40030718712305,1
2657,2206,381994.000085167,1334570794.00009,-2399820.73589402,5383443.97504884,2429067.90198051,22.5333105012856,114.026259903567,8.88605970604767,1.24438397915691,0.573503792843917,-0.228756421063349,1.38914635232089,1
2658,2206,381995.000087605,1334570795.00009,-2399819.45489147,5383444.81704959,2429068.05198045,22.5333108959864,114.026245197486,9.17213133604795,1.2389271048767,0.566070786211037,-0.22308351964136,1.3802690907701,1
2659,2206,381996.000088547,1334570796.00009,-2399818.15888784,5383445.57304982,2429068.15598307,22.5333111999903,114.026230698598,9.36238207879585,1.26665467972227,0.562691077458873,-0.191159702978707,1.39913450331162,1
2660,2206,381997.000089129,1334570797.00009,-2399816.92089217,5383446.20704728,2429068.24698523,22.5333116994479,114.026217197614,9.46654098004867,1.2098441737047,0.530528710752212,-0.165569259149278,1.33138905551865,1
2661,2206,381998.000089803,1334570798.00009,-2399815.73889889,5383446.84003872,2429068.4789976,22.5333132993346,114.026204197836,9.64495034894529,1.12591772303511,0.431187136162531,-0.0266062236539834,1.20595230277725,1
2662,2206,381999.000091861,1334570799.00009,-2399814.84391323,5383447.25702171,2429068.94102012,22.533317096083,114.026194601227,9.83720845728926,0.944452233091482,0.236317922201355,0.219103573532386,0.997919113395326,1
2663,2206,382000.000097669,1334570800.0001,-2399814.34393355,5383447.5500114,2429069.30402154,22.5333199022526,114.026189002477,10.0354654314534,0.680324630452176,0.116748615889652,0.220600967149901,0.72466311401886,1
2664,2206,382001.000103979,1334570801.0001,-2399813.9479445,5383447.825007,2429069.70101816,22.5333229023261,114.02618439824,10.2706775988415,0.533739091198061,0.0672896556664542,0.17472972639606,0.565628670170708,1
2665,2206,382002.000105655,1334570802.00011,-2399813.62296859,5383447.72799622,2429070.05301901,22.5333266028671,114.026181896858,10.2015164494358,0.297345395656227,-0.0358477213763321,0.179937278743966,0.349394859331984,1
2666,2206,382003.000105326,1334570803.00011,-2399813.30798907,5383447.45099334,2429070.33800749,22.5333302992939,114.026180196618,9.9585872961389,0.103779291778221,-0.0633600472373651,0.0711577314679314,0.140883142126986,1
2667,2206,382004.000104848,1334570804.0001,-2399813.11200279,5383447.0349898,2429070.41100467,22.5333324992034,114.026180103022,9.56190331240088,-0.0265823050022225,-0.0972801090654576,0.0445430414500343,0.11024573053247,1
2668,2206,382005.000105152,1334570805.00011,-2399812.93799501,5383446.99999502,2429070.51200216,22.5333336974065,114.026178696577,9.50564578704223,0.0473933989860358,-0.0473095479928504,0.0206155378312474,0.0700665968833152,1
2669,2206,382006.000105352,1334570806.00011,-2399812.95799625,5383447.19599626,2429070.61399818,22.5333339004491,114.026178098411,9.71760732499918,0.0355746689782205,-0.0354946075675569,-0.0171935378219461,0.0531134821125439,1
2670,2206,382007.000105655,1334570807.00011,-2399812.90399973,5383447.25099577,2429070.78199664,22.5333352039539,114.026177401315,9.80808061476608,0.00257874442166163,-0.0400192188491408,-0.0317345569140493,0.0511397096454283,1
2671,2206,382008.000106579,1334570808.00011,-2399812.84299663,5383447.34199664,2429070.96199793,22.5333365036532,114.026176499521,9.93089053574528,0.0315853962606377,-0.0313708213472658,-0.0193428123839695,0.0485377181155544,1
2672,2206,382009.000109159,1334570809.00011,-2399812.8379973,5383447.65899717,2429071.14099493,22.533337001729,114.026175200484,10.2650372000875,0.0246967712240792,-0.0258191708470436,-0.0464679124586792,0.0586159277022108,1
2673,2206,382010.000114257,1334570810.00011,-2399812.82699659,5383447.83699768,2429071.12199385,22.5333362961203,114.026174398308,10.4037852375329,0.0298616142884271,-0.0202721933644417,-0.0537565947689746,0.0647491259622233,1
2674,2206,382011.00012042,1334570811.00012,-2399812.78899845,5383447.85299534,2429071.25399733,22.5333374001278,114.02617399762,10.4535778701902,0.0129484491070244,-0.0386744007785034,-0.0220512144068447,0.0463640773300854,1
2675,2206,382012.000124864,1334570812.00012,-2399812.65499594,5383447.8289949,2429071.51000022,22.533339800103,114.026172902853,10.4810416487803,0.0325281674435136,-0.0408178812356036,0.00183607526766561,0.0522259732143465,1
2676,2206,382013.000127104,1334570813.00013,-2399812.5139945,5383447.84299204,2429071.62300831,22.5333408971262,114.026171595555,10.483130659609,0.0433574318424537,-0.0626613095112714,0.0653342974200093,0.100373686915479,1
2677,2206,382014.000128147,1334570814.00013,-2399812.29099423,5383447.66999493,2429071.66400376,22.5333421000825,114.026170300321,10.2690315112129,0.0450526311362606,-0.0395385182785827,0.0292649998994966,0.0667043793096324,1
2678,2206,382015.000128797,1334570815.00013,-2399812.14498657,5383447.61999834,2429071.53600574,22.5333413962128,114.026169201854,10.1228921695488,0.104206431971705,-0.0128461040002045,0.0445681586268634,0.114062805575029,1
2679,2206,382016.000129458,1334570816.00013,-2399812.16699528,5383447.66899673,2429071.49900035,22.5333409016691,114.026169203331,10.1583242956626,0.0364418609619805,-0.025221172008344,0.00277717803043492,0.0444052864607304,1
2680,2206,382017.000130346,1334570817.00013,-2399812.13899638,5383447.70799765,2429071.62899752,22.5333419021446,114.026168800379,10.2305147476112,0.0278043231404263,-0.0180633834408173,-0.0189826957675761,0.0382061375335376,1
2681,2206,382018.000131656,1334570818.00013,-2399812.0609996,5383447.68399652,2429071.77399707,22.5333432973374,114.026168202868,10.2365012573534,0.00312841618777123,-0.0264365272371683,-0.0221646065813511,0.0346402474747442,1
2682,2206,382019.00013357,1334570819.00013,-2399811.90599823,5383447.6159967,2429072.08199818,22.533346299687,114.026167095804,10.2388756169417,0.0133512880166204,-0.0247083134164562,-0.0134916580905205,0.0311573824577754,1
2683,2206,382020.000135479,1334570820.00014,-2399811.66499612,5383447.5029963,2429072.37000133,22.5333493986475,114.026165403278,10.1632801522622,0.0287295384921475,-0.0273666682813285,0.00993334055575067,0.0409022269490132,1
2684,2206,382021.000136601,1334570821.00014,-2399811.44399707,5383447.33599679,2429072.60499993,22.5333521979958,114.026164102074,10.0293394958727,0.0215593234773438,-0.0236304150563775,-0.000464601756351913,0.0319908861916863,1
2685,2206,382022.000137264,1334570822.00014,-2399811.20799884,5383447.03499808,2429072.72699746,22.5333544994865,114.02616319805,9.73340788109289,0.00855651223722339,-0.0140769770512504,-0.0183779798931346,0.0246804645320878,1
2686,2206,382023.000137871,1334570823.00014,-2399810.98999881,5383446.79799701,2429072.97199942,22.5333575993072,114.026162200531,9.54537314466742,0.00872549125051755,-0.0217942640658823,-0.00420723784526644,0.0238500522855383,1
2687,2206,382024.00013946,1334570824.00014,-2399810.71399266,5383446.50700238,2429072.9469965,22.5333586994267,114.026160901696,9.18650180974323,0.0526892812685643,0.0170184972963594,-0.0251239239360795,0.0608029700324744,1
2688,2206,382025.000144695,1334570825.00014,-2399810.53998643,5383446.41999406,2429073.00502146,22.5333597036004,114.026159701128,9.0698967670899,0.0938055607985476,-0.0411260283865662,0.148239156437733,0.180182354710314,1
2689,2206,382026.000152134,1334570826.00015,-2399810.48199884,5383446.21499739,2429072.98900326,22.5333602996503,114.026159997629,8.86900938265831,0.00760989796162705,-0.0172414748842476,0.0214167258579916,0.0285281466213086,1
2690,2206,382027.000154281,1334570827.00015,-2399810.46900264,5383445.98199797,2429072.92299984,22.5333605038942,114.026160804424,8.64226253251581,-0.0171193802257255,-0.0132137512146587,-0.00104549774658942,0.0216510846382803,1
2691,2206,382028.000153581,1334570828.00015,-2399810.45199925,5383445.86899944,2429072.86499997,22.5333604012434,114.026161100692,8.51831225582812,0.00484646045958944,-0.00356567988656377,-0.00036688244653293,0.00602800587005217,1
2692,2206,382029.000152723,1334570829.00015,-2399810.57601553,5383446.0210056,2429072.47597002,22.5333565011679,114.026161600165,8.54410358846262,-0.101614958328232,0.0366424745017376,-0.196352294806426,0.224103758043921,1
2693,2206,382030.000153353,1334570830.00015,-2399810.48799707,5383446.02501151,2429072.19897549,22.5333543021293,114.026160802827,8.40823180090884,0.0191470603877062,0.0749881037606621,-0.159793548696947,0.177549440529318,1
2694,2206,382031.000153832,1334570831.00015,-2399810.35299701,5383445.87500311,2429072.15499485,22.5333545996504,114.026160197926,8.2140562947172,0.0194962037975373,0.0201182259899925,-0.0334535471424597,0.0436346742386407,1
2695,2206,382032.00015423,1334570832.00015,-2399810.24599744,5383445.68600031,2429072.16100101,22.5333553979089,114.026159995967,8.01667007610704,0.0165861433428029,0.00204826343621258,0.00646650827446783,0.0179195776556227,1
2696,2206,382033.000154649,1334570833.00015,-2399810.29401337,5383445.71600266,2429071.95297983,22.5333535003304,114.026160303537,7.98032020513706,-0.0863720931192905,0.0171988820702441,-0.130396136518726,0.157350222221908,1
2697,2206,382034.000155274,1334570834.00016,-2399810.24200203,5383445.77700189,2429071.91899182,22.5333530973166,114.02615960032,7.99919619131257,-0.0130294752622994,0.0121806986454467,-0.0526900717637185,0.0556271544083271,1
2698,2206,382035.000156434,1334570835.00016,-2399810.17699832,5383445.78300008,2429071.91099907,22.5333531032811,114.026158999436,7.97674749434832,0.0107592628240758,0.000566266898068061,-0.00593418985710836,0.0123002847112413,1
2699,2206,382036.000158642,1334570836.00016,-2399810.17199767,5383445.94799908,2429071.97200063,22.5333530976101,114.026158301991,8.13744221312585,0.0146343305048449,-0.00572276912366366,0.00402099643508018,0.0162198066603372,1
2700,2206,382037.000162436,1334570837.00016,-2399810.21300144,5383446.14199846,2429072.05299686,22.5333531022287,114.026157898222,8.34756581188674,-0.00882606701680894,-0.00956718275449649,-0.0192828803613662,0.0232649934423781,1
2701,2206,382038.000167852,1334570838.00017,-2399810.07999093,5383445.96999822,2429072.15701016,22.5333547008671,114.026157398027,8.19229994544507,0.054058718545361,-0.0106768682352534,0.0605554499179792,0.0818737020101595,1
2702,2206,382039.000173884,1334570839.00017,-2399809.93198873,5383445.81499312,2429072.28902393,22.533356500461,114.026156697462,8.0564641506448,0.0649013311480827,-0.0396177251176769,0.137686421421349,0.157287308998883,1
2703,2206,382040.000179049,1334570840.00018,-2399809.62795565,5383445.7380008,2429072.5800399,22.5333595995492,114.026154302791,7.98869681385641,0.247722027255926,0.00450417130573615,0.222779061538031,0.333192137672399,1
2704,2206,382041.000182592,1334570841.00018,-2399809.3029412,5383445.86801746,2429072.63401783,22.5333600967672,114.026150902517,7.99684014485138,0.322064094820001,0.0957031916566341,0.0976092633450558,0.349874192183787,1
2705,2206,382042.000184707,1334570842.00018,-2399808.87792992,5383446.0770279,2429072.64200494,22.5333601015913,114.026146301762,8.01639459435494,0.379452921549196,0.151023437349864,0.0268068421585201,0.409281327558075,1
2706,2206,382043.000185928,1334570843.00019,-2399808.41292442,5383446.19702406,2429072.77601972,22.5333614953125,114.026141698219,7.99410976835326,0.40650974612219,0.129343904596416,0.106078076690948,0.439582276374998,1
2707,2206,382044.000186708,1334570844.00019,-2399807.99492642,5383446.1690143,2429072.99504113,22.5333639996514,114.026138097828,7.89721708937745,0.394312116473314,0.0764798443266716,0.220388844619298,0.458151126396657,1
2708,2206,382045.000187335,1334570845.00019,-2399807.13187802,5383446.02601939,2429073.4430813,22.5333694047449,114.026131001094,7.6237143196354,0.651173113086127,0.103128313731219,0.434135342607963,0.789389237322537,1
2709,2206,382046.00018798,1334570846.00019,-2399806.47589374,5383445.43998782,2429074.21313944,22.533378604366,114.02612749629,7.17772709890814,0.565172037906572,-0.0648548644684365,0.741786638492668,0.934811747317576,1
2710,2206,382047.000188753,1334570847.00019,-2399806.12192209,5383445.27697548,2429074.99013922,22.5333860992726,114.026124998687,7.20485002688837,0.412918496836815,-0.130095452307934,0.737596039009776,0.855262783303525,1
2711,2206,382048.000189744,1334570848.00019,-2399805.38290652,5383444.85797818,2429075.82215059,22.5333954046735,114.026120095576,6.89229467600337,0.492846502864345,-0.115104707146501,0.793795205557119,0.94141255428126,1
2712,2206,382049.000191062,1334570849.00019,-2399804.49188418,5383444.55198464,2429076.85015694,22.5334062018536,114.026113395596,6.693017450891,0.606209819947567,-0.0806084356105991,0.821745940926816,1.02433122432256,1
2713,2206,382050.000193474,1334570850.00019,-2399803.89490433,5383444.09696787,2429078.32717323,22.5334208009247,114.026109896126,6.65067091595314,0.494486841554624,-0.166133864138204,0.8956694587606,1.03650445085425,1
2714,2206,382051.000194908,1334570851.0002,-2399803.37391269,5383443.83596403,2429079.73517343,22.5334341040318,114.02610630345,6.77412835097006,0.448025053434679,-0.184798273372918,0.890059979654911,1.01345133959656,1
2715,2206,382052.000195353,1334570852.0002,-2399802.78892792,5383443.20595832,2429081.07517217,22.5334480964528,114.026103603063,6.53615937777799,0.369116011701611,-0.213442118308433,0.881641468934538,0.979334390138295,1
2716,2206,382053.000197189,1334570853.0002,-2399802.13191665,5383442.89597147,2429082.41815343,22.5334612037192,114.026098996584,6.54222447189275,0.422781236234609,-0.144622776837992,0.778370211745522,0.897507608783995,1
2717,2206,382054.000202403,1334570854.0002,-2399801.50090103,5383442.89397333,2429083.71316214,22.5334729007276,114.02609340193,6.79951052980154,0.489051516872845,-0.131987804168783,0.801324422410863,0.948004745007655,1
2718,2206,382055.000203736,1334570855.0002,-2399800.97993899,5383442.40896075,2429084.9401547,22.5334854020676,114.026090696111,6.66463362593441,0.299671324955557,-0.19289695201131,0.759724193359766,0.839162074376589,1
2719,2206,382056.000204496,1334570856.0002,-2399800.34594345,5383441.76994907,2429086.40117776,22.5335005014692,114.026087596217,6.44701634631618,0.276713332189254,-0.249074199765333,0.869414740822082,0.945774929229333,1
2720,2206,382057.00020641,1334570857.00021,-2399799.75893473,5383441.5399672,2429087.51014485,22.5335113053231,114.026083294613,6.4572234889743,0.316378982162714,-0.158998705793447,0.701880511656176,0.7861377114991,1
2721,2206,382058.000208323,1334570858.00021,-2399799.1899337,5383441.29698136,2429088.35211471,22.5335198979006,114.02607920436,6.36091275717625,0.318601976283552,-0.08973562431142,0.551063712048126,0.642830394659902,1
2722,2206,382059.000210231,1334570859.00021,-2399798.23389585,5383440.79696829,2429089.72818282,22.533534303112,114.026072695023,6.1068932323736,0.49566157322494,-0.151151955007936,0.869782447146086,1.01244694381384,1
2723,2206,382060.000212149,1334570860.00021,-2399797.36890306,5383440.11896075,2429090.8951985,22.533547398957,114.026067698521,5.65683786526399,0.457109796416125,-0.185429863014152,0.935763981187243,1.05782221028131,1
2724,2206,382061.000214048,1334570861.00021,-2399796.64991953,5383439.28895302,2429092.01820526,22.5335604024451,114.02606459998,5.11659509820914,0.375974743776273,-0.219595617167577,0.959144581447268,1.05334589340658,1
2725,2206,382062.000214787,1334570862.00021,-2399796.18190639,5383438.89595568,2429093.27620789,22.5335727969929,114.026062000086,5.09114345798368,0.435971922918669,-0.2064660988417,0.968024309781056,1.08155944444649,1
2726,2206,382063.000219087,1334570863.00022,-2399795.5088767,5383438.52296171,2429094.5082233,22.533585200427,114.02605750075,4.9955084490987,0.562943098084559,-0.175372543223835,1.01943333046662,1.17766921326156,1
2727,2206,382064.000219828,1334570864.00022,-2399794.78391228,5383437.40194571,2429095.83123074,22.533600800366,114.026055500878,4.28415947886699,0.399054537173701,-0.247225432669973,1.04977781434411,1.14995582423277,1
2728,2206,382065.00022172,1334570865.00022,-2399794.39693558,5383436.76193987,2429097.07022274,22.5336137029195,114.026054598105,4.07351497645013,0.290522176819903,-0.271334152019018,1.00468632850345,1.08047210790367,1
2729,2206,382066.000222298,1334570866.00022,-2399794.15195835,5383436.2639232,2429098.25423701,22.5336254980249,114.026054394122,4.01498964512233,0.187901552494403,-0.345598308823051,1.06597996962861,1.13624754351354,1
2730,2206,382067.000227694,1334570867.00023,-2399793.01185991,5383435.90400721,2429098.90915638,22.5336337047136,114.026045696077,3.53358136468455,0.615291513817463,0.0311203017381505,0.686855884779382,0.922671732856343,1
2731,2206,382068.000227472,1334570868.00023,-2399792.3949142,5383435.07596957,2429099.74919196,22.5336441979697,114.026043495691,2.92493414687838,0.377367325334909,-0.134050208002159,0.843935275103017,0.934131845650843,1
2732,2206,382069.000228162,1334570869.00023,-2399791.75691283,5383434.52796871,2429100.64519897,22.5336543025985,114.026040000009,2.5660658264072,0.382231585686607,-0.137282849054293,0.872096695725462,0.962029215999301,1
2733,2206,382070.000228666,1334570870.00023,-2399791.08189482,5383434.17696156,2429101.60923337,22.5336644041317,114.026035395991,2.38553657280111,0.459988990478115,-0.168877186704166,1.02052237826372,1.1320668266879,1
2734,2206,382071.000229836,1334570871.00023,-2399790.66593551,5383432.81292974,2429102.64027555,22.5336779015641,114.026037101491,1.47349271772803,0.280837063720698,-0.306616138565457,1.19862577985676,1.26869486990579,1
2735,2206,382072.000233669,1334570872.00023,-2399790.05994242,5383431.15192489,2429103.50330104,22.5336912040313,114.026038295127,0.175060043241822,0.246587283280289,-0.32145199255762,1.28823488205538,1.35043910752727,1
2736,2206,382073.000239225,1334570873.00024,-2399789.51892511,5383430.84694197,2429104.60327796,22.5337021051714,114.026034698696,0.135849027207135,0.313226192467664,-0.24255020893948,1.16186046871546,1.22754266739209,1
2737,2206,382074.000242024,1334570874.00024,-2399788.96893126,5383430.62394271,2429105.66026931,22.5337124012822,114.026030698084,0.145953061553113,0.284066850731207,-0.236774868948722,1.11264360457638,1.17248970360287,1
2738,2206,382075.000242949,1334570875.00024,-2399788.66096405,5383430.31193677,2429106.629248,22.5337219036014,114.026029198624,0.138258151407329,0.148177158849069,-0.260213518435704,1.02083688347098,1.06384937290766,1
2739,2206,382076.000243627,1334570876.00024,-2399788.23195314,5383430.1319481,2429107.675227,22.5337318014413,114.026026101949,0.225925102282691,0.192319479472933,-0.213077521928807,0.931968853545914,0.975169091243024,1
2740,2206,382077.000244707,1334570877.00024,-2399788.08095664,5383429.81793462,2429108.9092472,22.533743299623,114.026026004126,0.377139645689708,0.17720757106991,-0.267166517682077,1.01042757814444,1.06006809313822,1
2741,2206,382078.000246637,1334570878.00025,-2399787.84294579,5383429.56292502,2429110.28327167,22.5337559016723,114.026024900201,0.599062107832865,0.219758820622142,-0.304091143173769,1.10156087629478,1.16370173445831,1
2742,2206,382079.000247515,1334570879.00025,-2399787.73400714,5383429.14090438,2429111.47125572,22.5337672980029,114.026025603274,0.657333460334727,-0.0284332738397575,-0.386249826306556,1.0330806185989,1.10329186705413,1
2743,2206,382080.000248227,1334570880.00025,-2399787.14794626,5383428.88794851,2429112.36821789,22.5337764048288,114.026021400997,0.567275313892797,0.216759746989715,-0.207354440592293,0.877952320519751,0.927782802736936,1
2744,2206,382081.000251422,1334570881.00025,-2399786.518915,5383428.76595128,2429113.47423912,22.5337869020057,114.026016298881,0.651655430918331,0.338069592184923,-0.193938814776521,0.951064077405798,1.02782595431753,1
2745,2206,382082.000257194,1334570882.00026,-2399786.27195767,5383428.33794149,2429114.3732172,22.5337961011614,114.026015800236,0.54221529589331,0.164412852232235,-0.227910633109617,0.844726217782023,0.890245598513065,1
2746,2206,382083.000258239,1334570883.00026,-2399786.4280425,5383427.52689402,2429115.54323592,22.5338082038786,114.026020396087,0.365074996877863,-0.164932438366225,-0.410686386268763,0.913310253591134,1.01488996270858,1
2747,2206,382084.000258142,1334570884.00026,-2399787.18616253,5383426.72487758,2429116.00215237,22.5338134985166,114.026030301473,0.149444658034264,-0.629755865102124,-0.474357871086425,0.590199034227564,0.984856710133672,1
2748,2206,382085.000258065,1334570885.00026,-2399788.04921804,5383426.08287164,2429116.44410944,22.5338179980697,114.026040505246,0.101767435479003,-0.844974221228198,-0.49778676682094,0.423932439266727,1.06840620216511,1
2749,2206,382086.000258978,1334570886.00026,-2399789.03625951,5383425.08987284,2429116.61807108,22.5338211970323,114.02605319904,-0.298093636917286,-1.00213147581622,-0.491271997902433,0.274419824611983,1.14931366949354,1
2750,2206,382087.000264672,1334570887.00026,-2399790.14127814,5383424.28287825,2429116.78704127,22.5338236001944,114.026066204134,-0.498581468161499,-1.05095545760611,-0.460160934567706,0.155956230925926,1.15783323736145,1
2751,2206,382088.000268326,1334570888.00027,-2399791.31531257,5383423.60586744,2429116.95703049,22.5338255037491,114.026079307538,-0.563065880262832,-1.16492742375593,-0.494258356134699,0.113669631522017,1.27053847260047,1
2752,2206,382089.000269006,1334570889.00027,-2399792.54233265,5383422.82285626,2429117.13103474,22.533827701186,114.026093300922,-0.695510021949276,-1.23648101826172,-0.534711213096132,0.129379004962863,1.35334412359069,1
2753,2206,382090.000269662,1334570890.00027,-2399793.59831349,5383421.82984349,2429117.61608245,22.5338333977974,114.026106606868,-0.950238631902238,-1.16251523903832,-0.580697997194125,0.305804187150336,1.33497866867612,1
2754,2206,382091.000271982,1334570891.00027,-2399794.72930886,5383420.85684508,2429117.99008663,22.5338379992418,114.026120499632,-1.20242673887448,-1.13551011715781,-0.570146227318753,0.318680217037781,1.30996451380364,1
2755,2206,382092.000273505,1334570892.00027,-2399795.74730756,5383419.62784144,2429118.54810121,22.5338451039159,114.026134402378,-1.6425639633353,-1.12444876601115,-0.580149226116979,0.370150178767187,1.31832063883924,1
2756,2206,382093.000275412,1334570893.00028,-2399796.78530351,5383418.51984205,2429119.04610861,22.5338512974196,114.026148003755,-1.99609440393196,-1.10192832831278,-0.573717063442951,0.394286972745378,1.30340305604234,1
2757,2206,382094.000277317,1334570894.00028,-2399797.75627427,5383417.69186265,2429119.34009306,22.5338549985187,114.026159901748,-2.21678552582,-0.988891587602802,-0.495520393032638,0.335490393485591,1.15585502380875,1
2758,2206,382095.000279233,1334570895.00028,-2399798.54623508,5383416.93688473,2429119.54708639,22.5338579983327,114.026169903682,-2.47730011332409,-0.841869212661653,-0.412885178554913,0.309258344358597,0.987349312783118,1
2759,2206,382096.000279983,1334570896.00028,-2399799.35221199,5383416.4719005,2429119.68707208,22.5338595000427,114.026178900051,-2.51282400646023,-0.757208275480912,-0.355843945103883,0.25730307606914,0.875325173109121,1
2760,2206,382097.000281529,1334570897.00028,-2399800.24426568,5383415.54087687,2429119.79707848,22.5338621034989,114.026190505208,-2.92062946992897,-0.943609557105397,-0.437694467241702,0.278966643665873,1.07693910282469,1
2761,2206,382098.00028659,1334570898.00029,-2399801.08929852,5383414.68284598,2429120.35811612,22.5338683045068,114.026201403986,-3.11169068329518,-1.0416675157304,-0.537758296813036,0.40489044993098,1.24023847527986,1
2762,2206,382099.00028811,1334570899.00029,-2399802.21232023,5383413.76585779,2429120.36807381,22.5338697036558,114.026215004286,-3.45913655757942,-1.11156422597368,-0.493819454080072,0.256101151221362,1.24298852824526,1
2763,2206,382100.000288846,1334570900.00029,-2399803.4333476,5383412.99385463,2429120.48505553,22.5338713991111,114.02622890091,-3.60639710021722,-1.20336658668221,-0.503582333168164,0.192070158868608,1.31855119511914,1
2764,2206,382101.000290746,1334570901.00029,-2399804.5573366,5383412.15486169,2429120.47705516,22.5338724005758,114.026242201102,-3.8945617500908,-1.15767308680213,-0.47600871921798,0.189738913248374,1.26601427001365,1
2765,2206,382102.000292648,1334570902.00029,-2399805.69835286,5383411.32783988,2429120.71608607,22.5338754006779,114.026255605095,-4.07155378800731,-1.20565792307615,-0.547504574069073,0.293944491818111,1.35638329773448,1
2766,2206,382103.000294581,1334570903.00029,-2399806.77934929,5383410.34183065,2429120.87311598,22.5338783039232,114.026269105452,-4.43666845403122,-1.18571305034964,-0.575007601646915,0.393546025257198,1.3752918431071,1
2767,2206,382104.000296502,1334570904.0003,-2399807.9583494,5383409.62583488,2429121.05210878,22.5338803987907,114.026282407262,-4.52871912053869,-1.17841623658217,-0.556922238786213,0.366797117609074,1.35401895562118,1
2768,2206,382105.000298398,1334570905.0003,-2399809.14633526,5383409.03283298,2429121.34012417,22.5338830015783,114.026295302053,-4.4718486111881,-1.12356813411368,-0.559918058643265,0.416036911695599,1.32249774906567,1
2769,2206,382106.000300312,1334570906.0003,-2399810.30034354,5383408.25983237,2429121.63811814,22.5338863044229,114.026308607591,-4.57578338005745,-1.14404549647484,-0.558250523036497,0.39362736656534,1.33245121793785,1
2770,2206,382107.000302212,1334570907.0003,-2399811.54034301,5383407.60581334,2429122.34315793,22.5338925051552,114.026322205697,-4.39101092821053,-1.13518750906401,-0.617586927799377,0.522396871705656,1.39390200003138,1
2771,2206,382108.000304025,1334570908.0003,-2399812.90837243,5383407.06181919,2429122.60711021,22.5338944986336,114.026336505068,-4.23430777348716,-1.22499836323478,-0.594793954479436,0.362322508800795,1.4091410286401,1
2772,2206,382109.000306062,1334570909.00031,-2399814.12537426,5383406.40782397,2429122.75709701,22.5338961020371,114.026349898891,-4.27087620176003,-1.22289638718886,-0.575153152262676,0.31724597771227,1.38813606419972,1
2773,2206,382110.000308098,1334570910.00031,-2399815.40536669,5383405.81681541,2429123.42012114,22.5339016967961,114.026363602691,-4.03400686752058,-1.19009167119021,-0.59930992424778,0.3933110509083,1.38931067580466,1
2774,2206,382111.000309908,1334570911.00031,-2399816.49536489,5383405.00280613,2429123.95614558,22.5339072048458,114.026376502218,-4.10538794213523,-1.17753945879701,-0.62562503492551,0.469936466863994,1.41380555389987,1
2775,2206,382112.000311807,1334570912.00031,-2399817.81538652,5383404.32480028,2429124.59313378,22.5339128010217,114.026390905754,-3.93683492935447,-1.23972711621826,-0.640320030426279,0.429186476280723,1.45984043493603,1
2776,2206,382113.000313724,1334570913.00031,-2399819.16138857,5383403.90881668,2429125.15410989,22.5339168983598,114.026404502894,-3.56659245455045,-1.23880949901442,-0.584303740334042,0.350117661571126,1.41373343058752,1
2777,2206,382114.000315637,1334570914.00032,-2399820.66641468,5383403.39283701,2429125.22500285,22.5339169999513,114.026419907732,-3.40871900638263,-1.31393612489585,-0.516567901304998,0.00906823843483648,1.41186145563695,1
2778,2206,382115.000317546,1334570915.00032,-2399822.11840381,5383402.65882016,2429125.36007943,22.5339184008102,114.026435704652,-3.43013553251706,-1.27186740861999,-0.566046275639127,0.250142194041841,1.41443494318923,1
2779,2206,382116.000319476,1334570916.00032,-2399823.59639559,5383402.38780765,2429125.60307896,22.5339192017108,114.026449899894,-3.00981122668911,-1.23857156228205,-0.601681130345615,0.24713417754956,1.39898355931043,1
2780,2206,382117.000321394,1334570917.00032,-2399825.14938956,5383402.18178292,2429125.84708272,22.5339196998864,114.026464503835,-2.50607009046789,-1.21241292745816,-0.674936383356059,0.257640263180528,1.41133367190652,1
2781,2206,382118.000323288,1334570918.00032,-2399826.69139006,5383402.05380379,2429126.31101672,22.5339218012801,114.026478701266,-1.8563377768958,-1.20686724500359,-0.606461119647619,0.0518881803210301,1.35167156512366,1
2782,2206,382119.000325205,1334570919.00033,-2399828.22938929,5383401.89078367,2429126.58106335,22.533922401871,114.026493001859,-1.3119748842295,-1.19746653721331,-0.664742822339034,0.195064642570715,1.38342305256857,1
2783,2206,382120.000326782,1334570920.00033,-2399829.90344395,5383401.70377837,2429126.9730066,22.5339239032939,114.026508605371,-0.689964777150235,-1.35872018981355,-0.677837276229407,0.0204728020582492,1.51855295030407,1
2784,2206,382121.000328058,1334570921.00033,-2399831.37839432,5383401.42477898,2429127.33207591,22.5339257018469,114.026522805211,-0.23303899469029,-1.20226894014557,-0.673469474508576,0.231528608801981,1.3973608103233,1
2785,2206,382122.000329106,1334570922.00033,-2399832.84537921,5383401.00278523,2429127.68306292,22.533927896194,114.026537500293,0.0971605508170053,-1.15234530228683,-0.652647630627626,0.191377984125551,1.33808600555956,1
2786,2206,382123.000329984,1334570923.00033,-2399834.11139455,5383400.30580875,2429128.11308994,22.533931902167,114.026551499406,0.150089322579135,-1.19577049392059,-0.579441495775859,0.272686006469846,1.35645758477091,1
2787,2206,382124.000330736,1334570924.00033,-2399835.38236729,5383399.84680847,2429128.48907405,22.5339346981758,114.026564600634,0.384934436760359,-1.11053345480688,-0.579323483630259,0.224030006219661,1.2724345549448,1
2788,2206,382125.000331405,1334570925.00033,-2399836.46432926,5383399.08984253,2429128.82903988,22.5339384019149,114.026577203038,0.283523284450666,-0.993691474142633,-0.474516867598925,0.121101390676095,1.10781521484557,1
2789,2206,382126.000332042,1334570926.00033,-2399837.50119666,5383399.26784982,2429129.71904688,22.5339438017188,114.026585704473,1.16471224408559,-0.592831832142085,-0.451390260355504,0.141948596780932,0.758519711327811,1
2790,2206,382127.000332713,1334570927.00033,-2399838.66722151,5383399.68580197,2429130.71012642,22.5339491041338,114.026594402955,2.33563166745859,-0.666986137868723,-0.593602414797652,0.380131833840929,0.970430083036334,1
2791,2206,382128.000333508,1334570928.00033,-2399840.66735372,5383400.6597648,2429131.09296202,22.5339464004526,114.026608306503,4.0562045113485,-1.06090103737107,-0.704152308432091,-0.113240489293374,1.27834459085986,1
2792,2206,382129.00033456,1334570929.00033,-2399841.96828824,5383401.07781163,2429131.69903998,22.5339483012043,114.026618202417,5.13039589108635,-0.862340112797627,-0.561578844108057,0.120188358537444,1.03607263732689,1
2793,2206,382130.00033605,1334570930.00034,-2399843.6813425,5383401.8627045,2429132.47800126,22.5339499037055,114.026630305425,6.73530989437503,-1.01939770890921,-0.878638056184278,0.00428867887693324,1.34580641827536,1
2794,2206,382131.000338206,1334570931.00034,-2399844.8652937,5383401.6646827,2429133.07004996,22.5339537995817,114.026641601062,7.24040043285368,-0.868759145372276,-0.93777435185068,0.148303948824548,1.28691773198363,1
2795,2206,382132.000341268,1334570932.00034,-2399846.09930939,5383401.14868826,2429133.77903847,22.5339596053632,114.026654599729,7.5408849465955,-0.907079438662392,-0.912311131367291,0.113686452622928,1.2915220934892,1
2796,2206,382133.000345392,1334570933.00035,-2399847.40323342,5383401.37068954,2429134.85006602,22.5339659996689,114.026665298118,8.62899586448865,-0.676337657844542,-0.898273682884208,0.192266984208028,1.14074310429538,1
2797,2206,382134.000350508,1334570934.00035,-2399848.6072608,5383401.0376856,2429136.1380962,22.5339760990251,114.026677306256,9.29448504059724,-0.743937542510787,-0.896774650509167,0.274915680104085,1.19717436997286,1
2798,2206,382135.000356224,1334570935.00036,-2399849.12014342,5383400.39575035,2429136.85711059,22.5339834026346,114.026684400716,9.22136515203407,-0.403064972958876,-0.699964527202849,0.31108798258562,0.865556147617148,1
2799,2206,382136.000361896,1334570936.00036,-2399849.95815058,5383400.45669935,2429137.69302516,22.5339890014528,114.026691599838,9.90828645694255,-0.416467447257034,-0.83066936175352,0.0697239818633466,0.931835906599264,1
2800,2206,382137.000366898,1334570937.00037,-2399850.7431858,5383399.79078666,2429137.96906075,22.5339923025258,114.026701205545,9.74752573052522,-0.506882945331625,-0.5810936702632,0.165224029715201,0.788605829222274,1
2801,2206,382138.000370875,1334570938.00037,-2399851.74125212,5383399.60484128,2429137.65889899,22.5339888968974,114.026710802975,9.84714345659544,-0.680399105363334,-0.427026983113807,-0.271732047789494,0.848017271452873,1
2802,2206,382139.000373791,1334570939.00037,-2399852.89319053,5383399.94175777,2429138.01797691,22.5339892038195,114.026719697099,10.7022010943124,-0.510206017579718,-0.64802192191107,-0.061425725040357,0.827052423579429,1
2803,2206,382140.000375822,1334570940.00038,-2399853.89427018,5383399.28072439,2429138.30802659,22.5339923019351,114.026731201671,10.6321770735481,-0.719417584412252,-0.732702454857384,0.0709127694565853,1.02929255753046,1
2804,2206,382141.000377211,1334570941.00038,-2399855.03022793,5383399.12573075,2429138.47696429,22.5339926002927,114.026741900878,10.9933706608204,-0.60498892511038,-0.71334875801096,-0.0942305276508572,0.940083742229037,1
2805,2206,382142.000378186,1334570942.00038,-2399856.41536389,5383398.74467823,2429138.85407224,22.5339949984062,114.026755707183,11.33734363899,-0.962528869407201,-0.850706014320046,0.191234549192146,1.29874293070158,1
2806,2206,382143.000378922,1334570943.00038,-2399857.69239471,5383397.99668306,2429139.29013775,22.5339992004603,114.026770006016,11.3536942787535,-1.04181491525333,-0.836026080938178,0.363707949694168,1.38441373813029,1
2807,2206,382144.000379545,1334570944.00038,-2399858.76028182,5383397.48666603,2429139.82916201,22.5340038037652,114.026781506027,11.531611811785,-0.743057525235977,-0.879816059023246,0.427409409697735,1.22836866901724,1
2808,2206,382145.000380143,1334570945.00038,-2399859.96726993,5383396.65661845,2429140.8092332,22.5340129013644,114.026795507741,11.6608806374213,-0.710426585912418,-1.00349468001274,0.613754018902778,1.37419121759105,1
2809,2206,382146.000380777,1334570946.00038,-2399860.99228998,5383395.84964277,2429141.66021389,22.5340211057117,114.026807802513,11.6917081279713,-0.762078215499056,-0.93832585170538,0.562139627848432,1.33312398962528,1
2810,2206,382147.000381495,1334570947.00038,-2399862.24832919,5383394.80168643,2429142.50610996,22.5340297038301,114.02682310222,11.604172029249,-0.863408287549598,-0.822738088074488,0.288323298902983,1.22698906159268,1
2811,2206,382148.000382338,1334570948.00038,-2399863.67045433,5383393.34174725,2429142.804028,22.5340347995126,114.026841507171,11.0215371567043,-1.18873298142493,-0.661244616791033,0.0739176213957899,1.36227543438005,1
2812,2206,382149.000383349,1334570949.00038,-2399865.28950109,5383392.52775567,2429143.45201097,22.5340404958175,114.026859103856,11.1920526222381,-1.30700315124794,-0.638655485040324,0.028706783378951,1.45497840030569,1
2813,2206,382150.000384578,1334570950.00038,-2399866.4755097,5383390.76576613,2429143.6200855,22.5340457959344,114.026876607943,10.2160440275861,-1.32526084131708,-0.608629854970288,0.222550681139193,1.47522045930943,1
2814,2206,382151.000382685,1334570951.00038,-2399867.66444394,5383389.71877281,2429144.0480971,22.5340510000301,114.026891308049,9.94393883713039,-1.16015776385095,-0.594120363198561,0.253758527789643,1.32790753948337,1
2815,2206,382152.000386957,1334570952.00039,-2399868.92646651,5383388.70973271,2429144.32210199,22.5340546966178,114.026906506862,9.67231884873373,-1.20541086036285,-0.69203784249181,0.26315090206943,1.41463073449624,1
2816,2206,382153.000392725,1334570953.00039,-2399870.04054148,5383386.96380353,2429144.18505079,22.5340575023066,114.026923308726,8.56587375910277,-1.37836690307316,-0.501221509602189,0.12936818214926,1.4723635582722,1
2817,2206,382154.000393384,1334570954.00039,-2399870.99545607,5383385.66981616,2429144.33504306,22.5340614979386,114.026936908676,7.89084428297528,-1.15893106284177,-0.468757655173073,0.109699217866275,1.2549457622158,1
2818,2206,382155.000394172,1334570955.00039,-2399871.79746687,5383383.98380818,2429144.68309426,22.5340686001407,114.026950702682,6.9034968868295,-1.18417573476814,-0.487130163630675,0.239327983212541,1.30263035842141,1
2819,2206,382156.000396074,1334570956.0004,-2399872.75346639,5383383.0707981,2429145.08609599,22.5340735003515,114.026962804356,6.64723809537538,-1.17699269225625,-0.511069999990082,0.242354155628496,1.30584833700735,1
2820,2206,382157.000396805,1334570957.0004,-2399873.45643509,5383381.46381154,2429145.37515575,22.5340800002961,114.026975406245,5.66670033625175,-1.09593381053497,-0.475895380405676,0.392831307965238,1.25772165707793,1
2821,2206,382158.000398359,1334570958.0004,-2399874.08343711,5383380.24286302,2429146.03716712,22.5340884978221,114.026985805708,5.12619042438435,-1.09711082881748,-0.344711737322761,0.419840832398502,1.2242322806991,1
2822,2206,382159.00040343,1334570959.0004,-2399875.08348535,5383379.17685082,2429146.71314791,22.5340960964749,114.026998904069,4.86203727301252,-1.20335894846738,-0.370046557649567,0.366965521442229,1.31136223356179,1
2823,2206,382160.00040494,1334570960.0004,-2399876.55551654,5383378.56382771,2429147.31710855,22.5341009975042,114.027014400045,5.12993857186644,-1.27559755713618,-0.426150596308603,0.26832740427001,1.37140550326599,1
2824,2206,382161.000405675,1334570961.00041,-2399877.9136036,5383377.56581934,2429147.82814248,22.5341065008867,114.02703040814,4.99459407747843,-1.48777509184885,-0.446284252866622,0.352029807016823,1.59266108865347,1
2825,2206,382162.000407574,1334570962.00041,-2399879.32962744,5383376.2947648,2429148.85614907,22.5341170977104,114.027048011363,4.84881295842283,-1.53910955995453,-0.577882057837348,0.366015711081208,1.68427236843452,1
2826,2206,382163.000409485,1334570963.00041,-2399880.53155406,5383375.04975825,2429149.43914074,22.5341242020583,114.027063610602,4.47394449726963,-1.35241595316814,-0.592405371885631,0.344939939876406,1.51623105005292,1
2827,2206,382164.000411409,1334570964.00041,-2399881.35857034,5383372.83778762,2429150.82717616,22.5341416059349,114.027079708446,3.45084953653394,-1.38597196445631,-0.517888521959248,0.429515420769159,1.540652557884,1
2828,2206,382165.00041332,1334570965.00041,-2399882.49560067,5383370.94175586,2429152.35020077,22.53415870026,114.027097308296,2.86261092189071,-1.45281787979736,-0.591355505451553,0.486131826533487,1.64216481464424,1
2829,2206,382166.00041523,1334570966.00042,-2399883.51752493,5383369.7987467,2429153.12118109,22.5341673038432,114.027110905666,2.57813933427979,-1.26454401390128,-0.609286273117383,0.436556262691594,1.46999411434131,1
2830,2206,382167.000416418,1334570967.00042,-2399885.01044686,5383369.76171295,2429153.88715512,22.5341717061276,114.027124307338,3.40190569618079,-1.07271234756773,-0.689721628588993,0.373251619738664,1.32881318371141,1
2831,2206,382168.000419066,1334570968.00042,-2399885.72239467,5383368.75771395,2429154.95727767,22.5341828022193,114.027134602337,3.2327715483847,-0.94145548453878,-0.683592966786788,0.663221268691175,1.33921627262098,1
2832,2206,382169.000420759,1334570969.00042,-2399886.43944031,5383367.28271779,2429156.09024648,22.5341959040881,114.027146806835,2.69229770460086,-1.04600275519533,-0.671527008330142,0.586021648812063,1.37422402091852,1
2833,2206,382170.000422284,1334570970.00042,-2399887.10743507,5383366.00275231,2429156.8322267,22.5342051974112,114.027157803889,2.14806833568668,-1.02981820219063,-0.587125057343666,0.536951264836582,1.30136775099645,1
2834,2206,382171.000423664,1334570971.00042,-2399887.74939825,5383364.96776689,2429157.48425403,22.5342130027751,114.027167600175,1.76624599113248,-0.940487091371278,-0.550621236792242,0.600324284613044,1.24422223181343,1
2835,2206,382172.000424916,1334570972.00042,-2399889.1475046,5383364.08573768,2429158.62121177,22.5342233039253,114.027183504564,1.98367553360132,-1.18743391484167,-0.617544234777904,0.498414637017554,1.42820773503611,1
2836,2206,382173.000426058,1334570973.00043,-2399890.24448527,5383363.33777234,2429159.0981535,22.5342281005083,114.027196204738,1.94801472700371,-1.1385564710754,-0.534976745922913,0.361157351727751,1.30879547264381,1
2837,2206,382174.000427104,1334570974.00043,-2399891.00943617,5383362.32378647,2429160.16218536,22.5342391026774,114.027207009875,1.78805731426887,-1.02130633832716,-0.500576443519819,0.434327487288355,1.21749077151673,1
2838,2206,382175.000428064,1334570975.00043,-2399892.14050928,5383361.32376744,2429160.84918437,22.5342463999977,114.027221010392,1.63308307129705,-1.18922139305313,-0.544019361596763,0.430706604607117,1.37684885399217,1
2839,2206,382176.000428949,1334570976.00043,-2399892.9154811,5383360.23481039,2429161.27517987,22.5342523032261,114.027232201247,1.16912982561129,-1.12177466328718,-0.442524025617612,0.419189551736814,1.2766854697721,1
2840,2206,382177.000429769,1334570977.00043,-2399894.23854698,5383359.386782,2429161.60920536,22.5342559054635,114.02724730481,1.07931168076331,-1.27261257887473,-0.507454798101136,0.478050961791558,1.4510637029765,1
2841,2206,382178.000430532,1334570978.00043,-2399895.41453918,5383358.71478511,2429162.2481934,22.5342617021891,114.027260405816,1.19955777904086,-1.25239452476917,-0.499152629329758,0.449405429519637,1.42113005496342,1
2842,2206,382179.000431249,1334570979.00043,-2399896.7215608,5383358.18577848,2429162.8321637,22.5342664034035,114.027274104216,1.46862666844632,-1.30030508178527,-0.513631407761187,0.380109831110453,1.44882504549796,1
2843,2206,382180.000431929,1334570980.00043,-2399897.92454273,5383357.70177691,2429163.61916864,22.5342728024554,114.027286700753,1.81434546059021,-1.25662241691168,-0.516211867857404,0.390911800620671,1.41364303381946,1
2844,2206,382181.00043258,1334570981.00043,-2399899.23752969,5383357.41078165,2429164.36614594,22.5342781025571,114.027299510048,2.348919254239,-1.22437366952077,-0.504829873559202,0.33756147761449,1.36670839429003,1
2845,2206,382182.000433214,1334570982.00043,-2399900.37753901,5383356.86078712,2429164.8291163,22.5342820962007,114.02731180868,2.49110110718309,-1.24369204683583,-0.49126658452619,0.269333200344352,1.36405760041226,1
2846,2206,382183.000433844,1334570983.00043,-2399901.13942176,5383356.49981882,2429165.78114197,22.5342901043371,114.027320001889,2.83796512327975,-0.971881128117182,-0.418103561976871,0.327792641685119,1.10761524532257,1
2847,2206,382184.000434484,1334570984.00043,-2399901.91343028,5383355.70781581,2429166.54615113,22.534297897955,114.027330008833,2.7540898555349,-0.990466734377066,-0.423906227740537,0.347993311981742,1.13217498073787,1
2848,2206,382185.000435151,1334570985.00044,-2399903.02645067,5383355.27579354,2429167.02616147,22.5343016988574,114.027341600897,2.99217611351023,-1.03553906330016,-0.475013795573551,0.371028939196588,1.19818267861254,1
2849,2206,382186.000435865,1334570986.00044,-2399903.99349395,5383354.36279097,2429167.35914439,22.5343059994461,114.027353800652,2.7132533385511,-1.13343186184681,-0.480066819887261,0.331114333606678,1.27466412788859,1
2850,2206,382187.000436648,1334570987.00044,-2399905.28654469,5383353.49777858,2429167.56113162,22.534308596335,114.027368704954,2.54722047623845,-1.24719845282638,-0.507199022859219,0.301615547600963,1.37975605382854,1
2851,2206,382188.000437528,1334570988.00044,-2399906.29848196,5383352.91279304,2429168.02615898,22.5343128982027,114.027380004985,2.61250723312869,-1.10101962116138,-0.473459007506655,0.363445969886042,1.25239794434434,1
2852,2206,382189.000438539,1334570989.00044,-2399906.98445863,5383352.12681072,2429168.44414919,22.534317902388,114.027389206503,2.36761452313502,-1.04520803900711,-0.432838397044571,0.33975820992363,1.18120470874938,1
2853,2206,382190.000439716,1334570990.00044,-2399907.56245238,5383350.79684705,2429168.43312994,22.5343211998811,114.027399602418,1.45878722580259,-1.02892683398359,-0.348256812487824,0.295575634943758,1.12576116166267,1
2854,2206,382191.000441103,1334570991.00044,-2399908.76255029,5383350.10280147,2429168.76812681,22.5343244967607,114.027413004729,1.45300193308558,-1.24705811252899,-0.450373611197048,0.287742447011869,1.35675570442855,1
2855,2206,382192.000442746,1334570992.00044,-2399909.60348578,5383349.43681442,2429169.27016006,22.5343296042893,114.027423107118,1.39982607409818,-1.09680570518124,-0.41957100529465,0.361726209061875,1.22876703801997,1
2856,2206,382193.000444698,1334570993.00044,-2399910.3744553,5383348.71482772,2429169.79816336,22.5343352040312,114.02743280996,1.28304765566219,-1.023719844952,-0.387417022610603,0.367468433678385,1.15461132858943,1
2857,2206,382194.000447011,1334570994.00045,-2399911.24938807,5383348.35385979,2429170.25215299,22.5343388987923,114.0274420069,1.48156513939148,-0.867219361744196,-0.314811668632728,0.343210209104725,0.984362258381051,1
2858,2206,382195.000449736,1334570995.00045,-2399911.36029429,5383347.1888704,2429171.38825557,22.534351901027,114.02744760275,0.975868298215619,-0.65431749987031,-0.288244931239792,0.567858780345552,0.913060855276089,1
2859,2206,382196.000452917,1334570996.00045,-2399911.95725647,5383346.88692035,2429171.59017696,22.5343536984626,114.027454098099,1.02303159518548,-0.565806468111522,-0.176365521144208,0.390542849122407,0.709764378794788,1
2860,2206,382197.000456585,1334570997.00046,-2399912.13617961,5383346.37696936,2429171.83515635,22.5343571015838,114.027457705132,0.754004600864066,-0.392818148950555,-0.0674372895417841,0.342651886392995,0.525608410715012,1
2861,2206,382198.00046075,1334570998.00046,-2399912.02305401,5383346.0729842,2429172.39625043,22.5343629018833,114.027457903941,0.670045071722304,-0.11747439961378,-0.0338149530354556,0.54347591567791,0.557054536410351,1
2862,2206,382199.000465398,1334570999.00047,-2399912.23894533,5383346.38198798,2429172.94632077,22.5343662090093,114.027458597685,1.22272699551644,0.117189106449118,-0.0257613224224638,0.689291823877891,0.699657166666794,1
2863,2206,382200.000470478,1334571000.00047,-2399912.31293529,5383346.39598009,2429173.68333752,22.5343722078943,114.027459199231,1.54481008828341,0.136771599643494,-0.0421040869735444,0.717481877654155,0.731614290026546,1
2864,2206,382201.000475907,1334571001.00048,-2399912.7419701,5383346.49897068,2429174.44130601,22.5343775999123,114.027462600817,2.0835308855855,0.0619379105575734,-0.0613067318688875,0.643592839695229,0.649466368215976,1
2865,2206,382202.000481571,1334571002.00048,-2399913.33400768,5383346.61391638,2429175.53236937,22.5343855027531,114.027467402321,2.82129499200209,-0.0160208841621082,-0.174098286931716,0.766568626423903,0.786253356914501,1
2866,2206,382203.000487332,1334571003.00049,-2399913.43004712,5383346.1209202,2429175.96132898,22.5343905036347,114.027470206354,2.60590835298325,-0.0981380601507942,-0.162936165798403,0.674265834091378,0.700580964627349,1
2867,2206,382204.000493043,1334571004.00049,-2399914.51604761,5383346.5109118,2429176.088328,22.5343887998684,114.027478304899,3.3920126174514,-0.0967417100717231,-0.178620943468138,0.665411406001364,0.695727489143387,1
2868,2206,382205.000498562,1334571005.0005,-2399914.66295085,5383346.51290421,2429176.91742392,22.5343955019566,114.027479601309,3.76668281449582,0.0985382130437296,-0.19247706411723,0.850157861750129,0.877226076639649,1
2869,2206,382206.000503765,1334571006.0005,-2399914.61597471,5383346.07988023,2429177.70545615,22.5344035097835,114.027480898186,3.68571384953353,0.0504721878328441,-0.238237685994146,0.905687022073505,0.937855862446279,1
2870,2206,382207.000508559,1334571007.00051,-2399914.37495559,5383345.51286976,2429178.77951107,22.5344146002446,114.027481002564,3.52834976261129,0.086318580361799,-0.255084058507656,1.00494886389542,1.04040424512067,1
2871,2206,382208.000512884,1334571008.00051,-2399914.90388214,5383345.91686051,2429179.81455905,22.5344212111501,114.027484099655,4.46475498013289,0.228657122795744,-0.271532667929597,1.09021748303919,1.14655493975757,1
2872,2206,382209.000516715,1334571009.00052,-2399915.41488552,5383345.89981179,2429181.08063587,22.5344311051589,114.027488704136,5.12776340439326,0.221537328769709,-0.364114559021194,1.23033762638179,1.30207099461604,1
2873,2206,382210.000520052,1334571010.00052,-2399915.18886626,5383345.64685554,2429182.08555198,22.5344406051071,114.02748769863,5.2144854362528,0.257028691351921,-0.278015197436877,1.0610052476423,1.12653820783338,1
2874,2206,382211.000522923,1334571011.00052,-2399915.03288554,5383345.22186017,2429182.88152076,22.5344488073558,114.027487995919,5.10233665554544,0.218966328117643,-0.26743956156251,0.995378589477838,1.05368340042394,1
2875,2206,382211.999525367,1334571011.99953,-2399914.75412307,5383344.94909536,2429183.5325792,22.5344554927558,114.02748660053,5.01690013892777,0.259331641134947,-0.200975489793969,0.886197650045998,0.944981651958767,1
2876,2206,382212.999527433,1334571012.99953,-2399914.42812151,5383344.6470509,2429183.90267677,22.5344599938123,114.027484901616,4.78132179736982,0.257228913606001,-0.10794390952428,0.683451258824111,0.738189829777254,1
2877,2206,382213.999529176,1334571013.99953,-2399913.99511962,5383344.18104629,2429184.40868196,22.5344662975002,114.027482901661,4.41926793802081,0.254322766302816,-0.0988421541659654,0.675261911131793,0.728305217285615,1
2878,2206,382214.999530646,1334571014.99953,-2399914.09611931,5383344.13006062,2429184.93365864,22.5344706951048,114.027484000205,4.61543190660393,0.25369856079188,-0.129064165535596,0.727040523908517,0.780774258014723,1
2879,2206,382215.999531892,1334571015.99953,-2399913.84015744,5383343.78411077,2429185.87451511,22.5344799968775,114.027483096929,4.58789268380334,0.336267028394107,-0.236831996604758,1.03585695257886,1.11452435379706,1
2880,2206,382216.999532959,1334571016.99953,-2399913.37416281,5383343.19214155,2429187.09444136,22.5344926999494,114.027481302626,4.38076805452408,0.348763128866105,-0.303523312678833,1.19622592215995,1.28246581952246,1
2881,2206,382217.999533884,1334571017.99953,-2399912.71322648,5383342.74410717,2429188.21545107,22.5345043977071,114.027477207799,4.1838456383901,0.4862048814493,-0.230200048663383,1.17758654944093,1.29464177693057,1
2882,2206,382218.999534702,1334571018.99953,-2399912.251237,5383342.44311575,2429189.36542653,22.5345155919294,114.02747429733,4.1968931848862,0.509286746958322,-0.248847595688102,1.23239231447095,1.35649877746875,1
2883,2206,382219.999535441,1334571019.99954,-2399911.71723136,5383341.9011118,2429190.32943776,22.5345260983492,114.027471701413,3.90826599299163,0.498063858380156,-0.241085567594852,1.20992268369125,1.33045208799028,1
2884,2206,382220.999536127,1334571020.99954,-2399911.44716912,5383341.34612229,2429191.30747332,22.534536390856,114.027471500347,3.71332438149902,0.364390215347815,-0.264035921775531,1.1351492919993,1.22108931375047,1
2885,2206,382221.99953678,1334571021.99954,-2399911.23918068,5383340.87812467,2429192.28245549,22.5345462954499,114.027471506087,3.61394555153283,0.389808894804175,-0.269418641780447,1.17523687129236,1.26716971343713,1
2886,2206,382222.999537418,1334571022.99954,-2399911.47013204,5383340.69113446,2429193.34149794,22.5345553944063,114.027474296746,3.94892344190911,0.284681253559177,-0.290546378183287,1.08525955068038,1.15898615451024,1
2887,2206,382223.999538055,1334571023.99954,-2399910.94520246,5383339.9410969,2429194.26349974,22.5345661952215,114.027472604833,3.47211049899517,0.438460409440231,-0.210473403618594,1.0827178230087,1.18693911745211,1
2888,2206,382224.999538705,1334571024.99954,-2399910.53223576,5383339.84908592,2429195.35750107,22.5345761929199,114.027469302448,3.65844357981452,0.510986713834315,-0.186115742697561,1.08159738444741,1.21061942551677,1
2889,2206,382225.99953938,1334571025.99954,-2399909.89826961,5383339.58908772,2429196.47047037,22.5345871912436,114.027464702805,3.62721488684982,0.585414991912497,-0.190541153003541,1.14980653147638,1.30425139584727,1
2890,2206,382226.999540088,1334571026.99954,-2399909.25528195,5383339.40904846,2429197.64854705,22.534598492588,114.027459706575,3.68499995886464,0.61309746022708,-0.105424021335529,0.98505091451349,1.16504421555378,1
2891,2206,382227.999540842,1334571027.99954,-2399908.66828594,5383339.38199756,2429198.63065755,22.5346075969173,114.027454601928,3.81780383505202,0.622712834533848,0.00532506089668199,0.746033298049552,0.971784601835934,1
2892,2206,382228.999541648,1334571028.99954,-2399907.87930987,5383339.48198229,2429199.41067145,22.5346148986542,114.027447201153,3.90436338474548,0.676236642261947,0.0387267483838711,0.716889967538389,0.986269224367918,1
2893,2206,382229.999542516,1334571029.99954,-2399907.29133569,5383339.24897136,2429200.32566579,22.5346240955792,114.027442903033,3.83732719370729,0.733595131065519,0.0622134252372497,0.730802051666595,1.0373543104084,1
2894,2206,382230.999543456,1334571030.99954,-2399906.95935272,5383338.95995111,2429201.26368894,22.5346333008956,114.027441099456,3.82814113550498,0.77200440584177,0.10657154813553,0.681673831384178,1.03538761336279,1
2895,2206,382231.999544478,1334571031.99954,-2399906.21731529,5383338.81095558,2429201.88470794,22.5346399973423,114.027435100922,3.66137729145315,0.692186991178595,0.0971806459432947,0.641118567968782,0.948472417573213,1
2896,2206,382232.999545593,1334571032.99955,-2399905.98224167,5383338.81295674,2429202.55278084,22.5346458945798,114.02743300587,3.83069130407876,0.531351012270749,0.0950776409495126,0.482478554080711,0.723988405430286,1
2897,2206,382233.999546814,1334571033.99955,-2399905.45415055,5383338.23598622,2429202.72479502,22.5346498972545,114.02743060086,3.21126635559356,0.332388806093055,0.0295610288344228,0.451908009044535,0.561762424411166,1
2898,2206,382234.999548157,1334571034.99955,-2399906.74802368,5383338.91497924,2429203.15296401,22.5346494990382,114.027439401147,4.43477387433491,0.0504501972870411,0.0468093504022418,0.0799639956035659,0.105501555838141,1
2899,2206,382235.999549638,1334571035.99955,-2399907.91300389,5383339.23000021,2429203.52896271,22.5346499977977,114.027448497684,5.28276086514674,0.00702347972556911,-4.87507856566788e-05,0.0831878293313461,0.0834838103643799,1
2900,2206,382236.99955128,1334571036.99955,-2399907.64311919,5383339.6079695,2429203.75892163,22.5346511014272,114.027444605432,5.58825135318291,0.26575189314833,0.0684244691192234,0.174762696449231,0.325342860312586,1
2901,2206,382237.999548766,1334571037.99955,-2399907.36318296,5383340.09290719,2429203.7399949,22.534649805179,114.027440200542,5.88481824275302,0.405357603695502,0.206128602246114,0.0111989082918337,0.454894716483524,1
2902,2206,382238.99955729,1334571038.99956,-2399906.81733024,5383340.48382647,2429203.915023,22.5346507985847,114.027433806816,6.0763942273715,0.74584817264781,0.392056925767815,-0.0516874489973368,0.84419767949719,1
2903,2206,382239.999557034,1334571039.99956,-2399907.29122222,5383341.34582726,2429203.60314019,22.5346448046997,114.027434602428,6.86228778186606,0.500254128092309,0.390584047012538,-0.316600658950066,0.709257405813788,1
2904,2206,382240.999557118,1334571040.99956,-2399907.22026035,5383342.4248109,2429203.38815609,22.5346397009487,114.027429701645,7.66345532057298,0.587199465301402,0.427861371870812,-0.352274026635704,0.807443840419604,1
2905,2206,382241.999561182,1334571041.99956,-2399906.20638641,5383343.10579187,2429203.2470776,22.5346378003991,114.02741800444,7.80257047131244,0.880881576293019,0.474589212901831,-0.176708491287208,1.01607734122372,1
2906,2206,382242.999564297,1334571042.99956,-2399906.16719756,5383343.1438844,2429203.49504453,22.5346398034726,114.027417505723,7.91499885482685,0.452703922676891,0.26494006214346,-0.101720353166581,0.534304321884035,1
2907,2206,382243.999564716,1334571043.99956,-2399905.26537424,5383344.02577529,2429203.40111663,22.5346375032402,114.027406008151,8.28381544235463,0.859985324847367,0.516814151524334,-0.267792730982452,1.03845297097928,1
2908,2206,382244.999566914,1334571044.99957,-2399904.26242293,5383344.73175086,2429203.28312186,22.5346357008294,114.027394308994,8.4569713493282,0.976624237047046,0.57546548229256,-0.281161615324483,1.16790722047165,1
2909,2206,382245.999568544,1334571045.99957,-2399904.15521925,5383345.62986281,2429203.37808686,22.5346338051153,114.027389802351,9.21070873694349,0.507445393547916,0.318605098124766,-0.200901821151858,0.631958525321262,1
2910,2206,382246.999570448,1334571046.99957,-2399904.23105685,5383346.05296427,2429203.50302671,22.5346334029606,114.027388801004,9.64404693287061,0.131913948262963,0.0835146684177295,-0.0618911672495598,0.167947926961782,1
2911,2206,382247.999571604,1334571047.99957,-2399903.77101348,5383346.46099587,2429203.37600127,22.5346317019685,114.027383101421,9.76657166569502,0.0319667663779567,0.0101231415564728,-0.00310778029470117,0.0336750715811471,1
2912,2206,382248.999572332,1334571048.99957,-2399903.85501673,5383346.72500182,2429203.65798908,22.5346331011123,114.027382802291,10.1289528623194,0.0389670385873286,-0.00392253631502007,0.025866577578575,0.0469350212851496,1
2913,2206,382249.999573022,1334571049.99957,-2399904.08602058,5383347.09300434,2429204.14798833,22.5346356993788,114.027383396695,10.7140704751324,0.0478371873410487,-0.00969127640510005,0.0279238548618213,0.056232188303557,1
2914,2206,382250.999574475,1334571050.99957,-2399904.47501131,5383347.45900477,2429204.66400632,22.5346382983651,114.02738540173,11.3668870287147,0.0260287802211005,-0.0107273045314321,-0.0141856683089145,0.0315246831495414,1
2915,2206,382251.999578181,1334571051.99958,-2399904.79200618,5383347.71601205,2429205.33100396,22.5346426026233,114.027387198946,11.9585405743085,0.0142314655859947,-0.0282098530452945,-0.00854149704547394,0.0327305299886865,1
2916,2206,382252.999583712,1334571052.99958,-2399904.93500171,5383347.63300813,2429205.959017,22.5346479016585,114.027388797087,12.1829766654193,0.00391932821239849,-0.0196112928673437,-0.0400175048907118,0.0447366140788881,1
2917,2206,382253.999587425,1334571053.99959,-2399905.33800246,5383347.87900889,2429206.43201924,22.5346505014232,114.027391401482,12.7233433261937,0.00545424069333842,-0.0212104432273973,-0.0459913634885657,0.0509395441575687,1
2918,2206,382254.999588891,1334571054.99959,-2399905.68799712,5383348.08402309,2429206.91699741,22.5346534053261,114.027393697484,13.2137880577074,-0.00742790875423193,-0.055868002830259,0.00691346680817301,0.0567820710436907,1
2919,2206,382255.999589595,1334571055.99959,-2399905.5850953,5383348.25696581,2429206.97702756,22.5346535043728,114.027392099333,13.3439913335272,0.232151167683696,0.083476829288017,-0.0670266138946293,0.25564646028268,1
2920,2206,382256.999590337,1334571056.99959,-2399905.17023575,5383348.76591599,2429207.13500974,22.5346537979213,114.027386401475,13.677872237252,0.575425663004336,0.205504334845568,-0.0235238072024446,0.611473707357558,1
2921,2206,382257.999591508,1334571057.99959,-2399904.47131082,5383349.26882332,2429206.66813077,22.5346492989844,114.027378205427,13.6603496357626,0.760893099564167,0.432699080676744,-0.320421286666649,0.932124779378799,1
2922,2206,382258.99959344,1334571058.99959,-2399903.18237886,5383349.762775,2429206.42215867,22.534647502314,114.027364806379,13.4980403792075,0.932364432003309,0.553396356458058,-0.390124223573178,1.15227942410879,1
2923,2206,382259.99959536,1334571059.9996,-2399901.49945727,5383350.13175609,2429206.12111089,22.5346461964763,114.02734840389,13.061023768515,1.13080994916221,0.602525623885467,-0.274029966368553,1.31029030792064,1
2924,2206,382260.999597273,1334571060.9996,-2399900.13145558,5383350.75175663,2429205.70610775,22.5346427029283,114.027333803897,12.9105352514325,1.13151490112756,0.604337121955682,-0.267718291067284,1.3104283314319,1
2925,2206,382261.99959919,1334571061.9996,-2399898.8284792,5383351.36473703,2429205.16712243,22.5346381058214,114.027319809025,12.7310646176035,1.19572916072053,0.656079060653412,-0.305760140480707,1.39774719571605,1
2926,2206,382262.999601098,1334571062.9996,-2399897.40047045,5383351.95272955,2429204.56114335,22.534633205101,114.027304802942,12.4578167656614,1.17965442679709,0.677876385552584,-0.359687446717849,1.40729386415141,1
2927,2206,382263.999602629,1334571063.9996,-2399896.09645783,5383352.38875041,2429204.1701015,22.5346304027835,114.027291499291,12.1853694818539,1.15231231598623,0.627848630411836,-0.25555109405655,1.33690835061984,1
2928,2206,382264.999604928,1334571064.9996,-2399894.78746042,5383353.01374799,2429203.81409481,22.53462730237,114.027277403396,12.0838984470827,1.1655802742239,0.637880055671621,-0.240116515772384,1.35023119584394,1
2929,2206,382265.999605555,1334571065.99961,-2399893.58247649,5383353.84773866,2429203.6150972,22.5346247043633,114.027263403785,12.2580277358435,1.20800966449507,0.662767055100742,-0.246369124300223,1.39973042556374,1
2930,2206,382266.999606342,1334571066.99961,-2399892.33448469,5383354.6607307,2429203.19610991,22.534620398432,114.02724910544,12.3139588675326,1.23126438897718,0.684248555406624,-0.279386075862908,1.43605872460894,1
2931,2206,382267.999610425,1334571067.99961,-2399890.86149517,5383355.47372124,2429202.70412067,22.5346158006579,114.02723280943,12.2572939965877,1.27131470284295,0.715681470620005,-0.309960516611854,1.49148133173424,1
2932,2206,382268.999615152,1334571068.99962,-2399889.39649528,5383356.25671477,2429202.04613197,22.534609901864,114.027216703088,12.1147105435518,1.28716726791124,0.741206436354415,-0.343289219783684,1.5244782862655,1
2933,2206,382269.999616054,1334571069.99962,-2399888.23146394,5383357.18072431,2429201.52814444,22.5346043023603,114.027202701905,12.2575580153862,1.20826880247905,0.718286088795342,-0.376365746916398,1.4551630767213,1
2934,2206,382270.999616482,1334571070.99962,-2399886.87447171,5383357.85072238,2429201.04913438,22.5346001013724,114.027188001769,12.1288624097392,1.23010038106118,0.723821643568365,-0.350515625954151,1.46966864402249,1
2935,2206,382271.999616523,1334571071.99962,-2399885.84740407,5383358.32475943,2429200.58811124,22.5345962049206,114.027177006541,11.9658232166344,1.05359063138347,0.627126546129301,-0.290254356730191,1.25999544245205,1
2936,2206,382272.999621677,1334571072.99962,-2399885.12135766,5383359.35076171,2429199.96616527,22.5345887973311,114.027166499254,12.3199675584714,0.945088911156864,0.630296660617003,-0.437122315980978,1.21718644812748,1
2937,2206,382273.999622254,1334571073.99962,-2399883.92040041,5383360.01574207,2429199.44016214,22.5345840003637,114.027153204358,12.2277121255873,1.06021363448494,0.682816297557532,-0.429346436125892,1.3321521719278,1
2938,2206,382274.999624136,1334571074.99962,-2399882.70135545,5383360.56578356,2429199.39510118,22.5345836036686,114.027140203804,12.2160069780607,0.945956523244146,0.575771214143022,-0.268891892769619,1.13958285565426,1
2939,2206,382275.999625042,1334571075.99962,-2399881.5635601,5383362.91472073,2429200.26108846,22.5345850052259,114.027120804498,14.1015882842937,1.49356109346028,0.746662238980432,-0.23467658065432,1.68620945808199,1
2940,2206,382276.999625693,1334571076.99963,-2399879.78753184,5383363.37771461,2429199.66811468,22.5345810984768,114.027103203236,13.5969956115459,1.42124099222951,0.762131475963943,-0.306718372499343,1.64159876482567,1
2941,2206,382277.999627877,1334571077.99963,-2399878.59745181,5383364.092735,2429199.11514681,22.5345759030956,114.027089806859,13.5407130016927,1.21404344049582,0.712106677436673,-0.394729473354273,1.46178273098137,1
2942,2206,382278.999633328,1334571078.99963,-2399877.58839023,5383365.08976135,2429199.0951572,22.5345740067319,114.027076901485,13.9946723404461,1.06413555898934,0.651201897852524,-0.428288544766649,1.31904491100592,1
2943,2206,382279.999636187,1334571079.99964,-2399876.05843113,5383365.54676684,2429198.9371037,22.534573399773,114.027061508683,13.744250061098,1.18545847789777,0.640667956726323,-0.284848550525876,1.37728208088695,1
2944,2206,382280.999636858,1334571080.99964,-2399874.90740549,5383366.32477952,2429198.69010527,22.53457050229,114.027048209732,13.8730573818854,1.11664047454043,0.607311205698985,-0.289827929792709,1.30373044715438,1
2945,2206,382281.999637539,1334571081.99964,-2399874.1603084,5383367.27882653,2429198.36211281,22.5345658036291,114.027037800365,14.2712398205111,0.850653827307091,0.479049012323149,-0.31126340754737,1.02468765923963,1
2946,2206,382282.999639648,1334571082.99964,-2399872.91635335,5383367.74680471,2429198.06511245,22.5345636000312,114.027024903459,14.0843855018297,0.980910066213057,0.541893973577506,-0.312034280086985,1.16327083198502,1
2947,2206,382283.999641383,1334571083.99964,-2399871.55935205,5383368.0888039,2429197.57010904,22.5345603024227,114.027011501486,13.6728561810387,0.982099730604049,0.54659686477007,-0.30424693000102,1.16441152856027,1
2948,2206,382284.999641771,1334571084.99964,-2399870.252338,5383368.64380066,2429197.06812975,22.5345562029198,114.026997700279,13.4571414508715,0.943900792301854,0.556467602243791,-0.362373929085416,1.15408828195066,1
2949,2206,382285.999645488,1334571085.99965,-2399868.69241109,5383369.21078553,2429196.8270883,22.5345545983528,114.026981606099,13.2564271826962,1.16010269203519,0.604949232075687,-0.249023048059631,1.33184620280315,1
2950,2206,382286.9996484,1334571086.99965,-2399867.72336037,5383370.11980319,2429196.72010582,22.5345521981953,114.026969404319,13.6178512430056,1.02484039319159,0.560092980552154,-0.300766778649822,1.20601104203911,1
2951,2206,382287.999649062,1334571087.99965,-2399866.41039414,5383370.86279186,2429196.4440979,22.5345493976428,114.026954806186,13.645093811024,1.12334226268806,0.593264211061279,-0.278950262636256,1.30064349930799,1
2952,2206,382288.999650958,1334571088.99965,-2399865.41031106,5383371.67780099,2429196.12916268,22.5345456038613,114.026942700973,13.8358446219288,0.891228273958251,0.570420236585396,-0.465972561319285,1.15619959804144,1
2953,2206,382289.999652888,1334571089.99965,-2399864.70327961,5383372.69284112,2429196.05811101,22.5345427990506,114.026932405934,14.3990219211173,0.805396932556103,0.458256747098083,-0.319513664014669,0.980179803262532,1
2954,2206,382290.999654806,1334571090.99965,-2399864.1391554,5383373.44890759,2429196.082082,22.5345414040346,114.026924404745,14.833885271562,0.450178986296506,0.268138792979322,-0.237261096274932,0.575197670204722,1
2955,2206,382291.999656695,1334571091.99966,-2399863.61011423,5383374.46091267,2429196.04010998,22.5345386005575,114.026915702034,15.4725852115875,0.332883528350054,0.255147082535518,-0.320088281376103,0.527605899367581,1
2956,2206,382292.999658629,1334571092.99966,-2399863.20014589,5383375.73788507,2429196.03514814,22.534535100448,114.026907007784,16.393781106139,0.427383231960176,0.337655890304649,-0.433550294671817,0.696156437324377,1
2957,2206,382293.999660557,1334571093.99966,-2399862.3491811,5383376.15587156,2429195.37814148,22.5345294983299,114.026897797973,16.1745818563085,0.533875986468584,0.378429213893455,-0.417053831757785,0.775993645231501,1
2958,2206,382294.999662438,1334571094.99966,-2399861.30727698,5383377.20186973,2429195.65905578,22.5345300032344,114.026884407196,16.7728261216967,0.820850858274047,0.386589589277944,-0.164722241390833,0.922161080764173,1
2959,2206,382295.999663171,1334571095.99966,-2399860.45924071,5383378.05384073,2429195.21515105,22.5345248026489,114.026873505668,17.0025153244519,0.714750700948493,0.473263978728192,-0.448545149071442,0.96749165827077,1
2960,2206,382296.99966746,1334571096.99967,-2399859.65824173,5383379.11384044,2429194.96615606,22.5345205039338,114.026862198389,17.5000886032653,0.727007085211787,0.480396831315533,-0.469093594393176,0.989630849249786,1
2961,2206,382297.999668212,1334571097.99967,-2399858.86727056,5383380.31883419,2429194.66515174,22.5345152989706,114.026850406256,18.1038210373304,0.815471471514592,0.500465394281534,-0.45717317973806,1.06040871742897,1
2962,2206,382298.999670116,1334571098.99967,-2399857.65729916,5383381.49581021,2429194.54718141,22.5345122996466,114.026835004869,18.5964870272662,0.907208849072347,0.575947107358084,-0.54951543867884,1.20694249393072,1
2963,2206,382299.999672017,1334571099.99967,-2399856.74932029,5383382.97182408,2429195.14513955,22.5345139010025,114.026821101174,19.7293722128996,0.976503216138711,0.537295534646323,-0.424424651014921,1.19263628448461,1
2964,2206,382300.999673946,1334571100.99967,-2399855.44131903,5383383.72583846,2429194.74210884,22.534509999113,114.026806503505,19.7191071030055,0.978766259743154,0.495683358032379,-0.333848118330804,1.14679551305142,1
2965,2206,382301.999675866,1334571101.99968,-2399853.77936973,5383384.14081878,2429194.24708294,22.5345069003143,114.026790105156,19.2544589258321,1.14121704104086,0.558961487794275,-0.256099678481729,1.29630294488506,1
2966,2206,382302.999677763,1334571102.99968,-2399852.62533338,5383385.01283676,2429194.0230824,22.5345039017336,114.02677640743,19.4702587727505,1.03467702725486,0.506909453552594,-0.255692579671668,1.18020864262599,1
2967,2206,382303.999679683,1334571103.99968,-2399851.53032306,5383385.66583483,2429193.49809923,22.5344990018304,114.026764100656,19.408139209328,1.00863054969957,0.51578428375613,-0.310000007873876,1.17450798977226,1
2968,2206,382304.999681615,1334571104.99968,-2399850.51034658,5383386.66281868,2429193.17611604,22.5344946020772,114.026751098588,19.7422292201726,1.08853197490103,0.569935942938978,-0.364452866647151,1.28162191438934,1
2969,2206,382305.99968352,1334571105.99968,-2399849.31833106,5383387.34684008,2429192.88608408,22.5344917004944,114.026737807751,19.7598434635096,1.04619067563738,0.505464203366237,-0.265652278462374,1.19188091843419,1
2970,2206,382306.999685427,1334571106.99969,-2399848.32229298,5383388.16982735,2429192.16715073,22.5344845060931,114.026725706904,19.804022790146,0.931391291800573,0.549107420359489,-0.479461533389468,1.18274767365486,1
2971,2206,382307.999687342,1334571107.99969,-2399847.10731253,5383388.88182239,2429191.54713652,22.5344787961106,114.026712101452,19.7101380529868,0.999800554334912,0.568199610682875,-0.436792481383428,1.23013804827818,1
2972,2206,382308.999689147,1334571108.99969,-2399845.92828962,5383389.52182345,2429190.72815241,22.5344716034468,114.026699100206,19.492787768934,0.931902240569072,0.568027525133825,-0.490624294454472,1.19658232211422,1
2973,2206,382309.999691181,1334571109.99969,-2399844.74328706,5383389.86883077,2429190.02412817,22.5344663042014,114.026687205535,19.0700706898387,0.929791859774223,0.547800910136756,-0.415287427385516,1.15631413854261,1
2974,2206,382310.999692907,1334571110.99969,-2399843.8502913,5383390.82183653,2429189.64711697,22.5344614055456,114.026675504957,19.3937271786011,0.948526243395922,0.532679637359034,-0.380890078148803,1.15261740490934,1
2975,2206,382311.999695011,1334571111.9997,-2399842.92228765,5383392.27784277,2429190.2211163,22.5344628985189,114.026661502692,20.4930242759195,0.943138753672944,0.516372164493747,-0.380457130781556,1.14056939697076,1
2976,2206,382312.999695428,1334571112.9997,-2399841.78834245,5383393.44782918,2429190.13709994,22.5344600973528,114.026646804009,21.021402799774,1.12441468595355,0.561425049701136,-0.327909272867152,1.29885756095586,1
2977,2206,382313.999698851,1334571113.9997,-2399840.77730576,5383394.46484335,2429189.93310968,22.534456605844,114.026633802051,21.4209751686099,1.01527910455342,0.520622091802569,-0.364054590338166,1.19765385957796,1
2978,2206,382314.99970224,1334571114.9997,-2399839.7053128,5383394.98985188,2429189.59007893,22.5344535957012,114.026622206232,21.329271803605,1.05054694630723,0.497456918331372,-0.265120095278521,1.1922252039408,1
2979,2206,382315.999702679,1334571115.9997,-2399838.51832507,5383395.76283966,2429189.26309204,22.5344500975726,114.026608607919,21.4096712824046,1.09343022109983,0.539502544707827,-0.309589889875054,1.25797398386195,1
2980,2206,382316.999704894,1334571116.9997,-2399837.45231774,5383396.6078596,2429189.09205864,22.5344475020686,114.026595798649,21.6561039188472,1.07667861803933,0.476061153941953,-0.198648783532225,1.19387286091713,1
2981,2206,382317.999706533,1334571117.99971,-2399836.11933445,5383397.30583471,2429188.72409461,22.5344441049834,114.026581200992,21.6026126679958,1.13983355006299,0.563384466010955,-0.322459129877358,1.3117173738397,1
2982,2206,382318.999708434,1334571118.99971,-2399834.82330768,5383397.7578358,2429188.24411445,22.5344404990153,114.026567905017,21.3125823027863,1.05544842719523,0.563070196272686,-0.392628692038251,1.25903801301276,1
2983,2206,382319.99971035,1334571119.99971,-2399833.57332354,5383398.28984926,2429187.97106651,22.5344383012473,114.026554701152,21.1866722334366,1.11714307516915,0.520413954204687,-0.229627385410476,1.25362198060651,1
2984,2206,382320.999712237,1334571120.99971,-2399832.51729452,5383399.05284502,2429187.66210382,22.5344348005023,114.026542305128,21.3148014445092,1.02347909665169,0.53876276464744,-0.360790570916854,1.21158764186336,1
2985,2206,382321.999714142,1334571121.99971,-2399831.04133415,5383399.45783109,2429187.07508965,22.5344307039272,114.026527597667,20.8764214372859,1.16922512651111,0.59072548512516,-0.313845498947479,1.34704973644289,1
2986,2206,382322.999716087,1334571122.99972,-2399830.11029186,5383400.52583884,2429187.15411758,22.5344292991199,114.026515104134,21.4575630375282,1.02788706681501,0.568057283782995,-0.413750299170974,1.24516272424472,1
2987,2206,382323.999717995,1334571123.99972,-2399828.9723187,5383401.66084,2429187.3800957,22.5344291998248,114.026500508179,22.0737180080125,1.13016948060077,0.567855217308842,-0.3388562911973,1.30941444500596,1
2988,2206,382324.999719819,1334571124.99972,-2399827.93329846,5383402.362852,2429187.03909203,22.5344256006249,114.026488504546,22.1445183514427,1.06520531193254,0.528352830898298,-0.328472128479404,1.23357732213077,1
2989,2206,382325.999721838,1334571125.99972,-2399826.9763102,5383403.52584113,2429187.01811023,22.53442309798,114.026475404724,22.7577040343124,1.11505306144489,0.571654802055063,-0.395973288006929,1.31412609264303,1
2990,2206,382326.999723868,1334571126.99972,-2399825.6833358,5383404.06283497,2429186.75209431,22.5344210036919,114.026461799455,22.6225251398567,1.21618623621371,0.597604054888737,-0.341459020037133,1.39743830988701,1
2991,2206,382327.999725685,1334571127.99973,-2399824.58828394,5383404.6378635,2429186.66508262,22.534420003338,114.026449800933,22.6624677910436,1.03509270441292,0.497642167381941,-0.300982469847549,1.18728896257018,1
2992,2206,382328.999727586,1334571128.99973,-2399823.56726177,5383405.58086251,2429186.88510941,22.5344202965086,114.02643700329,23.158348185444,0.960967218185957,0.505060130068022,-0.40114226931704,1.15734992532302,1
2993,2206,382329.999729493,1334571129.99973,-2399822.44026098,5383406.13486184,2429186.58210944,22.5344176061158,114.026424804338,23.0857605604668,0.964902788839704,0.510787067329558,-0.404485270190653,1.1642805305694,1
2994,2206,382330.999731402,1334571130.99973,-2399821.25028647,5383407.10485215,2429186.77210713,22.534417801566,114.026410399797,23.5293655697659,1.06666770985048,0.550809889162459,-0.398380635131248,1.26486310234918,1
2995,2206,382331.999732169,1334571131.99973,-2399819.72431576,5383407.57185696,2429186.75106517,22.5344183001047,114.026395002847,23.3414041375739,1.17926870828739,0.534001511462804,-0.243109627254788,1.31716915825354,1
2996,2206,382332.999733313,1334571132.99973,-2399818.63228132,5383408.40688364,2429187.44704167,22.5344230044528,114.026382002063,23.9018943501806,1.05485216679047,0.436624431975124,-0.155542960284627,1.15219251901505,1
2997,2206,382333.999738696,1334571133.99974,-2399817.52826862,5383408.7349011,2429187.58801548,22.5344246990962,114.026370901637,23.8174573290359,1.02803892982261,0.378438282195344,-0.0590648928306215,1.0970725756425,1
2998,2206,382334.999740928,1334571134.99974,-2399816.62416932,5383408.87894013,2429187.65802382,22.5344261016744,114.026362304349,23.625796904604,0.653681489945026,0.230984230281728,-0.0918371145775002,0.699347739361122,1
2999,2206,382335.999740983,1334571135.99974,-2399815.97205783,5383408.65400815,2429188.07397882,22.5344312009621,114.026357404736,23.3502094131548,0.223485166981041,-0.0316703174690034,0.0820953388184847,0.240183832771594,1
3000,2206,382336.999740815,1334571136.99974,-2399815.52204178,5383408.45298607,2429188.25703846,22.5344339973584,114.026354204826,23.0815405206621,0.161410762625113,0.0535709251835689,-0.148194938648654,0.225577078084903,1
3001,2206,382337.999744933,1334571137.99974,-2399814.83410522,5383408.3249246,2429188.2481015,22.5344352969638,114.026348603726,22.7113675883803,0.412793639995869,0.295365504518682,-0.397684985276998,0.644819911289486,1
3002,2206,382338.999748635,1334571138.99975,-2399814.42705624,5383408.49996188,2429188.18606413,22.5344347998024,114.026344296889,22.682179012838,0.223809112961901,0.151619430135459,-0.254938574888136,0.371581279944762,1
3003,2206,382339.999748655,1334571139.99975,-2399814.17506879,5383408.86797401,2429188.34302758,22.5344353008232,114.026340603011,22.9580320108621,0.27368153345014,0.103587719516572,-0.109498987493043,0.312445236238714,1
3004,2206,382340.999748622,1334571140.99975,-2399813.8250923,5383408.99396442,2429188.24802252,22.5344346032968,114.026336997026,22.8962951743867,0.367199776964239,0.14154888237388,-0.0895832672671306,0.403604910869697,1
3005,2206,382341.999753155,1334571141.99975,-2399813.28614032,5383409.5539382,2429188.16503557,22.5344329005041,114.026329995516,23.1342145217809,0.568466381124801,0.250630936236818,-0.144085940272506,0.637754381288191,1
3006,2206,382342.999755708,1334571142.99976,-2399812.10425635,5383410.31091847,2429188.69596659,22.5344366015287,114.026316505891,23.5318230464751,1.04957853598585,0.334073350080884,0.137129034754378,1.10996598083416,1
3007,2206,382343.99975633,1334571143.99976,-2399810.98628549,5383411.36689641,2429188.7629953,22.5344353980426,114.026302400321,24.0279237082266,1.17160525126543,0.425588656856508,0.0192995510945562,1.24665835027489,1
3008,2206,382344.999758184,1334571144.99976,-2399809.61431491,5383412.07686536,2429188.48903782,22.5344328020513,114.02628740905,24.005922942431,1.30234477776482,0.55693360377514,-0.156531045151192,1.42505400854893,1
3009,2206,382345.999760097,1334571145.99976,-2399808.25728796,5383412.62087581,2429188.45404026,22.5344327027142,114.026273207309,23.9411145899405,1.20039656117804,0.51768033029882,-0.167713929825535,1.31798057296907,1
3010,2206,382346.999762064,1334571146.99976,-2399806.91130956,5383413.594868,2429188.66804061,22.5344333055233,114.026257401833,24.338629869292,1.30107015641001,0.555093709734749,-0.170417521804546,1.42476479119392,1
3011,2206,382347.99976397,1334571147.99976,-2399805.26230182,5383413.73685961,2429188.31105808,22.5344322027262,114.026242198847,23.7014678285169,1.2789784441031,0.594489817092855,-0.246150278825948,1.43171015323409,1
3012,2206,382348.999765917,1334571148.99977,-2399803.76627626,5383413.91787573,2429188.06704846,22.5344317033024,114.026228199681,23.1980554925891,1.18037432300324,0.530621582021214,-0.207040940520645,1.31061388546121,1
3013,2206,382349.99976783,1334571149.99977,-2399802.29828609,5383414.13586794,2429187.73305558,22.5344302969573,114.026214303082,22.7018955526678,1.23240989633097,0.568573526312626,-0.23948180024018,1.37820954141392,1
3014,2206,382350.999769718,1334571150.99977,-2399802.1660893,5383415.25589387,2429186.92521602,22.534420204839,114.02620869639,23.2874658949117,0.387410328228124,0.461318029410612,-0.938150011181871,1.1149109965184,1
3015,2206,382351.999771642,1334571151.99977,-2399800.85720335,5383415.39989292,2429186.69810246,22.5344196996549,114.026196505284,22.8296782683674,0.890903012462777,0.468714332530161,-0.44841791317074,1.10203444954631,1
3016,2206,382352.999773547,1334571152.99977,-2399799.39624947,5383415.58589543,2429186.45005053,22.5344191013298,114.026182797768,22.3421138050969,1.10191962184997,0.461571942089565,-0.223123007083143,1.21534332064324,1
3017,2206,382353.999775465,1334571153.99978,-2399798.01625597,5383415.67188098,2429185.89006962,22.5344161033155,114.026170204929,21.6810763493408,1.14016564796466,0.529772326153224,-0.310252591418278,1.2949490695924,1
3018,2206,382354.9997774,1334571154.99978,-2399796.58925312,5383415.85687453,2429185.62308314,22.5344153024073,114.026156802843,21.1981727249827,1.13729906107456,0.563398093481201,-0.37342577780481,1.32299409582524,1
3019,2206,382355.99977931,1334571155.99978,-2399795.14625853,5383415.95488559,2429185.38004902,22.53441499876,114.026143603038,20.6450543479232,1.17165114776626,0.518154740578384,-0.222110273572453,1.30022448864505,1
3020,2206,382356.999781197,1334571156.99978,-2399794.52915495,5383416.81891016,2429185.42410486,22.5344135046433,114.026134704251,21.1587780893158,0.707990006510407,0.410850307938283,-0.478939408612424,0.948383246358563,1
3021,2206,382357.999781843,1334571157.99978,-2399793.54720633,5383417.16790076,2429185.10207352,22.5344110991186,114.026124604573,20.960501995128,0.945848499761956,0.454839513383074,-0.336964029909303,1.10229448192813,1
3022,2206,382358.999785009,1334571158.99978,-2399792.26524314,5383417.32489594,2429184.80104166,22.5344098983693,114.026112601059,20.4954763673678,1.13109111259732,0.483824782165739,-0.193819126843908,1.24539928487409,1
3023,2206,382359.99978826,1334571159.99979,-2399791.31621707,5383417.84790035,2429184.58705439,22.5344077975886,114.026102104962,20.4977906746117,1.02508558640143,0.470642134627421,-0.256837190426217,1.15683612526609,1
3024,2206,382360.999788909,1334571160.99979,-2399790.99911477,5383418.17391851,2429184.10611467,22.534403202434,114.026097999166,20.4692616414917,0.543432689370846,0.385989755945538,-0.543238373396513,0.859892499038232,1
3025,2206,382361.999790813,1334571161.99979,-2399789.98517226,5383418.75390234,2429183.79509285,22.534400203664,114.026086701178,20.4580452694089,0.823646968241295,0.46692710159607,-0.44377417691853,1.04563414567319,1
3026,2206,382362.999791857,1334571162.99979,-2399788.56323833,5383419.4288873,2429183.65405927,22.5343988973339,114.02607140476,20.4386886536493,1.1452536042222,0.541541290507085,-0.284642883588194,1.29841994689138,1
3027,2206,382363.999792511,1334571163.99979,-2399787.42022413,5383420.02389021,2429183.5430661,22.5343977013686,114.026058901342,20.4682623911111,1.08022072787789,0.52915723549095,-0.318436073050569,1.24430130331417,1
3028,2206,382364.999793516,1334571164.99979,-2399786.28122843,5383420.62787443,2429183.12409429,22.5343939025434,114.026046398057,20.3888953547751,1.10630325846451,0.608137755085029,-0.456629047210265,1.3424784972599,1
3029,2206,382365.999796686,1334571165.9998,-2399785.16521661,5383421.2058762,2429182.59110084,22.5343892024215,114.026034201674,20.2525551913584,1.06541724979078,0.608903040909523,-0.496013577909216,1.32359597266346,1
3030,2206,382366.999802173,1334571166.9998,-2399783.82923133,5383421.82088336,2429182.28607004,22.534386596687,114.026019905753,20.1520735097073,1.16947922643831,0.589635896604968,-0.353979223112777,1.3567068371728,1
3031,2206,382367.999805344,1334571167.99981,-2399782.76021966,5383422.70788797,2429182.10607515,22.5343837979144,114.026006903675,20.4293740971376,1.12842800563724,0.575722420138948,-0.385947611197982,1.32429665390596,1
3032,2206,382368.999806352,1334571168.99981,-2399781.73818299,5383423.19391965,2429182.33404171,22.5343856031469,114.025995905676,20.5424158966675,0.94496149272893,0.414918131013495,-0.215102497668759,1.05421931432106,1
3033,2206,382369.999807012,1334571169.99981,-2399780.88913221,5383423.79293724,2429181.98605269,22.5343820035258,114.025985996382,20.5951016519109,0.685097593272941,0.325322756289862,-0.273059184600303,0.806073772283276,1
3034,2206,382370.999808062,1334571170.99981,-2399780.04411951,5383424.22093238,2429181.35807169,22.5343766034289,114.025976799825,20.397723770035,0.622741194404739,0.352361696240668,-0.373664825246677,0.807211720562128,1
3035,2206,382371.999809967,1334571171.99981,-2399779.20212665,5383424.58093961,2429181.14804685,22.534374900096,114.025967899169,20.3043019212816,0.666565971386977,0.317811094148596,-0.246477144306735,0.778501810171688,1
3036,2206,382372.999810702,1334571172.99981,-2399778.33812586,5383424.61296849,2429181.39797997,22.534378100935,114.025960101206,20.1021860432433,0.665005875992219,0.166351468524319,0.105935751611151,0.693633916164569,1
3037,2206,382373.999814994,1334571173.99981,-2399777.75005867,5383424.10202484,2429181.87191634,22.5343844976465,114.025956902187,19.6316199815898,0.317201975704698,-0.134540870722811,0.452297351752677,0.568587050229163,1
3038,2206,382374.999815723,1334571174.99982,-2399777.47900034,5383423.3680768,2429182.35085479,22.5343911942996,114.025957400413,19.0940545114884,0.00191507325262819,-0.41696786135257,0.787889990941774,0.891423862555142,1
3039,2206,382375.999817622,1334571175.99982,-2399777.12102168,5383422.76607994,2429183.08182426,22.5343996984972,114.025956604656,18.7317067637294,0.119001838503012,-0.438387682061752,0.963479633259068,1.06519397344127,1
3040,2206,382376.999818664,1334571176.99982,-2399776.53403554,5383422.1830663,2429183.85283677,22.5344087993683,114.025953700477,18.3145983755464,0.19624396468943,-0.36574437049281,0.900069655135282,0.991163973477423,1
3041,2206,382377.999819315,1334571177.99982,-2399775.72006547,5383421.49306692,2429184.67680226,22.5344189999218,114.025949204411,17.7421673207345,0.362635432691756,-0.370518353471921,1.0942715019737,1.21087506677397,1
3042,2206,382378.999820321,1334571178.99982,-2399775.05106641,5383420.77606158,2429185.49080832,22.5344289984986,114.025946102383,17.1976551470788,0.369785741678812,-0.342897770980335,1.06664020770945,1.17984817192497,1
3043,2206,382379.999823512,1334571179.99982,-2399774.51505864,5383420.2820574,2429186.35182263,22.5344384968819,114.025943298535,16.9093012638418,0.332355398269147,-0.325299380309127,1.00493265950369,1.10732535766382,1
3044,2206,382380.999829029,1334571180.99983,-2399773.98205728,5383420.02104406,2429187.3138544,22.5344480971331,114.025939599232,16.8573489875481,0.335140013834856,-0.257667753175924,0.851615910119275,0.950768719651755,1
3045,2206,382381.999832204,1334571181.99983,-2399773.281072,5383419.5840436,2429188.31283955,22.5344587985908,114.025935104983,16.6079189958964,0.429224897767358,-0.259932050065808,0.956231707090796,1.07989710674702,1
3046,2206,382382.999833209,1334571182.99983,-2399772.5680652,5383418.71705818,2429189.64981109,22.5344736952437,114.025932205822,16.1207518261758,0.391082916384988,-0.349110567612449,1.13274552645819,1.24817325064188,1
3047,2206,382383.999833866,1334571183.99983,-2399771.64608072,5383418.01504352,2429190.66682381,22.5344856961644,114.025926798275,15.5715488307152,0.486114186222584,-0.262160886919347,1.0605078431876,1.19570574061497,1
3048,2206,382384.999834919,1334571184.99984,-2399770.69506335,5383416.8650545,2429191.97680986,22.5345015976693,114.025922905977,14.7457844755966,0.383997770596078,-0.330556510069341,1.15186943098296,1.2583819293859,1
3049,2206,382385.999836836,1334571185.99984,-2399769.65108128,5383416.2160372,2429193.30482994,22.5345161970442,114.025916205488,14.3146037116699,0.498447832536884,-0.22815924205073,1.04239554711601,1.177750125511,1
3050,2206,382386.999838746,1334571186.99984,-2399768.65006695,5383414.95804679,2429194.64881635,22.5345327939841,114.025912296732,13.3919559627882,0.415441302390157,-0.290664903424794,1.13903045045588,1.24678303199887,1
3051,2206,382387.999840664,1334571187.99984,-2399767.70204573,5383413.76403954,2429195.73884585,22.5345469957906,114.025908605248,12.4458887591828,0.287272183571601,-0.248572258355417,0.967497379607111,1.03940591427244,1
3052,2206,382388.999842584,1334571188.99984,-2399766.88803374,5383412.94903428,2429196.75586527,22.5345592017981,114.025904603551,11.8419730341931,0.214637956342633,-0.218031246366538,0.855928169893018,0.908966505824885,1
3053,2206,382389.999844497,1334571189.99984,-2399766.24903027,5383411.81904574,2429197.84983974,22.5345727987305,114.025903402367,11.0676364309711,0.194854348856325,-0.294551510097349,1.03063193232921,1.08946362459033,1
3054,2206,382390.999846412,1334571190.99985,-2399765.4140433,5383410.95602617,2429198.68886639,22.5345837014559,114.025899404471,10.3471132265175,0.282184322753396,-0.170675961696705,0.869863500032234,0.930279949583574,1
3055,2206,382391.999848322,1334571191.99985,-2399764.76704237,5383410.21302462,2429199.55586753,22.5345941932583,114.025896600634,9.80925602679811,0.279510487873448,-0.162602052834021,0.873385675399283,0.931325978597049,1
3056,2206,382392.999850246,1334571192.99985,-2399764.02303893,5383409.30102516,2429200.43986514,22.5346054977069,114.025893604409,9.09886292883714,0.260194652119418,-0.168323211599248,0.900533358152187,0.952362478103524,1
3057,2206,382393.999852159,1334571193.99985,-2399763.63500507,5383408.4570484,2429201.64884422,22.5346187961825,114.025893499515,8.70426905366314,0.0343850475954095,-0.32760965355064,1.05380326260634,1.1040886435778,1
3058,2206,382394.999854081,1334571194.99985,-2399762.88606839,5383408.67099959,2429202.58690065,22.5346269993907,114.025886003118,8.96261865113854,0.468868620113504,0.00296679669896266,0.680935697234861,0.826752688884966,1
3059,2206,382395.999855989,1334571195.99986,-2399762.0280528,5383408.11201937,2429203.78887106,22.5346400007794,114.025880597402,8.62902685259337,0.366808940509195,-0.134676938965056,0.89550135066739,0.977041117749706,1
3060,2206,382396.999857905,1334571196.99986,-2399761.13403483,5383407.16803411,2429204.92285156,22.5346537027942,114.02587639583,7.93103996976677,0.245351705009216,-0.240397343302528,1.04474759245586,1.09976628142536,1
3061,2206,382397.999859827,1334571197.99986,-2399760.65601409,5383406.42401645,2429205.55490875,22.5346620000785,114.025875096338,7.36583371351212,0.100642122241523,-0.117574201377346,0.650940320614793,0.669085817067503,1
3062,2206,382398.999861724,1334571198.99986,-2399760.14200402,5383405.80098691,2429205.48398315,22.5346641021519,114.025872998451,6.61974913142642,0.0292350353230872,0.0943849519375008,0.121736118288426,0.156789313853082,1
3063,2206,382399.999863649,1334571199.99986,-2399760.02800122,5383405.69699738,2429205.96396686,22.5346685949763,114.025872397827,6.67309893332222,0.00900375126674489,0.019158598010966,0.243129459272982,0.244049284737718,1
3064,2206,382400.999865582,1334571200.99987,-2399759.81501549,5383405.11701824,2429206.85990646,22.5346782012967,114.025872802267,6.44708049748386,0.115258843780346,-0.135915165132484,0.695999256074744,0.718451458095236,1
3065,2206,382401.999867472,1334571201.99987,-2399759.48102189,5383404.34402276,2429207.64888977,22.5346876961384,114.025872896244,5.97173221973638,0.16526636423613,-0.171956243945784,0.831720378520123,0.865240260867135,1
3066,2206,382402.99986829,1334571202.99987,-2399758.90903314,5383403.76703,2429208.74886266,22.5346995006942,114.02587010137,5.6914203235715,0.251743551416981,-0.227924474176259,1.04279399650791,1.09669672232642,1
3067,2206,382403.999869174,1334571203.99987,-2399758.12605204,5383403.22503187,2429209.98183856,22.5347126012964,114.025865294645,5.41225726529383,0.397912569481739,-0.243704383875023,1.23400631998546,1.31927928712442,1
3068,2206,382404.999873225,1334571204.99987,-2399757.41805019,5383402.54503568,2429211.7138342,22.5347301947127,114.025861699819,5.2361189180859,0.39604901679091,-0.281584779019776,1.30796406427986,1.39531889004777,1
3069,2206,382405.999877268,1334571205.99988,-2399756.79704634,5383402.1880331,2429213.0088455,22.5347429997399,114.025857599056,5.19771157451572,0.377664773663696,-0.269704654712025,1.2588410456744,1.34166018809324,1
3070,2206,382406.999878156,1334571206.99988,-2399756.14705291,5383401.61403041,2429214.07184462,22.5347545963688,114.025854099761,4.87641895505941,0.434363845779998,-0.249710254670431,1.27514362570058,1.37004322120624,1
3071,2206,382407.999878983,1334571207.99988,-2399755.54805972,5383401.02902816,2429215.25984283,22.5347671985052,114.025851096818,4.61293150249076,0.493523303823616,-0.232801325726785,1.29869439065059,1.40867626834004,1
3072,2206,382408.999880887,1334571208.99988,-2399755.08104906,5383400.46102991,2429216.4168503,22.5347793024307,114.025849198414,4.40154592400633,0.411911094215816,-0.251258707171239,1.25674035732386,1.34617904202745,1
3073,2206,382409.999882787,1334571209.99988,-2399754.7600342,5383399.86703153,2429217.67186036,22.5347921002501,114.025848699174,4.26068866011336,0.291749271727173,-0.269126165493273,1.19134101441123,1.25572287672274,1
3074,2206,382410.99988472,1334571210.99988,-2399754.17205281,5383399.7340219,2429218.97286507,22.534804200698,114.025844005071,4.42596416766346,0.458171205327552,-0.189944290174776,1.17046745447995,1.27121742780614,1
3075,2206,382411.999886653,1334571211.99989,-2399753.89403392,5383399.5160257,2429220.1378779,22.5348149987381,114.025842399412,4.58399008936279,0.299195481712579,-0.226749610268696,1.0772203656087,1.14076160441889,1
3076,2206,382412.999888557,1334571212.99989,-2399753.75202735,5383399.32402934,2429221.40787891,22.534826398632,114.025841898469,4.8553355051246,0.245370609911135,-0.263221337660228,1.0866311596653,1.14466566558247,1
3077,2206,382413.999890466,1334571213.99989,-2399753.44703126,5383399.04303327,2429222.77186893,22.5348390934661,114.025840302631,5.0263256711085,0.285409760620143,-0.303722457658699,1.19664266172443,1.26714629092399,1
3078,2206,382414.999892392,1334571214.99989,-2399753.11003984,5383398.16203072,2429223.9638647,22.5348522954249,114.025840797465,4.61318829579297,0.370218763451064,-0.285649028198729,1.25735175450278,1.34148825364717,1
3079,2206,382415.999894314,1334571215.99989,-2399752.8250433,5383397.62302915,2429225.25886606,22.5348652022094,114.025840400352,4.54760104397398,0.409686438781906,-0.275879015177557,1.26733444622017,1.36017969684646,1
3080,2206,382416.999896222,1334571216.9999,-2399752.23503658,5383396.60302854,2429226.55887317,22.5348801009693,114.025839198862,3.96344793747519,0.352560266264471,-0.275279635496919,1.22216405422087,1.30144634714512,1
3081,2206,382417.999898123,1334571217.9999,-2399752.33998951,5383396.25704778,2429227.90788011,22.5348922985985,114.025841500062,4.22804057404082,-0.103044906393225,-0.4690033610256,1.17682436309554,1.27102241796206,1
3082,2206,382418.999899067,1334571218.9999,-2399752.91693564,5383395.1770629,2429228.78289735,22.5349021978645,114.025850897073,3.86925423031029,-0.637663699481323,-0.623292247296072,1.01695707218475,1.35251983565572,1
3083,2206,382419.999899681,1334571219.9999,-2399753.63991462,5383394.39805684,2429229.2809299,22.5349077955887,114.025860399438,3.67482029032167,-0.851057958885302,-0.566604338423108,0.698684812255165,1.2383459099048,1
3084,2206,382420.999901421,1334571220.9999,-2399754.49289949,5383393.55805079,2429229.50295649,22.5349111008202,114.025871297526,3.37203754004106,-1.01951521857379,-0.515359824299151,0.441286738806779,1.22463913674679,1
3085,2206,382421.999906965,1334571221.99991,-2399755.43789926,5383392.87404433,2429229.71497168,22.534913699775,114.025882395165,3.23162628829798,-1.08278644953283,-0.476506113398488,0.304376239866665,1.22152751372755,1
3086,2206,382422.999910899,1334571222.99991,-2399756.378909,5383392.30504228,2429230.16196833,22.5349179007673,114.025893002204,3.27679091826193,-1.02124574011874,-0.47452996746374,0.355469064954176,1.18088094568047,1
3087,2206,382423.999911432,1334571223.99991,-2399757.43889882,5383391.62704428,2429230.32397294,22.5349199015665,114.025905097032,3.16552601619058,-1.14241239169435,-0.500023749606528,0.305517947611752,1.28392797273846,1
3088,2206,382424.999911534,1334571224.99991,-2399758.30290283,5383391.16404384,2429230.67797022,22.534923100299,114.025914600815,3.23551581839075,-1.09825989681363,-0.495551547117304,0.336638506016402,1.25102822531404,1
3089,2206,382425.999911225,1334571225.99991,-2399759.52189281,5383390.48804889,2429231.15496908,22.5349274980405,114.02592809944,3.30645563819593,-1.20744300016934,-0.550712908513566,0.348318585297191,1.37205289370521,1
3090,2206,382426.999912706,1334571226.99991,-2399760.52190499,5383390.10404371,2429231.68196989,22.5349316984162,114.025938498151,3.56053864483605,-1.08833452071443,-0.500718771730454,0.344962464832482,1.24667173685989,1
3091,2206,382427.999919932,1334571227.99992,-2399761.69890243,5383389.46004445,2429231.98497219,22.5349346029085,114.025951497299,3.57599592070254,-1.21853449137659,-0.555224035617793,0.34730340167208,1.38337257787449,1
3092,2206,382428.99992133,1334571228.99992,-2399762.90990613,5383389.09404195,2429232.38597594,22.5349373981472,114.025963698099,3.87632498280987,-1.19323153712741,-0.533265261511678,0.305886825181285,1.34228912315866,1
3093,2206,382429.999921107,1334571229.99992,-2399764.13390255,5383388.75804278,2429232.86097899,22.534940697453,114.025975895507,4.23521186181063,-1.23519861772744,-0.542255682299446,0.266312441331654,1.37501969681523,1
3094,2206,382430.99992112,1334571230.99992,-2399765.3479053,5383388.34804464,2429233.33097325,22.5349442029734,114.025988297063,4.52599397860695,-1.20058462060628,-0.565896373921351,0.339192400726054,1.36992467747828,1
3095,2206,382431.999921819,1334571231.99992,-2399766.57290501,5383387.65904844,2429233.87596557,22.5349492004596,114.026001900505,4.61428581405863,-1.21501775217797,-0.619606329082147,0.440401682988354,1.43322495914816,1
3096,2206,382432.999927129,1334571232.99993,-2399767.69091648,5383386.9580437,2429234.397966,22.5349541948881,114.026014601555,4.64340136793004,-1.14614665840107,-0.599656929060129,0.466610144960972,1.37512385715406,1
3097,2206,382433.999931762,1334571233.99993,-2399768.54993697,5383386.48603256,2429234.92897147,22.5349589055165,114.026024096755,4.77175523822645,-0.923677961734341,-0.477191671366117,0.418051730670653,1.12056241135049,1
3098,2206,382434.999932411,1334571234.99993,-2399769.37494226,5383385.98702818,2429235.22597575,22.5349617976324,114.02603339678,4.77486503516767,-0.854232458059938,-0.416966433112991,0.358708564537047,1.01599504576465,1
3099,2206,382435.999932659,1334571235.99993,-2399770.07295144,5383385.35402205,2429235.47597945,22.5349649002534,114.026042099606,4.59915670063509,-0.721158102647497,-0.327502198660487,0.305209574007633,0.848810687496047,1
3100,2206,382436.999932272,1334571236.99993,-2399770.67796268,5383385.27101392,2429235.76198724,22.5349666956724,114.026047799885,4.86626395366913,-0.551037896153436,-0.205514834289193,0.188431364400532,0.617564157962528,1
3101,2206,382437.999937086,1334571237.99994,-2399771.24596589,5383384.92800986,2429235.75299389,22.5349669045291,114.02605420062,4.78705733901325,-0.542205706782165,-0.156709986855322,0.0971411327838503,0.572696645813359,1
3102,2206,382438.999939979,1334571238.99994,-2399771.74896683,5383384.31401213,2429235.87998769,22.5349691958418,114.026061096786,4.50690638465322,-0.552598431966458,-0.202199459100156,0.205155858583942,0.623168175201123,1
3103,2206,382439.999940333,1334571239.99994,-2399772.37396494,5383384.15001192,2429236.13999071,22.5349710022116,114.026067295082,4.70323727658098,-0.587556591960551,-0.199826612325377,0.155639935239205,0.639825924131711,1
3104,2206,382440.999941846,1334571240.99994,-2399773.0119639,5383383.96201385,2429236.2239887,22.5349713980879,114.026073703792,4.81675883069707,-0.620817348044329,-0.23817571938626,0.194298665762942,0.692743693190502,1
3105,2206,382441.999944168,1334571241.99994,-2399773.63196425,5383383.63601168,2429236.16899379,22.5349710962396,114.026080498904,4.75381996410477,-0.640326588585953,-0.209163809886391,0.111139580787272,0.682729555412599,1
3106,2206,382442.999945293,1334571242.99995,-2399774.59395329,5383383.31801576,2429236.41499701,22.5349727977672,114.026090298758,4.94160202688862,-0.853764634735476,-0.288016620769987,0.0546237422331318,0.902691186719088,1
3107,2206,382443.999946034,1334571243.99995,-2399775.5669515,5383382.92401897,2429236.62199245,22.5349743986626,114.026100497165,5.05445884948228,-0.898757686531408,-0.351576641914099,0.139887764444232,0.975161576806679,1
3108,2206,382444.999946555,1334571244.99995,-2399776.48095195,5383382.39701901,2429236.88899191,22.5349770035997,114.026110698161,5.05592095361911,-0.899063842921968,-0.355782769199747,0.151362136102766,0.978676488301752,1
3109,2206,382445.999947064,1334571245.99995,-2399777.45095047,5383382.07201786,2429237.06099685,22.5349780987744,114.026120596855,5.21244620368966,-0.935700610504495,-0.337415234363918,0.0594567223213443,0.996453598873796,1
3110,2206,382446.999948074,1334571246.99995,-2399778.59994403,5383381.69302239,2429237.17099453,22.53497859521,114.026132298504,5.36697059163526,-1.07788848421758,-0.431117783238819,0.105324167892345,1.1656754727521,1
3111,2206,382447.999951038,1334571247.99995,-2399779.65495076,5383381.2790193,2429237.43299549,22.5349806025771,114.026143304226,5.51487170732397,-1.00568525287171,-0.394090318084958,0.0920522921705895,1.08405886885621,1
3112,2206,382448.99995868,1334571248.99996,-2399780.54395915,5383380.67201684,2429237.61699429,22.5349828033205,114.026153599968,5.407634348463,-0.988716006318847,-0.407569445206594,0.138201119462146,1.07831894318782,1
3113,2206,382449.999968825,1334571249.99997,-2399781.72596574,5383379.98901496,2429238.04899401,22.5349868999713,114.026166797966,5.44151484594734,-1.09882691318751,-0.47995047700263,0.192188872916285,1.21437622193168,1
3114,2206,382450.999972349,1334571250.99997,-2399782.53597297,5383379.22801284,2429238.40099207,22.5349911000845,114.0261770018,5.23903628280769,-0.977650961509274,-0.464299378883802,0.286977879865716,1.11970157600323,1
3115,2206,382451.999970883,1334571251.99997,-2399783.37497201,5383378.38201401,2429238.90498971,22.5349967958253,114.026187799457,5.03400929894946,-0.961313648798336,-0.481343598754828,0.353563438090795,1.13173437527664,1
3116,2206,382452.999968763,1334571252.99997,-2399784.18396988,5383377.67001445,2429239.38398993,22.5350019017679,114.026197800382,4.92116443932248,-0.964237969137918,-0.462469265029878,0.322225698426999,1.11689842105326,1
3117,2206,382453.999967126,1334571253.99997,-2399785.06496788,5383377.14501571,2429239.90898903,22.5350066988118,114.026207700442,5.01078328873301,-0.97700032178213,-0.478038013251843,0.333634813803003,1.13770038228767,1
3118,2206,382454.999968431,1334571254.99997,-2399786.04096572,5383376.20101623,2429240.29198976,22.5350115020702,114.026220102359,4.72823054705872,-1.0857883309439,-0.514071409244943,0.324282187948379,1.24433301444493,1
3119,2206,382455.999969629,1334571255.99997,-2399786.90196867,5383375.55601528,2429240.79198895,22.5350164980961,114.026230299851,4.6995129335179,-1.03155296032316,-0.503004045318355,0.363701341911301,1.20390749049343,1
3120,2206,382456.999970732,1334571256.99997,-2399787.88596827,5383374.73101451,2429241.11299088,22.5350203967992,114.026242301827,4.4965987114393,-1.08413671239807,-0.49564420062137,0.311477127945226,1.23208505632197,1
3121,2206,382457.999971749,1334571257.99997,-2399789.15996723,5383374.35501453,2429241.42599266,22.5350224008355,114.026255101512,4.77846390603569,-1.16014107196833,-0.514268663582408,0.259848658513522,1.29534585749982,1
3122,2206,382458.99997269,1334571258.99997,-2399790.42196755,5383373.52201495,2429241.87499167,22.5350270006912,114.026269603443,4.72240388130272,-1.18810593503241,-0.547371149127475,0.305127241694371,1.34324737907073,1
3123,2206,382459.999973562,1334571259.99997,-2399791.56496947,5383372.47301326,2429242.46199305,22.5350336020695,114.026283903746,4.49225837108018,-1.15489668336887,-0.501518312016619,0.262800598140816,1.28622358901071,1
3124,2206,382460.999974373,1334571260.99997,-2399792.80097,5383371.78401264,2429242.912994,22.5350378000748,114.026297604894,4.5486690262043,-1.17070346819364,-0.49305396995576,0.233993145942506,1.29166621852467,1
3125,2206,382461.999975131,1334571261.99998,-2399794.0439685,5383370.80901313,2429243.22099403,22.5350416995159,114.026312500146,4.31163266301327,-1.26677277349108,-0.528080504210232,0.240191852186864,1.39329623714491,1
3126,2206,382462.999975843,1334571262.99998,-2399795.58996736,5383370.18401382,2429243.35299405,22.5350425976497,114.026328700373,4.41636063536162,-1.35119622067028,-0.572033295642544,0.246404558512481,1.48784022143947,1
3127,2206,382463.999976514,1334571263.99998,-2399797.24596734,5383369.67901342,2429243.63399527,22.5350442042551,114.02634540232,4.72079483858422,-1.39082175512742,-0.571557295806766,0.201328480657406,1.51710120099138,1
3128,2206,382464.999977152,1334571264.99998,-2399798.77796782,5383369.3010122,2429244.14499827,22.5350475025507,114.02636050065,5.17388395346441,-1.40855035429809,-0.534181603774667,0.0756196565070905,1.50833763423671,1
3129,2206,382465.999977767,1334571265.99998,-2399800.10597094,5383368.97001109,2429244.71099819,22.5350513984534,114.026373601717,5.61098409522931,-1.30714065337248,-0.498827379121361,0.0816439214812346,1.40146750649987,1
3130,2206,382466.999978364,1334571266.99998,-2399801.34097001,5383368.43101254,2429245.37499647,22.5350569002796,114.026386700272,5.87519581311878,-1.38619629996207,-0.579360676240613,0.163016578537741,1.51121586151041,1
3131,2206,382467.999978955,1334571267.99998,-2399802.72497261,5383368.12401267,2429246.27199443,22.5350634022024,114.026400203546,6.48045874934622,-1.30165313250212,-0.60201816569565,0.264652359105195,1.4583441364644,1
3132,2206,382468.99997955,1334571268.99998,-2399804.39697304,5383368.23601385,2429247.2559925,22.535068899485,114.026414605478,7.5808489421341,-1.3185223657595,-0.677180556417729,0.366739792622682,1.52694885654078,1
3133,2206,382469.999980162,1334571269.99998,-2399805.72897484,5383367.71301176,2429247.70299559,22.5350724041302,114.026428501977,7.81187324642377,-1.26847351959297,-0.592964484525789,0.222366143259152,1.41777242584466,1
3134,2206,382470.999980806,1334571270.99998,-2399806.82897921,5383367.12301102,2429248.4199931,22.5350786994497,114.026440603815,8.00260448661069,-1.0831718540979,-0.573910657319486,0.359631421919568,1.27748560372579,1
3135,2206,382471.999981498,1334571271.99998,-2399808.11497868,5383366.62401098,2429249.04799399,22.5350837027171,114.026453996873,8.30594517491438,-1.15215595317781,-0.59358120040604,0.32483313935052,1.3361581307386,1
3136,2206,382472.999982257,1334571272.99998,-2399809.3269786,5383366.10800916,2429249.29699805,22.5350857028502,114.026466800201,8.42186397488148,-1.20622368438415,-0.51647628928045,0.109824766255847,1.31673262792464,1
3137,2206,382473.999983109,1334571273.99998,-2399810.11298197,5383365.6240098,2429250.20499368,22.5350936986443,114.026475694562,8.65713430184828,-1.06711795921214,-0.580379262758185,0.373974134557313,1.27099861558962,1
3138,2206,382474.999984078,1334571274.99998,-2399811.19398552,5383365.37000818,2429250.83099426,22.5350981996447,114.02648629782,9.08930145256501,-0.909686194138117,-0.513634457264938,0.360709912711169,1.10519725326452,1
3139,2206,382475.999985196,1334571275.99999,-2399812.22298618,5383364.84800866,2429251.7899928,22.5351063985483,114.026497500089,9.40344557437916,-0.933758944306193,-0.58491008153964,0.486120293891166,1.20430000817544,1
3140,2206,382476.999986497,1334571276.99999,-2399813.63198585,5383364.67300967,2429252.90899144,22.5351142996427,114.026510702839,10.2145522038381,-1.04820838992811,-0.716241710009393,0.634303479490194,1.41918424454552,1
3141,2206,382477.99998802,1334571277.99999,-2399814.7119872,5383364.01400893,2429253.94499196,22.5351235019994,114.026522900177,10.4618112622782,-1.0680519134598,-0.74537425508785,0.671006972298833,1.46511706933834,1
3142,2206,382478.999989805,1334571278.99999,-2399815.72698858,5383363.00500715,2429254.84899464,22.5351328013356,114.026535905698,10.3387710264602,-1.12047669852823,-0.701462255787672,0.525447389746935,1.42253727108688,1
3143,2206,382479.999991898,1334571279.99999,-2399817.10299017,5383362.60600557,2429255.3019968,22.5351359020344,114.026549702065,10.6932537096428,-1.21336445393359,-0.687120728327658,0.394967893002822,1.44927148245944,1
3144,2206,382480.99999434,1334571280.99999,-2399818.06099327,5383361.39400394,2429255.92799727,22.5351436046037,114.02656300499,10.2709803642105,-1.18827823477361,-0.6967228623417,0.482385762617269,1.45949441044566,1
3145,2206,382481.999997175,1334571282.0,-2399819.40099664,5383361.04100196,2429256.40399873,22.5351468024536,114.026576299673,10.659546354906,-1.19081083826882,-0.693498070277067,0.449374274125992,1.44945067672645,1
3146,2206,382483.000000436,1334571283.0,-2399820.67000053,5383360.37499968,2429257.10900023,22.5351529997995,114.026590202826,10.8451237429228,-1.21717222367683,-0.742429392611907,0.533808231724073,1.52238656502245,1
3147,2206,382484.000004147,1334571284.0,-2399822.03500502,5383359.77299742,2429257.30300116,22.5351545973929,114.026604705028,10.9249550455349,-1.21113590814227,-0.620886913212201,0.280040746974273,1.38952278389225,1
3148,2206,382485.000008316,1334571285.00001,-2399823.37101079,5383359.38499443,2429257.90900244,22.5351589958163,114.02661810275,11.3323136683365,-1.29755093019151,-0.670166650950113,0.2932842516369,1.48955611131127,1
3149,2206,382486.000012931,1334571286.00001,-2399824.57601608,5383358.92999122,2429258.34800463,22.5351623977142,114.026630602543,11.5698820418002,-1.24333787591382,-0.678789043101843,0.357741508579841,1.46103477907885,1
3150,2206,382487.000017955,1334571287.00002,-2399825.86202104,5383358.80798771,2429259.16700735,22.5351678023712,114.026642503495,12.2644718132189,-1.1717868181415,-0.684604725122603,0.409452633336544,1.41753992387396,1
3151,2206,382488.000023326,1334571288.00002,-2399827.31402921,5383358.60398331,2429259.58600874,22.53516989597,114.026656202898,12.7990131357,-1.25227062533902,-0.715332820365788,0.374566785220387,1.49002786536688,1
3152,2206,382489.000028955,1334571289.00003,-2399828.88103767,5383358.10397812,2429259.75801211,22.5351707030127,114.026672094926,13.0324300700355,-1.30097118072477,-0.75568462001215,0.418400067127235,1.56161578954985,1
3153,2206,382490.000034734,1334571290.00003,-2399830.04903981,5383358.12097875,2429260.16500834,22.5351723980791,114.026682397981,13.6420075092423,-1.14626229132901,-0.611689113867405,0.240094761966825,1.32125936411843,1
3154,2206,382491.000040546,1334571291.00004,-2399831.28904384,5383357.76897824,2429260.54100562,22.5351748995459,114.026694800828,13.9554874482503,-1.08125638682007,-0.536572786336916,0.138510467951951,1.21499418879632,1
3155,2206,382492.000046265,1334571292.00005,-2399832.63705547,5383357.27997263,2429260.89500666,22.5351774984224,114.026708704909,14.1855766737663,-1.19903075726181,-0.591589180430322,0.144079109748013,1.3447718412905,1
3156,2206,382493.00005178,1334571293.00005,-2399833.9540637,5383356.79896904,2429261.31900687,22.5351806995418,114.026722302047,14.4375845327887,-1.2301987688423,-0.597825538196382,0.132723890338712,1.37419067674306,1
3157,2206,382494.000056991,1334571294.00006,-2399835.51907053,5383356.79896939,2429261.28399847,22.5351782022239,114.026736197268,15.0127256192478,-1.23752533897442,-0.536992062277969,-0.026750231970212,1.34927573700255,1
3158,2206,382495.000061824,1334571295.00006,-2399836.62906632,5383356.50896807,2429261.8530044,22.5351823007562,114.026747200414,15.4035881638646,-1.07263754625893,-0.516597821466506,0.0713109853099222,1.19269018249258,1
3159,2206,382496.00006623,1334571296.00007,-2399837.57707172,5383355.4509665,2429262.61900388,22.5351906983044,114.026759805055,15.1611315608764,-1.08301537037256,-0.505794786074066,0.058609211062,1.19673961148791,1
3160,2206,382497.000070185,1334571297.00007,-2399838.97208752,5383354.76495982,2429263.15800275,22.5351953966958,114.026774906204,15.3136068658926,-1.24708934067138,-0.572346060704954,0.0392531815196306,1.37271725023038,1
3161,2206,382498.000073688,1334571298.00007,-2399840.51808254,5383354.49595114,2429263.48602638,22.5351968044894,114.026789697363,15.7937914430473,-1.12021763342483,-0.662886889200905,0.357965331358758,1.34997990820796,1
3162,2206,382499.000076756,1334571299.00008,-2399842.00808197,5383354.40095669,2429263.7250133,22.5351969984866,114.0268033026,16.3655955109798,-1.06803844606756,-0.56419519032627,0.173257230151184,1.22026243196509,1
3163,2206,382500.000079416,1334571300.00008,-2399843.68109503,5383353.90894926,2429263.71301762,22.5351960961535,114.026820104144,16.5751112617599,-1.1966664822573,-0.638857526519023,0.221832845608205,1.37453971217229,1
3164,2206,382501.000081709,1334571301.00008,-2399845.2000921,5383353.55195475,2429263.57100921,22.5351938996598,114.026835003842,16.7907773393309,-1.12715925549326,-0.553784233618867,0.112807078204102,1.26090856192743,1
3165,2206,382502.000083676,1334571302.00008,-2399846.17708911,5383352.83795822,2429263.92100629,22.5351976991408,114.026846504315,16.6900002311233,-1.06503583332611,-0.499342093215785,0.0751605312417259,1.1786827214235,1
3166,2206,382503.000085361,1334571303.00009,-2399847.41008619,5383352.39595266,2429264.1540212,22.5351993023839,114.026859201183,16.8701208068407,-1.00978187185945,-0.554606939142031,0.248329975355366,1.17852283064031,1
3167,2206,382504.000086806,1334571304.00009,-2399848.64408176,5383351.90595611,2429264.30801842,22.535200396847,114.026872096867,16.9798476546423,-0.941986075197708,-0.505612680611873,0.212138017960726,1.08994701124697,1
3168,2206,382505.00008805,1334571305.00009,-2399850.09910089,5383351.25294561,2429264.42702188,22.5352014032662,114.026887600164,17.0217640592956,-1.14588569815425,-0.617613573730627,0.24839686631995,1.32521755304114,1
3169,2206,382506.00008913,1334571306.00009,-2399851.46909345,5383350.88994692,2429264.43702538,22.5352007036192,114.026901200659,17.2345882358103,-1.04849147222409,-0.595477626493066,0.284752685704037,1.23895603755586,1
3170,2206,382507.000090079,1334571307.00009,-2399852.81709837,5383350.451943,2429264.52202874,22.5352008976077,114.026914902805,17.404611959483,-1.09210185174875,-0.632704959617372,0.318990956708444,1.30182842609126,1
3171,2206,382508.000090923,1334571308.00009,-2399854.31010248,5383350.28894606,2429264.41301655,22.53519839972,114.026928803862,17.7868099814642,-1.12726463658431,-0.593149682045942,0.182025979280734,1.28673445719692,1
3172,2206,382509.000091688,1334571309.00009,-2399855.84409763,5383350.19394538,2429264.57602159,22.5351978979773,114.026942799731,18.3460375743618,-1.06502211796499,-0.595616169700038,0.235420399725409,1.24276043466537,1
3173,2206,382510.000092397,1334571310.00009,-2399857.5840931,5383350.00294353,2429264.60602933,22.535196300102,114.026959004585,18.8507781780509,-1.0077042808245,-0.611141678775665,0.317404836676344,1.22053590667145,1
3174,2206,382511.000093066,1334571311.00009,-2399859.08010373,5383349.393941,2429264.68802518,22.5351968009658,114.026974697642,18.9310553181936,-1.11473463457656,-0.633960336016112,0.270468994277358,1.31060767967825,1
3175,2206,382512.000093711,1334571312.00009,-2399860.74210227,5383348.77493435,2429264.6980417,22.5351964991819,114.026991904048,19.0377314162044,-1.09133202282602,-0.700669398702862,0.444971008736293,1.3711099113273,1
3176,2206,382513.000094347,1334571313.00009,-2399861.88411118,5383347.85093308,2429264.97303795,22.5352001043817,114.027005700821,18.7931075686824,-1.17843710831279,-0.709254470520755,0.4022530961683,1.43302598566086,1
3177,2206,382514.000094985,1334571314.00009,-2399863.27411082,5383347.12993363,2429265.24603787,22.5352027017802,114.027020895932,18.8122378955625,-1.16684858809781,-0.698660473287642,0.398571084135468,1.41722298654421,1
3178,2206,382515.000095635,1334571315.0001,-2399865.02911649,5383346.79593858,2429265.08002012,22.5351998997356,114.027037800025,19.1268676242032,-1.21815681846107,-0.642274585515883,0.210324501749162,1.39307540126112,1
3179,2206,382516.000096307,1334571316.0001,-2399866.34811006,5383345.91393702,2429265.25703088,22.5352023054915,114.027053001952,18.946683420087,-1.14298398449535,-0.653912617472972,0.320402667491354,1.35523871308297,1
3180,2206,382517.000097009,1334571317.0001,-2399867.92010304,5383345.47394902,2429264.67201184,22.5351966015707,114.02706870066,18.9424871898994,-1.06221617855444,-0.525560633280694,0.122053624170602,1.19139173927402,1
3181,2206,382518.000097749,1334571318.0001,-2399869.16009554,5383344.69194827,2429264.66902236,22.5351973011968,114.027082805354,18.747969885125,-0.977434719239051,-0.529374093084377,0.228675931963191,1.13486045074364,1
3182,2206,382519.000098535,1334571319.0001,-2399870.37710142,5383343.45594725,2429264.65802349,22.5351994015074,114.027098502924,18.1587378816576,-1.02933019565482,-0.535405377031775,0.23836977653259,1.18448289130976,1
3183,2206,382520.000099374,1334571320.0001,-2399871.50810382,5383342.55694975,2429264.67601754,22.5352007995635,114.027112103016,17.8325743235602,-1.04481552469243,-0.505776862615536,0.176432995660989,1.17412874820159,1
3184,2206,382521.000100272,1334571321.0001,-2399872.90212912,5383341.7179429,2429264.68901018,22.5352015956291,114.027127800955,17.6540206845224,-1.28762604585631,-0.56960012438391,0.101577980959552,1.41164557233094,1
3185,2206,382522.000101239,1334571322.0001,-2399873.81011077,5383340.5199419,2429265.08403736,22.5352073978731,114.027140604402,17.1362393626214,-1.09410796863606,-0.574025775204595,0.368942443134691,1.28945584025912,1
3186,2206,382523.000102283,1334571323.0001,-2399874.70510715,5383339.42094643,2429265.15503411,22.5352102027796,114.027152900689,16.5729121812296,-1.04765146090358,-0.523738018522336,0.333390910771272,1.21779497246622,1
3187,2206,382524.000103412,1334571324.0001,-2399875.95710789,5383338.86894942,2429265.09702649,22.5352096995372,114.027166201636,16.5558612370933,-1.0432203678971,-0.489235635816493,0.256128436273414,1.18036520586469,1
3188,2206,382525.000104639,1334571325.0001,-2399876.87910355,5383338.03294982,2429265.27203065,22.53521250257,114.027177696684,16.2644160852888,-0.989621474679827,-0.479742732184948,0.292856893190416,1.13809881474365,1
3189,2206,382526.000105975,1334571326.00011,-2399878.03111678,5383337.00394648,2429265.36402697,22.5352148992018,114.027191997909,15.8648430209421,-1.1020310274405,-0.505047553768682,0.254409721077546,1.23865641853908,1
3190,2206,382527.000107435,1334571327.00011,-2399879.35110922,5383336.37595556,2429265.22901557,22.5352138980871,114.027206203325,15.7797420946472,-1.01662852392104,-0.41378962998174,0.144938453637682,1.10714162096508,1
3191,2206,382528.000109036,1334571328.00011,-2399880.22909807,5383335.64295194,2429265.42303601,22.5352165961709,114.027216899988,15.5659243128814,-0.899443540497113,-0.440779563926055,0.330322596873187,1.05470295558601,1
3192,2206,382529.000110797,1334571329.00011,-2399881.02007273,5383335.24496232,2429265.8140376,22.5352200008735,114.027225498067,15.6774975578545,-0.656420946558692,-0.340092324309571,0.339450979084733,0.81349752017869,1
3193,2206,382530.000112718,1334571330.00011,-2399881.63705258,5383334.93597784,2429266.34102247,22.5352245036299,114.027232199013,15.8508364121251,-0.466462698954272,-0.196786858550621,0.199405266203511,0.544127721590822,1
3194,2206,382531.000114632,1334571331.00011,-2399882.21006348,5383334.27497093,2429266.83402739,22.5352298976717,114.027239902912,15.6976462577684,-0.553839599930164,-0.25366869591622,0.23902996341607,0.654386302690794,1
3195,2206,382532.000116536,1334571332.00012,-2399882.88607465,5383333.74497167,2429267.17901526,22.5352334978683,114.027248002776,15.6369845685736,-0.640667050104151,-0.24315472525764,0.131078778213825,0.697681973109741,1
3196,2206,382533.00011728,1334571333.00012,-2399883.77709655,5383333.31895531,2429267.6480272,22.5352375008477,114.027257600074,15.7924381563418,-0.823346169432823,-0.381069011339606,0.232033608278434,0.93645720750804,1
3197,2206,382534.000121548,1334571334.00012,-2399884.86711833,5383332.80793909,2429268.26204046,22.5352427015155,114.027269300663,16.0065971751154,-0.97361669427156,-0.501227504410495,0.332879681951305,1.14453805581023,1
3198,2206,382535.000122297,1334571335.00012,-2399886.24713053,5383331.98793298,2429268.52004207,22.5352455008272,114.027284798992,15.9327069676143,-1.06730667390329,-0.547975118501685,0.344014303143088,1.24810500656894,1
3199,2206,382536.000124196,1334571336.00012,-2399887.14110124,5383331.46594921,2429268.83303443,22.5352485016721,114.027294802321,15.9485162242435,-0.815171176128824,-0.409036140479912,0.277154613218154,0.953220483538859,1
3200,2206,382537.000124814,1334571337.00012,-2399887.87608191,5383330.73995904,2429268.92103292,22.5352504947959,114.02730420151,15.6462009234722,-0.656222103318085,-0.328157598694145,0.263838483003802,0.779695840426039,1
3201,2206,382538.000129834,1334571338.00013,-2399888.40704566,5383330.44196179,2429269.48606072,22.5352554013386,114.027310095262,15.8110407950636,-0.35177424580354,-0.294160069130017,0.467778145919925,0.655050883581961,1
3202,2206,382539.000129876,1334571339.00013,-2399888.92801324,5383330.49796015,2429270.39809174,22.5352620972722,114.027314499109,16.4037458021434,-0.102124160328386,-0.306619765441312,0.706396878393545,0.776815019477745,1
3203,2206,382540.000130213,1334571340.00013,-2399889.42701285,5383330.70796361,2429271.12607876,22.5352668022725,114.027318098341,17.0475743744201,-0.0986546034884761,-0.279311776667847,0.604955716543648,0.673586830596959,1
3204,2206,382541.000130769,1334571341.00013,-2399889.35797324,5383330.83097563,2429272.07208609,22.5352744011889,114.027316998467,17.4879434378896,0.204716054983894,-0.186339219885937,0.658544085466209,0.714360749578526,1
3205,2206,382542.00013812,1334571342.00014,-2399888.97894625,5383330.73698053,2429273.36310142,22.5352860005416,114.027314005258,17.7608874159636,0.389187965645317,-0.140925011704186,0.734638044696105,0.843220130358545,1
3206,2206,382543.000141542,1334571343.00014,-2399888.52594825,5383330.65696769,2429274.95912416,22.5353002039422,114.027310299942,18.1347029655889,0.365579206680031,-0.228228389276654,0.877345599907992,0.977482304549055,1
3207,2206,382544.000139481,1334571344.00014,-2399888.24995644,5383330.51796937,2429276.2261103,22.5353115999302,114.027308399674,18.3992227307917,0.312058150308808,-0.219299072270132,0.790892040036349,0.878056143572581,1
3208,2206,382545.00014081,1334571345.00014,-2399888.60996882,5383330.92096295,2429277.30310453,22.535318801739,114.027310001011,19.2873477644118,0.221551802913119,-0.263038112609105,0.742681938030373,0.818444079418725,1
3209,2206,382546.000141939,1334571346.00014,-2399888.11293851,5383330.91795622,2429279.00414486,22.5353336996971,114.027305599948,19.7498160278293,0.433309745317371,-0.308413949214833,1.02081919326086,1.15106399682513,1
3210,2206,382547.000142906,1334571347.00014,-2399887.41092679,5383330.60595679,2429280.57815661,22.5353488037217,114.027300601951,19.8258412396817,0.512013789761013,-0.302191041618278,1.09602496772869,1.24689545529064,1
3211,2206,382548.000143747,1334571348.00014,-2399887.6019427,5383330.6319424,2429281.96316583,22.5353600044939,114.027302195062,20.4504100902836,0.398535612593742,-0.40063756786304,1.15370519222291,1.28466990540402,1
3212,2206,382549.000144487,1334571349.00014,-2399887.47895167,5383330.42993566,2429283.3041699,22.5353720014089,114.027301902631,20.7476850266189,0.334556466647141,-0.445098082292801,1.17610457040366,1.30125412305227,1
3213,2206,382550.000145157,1334571350.00015,-2399886.88493478,5383330.46194459,2429284.99016364,22.5353867998454,114.027296501861,21.1974529465559,0.449174203481625,-0.381644692524221,1.12734934638637,1.27213469617137,1
3214,2206,382551.000145786,1334571351.00015,-2399886.74596889,5383330.20194421,2429286.06712942,22.5353968002984,114.027296297138,21.3386028263235,0.213403856606085,-0.382639395918194,0.888053709627098,0.990249213332402,1
3215,2206,382552.000146412,1334571352.00015,-2399886.45696987,5383329.95794285,2429287.60413239,22.5354107986795,114.027294696996,21.6131364269698,0.205839631898093,-0.390443598792536,0.904145662339421,1.00612898607743,1
3216,2206,382553.000147085,1334571353.00015,-2399886.11496637,5383329.39296031,2429288.20809917,22.5354181041183,114.027293896722,21.2393629525828,0.228684844566109,-0.270044902495736,0.674046728896718,0.761288381780861,1
3217,2206,382554.00014787,1334571354.00015,-2399885.85298793,5383328.72997248,2429288.35605585,22.5354218030971,114.027294194879,20.6382392661317,0.0812951313915298,-0.186080723823389,0.377497588100756,0.428648297778599,1
3218,2206,382555.000148855,1334571355.00015,-2399886.51802102,5383328.62997483,2429288.16601304,22.5354195969281,114.027300495287,20.7311519539643,-0.141109084020041,-0.168995552392567,0.0876969513095934,0.236985285599003,1
3219,2206,382556.000150159,1334571356.00015,-2399886.28598419,5383328.6639793,2429288.50003877,22.5354226024635,114.027298300516,20.8005906216507,0.105289076147135,-0.13786836364503,0.258328094228044,0.31117017774454,1
3220,2206,382557.000151924,1334571357.00015,-2399886.08195675,5383328.48496309,2429289.23710078,22.535429603538,114.02729719759,20.8553221541689,0.284697274152662,-0.242853153822847,0.663644805309397,0.761875724672867,1
3221,2206,382558.000154315,1334571358.00015,-2399885.73895214,5383328.49795102,2429290.5381281,22.5354408974458,114.027294100759,21.2359061989354,0.310327477505298,-0.317622849050159,0.830292871709403,0.941580410981977,1
3222,2206,382559.000157487,1334571359.00016,-2399885.00492802,5383327.63394989,2429291.74115657,22.535454697178,114.027291003411,20.6920397604164,0.457086553334506,-0.318515963828851,0.994090846231511,1.13956006731296,1
3223,2206,382560.000161532,1334571360.00016,-2399884.47991414,5383326.6849542,2429292.50416526,22.5354648009329,114.027290098212,19.9864363330121,0.53154444174527,-0.283608411826608,1.02325786423855,1.18744679103324,1
3224,2206,382561.000166415,1334571361.00017,-2399883.90391996,5383326.27694712,2429293.87117417,22.5354783042875,114.027286599085,19.9495302981807,0.480800733538083,-0.317588607675232,1.04664940542384,1.19478317989915,1
3225,2206,382562.00017192,1334571362.00017,-2399883.73491463,5383326.25094834,2429294.98316923,22.5354878995549,114.027285201449,20.2902160066368,0.4967249138413,-0.300323677406375,0.984233629027177,1.14264858453925,1
3226,2206,382563.000177662,1334571363.00018,-2399882.92590279,5383326.27996648,2429295.67314133,22.5354947027949,114.027277903641,20.2748778066587,0.547099740299503,-0.18886900405229,0.795692604155503,0.983929035467118,1
3227,2206,382564.000183186,1334571364.00018,-2399882.47391394,5383325.74795414,2429296.81015769,22.535506505067,114.027275996341,20.0918505343085,0.469936555016751,-0.250263527119595,0.860896119998604,1.0122323489081,1
3228,2206,382565.000188102,1334571365.00019,-2399881.70688416,5383325.66796377,2429297.78916552,22.5355160045142,114.027269502744,20.1111153238395,0.615823800594173,-0.192597835425932,0.880226123503717,1.09138943924128,1
3229,2206,382566.000192188,1334571366.00019,-2399881.05086834,5383325.53696606,2429299.2111768,22.5355292037578,114.027264196696,20.2988840796496,0.684962031527347,-0.176808097323847,0.920311506749956,1.16077877193276,1
3230,2206,382567.000195403,1334571367.0002,-2399880.46181924,5383324.99799571,2429300.74116141,22.5355444988361,114.027261100021,20.2090497259518,0.924965535839015,-0.0218727198246302,0.82611950815031,1.24036813088252,1
3231,2206,382568.000197836,1334571368.0002,-2399879.70382145,5383325.1670044,2429301.64813567,22.535552597639,114.027253701049,20.414162902917,0.901979835637657,0.0220046157011152,0.686243038987714,1.13357017231761,1
3232,2206,382569.00019964,1334571369.0002,-2399879.74883075,5383324.8150375,2429302.99704883,22.5355648977996,114.027255493794,20.6511472570372,0.847508181617637,0.187873394285526,0.24514014061539,0.902031162837588,1
3233,2206,382570.000200977,1334571370.0002,-2399879.32482421,5383325.07502751,2429304.21107263,22.5355747993814,114.027250700109,21.1762999506177,0.874348002391762,0.136662093350491,0.36177991092061,0.956057352354516,1
3234,2206,382571.000201994,1334571371.0002,-2399878.99483819,5383324.81502725,2429305.17206087,22.5355841016699,114.027248799377,21.201165474588,0.800669444949674,0.134708000460254,0.301490972661183,0.866091572560434,1
3235,2206,382572.000202807,1334571372.0002,-2399878.92889806,5383324.61801537,2429305.64903302,22.5355887956812,114.027248993709,21.1929685277474,0.502500189571204,0.0758915986917903,0.163149659328568,0.533745057691516,1
3236,2206,382573.000203504,1334571373.0002,-2399878.64890441,5383324.8730069,2429306.4180425,22.5355947983488,114.027245498452,21.5975103272837,0.46961606397797,0.0336945008941531,0.209179566597792,0.515199629288208,1
3237,2206,382574.000204154,1334571374.0002,-2399878.44596249,5383324.51797152,2429307.19707292,22.5356027043467,114.027245101863,21.5202457317856,0.183752103929693,-0.139532601675853,0.357569659174824,0.42554699363457,1
3238,2206,382575.000204806,1334571375.0002,-2399878.2429772,5383324.29095685,2429308.25109495,22.5356124993713,114.027244198169,21.6563570843749,0.11128974704748,-0.210808370551211,0.463924325506751,0.521585426070594,1
3239,2206,382576.000205499,1334571376.00021,-2399878.25900045,5383323.89795269,2429309.23208764,22.53562190135,114.027245895985,21.7068139584911,-0.00194505030513115,-0.230134886921546,0.426638504896477,0.484753817168451,1
3240,2206,382577.000206265,1334571377.00021,-2399877.77294219,5383323.89299897,2429309.85504394,22.5356277979047,114.027241600036,21.7585910363101,0.280250029900382,-0.00503127201684271,0.213229379340377,0.352182000066946,1
3241,2206,382578.000207133,1334571378.00021,-2399877.47591339,5383323.80800929,2429310.43305037,22.5356333061611,114.02723929921,21.7967118734953,0.418390061623785,0.0446623869101482,0.243199118144022,0.485994633237957,1
3242,2206,382579.000208132,1334571379.00021,-2399876.59488164,5383323.60003158,2429310.73204224,22.5356376989645,114.027232300006,21.4045126097403,0.56891631614852,0.151723575606804,0.202955791644001,0.622797616836127,1
3243,2206,382580.000209297,1334571380.00021,-2399875.58483044,5383323.81008477,2429310.88098353,22.5356397006205,114.027222500669,21.2589387110086,0.810071374491931,0.404849268888942,-0.0788070707178383,0.90902646643884,1
3244,2206,382581.000210672,1334571381.00021,-2399874.91284253,5383323.94609127,2429310.6029629,22.5356378987475,114.027215995974,21.0144005546651,0.74761529357493,0.43303068552266,-0.175815089196976,0.881677462216594,1
3245,2206,382582.000212314,1334571382.00021,-2399873.86882233,5383324.07909217,2429310.89698472,22.5356414019242,114.027206200016,20.8466530928792,0.836920971809444,0.434054535285417,-0.0718637616792506,0.945518087029008,1
3246,2206,382583.000214241,1334571383.00021,-2399872.88183261,5383324.39108704,2429311.00398939,22.5356426990523,114.027196201938,20.7796790351785,0.78138026155243,0.406224783006429,-0.0495475916638067,0.882059324145518,1
3247,2206,382584.000216141,1334571384.00022,-2399871.97081026,5383324.74810098,2429310.87798258,22.5356418033201,114.02718670016,20.6899498814626,0.877853218565565,0.46725305579245,-0.0805755161045551,0.997719452195265,1
3248,2206,382585.000217947,1334571385.00022,-2399871.11581324,5383325.33310512,2429310.82296654,22.5356407000641,114.027176793407,20.8408334484632,0.857005771094496,0.482174770493665,-0.153493932891954,0.995244587236992,1
3249,2206,382586.000219976,1334571386.00022,-2399870.0638002,5383325.57411703,2429310.67595743,22.535640194528,114.027166498964,20.5921712089138,0.908438274466996,0.532242802061272,-0.193698349698544,1.07054264255963,1
3250,2206,382587.000221889,1334571387.00022,-2399868.90377284,5383326.46013033,2429310.19295284,22.535634999847,114.02715269252,20.7182440717939,1.02389188386242,0.587586292908837,-0.212693286513812,1.19952101923298,1
3251,2206,382588.000223806,1334571388.00022,-2399867.67177551,5383327.33312526,2429309.77595968,22.5356304983237,114.027138298607,20.8315679069747,1.0031669047221,0.5594732623378,-0.180025407984232,1.16265356728499,1
3252,2206,382589.000225834,1334571389.00023,-2399866.52478487,5383327.59010922,2429309.84798892,22.5356319030895,114.027127097668,20.6446097033203,0.952644420449831,0.483596530170982,-0.0490549610582642,1.06948744032459,1
3253,2206,382590.000227647,1334571390.00023,-2399865.53878795,5383327.98110137,2429309.84100527,22.5356319983459,114.027116795725,20.6009663004391,0.931503559836743,0.445521578150206,0.0230746352796227,1.03282176457473,1
3254,2206,382591.000229542,1334571391.00023,-2399864.58676874,5383328.80111278,2429309.76299429,22.5356300971395,114.027105097367,20.9048047519505,1.00773070468571,0.491396450128844,-0.0245865457130114,1.12142594164558,1
3255,2206,382592.000230285,1334571392.00023,-2399863.19274338,5383329.38811323,2429310.17001816,22.5356336009362,114.027090396849,21.0317376648241,1.11429560300578,0.491747559610805,0.0784785771336229,1.22050368304652,1
3256,2206,382593.000234494,1334571393.00023,-2399862.13272896,5383330.01614179,2429309.62896883,22.5356285966801,114.027078499519,20.9555401475029,1.15593725912541,0.604164399500107,-0.133158912999798,1.31108232570231,1
3257,2206,382594.000235276,1334571394.00024,-2399860.88075302,5383329.93814524,2429309.11294898,22.5356263034889,114.027067692324,20.2211328297659,1.04999221181972,0.617127268388574,-0.216504572849703,1.23701412293298,1
3258,2206,382595.000237207,1334571395.00024,-2399859.45572932,5383330.27814261,2429309.43197878,22.5356298978183,114.027053694236,20.094309948808,1.14120681120788,0.600993309722119,-0.0895922880763098,1.29289315968519,1
3259,2206,382596.000239048,1334571396.00024,-2399858.15271906,5383330.61415822,2429309.14795846,22.5356283028812,114.027040795228,19.7788910871879,1.17531013960427,0.661553747260488,-0.173634341965501,1.35983681722507,1
3260,2206,382597.000241051,1334571397.00024,-2399856.89670612,5383330.85416367,2429309.14595946,22.5356292974893,114.027028693509,19.5082387569978,1.21922974532231,0.678751955522373,-0.168063318709905,1.40551437847499,1
3261,2206,382598.000243081,1334571398.00024,-2399855.54468262,5383331.20615425,2429309.23100611,22.53563079943,114.027015296095,19.3293121828692,1.30554402105628,0.634491382601841,0.0249268059342041,1.45177334703661,1
3262,2206,382599.000244901,1334571399.00024,-2399854.39869474,5383331.76815908,2429308.9619851,22.5356283939553,114.027002896758,19.2693422070283,1.24646597882951,0.649472211591946,-0.0609347424967692,1.40684207814975,1
3263,2206,382600.000246803,1334571400.00025,-2399853.18470607,5383332.30416684,2429308.73295773,22.535626500062,114.02698999656,19.1771954636239,1.19107395532969,0.675775908511881,-0.171353892899641,1.38010593876037,1
3264,2206,382601.000248724,1334571401.00025,-2399851.8447052,5383332.68316763,2429308.45795982,22.5356248966208,114.026976598981,18.8875873972024,1.18521806325622,0.673921301235605,-0.161706681234252,1.37297517402308,1
3265,2206,382602.000250621,1334571402.00025,-2399850.72272404,5383333.29916273,2429308.04695184,22.5356211023627,114.026964199096,18.8277757960171,1.10113692015818,0.649330253018689,-0.192126388883825,1.29268899729452,1
3266,2206,382603.000251277,1334571403.00025,-2399849.51769589,5383333.98216325,2429307.94597702,22.5356197992444,114.02695079665,18.912081679672,1.210202716541,0.649597234126625,-0.0915469127518917,1.37657110929388,1
3267,2206,382604.000254445,1334571404.00025,-2399848.3927137,5383334.48916075,2429307.73196815,22.5356179968902,114.026938801539,18.8346917993968,1.12518269978812,0.631681990471558,-0.125387570205365,1.29644910727363,1
3268,2206,382605.000257667,1334571405.00026,-2399847.28570555,5383335.01317484,2429307.28794569,22.5356141969209,114.026926898662,18.690262690084,1.14280887282631,0.678432918774536,-0.210679570357454,1.34561109777434,1
3269,2206,382606.000258312,1334571406.00026,-2399846.03568914,5383335.54418257,2429307.18294562,22.5356134040816,114.026913698375,18.6278848112891,1.20332494009476,0.706797041433789,-0.210611771616491,1.41135051903382,1
3270,2206,382607.000260204,1334571407.00026,-2399844.95770009,5383336.25819058,2429306.83891759,22.5356097966661,114.026901301145,18.6929743618653,1.1525339792489,0.732464226193109,-0.316760298996687,1.40184717533562,1
3271,2206,382608.000261054,1334571408.00026,-2399843.90771286,5383337.03719375,2429306.44189545,22.5356055023234,114.026888895281,18.8031152903772,1.09972926296274,0.742111788647826,-0.400570517607293,1.38585392384725,1
3272,2206,382609.00026176,1334571409.00026,-2399843.09675545,5383337.66818172,2429305.91987742,22.5356002964665,114.026879197545,18.8303765322145,0.934316256671346,0.693980307858677,-0.468114516824522,1.25446671380226,1
3273,2206,382610.000265054,1334571410.00027,-2399842.06674487,5383338.03616976,2429305.71791737,22.53559890019,114.026868595867,18.6760522576892,0.962548865838195,0.640311589337064,-0.311768376654433,1.19737160950454,1
3274,2206,382611.000270627,1334571411.00027,-2399841.05570157,5383338.47118393,2429305.41193165,22.5355963976541,114.026857897302,18.5455367520484,1.10267087309626,0.679552886107308,-0.252719038946719,1.31967499485206,1
3275,2206,382612.000271674,1334571412.00027,-2399840.0307129,5383339.02719202,2429304.93390431,22.5355920973358,114.02684659602,18.4459127221142,1.0568867637954,0.706606173287664,-0.352110957280992,1.3191982572197,1
3276,2206,382613.000271711,1334571413.00027,-2399838.84069917,5383339.49118539,2429304.74093097,22.5355906980058,114.026834193726,18.3158515311569,1.1073125342485,0.682096682574235,-0.253893747880436,1.32508828690596,1
3277,2206,382614.000271513,1334571414.00027,-2399837.53067668,5383339.91117499,2429304.76297584,22.5355914003087,114.026820900078,18.1859435995334,1.19090943482622,0.644308683192174,-0.0890091836385339,1.35695305591864,1
3278,2206,382615.000273659,1334571415.00027,-2399836.17765928,5383340.3391866,2429304.61296926,22.5355907027942,114.026807192938,17.9806942064812,1.24487989658035,0.681837008810234,-0.112451371887424,1.4238233649342,1
3279,2206,382616.00027962,1334571416.00028,-2399835.19669275,5383340.96819668,2429304.26591517,22.5355872020936,114.026795993572,18.009408594145,1.09889432717503,0.703267464211352,-0.303360746618689,1.33947064585409,1
3280,2206,382617.000280794,1334571417.00028,-2399833.9916683,5383341.54821032,2429303.95790909,22.5355844977,114.02678299879,17.9274924071936,1.18141372276164,0.748576280382454,-0.323869942002044,1.43561713949547,1
3281,2206,382618.000281289,1334571418.00028,-2399832.69168216,5383341.76521139,2429303.50889616,22.5355818985207,114.026770597684,17.4495799584658,1.13017410665642,0.751069204571698,-0.369060891135108,1.40627323190696,1
3282,2206,382619.000283072,1334571419.00028,-2399831.26766495,5383341.98221269,2429303.2789149,22.5355813010179,114.02675709534,17.0089686747893,1.18381133022736,0.750971817261594,-0.300794092102271,1.43382182356786,1
3283,2206,382620.000285128,1334571420.00029,-2399829.86366019,5383342.26722245,2429302.76590327,22.5355780996353,114.0267435015,16.5247832841674,1.19203106458652,0.780053856815594,-0.338790720808662,1.46430913094818,1
3284,2206,382621.000285882,1334571421.00029,-2399828.3736613,5383342.86720703,2429303.00493338,22.5355802964001,114.026727897462,16.5622004304124,1.18472520711632,0.724136010404114,-0.232903161963355,1.40790293017428,1
3285,2206,382622.000286458,1334571422.00029,-2399827.24267356,5383343.56321118,2429302.90990986,22.5355788974601,114.026715100936,16.6876071321516,1.1396762009308,0.736946131714243,-0.314663245889209,1.39318498496438,1
3286,2206,382623.000288173,1334571423.00029,-2399825.96966345,5383344.01722458,2429302.59189129,22.5355766036458,114.026702001238,16.4699923601285,1.16802342402574,0.779056530402114,-0.377326527601393,1.45381673709815,1
3287,2206,382624.000293186,1334571424.00029,-2399824.66867946,5383344.45921422,2429302.10790175,22.5355730029279,114.026688700757,16.1681047455144,1.0935075230214,0.730428958703221,-0.334871825922045,1.35699090137445,1
3288,2206,382625.000297558,1334571425.0003,-2399823.29662607,5383344.9212216,2429302.07493867,22.535573200999,114.02667469004,16.0292365169112,1.25678278864127,0.744445300234472,-0.206208377714725,1.4752029277038,1
3289,2206,382626.000298901,1334571426.0003,-2399821.90262811,5383345.35522889,2429301.73991852,22.5355709991063,114.026660595307,15.7427291493032,1.24452100475499,0.765421882651776,-0.272464402871638,1.48625032903302,1
3290,2206,382627.000299533,1334571427.0003,-2399820.28963761,5383345.72722213,2429301.63292605,22.5355712037712,114.026644801651,15.4089425708237,1.20986582089756,0.741493869416826,-0.246717920144136,1.44029795357735,1
3291,2206,382628.000300518,1334571428.0003,-2399819.06462935,5383346.36621154,2429301.5959529,22.5355706017284,114.026631396008,15.4731424291085,1.23353264539306,0.703816850831996,-0.156505902852259,1.42879496233472,1
3292,2206,382629.000302419,1334571429.0003,-2399817.6246098,5383346.9502121,2429301.71796862,22.5355718025873,114.026616298985,15.4710273081881,1.29044323737685,0.701095844458409,-0.103865991737519,1.472266034468,1
3293,2206,382630.000303288,1334571430.0003,-2399816.17863379,5383347.37221765,2429301.44092847,22.5355701954723,114.026601790253,15.1770702876656,1.20756925638234,0.717448218957332,-0.235559156941789,1.42423438108479,1
3294,2206,382631.000303914,1334571431.0003,-2399814.8416284,5383347.88321285,2429301.5529422,22.5355713985158,114.02658789682,15.1482747861431,1.22263070013413,0.700431726232767,-0.190147138207111,1.4218250125076,1
3295,2206,382632.00030675,1334571432.00031,-2399813.7176188,5383348.67121906,2429301.38593194,22.5355690984794,114.026574798109,15.3263336004595,1.24252151379188,0.71412672918581,-0.22186548013875,1.45019343152921,1
3296,2206,382633.000313372,1334571433.00031,-2399812.73265198,5383349.34319836,2429301.19894173,22.5355668026298,114.026563393157,15.4511430991933,1.11062538232222,0.633100515809127,-0.185958846060009,1.29185358899689,1
3297,2206,382634.000314474,1334571434.00031,-2399811.54662419,5383350.11722218,2429300.97991255,22.535564200305,114.026549799148,15.5741469372817,1.19522079394974,0.706521190540119,-0.277799572857293,1.4159440460879,1
3298,2206,382635.00031392,1334571435.00031,-2399810.14361229,5383350.81221738,2429301.02992815,22.5355643976063,114.02653459139,15.6519934720687,1.23504525665889,0.692499414363648,-0.228926152653812,1.43432890518824,1
3299,2206,382636.000314259,1334571436.00031,-2399808.9206104,5383351.53021896,2429300.73592663,22.5355613991427,114.026520890834,15.6850982817534,1.23970471786509,0.69682130341205,-0.23348804865141,1.44116077702971,1
3300,2206,382637.000314535,1334571437.00031,-2399807.70760222,5383352.32021993,2429300.47092861,22.5355584009123,114.026506994038,15.793817296121,1.2643684184386,0.699385370034624,-0.226930748062872,1.46262262999715,1
3301,2206,382638.000315465,1334571438.00032,-2399806.82465744,5383353.16719225,2429300.29492793,22.5355554997897,114.026495802297,16.108834019561,1.08579859822311,0.609493817612744,-0.228302120104788,1.26592383959532,1
3302,2206,382639.000318849,1334571439.00032,-2399805.83664471,5383353.85918812,2429300.25794459,22.5355543961301,114.026484291081,16.3068770186774,1.11421660797049,0.590081844204723,-0.173870899347986,1.27275540540097,1
3303,2206,382640.000324859,1334571440.00032,-2399804.81364679,5383354.54518689,2429299.97394162,22.535551300386,114.026472492979,16.3920322400837,1.08775869767615,0.574938548687236,-0.179620137152407,1.24339724658186,1
3304,2206,382641.000329048,1334571441.00033,-2399803.19561186,5383354.7802098,2429299.88593276,22.5355521034512,114.026457196654,15.9480788660894,1.17959555561378,0.637539444556877,-0.204257782638627,1.35632719502269,1
3305,2206,382642.000330596,1334571442.00033,-2399802.02763767,5383355.31818268,2429299.81996889,22.5355514985385,114.026444697229,15.9374016323605,1.09598419436249,0.552608380964945,-0.0944359808735282,1.23104651881586,1
3306,2206,382643.000331266,1334571443.00033,-2399800.95465272,5383355.91918515,2429299.37494946,22.5355473989043,114.026432791719,15.8703443110098,1.0484925666214,0.558776433170883,-0.152625314361175,1.19785735841599,1
3307,2206,382644.000331963,1334571444.00033,-2399799.78168051,5383356.34419905,2429299.10989616,22.5355454975394,114.026420695008,15.6861917187994,0.962657873085236,0.59959553078192,-0.312486645816712,1.17638126683504,1
3308,2206,382645.000333094,1334571445.00033,-2399798.57265511,5383356.91519973,2429299.15792222,22.5355457968347,114.026407700377,15.7316273667516,1.03527064168511,0.599530852882382,-0.233538322807114,1.21891865738142,1
3309,2206,382646.000334991,1334571446.00033,-2399797.69867695,5383357.40718196,2429298.92094073,22.5355434965914,114.026397993297,15.7271715427353,0.964424337828806,0.542992063947509,-0.177087442102896,1.12085442723712,1
3310,2206,382647.00033692,1334571447.00034,-2399796.67867463,5383357.77019036,2429298.57493004,22.5355409004217,114.026387500181,15.5172104221926,0.96585241611055,0.564886683492542,-0.207569446470986,1.13800392354423,1
3311,2206,382648.000338844,1334571448.00034,-2399795.55565328,5383358.23319705,2429298.4519404,22.5355399934916,114.026375696595,15.4383417890524,1.02355460951876,0.581785828016527,-0.175159662702438,1.1903023547763,1
3312,2206,382649.000340734,1334571449.00034,-2399794.18660161,5383359.07822276,2429298.9849257,22.535543697017,114.02636019655,15.8406334271005,1.16925644755237,0.653953899571414,-0.217809096336743,1.35729773644344,1
3313,2206,382650.000341328,1334571450.00034,-2399792.96457974,5383359.92523434,2429299.01591892,22.535543000063,114.026345994086,16.1075021289239,1.23137181297523,0.686587930533508,-0.237134458782412,1.42965460153361,1
3314,2206,382651.000346514,1334571451.00035,-2399791.60255856,5383360.633242,2429299.1859251,22.5355440992672,114.026331098777,16.2577337331321,1.27370988327993,0.698675221885842,-0.216351602716671,1.46877225887483,1
3315,2206,382652.000346493,1334571452.00035,-2399790.56057577,5383361.60624136,2429298.7549053,22.5355388967968,114.026317996182,16.5215256625895,1.22403288669141,0.697005254071142,-0.273323197686459,1.43484438260685,1
3316,2206,382653.000346966,1334571453.00035,-2399789.64157855,5383362.70423556,2429298.46490979,22.535534302159,114.026305490822,16.9910648205406,1.21439348366226,0.679216244026377,-0.260133280768521,1.41554073169021,1
3317,2206,382654.000347516,1334571454.00035,-2399788.7085894,5383363.66723893,2429298.05988697,22.5355291945339,114.026293395522,17.2973769610597,1.18165507220359,0.687523596365317,-0.324960042566113,1.4052033427544,1
3318,2206,382655.000351234,1334571455.00035,-2399787.39557046,5383364.3362466,2429298.00788866,22.53552849627,114.026279089657,17.3480522652959,1.2228811599556,0.701881039014115,-0.31675633836725,1.4451331780143,1
3319,2206,382656.000357836,1334571456.00036,-2399786.30464237,5383364.79322009,2429297.90188116,22.5355277048243,114.026267594902,17.2826737561037,0.999753960530116,0.615008700679903,-0.33226779072538,1.21989572024053,1
3320,2206,382657.000358583,1334571457.00036,-2399784.9385713,5383365.39126698,2429297.38185259,22.5355234018826,114.02625309886,17.0741593770362,1.19568919062622,0.744452688586929,-0.410922338674364,1.46722173325857,1
3321,2206,382658.000358057,1334571458.00036,-2399783.5885532,5383366.05326141,2429297.1648803,22.5355214019068,114.026238492248,17.041777761123,1.24810164689631,0.729528491413929,-0.334118079476714,1.48378045269614,1
3322,2206,382659.000358369,1334571459.00036,-2399782.11755604,5383366.26525491,2429297.00889787,22.5355215035955,114.026224592571,16.6076467795401,1.23934230650215,0.710449408554466,-0.285266174085287,1.45673762389756,1
3323,2206,382660.000358633,1334571460.00036,-2399780.41556481,5383366.16123679,2429296.48994054,22.53551990222,114.02620989271,15.6809421592636,1.2139791041013,0.659571146039536,-0.166044653698975,1.39152800507375,1
3324,2206,382661.000359592,1334571461.00036,-2399778.7445724,5383366.17724293,2429296.08192878,22.5355188031305,114.026194993026,14.9096705582813,1.18937061726306,0.675417642614412,-0.197971859228395,1.38202182117718,1
3325,2206,382662.000363074,1334571462.00036,-2399777.33256658,5383366.72324602,2429295.95393003,22.5355179992654,114.026180295122,14.7902263212467,1.19400714449713,0.677512350605435,-0.192712834886124,1.38629516448083,1
3326,2206,382663.000369139,1334571463.00037,-2399775.90456375,5383367.3352581,2429295.75290865,22.5355164002144,114.026165193925,14.6924665103227,1.18208532294748,0.698869963254158,-0.247549280275091,1.39535858560852,1
3327,2206,382664.000373271,1334571464.00037,-2399774.48856872,5383367.72125212,2429295.44392096,22.5355145981759,114.026151093907,14.3671712476479,1.15603416966559,0.674755454228704,-0.211813401521345,1.35520287835801,1
3328,2206,382665.000374772,1334571465.00037,-2399772.72952672,5383367.79226105,2429295.19794966,22.5355148008327,114.026135194745,13.6712931430189,1.26319509791606,0.695890830910764,-0.134479223693968,1.44845109187372,1
3329,2206,382666.000375421,1334571466.00038,-2399771.18455676,5383367.88826163,2429294.9129292,22.5355142971311,114.02612109736,13.0620377563988,1.18091274752134,0.69658716493997,-0.188646377629027,1.3839711165375,1
3330,2206,382667.000376105,1334571467.00038,-2399769.78456223,5383368.31125698,2429294.68093447,22.5355129977605,114.026106992953,12.8034837301217,1.16470457989057,0.682273087836912,-0.174185932269075,1.3610194942781,1
3331,2206,382668.000377228,1334571468.00038,-2399767.91051662,5383368.12525842,2429294.60598939,22.5355156013847,114.026091089909,11.9130888544415,1.28200480535696,0.684494090479738,-0.0282606538922471,1.45357048175121,1
3332,2206,382669.000379125,1334571469.00038,-2399766.09650414,5383368.32427142,2429294.44697099,22.5355162021224,114.026074196034,11.3378517321295,1.30838985529442,0.714989025889609,-0.077189985375885,1.49300087555977,1
3333,2206,382670.000381048,1334571470.00038,-2399764.41356626,5383368.23929083,2429293.71087867,22.5355127026225,114.026059589962,10.3511581681307,1.13919542085457,0.76226970155673,-0.31854819013767,1.40722928275651,1
3334,2206,382671.000382614,1334571471.00038,-2399762.48055828,5383368.1472882,2429293.28889909,22.5355121976516,114.026042791363,9.38488462112556,1.15489503955061,0.752688230878244,-0.264143608082147,1.40360036013528,1
3335,2206,382672.000384884,1334571472.00038,-2399760.99158154,5383368.41929597,2429292.63686316,22.535507997461,114.026028494489,8.8045103831332,1.08753542480612,0.768673883536503,-0.355589955700477,1.37841831677992,1
3336,2206,382673.000385489,1334571473.00039,-2399759.65458402,5383368.90628262,2429292.24788904,22.5355050976937,114.026014696135,8.56347029872058,1.07942786756885,0.732694951366987,-0.288210306768498,1.33606571469015,1
3337,2206,382674.00038642,1334571474.00039,-2399758.29558233,5383369.2442752,2429291.6669078,22.5355010984189,114.026001292115,8.11487360197955,1.08107475943262,0.712143493504165,-0.238663822121459,1.31637054464624,1
3338,2206,382675.000390896,1334571475.00039,-2399756.9965321,5383369.94128408,2429291.39993552,22.5354984988735,114.025986999435,8.11204130004208,1.19726010969859,0.726554396341892,-0.165032475937026,1.41015913259218,1
3339,2206,382676.000394716,1334571476.00039,-2399755.5675239,5383370.5262962,2429291.15191559,22.535496594562,114.02597199616,7.97311816657508,1.20656888765203,0.75006327341368,-0.214042026683639,1.43673845356792,1
3340,2206,382677.000395546,1334571477.0004,-2399754.03852416,5383370.9862958,2429290.78091447,22.5354942005609,114.025956599871,7.64399628714449,1.20338461686551,0.74750580407687,-0.216187329819814,1.43305143829933,1
3341,2206,382678.000396386,1334571478.0004,-2399752.51353912,5383371.45728151,2429290.61792843,22.5354935011876,114.025941195743,7.40537563043024,1.1629516819137,0.709931619368846,-0.180645081492952,1.3744424921084,1
3342,2206,382679.000398294,1334571479.0004,-2399751.16656193,5383371.94827042,2429290.37192795,22.535491795339,114.025927292938,7.21875650259601,1.09991743764969,0.678827111566191,-0.181081265369504,1.30514943271297,1
3343,2206,382680.000400209,1334571480.0004,-2399750.11667247,5383372.52225609,2429289.96884448,22.5354880982983,114.025915699416,7.15367547694866,0.818340028433461,0.640098902121482,-0.388724779674082,1.10928533793892,1
3344,2206,382681.000402121,1334571481.0004,-2399749.35668306,5383373.29421665,2429289.52191276,22.5354830012088,114.02590589629,7.34782504922966,0.78838999854139,0.538830471312461,-0.216977217506697,0.97927329154422,1
3345,2206,382682.000404055,1334571482.0004,-2399748.37567638,5383373.87320012,2429289.32395157,22.5354809021907,114.025894894585,7.39147905981851,0.80121866389203,0.495137171033803,-0.120090955510558,0.949491444460521,1
3346,2206,382683.000405954,1334571483.00041,-2399747.33967139,5383374.25220406,2429289.01694575,22.5354786033015,114.02588419606,7.20395201563486,0.80969091685798,0.502218354365452,-0.133936482474146,0.962165078165596,1
3347,2206,382684.000407857,1334571484.00041,-2399746.40172397,5383374.37218827,2429288.62792973,22.5354763009876,114.025875393341,6.80335575565536,0.676867172141966,0.461571324942912,-0.172430958625766,0.837215439552817,1
3348,2206,382685.000408603,1334571485.00041,-2399745.64672503,5383374.80017812,2429288.35094756,22.5354737017004,114.025866995927,6.77433644477785,0.673226786332944,0.435608424641124,-0.128629660749444,0.812117353021731,1
3349,2206,382686.000412853,1334571486.00041,-2399744.72770377,5383374.98819649,2429287.96693313,22.5354711993718,114.025858091975,6.44016966688205,0.717768601813116,0.475729701386562,-0.162331966244267,0.876277457084702,1
3350,2206,382687.000413626,1334571487.00041,-2399743.78266191,5383375.31821775,2429287.50092441,22.5354676009266,114.02584839496,6.18458944054696,0.817347216765185,0.526332601894181,-0.183354762941943,0.989293409289675,1
3351,2206,382688.000415553,1334571488.00042,-2399742.96761901,5383375.76322833,2429286.84794678,22.5354618963338,114.025839397062,6.00324724411992,0.916951644469763,0.549415568551592,-0.128699805187059,1.07667145644243,1
3352,2206,382689.000417461,1334571489.00042,-2399741.94661609,5383376.32828944,2429286.09881123,22.5354553004358,114.025828095343,5.80887601749337,0.919945119677604,0.693195740811663,-0.452120941645333,1.23742987848699,1
3353,2206,382690.00041938,1334571490.00042,-2399740.72055339,5383376.91329491,2429285.72986096,22.5354521014985,114.025814894003,5.69992378875552,1.06496939851064,0.703019566643556,-0.331835763807516,1.31852618669085,1
3354,2206,382691.000421298,1334571491.00042,-2399739.63357287,5383377.45528249,2429285.1638675,22.5354471990598,114.025803097805,5.53146646316599,1.01389174623677,0.670406051594395,-0.314566478248476,1.25553686379138,1
3355,2206,382692.000423219,1334571492.00042,-2399738.61161341,5383378.0172586,2429284.80887466,22.5354439017305,114.025791799803,5.48519092244086,0.913768122456938,0.610556534461466,-0.296291877605594,1.13821805473605,1
3356,2206,382693.000425137,1334571493.00043,-2399737.47563815,5383378.25024209,2429284.42889141,22.5354415965923,114.025780791593,5.10891637193023,0.851684217394997,0.5688391082495,-0.255139964747022,1.05548109355162,1
3357,2206,382694.000427055,1334571494.00043,-2399736.19061966,5383378.34823468,2429284.4289276,22.5354430978612,114.025768994336,4.70835622532531,0.890900339421818,0.549361927460334,-0.169648494678104,1.06032191049294,1
3358,2206,382695.000428973,1334571495.00043,-2399735.05058807,5383378.77124987,2429284.1809326,22.5354412986216,114.025757197986,4.54145645412144,0.960428201241819,0.58266876302379,-0.157268077829091,1.13430968674711,1
3359,2206,382696.00043089,1334571496.00043,-2399733.952568,5383379.51826617,2429283.89491184,22.5354380988227,114.025744492291,4.64911619255439,1.00295707139175,0.617470165037392,-0.204524197204347,1.19541726564748,1
3360,2206,382697.000432812,1334571497.00043,-2399732.63052125,5383379.93826764,2429283.79496289,22.5354378004116,114.025731091793,4.46796555075208,1.106273140912,0.618306381754662,-0.0858306839930381,1.27024011522883,1
3361,2206,382698.000434728,1334571498.00043,-2399731.42651939,5383380.49626722,2429283.63496638,22.5354363985927,114.025718193212,4.42461149727502,1.10546749753512,0.614873194068463,-0.0773410383621457,1.26732358500323,1
3362,2206,382699.00043664,1334571499.00044,-2399730.38854117,5383381.24925967,2429283.54095613,22.5354346968194,114.025705996966,4.63348182993253,1.05072751841913,0.594681075306894,-0.100483103191138,1.21151589065861,1
3363,2206,382700.000438543,1334571500.00044,-2399729.45960655,5383381.81724169,2429283.41993185,22.5354332009055,114.025695501143,4.71692716245543,0.897105109631773,0.550857585346669,-0.154928089564603,1.06406972045893,1
3364,2206,382701.000440356,1334571501.00044,-2399728.63563438,5383382.09214337,2429283.78012707,22.5354364973035,114.025687097235,4.77702550027096,0.830354683243214,0.325174698134116,0.289601220142227,0.937601381717422,1
3365,2206,382702.00044238,1334571502.00044,-2399727.83174439,5383382.00600569,2429285.00332376,22.5354481048167,114.025680300578,4.87084514231886,0.577878204858414,0.0126651163342412,0.732455887420544,0.933056939226734,1
3366,2206,382703.000444404,1334571503.00044,-2399727.29086095,5383381.8289448,2429286.1993403,22.5354594024371,114.025676198964,4.97644900379451,0.313168110596645,-0.124325096363869,0.76626633200668,0.837075317189278,1
3367,2206,382704.000446224,1334571504.00045,-2399726.76685422,5383381.6139288,2429287.3963847,22.5354708048287,114.025672397417,5.05677396528268,0.327146184902227,-0.159463344154937,0.862240578562783,0.935901704104357,1
3368,2206,382705.00044813,1334571505.00045,-2399726.06979718,5383381.54095271,2429288.3423917,22.5354799082083,114.025666497214,5.09563876556848,0.45303817787399,-0.105499278782524,0.873881551840709,0.989971037496826,1
3369,2206,382706.000450036,1334571506.00045,-2399725.22571776,5383381.49200949,2429289.04435116,22.5354871072321,114.025659196509,5.00595703220259,0.627549714759918,0.0211975398491612,0.780474089320648,1.00170244298984,1
3370,2206,382707.000451949,1334571507.00045,-2399724.2666665,5383381.6140439,2429289.93532374,22.5354955043108,114.025650198284,5.08972019802412,0.73835078733957,0.0974225983152064,0.716093047746407,1.03317099303948,1
3371,2206,382708.000453876,1334571508.00045,-2399723.13557782,5383381.98212663,2429290.41122391,22.5354999039844,114.025638698746,5.15728041203339,0.930498633738129,0.278724720401431,0.49332577275542,1.08944274526756,1
3372,2206,382709.000455798,1334571509.00046,-2399721.96657334,5383382.06313338,2429290.90422948,22.5355054072308,114.025627998767,4.97495482190398,0.936178530099019,0.29265353186597,0.503085497483045,1.10234810641183,1
3373,2206,382710.00045771,1334571510.00046,-2399720.97060505,5383382.38115271,2429291.07215884,22.535507206032,114.025617897079,4.93306224627141,0.862911567895994,0.333473947497158,0.347398710145481,0.988183743783919,1
3374,2206,382711.000459622,1334571511.00046,-2399720.08861078,5383382.55009508,2429291.7662791,22.535513704338,114.02560939737,5.00993181610117,0.846559872839941,0.206685973827437,0.606780302341924,1.06186865731593,1
3375,2206,382712.000461535,1334571512.00046,-2399719.53274176,5383382.61707501,2429291.98520018,22.5355161018647,114.025604196818,4.94130234589024,0.55938758800871,0.163377275244247,0.434112635763633,0.726677637067555,1
3376,2206,382713.000463451,1334571513.00046,-2399719.09577064,5383383.38105135,2429292.70421479,22.5355202997671,114.025597293326,5.69705000338638,0.4950830995449,0.110670446911701,0.463922031581579,0.687443724723268,1
3377,2206,382714.000465357,1334571514.00047,-2399718.42772436,5383383.373018,2429293.58333032,22.5355285990443,114.025591393664,5.77597656753704,0.592178073787673,0.0383429544447512,0.710254471622539,0.925530371025308,1
3378,2206,382715.000467005,1334571515.00047,-2399717.97678963,5383383.11894644,2429294.67042156,22.5355391048253,114.025588395478,5.80869438468013,0.450342533925071,-0.115017554741156,0.902796439683387,1.01542052730171,1
3379,2206,382716.000469194,1334571516.00047,-2399717.65183805,5383382.74191157,2429295.67145271,22.535549103971,114.025587002543,5.75207158912906,0.345294322875713,-0.187427960830088,0.965254764402591,1.04214882339953,1
3380,2206,382717.000469629,1334571517.00047,-2399717.17276988,5383383.31193724,2429296.90944157,22.5355583029497,114.025580492908,6.52726835893626,0.489974356362166,-0.133187550670111,0.940088512709507,1.06844756786395,1
3381,2206,382718.000473222,1334571518.00047,-2399716.70275697,5383383.51896276,2429297.69938776,22.5355648996081,114.025575500375,6.82792067393553,0.513486361355948,-0.0784119464440058,0.820066328166383,0.970734494718305,1
3382,2206,382719.000476213,1334571519.00048,-2399716.24274851,5383383.59890974,2429299.06749818,22.535576706233,114.025571099628,7.24671469540344,0.528098254924335,-0.189108167703508,1.04631688823023,1.18719362217883,1
3383,2206,382720.000476856,1334571520.00048,-2399715.6766914,5383383.7179129,2429300.26353329,22.5355871035823,114.025565602715,7.59262836782308,0.646814847679989,-0.182577117124528,1.11828483680578,1.30470871350909,1
3384,2206,382721.000478756,1334571521.00048,-2399715.33178618,5383383.55286723,2429301.34153723,22.5355971027372,114.025563193592,7.73684178255732,0.44658627764595,-0.277257755989908,1.12238101386226,1.23937496622963,1
3385,2206,382722.000480177,1334571522.00048,-2399714.90479173,5383383.30184092,2429302.67358601,22.5356096082961,114.025560395912,7.87501486368234,0.433904072158972,-0.331006494381134,1.22033381768026,1.3368068932096,1
3386,2206,382723.000481222,1334571523.00048,-2399714.30472532,5383383.19188023,2429303.82555956,22.5356204098354,114.02555550324,7.99809431308977,0.57082738882467,-0.248925078999148,1.16298376457524,1.3192190263382,1
3387,2206,382724.000482021,1334571524.00048,-2399713.73275345,5383382.89584907,2429305.15060305,22.5356332035172,114.025551596454,8.04109664126029,0.511196199849761,-0.313238628858309,1.25105607539666,1.38729279430723,1
3388,2206,382725.000482683,1334571525.00048,-2399713.47182882,5383382.48583297,2429306.35356272,22.5356449009421,114.025550902534,8.05812049901151,0.354509524781835,-0.345702618913855,1.1662684384506,1.2670317179972,1
3389,2206,382726.00048333,1334571526.00048,-2399713.19280901,5383382.36681598,2429307.85660339,22.5356582068998,114.025548896219,8.42884123430681,0.394806004104025,-0.380202124364653,1.24866102504323,1.36366410516299,1
3390,2206,382727.000484161,1334571527.00048,-2399713.06886104,5383382.36684301,2429309.20248298,22.5356696071824,114.0255477956,8.89807249086176,0.286918183250165,-0.323726127496252,0.998526699346845,1.0881986118406,1
3391,2206,382728.00048551,1334571528.00049,-2399712.81080885,5383382.39482759,2429310.90755371,22.5356841039942,114.025545393643,9.47812216115951,0.393586658058259,-0.354774059715447,1.14078409392012,1.25784078475361,1
3392,2206,382729.000487884,1334571529.00049,-2399712.49278887,5383382.26280824,2429312.29060574,22.5356965052032,114.025543092514,9.7772219432499,0.432757776918606,-0.392470354274701,1.24166198781845,1.37223786730337,1
3393,2206,382730.000491785,1334571530.00049,-2399712.03975922,5383382.2818337,2429313.56456714,22.5357077092812,114.025538994845,10.1111655054568,0.489848114187296,-0.337445543347056,1.15338889365386,1.29773903759644,1
3394,2206,382731.000497133,1334571531.0005,-2399711.31464661,5383382.47489742,2429314.7975242,22.5357184045882,114.025531792583,10.4738982337063,0.710308275033941,-0.206910619809615,1.05442256116688,1.28808260126027,1
3395,2206,382732.000502801,1334571532.0005,-2399711.05476168,5383381.86585799,2429315.81750325,22.5357292034764,114.025531895597,10.2532858482755,0.473935168132293,-0.282511194088138,1.00118699624384,1.14315463513274,1
3396,2206,382733.000507375,1334571533.00051,-2399710.53463817,5383381.58392405,2429317.00148366,22.5357407029511,114.025528393364,10.2736177359921,0.71267877772404,-0.150075663338866,0.953344665495859,1.19970821293106,1
3397,2206,382733.999510331,1334571533.99951,-2399710.14831967,5383381.1950515,2429317.96260634,22.5357504931158,114.025526502409,10.1686398627718,0.652413030151105,-0.105566787333403,0.80408105503498,1.04083305652973,1
3398,2206,382734.99951202,1334571534.99951,-2399710.43019318,5383381.22210724,2429318.99162048,22.5357585931907,114.025528898032,10.6918442343194,0.394753341136061,-0.219451054529177,0.778089930546972,0.899673777371911,1
3399,2206,382735.999512994,1334571535.99951,-2399710.26527278,5383381.15409446,2429319.98158358,22.5357672976539,114.025527702917,10.9518615419079,0.559624636602317,-0.193766229149176,0.855297177636301,1.04031646508338,1
3400,2206,382736.999513663,1334571536.99951,-2399709.81225425,5383380.49112049,2429320.96053665,22.5357781969949,114.025526304595,10.5973975703498,0.522671883199827,-0.248375007217768,0.952816657812653,1.11478052777367,1
3401,2206,382737.999514273,1334571537.99951,-2399709.65918632,5383380.30014039,2429321.92956355,22.5357870988471,114.025525701402,10.7501106802055,0.383190145955969,-0.288915526102635,0.89861697766596,1.01873418600262,1
3402,2206,382738.99951497,1334571538.99952,-2399709.51017925,5383380.19309742,2429322.66666503,22.5357937951995,114.025524802054,10.8862742121013,0.369239626777112,-0.200674797239433,0.690578378902257,0.808397658109459,1
3403,2206,382739.999515858,1334571539.99952,-2399709.39919249,5383380.32411095,2429323.60863425,22.5358013942073,114.02552329809,11.3160824702509,0.397184541781974,-0.228654726893948,0.755766619538861,0.883867483037304,1
3404,2206,382740.999517046,1334571540.99952,-2399709.25422293,5383380.17512565,2429324.63057854,22.535810593268,114.025522600592,11.5275502121843,0.461158745009056,-0.260028294999947,0.872941397713809,1.02093525070959,1
3405,2206,382741.999516273,1334571541.99952,-2399709.44801246,5383380.53316114,2429325.48272129,22.5358162959394,114.025522904166,12.2290643468611,0.0252383031465525,-0.332147757489252,0.576439750940985,0.665764140830491,1
3406,2206,382742.99952227,1334571542.99952,-2399709.60302919,5383380.65418749,2429326.42965855,22.5358235931229,114.025523801528,12.7523833240503,0.060810137812098,-0.391755334185724,0.715132146167148,0.817669921915516,1
3407,2206,382743.999522804,1334571543.99952,-2399709.86400623,5383381.01417098,2429327.06573076,22.5358273927615,114.025524693938,13.3979956917429,0.0126464164910379,-0.35726628429854,0.564244707471217,0.667960492586073,1
3408,2206,382744.999524689,1334571544.99952,-2399710.46302541,5383381.97722864,2429328.22763513,22.5358331955128,114.025526200888,14.8810265082099,0.0525566134694171,-0.479041186193567,0.76830670042288,0.906938719872411,1
3409,2206,382745.999525423,1334571545.99953,-2399710.40109938,5383381.63721019,2429328.84359823,22.5358394952306,114.025526996799,14.806967473978,0.209270281205006,-0.442728872381928,0.846292014396329,0.977759213031098,1
3410,2206,382746.999529719,1334571546.99953,-2399711.05608157,5383382.39820538,2429329.81865197,22.5358442993861,114.025529800366,16.0689670728524,0.172254303400626,-0.435028148438116,0.740331956849962,0.875792464746543,1
3411,2206,382747.999530458,1334571547.99953,-2399711.51302077,5383383.22217808,2429330.36379989,22.5358455977762,114.025530596289,17.1448545957608,0.0434773626744543,-0.377531303948336,0.426193348284761,0.571017457393583,1
3412,2206,382748.999532346,1334571548.99953,-2399712.22200335,5383384.91315542,2429330.94491454,22.5358441002815,114.025530198589,19.0607308359526,0.0061420495899638,-0.329484263743809,0.183190496331027,0.377036288404676,1
3413,2206,382749.999533618,1334571549.99953,-2399712.60402498,5383386.12414501,2429331.35994934,22.535843195583,114.02552879758,20.3850730000459,0.0529789211539519,-0.308785784996327,0.109010016194653,0.331720681799,1
3414,2206,382750.999536198,1334571550.99954,-2399712.62303508,5383386.47017292,2429331.8058887,22.5358457944348,114.025527596842,20.8550490705545,0.07551230909202,-0.371860022416435,0.240318919000761,0.449149382639734,1
3415,2206,382751.999537572,1334571551.99954,-2399712.61607195,5383386.65724293,2429332.87070702,22.5358540943002,114.025526794624,21.4183502655771,0.155414918035309,-0.524413717417915,0.634360431608568,0.837601755582334,1
3416,2206,382752.999538623,1334571552.99954,-2399712.18020687,5383386.61323249,2429334.00360344,22.5358642968364,114.025523098845,21.6515090566685,0.448500608040086,-0.50326729331472,0.85998776124332,1.0927075150382,1
3417,2206,382753.999539455,1334571553.99954,-2399711.77423609,5383386.6122116,2429335.18161888,22.5358746976786,114.025519498346,21.9494691438464,0.51252084849564,-0.458807155582937,0.828016663555871,1.07647258268987,1
3418,2206,382754.999540144,1334571554.99954,-2399711.40622916,5383386.59522032,2429336.34761082,22.5358849952237,114.025516298129,22.2436248354652,0.498139858278453,-0.478483925357443,0.846763889848264,1.09274849365355,1
3419,2206,382755.999540778,1334571555.99954,-2399710.76726106,5383386.37321089,2429337.5225919,22.5358963976505,114.025511503527,22.2663726955818,0.568611267159736,-0.458902292964221,0.889091546777032,1.15082312549722,1
3420,2206,382756.999541479,1334571556.99954,-2399710.27327842,5383386.47819307,2429338.65361431,22.5359061954607,114.025506702042,22.6026519003792,0.607076115468078,-0.420318382879648,0.84152851312427,1.11954418910533,1
3421,2206,382757.999542442,1334571557.99954,-2399710.03826617,5383386.93720933,2429339.89060466,22.5359153930523,114.025502798698,23.3756016078628,0.581238463622364,-0.456257455388796,0.864546318951813,1.13729914921496,1
3422,2206,382758.999543975,1334571558.99954,-2399709.97720471,5383387.23022973,2429341.07062745,22.5359243951081,114.025501096816,24.052095448901,0.44830215146665,-0.502704751350061,0.817434317787889,1.05919108282543,1
3423,2206,382759.999546493,1334571559.99955,-2399709.71522206,5383387.65120273,2429342.01367992,22.5359312992941,114.025497104577,24.6701537344353,0.489363732863849,-0.445830212181978,0.706053461382635,0.967859975134352,1
3424,2206,382760.999550362,1334571560.99955,-2399710.00605651,5383387.8513026,2429343.07363943,22.5359390977996,114.025498894879,25.3545741792387,0.124941997825714,-0.671918412788428,0.802299838537454,1.05393068423973,1
3425,2206,382761.999555514,1334571561.99956,-2399710.93589823,5383388.44636696,2429344.2236793,22.5359454986664,114.025504795603,26.6470197216665,-0.230056480645401,-0.823747605309596,0.722043887042017,1.11930044061234,1
3426,2206,382762.999561148,1334571562.99956,-2399710.76006032,5383388.38034379,2429345.53557118,22.5359568973242,114.02550349568,27.0279965497578,0.137651240209466,-0.782414789490014,0.977700530285235,1.25976946052202,1
3427,2206,382763.99956612,1334571563.99957,-2399710.34915629,5383388.46728821,2429346.75759496,22.535967394096,114.025499503227,27.4151794541102,0.360388556132453,-0.66322970893838,0.933896263138813,1.20079797989269,1
3428,2206,382764.999569761,1334571564.99957,-2399710.04518976,5383388.5692817,2429348.08757423,22.5359785930369,114.025496400691,27.8966478702596,0.440915662385575,-0.653767364904878,0.99006858063147,1.26572279078209,1
3429,2206,382765.999572111,1334571565.99957,-2399709.67421027,5383388.77226959,2429349.46858082,22.5359899927532,114.025492303439,28.4576738101344,0.491273743566091,-0.628956027212813,0.980160580133724,1.26398193742349,1
3430,2206,382766.999573561,1334571566.99957,-2399709.28823541,5383389.22225749,2429350.67758574,22.5359991981706,114.02548709546,29.1555128415795,0.551860576385311,-0.602449674098585,0.971740730135089,1.26955730559644,1
3431,2206,382767.999574508,1334571567.99957,-2399709.01223968,5383389.40926065,2429352.00857727,22.536010097406,114.025483904817,29.7196042384961,0.56293248071189,-0.611567121013039,0.99396122504781,1.29571070777514,1
3432,2206,382768.999575234,1334571568.99958,-2399708.29124756,5383389.1832295,2429353.04762614,22.5360204943362,114.025478397854,29.6560189980039,0.582999503085058,-0.539866424059225,0.880302940161003,1.18586569344088,1
3433,2206,382769.999575917,1334571569.99958,-2399707.84623041,5383388.91823459,2429354.13061999,22.5360309920888,114.025475495435,29.6801871592551,0.543167412275147,-0.552814679036742,0.896323160660922,1.18491776738024,1
3434,2206,382770.999576671,1334571570.99958,-2399707.61218192,5383388.9472656,2429355.40960474,22.5360418978104,114.025473302461,30.1068530358947,0.429432745034595,-0.626603898192148,0.934159908815805,1.20403474325964,1
3435,2206,382771.999577584,1334571571.99958,-2399707.06521165,5383388.90724203,2429356.68062249,22.5360533963169,114.025468604418,30.3545348745259,0.501139507256092,-0.572262858853981,0.89414288151698,1.17393231403011,1
3436,2206,382772.99957874,1334571572.99958,-2399706.49122622,5383389.03624425,2429358.01060211,22.5360648903588,114.025462997535,30.7572492085479,0.537070243489855,-0.578913044133026,0.945037521304533,1.23153590113445,1
3437,2206,382773.999580256,1334571573.99958,-2399705.61128198,5383389.05821032,2429359.26161783,22.5360764952728,114.025455097731,30.9243454981083,0.672097872960348,-0.500375425325314,0.910900731745066,1.23767170938056,1
3438,2206,382774.999582205,1334571574.99958,-2399705.04128685,5383389.09320314,2429360.52162374,22.5360876972348,114.025449898351,31.2224344639285,0.686446946719035,-0.485565838792652,0.901030368817755,1.23241199279874,1
3439,2206,382775.999582963,1334571575.99958,-2399704.43128178,5383389.06319153,2429361.60565601,22.5360976933132,114.025444601005,31.3831943217185,0.675579035038851,-0.458713707189537,0.825141508978072,1.16089784545678,1
3440,2206,382776.99958453,1334571576.99958,-2399703.66927707,5383389.04618143,2429362.63368055,22.536107395331,114.025437902624,31.4762971188813,0.667001129742349,-0.436141181391122,0.769196719151661,1.10759795500736,1
3441,2206,382777.999589534,1334571577.99959,-2399703.18928145,5383389.25817963,2429363.90367867,22.5361179942691,114.025432801775,31.9613860911257,0.685432146978992,-0.436817434473187,0.783437078572614,1.1288934206799,1
3442,2206,382778.999591047,1334571578.99959,-2399702.07827548,5383388.76217859,2429365.0266739,22.5361304943668,114.025424900436,31.5555602320678,0.674143821822557,-0.436767865471023,0.797795849629551,1.13212820762305,1
3443,2206,382779.999591816,1334571579.99959,-2399700.8092683,5383388.08817224,2429365.98367336,22.536142395286,114.025416300743,30.8765290245532,0.658044532507566,-0.42227108449795,0.800417916480147,1.11892998734889,1
3444,2206,382780.99959375,1334571580.99959,-2399699.8982501,5383387.88818046,2429367.19266448,22.5361543951127,114.025409003503,30.8285878858161,0.615962350999036,-0.443914115067511,0.826376773452531,1.12221563485199,1
3445,2206,382781.999595653,1334571581.9996,-2399699.50024617,5383387.60318296,2429368.27665601,22.536164898167,114.025406597665,30.8539463222929,0.608559040814757,-0.452289151094696,0.851015364864328,1.13979679486762,1
3446,2206,382782.999597578,1334571582.9996,-2399698.82221895,5383387.24416386,2429369.24871732,22.5361750962233,114.025401998512,30.6686567145449,0.544207715313876,-0.407107283954586,0.702707241705599,0.977596975037013,1
3447,2206,382783.999599505,1334571583.9996,-2399698.34817519,5383386.98816177,2429370.10275392,22.5361836967737,114.02539880277,30.6017476752075,0.437423308342822,-0.403739004519361,0.614690036091765,0.855679948884137,1
3448,2206,382784.99960141,1334571584.9996,-2399697.68716126,5383386.49115595,2429370.92976901,22.5361930972646,114.025394900801,30.2508568222646,0.404859563249174,-0.391379860856839,0.579788711728,0.808235368989655,1
3449,2206,382785.999603324,1334571585.9996,-2399696.99615499,5383385.77418189,2429371.87170454,22.5362041938994,114.025391603131,29.7471635025951,0.391080892397864,-0.4588792801468,0.745137131992229,0.958511243345825,1
3450,2206,382786.999605237,1334571586.99961,-2399696.18321606,5383385.26416153,2429372.91967359,22.5362156925345,114.025386403753,29.4128466312713,0.54769563783369,-0.409291270302353,0.827152812952581,1.07315964871175,1
3451,2206,382787.99960715,1334571587.99961,-2399695.54019565,5383384.65717737,2429374.16364624,22.5362288930688,114.025383096818,29.1357494718017,0.498183726836314,-0.451709006424959,0.900920520461463,1.12422677265688,1
3452,2206,382788.999609063,1334571588.99961,-2399695.20422529,5383384.35815702,2429375.32465433,22.5362399954156,114.025381297262,29.20212531877,0.576030273956472,-0.401509514295267,0.884516284264174,1.12933158271275,1
3453,2206,382789.999610988,1334571589.99961,-2399694.9971877,5383384.22218908,2429376.68861723,22.5362520934331,114.025379997147,29.5323267116129,0.482157175835713,-0.485664147435758,0.984440017606431,1.19894426666936,1
3454,2206,382790.999612902,1334571590.99961,-2399694.67118587,5383384.0711888,2429378.05161461,22.5362643985521,114.025377700262,29.8047401926331,0.47998561678662,-0.487332428503295,0.996030729134813,1.20828651468672,1
3455,2206,382791.999614808,1334571591.99961,-2399694.32708812,5383383.27321386,2429379.38164491,22.5362784994084,114.02537780332,29.5119143252712,0.228815478978731,-0.555520789448498,0.922301858564878,1.10072730012568,1
3456,2206,382792.999615377,1334571592.99962,-2399693.87017215,5383382.8051811,2429380.57762706,22.5362905981717,114.025375598829,29.4036321366025,0.447674387064506,-0.470813467224107,0.969915360089877,1.16739602684412,1
3457,2206,382793.999621042,1334571593.99962,-2399693.54415495,5383382.27619043,2429381.7486166,22.5363024967247,114.025374797827,29.2835707436941,0.408786758160206,-0.50254029145278,1.01192304470128,1.20151637798995,1
3458,2206,382794.999620566,1334571594.99962,-2399693.14216215,5383381.90319224,2429382.89460767,22.5363138007099,114.025372704859,29.2569558437206,0.42731453339537,-0.50648679214797,1.03412504705582,1.22822684957603,1
3459,2206,382795.999621506,1334571595.99962,-2399692.55218453,5383381.03418717,2429384.04758609,22.5363269958447,114.025370905912,28.7438872694037,0.487664799190879,-0.494925311702014,1.09366713213063,1.29571440388538,1
3460,2206,382796.99962215,1334571596.99962,-2399692.00115865,5383379.49620125,2429385.31356203,22.5363431933562,114.025372100524,27.7244113256993,0.419989682472923,-0.533768615319524,1.1592499869885,1.34356272664013,1
3461,2206,382797.999622735,1334571597.99962,-2399691.63213681,5383378.13721368,2429386.61853985,22.5363588938592,114.025374202677,26.939332962756,0.36262250605327,-0.567308051294904,1.21982363465358,1.39330657309145,1
3462,2206,382798.999623713,1334571598.99962,-2399691.56910209,5383377.89523833,2429388.05052296,22.5363716914042,114.025374600699,27.2603298963309,0.271035217147439,-0.632968549400384,1.26795173998811,1.44284818619391,1
3463,2206,382799.999626039,1334571599.99963,-2399691.45012374,5383377.72920505,2429389.26257801,22.536382493351,114.02537420144,27.5400637305258,0.330686285299538,-0.547858673064119,1.12847300041783,1.29728711456208,1
3464,2206,382800.999630666,1334571600.99963,-2399691.15513603,5383377.29420629,2429390.46255976,22.5363942928728,114.025373303939,27.5220781470371,0.368242511716099,-0.558417318808904,1.19202789915155,1.36688074159247,1
3465,2206,382801.999636237,1334571601.99964,-2399690.71016853,5383376.85317789,2429391.56358827,22.5364054974556,114.025371098655,27.40468033948,0.463300828913604,-0.488953153823919,1.131815551181,1.31709122182237,1
3466,2206,382802.999639986,1334571602.99964,-2399690.84118254,5383376.74317558,2429393.10258399,22.5364184969247,114.02537269728,27.9510000074754,0.506374198250577,-0.487306117216948,1.15595107952066,1.35281372656251,1
3467,2206,382803.999641718,1334571603.99964,-2399690.57517993,5383376.44916268,2429394.28861843,22.5364296935853,114.025371499136,28.0575075749002,0.501953716574665,-0.45385877741826,1.06509881058987,1.26189571666706,1
3468,2206,382804.99964255,1334571604.99964,-2399690.15718952,5383376.16816442,2429395.50260206,22.5364412963919,114.025368900004,28.1285518481189,0.530082377986049,-0.459805973515593,1.1134089817113,1.3160883029977,1
3469,2206,382805.999643214,1334571605.99964,-2399689.67120107,5383375.86017065,2429396.81457675,22.5364538976722,114.025365803971,28.1888089975928,0.56349595484877,-0.478125378368004,1.18644680387955,1.39777952016993,1
3470,2206,382806.999644055,1334571606.99964,-2399689.31221776,5383376.77316996,2429398.2385753,22.536463394524,114.025359003113,29.3698126911995,0.611522095459137,-0.475990631932776,1.19342201159552,1.42294850668715,1
3471,2206,382807.999645326,1334571607.99965,-2399688.91922822,5383377.98816224,2429399.63960063,22.5364717930138,114.025350705085,30.7839900117388,0.643221613214952,-0.455634179787176,1.12630025360187,1.37473226875665,1
3472,2206,382808.999647261,1334571608.99965,-2399688.7172111,5383379.12916576,2429401.08162429,22.5364804982427,114.02534439551,32.2232780256716,0.598032552977371,-0.468222885142942,1.06550725300342,1.30850346227861,1
3473,2206,382809.999649184,1334571609.99965,-2399688.47318059,5383379.31218626,2429402.5126134,22.5364921990248,114.025341504435,32.83436724021,0.514459008837495,-0.530206614862268,1.10234724249915,1.32701038777518,1
3474,2206,382810.999651138,1334571610.99965,-2399688.66015986,5383379.70718746,2429403.85664789,22.5365018970707,114.025341601251,33.753040981819,0.457540603072928,-0.536371912042116,1.00962469404494,1.23141392484956,1
3475,2206,382811.999653067,1334571611.99965,-2399688.04128981,5383380.13711139,2429405.02969869,22.5365111941441,114.025334404831,34.3326037977423,0.835265885656793,-0.320228019355406,0.868767811847278,1.2469854028914,1
3476,2206,382812.999654125,1334571612.99965,-2399687.73122408,5383379.973175,2429406.47362365,22.536524192673,114.025332300635,34.6311205520816,0.647451061972703,-0.505676691801077,1.08856398089366,1.36377173118507,1
3477,2206,382813.999654789,1334571613.99965,-2399687.67820729,5383380.00618463,2429407.90462546,22.5365360986042,114.02533169926,35.1874945816229,0.599888259375177,-0.5342443656151,1.08532182763,1.35026161741263,1
3478,2206,382814.999655802,1334571614.99966,-2399687.31916343,5383380.59120233,2429409.26463481,22.5365460986213,114.025326195966,36.0672613555977,0.474641690938305,-0.586646512488354,1.0612815487792,1.3022124984697,1
3479,2206,382815.999658977,1334571615.99966,-2399686.74419104,5383380.84120543,2429410.80859984,22.5365589962857,114.025320101403,36.6537099647697,0.560232309349131,-0.601535875105603,1.17381557881172,1.43302081720358,1
3480,2206,382816.999664465,1334571616.99966,-2399686.23316276,5383380.58020514,2429412.21762567,22.5365722937496,114.025316597051,36.781395591597,0.48508462165282,-0.61102506372177,1.11588364740847,1.36156345177663,1
3481,2206,382817.999667629,1334571617.99967,-2399685.71615043,5383380.98622197,2429413.83160573,22.5365852005157,114.025310399632,37.5480914189978,0.452649458332317,-0.666797094246071,1.18667296657123,1.43446945823691,1
3482,2206,382818.999668624,1334571618.99967,-2399685.14114341,5383380.63121652,2429415.10962373,22.5365977926063,114.025306699276,37.5222025116184,0.432893465318546,-0.653086785130056,1.13560576604343,1.37968096206989,1
3483,2206,382819.999669273,1334571619.99967,-2399684.38518155,5383380.04820158,2429416.48761286,22.5366121943083,114.025302294668,37.2742298738677,0.549198313531339,-0.609470717109823,1.17080061536921,1.42963191890394,1
3484,2206,382820.999670314,1334571620.99967,-2399683.42722606,5383379.91918286,2429417.94361022,22.5366260961053,114.025294299751,37.3631954043624,0.686008984686189,-0.554219375934814,1.1825388790783,1.47518325785765,1
3485,2206,382821.999672207,1334571621.99967,-2399682.81923338,5383380.50017867,2429419.40361886,22.5366372936882,114.025286601994,38.1842816434471,0.711874666137946,-0.543961217822793,1.16302689569943,1.46809090553158,1
3486,2206,382822.999673923,1334571622.99967,-2399682.29122991,5383383.28217206,2429421.11266367,22.5366434978179,114.025270903308,40.9876947716872,0.704898358080036,-0.524411782909952,1.03205538096255,1.35536995785375,1
3487,2206,382823.999676043,1334571623.99968,-2399681.5201893,5383383.42220074,2429422.49763981,22.5366556933263,114.025263503142,41.3467027062196,0.584469248905474,-0.618943908984222,1.11213771249697,1.40055209004977,1
3488,2206,382824.999676607,1334571624.99968,-2399680.87122319,5383383.15318844,2429423.79762839,22.5366683010326,114.025258805765,41.3739696369409,0.690143838711637,-0.582371836064879,1.14926883883748,1.46159992387659,1
3489,2206,382825.99968113,1334571625.99968,-2399680.4981908,5383382.7981971,2429425.19463738,22.5366816009262,114.025256898653,41.4696533592024,0.598126907205162,-0.617872917390985,1.13743396552794,1.42593084162756,1
3490,2206,382826.999681828,1334571626.99968,-2399680.06520561,5383382.23118162,2429426.53665569,22.5366951969003,114.02525529838,41.3428487557677,0.646043211035219,-0.570819154421567,1.08237062117535,1.38373859495309,1
3491,2206,382827.999683726,1334571627.99968,-2399679.59521562,5383381.80918706,2429427.98763061,22.5367092953474,114.025252795581,41.3662312949085,0.681565538302769,-0.59129629212504,1.16824169836061,1.47612721466384,1
3492,2206,382828.999684391,1334571628.99968,-2399679.49715978,5383381.58818655,2429429.40968658,22.5367219930894,114.025252799635,41.687957084179,0.505805692238941,-0.59072631343552,0.99340197477067,1.26160392325195,1
3493,2206,382829.999688984,1334571629.99969,-2399678.86219073,5383381.14917495,2429430.88667346,22.536736594768,114.025248899359,41.6449143004387,0.613304262431528,-0.562393703419342,1.05032636380052,1.34000532329422,1
3494,2206,382830.999689411,1334571630.99969,-2399678.89619128,5383380.79618002,2429432.62966192,22.5367522004861,114.025250598333,42.027953350696,0.615264276349584,-0.579405779275461,1.0891469370669,1.37858704379955,1
3495,2206,382831.999689714,1334571631.99969,-2399678.72918042,5383380.32017256,2429434.03968495,22.5367657011701,114.025250999416,42.1040099928565,0.581066491558165,-0.556037175367738,1.01569445675675,1.29555039943996,1
3496,2206,382832.999694794,1334571632.99969,-2399677.98820275,5383380.2231623,2429435.36368003,22.5367780950209,114.025244804325,42.2509837515525,0.664396597307615,-0.531348500824756,1.04862338258525,1.35032035693282,1
3497,2206,382833.999695226,1334571633.9997,-2399677.7981566,5383379.95018453,2429436.85867594,22.536791695068,114.025244197326,42.5222258617233,0.513486443457697,-0.605189957257696,1.0636750260089,1.32715024504968,1
3498,2206,382834.99969733,1334571634.9997,-2399677.84816749,5383379.88516929,2429438.3177041,22.5368039994192,114.025244898684,43.0453959618447,0.552829623724434,-0.558871001273069,0.978045850539197,1.25480320157713,1
3499,2206,382835.999699036,1334571635.9997,-2399677.1701736,5383378.81818253,2429439.63265589,22.5368192954308,114.025243101802,42.3943022329868,0.576904736023852,-0.606907690125817,1.14355391025569,1.41734666346723,1
3500,2206,382836.999700965,1334571636.9997,-2399677.28217234,5383379.90319194,2429441.47765283,22.5368310961479,114.025239801959,44.058894971443,0.575698683555378,-0.640319699963851,1.16158544480246,1.44593189258213,1
3501,2206,382837.999701865,1334571637.9997,-2399676.99225684,5383380.92015574,2429443.31267311,22.5368435951146,114.025233202887,45.5111211635374,0.86107433442403,-0.520963219110457,1.09710163969277,1.48878597954383,1
3502,2206,382838.999702572,1334571638.9997,-2399677.02718749,5383380.46716462,2429444.68171564,22.5368563966578,114.025235305885,45.6668297254059,0.629725453872729,-0.553410109787987,0.956375136527267,1.27179805733391,1
3503,2206,382839.99970567,1334571639.99971,-2399677.15014523,5383380.03620758,2429446.40965665,22.5368719979571,114.025238103257,46.0117870545992,0.492844217017033,-0.705053919532409,1.16711103190852,1.44987744740641,1
3504,2206,382840.999711639,1334571640.99971,-2399677.36906902,5383379.56723156,2429447.91167199,22.5368856998392,114.025241903171,46.2741668784518,0.238892951113109,-0.802779736444781,1.13781958613547,1.41285475471875,1
3505,2206,382841.999712688,1334571641.99971,-2399677.68000316,5383379.05225421,2429449.39968436,22.5368993006914,114.025246702099,46.5269728599148,0.0106497844088597,-0.884498241330785,1.09890466059,1.4106884878993,1
3506,2206,382842.999712469,1334571642.99971,-2399678.4169388,5383378.38225282,2429450.62474707,22.5369105981347,114.025255896993,46.7084123383602,-0.213372280512288,-0.879081262112648,0.879893570362208,1.26195257068296,1
3507,2206,382843.999712506,1334571643.99971,-2399679.54185275,5383377.646254,2429451.59082361,22.5369193973709,114.025268797901,46.8808101436187,-0.512786327047516,-0.883380337228514,0.613784289676202,1.19165506404419,1
3508,2206,382844.999713003,1334571644.99971,-2399680.66479742,5383377.28525975,2429452.36286692,22.5369253955235,114.025280197125,47.2944583443334,-0.70626799721952,-0.904604792200314,0.463919432843131,1.23787945864601,1
3509,2206,382845.999717018,1334571645.99972,-2399681.81778829,5383376.94025982,2429453.15887458,22.5369315006509,114.025291799822,47.7420836990728,-0.748486476884636,-0.917656996201937,0.443515793858418,1.26452861895625,1
3510,2206,382846.999722543,1334571646.99972,-2399682.85778181,5383376.4202452,2429453.72491008,22.5369364001546,114.025303091907,47.9114285405555,-0.786620983046207,-0.88342610344492,0.324273385649168,1.22652659158162,1
3511,2206,382847.999724261,1334571647.99972,-2399684.08874982,5383376.14924474,2429454.16594304,22.5369392007381,114.025315094074,48.3147502747063,-0.907610438641941,-0.887054174472528,0.206732178244213,1.28583047494705,1
3512,2206,382848.99972489,1334571648.99972,-2399685.24874747,5383375.69424977,2429454.77693163,22.5369441005285,114.025327194322,48.6013040458229,-0.918116068770081,-0.907536843195171,0.248820271222475,1.31471356761148,1
3513,2206,382849.999725852,1334571649.99973,-2399686.48975844,5383375.14321843,2429454.9569856,22.5369455954707,114.025340393972,48.6721371382199,-0.881400955272211,-0.796510460142678,0.0525600573117681,1.18914217682163,1
3514,2206,382850.999727767,1334571650.99973,-2399687.69878712,5383374.82219051,2429455.01601299,22.5369453989351,114.025352399341,48.8785907845507,-0.782312746732189,-0.699456139957334,-0.0476461413146571,1.05048668730539,1
3515,2206,382851.999729667,1334571651.99973,-2399688.90775588,5383374.85720531,2429455.22101493,22.5369452944622,114.025362995019,49.4413337479273,-0.903306990941647,-0.758833788922797,-0.0550321514417688,1.1810253074288,1
3516,2206,382852.999731475,1334571652.99973,-2399690.37672606,5383374.41323113,2429455.67298807,22.5369483977201,114.02537779497,49.7924272847874,-1.02057173131872,-0.860419153895682,0.0447862394723193,1.33562479252353,1
3517,2206,382853.999733496,1334571653.99973,-2399691.6206815,5383373.53924971,2429455.85198253,22.5369509006029,114.025392298945,49.5915175559828,-1.19520507177453,-0.936955980266232,0.0656504544388997,1.5201025145431,1
3518,2206,382854.999735281,1334571654.99974,-2399693.13068793,5383372.96024732,2429456.1509791,22.5369530969646,114.025407997669,49.785499128218,-1.17912820786033,-0.933993828086788,0.0791284190802659,1.50630312626053,1
3519,2206,382855.999737292,1334571655.99974,-2399694.91965357,5383372.37427281,2429456.61495839,22.5369562983306,114.025426200825,50.1417362904782,-1.31908499276029,-1.03814001315019,0.158658592150702,1.68608791404604,1
3520,2206,382856.999737838,1334571656.99974,-2399696.36766772,5383371.88329829,2429457.46488997,22.536962898931,114.025441000728,50.5978300695895,-1.26760065910188,-1.13734234949682,0.420110836471011,1.75409582572756,1
3521,2206,382857.999742418,1334571657.99974,-2399698.05566766,5383371.57727746,2429457.96993331,22.5369657000634,114.025457199409,51.1680117602924,-1.29056058629006,-1.07658071310007,0.259039465646027,1.70049231208688,1
3522,2206,382858.999743096,1334571658.99974,-2399699.97166083,5383371.05126086,2429458.29797206,22.5369673990418,114.025476293115,51.5704972788457,-1.32069887036632,-1.01500860335391,0.108902909640575,1.66923569779631,1
3523,2206,382859.999744982,1334571659.99974,-2399701.9906707,5383370.8302517,2429458.92698341,22.5369704989507,114.025495094314,52.3843877541416,-1.29182987719923,-0.986408241592876,0.0654626327776784,1.62668712633902,1
3524,2206,382860.999746895,1334571660.99975,-2399703.81270108,5383371.25325692,2429460.32995797,22.5369782958983,114.025509597645,53.9641475959835,-1.18147973097344,-1.01397575946468,0.167039286743882,1.5658682316207,1
3525,2206,382861.999748813,1334571661.99975,-2399704.71173416,5383370.16225309,2429461.00392528,22.5369860992898,114.025521898052,53.6401629902407,-1.05820061304542,-1.00763337295399,0.297803678019642,1.49124128912205,1
3526,2206,382862.999749496,1334571662.99975,-2399705.25771489,5383367.77523657,2429460.63495199,22.5369897984232,114.0255361932,51.6903423584368,-1.13772460807421,-0.945456427079173,0.191218619139402,1.4915997115944,1
3527,2206,382863.999754154,1334571663.99975,-2399706.40568173,5383366.13121238,2429460.23001583,22.5369900005006,114.025552892637,50.5799135007729,-1.2945330359718,-0.864424845837112,-0.0647121822761739,1.5579582028597,1
3528,2206,382864.999754555,1334571664.99975,-2399707.803714,5383365.7052072,2429460.49599592,22.536991595592,114.025566991618,50.8482071416763,-1.16538334773142,-0.843881356556705,0.0168365204186071,1.43893625971878,1
3529,2206,382865.999754948,1334571665.99975,-2399708.87972966,5383364.15220497,2429460.64097358,22.53699619796,114.025582691967,49.9982799031204,-1.10317602616831,-0.836956383292902,0.107861879339615,1.38893035003988,1
3530,2206,382866.999759623,1334571666.99976,-2399710.66173497,5383364.38521024,2429461.79796403,22.5370026002694,114.025597591908,51.3084236949904,-1.10304290016281,-0.873823597571435,0.150365568681703,1.41523182677512,1
3531,2206,382867.999760296,1334571667.99976,-2399712.31372929,5383363.79518474,2429461.80602768,22.5370022047963,114.025614594947,51.4349976835338,-1.12973345142358,-0.770524178409187,-0.115441954430622,1.37234544689788,1
3532,2206,382868.999762225,1334571668.99976,-2399713.95873934,5383363.39219212,2429462.38600811,22.5370059980665,114.02563079572,51.9359331378704,-1.09663393873004,-0.807691051341886,-0.0336626415903204,1.36238907931294,1
3533,2206,382869.999763569,1334571669.99976,-2399715.49973844,5383362.85717756,2429462.46803897,22.5370062020335,114.025646595522,52.0955260386564,-1.10661218281504,-0.750820268542391,-0.164678267435776,1.34738284484195,1
3534,2206,382870.999764491,1334571670.99976,-2399716.96673813,5383362.30719062,2429462.61500861,22.5370070992417,114.025661797554,52.2395505373662,-1.11219950073416,-0.809245105321508,-0.036419149469553,1.37593303774865,1
3535,2206,382871.999765174,1334571671.99977,-2399718.68273675,5383362.21419106,2429462.90601625,22.5370074022761,114.025677401704,52.9179389507619,-1.12146397206267,-0.813107150367039,-0.0689383421749077,1.38693084673837,1
3536,2206,382872.99976581,1334571672.99977,-2399719.85276163,5383361.55417911,2429462.85301494,22.5370073979026,114.025690402409,52.7808226089771,-1.01791932543063,-0.764718233152339,-0.0638019499200067,1.27476445589543,1
3537,2206,382873.999766737,1334571673.99977,-2399720.56081852,5383360.76915888,2429463.01099391,22.5370101994255,114.025699796147,52.4453880020389,-0.777902953439423,-0.681189639000013,0.0262065448211004,1.03433027232224,1
3538,2206,382874.999768669,1334571674.99977,-2399722.03777931,5383360.69617264,2429463.40100635,22.5370116018026,114.025713198705,53.0887163870646,-0.954385225041595,-0.745847464191699,-0.0271741796224339,1.21156016509996,1
3539,2206,382875.99977272,1334571675.99977,-2399723.31778205,5383360.15816596,2429463.54501622,22.5370126999588,114.025726693003,53.1713938945671,-0.959149562604298,-0.730058429858383,-0.0712490660716213,1.20748897463595,1
3540,2206,382876.999779092,1334571676.99978,-2399724.57577807,5383359.24119349,2429464.17695086,22.5370190967504,114.025741491812,53.1131081809373,-1.00479101973947,-0.875937024265918,0.222776895843864,1.35148074686647,1
3541,2206,382877.999785135,1334571677.99979,-2399725.82080019,5383358.54717455,2429464.61596143,22.5370231978943,114.025755293003,53.1640860374194,-0.930139813038683,-0.812270520353056,0.17968820681639,1.24789074910553,1
3542,2206,382878.999788356,1334571678.99979,-2399727.28676708,5383357.76617729,2429464.85498178,22.5370255945956,114.025771400177,53.1481233449359,-1.10078176429745,-0.837662886822892,0.0861518815657867,1.38593713828138,1
3543,2206,382879.999789315,1334571679.99979,-2399728.73675751,5383357.43217999,2429465.16598665,22.5370272011217,114.025785596319,53.5308372550122,-1.15113771931757,-0.853975187319498,0.063524034522191,1.43472191464235,1
3544,2206,382880.999789345,1334571680.99979,-2399729.88379268,5383356.84716718,2429465.54598042,22.5370306035078,114.025798096067,53.6143064576951,-0.984214952695318,-0.793474050868343,0.0931520825019062,1.26765825559766,1
3545,2206,382881.999789168,1334571681.99979,-2399731.33475677,5383356.16017474,2429465.68599751,22.5370318984201,114.025813697972,53.6340604859086,-1.15390174850018,-0.828719758768706,0.0118513344546674,1.42070621097178,1
3546,2206,382882.999789046,1334571682.99979,-2399732.75574854,5383355.40717635,2429465.84500105,22.5370336025893,114.025829295003,53.5941375002051,-1.19218481847943,-0.835915682955182,-0.00485865739411916,1.45605057500587,1
3547,2206,382883.99978905,1334571683.99979,-2399734.18476466,5383355.00017984,2429466.20797632,22.5370359029036,114.025843593839,53.9273016576963,-1.11579075951918,-0.852232703596528,0.11245191256673,1.40852228691908,1
3548,2206,382884.999788987,1334571684.99979,-2399735.55177834,5383354.65516823,2429466.45198794,22.5370371024045,114.025857096835,54.2438444334495,-1.05064295101799,-0.796959610162434,0.0572637695372962,1.31995241204206,1
3549,2206,382885.999789034,1334571685.99979,-2399736.58979649,5383353.5721539,2429466.45599424,22.5370390967438,114.025870599685,53.7220908854443,-0.96470447524435,-0.729703702525878,0.0272761981439813,1.20990338830075,1
3550,2206,382886.999789654,1334571686.99979,-2399737.9567698,5383352.72217339,2429466.72497534,22.5370421009014,114.025886100945,53.6221926173869,-1.09459118007621,-0.824356230080839,0.117366139237302,1.37530645901675,1
3551,2206,382887.999791795,1334571687.99979,-2399738.93778888,5383351.13318051,2429467.01893172,22.5370481934684,114.025901100337,52.7632886840912,-1.01396653842523,-0.867465919305302,0.327977570076487,1.37411591529809,1
3552,2206,382888.999796499,1334571688.9998,-2399740.35477846,5383350.39717137,2429467.17195638,22.5370497996942,114.025916594597,52.7339036721616,-1.08883415715219,-0.842044157914149,0.214273464810371,1.39302236284293,1
3553,2206,382889.999803083,1334571689.9998,-2399741.93577069,5383349.90115552,2429467.13099508,22.5370487981531,114.025932595133,52.8943029229652,-1.16475686009748,-0.789594262809154,0.0248975065999641,1.40738677300882,1
3554,2206,382890.999808786,1334571690.99981,-2399743.4637776,5383349.46313986,2429466.98402002,22.5370468036991,114.025947895661,53.0430735810814,-1.1632901022425,-0.731257807080848,-0.104739831902238,1.37802477291918,1
3555,2206,382891.999812142,1334571691.99981,-2399744.67680854,5383348.89912974,2429467.05901153,22.5370475027572,114.025960898251,53.0521810292108,-1.01924001009684,-0.690535113916972,-0.0612871751225714,1.23265772198491,1
3556,2206,382892.99981376,1334571692.99981,-2399746.01081037,5383348.50613086,2429467.07500628,22.5370469986584,114.025974298069,53.2284351194764,-1.01839978237007,-0.702482683055049,-0.033682316848373,1.23764071328956,1
3557,2206,382893.999814577,1334571693.99981,-2399747.11278203,5383346.0011547,2429466.94696716,22.537052296717,114.025993996792,51.4805438889049,-1.1755298367183,-0.83524888974628,0.17699335322409,1.45287224212002,1
3558,2206,382894.999815159,1334571694.99982,-2399748.2857802,5383344.3881503,2429466.96596798,22.5370559013355,114.026010795792,50.5681964732908,-1.18911949208727,-0.813583042754196,0.173123784447963,1.45117000336303,1
3559,2206,382895.999815791,1334571695.99982,-2399749.42177997,5383342.41214536,2429466.85196545,22.5370595962972,114.02602870303,49.2847278530874,-1.19440806885198,-0.789750509773597,0.187394608750747,1.44410291946773,1
3560,2206,382896.999816633,1334571696.99982,-2399750.39078303,5383339.25713902,2429466.47996299,22.5370651018395,114.026049793962,46.8449569144858,-1.18312867531807,-0.759488719633645,0.201522812824926,1.4202915270111,1
3561,2206,382897.999817837,1334571697.99982,-2399751.59278044,5383337.32913439,2429466.2519665,22.5370676012691,114.026068097219,45.5831102579353,-1.205315511285,-0.738405807562235,0.183653162389566,1.42539717357708,1
3562,2206,382898.999820334,1334571698.99982,-2399752.72678339,5383335.34913197,2429466.19695893,22.537071803738,114.026086002577,44.31813184806,-1.20559944428129,-0.735177580667984,0.22843118773843,1.43043241808195,1
3563,2206,382899.999821671,1334571699.99982,-2399753.18680692,5383332.08712891,2429466.02092776,22.5370799993204,114.0261029979,41.671805376852,-1.08235921916466,-0.724230187769691,0.404833402088322,1.3637818475233,1
3564,2206,382900.99982358,1334571700.99982,-2399754.05281315,5383329.73512214,2429465.98292779,22.5370858973174,114.026119996161,39.9987382020284,-1.05903932201438,-0.693185619505164,0.409048348644557,1.33018462635466,1
3565,2206,382901.99982434,1334571701.99982,-2399755.04183622,5383328.64310161,2429466.05994542,22.5370885981223,114.0261330997,39.4789518460899,-0.932385519048513,-0.578687623947229,0.31054914496897,1.1404660861604,1
3566,2206,382902.999828607,1334571702.99983,-2399756.09686814,5383328.10409026,2429466.53794141,22.5370928021219,114.026144600531,39.604199562966,-0.769462726688752,-0.52662943049635,0.341931915007287,0.993140916148736,1
3567,2206,382903.999829345,1334571703.99983,-2399756.59591094,5383327.17806765,2429466.75094795,22.5370968028891,114.02615269661,39.0923110030252,-0.521815923840057,-0.396652716626841,0.304955410549623,0.722926717174013,1
3568,2206,382904.999831237,1334571704.99983,-2399756.76694158,5383325.61704394,2429466.5949631,22.5371001956737,114.026160393641,37.7799508519548,-0.346023731714375,-0.260975975790286,0.218422950042543,0.485334387772514,1
3569,2206,382905.999833165,1334571705.99983,-2399756.60798299,5383324.14600984,2429466.32299271,22.5371028016072,114.026164804581,36.3749558513435,-0.101754214452234,-0.0596753585408941,0.0434886123922019,0.125723219747088,1
3570,2206,382906.999835098,1334571706.99984,-2399756.2139969,5383322.65699998,2429466.0279948,22.5371056035088,114.026167199901,34.857585900051,-0.0185549421956794,-0.000605706262538898,0.0313528671012981,0.0364370009116165,1
3571,2206,382907.999837008,1334571707.99984,-2399755.92599518,5383321.27799644,2429465.67200011,22.5371073995413,114.026170100838,33.4494956968154,-0.0294437991185358,0.0211670841170912,-0.000866845353469273,0.0362730502910843,1
3572,2206,382908.999838925,1334571708.99984,-2399755.49799567,5383319.86399347,2429465.20800044,22.5371086026704,114.026171897285,31.9178358075965,-0.0266900377953425,0.0398129161451826,-0.00297843036600244,0.0480239258801826,1
3573,2206,382909.999840844,1334571709.99984,-2399755.11299396,5383318.56999235,2429464.7960002,22.537109799558,114.026173600541,30.5235105949801,-0.0377285191864463,0.0474132894193461,-0.00147853273434138,0.0606106198005865,1
3574,2206,382910.999842768,1334571710.99984,-2399755.18596695,5383317.14100165,2429464.02700119,22.5371078001834,114.026179904365,29.050702115303,-0.210133211324821,-0.0111912275605231,-0.0079080710395384,0.210579551864752,1
3575,2206,382911.999844669,1334571711.99984,-2399755.55290393,5383315.84204282,2429463.85997022,22.5371099963058,114.026188303589,28.028861132639,-0.618443549514791,-0.276215956585605,0.191573050748657,0.703894816277334,1
3576,2206,382912.999846163,1334571712.99985,-2399755.9448814,5383314.19506535,2429463.92594025,22.5371152007136,114.026198302597,26.8121509355286,-0.770780924840773,-0.425395117778068,0.388254063628348,0.962187849773494,1
3577,2206,382913.999848522,1334571713.99985,-2399756.31988548,5383312.51105824,2429463.87794925,22.5371195955897,114.026208297468,25.5141402516214,-0.755859904132718,-0.385072163282899,0.334851553844138,0.911992504751397,1
3578,2206,382914.999849225,1334571714.99985,-2399756.93989825,5383311.72804543,2429464.16596491,22.5371235994241,114.026216901616,25.1971385642287,-0.67481590136372,-0.301483087071881,0.232711959910151,0.774869930252133,1
3579,2206,382915.999849891,1334571715.99985,-2399757.7018977,5383311.01204153,2429464.53897259,22.5371279002246,114.026226501223,25.0226377874782,-0.681554390232315,-0.276853501134189,0.182659096989722,0.757976644526929,1
3580,2206,382916.999852744,1334571716.99985,-2399758.72585391,5383309.99906692,2429464.83095809,22.5371320948954,114.026239602109,24.6650679874571,-0.992157751598074,-0.454704791321824,0.284591119104351,1.12788543584011,1
3581,2206,382917.999858306,1334571717.99986,-2399759.52387379,5383309.31406975,2429465.3659356,22.5371375978529,114.026249398814,24.592351164193,-0.89069517676384,-0.492314579775286,0.454550118162534,1.11459739515722,1
3582,2206,382918.999860557,1334571718.99986,-2399760.16988277,5383308.21007952,2429465.90790298,22.5371446978847,114.02625950421,24.1116828116119,-0.840584925623764,-0.570478648816935,0.695735251928742,1.23129056145097,1
3583,2206,382919.999861215,1334571719.99986,-2399761.06986487,5383307.04708309,2429466.3269125,22.5371506009921,114.026272098142,23.6296186221507,-0.973669915486191,-0.598941201477988,0.63040778812061,1.30544155230095,1
3584,2206,382920.999862129,1334571720.99986,-2399762.01084322,5383305.59608683,2429466.57092328,22.5371558971658,114.026286195978,22.8529393675528,-1.13712615449046,-0.630149422370671,0.556344665783723,1.41409461242392,1
3585,2206,382921.999864038,1334571721.99986,-2399763.21083551,5383304.57408584,2429466.8539335,22.5371597974336,114.026300895601,22.5505167739044,-1.20984202161924,-0.631504956318113,0.489012034457227,1.44970652098074,1
3586,2206,382922.999865951,1334571722.99987,-2399764.17183806,5383303.34307099,2429466.95796079,22.5371632024048,114.02631430055,21.9132931097828,-1.2079812518059,-0.529813093108248,0.292399052393786,1.35108024342904,1
3587,2206,382923.999867874,1334571723.99987,-2399764.93285297,5383302.34705956,2429467.15196982,22.5371668968021,114.026324999699,21.4336007681845,-1.11267895994004,-0.45096927833194,0.22835744835406,1.22211901307167,1
3588,2206,382924.999869787,1334571724.99987,-2399765.87883901,5383301.13505494,2429466.91299095,22.5371674019291,114.026338196083,20.675299369715,-1.23626394285523,-0.422241520925006,0.0693929756756525,1.30822468386365,1
3589,2206,382925.999871702,1334571725.99987,-2399766.94383671,5383300.31506131,2429467.0339798,22.5371695024601,114.026350897573,20.4304263585354,-1.27263072051796,-0.477967616311325,0.157414868635174,1.36851066269716,1
3590,2206,382926.999873615,1334571726.99987,-2399768.03282729,5383299.24606856,2429467.30397476,22.5371735991502,114.026364797634,20.0416307764994,-1.36642771792033,-0.542691670112804,0.199745204086925,1.48375776448398,1
3591,2206,382927.999874372,1334571727.99987,-2399769.2498233,5383298.33806891,2429467.3689798,22.5371752967461,114.026379197025,19.7582192638194,-1.4064644102477,-0.548643085334156,0.160737574496649,1.51821867339111,1
3592,2206,382928.999878641,1334571728.99988,-2399770.16083681,5383297.27406966,2429467.59996571,22.5371793030988,114.026391497096,19.2917547917979,-1.34456052674409,-0.574177187501556,0.282573780785797,1.48908374321699,1
3593,2206,382929.999879391,1334571729.99988,-2399771.27784558,5383296.47006326,2429467.67597268,22.5371809046101,114.026404597112,19.0626885449392,-1.28030527043563,-0.524559427488192,0.226431978480472,1.40200414384216,1
3594,2206,382930.999881293,1334571730.99988,-2399772.3508606,5383295.3640605,2429467.58096622,22.5371820964451,114.026418501825,18.4967658008878,-1.17424173566617,-0.509826263616515,0.284417436268309,1.31135797969392,1
3595,2206,382931.999883199,1334571731.99988,-2399773.4778547,5383294.25606162,2429467.41196922,22.5371826013872,114.026432893712,17.9210997108418,-1.24399516868197,-0.527791915730029,0.263348651036856,1.37675008553368,1
3596,2206,382932.999884109,1334571732.99988,-2399774.77284697,5383293.42106346,2429467.55397423,22.5371846005165,114.026447696687,17.7581186615074,-1.32050883386985,-0.547665331720029,0.222342006436927,1.44676081773136,1
3597,2206,382933.999884799,1334571733.99988,-2399776.12483969,5383292.66307159,2429467.87796637,22.5371877937768,114.026462700968,17.751289306992,-1.39155361572502,-0.621500949748766,0.291962953059166,1.55174974204445,1
3598,2206,382934.999887241,1334571734.99989,-2399777.29385084,5383291.92606446,2429467.88097274,22.5371885013191,114.026475997527,17.5703219152468,-1.32277901802478,-0.571673204127824,0.241649626390999,1.4611465103744,1
3599,2206,382935.999892618,1334571735.99989,-2399778.66685947,5383291.14005979,2429467.77897661,22.5371882004788,114.026491299282,17.3844908160177,-1.30873234475076,-0.556916707544603,0.21775389032055,1.43887224105856,1
3600,2206,382936.999895047,1334571736.9999,-2399780.04485097,5383290.34005828,2429467.62398896,22.5371874948769,114.02650670068,17.168415423445,-1.41997879713984,-0.55534039638915,0.105094628379482,1.52832837476198,1
3601,2206,382937.99989573,1334571737.9999,-2399781.44985365,5383289.72705636,2429467.66599235,22.5371878030908,114.026521601755,17.1957554766201,-1.40353616007144,-0.540538149122505,0.0733999748241927,1.50581632332402,1
3602,2206,382938.999896634,1334571738.9999,-2399782.74085985,5383288.98505498,2429467.68598955,22.5371884962103,114.026536001259,17.0629666160611,-1.35587893264522,-0.531990459829115,0.101090618260181,1.46001398707018,1
3603,2206,382939.999898535,1334571739.9999,-2399784.19086146,5383288.32305956,2429467.89597917,22.5371902970112,114.026551495791,17.1302850604996,-1.36537765541324,-0.586980404370048,0.205303290070464,1.50031715911334,1
3604,2206,382940.999900448,1334571740.9999,-2399785.39186312,5383287.37805603,2429467.704984,22.5371899988919,114.026565899653,16.7115259584589,-1.3749001016564,-0.562981182708016,0.160638098907332,1.49435695214988,1
3605,2206,382941.99990237,1334571741.9999,-2399786.51486662,5383286.63905423,2429467.97498427,22.5371930044828,114.026578795619,16.6139104635735,-1.36609511821731,-0.555504467629255,0.161147148465883,1.48349906944086,1
3606,2206,382942.999904264,1334571742.9999,-2399788.02887155,5383286.14304951,2429468.16199157,22.53719399865,114.026594201427,16.8365212517328,-1.34176199505024,-0.517169459353989,0.0880901664609339,1.44067670852166,1
3607,2206,382943.99990619,1334571743.99991,-2399789.3748761,5383285.8290354,2429467.82702113,22.5371903005897,114.02660739526,16.9494159675907,-1.32078150164064,-0.377344355670528,-0.2253224444495,1.39198518016723,1
3608,2206,382944.999908126,1334571744.99991,-2399790.41790453,5383285.64002164,2429467.47602639,22.5371865006835,114.02661740426,17.0476808030407,-1.03908525219773,-0.235480463136592,-0.287270027165085,1.10348234166264,1
3609,2206,382945.999910027,1334571745.99991,-2399790.86994916,5383285.54400129,2429467.10802804,22.5371830978231,114.026621797941,16.9956289952339,-0.564984544635407,-0.0143330027451242,-0.31165600258463,0.645400987442381,1
3610,2206,382946.99991194,1334571746.99991,-2399791.49497871,5383285.68299551,2429466.53501216,22.5371769982463,114.026626797325,17.1283106939311,-0.241836808330223,0.051021228003048,-0.138177818605443,0.283163057486047,1
3611,2206,382947.999913842,1334571747.99991,-2399792.35198922,5383286.1149985,2429466.50799901,22.5371741995085,114.026632696683,17.8046897016919,-0.125248703634489,0.0175712705224899,0.0114480708388673,0.126992305419763,1
3612,2206,382948.999915763,1334571748.99992,-2399792.94600171,5383286.56299433,2429466.84999868,22.5371747986673,114.026636197625,18.5370918287203,0.020108337899067,0.0674289274548474,0.0157044436304852,0.0720946257394906,1
3613,2206,382949.999917674,1334571749.99992,-2399794.00998194,5383287.02800502,2429467.20599867,22.5371747985052,114.026643803981,19.4659531775432,-0.21956424324174,-0.0608593917635699,0.0161967225043106,0.228417723252884,1
3614,2206,382950.999919605,1334571750.99992,-2399794.7729654,5383287.04701343,2429467.12599934,22.5371729959262,114.026650503141,19.7382592690216,-0.43043330609355,-0.167032168668759,0.00823133061915444,0.461779526580136,1
3615,2206,382951.999921512,1334571751.99992,-2399795.25297507,5383286.81102062,2429467.60997539,22.5371771022048,114.026655699135,19.90519028148,-0.317619125569504,-0.262685196018918,0.313672773115921,0.517953694580187,1
3616,2206,382952.999923425,1334571752.99992,-2399795.51699413,5383286.62003027,2429468.66093893,22.5371860996712,114.026658799264,20.2461752827035,-0.0767323336955016,-0.395250905995554,0.797667385822792,0.893523580063801,1
3617,2206,382953.99992533,1334571753.99993,-2399795.51401369,5383286.51203034,2429469.98592327,22.5371974965736,114.026659200272,20.6617893273913,0.183339135449111,-0.406321394534737,1.02773510644818,1.12024540314608,1
3618,2206,382954.999927245,1334571754.99993,-2399795.26802535,5383286.28802917,2429471.48991546,22.5372110956968,114.026657902794,20.9567679919463,0.348457003965037,-0.400952475041094,1.16213390752563,1.27778730228261,1
3619,2206,382955.999929123,1334571755.99993,-2399796.83595643,5383286.648044,2429472.21495899,22.5372137953301,114.026670399216,22.1280223376177,-0.614938714846442,-0.620588325778427,0.57866821487272,1.04792003321506,1
3620,2206,382956.999931132,1334571756.99993,-2399797.57496323,5383286.31005013,2429473.41094009,22.5372237976763,114.026678298526,22.5792055412238,-0.53390234241036,-0.727879349987602,0.870052113142357,1.2537347163388,1
3621,2206,382957.999933135,1334571757.99993,-2399797.71599978,5383286.34803907,2429474.79193094,22.5372349972347,114.026679400401,23.1936036160979,-0.00328479748259547,-0.584229339992171,1.03293052179974,1.18670981055508,1
3622,2206,382958.999935007,1334571758.99993,-2399797.58901377,5383286.1380336,2429476.02192879,22.5372460991013,114.02667910413,23.4401252884574,0.211898169010758,-0.516970724023727,1.09563639783258,1.2298693750896,1
3623,2206,382959.999936909,1334571759.99994,-2399797.11903107,5383286.17202536,2429477.39393064,22.5372580974031,114.026674796696,23.8179221717939,0.492402025359493,-0.401905567131511,1.09946180406388,1.26996224277135,1
3624,2206,382960.999938806,1334571760.99994,-2399797.08802373,5383286.53102543,2429478.51994004,22.5372663978826,114.026673100443,24.5406966262822,0.387712438120924,-0.415401617543421,0.979815064425831,1.13265925988673,1
3625,2206,382961.999940752,1334571761.99994,-2399797.179015,5383286.68602783,2429479.48094503,22.5372737950794,114.02667329483,25.0740141445414,0.253119422551317,-0.46965755227347,0.927850791945647,1.07030591449099,1
3626,2206,382962.999942641,1334571762.99994,-2399797.2590133,5383286.94003097,2429480.87394151,22.5372844978986,114.026672999761,25.8522906797928,0.231866233318403,-0.539757612316006,1.01975633980676,1.17686159882223,1
3627,2206,382963.999944533,1334571763.99994,-2399797.05801631,5383287.04402773,2429482.22194654,22.537295695666,114.026670803519,26.3811039722417,0.294024443129417,-0.499770165639609,0.963799471576023,1.12477998427747,1
3628,2206,382964.999946455,1334571764.99995,-2399796.57402533,5383287.14602513,2429483.73794412,22.5373086997361,114.026666102538,26.8661951933685,0.473160006565656,-0.469265023131642,1.04367219402067,1.23828175401234,1
3629,2206,382965.999948352,1334571765.99995,-2399797.25700782,5383287.56802883,2429485.00795499,22.5373169959025,114.026670496302,27.9658220853727,0.151180972386536,-0.558079357764292,0.871545639278128,1.04589677182744,1
3630,2206,382966.999949262,1334571766.99995,-2399797.10701509,5383287.68502514,2429486.26195659,22.5373272966379,114.026668701465,28.4887534375894,0.297490050741861,-0.495290313458164,0.855562408313425,1.03237583244425,1
3631,2206,382967.999949954,1334571767.99995,-2399797.27700995,5383287.83802453,2429487.3079634,22.5373352977924,114.026669605239,29.0826726632174,0.198680837188782,-0.489971423477804,0.731305839530047,0.90241581425729,1
3632,2206,382968.999952393,1334571768.99995,-2399797.73800996,5383288.51902047,2429488.31597336,22.537340902769,114.026671002953,30.2168852190045,0.209031887082985,-0.429713474887685,0.559646901667458,0.735902612349969,1
3633,2206,382969.999957775,1334571769.99996,-2399797.59500932,5383288.7810211,2429489.86497062,22.5373531957036,114.026668696262,30.9778402133914,0.220620994072262,-0.499669687997444,0.695938316583334,0.884688397469833,1
3634,2206,382970.999960216,1334571770.99996,-2399797.47200773,5383288.85901841,2429491.10897722,22.5373634983159,114.026667295436,31.4741921497198,0.19421305581574,-0.462590957619949,0.572565826048017,0.761275725528588,1
3635,2206,382971.999960893,1334571771.99996,-2399797.36500672,5383288.94501998,2429492.34697492,22.5373737029554,114.026666004994,31.9810108783561,0.171953937209136,-0.51089075723506,0.64138041809499,0.837822393509293,1
3636,2206,382972.999961782,1334571772.99996,-2399797.41800775,5383288.86302303,2429493.83496713,22.5373862983218,114.026666800129,32.502096662601,0.202873017060368,-0.602465636710326,0.860226654681305,1.06963180669431,1
3637,2206,382973.999963668,1334571773.99996,-2399797.78400819,5383288.8760239,2429495.41296457,22.5373989029728,114.026669998322,33.2555296024955,0.225243875840645,-0.657689830091005,0.975137663402699,1.19757428946823,1
3638,2206,382974.999964425,1334571774.99996,-2399797.52201218,5383288.71602269,2429497.08196297,22.5374136985557,114.026668305401,33.6617287926603,0.342386778710184,-0.637798012467634,1.04087121240573,1.26784379627704,1
3639,2206,382975.9999653,1334571775.99997,-2399796.92902193,5383288.77801748,2429498.50396427,22.5374261986803,114.02666279497,34.0360581729503,0.631895511776051,-0.503689053278053,1.02972964229928,1.30894527632925,1
3640,2206,382976.999970906,1334571776.99997,-2399796.87701476,5383288.81201697,2429500.16296911,22.5374400016801,114.026662198635,34.6810569793419,0.507385682794636,-0.583210635455914,1.06178630117212,1.31337923912731,1
3641,2206,382977.999973945,1334571777.99997,-2399796.81601121,5383288.62501605,2429501.83197243,22.5374545994,114.026662397156,35.1400687451637,0.430064657103397,-0.616049914853669,1.05808078748353,1.29769336120766,1
3642,2206,382978.999973244,1334571778.99997,-2399796.29701416,5383288.419016,2429503.7279703,22.537471795899,114.026658604435,35.4978214426175,0.529286586139723,-0.597791533111911,1.10999450107736,1.36732834379666,1
3643,2206,382979.999973711,1334571779.99997,-2399795.40602315,5383288.36701158,2429505.59597079,22.537488796291,114.026650899322,35.8348603811796,0.880725202765033,-0.440535513681596,1.11129165578601,1.48482913691098,1
3644,2206,382980.99997407,1334571780.99997,-2399794.62002103,5383287.31201413,2429507.97696612,22.5375130982127,114.026648096287,35.5618805627834,0.811141541930414,-0.544998815423722,1.3065994728651,1.6316177531364,1
3645,2206,382981.999974978,1334571781.99997,-2399794.16601868,5383287.12701463,2429509.91696671,22.5375305037335,114.026644797519,35.9786594318066,0.746657876196955,-0.584495617612206,1.33052897480554,1.63384223959717,1
3646,2206,382982.999978121,1334571782.99998,-2399793.85001361,5383286.79701345,2429511.8599721,22.5375481982349,114.026643297928,36.3261630024279,0.62221303901218,-0.614815530114532,1.27510355190478,1.5462976007441,1
3647,2206,382983.999983982,1334571783.99998,-2399793.40001012,5383286.59501028,2429513.58997848,22.5375639003824,114.026640101966,36.6496140986261,0.631963381825302,-0.641530764880759,1.3434059175829,1.61730606183657,1
3648,2206,382984.999988329,1334571784.99999,-2399792.86400781,5383286.20100632,2429514.94498614,22.5375772029698,114.026636902384,36.6350192916516,0.66933870461872,-0.541179324706266,1.18780292993622,1.46688962207634,1
3649,2206,382985.999989971,1334571785.99999,-2399792.37700686,5383286.04400569,2429516.68498736,22.53759289835,114.026633199804,36.9863529764284,0.684404550416598,-0.567602965207219,1.26079157527287,1.54278258708803,1
3650,2206,382986.999990654,1334571786.99999,-2399792.08400616,5383285.91700514,2429518.69798875,22.5376105024852,114.026631100976,37.5405902624135,0.659197597739932,-0.550375783544957,1.20338336707846,1.47837292458294,1
3651,2206,382987.999991339,1334571787.99999,-2399791.72700513,5383285.69700485,2429520.30399,22.5376250961724,114.026628801998,37.8363059935145,0.59209806896322,-0.559487567814837,1.15494949491701,1.41333463752163,1
3652,2206,382988.999992448,1334571788.99999,-2399791.25000453,5383285.33500366,2429521.48899228,22.5376367964824,114.026625999612,37.8057375095447,0.600488051736532,-0.48497222078295,1.02260840107819,1.281215008172,1
3653,2206,382989.99999435,1334571789.99999,-2399791.11100201,5383284.79700336,2429522.94099418,22.537650803799,114.026626894867,37.8561439686825,0.355668249774713,-0.59401741942729,1.03023252525641,1.24126373288558,1
3654,2206,382990.999995992,1334571791.0,-2399790.17200251,5383284.20500196,2429524.42799558,22.5376664011679,114.026620900823,37.5735592931831,0.625243530909328,-0.488902285802395,1.10247833800693,1.358459938232,1
3655,2206,382991.999997388,1334571792.0,-2399789.99400117,5383284.08300143,2429525.89799727,22.5376792984582,114.026619803263,37.9671375257887,0.448017190108783,-0.548189685352086,1.04606421648566,1.26312377808794,1
3656,2206,382992.999998585,1334571793.0,-2399789.49900128,5383285.1960004,2429527.48299886,22.5376896974049,114.026611002932,39.3274294766183,0.905258431179983,-0.279546744023554,0.804286238164685,1.24278540473314,1
3657,2206,382993.999999621,1334571794.0,-2399789.24600022,5383284.72900021,2429529.22999959,22.5377061013951,114.02661060499,39.5079327578348,0.580595363858511,-0.548410817545705,1.08529083601681,1.34747972158293,1
3658,2206,382995.000000526,1334571795.0,-2399789.3189997,5383284.74299971,2429530.85400055,22.5377194994567,114.026611197729,40.1696610003696,0.574638286918447,-0.547327049290499,1.05097949637452,1.31694113819763,1
3659,2206,382996.000001327,1334571796.0,-2399789.40499932,5383285.16299923,2429532.89800135,22.5377350987517,114.026610298925,41.339762974915,0.513537737422049,-0.582198656943263,1.01560215704946,1.27832860615204,1
3660,2206,382997.000002045,1334571797.0,-2399789.93099979,5383284.87699864,2429533.9220016,22.5377438024217,114.026616101201,41.6887939482703,0.101774354218729,-0.663033072693121,0.781702866847105,1.03006322461221,1
3661,2206,382998.000002705,1334571798.0,-2399790.5890002,5383284.8109983,2429535.06300143,22.5377526004181,114.026622204708,42.3179030691296,-0.073730151497133,-0.627908363620869,0.526949262587481,0.823031332141321,1
3662,2206,382999.000003334,1334571799.0,-2399790.50699969,5383283.69299789,2429536.65200252,22.5377695036333,114.026625901747,41.9529713855013,0.0943413032841183,-0.634052860614688,0.754965098044455,0.990401742135124,1
3663,2206,383000.000003965,1334571800.0,-2399790.09299739,5383283.57299902,2429537.44700194,22.5377770972315,114.026622700852,42.0007657523455,0.65787336017043,-0.24775113505365,0.488955375310301,0.856303300231373,1
3664,2206,383001.000004639,1334571801.0,-2399789.54699739,5383283.257998,2429538.72200377,22.5377894968425,114.0266190998,42.0183980099209,0.562714537968006,-0.432157148301439,0.811905589041795,1.07823844189765,1
3665,2206,383002.00000541,1334571802.00001,-2399789.05399676,5383283.13699776,2429539.93600444,22.5378006996693,114.026615201455,42.196239635246,0.599731073273622,-0.414536027230404,0.819910947246079,1.09716518334108,1
3666,2206,383003.000006349,1334571803.00001,-2399789.1719972,5383283.07499682,2429541.32300542,22.537812297833,114.026616494565,42.7199391540611,0.440187631127386,-0.50117916704618,0.854077641192971,1.08369475649945,1
3667,2206,383004.000007547,1334571804.00001,-2399789.33399731,5383283.08299669,2429542.38500481,22.5378209019738,114.026617901273,43.1946674607615,0.356204357359797,-0.437984094182684,0.637824799399227,0.851781712463819,1
3668,2206,383005.000009119,1334571805.00001,-2399788.86799536,5383283.12399569,2429544.06000784,22.5378353996569,114.026613601442,43.6960248007451,0.508336587589065,-0.47230826524417,0.860022112383686,1.10504263152539,1
3669,2206,383006.000011197,1334571806.00001,-2399788.70499258,5383282.98599561,2429545.46700938,22.5378478009068,114.026612700379,44.0576028975026,0.662958267077901,-0.391880345076942,0.837292007022737,1.1376035222206,1
3670,2206,383007.000013921,1334571807.00001,-2399788.79599335,5383282.63499425,2429546.38001,22.5378563972919,114.026614897643,44.1456676332926,0.477683719514406,-0.413372499328853,0.718599243947803,0.956788081286998,1
3671,2206,383008.000017411,1334571808.00002,-2399788.86999353,5383283.00299408,2429547.13200776,22.5378614017503,114.026614098115,44.7721772905266,0.371756158954097,-0.340216073693467,0.445932703434115,0.672908310627652,1
3672,2206,383009.000021728,1334571809.00002,-2399788.73599387,5383283.68699346,2429547.8960055,22.537865800438,114.026610201047,45.5916424182074,0.281979338293567,-0.300939471145757,0.253006318643416,0.483827562041953,1
3673,2206,383010.000026817,1334571810.00003,-2399788.43699069,5383283.6729886,2429548.75101591,22.5378733974071,114.026607601679,45.7951037736188,0.347201290538976,-0.425175198958002,0.593342217985756,0.808317804829984,1
3674,2206,383011.000032481,1334571811.00003,-2399788.4029867,5383284.05098571,2429550.12402146,22.5378837020524,114.02660580363,46.6274594541433,0.409567372095269,-0.439776180587635,0.660695019038678,0.893121732732886,1
3675,2206,383012.000038388,1334571812.00004,-2399788.19297989,5383284.38898025,2429551.83503496,22.5378972003895,114.026602601214,47.4894373405112,0.52382573208514,-0.51442252362881,0.910808131455302,1.16986981443931,1
3676,2206,383013.000044145,1334571813.00004,-2399787.91397814,5383284.2439747,2429553.37604465,22.537910904961,114.026600697943,47.8528486597364,0.495144300869597,-0.573059480351413,1.01143454080497,1.26355248289798,1
3677,2206,383014.000049391,1334571814.00005,-2399787.73497837,5383283.53796871,2429554.75605491,22.5379248992942,114.026601903043,47.7188973704958,0.437848515625255,-0.633506809011154,1.11181275426269,1.35246804037653,1
3678,2206,383015.000053886,1334571815.00005,-2399787.48198004,5383283.0469666,2429555.96605573,22.5379369002246,114.026601600125,47.6733316821426,0.370393469551201,-0.619789496815943,1.03415010809989,1.26126792900341,1
3679,2206,383016.00005754,1334571816.00006,-2399787.56097865,5383283.04596609,2429557.11805493,22.5379464004294,114.0266023055,48.1437519078652,0.371047864978814,-0.58927251900158,0.954707444993206,1.18168732128311,1
3680,2206,383017.000060386,1334571817.00006,-2399787.57497612,5383283.12996484,2429558.37505724,22.5379565993137,114.02660209731,48.7016802639036,0.395370076512045,-0.581827192764867,0.947990228835878,1.18047696021993,1
3681,2206,383018.000062537,1334571818.00006,-2399787.47996764,5383284.78496427,2429560.17306035,22.5379664975735,114.026594703171,50.7512743592655,0.517490528610839,-0.571168461140199,0.965100741914966,1.23509080647862,1
3682,2206,383019.000064136,1334571819.00006,-2399787.13196232,5383285.29296682,2429561.86605682,22.5379795026388,114.026589602589,51.6978710372583,0.58741171274875,-0.517223558868241,0.885965188089122,1.18216202131034,1
3683,2206,383020.000065321,1334571820.00007,-2399787.07996701,5383285.4049621,2429563.23006111,22.5379905984708,114.026588697649,52.2956138263936,0.504993646541614,-0.580137864802452,0.935579487594991,1.21115131293883,1
3684,2206,383021.000066215,1334571821.00007,-2399786.77296724,5383285.44896148,2429564.5260613,22.5380017014424,114.026585797697,52.7140318919634,0.494739165599211,-0.581725934527692,0.925862602387175,1.20016393187726,1
3685,2206,383022.000066917,1334571822.00007,-2399786.31096707,5383285.04296032,2429565.57706416,22.5380124020507,114.026583302646,52.6006334043377,0.49208848280234,-0.592661782853174,0.958821014843004,1.22993365766857,1
3686,2206,383023.000067504,1334571823.00007,-2399786.02697272,5383285.74596302,2429566.63405059,22.5380193957229,114.026577998587,53.4920251480912,0.404156319969012,-0.547758021546309,0.749643382696381,1.01259388817022,1
3687,2206,383024.000068034,1334571824.00007,-2399785.50596965,5383285.63895933,2429568.19706181,22.5380335046925,114.026573796212,53.804923357787,0.446058319652082,-0.597661500996146,0.908544878501296,1.17542379189582,1
3688,2206,383025.000068549,1334571825.00007,-2399785.12595511,5383285.77096444,2429569.40506346,22.538043698378,114.026569899643,54.2363962408894,0.65483777100358,-0.518811117363923,0.925778121043916,1.24701347676637,1
3689,2206,383026.000069082,1334571826.00007,-2399784.74795563,5383284.99895663,2429570.10408062,22.5380525019197,114.02656959909,53.7109102857424,0.642203997120233,-0.62752035262157,1.16707619720797,1.47250623664585,1
3690,2206,383027.000069661,1334571827.00007,-2399784.45895947,5383285.46195374,2429571.3570809,22.5380618962548,114.026565200576,54.4730846863374,0.581726728622075,-0.663993016470637,1.16134966868272,1.45877543359647,1
3691,2206,383028.000070306,1334571828.00007,-2399784.18895981,5383285.33595491,2429572.47507743,22.5380719998472,114.026563302002,54.6937801044352,0.57161447029337,-0.641260623502934,1.10138825768502,1.39678716491475,1
3692,2206,383029.000071036,1334571829.00007,-2399783.85396077,5383285.16695472,2429573.72107642,22.5380833986021,114.02656099651,54.902818951762,0.552263890896981,-0.637455689381659,1.07581737536103,1.36701433285918,1
3693,2206,383030.000071871,1334571830.00007,-2399783.49495737,5383284.23395501,2429574.74608048,22.538095403256,114.026561501833,54.3736147733502,0.593052519108271,-0.625967285435911,1.11981477238599,1.41334053126292,1
3694,2206,383031.000072834,1334571831.00007,-2399783.51797251,5383283.67895246,2429575.90607134,22.5381068004074,114.026563902908,54.3586921638487,0.377428732989281,-0.652762403300341,0.979578172427864,1.23617336953416,1
3695,2206,383032.000071627,1334571832.00007,-2399783.06597351,5383282.56495378,2429577.17007092,22.5381215016948,114.026564298941,53.7334322866543,0.369757434222469,-0.645182953267907,0.990154822814295,1.23830051945911,1
3696,2206,383033.000070204,1334571833.00007,-2399782.76997398,5383282.25395681,2429578.54906567,22.5381344036583,114.026562901749,53.8883272188529,0.370722192813805,-0.615015525334316,0.935530034264438,1.17936232162035,1
3697,2206,383034.000069586,1334571834.00007,-2399782.12595846,5383282.32495962,2429580.38507554,22.5381504002024,114.026556902603,54.4097742772737,0.597028212854394,-0.580202655721719,1.08564744504265,1.36810386432401,1
3698,2206,383035.000072945,1334571835.00007,-2399781.49495283,5383282.12296601,2429581.60506555,22.5381621034924,114.026552099502,54.4696953601603,0.646633422756066,-0.465830401444847,0.898684580712688,1.2011522476132,1
3699,2206,383036.000081495,1334571836.00008,-2399781.24595127,5383282.17096138,2429582.86407049,22.5381728035161,114.026549698688,54.8991190278066,0.598059625937628,-0.473845122221333,0.86504974754524,1.15347977084892,1
3700,2206,383037.000088501,1334571837.00009,-2399779.87192701,5383281.71596542,2429584.07808142,22.5381863039143,114.026539299833,54.4638948790051,0.824911751563575,-0.39091884735126,0.920064660672069,1.29607712845329,1
3701,2206,383038.00009149,1334571838.00009,-2399778.22392413,5383280.7219588,2429585.48509876,22.5382035042482,114.026528601788,53.5449087728131,0.829356838248648,-0.45031945616504,1.0794803517869,1.43384037034969,1
3702,2206,383039.000092573,1334571839.00009,-2399777.10192204,5383280.30296406,2429586.71909016,22.5382167023091,114.026520298098,53.2424909070365,0.842077320002126,-0.388154287680583,0.973937764741312,1.34473519084468,1
3703,2206,383040.000093138,1334571840.00009,-2399776.27291341,5383280.36296798,2429587.5850894,22.5382249038752,114.026512699954,53.3132885185464,0.929803413151945,-0.343592666319669,0.960041104775505,1.3799526188664,1
3704,2206,383041.000093716,1334571841.00009,-2399775.09292225,5383280.87496023,2429589.07809709,22.5382374007774,114.026500196497,53.8737241719623,0.82958834069257,-0.42432515431938,1.03602058120477,1.39341569399841,1
3705,2206,383042.00009454,1334571842.00009,-2399774.55093777,5383280.69395324,2429590.09309908,22.5382472025415,114.026496100728,53.9062574884418,0.657987060924419,-0.494797272807407,1.04781948442345,1.33255280775623,1
3706,2206,383043.000095804,1334571843.0001,-2399774.67395686,5383279.7069543,2429590.44708368,22.5382531019162,114.026501099581,53.2555717608138,0.450241582942303,-0.476884371166248,0.87353850998194,1.09233956025335,1
3707,2206,383044.00009771,1334571844.0001,-2399774.25095656,5383279.56595559,2429591.50908076,22.5382630014801,114.026497901901,53.3846149228233,0.444469735416321,-0.454386087664687,0.826544303853224,1.04268669723771,1
3708,2206,383045.000099047,1334571845.0001,-2399774.11094696,5383279.68296103,2429592.32107664,22.5382696014108,114.026496195663,53.7419066029238,0.53526094984365,-0.393222042192552,0.773878151347664,1.01981138061255,1
3709,2206,383046.000099983,1334571846.0001,-2399774.38096784,5383280.03496225,2429593.36305258,22.5382767987314,114.026497199904,54.5397886946181,0.321664704281094,-0.377486106673703,0.526094785065511,0.723007375885641,1
3710,2206,383047.000100688,1334571847.0001,-2399773.99696944,5383279.90596238,2429594.44905111,22.5382868055797,114.026494301024,54.7028214324108,0.303512857237086,-0.373400149746463,0.507705153659569,0.699508577067778,1
3711,2206,383048.000101328,1334571848.0001,-2399773.6169435,5383280.34297758,2429595.24504034,22.5382925985754,114.026489197104,55.2336768214501,0.557669769454275,-0.221128355942243,0.398383061554312,0.720140531631355,1
3712,2206,383049.000102162,1334571849.0001,-2399772.75194345,5383280.69997405,2429596.553047,22.5383035985388,114.026480103885,55.7109053423273,0.553707716751086,-0.254095118781719,0.460314272798268,0.763574354414942,1
3713,2206,383050.000103669,1334571850.0001,-2399771.54393605,5383280.13897627,2429597.73105172,22.5383168997748,114.02647159861,55.2348941441828,0.617006580142878,-0.22870653152859,0.499195943536556,0.825954228481699,1
3714,2206,383051.000106586,1334571851.00011,-2399770.4379409,5383280.46197781,2429599.0570399,22.5383284968193,114.026460500181,55.5997088300655,0.554531370449566,-0.20890592144764,0.37426500772696,0.700871615088971,1
3715,2206,383052.000111398,1334571852.00011,-2399769.87594994,5383277.96297774,2429599.15403913,22.5383379982584,114.02646540148,53.3173937060398,0.449902534115415,-0.200799602061667,0.351401585220486,0.605157702162887,1
3716,2206,383053.000117167,1334571853.00012,-2399767.86393947,5383274.9409866,2429599.89903905,22.5383566013262,114.026459498272,50.2969684096394,0.516912994320776,-0.114358264905127,0.333757627444506,0.625836248812074,1
3717,2206,383054.000121882,1334571854.00012,-2399766.40092505,5383274.76599239,2429601.54003769,22.5383729032741,114.02644720099,50.2281591381944,0.615306475770851,-0.0627774830464113,0.309517618344385,0.691624339919271,1
3718,2206,383055.00012468,1334571855.00012,-2399764.63090177,5383273.7260017,2429602.60904536,22.5383876017837,114.026435601501,49.0949418306365,0.788180632000727,0.0134030309305404,0.363949980075377,0.868255686935627,1
3719,2206,383056.000126091,1334571856.00013,-2399763.0459096,5383273.05200601,2429603.21303362,22.5383970039309,114.026424196253,48.1618176051198,0.717377947459351,0.0474856275171474,0.267058816019875,0.766946162084162,1
3720,2206,383057.000126856,1334571857.00013,-2399761.27590919,5383272.56701468,2429604.46801627,22.5384114989593,114.026410400247,47.5680911573245,0.716111847040452,0.115157254485047,0.128645663356823,0.736632253863988,1
3721,2206,383058.000127447,1334571858.00013,-2399759.98092458,5383271.1019999,2429605.76804054,22.5384287985032,114.026404700814,46.3435185124898,0.592166601806446,-0.00113671789761677,0.318438075913653,0.67235807767451,1
3722,2206,383059.000128114,1334571859.00013,-2399758.420919,5383270.23099843,2429606.94905417,22.5384436009935,114.02639429716,45.4747740525176,0.632779327974228,-0.0121875249907011,0.42332734634889,0.761422521234898,1
3723,2206,383060.000129016,1334571860.00013,-2399756.46293769,5383270.30900123,2429608.54203147,22.5384594001497,114.026376603726,45.4148528592261,0.483096585760337,0.00926653189499379,0.244212418763006,0.541394389761044,1
3724,2206,383061.00013032,1334571861.00013,-2399755.78096841,5383269.66397403,2429609.59706569,22.5384712000714,114.026373101636,45.0186465976268,0.242615743604125,-0.199279674179688,0.504215131003567,0.593976166120064,1
3725,2206,383062.000132193,1334571862.00013,-2399754.83694351,5383269.49098439,2429610.46306943,22.5384803003664,114.02636540444,44.8496459862593,0.427488978056318,-0.11805564747867,0.525339601236358,0.687506842793888,1
3726,2206,383063.00013415,1334571863.00013,-2399753.91894126,5383269.5039991,2429611.22404031,22.5384878999093,114.026357202084,44.8070850741488,0.438189439252816,-0.00687906606972006,0.300665187760936,0.531466707662867,1
3727,2206,383064.000135121,1334571864.00014,-2399752.75394438,5383269.16501031,2429611.87001635,22.5384960012624,114.026348199929,44.330612398831,0.411729205126828,0.0761988570928363,0.121317749863649,0.435941739924732,1
3728,2206,383065.000135872,1334571865.00014,-2399752.13195487,5383268.90799092,2429612.77005074,22.5385051972011,114.02634369464,44.2248735680615,0.332370330317354,-0.066907926252916,0.373593689372658,0.504498713387663,1
3729,2206,383066.000138325,1334571866.00014,-2399751.21793952,5383268.59898537,2429613.50608104,22.5385136011582,114.026336802246,43.9025971483771,0.437567916477797,-0.105781463796429,0.586135354347847,0.739060250067686,1
3730,2206,383067.000143576,1334571867.00014,-2399749.90991951,5383268.36898524,2429614.85210473,22.5385273983166,114.026326098817,43.7326141589326,0.560730969235125,-0.102744800293964,0.729680459159954,0.925963976797527,1
3731,2206,383068.00014594,1334571868.00015,-2399748.95289693,5383268.42100105,2429616.07709314,22.5385387997245,114.026317395629,43.8861419231118,0.706202858513357,0.00728087939140853,0.638413396033047,0.952022664022027,1
3732,2206,383069.000146632,1334571869.00015,-2399748.32189357,5383268.57200721,2429617.14308163,22.5385481025637,114.026311195327,44.1848348859588,0.725827762070131,0.0489885256841789,0.556921093719587,0.916180615637694,1
3733,2206,383070.00014756,1334571870.00015,-2399747.59290916,5383268.1479771,2429618.28613479,22.5385600042057,114.026306401069,43.9911213871882,0.615832543382104,-0.155408956207532,0.913506552310331,1.11260769648241,1
3734,2206,383071.000149478,1334571871.00015,-2399746.47789939,5383267.49098579,2429619.21513027,22.5385714010129,114.026299101394,43.3736652277464,0.673285724504713,-0.095396489321587,0.87167384970876,1.10554486895051,1
3735,2206,383072.000151391,1334571872.00015,-2399745.38690975,5383266.68697857,2429620.45313876,22.5385858061019,114.026292596883,42.7596664621343,0.596133720827119,-0.141830868271359,0.916644226592647,1.1026005833698,1
3736,2206,383073.000153311,1334571873.00015,-2399744.82892013,5383265.83896729,2429621.53515788,22.5385982981052,114.026290998997,42.2491936321079,0.520958629087309,-0.213515356560303,1.02985424879117,1.17370629821128,1
3737,2206,383074.000154075,1334571874.00015,-2399744.25591731,5383265.21096204,2429622.73517584,22.5386110999048,114.026288397019,41.9639015116787,0.536736911908689,-0.246637120678974,1.14130283912159,1.28510254551499,1
3738,2206,383075.000158346,1334571875.00016,-2399743.68191415,5383264.37695478,2429623.97719896,22.5386249047317,114.02628660152,41.5205515714033,0.542180781781744,-0.285762175279642,1.25656225131475,1.39805890876715,1
3739,2206,383076.000159091,1334571876.00016,-2399743.0929035,5383263.66295503,2429625.3692097,22.5386396022932,114.026284197777,41.2302875654424,0.606638686952191,-0.283028759364735,1.31800356335821,1.47825882989399,1
3740,2206,383077.000160991,1334571877.00016,-2399742.36591105,5383262.66195387,2429626.49720889,22.5386531996562,114.026281704865,40.5448238489866,0.552562099005261,-0.286702936812915,1.29748703277495,1.43909556578199,1
3741,2206,383078.000162898,1334571878.00016,-2399741.72490668,5383262.08395666,2429627.65620789,22.5386655970763,114.026278301171,40.2604244447533,0.573108174933381,-0.266837252637833,1.27612536148206,1.42413167852853,1
3742,2206,383079.000163603,1334571879.00016,-2399740.66389866,5383260.28596026,2429628.8582167,22.5386828021457,114.02627599709,38.8053777347979,0.619345207968637,-0.243101582996616,1.32452776060188,1.48224851320357,1
3743,2206,383080.000168087,1334571880.00017,-2399740.24392376,5383259.59594371,2429630.20422893,22.538696802014,114.026274999273,38.5812831561484,0.453482941219708,-0.334937688955937,1.36199543300919,1.47406295421814,1
3744,2206,383081.000168659,1334571881.00017,-2399739.96693565,5383259.17694845,2429631.50920514,22.5387094012755,114.026274198313,38.6238635658102,0.381628350966133,-0.305757458120061,1.21624856135746,1.31087313820265,1
3745,2206,383082.00017078,1334571882.00017,-2399739.40492077,5383258.72495817,2429632.57419967,22.5387205049598,114.026270997218,38.4394365718081,0.463916870072213,-0.24490769235579,1.16918521460892,1.28148066944951,1
3746,2206,383083.000172504,1334571883.00017,-2399738.95191296,5383258.54195266,2429633.83021576,22.5387321978558,114.026267699338,38.5961375636489,0.504654652577799,-0.274311238420205,1.25086756653551,1.37644202308071,1
3747,2206,383084.000174403,1334571884.00017,-2399738.33091984,5383258.53894615,2429635.29521891,22.5387453015031,114.026262197487,38.9216198448159,0.459855929003156,-0.308917885071512,1.2552630503903,1.37207254211706,1
3748,2206,383085.000176291,1334571885.00018,-2399737.48792177,5383257.90994447,2429636.67721944,22.5387600048143,114.026257202177,38.6037127498128,0.444065698952814,-0.315476796007375,1.24475028660468,1.35872117441657,1
3749,2206,383086.00017823,1334571886.00018,-2399736.48191145,5383256.71394797,2429637.9362245,22.538775704562,114.026253003674,37.6990439377933,0.496835264269132,-0.292283164602829,1.25959146106258,1.38522394467948,1
3750,2206,383087.000180168,1334571887.00018,-2399735.96893513,5383255.76693591,2429639.20523007,22.5387900057157,114.026252197295,37.1936601592062,0.36007246034823,-0.35581312034859,1.27709114105456,1.37376014495743,1
3751,2206,383088.000182059,1334571888.00018,-2399735.50391327,5383255.27793821,2429640.75124361,22.5388051016808,114.026250003866,37.1988694796617,0.476118396507216,-0.339055680485824,1.33825465558805,1.46033318292964,1
3752,2206,383089.000183971,1334571889.00018,-2399735.5139316,5383255.52892926,2429642.41823275,22.5388181976904,114.026249099388,38.0533444040703,0.371894730172134,-0.384738523123224,1.26523341291955,1.37373396648437,1
3753,2206,383090.000185897,1334571890.00019,-2399734.92593197,5383254.68991684,2429643.84825787,22.5388336061323,114.026247199416,37.6725772501157,0.3661129392456,-0.447550679553528,1.38702796488818,1.50272647891549,1
3754,2206,383091.000187702,1334571891.00019,-2399734.20791278,5383253.96295091,2429644.86520343,22.538845398263,114.026243701524,37.1791004770496,0.464576256790853,-0.261540779187946,1.08385690744214,1.20788264055829,1
3755,2206,383092.000189702,1334571892.00019,-2399733.94994446,5383253.66293967,2429646.08719656,22.5388569024264,114.026242598494,37.2974033273594,0.292800165645991,-0.318292496062456,1.03609360567858,1.12273416701374,1
3756,2206,383093.000191747,1334571893.00019,-2399733.58892661,5383252.90393653,2429647.0692189,22.5388680014338,114.026242397197,36.8977668488372,0.382750182520252,-0.331600074655602,1.14140727215729,1.24870607937354,1
3757,2206,383094.000193575,1334571894.00019,-2399733.21395912,5383251.55793678,2429647.81418982,22.538878998754,114.026244395394,35.9068322990946,0.211149912523353,-0.32671495808879,0.980573761772355,1.05491793599027,1
3758,2206,383095.000195458,1334571895.0002,-2399733.10597245,5383251.06194014,2429648.71116654,22.5388882003344,114.026245399758,35.7916227215112,0.14096313993843,-0.306090649645198,0.852357050149353,0.916555854032272,1
3759,2206,383096.000197374,1334571896.0002,-2399732.95496298,5383251.0009241,2429650.11320517,22.5389002998541,114.026244300457,36.2207778752997,0.187177211912741,-0.384218815341314,1.03965197640848,1.12407101144535,1
3760,2206,383097.00019813,1334571897.0002,-2399733.48598146,5383251.15591556,2429651.4371976,22.538910104309,114.026248401877,37.058721398883,0.0933439263850492,-0.42569722380664,0.997477879286534,1.08852805871765,1
3761,2206,383098.00019967,1334571898.0002,-2399733.79096732,5383251.56393197,2429652.66216737,22.5389186014701,114.026249494885,37.9871585145749,0.163374823214683,-0.34051540908155,0.838377254779908,0.919520798032703,1
3762,2206,383099.000204707,1334571899.0002,-2399734.19699497,5383251.51291921,2429653.74216445,22.5389271983007,114.026253301889,38.5107883663089,0.0240155848384584,-0.394142197928111,0.80365715853245,0.895427076295544,1
3763,2206,383100.000206231,1334571900.00021,-2399735.07201462,5383251.95990557,2429655.01915981,22.5389352028083,114.026259301946,39.7064075176411,-0.0711793381543478,-0.457625254073154,0.775053342436663,0.902881528755491,1
3764,2206,383101.000206968,1334571901.00021,-2399735.63701258,5383251.93889848,2429656.0301709,22.5389429053478,114.026264401673,40.2886890880258,-0.0612680411196866,-0.490040982134441,0.825880280459351,0.962274479909733,1
3765,2206,383102.000208864,1334571902.00021,-2399736.47403095,5383252.14888419,2429657.07817006,22.5389498027319,114.026271002373,41.1823083666,-0.148335645606566,-0.554434964730165,0.814241483619187,0.996188128577746,1
3766,2206,383103.000210599,1334571903.00021,-2399736.83002701,5383251.63388267,2429657.95017167,22.5389582021765,114.026276201633,41.2159781858788,-0.128525042210802,-0.556457423454431,0.815340097156315,0.995461212013659,1
3767,2206,383104.000212722,1334571904.00021,-2399737.33900455,5383252.11889358,2429659.04715847,22.538965100964,114.02627880112,42.2370234240412,-0.0218269153455474,-0.49983195394623,0.745097487160346,0.897484630393117,1
3768,2206,383105.000213301,1334571905.00021,-2399738.07202025,5383252.29889032,2429659.94614105,22.5389709968471,114.026284597083,43.009113882653,-0.0951858776829768,-0.513891386128797,0.661351686331718,0.842929867225894,1
3769,2206,383106.000217754,1334571906.00022,-2399738.54502867,5383252.27288726,2429660.74813212,22.5389771014756,114.026288899813,43.4724684677995,-0.131774740130107,-0.517530932225851,0.606939189783088,0.808441728290584,1
3770,2206,383107.000218453,1334571907.00022,-2399738.84300418,5383252.05687519,2429661.74817809,22.5389857053869,114.026292400501,43.7856269226383,-0.0194551692141445,-0.570770543929165,0.815526055883098,0.995610498764747,1
3771,2206,383108.000220351,1334571908.00022,-2399739.3800052,5383252.35188174,2429662.95715364,22.538994099422,114.026296000848,44.6998508705994,-0.0237720183071727,-0.536453346017154,0.697549600890058,0.88029696523916,1
3772,2206,383109.00022109,1334571909.00022,-2399739.6269768,5383252.14886979,2429664.20519878,22.5390048025609,114.026298997221,45.0998572419464,0.10482853413164,-0.588652589977459,0.899221135257076,1.07986089073935,1
3773,2206,383110.000225342,1334571910.00023,-2399739.64596319,5383252.03788211,2429665.2571804,22.5390139007934,114.026299605093,45.4166060834905,0.163531720491406,-0.523011757684515,0.800628474394809,0.97020094634817,1
3774,2206,383111.000226126,1334571911.00023,-2399739.20293742,5383251.75289913,2429666.16517012,22.5390229992759,114.026296799472,45.3576367768432,0.276954284238274,-0.446076986211679,0.752493764287764,0.917570279857406,1
3775,2206,383112.000228072,1334571912.00023,-2399738.65894467,5383251.26488156,2429667.24320555,22.5390343002276,114.02629390099,45.1546000381708,0.24267550811787,-0.519132744399589,0.901382307718797,1.06811997135929,1
3776,2206,383113.000229984,1334571913.00023,-2399738.25991893,5383251.00189381,2429668.33520527,22.5390448019045,114.026291398983,45.2012660972583,0.35243216035602,-0.461679357654233,0.892573665261874,1.06491502236387,1
3777,2206,383114.000231912,1334571914.00023,-2399737.98891693,5383250.59489809,2429669.27419747,22.5390543022713,114.026290603679,45.1159423582864,0.358487345146471,-0.439431961063911,0.851693116377385,1.02322763328561,1
3778,2206,383115.000233821,1334571915.00023,-2399737.2219078,5383250.16489661,2429670.42021309,22.5390663011026,114.026285495418,44.9040393569839,0.394465973251105,-0.442088452025376,0.911396272008959,1.08705508972589,1
3779,2206,383116.000235739,1334571916.00024,-2399736.62489459,5383249.8339087,2429671.40519746,22.53907640423,114.026281504639,44.7778666310836,0.446842004401477,-0.387215682596572,0.837752179842774,1.02539381535953,1
3780,2206,383117.000237636,1334571917.00024,-2399736.66291923,5383249.51689531,2429672.40620145,22.5390857018035,114.026283097009,44.9084335203513,0.340149782267823,-0.441073803261539,0.847768959326884,1.01437674593744,1
3781,2206,383118.000239586,1334571918.00024,-2399735.93892376,5383248.34788684,2429673.33922232,22.539098199918,114.026281295679,44.0076405902238,0.318721572501125,-0.472604394868073,0.927851106038365,1.08896557787784,1
3782,2206,383119.000241512,1334571919.00024,-2399734.90790347,5383247.52590109,2429674.1362153,22.5391088990688,114.026275394764,43.2319945194828,0.400036762581701,-0.409525954286936,0.891599479260695,1.05957092734249,1
3783,2206,383120.000243425,1334571920.00024,-2399734.02689597,5383247.1409045,2429675.17220826,22.5391199986347,114.026269096182,42.9730157722714,0.428195115699507,-0.39276698262525,0.855508288372233,1.03417183834363,1
3784,2206,383121.000245342,1334571921.00025,-2399732.41487627,5383246.12690161,2429676.00223536,22.5391323992096,114.026258796612,41.8295597864728,0.504750769967082,-0.401117277768786,0.959387787645674,1.15589503735878,1
3785,2206,383122.000247241,1334571922.00025,-2399731.30185607,5383245.60091011,2429677.04223639,22.5391443049547,114.02625099606,41.3659257873346,0.58322223752366,-0.364303048783153,0.955871069266164,1.17752044175668,1
3786,2206,383123.000249161,1334571923.00025,-2399729.27185952,5383244.23090836,2429677.69024391,22.5391569019732,114.026238394341,39.6951986290267,0.563998468393823,-0.367695908457128,0.978856110383179,1.18804622733342,1
3787,2206,383124.00025107,1334571924.00025,-2399728.47487888,5383243.98291359,2429678.5042083,22.5391655981463,114.026232299561,39.4982871994251,0.482757812961757,-0.343784227875295,0.829797140402919,1.01970877976621,1
3788,2206,383125.000252992,1334571925.00025,-2399727.49985645,5383244.16992179,2429679.52620111,22.5391749050302,114.026222902197,39.6811290346664,0.567572960053929,-0.308552273626645,0.795126801683698,1.02448533483906,1
3789,2206,383126.000254898,1334571926.00025,-2399726.70883896,5383244.66993503,2429680.5531775,22.5391830045718,114.02621389972,40.199126872415,0.631868426818426,-0.254473105043825,0.696497495386169,0.974229455046317,1
3790,2206,383127.0002568,1334571927.00026,-2399725.91481859,5383244.93593889,2429681.4301831,22.5391905973382,114.026205796798,40.4611005355324,0.7067862187566,-0.237965640006601,0.713091699010908,1.03183049773026,1
3791,2206,383128.000258711,1334571928.00026,-2399724.75282426,5383244.70293388,2429682.24919146,22.5391998026189,114.026196401743,40.1415035571217,0.679753436824842,-0.255715256819286,0.739901260506504,1.03677813573804,1
3792,2206,383129.000260636,1334571929.00026,-2399723.52387329,5383244.24693413,2429682.74414155,22.5392071044531,114.026187294801,39.4843937603956,0.486185307221571,-0.252543855777668,0.543101540926185,0.771436216291134,1
3793,2206,383130.000262554,1334571930.00026,-2399723.02490744,5383244.2369324,2429683.26710884,22.5392122011196,114.026182904091,39.4887794483226,0.352671707709169,-0.257310380331366,0.414612531722947,0.602071022975268,1
3794,2206,383131.00026447,1334571931.00026,-2399722.51090056,5383244.19794467,2429683.75308795,22.5392171021232,114.02617849456,39.4488783873649,0.376011465909041,-0.208627921938077,0.332828563985619,0.543769330977755,1
3795,2206,383132.000266381,1334571932.00027,-2399722.14992399,5383244.70093505,2429684.43407819,22.5392217004595,114.026173298613,39.998485856177,0.285494412610787,-0.243211511917464,0.293748161962193,0.476389422444835,1
3796,2206,383133.000268297,1334571933.00027,-2399721.63487611,5383245.23796341,2429684.97006049,22.5392251988771,114.026166599951,40.4632846405537,0.461720671735147,-0.135713778744027,0.225788156858632,0.531586775819486,1
3797,2206,383134.000270213,1334571934.00027,-2399721.26590081,5383245.92695154,2429685.58905034,22.5392287033258,114.026160596801,41.1430253242256,0.367299001206138,-0.17920196872647,0.186442540722877,0.449202318419741,1
3798,2206,383135.000272129,1334571935.00027,-2399720.60588609,5383245.91195575,2429685.97505824,22.5392329004376,114.02615479591,41.0301366451727,0.41816762664807,-0.161286771640269,0.214534916656529,0.496893164721999,1
3799,2206,383136.000274028,1334571936.00027,-2399720.79694767,5383247.32393337,2429686.77002937,22.5392347976072,114.026150903697,42.5978482460553,0.191246667135904,-0.242809700932988,0.107176383362909,0.327136998379138,1
3800,2206,383137.000275947,1334571937.00028,-2399720.25996136,5383247.50995367,2429686.80998158,22.5392352995152,114.026145399545,42.5681524667911,0.140463304898646,-0.167569933916936,-0.0666993971595444,0.228601033150384,1
3801,2206,383138.000277874,1334571938.00028,-2399719.596967,5383247.73995755,2429686.78497531,22.5392352981665,114.026138602484,42.5032756256341,0.118873903651836,-0.15226589023762,-0.0887311057907192,0.212577316367774,1
3802,2206,383139.000279763,1334571939.00028,-2399719.37998533,5383248.1629516,2429686.83697529,22.5392347003569,114.026135001694,42.7984468768945,0.0526715239759584,-0.1724896934975,-0.0879502309697823,0.200654496407256,1
3803,2206,383140.000281695,1334571940.00028,-2399718.99795679,5383248.59393714,2429687.24803476,22.5392373046376,114.026129903828,43.1759264900719,0.153479469585661,-0.222739241291981,0.123596197543175,0.297396599245443,1
3804,2206,383141.000283609,1334571941.00028,-2399718.697922,5383248.85694363,2429687.60804772,22.5392398986804,114.026126198847,43.4229669750043,0.275146414502937,-0.19829477536772,0.168303099576313,0.378618938616323,1
3805,2206,383142.000285539,1334571942.00029,-2399718.31993687,5383249.22195233,2429687.80301055,22.5392409034899,114.026121398021,43.6634761802193,0.221021906178177,-0.166816247720574,0.0370961819083072,0.279382301204606,1
3806,2206,383143.000287441,1334571943.00029,-2399718.28101273,5383249.13389754,2429688.0500443,22.5392432971308,114.026121400937,43.6692480574998,-0.0438470294605612,-0.356311422015631,0.154332770756583,0.390767188464846,1
3807,2206,383144.000289351,1334571944.00029,-2399717.75294278,5383248.93490504,2429688.52109905,22.5392485993365,114.026117499842,43.4833593087612,0.197754166483609,-0.328141358972691,0.342259642485405,0.513736435056254,1
3808,2206,383145.000291273,1334571945.00029,-2399717.58596458,5383248.6358988,2429688.78709442,22.5392519985347,114.026117200721,43.2702867671342,0.122004843112238,-0.346832967542452,0.324364469400919,0.490296439031414,1
3809,2206,383146.000293189,1334571946.00029,-2399716.88385502,5383249.0319442,2429689.33409681,22.5392562982192,114.026109399163,43.5500328738002,0.494578793071539,-0.190107986416781,0.330046666079857,0.624243566923978,1
3810,2206,383147.000295091,1334571947.0003,-2399716.29886232,5383249.10997757,2429689.38501508,22.539257300653,114.026103896178,43.4153907691253,0.466679240061621,-0.0758082973071996,0.0507775866677341,0.475515272470725,1
3811,2206,383148.000297001,1334571948.0003,-2399715.71887526,5383249.29900098,2429688.98694938,22.5392542003646,114.026097998337,43.2041588646869,0.419783788138194,0.00373918135848013,-0.170262886617704,0.453014194943466,1
3812,2206,383149.000298928,1334571949.0003,-2399715.55988056,5383249.77699398,2429689.02095809,22.5392531968906,114.026094694726,43.5606370180307,0.399318223207249,-0.0201839783312902,-0.140305474313823,0.423731120510518,1
3813,2206,383150.000300823,1334571950.0003,-2399715.58201126,5383249.64795078,2429688.74892718,22.5392513047956,114.026095401978,43.3558252587689,-0.0373507979635112,-0.163239842693516,-0.242101008438924,0.29437259831421,1
3814,2206,383151.000302787,1334571951.0003,-2399715.49696982,5383249.91097346,2429688.46191569,22.5392481992577,114.026093605851,43.435713629724,0.10006876954463,-0.0876580526906448,-0.278451577535578,0.308598402250796,1
3815,2206,383152.000304718,1334571952.0003,-2399714.91292145,5383249.83999853,2429688.17991471,22.539246894734,114.026088701027,43.048110758601,0.258418884911444,-0.00500006821901225,-0.279624686121348,0.380782465260063,1
3816,2206,383153.000306597,1334571953.00031,-2399713.88083939,5383249.64701245,2429688.25697596,22.5392496021585,114.02608030105,42.5267298563276,0.523764346499897,0.0407182110382767,-0.0782450299563985,0.531139669096085,1
3817,2206,383154.000308526,1334571954.00031,-2399713.46286242,5383249.79599164,2429688.39800149,22.5392508964525,114.026076000186,42.5492838954773,0.446163738104404,-0.0269064625672964,0.00545501175894903,0.447007601815082,1
3818,2206,383155.000310431,1334571955.00031,-2399712.72881736,5383249.94297319,2429689.16909085,22.5392578975788,114.026068900871,42.6928082112743,0.588180256654367,-0.0855231129021452,0.293371276076849,0.662824956368896,1
3819,2206,383156.000312365,1334571956.00031,-2399712.33883963,5383250.76096265,2429690.22907624,22.539264701911,114.026062200661,43.6425178115835,0.513479986923777,-0.119127972783484,0.244708659872702,0.581150151929292,1
3820,2206,383157.000314288,1334571957.00031,-2399711.7137969,5383251.12896071,2429691.18611532,22.539272401576,114.026055194389,44.0847591773892,0.646544956112745,-0.124893911766025,0.367500831810387,0.754105914876934,1
3821,2206,383158.000316202,1334571958.00032,-2399710.68475649,5383251.1199599,2429692.19616104,22.539282304619,114.0260460932,44.0773603208287,0.76961335033243,-0.126388798318448,0.509525988333099,0.931609129483557,1
3822,2206,383159.000318111,1334571959.00032,-2399710.48781764,5383251.43494299,2429692.91713319,22.5392875996241,114.026043097881,44.5453799589302,0.572617868037468,-0.178743345053463,0.41888845165267,0.731647415853187,1
3823,2206,383160.000320027,1334571960.00032,-2399710.64888227,5383251.7459292,2429693.50609366,22.5392913016685,114.026043297082,45.0940536504605,0.367750286452398,-0.2211126689971,0.292915391702394,0.519548373371536,1
3824,2206,383161.000321942,1334571961.00032,-2399710.40788193,5383251.63393051,2429694.0580949,22.5392965993934,114.02604160054,45.1205347909815,0.366453175395769,-0.214989439063869,0.295188923032947,0.517344072110612,1
3825,2206,383162.000323878,1334571962.00032,-2399710.28282782,5383252.3129423,2429694.81011043,22.5393009011042,114.026037802656,45.9345793152846,0.531488163271075,-0.17782612168539,0.341390228894529,0.656238588956476,1
3826,2206,383163.000325786,1334571963.00033,-2399709.83878561,5383252.48094871,2429695.62614497,22.5393078019059,114.02603319505,46.2221256800424,0.657496053757802,-0.15628412501428,0.445305566965876,0.809334811069783,1
3827,2206,383164.000327712,1334571964.00033,-2399709.80382967,5383253.48794454,2429696.35009477,22.5393107056094,114.026028898983,47.3359796131893,0.519409072315123,-0.168927185097281,0.289846582532463,0.61833099523952,1
3828,2206,383165.000329604,1334571965.00033,-2399709.68588669,5383253.55187192,2429697.40918772,22.539319503111,114.026027598747,47.7515243717989,0.343632025391209,-0.388774709898478,0.570273208525786,0.770999530670029,1
3829,2206,383166.000331506,1334571966.00033,-2399709.58696994,5383252.90078341,2429698.84829947,22.5393337039236,114.02602929748,47.7167081707517,0.090521949069029,-0.653529800820623,0.903575552845392,1.11881374836197,1
3830,2206,383167.0003334,1334571967.00033,-2399709.7260512,5383252.04975339,2429699.96428595,22.539345506411,114.026033900759,47.4788626937138,-0.153761764007757,-0.740291715353525,0.857667857305453,1.14335849904864,1
3831,2206,383168.000335331,1334571968.00034,-2399710.18516965,5383250.70476921,2429700.65814307,22.5393548987484,114.026043300713,46.7828612509793,-0.506267051088457,-0.688234816958061,0.426774199935598,0.955044348719874,1
3832,2206,383169.000337251,1334571969.00034,-2399711.13827527,5383249.98672406,2429701.2071388,22.5393604045561,114.026054605335,46.7459795666993,-0.816051151039359,-0.817749089987859,0.41190078371881,1.22650532445514,1
3833,2206,383170.000339162,1334571970.00034,-2399711.61711268,5383249.69779385,2429701.945119,22.5393667983225,114.026060000506,46.9651886613929,-0.332575110082857,-0.609341881083465,0.350369511661131,0.777600492920766,1
3834,2206,383171.000341081,1334571971.00034,-2399712.47630773,5383247.53071537,2429701.82012944,22.5393713963166,114.026076206594,45.4122447770986,-0.902016969085688,-0.834540490558994,0.379295309220265,1.28606274127566,1
3835,2206,383172.000342988,1334571972.00034,-2399713.08422393,5383246.72179672,2429701.89202152,22.5393736966244,114.026084805975,44.9860115451964,-0.65282012772427,-0.594313575796983,0.0626944505851166,0.885049908012367,1
3836,2206,383173.000344913,1334571973.00034,-2399713.76430701,5383244.45771269,2429702.04815595,22.5393811984628,114.026099805696,43.3916394580445,-0.889942909574689,-0.833720461791713,0.45218442533869,1.30059945610912,1
3837,2206,383174.000346831,1334571974.00035,-2399714.52434131,5383242.90469667,2429702.55917445,22.5393892994484,114.026112700888,42.5632201612557,-0.984020133959236,-0.874513528644389,0.503181484636604,1.40934777194996,1
3838,2206,383175.000348738,1334571975.00035,-2399715.42532792,5383242.09470774,2429703.24416921,22.5393963036999,114.026123906677,42.4813083526271,-0.940230822877678,-0.838340430559216,0.484898093341793,1.3498054818106,1
3839,2206,383176.000350654,1334571976.00035,-2399716.30934029,5383240.99671532,2429703.40915466,22.5393999052676,114.026136101678,41.9507263705383,-0.970404621139221,-0.811751552395115,0.441271536824452,1.33990532529565,1
3840,2206,383177.000352583,1334571977.00035,-2399717.24735437,5383240.27070641,2429704.04716281,22.539406199931,114.026147303841,41.9355736307433,-1.00487819790107,-0.833140613932543,0.461744399442443,1.38459790755918,1
3841,2206,383178.000354477,1334571978.00035,-2399718.07035358,5383239.00871554,2429704.47515612,22.5394125996052,114.026159606224,41.3445157670529,-0.997226912161594,-0.802445841149384,0.4404384445731,1.353649461927,1
3842,2206,383179.000356405,1334571979.00036,-2399718.84234962,5383238.23871559,2429704.94916457,22.5394178994837,114.026169508438,41.166957145815,-0.980763766924463,-0.798131718902508,0.461446419342342,1.34604777224065,1
3843,2206,383180.000358332,1334571980.00036,-2399719.65336112,5383237.32972057,2429705.10114988,22.5394208979764,114.026180307218,40.7633777366286,-1.00755843560659,-0.780256177117712,0.418108699767796,1.34118924388539,1
3844,2206,383181.000360238,1334571981.00036,-2399720.44035509,5383236.14072953,2429705.37114872,22.539425799843,114.026192000984,40.1598006879137,-0.985496055490735,-0.751315856336641,0.412955991967892,1.30621998249638,1
3845,2206,383182.000362151,1334571982.00036,-2399721.21134042,5383234.93874077,2429705.89714729,22.5394329005377,114.026203604058,39.6373686123283,-0.939725351487141,-0.716412219034595,0.407043014444934,1.249805672662,1
3846,2206,383183.000364054,1334571983.00036,-2399721.85828904,5383233.68574811,2429706.64718988,22.5394422059436,114.026214307692,39.1111461642276,-0.793747747852214,-0.692050310788723,0.521563677762249,1.17515862326926,1
3847,2206,383184.000365976,1334571984.00037,-2399722.39320639,5383232.91680066,2429707.12915938,22.5394479030226,114.026222100735,38.8483737412215,-0.564019260925716,-0.544133792107665,0.435609744450727,0.896635466546514,1
3848,2206,383185.000367904,1334571985.00037,-2399722.91808911,5383232.93087598,2429707.61810244,22.5394511968155,114.026226705443,39.2450534986895,-0.241461942931235,-0.337507756929617,0.278576707349151,0.499820305459155,1
3849,2206,383186.000369842,1334571986.00037,-2399722.37597157,5383232.29694935,2429707.99406861,22.5394571008235,114.026224401106,38.6505268510793,0.0778535984140823,-0.138001964602456,0.185274591489223,0.243787610988863,1
3850,2206,383187.000371748,1334571987.00037,-2399721.44699455,5383231.24898174,2429707.89499353,22.5394608969889,114.026220300645,37.3791453443373,0.01570384901496,-0.0504438341262282,-0.0176476805248935,0.0557012738018422,1
3851,2206,383188.000373677,1334571988.00037,-2399720.51100353,5383230.00798998,2429707.65098354,22.5394641044696,114.026216901903,35.8867360155705,-0.00866036169388362,-0.0275394109955372,-0.0441956441705461,0.0527889759921475,1
3852,2206,383189.000375603,1334571989.00038,-2399719.73792333,5383229.38503363,2429707.47498562,22.5394656956349,114.02621250343,35.0030307556011,0.203992359203402,0.0895170145102319,-0.0381153132742792,0.226006538857156,1
3853,2206,383190.000377517,1334571990.00038,-2399719.68797633,5383229.4520257,2429707.56395686,22.5394662962945,114.026211794794,35.0748664402981,0.062730565792919,0.0679539583942433,-0.113856406267241,0.146683828673229,1
3854,2206,383191.000379425,1334571991.00038,-2399719.59697574,5383229.39800323,2429707.85200744,22.539468997839,114.026211200625,35.1054877733306,0.0635882270258063,0.00895566128310997,0.0199840231833345,0.0672534584084368,1
3855,2206,383192.000381339,1334571992.00038,-2399719.85599226,5383229.8020032,2429708.16898268,22.5394699992509,114.026211901377,35.6652064650931,0.0203091628355652,0.008304217456944,-0.0451598387150955,0.0502078993329452,1
3856,2206,383193.000383237,1334571993.00038,-2399719.86202318,5383229.71397938,2429708.37700689,22.5394720040785,114.026212303328,35.6729579466865,-0.0607139759069596,-0.0536542105528582,0.0180905180167268,0.083019443641805,1
3857,2206,383194.000385152,1334571994.00039,-2399720.1410448,5383229.78597555,2429708.47499421,22.5394722004796,114.026214495791,35.8761811768558,-0.116554153178714,-0.0632362813771147,-0.0146856317627381,0.133414263427429,1
3858,2206,383195.000387091,1334571995.00039,-2399720.43302454,5383229.93396755,2429708.78402702,22.5394738985816,114.026216502514,36.229284840263,-0.0634087611063483,-0.0839314438655875,0.0696950623155701,0.1261846265025,1
3859,2206,383196.000388973,1334571996.00039,-2399720.48000018,5383229.81201938,2429708.68594306,22.5394733998536,114.026217402286,36.106478090117,-0.000556858104421721,0.0497331679702917,-0.14610607131478,0.154339502922451,1
3860,2206,383197.000390905,1334571997.00039,-2399720.57500554,5383229.77399998,2429708.81898244,22.5394744957771,114.026218396319,36.1611290155457,-0.0140929397157956,-0.000100596973822338,-0.0445928658693639,0.0467669194626637,1
3861,2206,383198.00039283,1334571998.00039,-2399720.52199435,5383229.72999313,2429709.07000678,22.5394768032965,114.026218099815,36.2002926808386,0.0142722551716117,-0.0172233342323453,0.0177454918265315,0.0285524603130479,1
3862,2206,383199.000394724,1334571999.00039,-2399720.60600106,5383229.91796182,2429709.52705288,22.539479902627,114.02621810172,36.5656476935417,-0.00241188768933597,-0.0969190693625038,0.13404252485692,0.165428297695218,1
3863,2206,383200.000396667,1334572000.0004,-2399720.40502983,5383229.6699758,2429709.6749939,22.5394822038047,114.02621729884,36.3375810966522,-0.0743080470647929,-0.0618689512158482,-0.0153955127136181,0.0979105448603349,1
3864,2206,383201.000398576,1334572001.0004,-2399719.68197856,5383228.90700299,2429709.6470011,22.5394854015791,114.026213898764,35.4113059157695,0.0543154003424908,0.00674038273314896,0.0027335131765027,0.0548002515326389,1
3865,2206,383202.000400496,1334572002.0004,-2399719.19999589,5383228.28099871,2429709.62800286,22.5394879015818,114.026212097003,34.6946791268857,0.0106785699920229,-0.00400464820291088,0.00711594013667138,0.0134426808461817,1
3866,2206,383203.000402415,1334572003.0004,-2399718.83899362,5383227.62300143,2429709.61700435,22.5394903989505,114.026211496053,33.9996249355479,0.0161152501256657,0.00278136948970629,0.0106972591362712,0.019541459921909,1
3867,2206,383204.000404347,1334572004.0004,-2399718.5999925,5383226.9840098,2429709.52599603,22.539491996963,114.026211903125,33.3358134543819,0.0185262444878395,0.0237757158338098,-0.00962755687383435,0.0316416853152956,1
3868,2206,383205.000406283,1334572005.00041,-2399718.5999985,5383226.6320055,2429709.68099932,22.5394944026585,114.026213296427,33.0982833016964,0.00387391571376041,0.0128800477205902,-0.00161610614960801,0.0135467579637639,1
3869,2206,383206.000408213,1334572006.00041,-2399718.45500145,5383226.10300424,2429709.71900151,22.5394965964572,114.026214102813,32.6120618936817,-0.00336436945381717,0.009888969631993,0.00374136921052952,0.0110954290486559,1
3870,2206,383207.00041013,1334572007.00041,-2399718.302005,5383225.70900425,2429709.74799993,22.539498299615,114.02621430383,32.2332670539751,-0.0117698025840566,0.00967115554493425,-0.000186509636777465,0.0152346410619545,1
3871,2206,383208.000412044,1334572008.00041,-2399717.97600098,5383225.15600536,2429709.74700458,22.5395004991298,114.026213598041,31.6437844481901,-0.00189635485570025,0.0122144357690379,0.0110743074494823,0.0165960503849666,1
3872,2206,383209.000413959,1334572009.00041,-2399717.57198628,5383224.52700988,2429709.74001232,22.5395029988436,114.026212500394,30.9585566897804,0.0335083223337865,0.0229620702685383,0.029669871883533,0.0503027398282389,1
3873,2206,383210.000415885,1334572010.00042,-2399717.25000184,5383223.82900935,2429709.69700352,22.539505300716,114.026212404218,30.2321587432546,-0.00385620984766641,0.021492655240878,0.00825476822573245,0.0233440738122771,1
3874,2206,383211.000417804,1334572011.00042,-2399716.80400669,5383223.05700893,2429709.54500553,22.5395071022951,114.026211499848,29.3549225059001,-0.0155892045285984,0.0205606812115301,0.0131326013184457,0.0289522041838938,1
3875,2206,383212.000419732,1334572012.00042,-2399716.47400286,5383222.44201271,2429709.47200449,22.5395089028933,114.026211003932,28.6840340429431,-0.00636920726651084,0.0295755370960407,0.0105781542983802,0.0320495950689458,1
3876,2206,383213.000421647,1334572013.00042,-2399716.13700595,5383221.91401239,2429709.39400487,22.5395103966109,114.026210101591,28.0819888632637,-0.0138445688807299,0.0289352598171112,0.0115126900103639,0.0340802491107641,1
3877,2206,383214.000423569,1334572014.00042,-2399715.93800762,5383221.59401194,2429709.38300454,22.5395115970365,114.026209601264,27.7329880087931,-0.0177848055746589,0.0278243325727075,0.0108035768048865,0.0347449286115849,1
3878,2206,383215.000425499,1334572015.00043,-2399715.79200509,5383221.34201359,2429709.45500334,22.5395132000338,114.026209302331,27.4930977909067,-0.0116764511728078,0.0314228458264807,0.00784526378521782,0.0344279380109439,1
3879,2206,383216.000427425,1334572016.00043,-2399715.57100513,5383220.97301042,2429709.45801186,22.5395147032361,114.026208800606,27.0998546777151,-0.0118920991345071,0.0240556439993347,0.0278375208482601,0.038665535002441,1
3880,2206,383217.000429346,1334572017.00043,-2399715.50201022,5383220.7430114,2429709.55000239,22.5395162948904,114.026209098349,26.9151452169143,-0.0235353245258835,0.0261026845913049,0.00547388780157225,0.035570002685915,1
3881,2206,383218.000431268,1334572018.00043,-2399715.31300894,5383220.4200116,2429709.49200553,22.5395170987332,114.026208698657,26.5493588453119,-0.0204765374633391,0.026350560953837,0.012757130497655,0.0357265311442856,1
3882,2206,383219.000433217,1334572019.00043,-2399715.13301125,5383220.0150082,2429709.4640121,22.5395183993942,114.026208703483,26.1292815959776,-0.0257680799087638,0.0183977303724962,0.0278250169439021,0.0421509429665807,1
3883,2206,383220.000435157,1334572020.00044,-2399714.9970099,5383219.63401264,2429709.40500508,22.539519303475,114.026209003927,25.7341140543573,-0.022517885321142,0.02865423158405,0.0115607212452103,0.038233106370238,1
3884,2206,383221.000437078,1334572021.00044,-2399714.84200801,5383219.36301477,2429709.32400131,22.5395197031012,114.026208700289,25.4161627179325,-0.0181291211087991,0.0333788588354689,0.0029022787905246,0.0380950977359764,1
3885,2206,383222.000438988,1334572022.00044,-2399714.70700574,5383219.08601393,2429709.25600679,22.5395202020237,114.026208597988,25.1056549773907,-0.0129370773743733,0.0313571482452122,0.0154318011007674,0.0372663279956099,1
3886,2206,383223.000440911,1334572023.00044,-2399714.61500895,5383218.82901159,2429709.2510088,22.5395211025338,114.026208798378,24.8523380852645,-0.0199507662035003,0.0258954769336645,0.0198290571978477,0.0382334971861612,1
3887,2206,383224.000442831,1334572024.00044,-2399714.36801001,5383218.55201174,2429709.16400668,22.5395216007642,114.026207701654,24.4924283581338,-0.0222995057576138,0.026235270519426,0.0150662154247525,0.037583882496176,1
3888,2206,383225.00044473,1334572025.00044,-2399714.18102741,5383218.36100062,2429709.16801211,22.5395225015999,114.026206797468,24.2625125681296,-0.0612972367581656,0.00133365803220308,0.0272101028921732,0.0670784583703003,1
3889,2206,383226.000446639,1334572026.00045,-2399713.97200192,5383218.32201659,2429709.16600326,22.5395229026908,114.026205095832,24.1502510047845,-0.00400496123827011,0.0370090149875677,0.00728299740003862,0.0379308443881629,1
3890,2206,383227.000448549,1334572027.00045,-2399713.76100246,5383218.25201788,2429709.15099899,22.5395232962309,114.026203499427,24.0061019525162,-0.00520978617019474,0.0397882018347018,-0.00223398116465799,0.0401899682635128,1
3891,2206,383228.000450464,1334572028.00045,-2399713.55900222,5383218.22901719,2429709.16900066,22.5395238037863,114.026201796905,23.9176361455378,-0.00472942670205988,0.0377737583748255,0.00151098837982458,0.0380986533170638,1
3892,2206,383229.000452383,1334572029.00045,-2399713.41400667,5383217.97801717,2429709.20499652,22.5395251019255,114.02620150296,23.6651661558076,-0.0145600126885062,0.0375121278160383,-0.00754029803906235,0.0409390986380275,1
3893,2206,383230.000454303,1334572030.00045,-2399713.29701011,5383217.6910161,2429709.30399808,22.5395269999265,114.026201600113,23.417006472801,-0.021991641690593,0.0351139025544269,-0.0041431429358191,0.041638733052722,1
3894,2206,383231.000456218,1334572031.00046,-2399713.12500708,5383217.48101047,2429709.36301121,22.5395283984979,114.026200904111,23.1977857899831,-0.015202736390366,0.0226227893300128,0.024666057321915,0.0367604158658889,1
3895,2206,383232.000458123,1334572032.00046,-2399712.90300834,5383217.26201211,2429709.44600804,22.5395300960003,114.026199799791,22.9613712662329,-0.017994704484036,0.0263448164688115,0.0175978347819464,0.0364354570886085,1
3896,2206,383233.000460039,1334572033.00046,-2399712.77400541,5383217.22601684,2429709.49499941,22.5395308002304,114.026198796845,22.9012732681071,-0.0115282886792356,0.0364463314683267,-0.00118213661964028,0.0382443978166532,1
3897,2206,383234.000461978,1334572034.00046,-2399712.61600961,5383217.14901492,2429709.55899987,22.5395318001528,114.026197698778,22.8014327734244,-0.0206290011338022,0.0322630926532064,-0.000123078130447961,0.0382946208174724,1
3898,2206,383235.000463902,1334572035.00046,-2399712.50600518,5383217.15501413,2429709.67400232,22.5395328954054,114.026196698303,22.8092088963217,-0.0108880014334167,0.0303164380785612,0.00512193584948779,0.0326170081373443,1
3899,2206,383236.000465823,1334572036.00047,-2399712.31400601,5383217.07801139,2429709.7690054,22.5395342018324,114.026195298323,22.7084645634101,-0.0126909739144729,0.0244160411237674,0.0116639811444761,0.0298873274013256,1
3900,2206,383237.000467744,1334572037.00047,-2399712.17700498,5383217.0740103,2429709.84000637,22.5395349997539,114.026194097727,22.6807856573118,-0.0103249036185952,0.0218914581190338,0.0137182657060433,0.02782140160546,1
3901,2206,383238.000469671,1334572038.00047,-2399711.95300033,5383217.00001142,2429709.93000647,22.5395363000639,114.026192401681,22.5686218372468,-0.000481922558221405,0.0244194500289891,0.0138699072241891,0.0280876505866552,1
3902,2206,383239.000471584,1334572039.00047,-2399711.79600336,5383217.10301115,2429710.01500243,22.5395369045987,114.026190600026,22.6290530711554,-0.00679236681950011,0.0232265492472531,0.00533234504148969,0.0247798858065815,1
3903,2206,383240.000473493,1334572040.00047,-2399711.57400372,5383216.8320119,2429710.15000272,22.5395392002461,114.026189701519,22.3687047062551,-0.00790346260137013,0.0253596103935672,0.00613363025424945,0.0272616210174784,1
3904,2206,383241.000475412,1334572041.00048,-2399711.61100223,5383217.01701201,2429710.42999995,22.5395408985335,114.026189297789,22.6460116692162,-0.00463474231792961,0.0251812655244823,0.00020947191253518,0.0256050941855372,1
3905,2206,383242.000477331,1334572042.00048,-2399711.58500601,5383216.98200888,2429710.65200242,22.539542897459,114.026189205513,22.6918055016668,-0.0126181841673563,0.0188580225189247,0.0054163160619487,0.0233276673649235,1
3906,2206,383243.000479249,1334572043.00048,-2399711.61800154,5383217.18500941,2429710.89099878,22.539544202508,114.026188694994,22.9670756757264,-0.00305020462140232,0.0193897549643073,-0.00235592873262368,0.0197690856136925,1
3907,2206,383244.000481178,1334572044.00048,-2399711.50600408,5383217.03400804,2429711.01800333,22.5395458970472,114.026188298239,22.8462584743692,-0.00837239806034383,0.0166185551250819,0.0070903444719898,0.0199134730385664,1
3908,2206,383245.000483096,1334572045.00048,-2399711.43800261,5383216.98300841,2429711.14400156,22.5395472050206,114.026187896313,22.8259611186843,-0.00525209147579264,0.0174159456767945,0.00324022926538511,0.0184769779558079,1
3909,2206,383246.000485039,1334572046.00048,-2399711.33600407,5383217.00500688,2429711.15900123,22.5395474043291,114.026186903597,22.8119116264175,-0.00832579073011678,0.0142990953656348,0.00262341639819122,0.0167530663806814,1
3910,2206,383247.000486979,1334572047.00049,-2399711.29600454,5383217.09400799,2429711.22099545,22.5395476963823,114.02618619617,22.8957140197261,-0.0090632485125748,0.0162083615526625,-0.00928651466748388,0.0207627746819136,1
3911,2206,383248.000488916,1334572048.00049,-2399711.12099771,5383216.97901059,2429711.25599793,22.5395485985475,114.026185097449,22.7463082769945,0.00483853816946235,0.0215060045338839,-0.00406367188845567,0.0224150197824094,1
3912,2206,383249.000490851,1334572049.00049,-2399711.00699835,5383216.89900736,2429711.37400424,22.53954999639,114.026184401905,22.681182568502,0.00366446648938177,0.0147335772259535,0.00877205805944844,0.0175344123118875,1
3913,2206,383250.000492794,1334572050.00049,-2399710.79700215,5383216.73200628,2429711.46700288,22.5395515960028,114.026183198347,22.4969801718192,-0.00401341946393435,0.0124065590527329,0.00593098473137607,0.0143250418221467,1
3914,2206,383251.000494716,1334572051.00049,-2399710.55900039,5383216.52600975,2429711.52899539,22.5395530997663,114.026181900473,22.2574646214371,-0.000195244329460361,0.0191658547321836,-0.00920708989949601,0.0212635512645643,1
3915,2206,383252.000496641,1334572052.0005,-2399710.16600204,5383216.17500728,2429711.59300212,22.5395552972287,114.026179800324,21.8381081888118,-0.00372302821125205,0.0142885020235348,0.00427046905883831,0.0153707233115697,1
3916,2206,383253.000498544,1334572053.0005,-2399709.90699931,5383215.94700724,2429711.59500652,22.5395563998234,114.026178403073,21.5491384474868,0.00167537778483806,0.0142927915793147,0.0131638264651282,0.0195032589342312,1
3917,2206,383254.000500463,1334572054.0005,-2399709.71300211,5383215.81701472,2429711.65698871,22.5395576011876,114.026177195087,21.3902834631802,-0.0039776341054233,0.0291926080004926,-0.0224775597821388,0.0370576662609327,1
3918,2206,383254.999502425,1334572054.9995,-2399709.55699932,5383215.69199099,2429711.70299745,22.539558600067,114.026176304788,21.2437850822979,-0.00112783288416106,0.0178888722400311,0.00520229092774626,0.0186640721154752,1
3919,2206,383255.999504367,1334572055.9995,-2399709.33000482,5383215.51299233,2429711.75298546,22.5395599028369,114.026174997787,21.0265825053827,0.0100505849557014,0.0151887690062044,0.0293784519328106,0.0345659717040339,1
3920,2206,383256.999506297,1334572056.99951,-2399709.20000019,5383215.39799545,2429711.78298436,22.5395606998437,114.026174298639,20.8921825012977,0.000565462838218558,0.00902300681976126,0.0316777975022087,0.0329426358217099,1
3921,2206,383257.999508207,1334572057.99951,-2399709.04299688,5383215.34899398,2429711.88199337,22.5395619018318,114.026173098555,20.8297558333796,-0.00611401480870417,0.0121487506754257,0.013599650334836,0.0192334034763615,1
3922,2206,383258.999510122,1334572058.99951,-2399708.9919955,5383215.33599465,2429711.93999451,22.5395624985715,114.026172697166,20.8218435169065,-0.00909156258668446,0.0108901765834924,0.011270035997526,0.0181181171116863,1
3923,2206,383259.999512039,1334572059.99951,-2399708.64899484,5383215.04499407,2429711.97599463,22.5395642022767,114.026170803455,20.4611705887754,-0.0100531268116526,0.0117052270043914,0.0110506360443255,0.0189787843367179,1
3924,2206,383260.999513953,1334572060.99951,-2399708.49699939,5383214.9319925,2429711.97899332,22.5395647987721,114.026169901152,20.3098343450161,-0.00102900453454276,0.0152413027290377,0.013719771710271,0.0205326153958095,1
3925,2206,383261.999515837,1334572061.99952,-2399708.31500061,5383214.82799166,2429712.06499527,22.5395661013886,114.026168696824,20.1866251164397,0.00153406783896929,0.0170408193430245,0.00988831139775794,0.0197616191218025,1
3926,2206,383262.999517757,1334572062.99952,-2399708.16599783,5383214.71999616,2429712.08298821,22.5395668028992,114.026167801278,20.0463849800956,-0.00427793327853103,0.00778064719703245,0.0244440633503696,0.0260067571415034,1
3927,2206,383263.999519698,1334572063.99952,-2399707.96999664,5383214.58399344,2429712.16599424,22.5395682014404,114.026166599287,19.8897651514828,-0.00669495058428858,0.0134443789205551,0.0120939319405594,0.019283072308852,1
3928,2206,383264.999521596,1334572064.99952,-2399707.88099612,5383214.51099002,2429712.14700227,22.53956839928,114.026166098002,19.7874310284421,-0.00798246821824513,0.0207239988760345,-0.00478074382076317,0.0227169416900457,1
3929,2206,383265.999523531,1334572065.99952,-2399707.76499744,5383214.40199183,2429712.20599587,22.5395693994136,114.026165499469,19.6744727646554,-0.00518839487201558,0.0169715746607637,0.00874676519474124,0.0197853402595399,1
3930,2206,383266.999525448,1334572066.99953,-2399707.56999841,5383214.19098929,2429712.1169972,22.5395695990497,114.026164603229,19.3890274365089,-0.00307016422898607,0.0222354990317755,0.00577263754890326,0.0231768563411012,1
3931,2206,383267.999527364,1334572067.99953,-2399707.38800124,5383214.03599101,2429712.11199061,22.5395703038375,114.026163600765,19.187912246604,0.00287207450106516,0.0187754508141965,0.019842281364272,0.0274678447453548,1
3932,2206,383268.999529274,1334572068.99953,-2399707.22899301,5383213.90599342,2429712.01099227,22.5395700965594,114.026162703466,18.9797368355278,-0.0146085560896208,0.0137762812946615,0.016253562699759,0.0258335854609505,1
3933,2206,383269.999530017,1334572069.99953,-2399707.01599745,5383213.78298942,2429711.92899556,22.5395701017423,114.026161299131,18.7644427771536,-0.00512256814001295,0.0223157267872731,0.009318321221488,0.024719698153095,1
3934,2206,383270.999534358,1334572070.99953,-2399706.86999489,5383213.68299297,2429711.86599043,22.5395700981666,114.026160398564,18.6010305532276,-0.010748040847723,0.014931068902663,0.0204430872205776,0.0275023092802865,1
3935,2206,383271.999535127,1334572071.99954,-2399706.80399794,5383213.71099071,2429711.84099464,22.5395698941842,114.02615970176,18.5902494472269,-0.00432476504902686,0.0200076590635249,0.0114767985519863,0.0234675716454517,1
3936,2206,383272.999537061,1334572072.99954,-2399706.78299302,5383213.73998885,2429711.77700366,22.5395692983873,114.026159400481,18.5822839878952,-0.0150214704928891,0.0240934623212734,-0.00798263111576103,0.0294934213329969,1
3937,2206,383273.999538986,1334572073.99954,-2399706.68299678,5383213.76899035,2429711.81899676,22.5395696978729,114.026158397823,18.5852423864137,-0.00683108996995419,0.0209365972541912,0.00707963170243096,0.0231327923045161,1
3938,2206,383274.999540917,1334572074.99954,-2399706.64499702,5383213.78499325,2429711.80699148,22.5395696007031,114.026157997083,18.5798504979626,-0.00643318886021539,0.0147056867740553,0.0185192716962072,0.0245072757883402,1
3939,2206,383275.999542828,1334572075.99954,-2399706.56199741,5383213.82499518,2429711.86798929,22.5395700999648,114.026157101799,18.6057653270966,-0.00553709568908203,0.0105898396274201,0.023475425234641,0.0263419764245537,1
3940,2206,383276.999544745,1334572076.99954,-2399706.55599698,5383213.91399539,2429711.90099282,22.5395701023051,114.026156696254,18.6912397306199,-0.0066251533058478,0.0102408451447746,0.0157927752477214,0.0199544309773614,1
3941,2206,383277.999546661,1334572077.99955,-2399706.50599822,5383214.00199255,2429711.98600027,22.5395706035676,114.026155904017,18.7792564872713,-0.00384400215208083,0.016526699414891,-0.000497361951304447,0.0169751440349107,1
3942,2206,383278.999548568,1334572078.99955,-2399706.51199617,5383214.0929969,2429712.0209928,22.5395705992508,114.026155597073,18.8716960183648,-0.00848813327099079,0.00698633451407304,0.0159762711348927,0.0193932595440847,1
3943,2206,383279.999550483,1334572079.99955,-2399706.41799362,5383214.10899548,2429712.07099864,22.5395710982297,114.0261546991,18.8690106568928,-0.0140424492102609,0.0100588476911051,0.00309412237198345,0.01754834436488,1
3944,2206,383280.99955241,1334572080.99955,-2399706.40999608,5383214.19299443,2429712.06599967,22.5395708022351,114.026154295618,18.9349478482517,-0.00873516057854612,0.0125338073893744,0.000730998546636482,0.0152948918558487,1
3945,2206,383281.999554324,1334572081.99955,-2399706.4049976,5383214.30699672,2429712.2039954,22.5395715998087,114.02615380001,19.0821363780731,-0.00537211500866644,0.00748901291754633,0.0104916623838264,0.0139649530511818,1
3946,2206,383282.999556227,1334572082.99956,-2399706.34500371,5383214.32299189,2429712.22399802,22.5395718006245,114.026153204014,19.0807363244709,0.00842936780876524,0.01827148645382,0.00447923507080361,0.0206146793743462,1
3947,2206,383283.999558153,1334572083.99956,-2399706.34599742,5383214.35100071,2429712.36598589,22.5395728949274,114.026153101977,19.1591650390198,-0.00584243760769422,-0.0015684726687537,0.0320842495331134,0.0326495520921117,1
3948,2206,383284.999560057,1334572084.99956,-2399706.31299785,5383214.32799623,2429712.43599436,22.5395735980759,114.026152900026,19.1541847871916,-0.00482865839990223,0.0085278758882234,0.0128897420292261,0.0161921604082928,1
3949,2206,383285.999561967,1334572085.99956,-2399706.35398559,5383214.36999458,2429712.47101114,22.5395736995857,114.026153097725,19.218450536647,-0.0329188313468377,0.0124226955929355,-0.0253706787865628,0.0433779225543044,1
3950,2206,383286.999563888,1334572086.99956,-2399706.26701438,5383214.27497868,2429712.43201368,22.5395737973035,114.026152701584,19.0906414586929,0.033075055731627,0.0487085051113647,-0.0313768583453198,0.0667157029600703,1
3951,2206,383287.999565834,1334572087.99957,-2399706.2589965,5383214.20599327,2429712.47699681,22.5395744018926,114.026152903441,19.0466737185259,-0.00805207757901508,0.0153717545681401,0.00741484372521944,0.018870789578368,1
3952,2206,383288.999567753,1334572088.99957,-2399706.21999513,5383213.99399339,2429712.55799704,22.5395758027073,114.026153396253,18.884214701362,-0.0112029248075944,0.015003322072919,0.00693484945650047,0.0199674068034054,1
3953,2206,383289.999569673,1334572089.99957,-2399706.25699752,5383214.0259913,2429712.5399991,22.5395754992796,114.026153598148,18.9182237761714,-0.00579331646725421,0.0202284038873821,0.00206882884586215,0.0211431050774073,1
3954,2206,383290.999571592,1334572090.99957,-2399706.38099051,5383214.12699564,2429712.55099862,22.5395750969332,114.026154299304,19.0542746080536,-0.0222829988036288,0.0102956130873045,0.00322627916062527,0.0247576364329934,1
3955,2206,383291.999573512,1334572091.99957,-2399706.35199684,5383214.11299392,2429712.55299762,22.5395751987367,114.026154097288,19.0323259590975,-0.00735667132888763,0.014215278360996,0.00558569545461966,0.0169527208917518,1
3956,2206,383292.999575438,1334572092.99958,-2399706.41300018,5383214.22399209,2429712.56899935,22.5395748952905,114.026154199601,19.1550375167183,0.000359816634153896,0.0187443644391103,0.00154849115251353,0.0188116583821259,1
3957,2206,383293.999577362,1334572093.99958,-2399706.39599602,5383214.21199521,2429712.56199797,22.5395748987898,114.026154096105,19.1358387777002,-0.00939167574089135,0.0113101127786007,0.00479902767059008,0.0154645688872921,1
3958,2206,383294.999579275,1334572094.99958,-2399706.43599819,5383214.24999596,2429712.53499637,22.5395744970603,114.026154300876,19.172588587834,-0.00435021868113767,0.00963648879226922,0.00859085291855132,0.0136231080405842,1
3959,2206,383295.999581193,1334572095.99958,-2399706.44899861,5383214.20399897,2429712.50799168,22.5395743989287,114.026154598365,19.1283232398141,-0.00333364231670825,0.00238557675862305,0.0198095519408922,0.0202292485195555,1
3960,2206,383296.999583109,1334572096.99958,-2399706.51099242,5383214.19199944,2429712.42999675,22.5395736989741,114.026155196304,19.1116163565018,-0.0182481010123196,0.00133024745503365,0.00768618753862481,0.0198454082277577,1
3961,2206,383297.999585013,1334572097.99958,-2399706.61399747,5383214.32099744,2429712.44799818,22.5395732961021,114.026155600307,19.2660738434086,-0.00619990348695214,0.00633070660476463,0.00440448865735104,0.00989525996100485,1
3962,2206,383298.999586925,1334572098.99959,-2399706.82600691,5383214.64499935,2429712.55899737,22.5395728987283,114.026156200326,19.6616746873868,0.0164421293150704,0.00197855850196899,0.00650003353181614,0.0177906926811169,1
3963,2206,383299.999588836,1334572099.99959,-2399706.98497233,5383214.67302285,2429712.65598527,22.5395733950198,114.026157500863,19.7822721126187,-0.0674544492872211,-0.0554947052587068,0.0359005925455523,0.0944384327777351,1
3964,2206,383300.999590799,1334572100.99959,-2399706.9980044,5383214.52699687,2429712.59100488,22.5395732963582,114.026158194553,19.6390780406813,0.0107583628333859,0.00748156784543422,-0.0120193755399862,0.0177814964682907,1
3965,2206,383301.999592747,1334572101.99959,-2399707.00399189,5383214.38700088,2429712.51500514,22.5395730966532,114.026158801827,19.4940977311882,-0.0199058536768858,-0.00233584887671242,-0.0127028408930198,0.0237289141625529,1
3966,2206,383302.999594668,1334572102.99959,-2399707.02399599,5383214.33200099,2429712.46199971,22.5395728002541,114.026159197136,19.4349047168499,-0.00990216571924629,-0.002512579535886,0.000646722260260727,0.0102364149748575,1
3967,2206,383303.999596592,1334572103.9996,-2399707.01300047,5383214.28000205,2429712.46399299,22.5395729967763,114.026159305321,19.3876679521231,0.00117654738778075,-0.0051377434299648,0.0173678783334061,0.0181500377165403,1
3968,2206,383304.999598503,1334572104.9996,-2399706.99399697,5383214.18900011,2429712.43899866,22.5395731028056,114.026159496779,19.2941721934109,-0.00752857617843001,-0.000390742329560901,0.00330093104564733,0.00822971959489829,1
3969,2206,383305.999600422,1334572105.9996,-2399706.93899982,5383214.11500153,2429712.46099274,22.5395735977143,114.026159301348,19.2194964759429,-0.000382959060690073,-0.00391314511465783,0.0181793649980249,0.0185996955368078,1
3970,2206,383306.99960234,1334572106.9996,-2399706.92000169,5383214.0739989,2429712.45399771,22.5395736957817,114.026159294954,19.1750813049521,0.00425801318031712,0.00271670572332769,0.00572773908462519,0.00763663284782362,1
3971,2206,383307.999604252,1334572107.9996,-2399706.85400077,5383213.97399878,2429712.45399793,22.5395741049647,114.026159104736,19.0659021632066,0.00201052207391173,0.00295075123781377,0.00521491013411808,0.00632015977520136,1
3972,2206,383308.999606175,1334572108.99961,-2399706.92499668,5383214.15999834,2429712.54800562,22.5395742009224,114.026158998915,19.2855434331803,-0.00850935563789014,0.00443295317642552,-0.0141539349488576,0.0170995345484305,1
3973,2206,383309.999608091,1334572109.99961,-2399706.95299604,5383214.19799497,2429712.57901183,22.5395742999391,114.026159097129,19.3400117081773,-0.0101314655227134,0.0128720314954721,-0.0301213910163225,0.0342875193797473,1
3974,2206,383310.999610014,1334572110.99961,-2399706.9380044,5383214.18799932,2429712.64499412,22.5395749029984,114.026159003581,19.3512342244046,0.0112852470339964,0.00172169926508767,0.0151587472639423,0.0189765293873723,1
3975,2206,383311.999611913,1334572111.99961,-2399706.97000031,5383214.26099975,2429712.76199908,22.5395756029906,114.026158998734,19.4696995387979,0.000764911276169088,0.00071822397355536,0.00248778240643116,0.00269999930339782,1
3976,2206,383312.999613824,1334572112.99961,-2399707.04500157,5383214.42899973,2429712.93400179,22.5395764007317,114.026158999719,19.7055598905821,0.00397652762313801,0.000886198939727359,-0.00444028549433331,0.00602613107802514,1
3977,2206,383313.99961573,1334572113.99962,-2399707.09199754,5383214.53400579,2429713.10199549,22.5395774036676,114.026159001377,19.8762108120631,-0.00646467310884697,-0.0149340867012478,0.0119274568846492,0.0201763022315736,1
3978,2206,383314.999617547,1334572114.99962,-2399707.16700571,5383214.67700249,2429713.22799568,22.5395778967636,114.026159101388,20.0733474265808,0.0148302448151432,-0.00632826216565026,0.0114340805680954,0.0197666704771436,1
3979,2206,383315.999619575,1334572115.99962,-2399707.26699248,5383214.77500467,2429713.36600582,22.53957859708,114.026159601274,20.2465239595712,-0.0198614072682599,-0.0121578787021806,-0.0151269971627658,0.0277689675064621,1
3980,2206,383316.999621612,1334572116.99962,-2399707.30699834,5383214.89100461,2429713.47700512,22.5395790997449,114.026159497353,20.4019734073451,-0.00442944646690516,-0.0120323976045244,-0.0133947360436083,0.0185423175950172,1
3981,2206,383317.999623417,1334572117.99962,-2399707.41298257,5383214.95201273,2429713.57800267,22.5395795998643,114.026160196915,20.5320096642013,-0.0463621051583708,-0.0337125632340054,-0.00696444810295103,0.0577450019646838,1
3982,2206,383318.999625311,1334572118.99963,-2399707.52699852,5383215.02900776,2429713.69799982,22.5395801965868,114.026160904514,20.685835669696,-0.00406679091782883,-0.0206044440599171,0.000606740024900459,0.021010712430696,1
3983,2206,383319.999627236,1334572119.99963,-2399707.70099839,5383215.34500739,2429713.88400332,22.5395805036588,114.026161198718,21.0891430013329,-0.00450744422100747,-0.0194617306404671,-0.00870112720972678,0.0217895761236293,1
3984,2206,383320.999629138,1334572120.99963,-2399707.92100454,5383215.7870102,2429714.05199863,22.5395801973199,114.026161402686,21.6091435653405,0.0119896737390941,-0.0269889434806082,0.00387980364890807,0.0297860407393038,1
3985,2206,383321.99963108,1334572121.99963,-2399707.98400644,5383216.00500626,2429714.21700942,22.5395807955877,114.026161099242,21.8799876968551,0.0173623401874453,-0.0167068655119481,-0.025336711776413,0.0349645416909749,1
3986,2206,383322.999632969,1334572122.99963,-2399708.012005,5383216.01601214,2429714.33399508,22.5395816970548,114.02616130428,21.9446442570523,0.0135793988129181,-0.0330451327834712,0.0135379346042597,0.0382054517856646,1
3987,2206,383323.999634903,1334572123.99963,-2399708.03400491,5383216.09300742,2429714.4750044,22.5395825987137,114.026161194866,22.0719219624617,0.0134168784023151,-0.0202255186398582,-0.0118800385503977,0.0270225747528376,1
3988,2206,383324.999636823,1334572124.99964,-2399708.08600681,5383216.20800816,2429714.64800262,22.539583604735,114.026161201413,22.2548051721272,0.018686281711114,-0.0223092195257889,-0.00702539354695405,0.0299371767961933,1
3989,2206,383325.999638732,1334572125.99964,-2399708.08100774,5383216.47601016,2429714.96400077,22.539585400058,114.026160096261,22.6001386853508,0.0213996800807946,-0.0277944313822562,-0.00179617704882582,0.0351241081796255,1
3990,2206,383326.999640648,1334572126.99964,-2399708.17200329,5383216.57901007,2429715.17400626,22.5395866977251,114.026160496533,22.8017474682769,0.00904053071258044,-0.0278701766008532,-0.0171712368118505,0.0339607024806099,1
3991,2206,383327.999642564,1334572127.99964,-2399708.18800805,5383216.79101097,2429715.48500118,22.5395885987696,114.02615979953,23.1058196017521,0.0224884024045022,-0.0304444505865885,-0.0029552656262171,0.0379648048743511,1
3992,2206,383328.999644482,1334572128.99964,-2399708.24900781,5383216.95300967,2429715.62900419,22.5395892016843,114.026159699949,23.3206191374343,0.0218928103695849,-0.0269987637126429,-0.0116257137316232,0.0366522251392652,1
3993,2206,383329.999646396,1334572129.99965,-2399708.28800437,5383217.06601154,2429715.83400238,22.5395904992511,114.026159598933,23.5091917156404,0.0123117519289832,-0.0324854243634883,-0.00649789963564913,0.0353426757803043,1
3994,2206,383330.999648304,1334572130.99965,-2399708.27201992,5383217.08000411,2429715.84800073,22.5395905942939,114.026159401623,23.5203506100023,0.0566236871125656,-0.0116409015992322,-0.00206915022370153,0.0578449126104706,1
3995,2206,383331.999650246,1334572131.99965,-2399708.23799885,5383217.00301889,2429716.02898873,22.5395923951768,114.026159404261,23.5119893538877,-0.00327256041830802,-0.0540569597387773,0.0324035392434481,0.0631098558340371,1
3996,2206,383332.99965212,1334572132.99965,-2399708.22800438,5383217.00701492,2429716.08899095,22.5395928970797,114.026159299704,23.5346020793053,0.0125820679925448,-0.0428431961427763,0.0260519790126911,0.0516967455569025,1
3997,2206,383333.999654048,1334572133.99965,-2399708.12300535,5383216.94901023,2429716.19300024,22.5395940959441,114.026158597002,23.4860535562339,0.0155451500559341,-0.0295881735920773,-0.000600661463442474,0.0334286179937202,1
3998,2206,383334.999656017,1334572134.99966,-2399707.94803283,5383216.88299754,2429716.12699755,22.5395940007536,114.026157304701,23.339266500593,0.0955405292995003,0.00708894390973203,0.00705347088018263,0.0960624656983235,1
3999,2206,383335.999657939,1334572135.99966,-2399707.73100022,5383216.52401391,2429716.06198825,22.5395948993871,114.026156798541,22.9298953047984,0.000842021929358519,-0.041021299750238,0.0342511394943529,0.0534471382843836,1
4000,2206,383336.999659856,1334572136.99966,-2399707.47400684,5383215.97200364,2429715.89299736,22.5395955973532,114.026156701577,22.302802477104,0.0203577121649892,-0.0112530177600798,0.00756841103202192,0.0244611467198669,1
