epoch,week,tow,time_gps_s,gt_ecef_x_m,gt_ecef_y_m,gt_ecef_z_m,gt_lat_deg,gt_lon_deg,gt_h_m,gt_vel_x_mps,gt_vel_y_mps,gt_vel_z_mps,speed_mps,is_static
1,1900,130925.9,1149250925.9,3784144.348412214,901246.3434095364,5037714.15416023,52.5116592071648,13.3962173447854,75.4481837682877,0.0006903935111018826,-0.002102214335939224,-0.00014155817902332567,0.0022172025240037,1
2,1900,130926.1,1149250926.1,3784144.3457694827,901246.3437296329,5037714.15599387,52.5116592349959,13.3962173583901,75.4481192514583,0.00021237308418900258,-0.000646654301082817,-4.3546954173075146e-05,0.0006820267217746,1
3,1900,130926.3,1149250926.3,3784144.3418856133,901246.3418550804,5037714.159188514,52.5116592825054,13.3962173447846,75.4480904028076,5.19720838166261e-05,-0.00015825987501222067,-1.0655027310269957e-05,0.0001669155928669,1
4,1900,130926.5,1149250926.5,3784144.3468619296,901246.3428322718,5037714.155320668,52.5116592252187,13.3962173418045,75.448105321806,-9.366520204613033e-05,0.0002852206430792367,1.9202485864560993e-05,-0.0003008200804073,1
5,1900,130926.7,1149250926.7,3784144.3459743666,901246.3422633834,5037714.1561603835,52.5116592369077,13.3962173366821,75.4481659296523,6.871326963556323e-05,-0.00020924627134124213,-1.4085805809204985e-05,0.0002206896586148,1
6,1900,130926.9,1149250926.9,3784144.347217949,901246.34440863,5037714.154974608,52.5116592182523,13.3962173631761,75.4482637797626,0.00016657695163128618,-0.0005072092707281724,-3.4156576746783256e-05,0.0005349540137829,1
7,1900,130927.1,1149250927.1,3784144.3453533202,901246.3442778462,5037714.156544857,52.5116592399904,13.3962173676652,75.4483873604393,0.00030674619764072035,-0.0009339662550841623,-6.290600627585467e-05,0.0009850600799081,1
8,1900,130927.3,1149250927.3,3784144.348580263,901246.3447502668,5037714.154219438,52.511659204108,13.3962173634223,75.4485192879619,0.0006062292455807862,-0.0018458094787662945,-0.00012432403893624654,0.001946787866399,1
9,1900,130927.5,1149250927.5,3784144.34686106,901246.3427865602,5037714.156003047,52.5116592290323,13.3962173411525,75.4486398137825,0.0005367851477281108,-0.0016344015175437357,-0.00011007707463277244,0.0017238107720195,1
10,1900,130927.7,1149250927.7,3784144.3474384937,901246.3443408343,5037714.155420766,52.5116592192746,13.3962173614521,75.4487388092232,3.545200589719991e-05,-0.00010795561469094291,-7.268007971632117e-06,0.0001138599288833,1
11,1900,130927.9,1149250927.9,3784144.3521964788,901246.3447308409,5037714.15189021,52.5116591663171,13.3962173508037,75.448809305683,-0.0004290627570501173,0.0013065729316907027,8.795756310027067e-05,-0.0013780291028207,1
12,1900,130928.1,1149250928.1,3784144.3532278137,901246.3460345424,5037714.150932213,52.51165915177,13.3962173659641,75.4488435750776,-0.0009351918518288702,0.002847478023425124,0.0001917756246674982,-0.0030032470400939,1
13,1900,130928.3,1149250928.3,3784144.3455004594,901246.343762698,5037714.15708993,52.5116592428019,13.3962173597819,75.4488343388354,-0.0015054613198803059,0.004583910029074213,0.00030870545669708975,-0.0048346606912272,1
14,1900,130928.5,1149250928.5,3784144.344027935,901246.3465515345,5037714.157617893,52.5116592512964,13.3962174047661,75.4487747051411,-0.0019025290152607792,0.005793182625512524,0.00039008088575825885,-0.0061100527562275,1
15,1900,130928.7,1149250928.7,3784144.3419790966,901246.3459604575,5037714.159103341,52.5116592746089,13.3962174032886,75.4486570351657,-0.001585782610692913,0.004828227602110996,0.0003252201546079959,-0.0050923723759291,1
16,1900,130928.9,1149250928.9,3784144.3424366284,901246.3458746074,5037714.158540652,52.5116592684996,13.3962174004972,75.4484693250244,-0.00028826042937678145,0.0008775940027108821,5.9130613010781796e-05,-0.0009256142490982,1
17,1900,130929.1,1149250929.1,3784144.343171357,901246.3454576174,5037714.157720489,52.5116592596064,13.3962173920152,75.4481947380715,0.0006133461509987377,-0.0018672595599074243,-0.00012582247869892088,0.0019694372447876,1
18,1900,130929.3,1149250929.3,3784144.342772944,901246.3450427123,5037714.157612366,52.5116592624641,13.3962173874299,75.4478145648294,0.000966405600377825,-0.0029421178814951197,-0.000198247560983299,0.003103111262667,1
19,1900,130929.5,1149250929.5,3784144.347386604,901246.3443390217,5037714.153670203,52.5116592100634,13.3962173616032,75.447318800415,0.0010152614550370197,-0.0030908600951338556,-0.00020826877357873176,0.003259991998736,1
20,1900,130929.7,1149250929.7,3784144.3442079243,901246.3437800378,5037714.155369835,52.5116592423315,13.3962173644411,75.4467066936142,0.0021122334999594105,-0.006429933847479496,-0.00043339650864491726,0.0067818443048347,1
21,1900,130929.9,1149250929.9,3784144.3485726486,901246.3434256639,5037714.151271711,52.5116591902275,13.396217344469,75.445989052358,0.0044055417409206155,-0.01341121734568991,-0.0009039230549909845,0.0141451979701124,1
22,1900,130930.1,1149250930.1,3784144.354141419,901246.3326274352,5037714.148022822,52.5116591516698,13.3962171707456,75.445185494082,0.007840491730146412,-0.023869010461722285,-0.0016084843388873443,0.0251751900263086,1
23,1900,130930.3,1149250930.3,3784144.359273912,901246.3293737676,5037714.143683992,52.5116590977134,13.3962171066116,75.4443225982601,0.012746284666239737,-0.03881514392522897,-0.002612904084559384,0.0409378851247126,1
24,1900,130930.5,1149250930.5,3784144.368255968,901246.3219437696,5037714.137178566,52.5116590121043,13.3962169695014,75.4434307864241,0.021981940460141534,-0.06694511374125088,-0.004505186541158327,0.0706055993954648,1
25,1900,130930.7,1149250930.7,3784144.3717231634,901246.283953326,5037714.140220096,52.5116590674501,13.3962164133318,75.442540136821,0.044578040256823014,-0.13578807465891737,-0.009131367872987909,0.143209583380256,0
26,1900,130930.9,1149250930.9,3784144.385986444,901246.2319601248,5037714.137737698,52.5116590408301,13.3962156196853,75.4416836714372,0.08460051095491349,-0.25766717581379167,-0.017335326855892584,0.27175381046618,0
27,1900,130931.1,1149250931.1,3784144.3956873207,901246.1591151244,5037714.142460436,52.5116591197114,13.3962145428374,75.4409030323373,0.13971038166313224,-0.42544814622723914,-0.02863965556235514,0.448715216750427,0
28,1900,130931.3,1149250931.3,3784144.4279559054,901246.057305066,5037714.1356492825,52.5116590268212,13.3962129739581,75.44024736512,0.20230802061040656,-0.6154215347334323,-0.041587234357162495,0.649154603063424,0
29,1900,130931.5,1149250931.5,3784144.4703793814,901245.9136193892,5037714.12892007,52.5116589331192,13.3962107704197,75.4397642547224,0.2670876880462969,-0.8114934089375504,-0.05507920140078727,0.856090593501617,0
30,1900,130931.7,1149250931.7,3784144.5459370967,901245.7286681733,5037714.105054774,52.5116585840319,13.3962078625471,75.4394823283522,0.3328423026978281,-1.010822977937087,-0.06871973373747309,1.06642838155956,0
31,1900,130931.9,1149250931.9,3784144.6236155285,901245.5081476918,5037714.086188123,52.5116583063341,13.3962044377911,75.4394069113596,0.4007368503603169,-1.2136849057832217,-0.08332926164551248,1.28084536131772,0
32,1900,130932.1,1149250932.1,3784144.7091404037,901245.2454632418,5037714.069207274,52.511658054179,13.396200382122,75.4395280331605,0.46932581854722466,-1.416338827190904,-0.09849391615977442,1.49532051710796,0
33,1900,130932.3,1149250932.3,3784144.8153633303,901244.9433193658,5037714.044002398,52.5116576786604,13.3961956904355,75.4398138010064,0.5416157103331021,-1.622526341076884,-0.11579206973967159,1.71445242237356,0
34,1900,130932.5,1149250932.5,3784144.9451986114,901244.6016361751,5037714.008353283,52.5116571475523,13.396190351642,75.4402166585383,0.6236604204796682,-1.8435623149570228,-0.1377300763059406,1.9510622499351,0
35,1900,130932.7,1149250932.7,3784145.0880110357,901244.2132959352,5037713.971404563,52.5116565963985,13.396184300049,75.4406925754483,0.7101442224049528,-2.075498693636378,-0.161043276209218,2.19953053643582,0
36,1900,130932.9,1149250932.9,3784145.2419919386,901243.7768445049,5037713.934702438,52.5116560486035,13.3961775209932,75.4411925955531,0.7999211483091435,-2.3010308348750765,-0.18795169865597902,2.44334659587742,0
37,1900,130933.1,1149250933.1,3784145.4178968463,901243.2976997169,5037713.889194684,52.5116553711024,13.3961700554,75.4416656303257,0.8881775829623626,-2.515310833299238,-0.2157252243686641,2.67622595821397,0
38,1900,130933.3,1149250933.3,3784145.608253596,901242.7755311066,5037713.840459457,52.5116546467799,13.396161924033,75.4420674127146,0.9764624434518647,-2.7179097732868276,-0.2455957750448474,2.89841848667854,0
39,1900,130933.5,1149250933.5,3784145.8063627155,901242.2124770696,5037713.793072631,52.5116539436006,13.3961531803935,75.4423639598124,1.0641114432115952,-2.910389037421447,-0.2767902429537012,3.11115900450478,0
40,1900,130933.7,1149250933.7,3784146.034536729,901241.6166601881,5037713.728897706,52.5116529941822,13.3961438647236,75.4425196134103,1.1480530828503628,-3.0867894161140996,-0.3080758376541884,3.30774931066769,0
41,1900,130933.9,1149250933.9,3784146.2848140257,901240.9887075187,5037713.65371782,52.5116518843437,13.3961340131768,75.4424979908371,1.216833386850642,-3.242000489766182,-0.33181447213324405,3.47869968679615,0
42,1900,130934.1,1149250934.1,3784146.5426657493,901240.3337247091,5037713.5774146905,52.5116507604752,13.3961237484875,75.4422582481599,1.2653557585180624,-3.3701532380013375,-0.34524631442038295,3.6163867410506,0
43,1900,130934.3,1149250934.3,3784146.813060342,901239.6546265479,5037713.49571197,52.5116495599094,13.3961130954651,75.4417597209018,1.2969092623754426,-3.473015834476551,-0.3505112324869145,3.72379789267081,0
44,1900,130934.5,1149250934.5,3784147.094231958,901238.9581646349,5037713.408657106,52.5116482840008,13.3961021568744,75.4409466008244,1.320683579517801,-3.5615740305045267,-0.35251377636269693,3.81487623056079,0
45,1900,130934.7,1149250934.7,3784147.3698377144,901238.2412965058,5037713.32893376,52.5116471205078,13.3960909448914,75.4397784375364,1.3445921398052507,-3.6686102581151285,-0.35133296472806497,3.92301721898824,0
46,1900,130934.9,1149250934.9,3784147.647804495,901237.4973062375,5037713.251806323,52.5116459996401,13.3960793362383,75.4382437293648,1.3807040975782285,-3.825544134756388,-0.35039075261552,4.08214470732687,0
47,1900,130935.1,1149250935.1,3784147.915115335,901236.7105291105,5037713.18979409,52.5116451060389,13.3960671508861,75.4363609332602,1.4346331233807543,-4.035271457571246,-0.3533611480382488,4.29726099229885,0
48,1900,130935.3,1149250935.3,3784148.2144625,901235.8839476886,5037713.110553727,52.5116439617486,13.396054285885,75.4341625019545,1.5013835315619934,-4.2811289774160315,-0.35947780119954725,4.55098254442621,0
49,1900,130935.5,1149250935.5,3784148.529690063,901235.0060806634,5037713.028223187,52.5116427751255,13.3960406318588,75.4316827410393,1.569076235216544,-4.534186631898411,-0.36501820924576445,4.81186938080083,0
50,1900,130935.7,1149250935.7,3784148.8641251265,901234.0793225716,5037712.939933221,52.5116415034425,13.3960262117637,75.4289524099592,1.6340434020408519,-4.780784625685596,-0.3696730272836764,5.0658323722806,0
51,1900,130935.9,1149250935.9,3784149.215134385,901233.1056691005,5037712.84733306,52.5116401706884,13.3960110631806,75.4260025217524,1.6949056110825071,-5.023319289031312,-0.3719871938628293,5.31458523145795,0
52,1900,130936.1,1149250936.1,3784149.5834609563,901232.0847411053,5037712.749976821,52.511638769896,13.3959951781413,75.4228658029146,1.7568412696156734,-5.263871107600244,-0.37545480699689127,5.56199573859514,0
53,1900,130936.3,1149250936.3,3784149.955259246,901231.0139377185,5037712.658699122,52.5116374606587,13.3959785666269,75.4195754112863,1.813807073143216,-5.496765868765096,-0.376575047905881,5.80052927596358,0
54,1900,130936.5,1149250936.5,3784150.338703566,901229.8994022728,5037712.5663515255,52.5116361370298,13.3959612887667,75.4161649899602,1.8656795097524979,-5.703502025557334,-0.37854346497500835,6.01281885171358,0
55,1900,130936.7,1149250936.7,3784150.721817063,901228.7432763431,5037712.481537234,52.5116349256016,13.3959434161158,75.4126721739854,1.9032763815296625,-5.867513927340034,-0.3774525666222286,6.18002031647693,0
56,1900,130936.9,1149250936.9,3784151.1232534875,901227.5641003107,5037712.387093497,52.5116335724864,13.395925150672,75.4091367293659,1.928569273517301,-5.991615610001999,-0.3742733311761137,6.30546727746678,0
57,1900,130937.1,1149250937.1,3784151.5232202783,901226.3598602628,5037712.298198637,52.511632301316,13.3959065311197,75.4056003335715,1.9499493779568147,-6.098430307419352,-0.3712465834761642,6.41334380933907,0
58,1900,130937.3,1149250937.3,3784151.908036974,901225.128788979,5037712.225430472,52.5116312677568,13.3958875788207,75.4021076727984,1.978523782075732,-6.206396227536893,-0.37338327311265573,6.52482379517361,0
59,1900,130937.5,1149250937.5,3784152.3086376875,901223.8772358489,5037712.144629772,52.5116301146124,13.3958682791914,75.3986985209219,2.0046803240013755,-6.314843469851914,-0.37363046714400516,6.63593180918459,0
60,1900,130937.7,1149250937.7,3784152.725784957,901222.610496888,5037712.054314339,52.5116288197379,13.3958487055128,75.3953949883076,2.0306827510020335,-6.407897167492371,-0.3764981512413056,6.73250097677394,0
61,1900,130937.9,1149250937.9,3784153.1520258295,901221.3284726563,5037711.960070277,52.5116274655466,13.3958288817926,75.3922030508738,2.0485017411849022,-6.478312686036057,-0.377282694082015,6.80494209181438,0
62,1900,130938.1,1149250938.1,3784153.5885097547,901220.035742347,5037711.860214879,52.5116260272974,13.3958088697206,75.3891137111978,2.0609280523125375,-6.526454427303423,-0.37800160516873954,6.85455447436136,0
63,1900,130938.3,1149250938.3,3784154.0184565475,901218.7332019268,5037711.767069816,52.5116246872961,13.3957887393948,75.3860956922654,2.0673832152443294,-6.564638263369085,-0.3760347483196683,6.89274626107093,0
64,1900,130938.5,1149250938.5,3784154.4511658135,901217.4234243851,5037711.673179067,52.5116233360066,13.395768495948,75.3831013649159,2.0765497315294423,-6.6031476218002565,-0.37603311906088843,6.93217269039311,0
65,1900,130938.7,1149250938.7,3784154.890128056,901216.1053192175,5037711.576065368,52.5116219374697,13.3957481118443,75.3800778490591,2.084162757231616,-6.654331034156436,-0.3726202748303342,6.98302955600099,0
66,1900,130938.9,1149250938.9,3784155.32345718,901214.7745385088,5037711.485306067,52.5116206336967,13.3957275653451,75.3769744371727,2.0990641099758927,-6.718398405052516,-0.3723561335905729,7.0485173162179,0
67,1900,130939.1,1149250939.1,3784155.763942659,901213.4296463844,5037711.391565763,52.5116192872877,13.3957067922345,75.3737531663273,2.1156418184168273,-6.79557871252351,-0.3710127273182812,7.12695452390212,0
68,1900,130939.3,1149250939.3,3784156.1998595796,901212.0670436041,5037711.304211545,52.5116180367492,13.395685780951,75.3703974855265,2.1367581860142493,-6.880034643424368,-0.3717630027577012,7.21379372940742,0
69,1900,130939.5,1149250939.5,3784156.6345432377,901210.6862544569,5037711.220823956,52.511616846499,13.3956645132972,75.3668951854802,2.153119292664943,-6.9649145052638515,-0.3688899431861272,7.29945453744762,0
70,1900,130939.7,1149250939.7,3784157.0729344264,901209.2904005335,5037711.137144666,52.5116156538186,13.3956430171405,75.3632326863765,2.1736819836347956,-7.037910985359008,-0.37126353246357935,7.37529124945943,0
71,1900,130939.9,1149250939.9,3784157.5303057074,901207.8840160022,5037711.040971056,52.5116142785403,13.3956213053329,75.3594088153444,2.184928530129971,-7.099282433988281,-0.3687517718356372,7.43704925548718,0
72,1900,130940.1,1149250940.1,3784157.983792891,901206.4653050788,5037710.949707278,52.5116129774157,13.3955994301641,75.3554435960928,2.1979118176296666,-7.153779562820017,-0.36875743915778497,7.49288732335084,0
73,1900,130940.3,1149250940.3,3784158.422480354,901205.0305992104,5037710.872198289,52.5116118805965,13.3955773763174,75.351375533804,2.210632899069519,-7.213385065079254,-0.36765978431294283,7.55347573164553,0
74,1900,130940.5,1149250940.5,3784158.8877731916,901203.5889842997,5037710.775998766,52.511610508415,13.3955551326911,75.3472546987432,2.2243608167110414,-7.281048489343307,-0.3658815829842911,7.62202843604345,0
75,1900,130940.7,1149250940.7,3784159.3477277914,901202.1308470728,5037710.686695586,52.5116092382697,13.395532670545,75.3431162692033,2.2439197468234293,-7.347373714568848,-0.3686919727347172,7.69122942724246,0
76,1900,130940.9,1149250940.9,3784159.826648648,901200.6643029897,5037710.584725247,52.5116077811683,13.3955100232256,75.338970622733,2.2624572834305403,-7.407735818306732,-0.3717999325409383,7.75445021281392,0
77,1900,130941.1,1149250941.1,3784160.3024544017,901199.1852748939,5037710.487273108,52.5116063910044,13.3954872076625,75.3348059774024,2.2799453835714387,-7.457078140732915,-0.37608306181202716,7.80689463349207,0
78,1900,130941.3,1149250941.3,3784160.775983648,901197.6958131957,5037710.393321436,52.5116050530076,13.395464250373,75.3306003683359,2.2947971388882262,-7.49745659495514,-0.37999197445402544,7.84999001289399,0
79,1900,130941.5,1149250941.5,3784161.2521010158,901196.1988929174,5037710.298690154,52.5116037056579,13.3954411773846,75.3263365482164,2.3079297589099736,-7.536497088336435,-0.3828559588478741,7.8912550852061,0
80,1900,130941.7,1149250941.7,3784161.741110165,901194.6965872964,5037710.195322294,52.5116022299934,13.3954179832444,75.3220140379036,2.314920009366441,-7.578644117633496,-0.38058491797490585,7.93344478718393,0
81,1900,130941.9,1149250941.9,3784162.218285697,901193.1823006913,5037710.102849736,52.5116009157891,13.3953946578179,75.3176418160763,2.3229325891749286,-7.619336122363408,-0.3793352605635485,7.97459679227167,0
82,1900,130942.1,1149250942.1,3784162.706539787,901191.662653637,5037710.0030147405,52.5115994933217,13.3953712177836,75.3132312658864,2.3279452679817343,-7.656178901861693,-0.3765312754655857,8.01112853157621,0
83,1900,130942.3,1149250942.3,3784163.1730354587,901190.1306438743,5037709.921575031,52.5115983428077,13.3953476748593,75.3087923460715,2.3354004205001173,-7.695804694745606,-0.37505522778459316,8.05109753062458,0
84,1900,130942.5,1149250942.5,3784163.641764004,901188.5884987852,5037709.840266722,52.511597194262,13.3953239790949,75.3043510338754,2.346836367756141,-7.744482410220368,-0.37494100239194844,8.10094003770613,0
85,1900,130942.7,1149250942.7,3784164.139805825,901187.0430336538,5037709.737720937,52.511595731711,13.395300135737,75.2999453270486,2.3573570653756217,-7.791152379274996,-0.37450068344704085,8.1485850607735,0
86,1900,130942.9,1149250942.9,3784164.6397763067,901185.4903635322,5037709.635095309,52.5115942672423,13.3952761825642,75.2956026793099,2.3657378185370415,-7.827386483842249,-0.3743180637554678,8.18564649898506,0
87,1900,130943.1,1149250943.1,3784165.1289207917,901183.9281179281,5037709.542342353,52.5115929476773,13.3952521291332,75.2913346426834,2.3761062890926414,-7.857920144420346,-0.37663150337791523,8.21794629956228,0
88,1900,130943.3,1149250943.3,3784165.629199507,901182.3614286849,5037709.442160151,52.5115915175827,13.3952279740412,75.2871375280029,2.3857794257662035,-7.892879422753418,-0.37763977350350403,8.25421715543427,0
89,1900,130943.5,1149250943.5,3784166.128647331,901180.7864492931,5037709.344137838,52.5115901187541,13.395203703002,75.2829938868302,2.410941425685786,-7.927566176532768,-0.39025335654578625,8.29525416872138,0
90,1900,130943.7,1149250943.7,3784166.6252072356,901179.2016893422,5037709.250049051,52.5115887776225,13.3951793016795,75.2788830753258,2.4471049873339057,-7.967974607602788,-0.4100590007428277,8.34536341632451,0
91,1900,130943.9,1149250943.9,3784167.115662207,901177.6046022659,5037709.162721741,52.5115875361761,13.3951547445627,75.2747853538631,2.507579845018169,-8.003811534604003,-0.44881662223534496,8.39942808297066,0
92,1900,130944.1,1149250944.1,3784167.635995976,901176.0069184506,5037709.053207587,52.5115859671102,13.3951300769445,75.2706887721253,2.5675029469272617,-8.042348177423264,-0.48668290199715014,8.45625779151037,0
93,1900,130944.3,1149250944.3,3784168.1555777993,901174.3979513209,5037708.946267778,52.5115844359735,13.3951052502228,75.266599278229,2.6399546590795273,-8.068717213157608,-0.536059374413041,8.5065220696121,0
94,1900,130944.5,1149250944.5,3784168.7117416793,901172.7904972708,5037708.811804585,52.5115824980478,13.3950803203578,75.2625426156113,2.7140508686466136,-8.08019585255851,-0.58930876999979,8.54417473836437,0
95,1900,130944.7,1149250944.7,3784169.2670743177,901171.179009804,5037708.678764772,52.5115805803303,13.3950553355392,75.2585550196896,2.7890181461614154,-8.084921982507069,-0.6444079738912366,8.57670375608592,0
96,1900,130944.9,1149250944.9,3784169.825390982,901169.5652307781,5037708.544038212,52.5115786364689,13.3950303077065,75.2546730736577,2.875180687245785,-8.090960734615688,-0.7076272069061803,8.61574406870108,0
97,1900,130945.1,1149250945.1,3784170.418198464,901167.953384576,5037708.383400888,52.5115763084507,13.3950051898816,75.2509246294611,2.96869564328719,-8.107598871049937,-0.7744490486507586,8.66868413343563,0
98,1900,130945.3,1149250945.3,3784171.049553358,901166.3419519771,5037708.1941014975,52.511573555599,13.3949799464555,75.2473140926569,3.0616568316670243,-8.127065270538152,-0.8403552212674466,8.72520082086322,0
99,1900,130945.5,1149250945.5,3784171.694668509,901164.7270667724,5037707.995288511,52.5115706609646,13.3949546066103,75.2438151249527,3.148545820661555,-8.142321052177014,-0.9024789040702635,8.77640023436843,0
100,1900,130945.7,1149250945.7,3784172.3561637574,901163.1093692267,5037707.784834377,52.5115675936811,13.3949291705809,75.2403809078315,3.2174459218550977,-8.160726226377285,-0.9506207921840101,8.8234398446681,0
101,1900,130945.9,1149250945.9,3784173.0325495144,901161.4883706155,5037707.563859974,52.5115643710187,13.3949036364477,75.236950032179,3.262006358204534,-8.180832572076586,-0.9802996329791891,8.86158532226233,0
102,1900,130946.1,1149250946.1,3784173.7236399553,901159.8668611206,5037707.331919643,52.5115609872199,13.3948780448237,75.2334522547519,3.287500899922067,-8.187425478811013,-0.9981538042897015,8.87907141288379,0
103,1900,130946.3,1149250946.3,3784174.4041220713,901158.2438981074,5037707.107971325,52.5115577231118,13.3948524685741,75.2298109022,3.288024173662612,-8.172349965346008,-1.0012260405011604,8.86571263389798,0
104,1900,130946.5,1149250946.5,3784174.9897371773,901156.7067828297,5037706.939275248,52.5115552774262,13.3948284460812,75.225949343871,3.2745513127723194,-8.160752333785025,-0.993236992105995,8.84912903487368,0
105,1900,130946.7,1149250946.7,3784175.6717185006,901155.09030557,5037706.712411185,52.5115519762477,13.3948029576531,75.2217973838572,3.2395145754516306,-8.141604455150793,-0.9704999875865047,8.81601089011352,0
106,1900,130946.9,1149250946.9,3784176.3276163368,901153.4727144036,5037706.504762564,52.5115489629266,13.3947775422681,75.2172932431084,3.1975939992688867,-8.126917638669001,-0.941833960173365,8.78398821142228,0
107,1900,130947.1,1149250947.1,3784176.975697534,901151.8572964882,5037706.30205209,52.5115460272385,13.3947521846968,75.2123864796063,3.1526273749394798,-8.126110499712834,-0.9084289211553749,8.76344534549925,0
108,1900,130947.3,1149250947.3,3784177.627091892,901150.2435159221,5037706.096024172,52.5115430477146,13.3947268392845,75.2070402735331,3.1144676463457173,-8.133504301411497,-0.878645607185966,8.75361748331744,0
109,1900,130947.5,1149250947.5,3784178.2455751915,901148.6200711766,5037705.915686328,52.5115404529429,13.3947014676995,75.2012316156216,3.0752952421230395,-8.149103057447556,-0.8466487935978064,8.75112196502976,0
110,1900,130947.7,1149250947.7,3784178.870301162,901146.9980209807,5037705.729847956,52.511537782476,13.3946760947985,75.1949514605833,3.0349179742945718,-8.168697959386533,-0.8130429335492928,8.75210787605914,0
111,1900,130947.9,1149250947.9,3784179.502145068,901145.3747952837,5037705.538319694,52.5115350334522,13.3946506807706,75.1882054080217,2.9891705606646806,-8.19224498207335,-0.7747279623975437,8.75489702411005,0
112,1900,130948.1,1149250948.1,3784180.1129677612,901143.7446895293,5037705.363141783,52.5115325310261,13.3946252398919,75.1810179192722,2.9433999707879854,-8.216268992423785,-0.7363109434932854,8.75858626431271,0
113,1900,130948.3,1149250948.3,3784180.711104911,901142.1060158361,5037705.198449682,52.5115301880905,13.3945997195356,75.1734327530862,2.8969995049420034,-8.243570682047656,-0.6968415693926707,8.76553774131305,0
114,1900,130948.5,1149250948.5,3784181.3004267034,901140.461144721,5037705.041016868,52.5115279562373,13.3945741404617,75.1655152828336,2.857758460641071,-8.277386599737927,-0.6615566975276949,8.78177485505808,0
115,1900,130948.7,1149250948.7,3784181.8781058607,901138.8066134574,5037704.893670825,52.511525876262,13.3945484627017,75.1573469767693,2.8272415571844944,-8.311964329910836,-0.6326459431621654,8.80240232742066,0
116,1900,130948.9,1149250948.9,3784182.4448275906,901137.1457723015,5037704.755415775,52.5115239324314,13.394522731921,75.149015724553,2.7990521001546016,-8.343205879759587,-0.6060645906974409,8.82105953383901,0
117,1900,130949.1,1149250949.1,3784183.0361366225,901135.4861845364,5037704.598502233,52.5115217139262,13.3944969352087,75.140613438331,2.7720096240485197,-8.374098915521559,-0.5804010010503704,8.84004724675028,0
118,1900,130949.3,1149250949.3,3784183.6033164547,901133.8152011255,5037704.461657028,52.5115197913706,13.3944710575478,75.1322431469615,2.7475356929574035,-8.41128507869133,-0.5555357654494343,8.86607517708844,0
119,1900,130949.5,1149250949.5,3784184.1581923687,901132.1341817072,5037704.335965501,52.5115180317357,13.394445078071,75.1240240971915,2.724215706177232,-8.451570964835454,-0.5309808058093569,8.89563621128755,0
120,1900,130949.7,1149250949.7,3784184.7220103065,901130.449202379,5037704.204658276,52.5115161858957,13.3944190113469,75.1160854315181,2.7016081264889484,-8.479449411808067,-0.5091619873662632,8.91397749188891,0
121,1900,130949.9,1149250949.9,3784185.2828957364,901128.7606707935,5037704.076684506,52.5115143844905,13.3943929037327,75.1085552822462,2.67048455007417,-8.483617011466604,-0.48520195485398476,8.90722550890144,0
122,1900,130950.1,1149250950.1,3784185.826261609,901127.0721613744,5037703.962449627,52.5115127797094,13.394366856215,75.1015578254947,2.6306859412306705,-8.45562274016955,-0.46048357386298844,8.86736204106152,0
123,1900,130950.3,1149250950.3,3784186.3718069117,901125.3956787759,5037703.845266027,52.5115111238117,13.3943409735874,75.0952070405749,2.5907812311924143,-8.392829053295594,-0.44186909630223326,8.79471291197208,0
124,1900,130950.5,1149250950.5,3784186.9100286453,901123.7342788874,5037703.731798467,52.511509514119,13.39431533206,75.0895958419896,2.5488005787158814,-8.309996092733252,-0.4252661330743412,8.70248646854704,0
125,1900,130950.7,1149250950.7,3784187.4352716748,901122.0871438592,5037703.6264893245,52.5115080155059,13.3942899392095,75.0847857247737,2.5060121730522917,-8.223634139514951,-0.4086873998664798,8.60669976604806,0
126,1900,130950.9,1149250950.9,3784187.9584145513,901120.4596786331,5037703.520298209,52.5115064941411,13.3942648353622,75.0808059721099,2.471375380993975,-8.137010489774124,-0.39823734893281043,8.51335591706128,0
127,1900,130951.1,1149250951.1,3784188.4765354106,901118.8498448973,5037703.415771347,52.5115049875852,13.3942400012818,75.0776596828579,2.436777273270272,-8.050154215399733,-0.3878574005652727,8.41981589670569,0
128,1900,130951.3,1149250951.3,3784188.985662883,901117.2579837424,5037703.315784241,52.5115035385494,13.3942154554057,75.0753253357777,2.4008714029886455,-7.957449229827784,-0.37754075891484123,8.32031963109696,0
129,1900,130951.5,1149250951.5,3784189.4815375432,901115.6822405604,5037703.2237953795,52.5115021985583,13.3941911856933,75.073763887422,2.3637841065933496,-7.859716622069883,-0.3672357967031595,8.21568516997853,0
130,1900,130951.7,1149250951.7,3784189.9680606043,901114.125990209,5037703.136236425,52.5115009154605,13.3941672271898,75.072929433946,2.325703343860985,-7.758064815102964,-0.3568858115252494,8.1070236956267,0
131,1900,130951.9,1149250951.9,3784190.4586997638,901112.595176175,5037703.041938943,52.5114995249367,13.3941436191044,75.0727715260352,2.2859760361070194,-7.646595634067307,-0.3470514729383698,7.98852651954423,0
132,1900,130952.1,1149250952.1,3784190.93005031,901111.0854334871,5037702.959069015,52.5114982958997,13.3941203787499,75.0732323943504,2.2415559459935177,-7.518395919464924,-0.3366881346969674,7.8526561850683,0
133,1900,130952.3,1149250952.3,3784191.3801148785,901109.6233599925,5037702.884309497,52.5114971801289,13.3940978940444,75.0742472061607,2.197752392332506,-7.366926167385787,-0.3309191780752333,7.69488299041218,0
134,1900,130952.5,1149250952.5,3784191.812445005,901108.1960516617,5037702.817215224,52.511496171869,13.3940759679765,75.0757461573572,2.147187009346063,-7.1934695812416445,-0.3240112798847007,7.51408011527997,0
135,1900,130952.7,1149250952.7,3784192.2398254606,901106.7754726617,5037702.75313767,52.5114952033226,13.3940541552178,75.0776574124479,2.090753639404547,-6.999784931760125,-0.31631891488894415,7.3122019616184,0
136,1900,130952.9,1149250952.9,3784192.662055081,901105.4020026486,5037702.684965891,52.5114941702963,13.3940330350289,75.0799122570025,2.031841568995171,-6.795310506247979,-0.30869396695322787,7.09928989428198,0
137,1900,130953.1,1149250953.1,3784193.0830994616,901104.0700992467,5037702.6106512025,52.5114930432328,13.3940125144664,75.0824515371073,1.9735010869553056,-6.591470053188912,-0.3013826915892476,6.88716309732023,0
138,1900,130953.3,1149250953.3,3784193.4926022356,901102.7779730762,5037702.538174173,52.5114919405732,13.3939926032265,75.0852238737506,1.9159376079178312,-6.392565315142515,-0.2937740523215595,6.67997091457848,0
139,1900,130953.5,1149250953.5,3784193.891191442,901101.5265447437,5037702.466845554,52.5114908526711,13.3939733123571,75.0881839550109,1.8539874544345867,-6.195112093090896,-0.2826342521880424,6.47275563015257,0
140,1900,130953.7,1149250953.7,3784194.2796565895,901100.3154786209,5037702.396078494,52.5114897713951,13.3939546343554,75.0912862163387,1.7859875053561827,-5.990998780787374,-0.2681635861406582,6.25729410125623,0
141,1900,130953.9,1149250953.9,3784194.641159459,901099.1426228712,5037702.338765438,52.5114888876109,13.3939365958393,75.0944880559268,1.708300253819501,-5.775946628417335,-0.24840815867951357,6.02839579198512,0
142,1900,130954.1,1149250954.1,3784194.9901649966,901098.0153628035,5037702.282752218,52.5114880223092,13.3939192532751,75.0977505473314,1.6253711560099273,-5.541903223215636,-0.22811562328692436,5.77984078222441,0
143,1900,130954.3,1149250954.3,3784195.3239166974,901096.9378494194,5037702.229309219,52.5114871947026,13.3939026755447,75.1010349043719,1.5321571149950555,-5.291923001477718,-0.20298038840651486,5.5129987771336,0
144,1900,130954.5,1149250954.5,3784195.64190337,901095.9113565326,5037702.178542467,52.5114864068132,13.3938868826438,75.1043021577248,1.431507699141708,-5.033162264843052,-0.1738571619145989,5.23566261228615,0
145,1900,130954.7,1149250954.7,3784195.9364789287,901094.9346953515,5037702.136322294,52.5114857457487,13.3938718836264,75.1075157947382,1.3291541945033503,-4.782848539839441,-0.14196146007305008,4.96612968859616,0
146,1900,130954.9,1149250954.9,3784196.1979175624,901094.0041641019,5037702.110526045,52.5114853281705,13.3938576586352,75.1106462400225,1.2364040362038071,-4.550148675440446,-0.11410160174299655,4.71652065455817,0
147,1900,130955.1,1149250955.1,3784196.453632345,901093.121328249,5037702.080404509,52.5114848478583,13.3938441365706,75.1136800586331,1.1540380385815037,-4.331630495183433,-0.09147001702252529,4.48365847331286,0
148,1900,130955.3,1149250955.3,3784196.6624006946,901092.2712177453,5037702.07938293,52.5114847982925,13.3938312435823,75.1166230981047,1.0766185926985306,-4.115867088462352,-0.07203971645252905,4.25495701562052,0
149,1900,130955.5,1149250955.5,3784196.8858755007,901091.4733761856,5037702.058010903,52.5114844490773,13.3938190493464,75.1194944147755,1.0031296053365772,-3.9022679734090393,-0.055157464071318815,4.0295169297621,0
150,1900,130955.7,1149250955.7,3784197.0949956826,901090.7176640047,5037702.0398047175,52.511484147161,13.3938075077321,75.122318546558,0.9348321855483979,-3.693631658532336,-0.04126702478124567,3.81031875456422,0
151,1900,130955.9,1149250955.9,3784197.2810060517,901090.0000220302,5037702.0320488345,52.5114839998198,13.3937965904495,75.1251197590488,0.8693371280139074,-3.490351790579079,-0.028515770925702247,3.59709824905208,0
152,1900,130956.1,1149250956.1,3784197.458915236,901089.3241821533,5037702.022900364,52.5114838320099,13.3937862997631,75.1279129571464,0.8071323416610697,-3.2889520540514114,-0.017885405239035843,3.38658945231406,0
153,1900,130956.3,1149250956.3,3784197.6219448196,901088.6874734929,5037702.017901803,52.5114837254752,13.3937766205305,75.1307062702577,0.7468867326179892,-3.0868269621610436,-0.008845664311247031,3.17591226759529,0
154,1900,130956.5,1149250956.5,3784197.772669501,901088.090221483,5037702.015075079,52.5114836510002,13.3937675486301,75.1335003608664,0.6891109830906501,-2.8866477582730905,-0.0013029936082467974,2.96776193875984,0
155,1900,130956.7,1149250956.7,3784197.8993005296,901087.5303159512,5037702.023577574,52.5114837439278,13.393759094048,75.1362843670555,0.6312474064949997,-2.6784657920330415,0.0048834206547372395,2.75184958438777,0
156,1900,130956.9,1149250956.9,3784198.028276141,901087.0191983534,5037702.02162233,52.5114836828114,13.3937513305183,75.1390365878776,0.5719841627103907,-2.4531578252406416,0.009071466414562166,2.51897429312683,0
157,1900,130957.1,1149250957.1,3784198.1463866765,901086.554226239,5037702.019503888,52.5114836199487,13.3937442652484,75.1417321830997,0.5112498021665179,-2.2117836572352396,0.011502750377661762,2.27013119001842,0
158,1900,130957.3,1149250957.3,3784198.255417875,901086.1393937719,5037702.015150428,52.5114835250244,13.3937379493755,75.1443475382506,0.45050954397804954,-1.9629270118739404,0.012609082340489398,2.01400106557001,0
159,1900,130957.5,1149250957.5,3784198.353569852,901085.7753354385,5037702.00975792,52.5114834160167,13.3937323981317,75.1468554440309,0.3931688974186869,-1.713019582185566,0.01099217199347387,1.75759457745345,0
160,1900,130957.7,1149250957.7,3784198.4237762424,901085.468869244,5037702.014815035,52.5114834628805,13.3937277674357,75.149228923077,0.3367430715205962,-1.4661632987400508,0.009234827633207215,1.50436564598865,0
161,1900,130957.9,1149250957.9,3784198.487435982,901085.1992226703,5037702.018014798,52.5114834841814,13.3937236866412,75.1514434540615,0.2846410184699746,-1.2343157065016968,0.00691796173928356,1.26672950186969,0
162,1900,130958.1,1149250958.1,3784198.539145893,901084.9723184538,5037702.022310719,52.5114835237697,13.3937202590462,75.1534785920004,0.23933330782306544,-1.034751183059883,0.0052673134921631505,1.06208200609406,0
163,1900,130958.3,1149250958.3,3784198.581018571,901084.7811339251,5037702.027365698,52.5114835767471,13.3937173768194,75.1553275742479,0.20285890443409826,-0.8738635876950668,0.0038975065064286263,0.897108965268135,0
164,1900,130958.5,1149250958.5,3784198.627817811,901084.6225788743,5037702.022722859,52.5114834886166,13.3937149453114,75.1569983696034,0.17222288372192837,-0.7396619186697124,0.0029127347605951734,0.759453066114979,0
165,1900,130958.7,1149250958.7,3784198.6566285235,901084.4863909575,5037702.027325756,52.5114835388876,13.3937128956621,75.158508599401,0.14395581668475674,-0.6160076994197463,0.002034360970998729,0.632608015698777,0
166,1900,130958.9,1149250958.9,3784198.685748445,901084.37631592,5037702.0268866,52.5114835163064,13.393711219113,75.159882478216,0.11602183768125918,-0.495315634727415,0.001433752237709895,0.508724582136383,0
167,1900,130959.1,1149250959.1,3784198.715125558,901084.2916742093,5037702.021603485,52.5114834234397,13.3937099061047,75.1611505904031,0.08828178189498276,-0.37599912705989436,0.0009328519277694385,0.386225176260009,0
168,1900,130959.3,1149250959.3,3784198.7286555893,901084.2361086331,5037702.022890436,52.511483428405,13.3937090637779,75.162348712738,0.06073164478070572,-0.258367218955914,0.0005895543413084724,0.265409683476516,0
169,1900,130959.5,1149250959.5,3784198.738199452,901084.2097535279,5037702.021926901,52.5114834004647,13.3937086535899,75.1635191376645,0.034896110838247424,-0.14839138940274882,0.00032717522034735204,0.152439660338569,0
170,1900,130959.7,1149250959.7,3784198.734722048,901084.2005002161,5037702.02765868,52.5114834712182,13.3937085328693,75.1647038606805,0.01456864620899019,-0.061940572285771205,0.00013467374024942762,0.0636309522517767,1
171,1900,130959.9,1149250959.9,3784198.7348627006,901084.2010215301,5037702.029032342,52.5114834768943,13.393708539859,75.1659505937187,0.0024792553985907963,-0.010540357425087186,2.282380152445281e-05,0.0108280359671525,1
172,1900,130960.1,1149250960.1,3784198.7389674177,901084.2018389031,5037702.027525625,52.5114834388309,13.393708537566,75.1673004769502,-0.002305504312264271,0.009802932843048225,-2.1448904542998692e-05,-0.0100704171966552,1
173,1900,130960.3,1149250960.3,3784198.7361310497,901084.1994885233,5037702.031938758,52.5114834865241,13.3937085135661,75.168791569019,-0.002082284169854227,0.008853974514009053,-1.9401841848228494e-05,-0.0090955565244912,1
174,1900,130960.5,1149250960.5,3784198.7371742,901084.1960951145,5037702.033866416,52.5114834954359,13.393708461385,75.1704603202332,0.0018295328443598134,-0.007777409465360699,1.6717404181483475e-05,0.007989716383707,1
175,1900,130960.7,1149250960.7,3784198.736426995,901084.1836055464,5037702.039013557,52.511483549399,13.3937082849791,75.1723413226082,0.00955558678643038,-0.04061724541829377,8.662224456742665e-05,0.0417262191866956,1
176,1900,130960.9,1149250960.9,3784198.7458822215,901084.1681437045,5037702.03739926,52.5114835005217,13.3937080311763,75.1744786083534,0.0214530016642498,-0.09119137949796345,0.00019494360166881234,0.0936810385198399,1
177,1900,130961.1,1149250961.1,3784198.7489523403,901084.1228482359,5037702.046225878,52.5114836023157,13.393707371691,75.1769143405349,0.03713401911901633,-0.15777831710515394,0.00032514600420075965,0.162089600050065,0
178,1900,130961.3,1149250961.3,3784198.7648098646,901084.0715368908,5037702.046995577,52.5114835812803,13.3937065823794,75.1796797758455,0.05546462981228543,-0.23544343599255121,0.00044662878071300945,0.241888685534194,0
179,1900,130961.5,1149250961.5,3784198.785314635,901084.018559394,5037702.045041962,52.5114835158665,13.3937057533389,75.1828008409899,0.07132802180239232,-0.3022764503153249,0.0004844702498663348,0.310578450348537,0
180,1900,130961.7,1149250961.7,3784198.80904164,901083.9547965471,5037702.043057156,52.5114834457452,13.3937047587681,75.1862843872742,0.08301522016199477,-0.3512942366890892,0.0004731204443179518,0.360970069884567,0
181,1900,130961.9,1149250961.9,3784198.8226346173,901083.8779206412,5037702.051415455,52.5114835241472,13.3937036108841,75.190126448385,0.09700723317366369,-0.4098133551525385,0.00043014567923563827,0.421138426618488,0
182,1900,130962.1,1149250962.1,3784198.8480018103,901083.7878508759,5037702.053766397,52.5114835098134,13.3937022337818,75.1943127012422,0.12160618227067224,-0.5121694086251243,0.000261369582469508,0.526408239878439,0
183,1900,130962.3,1149250962.3,3784198.8751227423,901083.669053487,5037702.060311972,52.511483553706,13.3937004390758,75.1988156516057,0.15960297299869394,-0.6694455376103082,-0.00014649061994701927,0.688208150399193,0
184,1900,130962.5,1149250962.5,3784198.9156500096,901083.5160768068,5037702.063280608,52.511483541496,13.3936981088958,75.2035991005269,0.21075709709143714,-0.87575535844491,-0.0016598257557584237,0.900760099494267,0
185,1900,130962.7,1149250962.7,3784198.9729748038,901083.318598193,5037702.061915521,52.5114834625712,13.3936950837649,75.2086150569752,0.27409907331865835,-1.1210709451503353,-0.005336939030387273,1.15410521572889,0
186,1900,130962.9,1149250962.9,3784199.041262765,901083.0689603593,5037702.061823115,52.5114834007124,13.3936912738725,75.213778339592,0.3482743727910264,-1.3898122634419476,-0.01293527868237823,1.43284349731267,0
187,1900,130963.1,1149250963.1,3784199.121914234,901082.7634798341,5037702.062479255,52.5114833494234,13.3936866216627,75.2189828482327,0.4325717378334538,-1.6649409540850373,-0.02695136835119978,1.72042816334128,0
188,1900,130963.3,1149250963.3,3784199.2186172702,901082.4045971265,5037702.0605529435,52.5114832608726,13.393681149521,75.224113101314,0.5256930168800235,-1.9345818674267226,-0.04852646884946573,2.0053216619664,0
189,1900,130963.5,1149250963.5,3784199.338248908,901081.9921529614,5037702.050801173,52.5114830589447,13.393674831702,75.2290579960211,0.6302556615105712,-2.20041616114846,-0.07931490212594346,2.290271672708,0
190,1900,130963.7,1149250963.7,3784199.4854317294,901081.5273677211,5037702.029425521,52.5114826887845,13.3936676699204,75.2337124321061,0.7476444581645707,-2.469406274519938,-0.11911291488091974,2.58285258405393,0
191,1900,130963.9,1149250963.9,3784199.6594303316,901081.0092853673,5037701.997015149,52.5114821602944,13.3936596529869,75.2379737384364,0.8830386824097975,-2.747262244669814,-0.17077051917019126,2.89073861250683,0
192,1900,130964.1,1149250964.1,3784199.8656697613,901080.436371923,5037701.949666879,52.5114814170293,13.3936507404129,75.2417404900346,1.0384374871103605,-3.031572388775331,-0.23620787919884895,3.21318809365662,0
193,1900,130964.3,1149250964.3,3784200.0984873455,901079.8061550631,5037701.891932258,52.5114805272456,13.3936409160942,75.2449231265386,1.2103298273140504,-3.299494997025324,-0.3168635391234461,3.52873462146235,0
194,1900,130964.5,1149250964.5,3784200.3672609725,901079.1276167107,5037701.815129955,52.5114793635769,13.3936302767317,75.2474516596635,1.3778591556169022,-3.5213181279130628,-0.40245435973362886,3.80264996053477,0
195,1900,130964.7,1149250964.7,3784200.6654202505,901078.4111830735,5037701.722236485,52.5114779706572,13.3936189941333,75.2492677519975,1.5359959862485457,-3.6783065392557055,-0.49255626777529765,4.01644548617651,0
196,1900,130964.9,1149250964.9,3784201.0034467727,901077.6712682716,5037701.602824234,52.511476194941,13.393607239069,75.2503350410381,1.6690329021582346,-3.7970070852321016,-0.5707326210989434,4.18672537415293,0
197,1900,130965.1,1149250965.1,3784201.3521627844,901076.9054872004,5037701.479088927,52.5114743641549,13.3935950769134,75.2506543782473,1.7842515043981577,-3.9236083510725135,-0.6342102479365871,4.35665910556941,0
198,1900,130965.3,1149250965.3,3784201.7280002628,901076.112382774,5037701.33908062,52.5114723013668,13.3935824307262,75.2502669225619,1.8986876482917159,-4.087725236669874,-0.6904387690260313,4.55973881818438,0
199,1900,130965.5,1149250965.5,3784202.1306487336,901075.2811649151,5037701.185050018,52.5114700388618,13.3935691469626,75.2492536133373,2.0070086497809987,-4.2964543059041365,-0.7341784052986853,4.7986061782381,0
200,1900,130965.7,1149250965.7,3784202.5458053118,901074.4040911058,5037701.029190237,52.511467755328,13.3935551634837,75.2477298764881,2.105903470396173,-4.534848984180165,-0.7656141977823118,5.05824572710662,0
201,1900,130965.9,1149250965.9,3784202.97086606,901073.4754659767,5037700.874635408,52.5114654953759,13.3935404075683,75.2458380193504,2.188584267714578,-4.795559224134689,-0.7809873073021941,5.32890519180424,0
202,1900,130966.1,1149250966.1,3784203.4218561836,901072.4956332971,5037700.709576884,52.5114630826931,13.3935248294675,75.2437443841323,2.254247247908586,-5.06884081009715,-0.7814292479884154,5.60226824441864,0
203,1900,130966.3,1149250966.3,3784203.8962287856,901071.4646215652,5037700.5361324875,52.5114605464818,13.3935084382794,75.2416255688188,2.2959818948387234,-5.349227562153451,-0.7627549261720579,5.87090823046393,0
204,1900,130966.5,1149250966.5,3784204.3750483915,901070.3757020807,5037700.36984274,52.5114581141975,13.3934912021966,75.2396532882291,2.3205591623913104,-5.625876533633708,-0.7319429241373113,6.129536853796,0
205,1900,130966.7,1149250966.7,3784204.8654394425,901069.233616774,5037700.2047492,52.5114556960003,13.3934731648563,75.2379862194625,2.334788642261752,-5.9025339946363475,-0.693408616390463,6.38529255955878,0
206,1900,130966.9,1149250966.9,3784205.360747344,901068.0368658677,5037700.046267693,52.5114533701475,13.3934543274732,75.2367704304715,2.344840540449569,-6.177979238377567,-0.6519727765570833,6.64008833761507,0
207,1900,130967.1,1149250967.1,3784205.852887713,901066.7849130736,5037699.900674279,52.5114512279277,13.3934347099452,75.2361238851886,2.3451762242761025,-6.4403709018321535,-0.6056065875220882,6.88076944933678,0
208,1900,130967.3,1149250967.3,3784206.3381017307,901065.480831986,5037699.770321257,52.5114493032025,13.393414369136,75.2361209922498,2.3625077348343115,-6.657382670078712,-0.579984519509184,7.08791710278038,0
209,1900,130967.5,1149250967.5,3784206.8405588376,901064.1427962346,5037699.6339916615,52.5114472822607,13.3933934829839,75.2367981910636,2.3784701654694422,-6.8287402503929435,-0.5614523173932873,7.25286443000772,0
210,1900,130967.7,1149250967.7,3784207.34344128,901062.7736420003,5037699.503734589,52.5114453429746,13.393372149505,75.2381590314182,2.3960507428759046,-6.9531219488611296,-0.5524736728030601,7.37510617939234,0
211,1900,130967.9,1149250967.9,3784207.8446329692,901061.3816541877,5037699.379630128,52.5114434867764,13.3933504946281,75.2401822045829,2.403987903988578,-7.04874838993809,-0.5414085418753551,7.46707003558918,0
212,1900,130968.1,1149250968.1,3784208.3407116686,901059.9705733709,5037699.26352575,52.5114417413306,13.3933285836253,75.2428348290836,2.4100240162654525,-7.139399068783938,-0.5298090457511665,7.55380251577237,0
213,1900,130968.3,1149250968.3,3784208.844068375,901058.5405306333,5037699.146103769,52.5114399695088,13.3933063760999,75.246078144877,2.4288678494388036,-7.241524717062924,-0.5257273956326279,7.65607396466292,0
214,1900,130968.5,1149250968.5,3784209.344777869,901057.0857520152,5037699.035733876,52.5114382954704,13.3932838231826,75.2498631016745,2.4634269956975183,-7.371061224754036,-0.5285018506864789,7.78975804170982,0
215,1900,130968.7,1149250968.7,3784209.867490718,901055.6065448856,5037698.913887223,52.5114364463782,13.3932608451765,75.2541252599664,2.5089334957421583,-7.531393144608866,-0.5339735269019418,7.95624017436317,0
216,1900,130968.9,1149250968.9,3784210.4039482567,901054.0935323521,5037698.788305323,52.5114345373465,13.3932373359024,75.2587959019175,2.5612386902827504,-7.705354991689382,-0.5420966497447725,8.13795477710575,0
217,1900,130969.1,1149250969.1,3784210.8943415727,901052.5915124584,5037698.695571646,52.511433109337,13.393214141295,75.2638084714504,2.6190794078344064,-7.868441429483211,-0.5562823483804232,8.31152197403518,0
218,1900,130969.3,1149250969.3,3784211.4514863305,901051.0103459066,5037698.5674384795,52.5114311554109,13.3931895849087,75.2690956275965,2.668140781933355,-8.018408231226768,-0.5662485034914707,8.46962119356748,0
219,1900,130969.5,1149250969.5,3784212.017450617,901049.402670144,5037698.437695343,52.511429175281,13.3931646186007,75.2745903177092,2.7223380609972048,-8.160748210400042,-0.5814019787590512,8.62246856374707,0
220,1900,130969.7,1149250969.7,3784212.5947822244,901047.7665942656,5037698.304698131,52.5114271454052,13.3931392065852,75.2802298657305,2.7753031521139455,-8.303589761427238,-0.5955471017954576,8.77533970069933,0
221,1900,130969.9,1149250969.9,3784213.17336374,901046.0990933498,5037698.176449499,52.511425184728,13.3931133400375,75.2859477439699,2.8239485256517978,-8.438992908904654,-0.6077907547865764,8.91968027418461,0
222,1900,130970.1,1149250970.1,3784213.7294110386,901044.4426641879,5037698.063058683,52.51142344333,13.3930877090121,75.2916747917407,2.864418504330794,-8.546413841845999,-0.6189058043891605,9.03488391285445,0
223,1900,130970.3,1149250970.3,3784214.320624289,901042.732215201,5037697.9329581475,52.5114214558267,13.3930611839967,75.2973484206659,2.892525760055555,-8.628077366385419,-0.6253727240459998,9.12148646640985,0
224,1900,130970.5,1149250970.5,3784214.9424267537,901041.0155480026,5037697.78099448,52.5114191468283,13.3930344655266,75.3029085369351,2.916949203362842,-8.6882967238092,-0.6329008780067046,9.18671084433022,0
225,1900,130970.7,1149250970.7,3784215.5518456674,901039.2834915189,5037697.640783615,52.5114170134198,13.393007568804,75.3082935937516,2.934187522923427,-8.727857894194283,-0.6387380850427407,9.23000250174468,0
226,1900,130970.9,1149250970.9,3784216.1500123674,901037.5410208855,5037697.510512272,52.5114150296191,13.3929805612546,75.313435959391,2.947737312295511,-8.750370108335094,-0.644852078888295,9.25602325509125,0
227,1900,130971.1,1149250971.1,3784216.770585772,901035.8013060677,5037697.362643453,52.5114127895898,13.3929535167504,75.3182701319077,2.957260744507988,-8.76151949791021,-0.6499805654437101,9.26995629756275,0
228,1900,130971.3,1149250971.3,3784217.3776989826,901034.0557182223,5037697.225395455,52.51141071071,13.3929264340192,75.3227351385452,2.95704756669625,-8.769089926846588,-0.64847991995366,9.27693886276123,0
229,1900,130971.5,1149250971.5,3784217.988739916,901032.310058781,5037697.084688584,52.5114085857799,13.3928993368648,75.3267714790183,2.9622321982467543,-8.771740404790807,-0.6518809476954747,9.28133600810453,0
230,1900,130971.7,1149250971.7,3784218.6100227553,901030.5674417075,5037696.935184935,52.5114063366632,13.3928722483638,75.3303209612177,2.9656147230783256,-8.767320008084983,-0.6551935494411977,9.27847236333307,0
231,1900,130971.9,1149250971.9,3784219.2260509287,901028.825806349,5037696.788735739,52.5114041390739,13.3928451918589,75.3333219665361,2.9603384616151316,-8.747050779310012,-0.6548610780817182,9.25761006819428,0
232,1900,130972.1,1149250972.1,3784219.843799858,901027.0913560006,5037696.638956328,52.5114018994617,13.3928182324359,75.3357127064555,2.9493038562998914,-8.703170156749279,-0.654426772711639,9.21259129751008,0
233,1900,130972.3,1149250972.3,3784220.462709147,901025.3694548255,5037696.485239652,52.5113996095343,13.3927914488666,75.3374358885417,2.9285494417457896,-8.638543191837815,-0.6504257390840987,9.14460955711397,0
234,1900,130972.5,1149250972.5,3784221.071650978,901023.659558362,5037696.335915424,52.5113973929374,13.3927648713134,75.3384359100429,2.906383542866502,-8.563155288671124,-0.6472832247056425,9.06607243348115,0
235,1900,130972.7,1149250972.7,3784221.644498123,901021.9561377965,5037696.211390744,52.5113955516478,13.3927385096924,75.3386571901959,2.8888997875204567,-8.486522177033356,-0.6478554339430778,8.98813202544913,0
236,1900,130972.9,1149250972.9,3784222.239662183,901020.275177487,5037696.065186893,52.5113933998851,13.3927123937573,75.3380560643276,2.8635966354137823,-8.410961686890033,-0.6424025433929068,8.90826263737452,0
237,1900,130973.1,1149250973.1,3784222.8268450913,901018.6081847139,5037695.921392099,52.5113912935857,13.3926865051856,75.3366106643964,2.8349607121980487,-8.320450096124814,-0.6371189952631325,8.8132180646989,0
238,1900,130973.3,1149250973.3,3784223.4031426515,901016.9623284142,5037695.780905711,52.5113892459736,13.3926609566045,75.3343257296351,2.7902007243669216,-8.217582124908175,-0.6219995301849225,8.70061833879744,0
239,1900,130973.5,1149250973.5,3784223.9733932647,901015.3373207869,5037695.6402112655,52.5113872047299,13.3926357273836,75.3312350365065,2.7514400571013726,-8.113466766167036,-0.6115779687542245,8.58910897389156,0
240,1900,130973.7,1149250973.7,3784224.5520381136,901013.7364905309,5037695.4880058905,52.5113850023664,13.3926108159509,75.3273892107978,2.708596762134685,-8.024703559650774,-0.5953826159543087,8.49039716971467,0
241,1900,130973.9,1149250973.9,3784225.0961589157,901012.145192256,5037695.358972425,52.511383150467,13.3925861588793,75.322833763918,2.6715927961092976,-7.946560945522302,-0.5816573746849762,8.40378273342718,0
242,1900,130974.1,1149250974.1,3784225.6340771737,901010.5690253031,5037695.231040433,52.5113813226207,13.3925617397778,75.3176135180675,2.6276085923080346,-7.861788064523836,-0.5639016310274437,8.30843087082849,0
243,1900,130974.3,1149250974.3,3784226.171752221,901009.0164917774,5037695.098322306,52.5113794312475,13.3925376601375,75.311783537346,2.561648390034872,-7.732411312088273,-0.5376724731677821,8.16341343200755,0
244,1900,130974.5,1149250974.5,3784226.685888847,901007.49516637,5037694.976943205,52.5113777136194,13.3925141079641,75.3054144620409,2.439677973594953,-7.534538558108367,-0.4818196556877663,7.93432102193207,0
245,1900,130974.7,1149250974.7,3784227.1570451856,901006.0152929858,5037694.879711251,52.5113763577293,13.3924912963626,75.2986025814034,2.2606244841197274,-7.2600571337980995,-0.39698382214980454,7.614226736791,0
246,1900,130974.9,1149250974.9,3784227.604311009,901004.59955617,5037694.788507597,52.5113750945981,13.3924694852408,75.2914709127523,2.034983541546292,-6.930589800697274,-0.2871548268576945,7.22887895143369,0
247,1900,130975.1,1149250975.1,3784227.999196016,901003.2524472872,5037694.7239704225,52.5113742273096,13.3924488361477,75.2841606065677,1.7825653382282698,-6.578670585308933,-0.16133422829777233,6.81780570185762,0
248,1900,130975.3,1149250975.3,3784228.3390012467,901001.9749570462,5037694.688129519,52.5113737840512,13.3924293724855,75.2768239169073,1.5313529753324437,-6.230145044299069,-0.03581013812840683,6.41568636811811,0
249,1900,130975.5,1149250975.5,3784228.6370204734,901000.7650850007,5037694.671613815,52.5113736246611,13.3924110202386,75.2696137288699,1.3092969681941065,-5.898349034747404,0.07093119790233503,6.04233490643011,0
250,1900,130975.7,1149250975.7,3784228.885067298,900999.6153811148,5037694.682029547,52.5113738598301,13.3923937005873,75.2626683757897,1.1181747493510146,-5.591228694847659,0.15897516295261108,5.70415867509047,0
251,1900,130975.9,1149250975.9,3784229.1047131727,900998.5270616342,5037694.70320982,52.5113742494967,13.3923773573671,75.2561027156366,0.9689493689276305,-5.303422278093832,0.21918905534833932,5.39566442445337,0
252,1900,130976.1,1149250976.1,3784229.2929686685,900997.4934277772,5037694.738696697,52.5113748448336,13.3923619047933,75.2500130591315,0.8770470812168552,-5.021186692916418,0.23762096185658296,5.10274348848789,0
253,1900,130976.3,1149250976.3,3784229.4679975887,900996.5155804042,5037694.774840626,52.5113754433752,13.3923472966737,75.2444779457526,0.8210053158815449,-4.742738239903825,0.22996836563944278,4.81876552554144,0
254,1900,130976.5,1149250976.5,3784229.643626426,900995.595483503,5037694.801048951,52.5113758880355,13.3923335139803,75.2395552300815,0.7984784802525183,-4.471828321926804,0.19864787519992072,4.54689755795471,0
255,1900,130976.7,1149250976.7,3784229.8127105064,900994.726805344,5037694.82382659,52.5113762744087,13.3923204903635,75.2352837987,0.7961090826740076,-4.225128146592635,0.15658791312785764,4.30232696353765,0
256,1900,130976.9,1149250976.9,3784229.98685731,900993.9052928926,5037694.83529954,52.5113764859378,13.3923081252854,75.23168854465,0.8280006495237675,-4.01371539861946,0.09523303250914301,4.09933722779764,0
257,1900,130977.1,1149250977.1,3784230.158946562,900993.1191279622,5037694.84289546,52.5113766321555,13.3922962737008,75.2287815923435,0.885640730483607,-3.846357162337255,0.022492298435957663,3.94706585038096,0
258,1900,130977.3,1149250977.3,3784230.352049607,900992.36430516,5037694.830105636,52.5113764693501,13.3922847995115,75.2265585625591,0.9748449883896917,-3.725109206268091,-0.06560849189050817,3.85111228403171,0
259,1900,130977.5,1149250977.5,3784230.56179047,900991.6296159741,5037694.8021612065,52.5113760749978,13.3922735570459,75.2249994180681,1.0942732472341898,-3.6380427996498144,-0.1701885673382496,3.8028612254655,0
260,1900,130977.7,1149250977.7,3784230.802710031,900990.9115615679,5037694.748798608,52.5113752978789,13.3922624465656,75.2240760702195,1.237539939034654,-3.5620293037968245,-0.2905921990793949,3.78206315229915,0
261,1900,130977.9,1149250977.9,3784231.069687052,900990.208546211,5037694.67407901,52.5113741983644,13.3922514626775,75.2237539588593,1.385859244900343,-3.494194896533567,-0.413312819438539,3.78164399545346,0
262,1900,130978.1,1149250978.1,3784231.3697429285,900989.5205336463,5037694.572718511,52.5113726989106,13.3922405809091,75.2239923823226,1.5453918421298372,-3.438069531230057,-0.5423201527792505,3.80823701933118,0
263,1900,130978.3,1149250978.3,3784231.681528311,900988.8370189996,5037694.462451786,52.511371061954,13.3922297235748,75.2247425768517,1.7102069996160258,-3.3996583914776966,-0.6721221331395172,3.86448357767715,0
264,1900,130978.5,1149250978.5,3784232.0254265694,900988.1587548156,5037694.327859008,52.5113690605256,13.3922188319205,75.2259434553281,1.856692022525459,-3.390421446717753,-0.7830641702768805,3.94404010472064,0
265,1900,130978.7,1149250978.7,3784232.418092158,900987.4856935963,5037694.156427948,52.511366510746,13.39220784845,75.2275205441103,1.9636386107568078,-3.410734579408161,-0.8592548328470383,4.0283130256469,0
266,1900,130978.9,1149250978.9,3784232.8368456494,900986.80915802,5037693.966515161,52.5113636846608,13.3921967262011,75.2293886698544,2.009693664227351,-3.476998571310644,-0.8818477696802826,4.11169590045542,0
267,1900,130979.1,1149250979.1,3784233.249180015,900986.1119400315,5037693.785309029,52.511360984878,13.3921853295057,75.2314494989697,2.0082780784803633,-3.590633776297002,-0.8606047141354224,4.20315027449433,0
268,1900,130979.3,1149250979.3,3784233.6571551412,900985.3871298728,5037693.612367023,52.5113584061003,13.3921735523306,75.2335974522818,1.9755097224086904,-3.7522436323356576,-0.8074449055708907,4.31670455501267,0
269,1900,130979.5,1149250979.5,3784234.0607561152,900984.6249598745,5037693.449302232,52.511355973385,13.3921612547713,75.2357267868577,1.9352504181721186,-3.9538735640754856,-0.7415861284546366,4.46410801030247,0
270,1900,130979.7,1149250979.7,3784234.456743606,900983.8192187798,5037693.299515239,52.5113537380586,13.392148358881,75.2377423759357,1.893299696209022,-4.189543505635084,-0.6684181227265453,4.64581976749675,0
271,1900,130979.9,1149250979.9,3784234.844632348,900982.9630264012,5037693.164485003,52.5113517229386,13.3921347677328,75.2395606059854,1.8498038023193588,-4.450292924613955,-0.5896418862447822,4.85536391797345,0
272,1900,130980.1,1149250980.1,3784235.2259126413,900982.0540235036,5037693.043441878,52.5113499173741,13.3921204424384,75.2411205784593,1.8087877807295762,-4.7152937418723075,-0.5119608779353859,5.07620057212017,0
273,1900,130980.3,1149250980.3,3784235.601807197,900981.0936547809,5037692.935184032,52.5113483039243,13.3921053995267,75.2423962495701,1.770832259069164,-4.9520062237509315,-0.44158905379935226,5.27761436846833,0
274,1900,130980.5,1149250980.5,3784235.956537253,900980.087824195,5037692.850402024,52.5113470407588,13.3920897774201,75.2433606526461,1.732038596214203,-5.125075324187972,-0.3818982429565121,5.42330167382835,0
275,1900,130980.7,1149250980.7,3784236.3082480305,900979.0567260787,5037692.771942878,52.5113458748459,13.3920738035704,75.2439929478439,1.688561610012079,-5.207258253630599,-0.33485898513706913,5.48442425152701,0
276,1900,130980.9,1149250980.9,3784236.659749435,900978.0211546109,5037692.694000912,52.5113447205996,13.3920577663397,75.2442812722792,1.6357334904047913,-5.195951034448976,-0.29745088908091016,5.45545673939756,0
277,1900,130981.1,1149250981.1,3784236.989371246,900976.9926614816,5037692.6306876065,52.5113437864391,13.3920419051716,75.2442210838873,1.5739151609410076,-5.11493829581716,-0.2657178452331739,5.35820946558944,0
278,1900,130981.3,1149250981.3,3784237.3169419207,900975.9873181904,5037692.564355156,52.5113428117597,13.3920263827023,75.243814289963,1.5131455263317477,-4.993450266703355,-0.24195764948653292,5.22328425935662,0
279,1900,130981.5,1149250981.5,3784237.615475596,900975.0046140281,5037692.515241087,52.5113420952794,13.3920112836738,75.2430697121919,1.4579126805742983,-4.853274807941271,-0.22564848755373673,5.07254403485194,0
280,1900,130981.7,1149250981.7,3784237.9181349315,900974.0539495527,5037692.456952146,52.5113412470856,13.39199662965,75.2420042153878,1.4010657837113607,-4.70711005752599,-0.20919889572218642,4.9156520017105,0
281,1900,130981.9,1149250981.9,3784238.2042250456,900973.1312754282,5037692.405681749,52.5113405059841,13.3919824332088,75.2406435279115,1.3453809414472093,-4.55889681292556,-0.19398019956867132,4.75722801075762,0
282,1900,130982.1,1149250982.1,3784238.4749790663,900972.2374907143,5037692.360391759,52.5113398562587,13.3919687030255,75.2390207123313,1.2905900339046925,-4.407257099231852,-0.18003713734278573,4.59586239406341,0
283,1900,130982.3,1149250982.3,3784238.7355910377,900971.3745661227,5037692.316903968,52.5113392357742,13.3919554496183,75.2371734069754,1.2344980996682995,-4.246751447228274,-0.16669824118031304,4.42568319203179,0
284,1900,130982.5,1149250982.5,3784238.981439483,900970.5445939125,5037692.278348024,52.5113386902496,13.3919427187316,75.2351436443782,1.1760520427167669,-4.071179950388883,-0.15427913746020894,4.24044887339562,0
285,1900,130982.7,1149250982.7,3784239.211757572,900969.750562543,5037692.244822713,52.5113382206091,13.3919305558012,75.2329770426652,1.1083913917651176,-3.880176215638136,-0.13772592450526036,4.03773047292953,0
286,1900,130982.9,1149250982.9,3784239.4372262824,900968.9980536872,5037692.207426709,52.5113376948614,13.3919190043668,75.2307211367573,1.0281538290993808,-3.6815433102699577,-0.11314357978054486,3.82408981475733,0
287,1900,130983.1,1149250983.1,3784239.641049941,900968.283296027,5037692.179423617,52.511337308282,13.3919080676877,75.2284246601939,0.9358109993416007,-3.4872005457691313,-0.07876657887584497,3.61144210071947,0
288,1900,130983.3,1149250983.3,3784239.8186323876,900967.6040997561,5037692.164692138,52.5113371175829,13.3918977300665,75.2261353877344,0.8461975831516735,-3.306827886867417,-0.04394429541351334,3.41366256741863,0
289,1900,130983.5,1149250983.5,3784239.9891188536,900966.9606774482,5037692.148966285,52.5113369115859,13.3918879292374,75.2238986309238,0.7611722864539028,-3.150458439836784,-0.008281268536286829,3.24111712380359,0
290,1900,130983.7,1149250983.7,3784240.146145283,900966.3474382247,5037692.138040594,52.5113367753612,13.391878606802,75.2217562259636,0.6764773546694279,-3.0159206061971893,0.031013658022845832,3.09101286979678,0
291,1900,130983.9,1149250983.9,3784240.2685183175,900965.7552026925,5037692.149407278,52.511336966748,13.3918697035322,75.2197462161624,0.5926596443439328,-2.8889783338001878,0.0710034275632634,2.94999707693525,0
292,1900,130984.1,1149250984.1,3784240.383885052,900965.1918841157,5037692.1610721275,52.5113371606087,13.3918612384982,75.2179008225965,0.5094339170468918,-2.7553245246244673,0.10935924666465283,2.80415684237987,0
293,1900,130984.3,1149250984.3,3784240.482394984,900964.6545716856,5037692.18093678,52.5113374732957,13.3918532035963,75.216247434786,0.43167019998745193,-2.6074176548508863,0.14110757798720988,2.64667288060892,0
294,1900,130984.5,1149250984.5,3784240.573244266,900964.1504559162,5037692.200894548,52.5113377848064,13.3918456704839,75.2148117988064,0.36166426510802807,-2.4450563930463405,0.16449965410765355,2.4771277605393,0
295,1900,130984.7,1149250984.7,3784240.643956736,900963.6777287823,5037692.230607136,52.5113382375114,13.3918386558155,75.2136187762299,0.29878243957730016,-2.2754972132178697,0.18129738724022834,2.30217880630115,0
296,1900,130984.9,1149250984.9,3784240.690190091,900963.234818745,5037692.27362327,52.5113388835359,13.3918321518865,75.212691772425,0.2453780635916092,-2.119993761671541,0.19352046479753074,2.14290319751352,0
297,1900,130985.1,1149250985.1,3784240.7474602796,900962.8244566751,5037692.302984935,52.5113393245695,13.3918260766684,75.2120526669021,0.20687102045965622,-2.0080150985096834,0.2023598913236765,2.02876065137448,0
298,1900,130985.3,1149250985.3,3784240.7842782866,900962.4268726147,5037692.345727175,52.5113399595506,13.3918202543088,75.2117230539236,0.17981051387545827,-1.954095641872668,0.21297247755010917,1.97387407771614,0
299,1900,130985.5,1149250985.5,3784240.826143552,900962.0365761463,5037692.383825804,52.5113405220881,13.3918145191509,75.2117243897081,0.16565887254566686,-1.9549902263123053,0.22369058642297499,1.97470684545428,0
300,1900,130985.7,1149250985.7,3784240.8634220907,900961.6403727982,5037692.426834655,52.511341153052,13.3918087150034,75.2120736606493,0.15871365078538807,-1.9959891973050148,0.23615599359578246,2.01616778865628,0
301,1900,130985.9,1149250985.9,3784240.909667173,900961.2359377255,5037692.465061161,52.5113417092569,13.3918027623199,75.2127766553378,0.16759583640593384,-2.0649614767972166,0.24178103326749312,2.0858121519171,0
302,1900,130986.1,1149250986.1,3784240.9482016736,900960.8120018105,5037692.512944504,52.5113424039678,13.391796556523,75.213828231627,0.18516564238665373,-2.1644202448529533,0.24633955144799063,2.18624895335764,0
303,1900,130986.3,1149250986.3,3784240.992434942,900960.3649283315,5037692.561112981,52.511343098919,13.3917899997601,75.2152186475312,0.21833007837818347,-2.309911773081825,0.24743956847777132,2.33336382988061,0
304,1900,130986.5,1149250986.5,3784241.0514554414,900959.8836012118,5037692.60474255,52.5113437230414,13.3917829017512,75.216934134888,0.2683561866144296,-2.509429714720976,0.24555569668629246,2.53565576058619,0
305,1900,130986.7,1149250986.7,3784241.122881564,900959.3598752781,5037692.647026008,52.511344323769,13.3917751539131,75.2189499357275,0.3360379276137443,-2.741454616245202,0.23627263838733203,2.77206054432034,0
306,1900,130986.9,1149250986.9,3784241.203991369,900958.7896408547,5037692.690677033,52.5113449416116,13.391766706646,75.2212284601261,0.4131298122072933,-2.939511186797105,0.21393371171569195,2.97609977857736,0
307,1900,130987.1,1149250987.1,3784241.296942947,900958.1904838255,5037692.730891577,52.5113455062819,13.3917578045663,75.2237144087275,0.48416209525781473,-3.00679388818741,0.17288465290968152,3.05042808860286,0
308,1900,130987.3,1149250987.3,3784241.413251393,900957.6012193036,5037692.752094233,52.5113457886159,13.3917489645525,75.2263379736681,0.5206010880624761,-2.8700898080003623,0.12141014787668963,2.91944882176188,0
309,1900,130987.5,1149250987.5,3784241.5489780298,900957.0652218696,5037692.7494129585,52.5113457176561,13.3917408215314,75.2290153650182,0.5043410529656353,-2.531166403322684,0.07333399131170107,2.5819645879248,0
310,1900,130987.7,1149250987.7,3784241.6666363343,900956.6096674765,5037692.745877861,52.5113456345092,13.3917338927715,75.2316568945764,0.44035038367194007,-2.057576173867513,0.036949476185227856,2.10449362922715,0
311,1900,130987.9,1149250987.9,3784241.7531994483,900956.250248217,5037692.748321015,52.5113456409889,13.3917284475551,75.234182900526,0.3498192367463974,-1.5514359806906555,0.014586075824560984,1.5904527198843,0
312,1900,130988.1,1149250988.1,3784241.8217226,900955.987732035,5037692.746781444,52.511345590789,13.3917244523499,75.236527264439,0.25932624359707557,-1.1096663602646086,0.0036294613125896266,1.13957128110114,0
313,1900,130988.3,1149250988.3,3784241.874782254,900955.8014314633,5037692.742942034,52.5113455094067,13.3917216019474,75.2386346605701,0.19257504419414279,-0.8035183281705772,-0.000949602750896008,0.826273413040623,0
314,1900,130988.5,1149250988.5,3784241.918050047,900955.6606975092,5037692.737956219,52.5113454144246,13.3917194378472,75.2404580356152,0.159186377573484,-0.651896001830322,-0.0029714960688366487,0.671057024250707,0
315,1900,130988.7,1149250988.7,3784241.9432510156,900955.5335440254,5037692.743630353,52.5113454806392,13.391717529966,75.2419574974891,0.15242130926214115,-0.6151218665896201,-0.004456476577008595,0.633740504037232,0
316,1900,130988.9,1149250988.9,3784241.9762038444,900955.4090465129,5037692.742596465,52.511345452008,13.3917156336966,75.2430982364675,0.1605342468807582,-0.6369702829875034,-0.006628741049727439,0.656921856873903,0
317,1900,130989.1,1149250989.1,3784241.9981532022,900955.273756378,5037692.751197633,52.5113455702239,13.3917136203221,75.2438481743114,0.17653297645353852,-0.6908566545751207,-0.008993643568058877,0.7131112778318,0
318,1900,130989.3,1149250989.3,3784242.040838527,900955.1274866607,5037692.745750171,52.5113454858994,13.39171137889,75.2441800950245,0.20513872953058912,-0.7902594451160139,-0.012679578294965016,0.816549239577279,0
319,1900,130989.5,1149250989.5,3784242.0878672446,900954.9525319815,5037692.741613673,52.5113454259889,13.3917087116301,75.2440804219657,0.2548938898400479,-0.9657977871258987,-0.01862115896810372,0.999041044330206,0
320,1900,130989.7,1149250989.7,3784242.147071741,900954.7356064259,5037692.73530597,52.5113453390586,13.391705401457,75.2435506065869,0.33115071277889396,-1.227214069913458,-0.029081331595283928,1.27144047906887,0
321,1900,130989.9,1149250989.9,3784242.2143564695,900954.4558781722,5037692.733600553,52.5113453249668,13.3917011638542,75.2426040645151,0.43248447955300295,-1.5536458774274473,-0.046703170745521126,1.61339379063489,0
322,1900,130990.1,1149250990.1,3784242.3106371197,900954.1082030851,5037692.72183545,52.5113451669347,13.391695853764,75.2412650670417,0.5540718279720122,-1.9163469811027007,-0.07299435476049689,1.9961737194845,0
323,1900,130990.3,1149250990.3,3784242.4316480476,900953.6878602264,5037692.704068422,52.5113449245407,13.3916894180942,75.2395624050175,0.6945029018045853,-2.2956315306809643,-0.11040003532760607,2.40092619067558,0
324,1900,130990.5,1149250990.5,3784242.5954477056,900953.193801919,5037692.667049929,52.5113444017852,13.3916817802301,75.237526871897,0.851379644299732,-2.6783622586246234,-0.15946468624112242,2.81494239253856,0
325,1900,130990.7,1149250990.7,3784242.7824252066,900952.622553136,5037692.626057841,52.5113438239986,13.3916729572791,75.2351805037546,1.018041433724879,-3.0567608140284386,-0.21660024498605712,3.22910369933956,0
326,1900,130990.9,1149250990.9,3784243.002652657,900951.9756644254,5037692.5733532235,52.5113430764274,13.3916629370991,75.2325644921958,1.183376068539761,-3.4088842117525546,-0.277413345500458,3.61909224156973,0
327,1900,130991.1,1149250991.1,3784243.2628151947,900951.2663023459,5037692.501661269,52.5113420511672,13.3916518855416,75.2297203858629,1.3237659511720508,-3.712472905194424,-0.32823584319347227,3.95506638807013,0
328,1900,130991.3,1149250991.3,3784243.538796551,900950.5022512242,5037692.427639955,52.5113409937541,13.3916399964123,75.2266849415514,1.4255403660507082,-3.950142701164671,-0.36195542047231727,4.21506873267967,0
329,1900,130991.5,1149250991.5,3784243.831420665,900949.7030328118,5037692.347246943,52.5113398441245,13.3916275466171,75.2234902266788,1.487844560369176,-4.127679178900631,-0.37690647731339194,4.40380237208605,0
330,1900,130991.7,1149250991.7,3784244.143950872,900948.867842556,5037692.258231746,52.5113385686619,13.3916145134959,75.2201692233322,1.5308723856874165,-4.2695583388644645,-0.38380875160226413,4.55192353055649,0
331,1900,130991.9,1149250991.9,3784244.440129689,900947.9993758902,5037692.187218375,52.5113375600324,13.3916010593554,75.2167608668949,1.5727933261979896,-4.40167450741549,-0.39161952906027053,4.69060584271432,0
332,1900,130992.1,1149250992.1,3784244.7515944443,900947.102780377,5037692.109745158,52.5113364564918,13.3915871500277,75.2133121378732,1.617287284554163,-4.5431564303680485,-0.3996864937469376,4.83897073816931,0
333,1900,130992.3,1149250992.3,3784245.094561692,900946.1843976412,5037692.012660875,52.5113350631516,13.3915728210592,75.2098829043073,1.6662750844409233,-4.708313154577464,-0.40690097752270493,5.01101325323579,0
334,1900,130992.5,1149250992.5,3784245.433437409,900945.2267241835,5037691.925726548,52.5113338185906,13.3915579430736,75.2065468820408,1.7248915408806655,-4.907129930250071,-0.4153205649413374,5.21801362127591,0
335,1900,130992.7,1149250992.7,3784245.787356222,900944.2259963378,5037691.835443606,52.5113325224674,13.3915423968696,75.2033915987824,1.7901300477921853,-5.135370290306823,-0.423454471412273,5.45489755136918,0
336,1900,130992.9,1149250992.9,3784246.1526119043,900943.1774411342,5037691.74553187,52.5113312287174,13.391526126701,75.2005015874853,1.8577569280922066,-5.378719367609877,-0.43068667380407155,5.70678314380077,0
337,1900,130993.1,1149250993.1,3784246.533800233,900942.0792615408,5037691.652957428,52.5113298918356,13.3915090911417,75.1979372018381,1.928269969792141,-5.619808068943025,-0.44047412044393186,5.95772483914289,0
338,1900,130993.3,1149250993.3,3784246.9378679045,900940.9379402959,5037691.551422678,52.511328418486,13.3914913593824,75.1957281013512,1.993034130803114,-5.851685676107209,-0.4476084533892201,6.19796447441012,0
339,1900,130993.5,1149250993.5,3784247.3505872525,900939.7501157606,5037691.452151095,52.5113269742958,13.3914729317906,75.1938824220487,2.050690883205532,-6.071706569733249,-0.4515459670153857,6.42455037553073,0
340,1900,130993.7,1149250993.7,3784247.7748009292,900938.5206498039,5037691.352148765,52.5113255151427,13.3914538683324,75.192392913376,2.1007624834119047,-6.277216968363037,-0.45240160451841616,6.63485667451729,0
341,1900,130993.9,1149250993.9,3784248.2192154294,900937.2544447259,5037691.244022343,52.5113239321008,13.3914342095502,75.1912389166232,2.1354539094932505,-6.455691834192353,-0.4465840103093538,6.81436407421058,0
342,1900,130994.1,1149250994.1,3784248.666979124,900935.9559513611,5037691.139515587,52.5113223989425,13.391414076703,75.1903890604935,2.1597215743242657,-6.589816704912661,-0.44086719253675016,6.94870098395397,0
343,1900,130994.3,1149250994.3,3784249.125678208,900934.6372199006,5037691.030782991,52.5113208002358,13.3913936165731,75.1898081454956,2.179525452994193,-6.677039269395733,-0.44015158805692844,7.03753636052925,0
344,1900,130994.5,1149250994.5,3784249.5799479946,900933.303353021,5037690.928344167,52.5113192916673,13.3913729546868,75.1894656867839,2.185867558568857,-6.732046692336644,-0.4351141727590681,7.09138872117023,0
345,1900,130994.7,1149250994.7,3784250.0429489543,900931.9624546954,5037690.8209067,52.5113177068034,13.391352162268,75.189335497047,2.184591998736273,-6.769756847040593,-0.42746551862770343,7.12634385492387,0
346,1900,130994.9,1149250994.9,3784250.5046663163,900930.613897695,5037690.716024145,52.5113161574609,13.3913312644923,75.1893933990591,2.1894189550149403,-6.8049001199399255,-0.4248263228836789,7.16105428045005,0
347,1900,130995.1,1149250995.1,3784250.9602424386,900929.2548524307,5037690.617793495,52.5113147044157,13.3913102373865,75.1896154141244,2.2008336142933644,-6.853730985751741,-0.42467115959896395,7.21093909394971,0
348,1900,130995.3,1149250995.3,3784251.420440389,900927.8846483357,5037690.518279157,52.511313230714,13.3912890346271,75.1899826979478,2.2196740935874555,-6.923199254441935,-0.42639085061957044,7.28281883311268,0
349,1900,130995.5,1149250995.5,3784251.874801703,900926.494515127,5037690.426826044,52.5113118744953,13.3912675662255,75.1904819915049,2.246872972455576,-7.0106680049333985,-0.4311496975218984,7.37453687301253,0
350,1900,130995.7,1149250995.7,3784252.355843446,900925.1048888041,5037690.315530016,52.5113102238375,13.3912460140756,75.1911045935348,2.2707625762463746,-7.108550478109464,-0.43158947296941863,7.4748994675975,0
351,1900,130995.9,1149250995.9,3784252.8325634655,900923.6812230641,5037690.213658519,52.5113087109123,13.3912239889369,75.191849008921,2.30169484331075,-7.209999933215408,-0.436650664825409,7.58106601948446,0
352,1900,130996.1,1149250996.1,3784253.322719371,900922.2379489512,5037690.105401492,52.5113071022407,13.3912016370093,75.1927180119464,2.3315040331458916,-7.318971001442824,-0.43953782664013386,7.69392234673473,0
353,1900,130996.3,1149250996.3,3784253.8153901203,900920.7713041068,5037689.9995870525,52.5113055280741,13.3911789416379,75.1937202965099,2.3640198411893474,-7.434104996145365,-0.4433498852626865,7.81351815919134,0
354,1900,130996.5,1149250996.5,3784254.3212999627,900919.2828416214,5037689.887930655,52.5113038661471,13.3911558884937,75.1948505988028,2.3924729762715193,-7.548953499750132,-0.44418136744152126,7.93145150465925,0
355,1900,130996.7,1149250996.7,3784254.831182157,900917.7726309934,5037689.77729532,52.5113022181603,13.3911325101832,75.1960779106783,2.417652587584958,-7.6557094052411605,-0.4440079409337513,8.04065131586779,0
356,1900,130996.9,1149250996.9,3784255.3383589736,900916.2400024156,5037689.672740464,52.5113006592118,13.391108819888,75.1973687443441,2.437388916689779,-7.7529134198857,-0.44146983523259586,8.13900650220076,0
357,1900,130997.1,1149250997.1,3784255.855200946,900914.6904267411,5037689.564029242,52.5112990384691,13.391084853799,75.1986956496756,2.449988999240951,-7.835674056879618,-0.43617272971436744,8.22134299687128,0
358,1900,130997.3,1149250997.3,3784256.3677504347,900913.1245974634,5037689.461423523,52.5112975077306,13.3910606694648,75.2000351743931,2.45532003407776,-7.896754516056797,-0.4293030365009151,8.28079884152223,0
359,1900,130997.5,1149250997.5,3784256.874449996,900911.5467748927,5037689.365303407,52.511296072843,13.3910363332417,75.2013673220071,2.4544762966736684,-7.936977896846925,-0.4215310182952293,8.31851912454101,0
360,1900,130997.7,1149250997.7,3784257.3954047062,900909.9666431332,5037689.258920496,52.5112944867512,13.3910119153066,75.2026710463877,2.4500654542762317,-7.967023707754039,-0.41290531434547073,8.34546453403089,0
361,1900,130997.9,1149250997.9,3784257.9181969324,900908.3807407089,5037689.152127807,52.5112928951966,13.3909874084204,75.2039245999372,2.447637758557966,-7.998210508841551,-0.405556702208222,8.37417328334971,0
362,1900,130998.1,1149250998.1,3784258.436079122,900906.7873006809,5037689.050246039,52.5112913770026,13.3909628102824,75.2051058259982,2.451157291246535,-8.035322193888573,-0.4015932321512905,8.41046086431291,0
363,1900,130998.3,1149250998.3,3784258.958509848,900905.1869164159,5037688.946087537,52.5112898262675,13.3909380971301,75.2061951807529,2.4549083966100467,-8.073549304908942,-0.3976044501955605,8.4478910334685,0
364,1900,130998.5,1149250998.5,3784259.4806156587,900903.5792818719,5037688.843321984,52.5112882973724,13.3909132812024,75.2071759573342,2.456482883578121,-8.099376300470707,-0.3941942981392969,8.47287399638543,0
365,1900,130998.7,1149250998.7,3784259.994459925,900901.9667569401,5037688.747435413,52.5112868714782,13.3908884233857,75.2080348594483,2.4527512540080183,-8.099878291920902,-0.39132356178723865,8.47213970540968,0
366,1900,130998.9,1149250998.9,3784260.441745956,900900.3899121466,5037688.69470929,52.5112860844034,13.3908643038504,75.2087635367315,2.44067103997227,-8.067461256046577,-0.38807091245544406,8.43749994229724,0
367,1900,130999.1,1149250999.1,3784260.958745991,900898.792152582,5037688.59351186,52.511284583179,13.3908396468372,75.2093588506027,2.4262930859425986,-8.012887183685141,-0.38703968324109156,8.38111322401516,0
368,1900,130999.3,1149250999.3,3784261.458037698,900897.200608347,5037688.504254913,52.5112832598275,13.3908151392868,75.2098207251139,2.4133717122443503,-7.953267658889195,-0.38799148699373254,8.3204186715197,0
369,1900,130999.5,1149250999.5,3784261.9618786564,900895.6234650584,5037688.408879301,52.5112818476687,13.3907908225637,75.2101512464062,2.4020612876087353,-7.900310606811899,-0.388961777446842,8.26656502894931,0
370,1900,130999.7,1149250999.7,3784262.4681889145,900894.0572601083,5037688.309556947,52.5112803787274,13.390766654149,75.2103542679095,2.3932859294649025,-7.85667443213318,-0.3901678846039692,8.22237080475493,0
371,1900,130999.9,1149250999.9,3784262.973026729,900892.4978234004,5037688.209980922,52.5112789074308,13.3907425877372,75.2104386257047,2.3863799174479996,-7.820856868951493,-0.39137993998925935,8.18619505829484,0
372,1900,131000.1,1149251000.1,3784263.4709177334,900890.9438835392,5037688.1144768745,52.5112774975103,13.3907186237846,75.210416251084,2.3835793681608126,-7.792329083146566,-0.39436039381539356,8.1582696244108,0
373,1900,131000.3,1149251000.3,3784263.9688811945,900889.3960288081,5037688.017721842,52.5112760701917,13.3906947467771,75.2103022499522,2.377460339568205,-7.7689496793893085,-0.393950176188501,8.13413139360448,0
374,1900,131000.5,1149251000.5,3784264.4741964755,900887.8554798834,5037687.914088886,52.5112745421898,13.3906709493748,75.2101136595104,2.3730150776987333,-7.736022807353839,-0.3964847776254173,8.10150909483986,0
375,1900,131000.7,1149251000.7,3784264.9255633247,900886.3673007733,5037687.841335515,52.5112734708118,13.3906480863757,75.209868250291,2.356350751753072,-7.679744652704564,-0.3940497878022986,8.04276954980675,0
376,1900,131000.9,1149251000.9,3784265.418215278,900884.8463848941,5037687.743541647,52.5112720301561,13.3906246134836,75.2095833838852,2.337925541886489,-7.60433762795736,-0.39369882457773864,7.96535280849802,0
377,1900,131001.1,1149251001.1,3784265.902742187,900883.3423586685,5037687.6487819515,52.5112706345604,13.3906014103112,75.2092764698495,2.3144481351310966,-7.5132985717963345,-0.39235476724849055,7.87148447642192,0
378,1900,131001.3,1149251001.3,3784266.3947116234,900881.8582116562,5037687.544932992,52.5112691047952,13.3905784665927,75.2089661703668,2.291579720397915,-7.424697895405147,-0.39103190073675836,7.78012740257937,0
379,1900,131001.5,1149251001.5,3784266.872643001,900880.388770769,5037687.448967581,52.511267691235,13.3905557814767,75.2086730288674,2.2739361257264594,-7.348974528550489,-0.39132010512764315,7.70268417824883,0
380,1900,131001.7,1149251001.7,3784267.3457526877,900878.9332949228,5037687.354166313,52.5112662944229,13.3905333129071,75.2084175542686,2.2595446878224688,-7.290890819502662,-0.39090153245612097,7.64299909369689,0
381,1900,131001.9,1149251001.9,3784267.8189755194,900877.4876101402,5037687.257613794,52.5112648710754,13.3905109842442,75.2082198671334,2.249898719484051,-7.2459599428551416,-0.3916874590222072,7.59732839930936,0
382,1900,131002.1,1149251002.1,3784268.296459531,900876.0517362829,5037687.156235656,52.5112633755718,13.3904887816236,75.2080992171416,2.242056939321352,-7.203324026066663,-0.3934119106638777,7.55443374946928,0
383,1900,131002.3,1149251002.3,3784268.718585286,900874.6682574502,5037687.086978812,52.5112623532232,13.3904675185741,75.2080756789461,2.2310495092929585,-7.155910495342171,-0.39362279225802227,7.50596934665001,0
384,1900,131002.5,1149251002.5,3784269.1938282857,900873.2513228382,5037686.984177412,52.5112608341976,13.3904455949713,75.2081689792017,2.2155439513492587,-7.098740053489823,-0.3922104984661441,7.4467828236419,0
385,1900,131002.7,1149251002.7,3784269.6353105577,900871.8869161382,5037686.897407522,52.5112595502944,13.390424539174,75.2083983100846,2.1975362298454213,-7.02662189313874,-0.3915862124747391,7.37264677523752,0
386,1900,131002.9,1149251002.9,3784270.084376018,900870.5239160459,5037686.804924229,52.5112581802147,13.3904034776663,75.2087824917637,2.1702955265474024,-6.938984408888647,-0.38682925777484056,7.28075024801854,0
387,1900,131003.1,1149251003.1,3784270.4685366875,900869.1676276439,5037686.759893779,52.5112575088017,13.3903827337179,75.2093379531833,2.1421120740682906,-6.833351770024662,-0.38456522447659475,7.17155708076322,0
388,1900,131003.3,1149251003.3,3784270.9196972344,900867.820590143,5037686.663459276,52.5112560762123,13.3903618937862,75.2100778393516,2.109692267385666,-6.7211355146212854,-0.38030957555441997,7.05472178347444,0
389,1900,131003.5,1149251003.5,3784271.3558588605,900866.4939529762,5037686.574840412,52.51125475672,13.3903413973231,75.2110145591531,2.0825134016508784,-6.608448656832934,-0.3800480194100799,6.9392285028748,0
390,1900,131003.7,1149251003.7,3784271.795821973,900865.1919638844,5037686.479267776,52.5112533321211,13.3903212410645,75.2121586410258,2.0520418837524925,-6.499981114771673,-0.3765800437192674,6.82659819488378,0
391,1900,131003.9,1149251003.9,3784272.235415077,900863.9131425073,5037686.380125484,52.5112518523051,13.390301418028,75.2135168522442,2.0283944652430934,-6.388198072992079,-0.37879279871545124,6.71319169328325,0
392,1900,131004.1,1149251004.1,3784272.661656656,900862.6546927806,5037686.287583495,52.5112504675597,13.3902819324297,75.2150788299887,2.000295013558819,-6.2684931989947925,-0.3790906518055686,6.59081913341571,0
393,1900,131004.3,1149251004.3,3784273.0750912274,900861.4209074259,5037686.200462277,52.5112491605682,13.3902628439204,75.216836052752,1.9674393147226428,-6.128411236546092,-0.3794589931096653,6.44765312875875,0
394,1900,131004.5,1149251004.5,3784273.4877783926,900860.2198696776,5037686.10831646,52.5112477772013,13.3902442271859,75.2187796686008,1.925308328300892,-5.958887641274957,-0.3781359678628642,6.27360668918253,0
395,1900,131004.7,1149251004.7,3784273.8912833254,900859.0559482521,5037686.016647366,52.5112463988428,13.3902261735942,75.2208966158432,1.8714057533168842,-5.759615633600299,-0.37331338954647864,6.06751140313516,0
396,1900,131004.9,1149251004.9,3784274.284222928,900857.9342812898,5037685.92555543,52.5112450271518,13.3902087614848,75.2231718673741,1.8106054709049986,-5.53850495808405,-0.3672229676756187,5.8385085467079,0
397,1900,131005.1,1149251005.1,3784274.6516228197,900856.8553416074,5037685.846110607,52.5112438257643,13.3901920487091,75.2255899941765,1.7462435553262163,-5.309788853085129,-0.3598257456559814,5.60113370542985,0
398,1900,131005.3,1149251005.3,3784275.013322322,900855.8229999008,5037685.762802894,52.5112425658423,13.3901760230575,75.2281358416889,1.6811061502125195,-5.086115841868729,-0.3509539399216052,5.36822698040395,0
399,1900,131005.5,1149251005.5,3784275.3672078787,900854.8354609382,5037685.677508415,52.5112412752725,13.3901606660162,75.2307936622487,1.617301365562232,-4.873913311007159,-0.34103888614225214,5.14655245694857,0
400,1900,131005.7,1149251005.7,3784275.7054235647,900853.8891520611,5037685.596704867,52.5112400498767,13.3901459531903,75.2335485845714,1.549330440187826,-4.675246693106705,-0.3256107424360001,4.93602864759591,0
401,1900,131005.9,1149251005.9,3784276.030587037,900852.9811114783,5037685.518946262,52.5112388684796,13.390131833213,75.2363856123665,1.4727071190819785,-4.4845382513333165,-0.3023127886785862,4.7298353680086,0
402,1900,131006.1,1149251006.1,3784276.3306520004,900852.1089457052,5037685.453625491,52.5112378699669,13.3901183128781,75.2392882414477,1.3903948655004486,-4.291020010493887,-0.2752689293472324,4.51905118315039,0
403,1900,131006.3,1149251006.3,3784276.6160717946,900851.2766259774,5037685.392216729,52.51123692864,13.3901054134318,75.2422401742653,1.2959609653450412,-4.087320175580636,-0.24098872018880227,4.29462182324181,0
404,1900,131006.5,1149251006.5,3784276.8819315066,900850.4861261664,5037685.338017502,52.5112360933678,13.390093179921,75.2452261574477,1.1874340949955215,-3.8705358071908114,-0.19851685959183168,4.05344990202744,0
405,1900,131006.7,1149251006.7,3784277.1248841137,900849.7393884856,5037685.293162975,52.5112353958383,13.390081651591,75.2482324626072,1.0681136110527027,-3.6421936574823217,-0.15004401829412228,3.79854637093538,0
406,1900,131006.9,1149251006.9,3784277.3382246126,900849.0377253658,5037685.262407101,52.5112349063954,13.390070870117,75.2512464034462,0.9485873191768138,-3.403628620306724,-0.10323333427788936,3.53484975753995,0
407,1900,131007.1,1149251007.1,3784277.530811259,900848.384764236,5037685.238481606,52.5112345178507,13.3900608572598,75.254256669567,0.8340111607673462,-3.159765837987643,-0.06105716705193349,3.26855055718076,0
408,1900,131007.3,1149251007.3,3784277.7024365617,900847.7809585808,5037685.221448315,52.511234231233,13.3900516202248,75.2572533645297,0.7294402882740094,-2.915302910505424,-0.026453091854351258,3.00529099426783,0
409,1900,131007.5,1149251007.5,3784277.859398836,900847.2265732301,5037685.2065487215,52.5112339763904,13.3900431413236,75.2602270459816,0.6365918909772993,-2.6791535329637575,0.0008808658588154434,2.75374538851632,0
410,1900,131007.7,1149251007.7,3784277.995354437,900846.7170928578,5037685.19930767,52.5112338349996,13.3900353774958,75.2631692931155,0.5596495051285364,-2.4607865246560587,0.01950497822912866,2.52369933484462,0
411,1900,131007.9,1149251007.9,3784278.112260912,900846.2465864284,5037685.199311772,52.5112338010147,13.3900282370814,75.266075149076,0.49703642878469284,-2.268397982196481,0.03205153549119972,2.32243448090564,0
412,1900,131008.1,1149251008.1,3784278.2205290697,900845.8131202973,5037685.199133626,52.5112337647902,13.3900216568639,75.268942477611,0.44592980939564497,-2.103986202733188,0.04098178287539538,2.1511138609397,0
413,1900,131008.3,1149251008.3,3784278.308336958,900845.4065386857,5037685.209398161,52.5112338832114,13.3900155316495,75.2717711807514,0.4034309571939236,-1.9603035047561372,0.04717124311122847,2.00194193076579,0
414,1900,131008.5,1149251008.5,3784278.3962851027,900845.0300423203,5037685.214165934,52.5112339209174,13.3900098370336,75.274561633408,0.36495500830360217,-1.8251080415244398,0.05186652604989644,1.86196177668811,0
415,1900,131008.7,1149251008.7,3784278.4724708465,900844.6795508609,5037685.223042498,52.5112340197459,13.3900045551497,75.2773133816084,0.32670395998206814,-1.6877326461778484,0.056006818371194464,1.71997492020858,0
416,1900,131008.9,1149251008.9,3784278.5451297713,900844.3581731991,5037685.229329375,52.5112340808002,13.3899997024529,75.280025502262,0.28866837642704707,-1.5437040967990816,0.05880460775761709,1.57156283740639,0
417,1900,131009.1,1149251009.1,3784278.608823302,900844.0663504131,5037685.237004421,52.5112341628335,13.3899953038136,75.2826965062417,0.2520412053154638,-1.393478635220684,0.05945079666813973,1.41733618920066,0
418,1900,131009.3,1149251009.3,3784278.666140302,900843.8051054165,5037685.243953692,52.511234234637,13.3899913650583,75.2853259635618,0.21768485440888255,-1.2401695115640543,0.05785487240534355,1.26045797213278,0
419,1900,131009.5,1149251009.5,3784278.712437471,900843.5725658461,5037685.253975549,52.5112343522857,13.3899878751966,75.2879147606085,0.18571873660484317,-1.0864612904214555,0.054404573151719364,1.10356216059186,0
420,1900,131009.7,1149251009.7,3784278.7551927348,900843.3724005098,5037685.260839689,52.5112344237745,13.3899848612907,75.2904637904626,0.15670035273338156,-0.9354404539400343,0.04923214157976273,0.949751360714389,0
421,1900,131009.9,1149251009.9,3784278.795127553,900843.2016732914,5037685.264530017,52.5112344488592,13.3899822788096,75.2929736117089,0.13015273758968499,-0.789207353639608,0.043066541099929634,0.801026035221849,0
422,1900,131010.1,1149251010.1,3784278.8198391176,900843.0575840209,5037685.274797798,52.5112345715299,13.3899801299356,75.2954437032755,0.10566725055625639,-0.6487364437817923,0.03638576805180432,0.658292082169826,0
423,1900,131010.3,1149251010.3,3784278.8464767584,900842.9434510196,5037685.278252621,52.5112345941125,13.3899784037209,75.2978702821849,0.08277476300990602,-0.5133901093560709,0.02942661156904256,0.520852177920396,0
424,1900,131010.5,1149251010.5,3784278.8679522304,900842.8554683805,5037685.280850918,52.5112346046376,13.3899770698097,75.3002465298575,0.061154050685989336,-0.3822017951463616,0.02225707191891793,0.387702730682684,0
425,1900,131010.7,1149251010.7,3784278.8810243886,900842.7914764752,5037685.285383389,52.5112346444171,13.3899761083129,75.3025634562391,0.04082533359894848,-0.2564194796197048,0.015083729754526124,0.260086862980838,0
426,1900,131010.9,1149251010.9,3784278.900540603,900842.7549504067,5037685.280138928,52.5112345406705,13.3899755183809,75.3048089569791,0.022753754843770704,-0.1432912540864117,0.008473859488100763,0.145333833472358,0
427,1900,131011.1,1149251011.1,3784278.891323432,900842.776432104,5037685.285924458,52.5112346007774,13.3899758576205,75.306970101872,0.009123040026181074,-0.05746647004581964,0.00340011101998319,0.0582853823337773,1
428,1900,131011.3,1149251011.3,3784278.895436154,900842.7856762788,5037685.283822861,52.51123454549,13.3899759760478,75.3090403969818,0.0015747204263840786,-0.009922598331085665,0.0005874868865711305,0.0100639377434098,1
429,1900,131011.5,1149251011.5,3784278.8847866356,900842.7674142374,5037685.297487488,52.5112347242528,13.3899757507041,75.3110038897151,-0.0011294031360966088,0.007117200665838483,-0.00042146205931579533,-0.0072185682118464,1
430,1900,131011.7,1149251011.7,3784278.910648805,900842.781814233,5037685.277951206,52.5112344142285,13.3899758688218,75.3128439137952,-0.0015020664896479236,0.009467650311041065,-0.0005608891715192762,-0.0096024581651891,1
431,1900,131011.9,1149251011.9,3784278.907949249,900842.7808974547,5037685.282271031,52.5112344580944,13.3899758648936,75.3145440627486,-0.0010532221141105014,0.006639237579772939,-0.0003934081384433191,-0.0067337599025889,1
432,1900,131012.1,1149251012.1,3784278.91206781,900842.7800675811,5037685.2812962,52.511234425564,13.3899758389548,75.3160920416244,-0.0005992222527559604,0.003777911572040775,-0.00022392777243081843,-0.0038316872003888,1
433,1900,131012.3,1149251012.3,3784278.8937055506,900842.7678149694,5037685.298934028,52.5112346696348,13.3899757260246,75.3174887066439,-0.00041211608318083204,0.0025986482361545185,-0.00015407478353275168,-0.0026356311123156,1
434,1900,131012.5,1149251012.5,3784278.8977074474,900842.7731019023,5037685.296569662,52.5112346202135,13.3899757881285,75.3187271551636,-0.00018961448069095113,0.0011958110024269625,-7.092062525853769e-05,-0.001212826178766,1
435,1900,131012.7,1149251012.7,3784278.8955809,900842.7726071259,5037685.299596014,52.5112346523335,13.3899757882925,75.3197997023685,-0.00011649024968770931,0.0007347563877480129,-4.358916380878294e-05,-0.0007452093281826,1
436,1900,131012.9,1149251012.9,3784278.899060264,900842.7731229096,5037685.298063597,52.5112346189654,13.3899757838152,75.3207164638106,-5.095241129263511e-05,0.0003214263977399824,-1.9074023793848474e-05,-0.0003259983063826,1
437,1900,131013.1,1149251013.1,3784278.900304928,900842.7719397518,5037685.298325468,52.5112346137175,13.3899757626169,75.3214944145142,-0.00010226569291005085,0.000645085766006104,-3.827540697617337e-05,-0.0006542621219582,1
438,1900,131013.3,1149251013.3,3784278.901974025,900842.7732641946,5037685.297657002,52.5112345962965,13.3899757759011,75.3221388817702,-0.00016980299964495187,0.001071189588581423,-6.356754858415363e-05,-0.0010864258035442,1
439,1900,131013.5,1149251013.5,3784278.8884726674,900842.7713727787,5037685.308712647,52.5112347535402,13.3899757948515,75.3226510205566,-0.00014947852137517885,0.0009428974690484192,-5.594524838493223e-05,-0.0009563102719867,1
440,1900,131013.7,1149251013.7,3784278.8899816354,900842.7699734448,5037685.3083155295,52.5112347432117,13.3899757696542,75.3230320983852,-0.0001032995246235982,0.0006515297325341994,-3.8648598662694836e-05,-0.0006607991361542,1
441,1900,131013.9,1149251013.9,3784278.8871484813,900842.7695816064,5037685.310818364,52.5112347772,13.3899757737033,75.3232854024359,2.672072817617272e-05,-0.00016852958414154817,9.996767538480083e-06,0.0001709273337018,1
442,1900,131014.1,1149251014.1,3784278.891697479,900842.771012048,5037685.307338,52.5112347242481,13.3899757786833,75.3234187220873,0.00013476332436495854,-0.0008499141906943525,5.0409184005874066e-05,0.0008620071757066,1
443,1900,131014.3,1149251014.3,3784278.881727099,900842.7687867498,5037685.315205286,52.511234840112,13.3899757808059,75.3234444855082,0.00022672851230689581,-0.0014299602473614296,8.48178764353857e-05,0.0014503055538368,1
444,1900,131014.5,1149251014.5,3784278.8851102134,900842.7692245353,5037685.31251856,52.5112348012272,13.3899757755393,75.3233773546005,0.0003192830136686227,-0.002013772832259549,0.00011945586851816421,0.0020424231606813,1
445,1900,131014.7,1149251014.7,3784278.8920659823,900842.7695008257,5037685.307098635,52.5112347228782,13.3899757557728,75.3232339772399,0.0003670137077758422,-0.0023145641771745162,0.00013726855113445764,0.0023474984658324,1
446,1900,131014.9,1149251014.9,3784278.9032427557,900842.7738084375,5037685.297743629,52.5112345870708,13.3899757793718,75.3230354887014,0.0003705933316276187,-0.002337354532934633,0.00013864566868434518,0.002370609257453,1
447,1900,131015.1,1149251015.1,3784278.9140333473,900842.7719558083,5037685.289731018,52.5112344714563,13.3899757160209,75.3228052889035,0.00033628437262088023,-0.002120940314862399,0.00012580552860385559,0.0021511164611673,1
448,1900,131015.3,1149251015.3,3784278.918435241,900842.7710131885,5037685.286316666,52.5112344238044,13.3899756875002,75.322569434158,0.0002921301152262405,-0.0018425197851352796,0.00010929781917713172,0.0018687335754767,1
449,1900,131015.5,1149251015.5,3784278.9174626726,900842.772360633,5037685.286528211,52.5112344294828,13.3899757101244,75.3223513785722,0.00022741265015088452,-0.0014344795387738708,8.511012965316482e-05,0.0014548854919818,1
450,1900,131015.7,1149251015.7,3784278.9047054127,900842.7707179402,5037685.296111668,52.5112345731025,13.3899757301006,75.3221709820061,0.00012396385745868418,-0.0007819024714693031,4.638687822717184e-05,0.0007930260117534,1
451,1900,131015.9,1149251015.9,3784278.913504429,900842.778040047,5037685.288087948,52.5112344560922,13.3899758050031,75.3220459154158,-8.73759136381484e-05,0.0005511994825901095,-3.270921537152782e-05,-0.0005590396342496,1
452,1900,131016.1,1149251016.1,3784278.9013854708,900842.7708912771,5037685.298329376,52.5112346079748,13.3899757439082,75.3219894927597,-0.0003907415931001024,0.0024645302484537306,-0.0001462011545752548,-0.0024995925899476,1
453,1900,131016.3,1149251016.3,3784278.9089631494,900842.7755477525,5037685.291871306,52.5112345124011,13.389975784782,75.3220079254831,-0.0005330154739479436,0.0033620886011420338,-0.00019946895647221955,-0.0034099168790446,1
454,1900,131016.5,1149251016.5,3784278.914115974,900842.7759526719,5037685.288078856,52.5112344552472,13.3899757730082,75.3221065796686,-0.0007655188968308247,0.004828698608685472,-0.0002864876618323683,-0.0048973895715277,1
455,1900,131016.7,1149251016.7,3784278.9143713084,900842.7773708449,5037685.287865235,52.5112344499659,13.3899757924576,75.322288127797,-0.0010066277442944368,0.006348906768213105,-0.00037660560175941407,-0.0064392350746282,1
456,1900,131016.9,1149251016.9,3784278.9103244576,900842.7730066988,5037685.291992658,52.5112345078178,13.3899757437292,75.3225520589849,-0.0012227632939333976,0.007712610173404805,-0.0004575587894609823,-0.0078223312257735,1
457,1900,131017.1,1149251017.1,3784278.916041681,900842.7760682711,5037685.287614076,52.5112344391563,13.3899757680962,75.3228942204358,-0.0013746862068777937,0.008668708185607528,-0.0005140248509357785,-0.0087920694561621,1
458,1900,131017.3,1149251017.3,3784278.9155922392,900842.776307124,5037685.288427498,52.5112344463283,13.3899757730516,75.3233072138473,-0.0014410539444976085,0.009085854974676939,-0.0005385987034617915,-0.0092151769193643,1
459,1900,131017.5,1149251017.5,3784278.9186944095,900842.7784456247,5037685.2863285355,52.5112344097986,13.389975793112,75.3237798195753,-0.0014775062090483931,0.009315309553872008,-0.0005521558624859057,-0.0094479041474135,1
460,1900,131017.7,1149251017.7,3784278.9179446013,900842.7754691893,5037685.288069173,52.5112344294346,13.3899757530216,75.3242975379687,-0.0014556241759674394,0.009176142859064899,-0.0005437641680129479,-0.0093067781203832,1
461,1900,131017.9,1149251017.9,3784278.8679104717,900842.7612775482,5037685.328609163,52.5112350216621,13.3899757203371,75.3248414543447,-0.0012732219884029157,0.008026971464608259,-0.000475746265824537,-0.0081412345276889,1
462,1900,131018.1,1149251018.1,3784278.8727928796,900842.7518056567,5037685.327338651,52.5112349964863,13.3899755679656,75.3253890609446,-0.0009299054181427624,0.005861156611107855,-0.0003472171283366425,-0.0059446144232267,1
463,1900,131018.3,1149251018.3,3784278.8813812276,900842.7561390756,5037685.320820048,52.5112348941043,13.3899756007632,75.3259123110316,-0.00039927563928012725,0.0025155266591585356,-0.00014889151002771348,-0.002551365142589,1
464,1900,131018.5,1149251018.5,3784278.873700708,900842.7589187929,5037685.326652508,52.5112349746906,13.3899756667898,75.3263846391718,0.0004220702791054104,-0.0026585496717623984,0.00015728721848723992,0.0026964363420692,1
465,1900,131018.7,1149251018.7,3784278.8788210456,900842.7581491658,5037685.32347811,52.5112349230818,13.3899756382973,75.3267889253655,0.0017373656542647086,-0.010939639514087848,0.0006467772202359342,0.0110956060171325,1
466,1900,131018.9,1149251018.9,3784278.884564055,900842.7552586538,5037685.320126197,52.511234869685,13.3899755772918,75.3271221027439,0.0034373667040865346,-0.021640597280164216,0.0012790390625575833,0.0219491886279234,1
467,1900,131019.1,1149251019.1,3784278.889470393,900842.7508931749,5037685.317580706,52.511234828938,13.389975498006,75.3273919111865,0.005122156808674781,-0.032249689145242455,0.0019063331997387742,0.0327095253191765,1
468,1900,131019.3,1149251019.3,3784278.9022808843,900842.7450987946,5037685.3093297295,52.5112347045173,13.389975371286,75.3276129322185,0.006770435783821061,-0.04262615009099792,0.0025195498715153805,0.0432339635453214,1
469,1900,131019.5,1149251019.5,3784278.907837398,900842.7359863052,5037685.307038166,52.5112346684876,13.3899752217649,75.3278001273543,0.008520192307704916,-0.05365629785720214,0.0031731577258919284,0.054421143930043,1
470,1900,131019.7,1149251019.7,3784278.908851831,900842.7014481076,5037685.312620758,52.5112347490151,13.3899747234236,75.3279625727114,0.01199069726769226,-0.07554298775993155,0.004471181434621002,0.0766192618346321,1
471,1900,131019.9,1149251019.9,3784278.9154457315,900842.6838811294,5037685.310993326,52.5112347233823,13.3899744492238,75.3280993637483,0.016735555153368675,-0.10549603981997895,0.006251104144744981,0.106997988425103,0
472,1900,131020.1,1149251020.1,3784278.9212573497,900842.6592380339,5037685.3111568745,52.5112347246558,13.389974076302,75.3281967855488,0.020312184756188997,-0.12817144791893104,0.007610035998768061,0.129993913546394,0
473,1900,131020.3,1149251020.3,3784278.9317388833,900842.6339006128,5037685.307874435,52.5112346758352,13.389973677503,75.3282269307024,0.020464471479123253,-0.12920905339239472,0.007680707543242428,0.131044905814165,0
474,1900,131020.5,1149251020.5,3784278.935601025,900842.6090591896,5037685.3093071785,52.5112346979006,13.3899733083889,75.328149261778,0.01703079939586606,-0.10759192063158556,0.006403079541734408,0.10911951677346,0
475,1900,131020.7,1149251020.7,3784278.9402376814,900842.5793069851,5037685.310847333,52.5112347232899,13.3899728662688,75.3279232561959,0.011538213941567824,-0.07292290732836586,0.004343418629903534,0.0739577317092501,1
476,1900,131020.9,1149251020.9,3784278.94328919,900842.5538906406,5037685.312573305,52.5112347535315,13.3899724916819,75.3275172843319,0.007382170708902294,-0.046661779467760706,0.0027799160620052884,0.0473238422022674,1
477,1900,131021.1,1149251021.1,3784278.950609392,900842.545871079,5037685.307780447,52.5112346897828,13.3899723518051,75.326918019568,0.005840261485145227,-0.0369209128138046,0.0022002268458536345,0.03744467192262,1
478,1900,131021.3,1149251021.3,3784278.952406304,900842.5344739308,5037685.307469153,52.5112346944354,13.3899721823718,75.3261285907453,0.005901844082798752,-0.03731654637321073,0.0022245498395930103,0.0378458058282617,1
479,1900,131021.5,1149251021.5,3784278.943506538,900842.5233258783,5037685.314911833,52.5112348152844,13.3899720529928,75.3251937425856,0.006366334049331209,-0.040254113212586345,0.0023997448019662847,0.0408250243707699,1
480,1900,131021.7,1149251021.7,3784278.9560097363,900842.5067904745,5037685.307218375,52.5112347137808,13.389971773418,75.3241613672669,0.007458143645368077,-0.04715598403424493,0.0028110096593479583,0.0478248106339989,1
481,1900,131021.9,1149251021.9,3784278.9629109045,900842.4968084714,5037685.30245025,52.5112346563146,13.3899716068516,75.3230570500088,0.009390205302785025,-0.059379067239989765,0.0035404807284080105,0.0602211307242558,1
482,1900,131022.1,1149251022.1,3784278.963865396,900842.4821650283,5037685.302882313,52.5112346762369,13.3899713937771,75.3219011585769,0.010791570223512913,-0.06822431062649813,0.00406595498291916,0.0691920988139039,1
483,1900,131022.3,1149251022.3,3784278.96909533,900842.4666650865,5037685.300242072,52.511234651113,13.3899711538472,75.3207180882874,0.010357860988933218,-0.06548338508336761,0.0039027203903185263,0.0664122747139991,1
484,1900,131022.5,1149251022.5,3784278.9710213505,900842.4493724352,5037685.3003908275,52.5112346671212,13.3899708994997,75.3195392276231,0.00909430351061113,-0.0574874592170742,0.003425277523963488,0.0583030603801726,1
485,1900,131022.7,1149251022.7,3784278.972976586,900842.438609723,5037685.299413581,52.5112346659857,13.3899707386169,75.3184045383757,0.007028397031756145,-0.044420779730355874,0.0026458341022359746,0.0450511317814031,1
486,1900,131022.9,1149251022.9,3784278.968639961,900842.4045586776,5037685.307382661,52.5112347958796,13.3899702655076,75.3173610976854,0.006350023297707909,-0.040141867109295494,0.0023919767888072843,0.0407113478511823,1
487,1900,131023.1,1149251023.1,3784278.9758724417,900842.374926085,5037685.306109276,52.5112347876771,13.3899698162473,75.3164563759959,0.007115297152490815,-0.0449834872377246,0.002680941824369537,0.0456215850963163,1
488,1900,131023.3,1149251023.3,3784278.977850313,900842.3542131401,5037685.307396758,52.5112348152014,13.3899695127152,75.3157297086248,0.008221990765410005,-0.05199443933732486,0.0031004758990845647,0.0527317343252623,1
489,1900,131023.5,1149251023.5,3784278.9701838116,900842.3343210313,5037685.316011378,52.511234948344,13.3899692538403,75.3152225467441,0.011535472980068035,-0.07296401606682847,0.004352762127320929,0.07399838725007,1
490,1900,131023.7,1149251023.7,3784278.979230378,900842.3102923424,5037685.313220303,52.5112349100036,13.389968878688,75.3149774399212,0.015017169302886537,-0.09502340981625976,0.0056731097790285005,0.0963698498574389,1
491,1900,131023.9,1149251023.9,3784278.98289601,900842.278259313,5037685.316233053,52.5112349539488,13.3899684071991,75.3150235389559,0.016648149709044595,-0.10536244975533726,0.006292585638761408,0.106855057630427,0
492,1900,131024.1,1149251024.1,3784278.985686203,900842.2490434608,5037685.319769001,52.5112350021762,13.3899679790622,75.3153635162812,0.01664616644911556,-0.10538795222165329,0.0062985946974956075,0.106880248999001,0
493,1900,131024.3,1149251024.3,3784278.995550171,900842.2282637443,5037685.316880539,52.5112349522682,13.3899676476748,75.3159829977236,0.014831311010477553,-0.09391911648920935,0.005615640657002473,0.0952486411892147,1
494,1900,131024.5,1149251024.5,3784278.994976284,900842.2070900993,5037685.322161501,52.5112350200952,13.3899673462453,75.3168493160184,0.011424811328660519,-0.07233578607756834,0.004323743658294487,0.0733599824194217,1
495,1900,131024.7,1149251024.7,3784279.0109262327,900842.176697084,5037685.317003525,52.5112349314323,13.389966856355,75.3179163837783,0.007909670123168263,-0.05007795429759374,0.002993103919935463,0.0507870363298033,1
496,1900,131024.9,1149251024.9,3784279.010726964,900842.1645853306,5037685.320825437,52.5112349737172,13.3899666834912,75.31912396351,0.006076603654255127,-0.03847825618679082,0.0023004945640842157,0.0390229879223336,1
497,1900,131025.1,1149251025.1,3784279.0234391326,900842.1400735588,5037685.317296146,52.5112349067099,13.3899662889141,75.3203952805519,0.005974228999253517,-0.037827438082136455,0.002261282145816286,0.0383630014589106,1
498,1900,131025.3,1149251025.3,3784279.0420370763,900842.1145322798,5037685.309542028,52.5112347774683,13.38996585951,75.3216539573499,0.007241642855365809,-0.04584630430263426,0.0027399212815944992,0.0464955070741652,1
499,1900,131025.5,1149251025.5,3784279.043574734,900842.1031607252,5037685.311901991,52.5112347984867,13.3899656913277,75.3228342123685,0.009404527551127966,-0.059551449442198846,0.003560408339205594,0.0603945094910835,1
500,1900,131025.7,1149251025.7,3784279.0546114435,900842.084268718,5037685.308360324,52.5112347337541,13.3899653829883,75.3238957800545,0.011058455866724165,-0.07002959617967451,0.004187469866498271,0.0710209031984767,1
501,1900,131025.9,1149251025.9,3784279.055082951,900842.0675722857,5037685.312141632,52.5112347787345,13.3899651421449,75.3248221226769,0.011140474209265533,-0.07054917501113668,0.004218559828595595,0.0715478337015646,1
502,1900,131026.1,1149251026.1,3784279.0666625877,900842.0493649798,5037685.30773409,52.5112347043695,13.3899648417644,75.32561459014,0.010585383118385708,-0.06704697134225707,0.0040106754194619365,0.0679958250133986,1
503,1900,131026.3,1149251026.3,3784279.0653460203,900842.0329276172,5037685.312488787,52.5112347666491,13.389964610732,75.3262911508097,0.010184792517690465,-0.06452586494669563,0.003861774150061287,0.0654387541548102,1
504,1900,131026.5,1149251026.5,3784279.071907772,900841.990075139,5037685.315944177,52.5112348107915,13.3899639743381,75.3268782672305,0.012254083058566624,-0.07764734132870438,0.00464842383614368,0.0787456666184432,1
505,1900,131026.7,1149251026.7,3784279.078921204,900841.9709464199,5037685.314767289,52.5112347872915,13.3899636763299,75.3274008324438,0.015134985345932776,-0.09595849639888977,0.005751286263407444,0.0973148401131143,1
506,1900,131026.9,1149251026.9,3784279.08240426,900841.9473913538,5037685.31695719,52.5112348140034,13.3899633269404,75.3278808066224,0.017397962301726612,-0.11038333921323902,0.006624922399373983,0.111942218420554,0
507,1900,131027.1,1149251027.1,3784279.091795132,900841.9225169861,5037685.314924796,52.5112347788205,13.3899629384964,75.3283223548775,0.017222396528584247,-0.10931404140867074,0.006565990473098247,0.110857037765661,0
508,1900,131027.3,1149251027.3,3784279.100166891,900841.9022454409,5037685.312786123,52.5112347425251,13.3899626194801,75.3287249142061,0.014785454907961265,-0.09387308616013088,0.005641674481986473,0.0951976600186339,1
509,1900,131027.5,1149251027.5,3784279.1053940603,900841.8703386018,5037685.31501271,52.5112347711303,13.3899621444731,75.3290895275019,0.009869689302000356,-0.06272575233882917,0.003777148760871396,0.0636097290212111,1
510,1900,131027.7,1149251027.7,3784279.1106703896,900841.8595171857,5037685.313402882,52.5112347435946,13.3899619714213,75.329410920661,0.005040216905117783,-0.03203743489363848,0.0019297666776742681,0.0324888445538622,1
511,1900,131027.9,1149251027.9,3784279.116052821,900841.8422895109,5037685.312787428,52.5112347313398,13.3899617062154,75.3296812491586,0.002009140164498019,-0.01277366831521416,0.0007697530825313485,0.0129536005124356,1
512,1900,131028.1,1149251028.1,3784279.1125437967,900841.8249542741,5037685.318750721,52.5112348169205,13.389961469796,75.3298921834446,0.000548880202681584,-0.003489666453840904,0.0002102914189056908,0.0035388223912516,1
513,1900,131028.3,1149251028.3,3784279.11296413,900841.8200723465,5037685.319474107,52.5112348260225,13.3899613984115,75.3300269766443,0.00012434105487525214,-0.000790217745251062,4.758226279153116e-05,0.0008013543876273,1
514,1900,131028.5,1149251028.5,3784279.1097577545,900841.8089611653,5037685.323893794,52.5112348907839,13.3899612501413,75.3300695028575,9.079384198983432e-05,-0.0005768183873506115,3.470928643282958e-05,0.0005849510306801,1
515,1900,131028.7,1149251028.7,3784279.1158889704,900841.8100005018,5037685.319062621,52.5112348201146,13.3899612441206,75.3300126407889,0.00012885170999154595,-0.0008183240360665384,4.9208904572203695e-05,0.0008298665600331,1
516,1900,131028.9,1149251028.9,3784279.1130929836,900841.8048106922,5037685.321868366,52.5112348634245,13.3899611792951,75.3298520772798,0.00020236480591894683,-0.0012850037231381501,7.724926144171606e-05,0.0013031322003338,1
517,1900,131029.1,1149251029.1,3784279.1045187265,900841.7936843659,5037685.32990582,52.5112349852326,13.3899610491171,75.329584948868,0.00025313495195485264,-0.0016069924688719172,9.65591046046487e-05,0.0016296704450883,1
518,1900,131029.3,1149251029.3,3784279.1002652464,900841.783631644,5037685.334389621,52.5112350558603,13.3899609195846,75.3292075749509,0.0002883424721527515,-0.0018299761957369348,0.00010989562058978502,0.0018558101480582,1
519,1900,131029.5,1149251029.5,3784279.1018255414,900841.7725411315,5037685.334575821,52.5112350643688,13.389960755352,75.3287160210325,0.0002823440573107622,-0.0017918332339663086,0.00010759633940768629,0.0018171300111161,1
520,1900,131029.7,1149251029.7,3784279.107284588,900841.756174692,5037685.332645132,52.5112350429671,13.389960502225,75.3281094888923,0.000247415696147804,-0.0015698930281078073,9.423687062691901e-05,0.0015920613160891,1
521,1900,131029.9,1149251029.9,3784279.10427183,900841.7369174568,5037685.337403668,52.51123512169,13.3899602365735,75.3273874161362,0.00026251027144979643,-0.0016655534925311263,9.996536155198077e-05,0.0016890746438833,1
522,1900,131030.1,1149251030.1,3784279.1032626494,900841.7234048743,5037685.33950657,52.5112351625045,13.3899600464004,75.3265540592305,0.00035408676549829755,-0.002246543738913807,0.00013483166615933638,0.0022782703497507,1
523,1900,131030.3,1149251030.3,3784279.098792986,900841.7029739287,5037685.345295947,52.5112352589095,13.3899597689007,75.3256219291902,0.0005480099264527804,-0.003476331669474315,0.00020857213448469489,0.0035254360143058,1
524,1900,131030.5,1149251030.5,3784279.109813762,900841.6836657827,5037685.339225351,52.5112351811433,13.389959454653,75.3246087808332,0.0007550019039872185,-0.004790685543004344,0.0002875819917302994,0.0048583329701599,1
525,1900,131030.7,1149251030.7,3784279.1186339725,900841.6597563119,5037685.335539125,52.5112351392804,13.389959081981,75.3235361842028,0.000962759360677978,-0.006110529507149336,0.00036699582792610686,0.0061967864560618,1
526,1900,131030.9,1149251030.9,3784279.1182035445,900841.6272832045,5037685.340236844,52.5112352215808,13.3899586181576,75.3224321154457,0.0010640863255161274,-0.006757464489589687,0.00040629995575641487,0.0068527867098184,1
527,1900,131031.1,1149251031.1,3784279.1230263924,900841.5995169968,5037685.34019116,52.5112352337258,13.3899582038588,75.3213379405515,0.0010202288974621818,-0.006480945256901347,0.00038990850639683593,0.0065723319354343,1
528,1900,131031.3,1149251031.3,3784279.121555814,900841.583775749,5037685.342782526,52.5112352840925,13.389957983326,75.3203048825339,0.0008876791541536978,-0.00563917543783127,0.0003392944418410981,0.0057186881902778,1
529,1900,131031.5,1149251031.5,3784279.124402256,900841.5494583494,5037685.345600765,52.5112353364284,13.3899574818996,75.3193896758364,0.0007467657567082075,-0.004744331864951988,0.0002854938896049362,0.0048112213315532,1
530,1900,131031.7,1149251031.7,3784279.1249166834,900841.5273187936,5037685.348203804,52.5112353836549,13.3899571629179,75.3186393542201,0.0005941186560315517,-0.0037744384126091883,0.00022711802338627445,0.0038276552750439,1
531,1900,131031.9,1149251031.9,3784279.129117861,900841.5113269888,5037685.347215475,52.511235375514,13.3899569194493,75.3180886234407,0.00038211255941774725,-0.0024284958432238507,0.00014623865402690986,0.0024627195968181,1
532,1900,131032.1,1149251032.1,3784279.1328929914,900841.4991360445,5037685.346157099,52.5112353636691,13.3899567318946,75.3177657586167,0.0003359511558637722,-0.002134928544251297,0.0001285382525841678,0.0021650185104434,1
533,1900,131032.3,1149251032.3,3784279.123196437,900841.4899497296,5037685.354944266,52.5112354941591,13.3899566333421,75.3177024629674,0.0002443271941799365,-0.0015527938638705446,9.350410771435702e-05,0.0015746769762873,1
534,1900,131032.5,1149251032.5,3784279.127089758,900841.4773369087,5037685.354564469,52.5112354859023,13.3899564393394,75.3179285486571,0.00012147657621577299,-0.0007719967783447668,4.648311258353439e-05,0.0007828769150379,1
535,1900,131032.7,1149251032.7,3784279.1313889194,900841.4666999708,5037685.353915222,52.5112354700939,13.3899562722639,75.3184595947901,-0.00015061784312300013,0.000957470192067766,-5.768333288313365e-05,-0.0009709594586067,1
536,1900,131032.9,1149251032.9,3784279.136352294,900841.4539074122,5037685.353534153,52.5112354547043,13.389956072036,75.3192928755277,-0.0007047873062076244,0.004481138291003348,-0.000270067316100825,-0.004544255922075,1
537,1900,131033.1,1149251033.1,3784279.139885688,900841.4478905229,5037685.353359166,52.5112354391727,13.3899559737709,75.3203980004976,-0.0012097899059002103,0.007693246884966066,-0.0004637976317696727,-0.0078015862164494,1
538,1900,131033.3,1149251033.3,3784279.164550712,900841.4304690192,5037685.339711375,52.5112352222039,13.3899556400171,75.3217166931247,-0.0014269677609185102,0.009077001397307908,-0.0005475342350098131,-0.0092047805566422,1
539,1900,131033.5,1149251033.5,3784279.165463794,900841.4031453596,5037685.345723366,52.5112352938697,13.3899552453951,75.3231766670769,-0.0007974500176291272,0.005073889216464322,-0.000306212013116337,-0.0051452933938257,1
540,1900,131033.7,1149251033.7,3784279.16618186,900841.3680267023,5037685.353362209,52.5112353886575,13.3899547397475,75.3247134205849,0.001117058355583827,-0.007109394380905277,0.00042928469620389466,0.007209410044062,1
541,1900,131033.9,1149251033.9,3784279.172486546,900841.3448923951,5037685.35473771,52.5112353906477,13.3899543867626,75.3262770736297,0.0048424294196793595,-0.030832270755397687,0.0018632801488911146,0.0312657936974576,1
542,1900,131034.1,1149251034.1,3784279.185080187,900841.3137793617,5037685.352823697,52.5112353441973,13.3899538980035,75.3278295196081,0.01085272234290567,-0.06915049100329353,0.004184820473623479,0.0701219274595703,1
543,1900,131034.3,1149251034.3,3784279.187830635,900841.2748050243,5037685.359588419,52.5112354264731,13.3899533301775,75.3293325609389,0.019160676051785428,-0.12218553273839583,0.007405977154239939,0.123900300302042,0
544,1900,131034.5,1149251034.5,3784279.198167961,900841.2430109633,5037685.3593008155,52.5112354056938,13.3899528393563,75.3307436580793,0.028396452056070106,-0.18151859437834864,0.011053500038944916,0.184058519111654,0
545,1900,131034.7,1149251034.7,3784279.209854293,900841.2019640342,5037685.359476692,52.5112353933707,13.3899522113539,75.332017115851,0.03562259618603214,-0.22828726835763918,0.013968810300241167,0.231471756191614,0
546,1900,131034.9,1149251034.9,3784279.2219163384,900841.1539911703,5037685.360376557,52.5112353938376,13.3899514828316,75.3331113495056,0.040331302357195536,-0.259159147529629,0.015938902023915767,0.262762490275609,0
547,1900,131035.1,1149251035.1,3784279.221928929,900841.0980214139,5037685.371427426,52.5112355466109,13.3899506808249,75.3339990295505,0.04291913795524296,-0.2766470005851464,0.01711419715032159,0.280479074227792,0
548,1900,131035.3,1149251035.3,3784279.220401677,900841.0382963559,5037685.384015736,52.5112357246752,13.3899498302625,75.3346656745909,0.043397695257709035,-0.28059249470573083,0.01745792287069153,0.284464913670958,0
549,1900,131035.5,1149251035.5,3784279.228551222,900840.9823018849,5037685.388434605,52.5112357847739,13.3899490001475,75.3351051406697,0.042301447008392404,-0.27433487708092313,0.017164403197815942,0.278107270561462,0
550,1900,131035.7,1149251035.7,3784279.239854967,900840.9300777472,5037685.389537685,52.5112357986323,13.3899482132972,75.3353124888765,0.04055262870217177,-0.26376525729046735,0.016591896835365334,0.267379725650166,0
551,1900,131035.9,1149251035.9,3784279.245586203,900840.8771557389,5037685.394627728,52.5112358741034,13.3899474354546,75.335285755697,0.03891039039243949,-0.2539135961649437,0.016067390594154685,0.257379668657824,0
552,1900,131036.1,1149251036.1,3784279.249791326,900840.8265177151,5037685.400166811,52.5112359588451,13.3899466955435,75.335033676366,0.03789184692052312,-0.2481054139740933,0.015795721313256385,0.251478812861264,0
553,1900,131036.3,1149251036.3,3784279.2473722147,900840.7730751832,5037685.410889554,52.5112361225186,13.3899459380424,75.3345774660922,0.03700095085916938,-0.24312078048348262,0.01557508741037682,0.246413002122902,0
554,1900,131036.5,1149251036.5,3784279.24825558,900840.7224138698,5037685.418432005,52.5112362412976,13.3899452091277,75.3339450359909,0.036329524921399015,-0.23961706191228183,0.015453737704810483,0.242847665727999,0
555,1900,131036.7,1149251036.7,3784279.2483025184,900840.6715219156,5037685.426450139,52.5112363688611,13.3899444797612,75.3331623233729,0.036552393312178307,-0.24179013988977344,0.015673427834357222,0.245039191854779,0
556,1900,131036.9,1149251036.9,3784279.2637233455,900840.6246256186,5037685.4221249735,52.5112363156746,13.3899437552081,75.3322509788993,0.03723839646000421,-0.24731979080979621,0.01614374838565514,0.250628006633443,0
557,1900,131037.1,1149251037.1,3784279.2698457553,900840.5733013306,5037685.425385149,52.511236375786,13.3899429989242,75.3312290793227,0.03835895933806764,-0.25574210301034606,0.016803619162123012,0.259148209776953,0
558,1900,131037.3,1149251037.3,3784279.274163993,900840.5199652498,5037685.430227086,52.5112364603854,13.3899422199681,75.3301105433623,0.0401321227627891,-0.26869387330914574,0.017781078807053805,0.27225567320969,0
559,1900,131037.5,1149251037.5,3784279.281234793,900840.4636641009,5037685.433436044,52.5112365218561,13.3899413891383,75.3289080767609,0.04225478323736298,-0.28438792820763303,0.01898484886691694,0.288136052765297,0
560,1900,131037.7,1149251037.7,3784279.2800658615,900840.4030085799,5037685.4434872065,52.511236685095,13.3899405240215,75.3276425804634,0.04395927026269278,-0.29697098836384395,0.019948059982591658,0.300868925728291,0
561,1900,131037.9,1149251037.9,3784279.2863288764,900840.3405856371,5037685.448255389,52.5112367708055,13.3899396082307,75.3263362564573,0.04503381771781462,-0.30591443465284324,0.020734829816633948,0.309905823170096,0
562,1900,131038.1,1149251038.1,3784279.298184044,900840.2786476745,5037685.448729606,52.5112367934395,13.3899386803148,75.3250020422615,0.046238556557040594,-0.31556532616394706,0.02155011380805915,0.31966214445032,0
563,1900,131038.3,1149251038.3,3784279.307977854,900840.2135779484,5037685.451272206,52.5112368468563,13.3899377145564,75.3236471947514,0.047806511192957465,-0.32821391464350036,0.022626838807326053,0.332448206661528,0
564,1900,131038.5,1149251038.5,3784279.3228915506,900840.1469241648,5037685.450256597,52.5112368479131,13.3899367086375,75.3222770413899,0.04994850876571356,-0.3445070031264912,0.023922580037235693,0.348930105560917,0
565,1900,131038.7,1149251038.7,3784279.3371048174,900840.0767468651,5037685.450377327,52.5112368658617,13.3899356546209,75.3208972424533,0.05220972128928647,-0.36281784227073116,0.025487765752229632,0.367440155494925,0
566,1900,131038.9,1149251038.9,3784279.349271903,900840.0027214524,5037685.452701998,52.5112369164121,13.3899345524458,75.3195123944406,0.05445266169707353,-0.3806424483173177,0.02698021843846627,0.385462965813689,0
567,1900,131039.1,1149251039.1,3784279.3553624908,900839.9224637168,5037685.460662885,52.5112370502302,13.3899333816969,75.3181236938429,0.05685101467347178,-0.4003000206720439,0.028682283869275113,0.405332971552278,0
568,1900,131039.3,1149251039.3,3784279.363685742,900839.8384987698,5037685.467609154,52.5112371691334,13.3899321502138,75.3167293036764,0.06026679362475258,-0.42790852585895167,0.031037449741782474,0.433244868640199,0
569,1900,131039.5,1149251039.5,3784279.368079317,900839.745674456,5037685.479056906,52.5112373545443,13.3899308051927,75.3153314765611,0.06610012406104918,-0.4733392263582296,0.03475435417100075,0.479194234881991,0
570,1900,131039.7,1149251039.7,3784279.3797487444,900839.6425698794,5037685.486906123,52.5112374867791,13.3899292880536,75.3139371773558,0.07603818602293222,-0.5503456121080318,0.0410170174948309,0.557085715329691,0
571,1900,131039.9,1149251039.9,3784279.386608002,900839.5179945764,5037685.50216953,52.5112377283842,13.3899274796776,75.3125518525089,0.09090444566175769,-0.6653740573164723,0.05035601860748429,0.673440407906188,0
572,1900,131040.1,1149251040.1,3784279.3958717347,900839.3679562059,5037685.520176376,52.5112380103609,13.3899252982521,75.3111782345553,0.10793964323431682,-0.8021201172795851,0.061934171833955186,0.811716385671082,0
573,1900,131040.3,1149251040.3,3784279.417469669,900839.1924881245,5037685.53350768,52.5112382231986,13.389922710386,75.3098132777345,0.12371490998495412,-0.9363042470163608,0.0739973709097375,0.947336599543696,0
574,1900,131040.5,1149251040.5,3784279.433746436,900838.9885356273,5037685.555870985,52.5112385693808,13.3899197325301,75.3084499460349,0.13666436207769272,-1.0559880285819376,0.08559348500040405,1.06822942715738,0
575,1900,131040.7,1149251040.7,3784279.454613633,900838.7639893962,5037685.57845776,52.5112389189484,13.389916443939,75.3070793003149,0.1472822368895498,-1.1663931694787888,0.0972812275255623,1.17967314131451,0
576,1900,131040.9,1149251040.9,3784279.488655775,900838.5200990974,5037685.594632298,52.5112391739976,13.3899128332379,75.3056947787188,0.15577429546197094,-1.2707224816915985,0.10947595937442973,1.2849070948065,0
577,1900,131041.1,1149251041.1,3784279.5255475026,900838.2571835031,5037685.612047005,52.5112394474785,13.3899089402128,75.3043000330567,0.16139108241178446,-1.3548032562465815,0.12021950199979348,1.36966845377977,0
578,1900,131041.3,1149251041.3,3784279.560937194,900837.9809375687,5037685.632963471,52.5112397725422,13.3899048613068,75.3029157902001,0.15946556358110126,-1.386774288426484,0.12733496418517773,1.40170838126661,0
579,1900,131041.5,1149251041.5,3784279.5946153183,900837.7073897093,5037685.6547355205,52.5112401097025,13.3899008268981,75.3015773502971,0.14797551428020944,-1.3301306141950686,0.12584716321416156,1.34424019882404,0
580,1900,131041.7,1149251041.7,3784279.621028482,900837.4545521998,5037685.678352463,52.5112404731494,13.3898971140179,75.3003203782075,0.12637520778143024,-1.1718776218699016,0.1138551832294363,1.18415829031826,0
581,1900,131041.9,1149251041.9,3784279.6405737074,900837.2403524744,5037685.700374401,52.5112408117125,13.3898939781857,75.2991771389736,0.09829559670510987,-0.9378606333875685,0.09324046288113412,0.947596103784747,0
582,1900,131042.1,1149251042.1,3784279.6628033854,900837.0790405477,5037685.711185067,52.5112409830059,13.3898915910013,75.2981813641006,0.07018419892761608,-0.6838269603971104,0.06909407366307474,0.690882858783181,0
583,1900,131042.3,1149251042.3,3784279.6757771457,900836.9644108671,5037685.720841693,52.5112411351085,13.3898899042753,75.2973691504368,0.04677539263402322,-0.4634593433821769,0.04741864422843373,0.468221131672598,0
584,1900,131042.5,1149251042.5,3784279.6692013144,900836.915205945,5037685.733738396,52.511241332508,13.3898892216706,75.2967741599695,0.030608955783279233,-0.3059631502600052,0.03150660383529805,0.309100345480887,0
585,1900,131042.7,1149251042.7,3784279.6773207486,900836.8649992282,5037685.73615717,52.5112413723191,13.3898884745881,75.2964245311318,0.02123867510238575,-0.21390988325300192,0.02214764709815109,0.216099601446652,0
586,1900,131042.9,1149251042.9,3784279.684520529,900836.8263202496,5037685.737559477,52.511241393915,13.3898878958179,75.2963485767468,0.01772596231825983,-0.17978458679400477,0.018707289423956053,0.181622328105305,0
587,1900,131043.1,1149251043.1,3784279.689107962,900836.7890511606,5037685.741045143,52.5112414426982,13.3898873461597,75.2965777502093,0.01930957927504176,-0.19727897212007298,0.02063304435215776,0.19929268730129,0
588,1900,131043.3,1149251043.3,3784279.682076251,900836.7402021141,5037685.755683569,52.5112416521982,13.3898866702091,75.2971450170322,0.026346576040403115,-0.2712750213920444,0.028525641466151424,0.274040127575073,0
589,1900,131043.5,1149251043.5,3784279.688404679,900836.672704416,5037685.764131788,52.5112417659612,13.3898856814812,75.2980822388765,0.038895846963042685,-0.4050861591255093,0.04292967171986094,0.409207331239318,0
590,1900,131043.7,1149251043.7,3784279.7029634183,900836.5742071067,5037685.772447386,52.5112418730961,13.3898842205021,75.299418042149,0.05477078637519511,-0.5792216603602779,0.06201470869504153,0.585101183527435,0
591,1900,131043.9,1149251043.9,3784279.7169760927,900836.4372351106,5037685.7885287665,52.5112420900233,13.3898822101,75.3011699131721,0.07095693850150761,-0.7662627601955357,0.08315984049547877,0.774021358784899,0
592,1900,131044.1,1149251044.1,3784279.7311725705,900836.2635676478,5037685.811520023,52.5112424040608,13.389879673279,75.3033416025254,0.08488852348339126,-0.9458553940495225,0.10466422048894172,0.955407288501781,0
593,1900,131044.3,1149251044.3,3784279.747999325,900836.0562411516,5037685.839046539,52.5112427802369,13.3898766452021,75.3059253355661,0.09742017917547113,-1.1116925956919215,0.12476988683892658,1.12290633771861,0
594,1900,131044.5,1149251044.5,3784279.7669015266,900835.8152143665,5037685.871513022,52.5112432246818,13.3898731271706,75.3089079319209,0.10862686806386163,-1.2703522349554437,0.14458927983970135,1.28316041754966,0
595,1900,131044.7,1149251044.7,3784279.7974385624,900835.5455502806,5037685.900866725,52.5112436186824,13.3898691591239,75.3122730760884,0.12116839193230025,-1.4268605340789202,0.1630305156958463,1.44124658263723,0
596,1900,131044.9,1149251044.9,3784279.8286754047,900835.2445681408,5037685.935723813,52.5112440896419,13.3898647399486,75.3160054322433,0.13419497195819516,-1.57070939750636,0.17886119582163615,1.5865458169509,0
597,1900,131045.1,1149251045.1,3784279.8600138198,900834.9171829781,5037685.975640255,52.5112446311655,13.3898599421103,75.3200912023269,0.14914002501517515,-1.680064777136798,0.18713354557903955,1.69702073243618,0
598,1900,131045.3,1149251045.3,3784279.88476108,900834.5717832391,5037686.024107133,52.5112452949206,13.389854908631,75.3245202123814,0.16516686121485594,-1.7428873434968075,0.18633343168664265,1.76058414508624,0
599,1900,131045.5,1149251045.5,3784279.9176707957,900834.216612483,5037686.068635665,52.5112458966498,13.3898497073063,75.329279840307,0.18332992102420428,-1.7759951417149484,0.17866133354913008,1.79434903946902,0
600,1900,131045.7,1149251045.7,3784279.96143304,900833.8572134853,5037686.106209014,52.5112463920406,13.3898444083806,75.3343501878987,0.21175067389436197,-1.819889555216661,0.1652512329238263,1.83960438982523,0
601,1900,131045.9,1149251045.9,3784280.0145086204,900833.4847918279,5037686.1395030115,52.5112468209264,13.3898388910928,75.3397036903039,0.25399416023306054,-1.9103218481789586,0.14979321910233007,1.9329460948385,0
602,1900,131046.1,1149251046.1,3784280.0764489,900833.0887773156,5037686.170688715,52.5112472157473,13.3898330055178,75.345307662707,0.31624439629291684,-2.057990597889616,0.12957327743349223,2.0861747418214,0
603,1900,131046.3,1149251046.3,3784280.142525578,900832.6556615904,5037686.205644914,52.5112476637601,13.3898265742282,75.351123480844,0.3934149376255245,-2.23850387840995,0.10405417992575879,2.27519278285672,0
604,1900,131046.5,1149251046.5,3784280.2304760534,900832.189200481,5037686.230405888,52.5112479593424,13.3898195905399,75.3571007090897,0.4760106222643274,-2.4151049699950793,0.07379208882556286,2.46267403465758,0
605,1900,131046.7,1149251046.7,3784280.3389506796,900831.6911032336,5037686.245584484,52.5112481123856,13.3898120835474,75.3631674565327,0.551873229334877,-2.5538181880952666,0.04182423401203182,2.61310173274088,0
606,1900,131046.9,1149251046.9,3784280.4562037587,900831.1695398334,5037686.258373753,52.5112482302156,13.3898042103774,75.3692285016613,0.614233571327584,-2.6351383259958365,0.00973702128482115,2.70579594331529,0
607,1900,131047.1,1149251047.1,3784280.5966724176,900830.6406238377,5037686.254983224,52.5112481106558,13.3897961526708,75.3751601677931,0.6570764302326172,-2.6627069504472973,-0.017334358100400547,2.74263709212472,0
608,1900,131047.3,1149251047.3,3784280.7237370294,900830.1052754313,5037686.262401764,52.5112481538139,13.3897880485163,75.3808259874296,0.6861146656211754,-2.6515302486245815,-0.040987203317358105,2.73916884192767,0
609,1900,131047.5,1149251047.5,3784280.850701777,900829.5736892087,5037686.268725471,52.511248185464,13.389779998609,75.3860942383013,0.7017970050582798,-2.6209037914728412,-0.05812902276918304,2.71385974283005,0
610,1900,131047.7,1149251047.7,3784280.9879350197,900829.0510302738,5037686.265164093,52.5112480770793,13.3897720415925,75.3908567687389,0.7071156986712929,-2.592488892588302,-0.06714501915877434,2.68803268638961,0
611,1900,131047.9,1149251047.9,3784281.1445174348,900828.5384063324,5037686.244638002,52.5112477251208,13.389764162366,75.3950285193532,0.718011376436268,-2.587003446520108,-0.07624961251465452,2.68587810080939,0
612,1900,131048.1,1149251048.1,3784281.3023021547,900828.0214738365,5037686.2231510915,52.5112473666813,13.3897562173035,75.3985425366369,0.7386643313921335,-2.6210530820347944,-0.08561250166043867,2.72449513740723,0
613,1900,131048.3,1149251048.3,3784281.4641277725,900827.4923975575,5037686.199908497,52.5112469906609,13.3897480844557,75.4013444635779,0.7732245870505763,-2.698315605654775,-0.09767705488791685,2.80861606076573,0
614,1900,131048.5,1149251048.5,3784281.62761855,900826.9432441553,5037686.1780415615,52.5112466437652,13.3897396582527,75.4033942543298,0.8180643754180503,-2.8113339769011527,-0.1110608992935146,2.9300448077391,0
615,1900,131048.7,1149251048.7,3784281.7969191195,900826.3686497973,5037686.155386312,52.5112462942658,13.389730847702,75.404672776013,0.8731069760642501,-2.94502571031503,-0.12838576412928562,3.07440646800316,0
616,1900,131048.9,1149251048.9,3784281.9805730944,900825.7673902792,5037686.125783858,52.5112458512353,13.3897216061218,75.4051789410384,0.9357281489505211,-3.0835326693844753,-0.15051027128959818,3.22589743074131,0
617,1900,131049.1,1149251049.1,3784282.1713558333,900825.1369668796,5037686.095093399,52.51124540096,13.3897119223511,75.4049322753052,1.0021427010135853,-3.219582675944263,-0.17590173020400446,3.37652839750001,0
618,1900,131049.3,1149251049.3,3784282.3859898616,900824.4827097773,5037686.0499395365,52.5112447454863,13.3897018157261,75.4039717639919,1.0774306840428816,-3.352180494578791,-0.20852747854375783,3.52724462668234,0
619,1900,131049.5,1149251049.5,3784282.609250251,900823.8002487869,5037686.002525123,52.5112440643811,13.389691275558,75.402350029047,1.162418676586814,-3.4826310355277204,-0.2487725050794117,3.67992172044219,0
620,1900,131049.7,1149251049.7,3784282.828396733,900823.0867152838,5037685.962946947,52.511243505978,13.3896803041983,75.4001312733565,1.2579907517494462,-3.610239916961658,-0.2974198125885875,3.83468793181801,0
621,1900,131049.9,1149251049.9,3784283.098994795,900822.3560871804,5037685.887352042,52.5112424219136,13.3896689124067,75.397387607642,1.3576065365322445,-3.729701896140877,-0.3505315223863643,3.98455067608613,0
622,1900,131050.1,1149251050.1,3784283.3790775486,900821.6009954587,5037685.808458464,52.5112412944096,13.3896571377373,75.3941943509096,1.451696324939575,-3.8466114408263348,-0.39997335149398594,4.13083774535438,0
623,1900,131050.3,1149251050.3,3784283.6729262085,900820.821425171,5037685.723173894,52.5112400768805,13.3896449653736,75.3906304806841,1.5335067784579621,-3.9697766851145504,-0.43914169397817915,4.27827247807402,0
624,1900,131050.5,1149251050.5,3784283.992688675,900820.0178847326,5037685.622438056,52.5112386346677,13.3896323611665,75.3867708988046,1.5899219350564529,-4.104764986270806,-0.457260999572075,4.42561125425834,0
625,1900,131050.7,1149251050.7,3784284.3202243713,900819.1865738437,5037685.520527535,52.5112371779637,13.3896193325373,75.3826677417825,1.625516644071404,-4.248356762678548,-0.4583167242665582,4.57174952976343,0
626,1900,131050.9,1149251050.9,3784284.662009443,900818.329475759,5037685.412299291,52.5112356304421,13.3896058858144,75.3783539572095,1.6443186967426602,-4.387341106785374,-0.4476607794522649,4.7066916339618,0
627,1900,131051.1,1149251051.1,3784284.9927836377,900817.4421958973,5037685.317415259,52.5112342821174,13.3895920441874,75.3738557584587,1.6456293150546255,-4.508254372719375,-0.4271631454467414,4.81818655559729,0
628,1900,131051.3,1149251051.3,3784285.324900216,900816.5347020554,5037685.2249247655,52.5112329709479,13.3895779083458,75.3692028190154,1.6284104012247558,-4.606345249206193,-0.396893133913265,4.90180182682337,0
629,1900,131051.5,1149251051.5,3784285.6551981186,900815.6085318793,5037685.136961632,52.5112317279922,13.3895635111035,75.3644334382703,1.5981519142590221,-4.689826752389933,-0.35948836893085745,4.96767514999508,0
630,1900,131051.7,1149251051.7,3784285.9792289366,900814.6656401395,5037685.056561358,52.5112305974815,13.389548895642,75.3595979677182,1.5651216551950111,-4.769832935106659,-0.32063271849183017,5.03028004832296,0
631,1900,131051.9,1149251051.9,3784286.2936595986,900813.7056619447,5037684.986341724,52.511229617456,13.3895340681012,75.3547487363265,1.5324912568689624,-4.857087484889104,-0.2807880277527527,5.10084994925115,0
632,1900,131052.1,1149251052.1,3784286.60057772,900812.726858089,5037684.925120393,52.5112287698398,13.3895189964403,75.3499384842534,1.50625798461509,-4.952934056371766,-0.24419060811868712,5.18266320882202,0
633,1900,131052.3,1149251052.3,3784286.903394028,900811.7285673833,5037684.87053548,52.5112280191477,13.3895036595521,75.3452193087581,1.4968949163790468,-5.053013340347019,-0.21942942315479072,5.27463624150068,0
634,1900,131052.5,1149251052.5,3784287.197189419,900810.7071178209,5037684.826971923,52.5112274295474,13.3894880215999,75.3406406130686,1.504576057057938,-5.149207280116395,-0.20807622685156488,5.36855478143387,0
635,1900,131052.7,1149251052.7,3784287.503904022,900809.6720591392,5037684.776419765,52.5112267345776,13.3894721445849,75.3362478276392,1.526807523121017,-5.235815494045055,-0.20928265105506863,5.45790292405186,0
636,1900,131052.9,1149251052.9,3784287.816005747,900808.6181451653,5037684.725493352,52.5112260313239,13.3894559790273,75.332090423287,1.5570444438416615,-5.315109939747736,-0.21776159114557758,5.5427611514733,0
637,1900,131053.1,1149251053.1,3784288.135318623,900807.5492586431,5037684.67221062,52.5112252898819,13.3894395743399,75.3282228505227,1.6025204543171623,-5.380622068844315,-0.24005946555590524,5.6193232867706,0
638,1900,131053.3,1149251053.3,3784288.473470862,900806.4722134474,5037684.606760146,52.5112243646781,13.3894229884948,75.324704963467,1.6595988209510455,-5.433785387891405,-0.27320804071199734,5.6881398120716,0
639,1900,131053.5,1149251053.5,3784288.8166120197,900805.3832089547,5037684.540225617,52.5112234186836,13.3894062142751,75.3215953970655,1.7531673477446374,-5.468259099200188,-0.33690400700947265,5.75230020384217,0
640,1900,131053.7,1149251053.7,3784289.1702428297,900804.2867730082,5037684.467754995,52.5112223797281,13.3893892977967,75.3189391074234,1.8624259737999211,-5.495301368944249,-0.4136273995333983,5.81704867342967,0
641,1900,131053.9,1149251053.9,3784289.5623471513,900803.19106045,5037684.367057366,52.5112209183166,13.3893722604613,75.3167663787626,1.98097746777432,-5.5206083916209545,-0.49759308170919764,5.8863390674026,0
642,1900,131054.1,1149251054.1,3784289.9686865755,900802.0869212027,5037684.257870806,52.5112193256442,13.3893550538327,75.3150986146989,2.0891990601282324,-5.551012996526394,-0.5729455639874598,5.95875529114416,0
643,1900,131054.3,1149251054.3,3784290.3910316573,900800.974552697,5037684.138849567,52.5112175817428,13.3893376747011,75.3139441137935,2.1722262606102607,-5.5867752146035965,-0.6285472607171462,6.02708021223784,0
644,1900,131054.5,1149251054.5,3784290.8515136666,900799.863315039,5037683.99180546,52.5112154181637,13.3893201816999,75.3132933228221,2.2277515452286902,-5.625561117887232,-0.6630909118803121,6.08683040635861,0
645,1900,131054.7,1149251054.7,3784291.3070442695,900798.739949173,5037683.851201812,52.5112133441787,13.3893025318086,75.3131122799495,2.253234043138389,-5.666786319138188,-0.6747843825964052,6.13554111736899,0
646,1900,131054.9,1149251054.9,3784291.766741908,900797.6096845138,5037683.709238488,52.5112112452404,13.3892847688567,75.3133474922129,2.2491070189709066,-5.706013915074984,-0.6647390119353764,6.16919404264466,0
647,1900,131055.1,1149251055.1,3784292.239800273,900796.4761609994,5037683.558318837,52.5112090100168,13.3892669136423,75.3139274667415,2.2177918877361513,-5.735934715637648,-0.6360597914813831,6.18256580860283,0
648,1900,131055.3,1149251055.3,3784292.6917815995,900795.334347282,5037683.424928737,52.5112070305574,13.3892490115306,75.3147695855033,2.161669692971127,-5.758642278562479,-0.5901515064354138,6.17924393065245,0
649,1900,131055.5,1149251055.5,3784293.138656643,900794.1896314435,5037683.29610475,52.5112051162811,13.3892310852533,75.3158027802348,2.102156444290308,-5.773814164193098,-0.5430513658617938,6.16854087324324,0
650,1900,131055.7,1149251055.7,3784293.576380803,900793.0424614133,5037683.174706024,52.5112033101418,13.3892131550234,75.3169641697314,2.0426339513368355,-5.786518527840805,-0.49638258619334974,6.15650434939137,0
651,1900,131055.9,1149251055.9,3784293.9909992097,900791.8903259427,5037683.071521628,52.5112017720947,13.3891952324539,75.3181984898501,1.9844665616712553,-5.798619351747072,-0.4508321272006979,6.14535137545147,0
652,1900,131056.1,1149251056.1,3784294.384520877,900790.7320709047,5037682.985206048,52.5112004827506,13.3891772941554,75.3194649215532,1.9336194041876833,-5.806409180030952,-0.41150947890479883,6.1337273836899,0
653,1900,131056.3,1149251056.3,3784294.7749898806,900789.5746252008,5037682.9010332255,52.5111992249621,13.3891593778662,75.3207384953687,1.8970922764040772,-5.810775435852193,-0.3834800533655139,6.12463282347803,0
654,1900,131056.5,1149251056.5,3784295.1605399423,900788.4164074416,5037682.820657917,52.5111980233364,13.3891414672925,75.3220043878819,1.8695565328223553,-5.818817471519071,-0.3615068462844254,6.12246401346589,0
655,1900,131056.7,1149251056.7,3784295.5397157725,900787.255478978,5037682.7455011355,52.5111968989413,13.3891235396197,75.3232552952807,1.8478267563074633,-5.829881748291306,-0.34332908183851685,6.12534568647533,0
656,1900,131056.9,1149251056.9,3784295.921527399,900786.0932062619,5037682.668594653,52.5111957489098,13.3891055836968,75.3244892114112,1.8291517279824423,-5.843944362301664,-0.326898137220386,6.13223810250195,0
657,1900,131057.1,1149251057.1,3784296.3090135236,900784.9307804621,5037682.587458157,52.5111945366311,13.3890876062276,75.3257050605576,1.8162394915905669,-5.859147088323893,-0.31456471746600456,6.14225377649784,0
658,1900,131057.3,1149251057.3,3784296.6931190877,900783.7643858738,5037682.509524666,52.5111933718707,13.3890695834223,75.3269018078187,1.8083706869525082,-5.873578950844332,-0.3061314736212997,6.15327967122999,0
659,1900,131057.5,1149251057.5,3784297.0629355363,900782.5917888442,5037682.443339177,52.5111923807207,13.3890515204811,75.3280863144029,1.8055977486751404,-5.886540048848841,-0.30176184060441896,6.16462465890398,0
660,1900,131057.7,1149251057.7,3784297.429191474,900781.4254589925,5037682.378713328,52.5111914124481,13.389033559484,75.3292837700387,1.8096339476231345,-5.9030461382781505,-0.3018433419860742,6.18157246484517,0
661,1900,131057.9,1149251057.9,3784297.8075241903,900780.2475470544,5037682.307204064,52.5111903418765,13.3890153913435,75.3305376353636,1.8204683973627063,-5.930339539350225,-0.30508156650645185,6.21096667194399,0
662,1900,131058.1,1149251058.1,3784298.181338037,900779.0604288247,5037682.240837395,52.5111893459752,13.3889971067032,75.3318993447748,1.8427207842727367,-5.975006040194553,-0.3137538732624736,6.2605717440294,0
663,1900,131058.3,1149251058.3,3784298.5540377526,900777.8616272578,5037682.177571699,52.5111883940503,13.3889786584582,75.3334156701839,1.8713124407186008,-6.031841066839218,-0.32499512387153934,6.32380729758083,0
664,1900,131058.5,1149251058.5,3784298.940358138,900776.65274256,5037682.106170084,52.5111873197914,13.3889600192822,75.3351199285738,1.9005016921907687,-6.089356852742367,-0.33656142070709166,6.38791414719772,0
665,1900,131058.7,1149251058.7,3784299.327930589,900775.4320957349,5037682.036195709,52.5111862640712,13.3889412073024,75.3370405956169,1.9271154565733821,-6.142063215589616,-0.34706021791118863,6.44663984740265,0
666,1900,131058.9,1149251058.9,3784299.7373953382,900774.2067326282,5037681.951033562,52.5111849812093,13.3889222530797,75.3392074486653,1.9453211453050923,-6.193259523834207,-0.3515534086233882,6.50110203635114,0
667,1900,131059.1,1149251059.1,3784300.1460474194,900772.96935628,5037681.8689639885,52.5111837407311,13.3889031294973,75.3416542734859,1.9512152573118782,-6.251206486662185,-0.3456611285647486,6.55776677955649,0
668,1900,131059.3,1149251059.3,3784300.552721055,900771.7196385508,5037681.79097471,52.5111825566671,13.3888838358294,75.3444283466057,1.9474178708422938,-6.318091894076511,-0.33094983048695675,6.61968649831475,0
669,1900,131059.5,1149251059.5,3784300.952380234,900770.4527538506,5037681.721741804,52.5111814974928,13.388864320108,75.347578299474,1.9485333770523567,-6.386504061917563,-0.319633269282427,6.68478734749347,0
670,1900,131059.7,1149251059.7,3784301.357955783,900769.1737610459,5037681.650762091,52.5111804077135,13.3888446107174,75.3511389944762,1.950040454872216,-6.456733933227818,-0.30828609793752115,6.75182280412596,0
671,1900,131059.9,1149251059.9,3784301.7664511465,900767.8817187173,5037681.58046766,52.5111793229714,13.3888247043885,75.3551334017153,1.9516778904318097,-6.526952710888932,-0.297038219222978,6.81897279521336,0
672,1900,131060.1,1149251060.1,3784302.165221452,900766.5727470589,5037681.521000554,52.5111783928555,13.3888045886557,75.3595755982699,1.9606789379716636,-6.593827856251129,-0.2918787618198373,6.88534827784917,0
673,1900,131060.3,1149251060.3,3784302.5790743874,900765.254498605,5037681.452511611,52.5111773240869,13.38878428856,75.3644820614592,1.9748198044520728,-6.656894993769844,-0.29123087480817067,6.94974673211734,0
674,1900,131060.5,1149251060.5,3784302.9955466413,900763.9242162695,5037681.384810849,52.5111762613255,13.3887638071036,75.3698691295021,1.9930883148489393,-6.711320078067757,-0.2951978665603317,7.00723625985913,0
675,1900,131060.7,1149251060.7,3784303.4205802795,900762.5849969442,5037681.3129369235,52.5111751311047,13.3887431683947,75.3757546527208,2.0151401282284858,-6.752008692069547,-0.3044276026498049,7.05287794304102,0
676,1900,131060.9,1149251060.9,3784303.8281812356,900761.2328322028,5037681.25701876,52.511174230446,13.3887224036529,75.3821552889051,2.038385777347711,-6.786213318575839,-0.3156997853489392,7.09276914448644,0
677,1900,131061.1,1149251061.1,3784304.2632337715,900759.8798052911,5037681.181433669,52.5111730332204,13.388701532933,75.3890827163353,2.057645706714168,-6.826700328556901,-0.32288217748568837,7.1373661900463,0
678,1900,131061.3,1149251061.3,3784304.6964077824,900758.5183241679,5037681.1094176425,52.5111718825008,13.3886805474843,75.3965387817348,2.0743966369144005,-6.881492246922386,-0.3256518077339255,7.19472765652565,0
679,1900,131061.5,1149251061.5,3784305.1315387776,900757.1542688217,5037681.037047628,52.5111707205167,13.3886595184774,75.4045101769512,2.0950659145399655,-6.9506034677405495,-0.32880202440688805,7.26693198834888,0
680,1900,131061.7,1149251061.7,3784305.58094696,900755.7657912539,5037680.95898734,52.5111694686943,13.388638090843,75.4129781309306,2.1195746237376545,-7.028848480122285,-0.33319497270159343,7.34903574844643,0
681,1900,131061.9,1149251061.9,3784306.0318767014,900754.3595840026,5037680.8835410895,52.5111682498837,13.3886164039794,75.421922881273,2.144487806235803,-7.109071710701063,-0.3375384557482483,7.43314608682576,0
682,1900,131062.1,1149251062.1,3784306.412351676,900752.9480130514,5037680.862197105,52.5111678245479,13.3885948805513,75.4313268454262,2.164386111796232,-7.172506766208189,-0.34112168706506424,7.49971896524295,0
683,1900,131062.3,1149251062.3,3784306.8625001474,900751.5134936369,5037680.793501623,52.5111666948165,13.3885727906813,75.4411763582415,2.1858041702826467,-7.221369320636964,-0.34842718047463817,7.55296737951087,0
684,1900,131062.5,1149251062.5,3784307.3257175707,900750.0735341064,5037680.716555936,52.5111654382852,13.3885505782914,75.4514509541923,2.2113804246169186,-7.262929539617266,-0.3601323825290915,7.6006607747465,0
685,1900,131062.7,1149251062.7,3784307.7799770897,900748.6217781021,5037680.648887939,52.5111643141071,13.3885282274272,75.4621214084996,2.23732477418515,-7.305176111568607,-0.3719903878765004,7.64915662115032,0
686,1900,131062.9,1149251062.9,3784308.2610895154,900747.1672202263,5037680.5621302975,52.5111629038741,13.3885057448352,75.4731489751867,2.2649650729180384,-7.352792517823481,-0.3841601997815405,7.70332419483925,0
687,1900,131063.1,1149251063.1,3784308.741548042,900745.7000696989,5037680.47849488,52.5111615360405,13.38848308404,75.4844925462563,2.289789553642342,-7.4087986325247535,-0.3927389264905874,7.76451397330517,0
688,1900,131063.3,1149251063.3,3784309.224354435,900744.2197207289,5037680.395794168,52.5111601788199,13.3884602261239,75.4961082683494,2.314169170423439,-7.4717950838531415,-0.39974425124083923,7.83217059255162,0
689,1900,131063.5,1149251063.5,3784309.724597743,900742.7299512061,5037680.302035149,52.5111586557135,13.3884371737576,75.5079461462005,2.3376500192091867,-7.536820475430739,-0.40571865678665436,7.90144784958083,0
690,1900,131063.7,1149251063.7,3784310.219549017,900741.2253371404,5037680.215060721,52.511157230928,13.3884139267401,75.5199426125688,2.36207842702218,-7.597264513464204,-0.41321383284105945,7.96671753325027,0
691,1900,131063.9,1149251063.9,3784310.716551458,900739.7144244683,5037680.127774799,52.5111558006054,13.3883905824786,75.5320191172079,2.3829337353140314,-7.653299590896807,-0.4188259594457203,8.02662961642211,0
692,1900,131064.1,1149251064.1,3784311.226050803,900738.1892514649,5037680.033684583,52.5111542699212,13.3883669912679,75.5440863938017,2.40584582913781,-7.706866771393437,-0.4264111750648994,8.08490668318493,0
693,1900,131064.3,1149251064.3,3784311.748833362,900736.6555530701,5037679.931064559,52.5111526145148,13.3883432326001,75.5560490394391,2.4258118315075214,-7.762110015206947,-0.43150048158698884,8.14377723146131,0
694,1900,131064.5,1149251064.5,3784312.26401984,900735.10691198,5037679.83651688,52.5111510806165,13.3883192857326,75.5678141244935,2.446737885563269,-7.81249551347805,-0.4381689573366339,8.19839035810925,0
695,1900,131064.7,1149251064.7,3784312.7885959623,900733.5516422287,5037679.735783141,52.5111494586913,13.3882952118645,75.5792963334475,2.4629303910892753,-7.849094899161574,-0.4437538847378171,8.23839998771699,0
696,1900,131064.9,1149251064.9,3784313.317918968,900731.9915283974,5037679.631909393,52.5111477946578,13.3882710524004,75.590415294032,2.4705678421401673,-7.85934331764923,-0.44763528428706484,8.2506581673848,0
697,1900,131065.1,1149251065.1,3784313.8423501416,900730.4314111507,5037679.5311372075,52.5111461815215,13.3882469095726,75.6010989074286,2.4711963339754828,-7.840489502025733,-0.45145540056206407,8.2330977724746,0
698,1900,131065.3,1149251065.3,3784314.3648057207,900728.8768990398,5037679.430209453,52.5111445719792,13.388222853798,75.6112797071114,2.4662480179278488,-7.806740899699261,-0.4537595673201247,8.19960246023579,0
699,1900,131065.5,1149251065.5,3784314.881645921,900727.3266901766,5037679.3320004335,52.5111430091489,13.3881988788356,75.6208999076654,2.462636525908695,-7.780067094167507,-0.4558047132515686,8.17323562520438,0
700,1900,131065.7,1149251065.7,3784315.397370359,900725.778748926,5037679.233464814,52.5111414485233,13.3881749401719,75.6299203255653,2.466687413860632,-7.778095613586126,-0.4591801484761068,8.17276970069148,0
701,1900,131065.9,1149251065.9,3784315.920687755,900724.2305527463,5037679.1285283435,52.5111398006357,13.388150971962,75.6383218867756,2.4803739634559756,-7.804450163327704,-0.4647147451629981,8.20229584597069,0
702,1900,131066.1,1149251066.1,3784316.4453378306,900722.6753308981,5037679.02305454,52.5111381521597,13.388126898541,75.6460964840963,2.499940407313039,-7.84982131649229,-0.4712594412246972,8.25175631013887,0
703,1900,131066.3,1149251066.3,3784316.9701215117,900721.1085638712,5037678.918741963,52.5111365281646,13.38810265924,75.6532450552445,2.519596382073115,-7.897294358967353,-0.4774976975815325,8.30322998428498,0
704,1900,131066.5,1149251066.5,3784317.509993753,900719.5355359337,5037678.803504539,52.5111347500857,13.3880782787727,75.6597766592372,2.5377009683555554,-7.944841983335187,-0.4825651547894904,8.35423901223655,0
705,1900,131066.7,1149251066.7,3784318.041944524,900717.9508499072,5037678.695488947,52.5111330856967,13.3880537582787,75.6657061129211,2.557977959024331,-7.995187720561312,-0.48875670793009934,8.40863609900056,0
706,1900,131066.9,1149251066.9,3784318.5708585395,900716.3533555237,5037678.591281369,52.5111314843417,13.3880290646173,75.671054638464,2.578248814908181,-8.050566913757834,-0.4940498010812815,8.46776710771005,0
707,1900,131067.1,1149251067.1,3784319.1106045223,900714.7464298304,5037678.479965604,52.5111297845381,13.3880041988791,75.6758476721891,2.5982182885348903,-8.102262641673315,-0.49977224983164836,8.52333095046966,0
708,1900,131067.3,1149251067.3,3784319.6436526747,900713.1272624964,5037678.375160401,52.5111281870094,13.3879791805794,75.68011644563,2.6125051051227137,-8.136761761403717,-0.5043085882582923,8.56074774995298,0
709,1900,131067.5,1149251067.5,3784320.1827426506,900711.5049852162,5037678.265785149,52.5111265277048,13.3879540971155,75.683898396172,2.619109962866597,-8.139715575818006,-0.5087152640257034,8.56583316862137,0
710,1900,131067.7,1149251067.7,3784320.7392835417,900709.8902083995,5037678.141490367,52.5111246533607,13.3879290616107,75.6872316712708,2.6163943087913575,-8.120823567140553,-0.5100469816953204,8.54713065953936,0
711,1900,131067.9,1149251067.9,3784321.279878528,900708.2765125531,5037678.028380253,52.5111229490107,13.3879040959781,75.6901513820827,2.612733730605462,-8.099830791880134,-0.5110466880021823,8.52612485959777,0
712,1900,131068.1,1149251068.1,3784321.8254154865,900706.666601786,5037677.910428026,52.5111211776424,13.3878791677285,75.6926888418585,2.616080479558758,-8.090018003568952,-0.5152895348940455,8.51808615114742,0
713,1900,131068.3,1149251068.3,3784322.3644364923,900705.0549569722,5037677.797197987,52.511119480158,13.3878542368561,75.6948714314196,2.6236489304826147,-8.09786419689839,-0.5195463249771836,8.5281221054596,0
714,1900,131068.5,1149251068.5,3784322.898375677,900703.4387036661,5037677.6881664945,52.5111178484911,13.3878292572831,75.6967276942213,2.6376289700026194,-8.118164309678088,-0.5263755213693987,8.5521195929328,0
715,1900,131068.7,1149251068.7,3784323.4533308605,900701.8226570507,5037677.563041822,52.5111159826778,13.387804209002,75.6982869752007,2.657329898464415,-8.138291298134742,-0.5375042779561919,8.57800083302571,0
716,1900,131068.9,1149251068.9,3784324.0058530234,900700.201406097,5037677.440317633,52.5111141554576,13.3877790944495,75.6995775343777,2.6684466941970406,-8.154240486314746,-0.5429697510495796,8.59692164783305,0
717,1900,131069.1,1149251069.1,3784324.5677684397,900698.5795751084,5037677.310379481,52.5111122245763,13.387753939554,75.700624197526,2.6642104620501423,-8.163849001571394,-0.5381052663860102,8.60441777137001,0
718,1900,131069.3,1149251069.3,3784325.116728853,900696.9544465606,5037677.190415302,52.5111104435494,13.3877287815919,75.7014504496388,2.650570613962364,-8.162749405123872,-0.5281257450661273,8.59854169223204,0
719,1900,131069.5,1149251069.5,3784325.6717985915,900695.333552955,5037677.064893272,52.5111085827493,13.387703663478,75.7020810852988,2.6335648858943075,-8.151231525653246,-0.5174849127065683,8.58172651789241,0
720,1900,131069.7,1149251069.7,3784326.218403716,900693.7140808679,5037676.945214692,52.511106810273,13.3876785946015,75.7025374700692,2.6149212059376223,-8.130208091867418,-0.5073099964513791,8.55543452799612,0
721,1900,131069.9,1149251069.9,3784326.752632329,900692.0970886606,5037676.834137181,52.5111051665911,13.3876536034678,75.7028407202947,2.5945126027206635,-8.105012780616608,-0.496559009392721,8.52462894614446,0
722,1900,131070.1,1149251070.1,3784327.2914545503,900690.487667643,5037676.718126123,52.5111034515566,13.3876287051551,75.7030164311853,2.5744827175053726,-8.079448265180211,-0.48615615098957854,8.49363251710376,0
723,1900,131070.3,1149251070.3,3784327.8168810667,900688.8799194552,5037676.611692923,52.5111018790612,13.3876038764968,75.7030968906786,2.555862732228955,-8.048417794825209,-0.4777760140032187,8.45799818075251,0
724,1900,131070.5,1149251070.5,3784328.344662259,900687.2817184221,5037676.501736054,52.5111002551929,13.3875791766077,75.703121340721,2.531847608703131,-8.012131053255644,-0.4663035939165347,8.41557694813247,0
725,1900,131070.7,1149251070.7,3784328.871810975,900685.6918274632,5037676.39075706,52.5110986163968,13.3875545979492,75.7031317526369,2.5068189732402653,-7.968528534766151,-0.45537410445648646,8.36594011148713,0
726,1900,131070.9,1149251070.9,3784329.391313534,900684.1110727564,5037676.283891825,52.5110970380505,13.3875301762778,75.7031671316537,2.4800849393034197,-7.921357764149931,-0.44380573084915415,8.31238194866866,0
727,1900,131071.1,1149251071.1,3784329.9008856644,900682.5378950281,5037676.18316663,52.511095549656,13.3875058970411,75.7032630892465,2.450596353046845,-7.87524768618764,-0.4299935511126804,8.25892505465262,0
728,1900,131071.3,1149251071.3,3784330.4036523537,900680.9731082893,5037676.086148604,52.5110941148863,13.3874817612456,75.703454121151,2.4274517590844953,-7.8282061748545475,-0.4210804747943569,8.2067437345738,0
729,1900,131071.5,1149251071.5,3784330.9056982403,900679.4195208849,5037675.987837083,52.5110926595476,13.3874577883808,75.7037706044672,2.4052371194139903,-7.780589832705837,-0.41296334275429025,8.15434132642675,0
730,1900,131071.7,1149251071.7,3784331.409423207,900677.8765438503,5037675.88657482,52.5110911589011,13.3874339618235,75.7042354556394,2.378917408852554,-7.730651220762314,-0.4021954675294669,8.09839351534098,0
731,1900,131071.9,1149251071.9,3784331.90408537,900676.343780003,5037675.790461379,52.5110897324148,13.387410312515,75.704859526165,2.351232831441165,-7.676025878244825,-0.3912414259202977,8.03758290560584,0
732,1900,131072.1,1149251072.1,3784332.3958084867,900674.8225899369,5037675.694688784,52.5110883090676,13.3873868390672,75.7056452323227,2.3218726582581066,-7.614833060453716,-0.3802033592256329,7.97002696194385,0
733,1900,131072.3,1149251072.3,3784332.877708714,900673.3137727648,5037675.604245553,52.5110869625752,13.3873635764057,75.7065876989226,2.2871831054349405,-7.546151398467953,-0.36651851257812024,7.89366475766797,0
734,1900,131072.5,1149251072.5,3784333.35312331,900671.8194201678,5037675.516255028,52.5110856506016,13.3873405431205,75.7076750035431,2.250245773961928,-7.4688641169332906,-0.3526846266593327,7.80845206723644,0
735,1900,131072.7,1149251072.7,3784333.8281919947,900670.3442815123,5037675.425269208,52.5110842929199,13.3873177863257,75.7088886994585,2.213127114335561,-7.384062778883358,-0.3400497784411207,7.71608376046526,0
736,1900,131072.9,1149251072.9,3784334.299034737,900668.8863308656,5037675.334510966,52.5110829374164,13.3872952902242,75.7102032918446,2.175058045619694,-7.292479289861799,-0.3279101134215715,7.61699788219495,0
737,1900,131073.1,1149251073.1,3784334.758056807,900667.4461834914,5037675.249501664,52.5110816659559,13.3872730895314,75.7115898979837,2.1361863058189097,-7.196651641779924,-0.31592514028490354,7.51364728215039,0
738,1900,131073.3,1149251073.3,3784335.214292417,900666.0265114782,5037675.162991186,52.5110803718064,13.3872511917261,75.7130211628088,2.0986019602096224,-7.100088547430325,-0.3050313079278895,7.41002237969381,0
739,1900,131073.5,1149251073.5,3784335.65034551,900664.6219948049,5037675.088880289,52.5110792604498,13.3872295799035,75.714477576224,2.0616323687873415,-7.0026364682559255,-0.2947539744099868,7.30575974392876,0
740,1900,131073.7,1149251073.7,3784336.0784050203,900663.2378149898,5037675.017138718,52.5110781839224,13.3872082867409,75.7159472490767,2.0246131014461892,-6.905430539658731,-0.28439576861143084,7.20172966042208,0
741,1900,131073.9,1149251073.9,3784336.49404021,900661.8709834766,5037674.951599229,52.5110771988555,13.3871872845259,75.7174269176822,1.98805598211798,-6.810934408824727,-0.2739010908515323,7.10043772713467,0
742,1900,131074.1,1149251074.1,3784336.907631151,900660.5234941454,5037674.884169074,52.5110761856923,13.3871665664301,75.718921905512,1.939641517446897,-6.724453099640511,-0.25313529927711914,7.00318186149758,0
743,1900,131074.3,1149251074.3,3784337.3117498076,900659.1938147314,5037674.82067541,52.5110752303592,13.3871461358291,75.7204420394886,1.88353401537262,-6.64214965279554,-0.22588711076713727,6.90774039639652,0
744,1900,131074.5,1149251074.5,3784337.7068708846,900657.8810412841,5037674.760942773,52.5110743300961,13.3871259781516,75.7220017700846,1.82467902848817,-6.552243810763757,-0.19793882149974212,6.80444944795339,0
745,1900,131074.7,1149251074.7,3784338.0813530823,900656.5857890646,5037674.713572053,52.5110736116806,13.387106141912,75.7236198575831,1.7607655841188299,-6.44438827398217,-0.16940357247014315,6.68274892827958,0
746,1900,131074.9,1149251074.9,3784338.4509242116,900655.3171287032,5037674.665258273,52.5110728782699,13.3870867034456,75.7253293026681,1.6949818874119322,-6.310593174055246,-0.14407921321480086,6.53584796539575,0
747,1900,131075.1,1149251075.1,3784338.811128949,900654.0781995208,5037674.618813093,52.5110721709646,13.3870677229279,75.7271655520914,1.623995773822748,-6.147361688358406,-0.12010032060220033,6.35939007200373,0
748,1900,131075.3,1149251075.3,3784339.1518358006,900652.8740818149,5037674.58092885,52.5110715882595,13.3870493077024,75.7291560623922,1.5465108875373796,-5.953834336748928,-0.09665218512980446,6.15216879479201,0
749,1900,131075.5,1149251075.5,3784339.475152105,900651.7107808372,5037674.548990369,52.5110710913196,13.3870315366297,75.7313196319721,1.4606139394706927,-5.736776462034038,-0.07110569415934283,5.9202240899535,0
750,1900,131075.7,1149251075.7,3784339.786941034,900650.5929813877,5037674.517806865,52.51107060335,13.3870144568423,75.733669054181,1.3671886891007807,-5.512545258125282,-0.04121546370001457,5.67970587697397,0
751,1900,131075.9,1149251075.9,3784340.072897803,900649.5164681812,5037674.498800303,52.5110702930083,13.386998056722,75.7362038693499,1.262434677753539,-5.310547365393428,0.001076533825482263,5.45853971265272,0
752,1900,131076.1,1149251076.1,3784340.3375878655,900648.4753993711,5037674.489607448,52.5110701253446,13.3869822369941,75.73892880364,1.1391505172598977,-5.157287383084912,0.06585063651509822,5.28200845881846,0
753,1900,131076.3,1149251076.3,3784340.584123919,900647.4609435017,5037674.489471879,52.5110700892099,13.386966860501,75.74184214539,0.9984951201435714,-5.059935922894635,0.15351544373357973,5.15979757744573,0
754,1900,131076.5,1149251076.5,3784340.81705426,900646.4656219351,5037674.496311242,52.5110701540115,13.3869518045736,75.7449306990025,0.8368991866727371,-5.003531939274034,0.26407738693868654,5.07990836357126,0
755,1900,131076.7,1149251076.7,3784341.020644445,900645.4797247071,5037674.523547917,52.511070518336,13.3869369837374,75.7481605963087,0.6435687841603949,-4.963264245508978,0.4011845421303637,5.02086862878704,0
756,1900,131076.9,1149251076.9,3784341.170629118,900644.4994173232,5037674.589903099,52.5110714592275,13.3869224257965,75.751479413532,0.40916483255631253,-4.915109550634169,0.5675393453422983,4.9646569532494,0
757,1900,131077.1,1149251077.1,3784341.278408303,900643.5330931464,5037674.685308389,52.5110728286838,13.3869082121406,75.7548304839789,0.13944553085434586,-4.845379610616525,0.7564143296516501,4.9060484368946,0
758,1900,131077.3,1149251077.3,3784341.30852443,900642.5741522209,5037674.837326216,52.5110750343071,13.3868943691148,75.7581603891314,-0.1504868877802521,-4.757485228995395,0.9571462201886554,4.85514581596934,0
759,1900,131077.5,1149251077.5,3784341.3032289855,900641.6400653605,5037675.011263423,52.5110775644214,13.3868810029698,75.7614187922059,-0.4606939545731097,-4.661703487736796,1.1716059966974035,4.82870364993079,0
760,1900,131077.7,1149251077.7,3784341.2320138314,900640.7213597576,5037675.231507051,52.5110807796717,13.3868680820085,75.764558301553,-0.7898821446869333,-4.554061562795294,1.3981229193547946,4.82888581536672,0
761,1900,131077.9,1149251077.9,3784341.0816751583,900639.8226332609,5037675.507039385,52.5110848131856,13.3868557171376,75.7675363761371,-1.132620720414034,-4.421579496166307,1.6303396348618908,4.84677235510717,0
762,1900,131078.1,1149251078.1,3784340.8555735718,900638.9509295531,5037675.834053062,52.5110896091998,13.3868439978231,75.7703142119579,-1.4818258376380187,-4.2559397239995675,1.8614932575417642,4.87585765740578,0
763,1900,131078.3,1149251078.3,3784340.55875273,900638.1111468751,5037676.207874248,52.5110950990791,13.3868329770505,75.7728596702011,-1.8262794785006269,-4.065032201965015,2.0846142665379555,4.91989839090795,0
764,1900,131078.5,1149251078.5,3784340.1886023763,900637.3112240118,5037676.6290121535,52.5111012906094,13.3868227774729,75.7751499740116,-2.1790695945688032,-3.855028683165323,2.310564608749425,4.99482724998643,0
765,1900,131078.7,1149251078.7,3784339.7535576206,900636.5529913701,5037677.09083283,52.5111080859741,13.386813396553,75.7771733847669,-2.5450936409487297,-3.6381708032190407,2.54517255884241,5.117781920801,0
766,1900,131078.9,1149251078.9,3784339.2430634187,900635.8377663874,5037677.600977612,52.5111155980086,13.3868048891615,75.77892939124,-2.9386297033317237,-3.3958714839821207,2.795791325303503,5.28998457499346,0
767,1900,131079.1,1149251079.1,3784338.6402598824,900635.1684169421,5037678.17153708,52.5111240050579,13.3867973538849,75.780433392442,-3.3451564038787533,-3.124803739016241,3.050994507609827,5.50118507771246,0
768,1900,131079.3,1149251079.3,3784337.965948082,900634.5578768996,5037678.784736674,52.5111330442645,13.3867909051151,75.7817199861804,-3.741359768126378,-2.8264789503782177,3.293654130098592,5.7301757128557,0
769,1900,131079.5,1149251079.5,3784337.20309821,900634.0007017651,5037679.454322656,52.5111429179301,13.3867855229131,75.782846444192,-4.095472439924798,-2.5398691293819207,3.5069868176379466,5.96009951591894,0
770,1900,131079.7,1149251079.7,3784336.379426876,900633.4975806848,5037680.159591878,52.5111533194231,13.386781122638,75.7838927343601,-4.398871294957007,-2.289314142196061,3.6888805586404256,6.18052325350944,0
771,1900,131079.9,1149251079.9,3784335.5092700166,900633.0394439878,5037680.891589768,52.5111641152968,13.3867775254472,75.7849635874316,-4.647521426824076,-2.104608572691056,3.8416156155536987,6.38645779714386,0
772,1900,131080.1,1149251080.1,3784334.59059836,900632.6076086045,5037681.6552893,52.5111753776697,13.3867744705573,75.7861708948209,-4.847598282930093,-1.9993936717826826,3.972222405398434,6.57839912177581,0
773,1900,131080.3,1149251080.3,3784333.6259805076,900632.1881076861,5037682.451319437,52.5111871152216,13.3867717490828,75.7875665234524,-5.011786018578586,-1.9615238826684858,4.088008713880256,6.75850503314598,0
774,1900,131080.5,1149251080.5,3784332.63414564,900631.7712660631,5037683.267410649,52.5111991469001,13.3867691585233,75.7891406600449,-5.152404401477342,-1.955286998037766,4.191825436334166,6.92400309429139,0
775,1900,131080.7,1149251080.7,3784331.6149864057,900631.3532933688,5037684.104276509,52.51121148361,13.3867666449339,75.7908618819563,-5.275520927814903,-1.955110121617238,4.2836587106775355,7.0713017611347,0
776,1900,131080.9,1149251080.9,3784330.5664484734,900630.9336107053,5037684.963499444,52.5112241492121,13.3867642070252,75.792687945973,-5.381104719503733,-1.9608875218884443,4.36346672855488,7.20008401110491,0
777,1900,131081.1,1149251081.1,3784329.5029792367,900630.5122646983,5037685.834226329,52.5112369840529,13.3867617961985,75.7945676481532,-5.474383359720977,-1.966494209937454,4.434062533820547,7.31415635604945,0
778,1900,131081.3,1149251081.3,3784328.4322252246,900630.0924009472,5037686.710120482,52.5112498952404,13.3867594314509,75.7964435260451,-5.562178909895439,-1.9714509539841951,4.500451500671267,7.42149020073092,0
779,1900,131081.5,1149251081.5,3784327.3439437277,900629.6706282757,5037687.599350354,52.5112630040995,13.3867570991197,75.7982548010642,-5.649264735885785,-1.978738694566026,4.566724738187028,7.52891583907437,0
780,1900,131081.7,1149251081.7,3784326.2354391827,900629.2459107441,5037688.504030554,52.5112763426042,13.3867547935533,75.7999374430496,-5.739601449780663,-1.9876722547911259,4.635715871008045,7.64092451418718,0
781,1900,131081.9,1149251081.9,3784325.1189835547,900628.8225339832,5037689.414157622,52.5112897638404,13.3867525343109,75.8014237103124,-5.8393949343030425,-2.0006150420826447,4.7124752825673,7.76584940841497,0
782,1900,131082.1,1149251082.1,3784323.9688028884,900628.3941753552,5037690.349993171,52.5113035678495,13.3867503186885,75.8026398127843,-5.95375790243074,-2.015108301077717,4.800381250278321,7.90895408849062,0
783,1900,131082.3,1149251082.3,3784322.793177404,900627.9591749626,5037691.305553949,52.51131766721,13.3867480946656,75.8035067946226,-6.081622745743858,-2.031650000809011,4.898725578326802,8.06915418362356,0
784,1900,131082.5,1149251082.5,3784321.5998840365,900627.522806972,5037692.274018198,52.5113319619583,13.3867459112943,75.8039594323154,-6.215594955667344,-2.050361273793335,5.0020121969130145,8.23758022868702,0
785,1900,131082.7,1149251082.7,3784320.368005404,900627.0797103575,5037693.271898235,52.5113466963536,13.3867437630879,75.8039599206482,-6.343026436251834,-2.0637181225047008,5.099467274461989,8.39627794581937,0
786,1900,131082.9,1149251082.9,3784319.1200715066,900626.6350910143,5037694.281441343,52.5113616084224,13.3867416478111,75.8034948074718,-6.453175971455751,-2.0754835683831,5.183744312040615,8.53359931411216,0
787,1900,131083.1,1149251083.1,3784317.8527099416,900626.1881631243,5037695.305312301,52.5113767374299,13.3867395657043,75.8025711254131,-6.544533169319678,-2.0831435911110665,5.253269868945212,8.64680553392293,0
788,1900,131083.3,1149251083.3,3784316.5756586823,900625.7433978027,5037696.335482863,52.5113919645364,13.3867375476257,75.8012142271257,-6.619958084108334,-2.0894568436926235,5.310667963428392,8.74030143386313,0
789,1900,131083.5,1149251083.5,3784315.2745814216,900625.2915662976,5037697.384329555,52.5114074721152,13.3867355102268,75.7994561422847,-6.680675093259543,-2.0971480745271753,5.357336035204546,8.8164901827367,0
790,1900,131083.7,1149251083.7,3784313.957803246,900624.837476624,5037698.4448220935,52.5114231560294,13.3867334940112,75.7973250244394,-6.726991747443822,-2.1030716990482103,5.3929450125179645,8.87463714467004,0
791,1900,131083.9,1149251083.9,3784312.6370746805,900624.3827181112,5037699.50793985,52.5114388828086,13.3867314816817,75.7948442944661,-6.755841986268368,-2.107998182573727,5.415343956994632,8.9112853985112,0
792,1900,131084.1,1149251084.1,3784311.307044685,900623.9325563131,5037700.576761489,52.5114546977169,13.3867295669348,75.7920305682988,-6.764752979188995,-2.11516748615736,5.4232630843694745,8.92455034420381,0
793,1900,131084.3,1149251084.3,3784309.9828996575,900623.4817208679,5037701.640902728,52.5114704473164,13.3867276224657,75.7888929237633,-6.7582343654199395,-2.119567566072827,5.419177362839305,8.91817143225005,0
794,1900,131084.5,1149251084.5,3784308.666040303,900623.0249139568,5037702.70025846,52.5114861300619,13.3867255675865,75.7854307722631,-6.739778663844901,-2.123652204130699,5.4061285623004585,8.89723221872111,0
795,1900,131084.7,1149251084.7,3784307.3484776784,900622.5647052001,5037703.760324275,52.5115018271854,13.3867234663597,75.7816368150774,-6.709002126325499,-2.1236860742960224,5.383167023876875,8.85997964332618,0
796,1900,131084.9,1149251084.9,3784306.037437223,900622.104624557,5037704.815066826,52.5115174497404,13.3867213447259,75.777499065238,-6.662800419099393,-2.1205161361106195,5.348126830910415,8.80295170427286,0
797,1900,131085.1,1149251085.1,3784304.7379202037,900621.6482792073,5037705.8600937305,52.5115329330563,13.3867192373169,75.7730016159936,-6.601167809740302,-2.112553659551491,5.300721613147325,8.72559161529596,0
798,1900,131085.3,1149251085.3,3784303.439473317,900621.1908298398,5037706.904038856,52.511548404855,13.3867171104379,75.76812429545,-6.526557272476516,-2.1003846754372413,5.242885761391283,8.6310727446087,0
799,1900,131085.5,1149251085.5,3784302.165957712,900620.739151782,5037707.927843575,52.5115635840308,13.3867149812354,75.7628406646188,-6.445937757504944,-2.0859024319212516,5.180155544383548,8.52848837679518,0
800,1900,131085.7,1149251085.7,3784300.911047471,900620.2900255069,5037708.936760965,52.5115785485105,13.3867128251494,75.7571198855343,-6.367458544405694,-2.0714627483246395,5.119030013917215,8.42852030405142,0
801,1900,131085.9,1149251085.9,3784299.67553308,900619.8453522258,5037709.929821965,52.511593284372,13.3867106667264,75.7509289240775,-6.295548104901054,-2.0589637090959045,5.063150602185271,8.33719086484808,0
802,1900,131086.1,1149251086.1,3784298.450807372,900619.4040132574,5037710.913606155,52.5116078891533,13.3867085192883,75.7442348743059,-6.229066560494573,-2.046862065051238,5.01139269574876,8.25257361551059,0
803,1900,131086.3,1149251086.3,3784297.2351498907,900618.9626972541,5037711.88995128,52.5116223903065,13.3867063412543,75.7370107279806,-6.163104866972647,-2.036935151477929,4.960408942243926,8.16937104598156,0
804,1900,131086.5,1149251086.5,3784296.034696304,900618.5257663998,5037712.853485296,52.5116367086875,13.3867041742062,75.729241244303,-6.095194835090564,-2.024213049557373,4.907475127952606,8.08283061057118,0
805,1900,131086.7,1149251086.7,3784294.8358434835,900618.0883715227,5037713.815214925,52.5116510068618,13.386701995049,75.7209227982587,-6.015790891941651,-2.0097916230316413,4.845663263443084,7.98182027398877,0
806,1900,131086.9,1149251086.9,3784293.65473974,900617.6562821254,5037714.762071491,52.5116650918119,13.3866998313857,75.7120594681673,-5.915283102597039,-1.9887898262723733,4.766936042467371,7.85299550426008,0
807,1900,131087.1,1149251087.1,3784292.5180755407,900617.2130068094,5037715.677080875,52.5116787127819,13.3866973558963,75.7026614117527,-5.7891442202480645,-1.9559952343115934,4.666989850149131,7.6890117974208,0
808,1900,131087.3,1149251087.3,3784291.3878416116,900616.7923380351,5037716.58262518,52.5116922000594,13.3866951824035,75.6927458770427,-5.633964995200186,-1.9264568886620335,4.5459531865286085,7.49122740845077,0
809,1900,131087.5,1149251087.5,3784290.291484987,900616.3808419937,5037717.46064074,52.5117052866337,13.3866930248192,75.6823372455294,-5.469559170146617,-1.8726404698945092,4.413720909754621,7.27349930325334,0
810,1900,131087.7,1149251087.7,3784289.2299345057,900615.9808245101,5037718.310069209,52.5117179564667,13.3866909130159,75.6714705430749,-5.296675411284353,-1.8317387701770071,4.277456275674455,7.05029570479002,0
811,1900,131087.9,1149251087.9,3784288.194965965,900615.5989460682,5037719.135922789,52.5117302830251,13.3866889704763,75.6601920545977,-5.129490999464625,-1.774126511185486,4.142477032923567,6.82783411921958,0
812,1900,131088.1,1149251088.1,3784287.243420649,900615.1605235127,5037719.909116443,52.5117418362332,13.3866859332402,75.6485538828129,-4.970381145727479,-1.7113402254779915,4.012604151194088,6.61319636600353,0
813,1900,131088.3,1149251088.3,3784286.277904067,900614.7997443543,5037720.678563503,52.5117533376867,13.386684056189,75.6366115226588,-4.825989634170212,-1.6416804923139237,3.8924930852028687,6.41379709737645,0
814,1900,131088.5,1149251088.5,3784285.334245973,900614.452227586,5037721.429033674,52.5117645618294,13.3866822946324,75.6244219908152,-4.702442854811781,-1.5573070560167046,3.7853228682321594,6.23432781350573,0
815,1900,131088.7,1149251088.7,3784284.41261679,900614.125307659,5037722.159171505,52.5117754879576,13.3866807530839,75.6120440982098,-4.604296622571322,-1.4327844528089486,3.689976095405241,6.07193068648637,0
816,1900,131088.9,1149251088.9,3784283.501989901,900613.8281964643,5037722.875645092,52.5117862138222,13.3866796011418,75.5995383597115,-4.528080994141819,-1.2576175765566298,3.601999912389934,5.92110824316104,0
817,1900,131089.1,1149251089.1,3784282.6080108206,900613.5737317802,5037723.572039555,52.5117966439836,13.3866790035058,75.5869660793665,-4.46788227759716,-1.0268085327542493,3.5160942467231107,5.77747579495086,0
818,1900,131089.3,1149251089.3,3784281.7284044293,900613.369499108,5037724.248782845,52.5118067840417,13.3866790766266,75.5743886213256,-4.415173753242002,-0.762404640867794,3.4298118899414525,5.64257296878982,0
819,1900,131089.5,1149251089.5,3784280.8530936483,900613.2195246898,5037724.912751504,52.5118167348615,13.3866799125602,75.5618634149833,-4.36954780083847,-0.4844452013091385,3.346407189850464,5.52504083398183,0
820,1900,131089.7,1149251089.7,3784279.9810847365,900613.1263686109,5037725.564297707,52.5118265010361,13.3866815513791,75.5494422640813,-4.338657501496207,-0.18241243239653615,3.269722835467578,5.43583578040767,0
821,1900,131089.9,1149251089.9,3784279.117642628,900613.0991694652,5037726.197928987,52.5118360009176,13.3866841060759,75.5371718296024,-4.324676552994111,0.15176878600125643,3.199946784241636,5.38196251142645,0
822,1900,131090.1,1149251090.1,3784278.247841814,900613.1387510708,5037726.8246893305,52.5118453970829,13.3866876393532,75.525094532326,-4.320202838251359,0.5050581308540258,3.133871496492214,5.36100614024114,0
823,1900,131090.3,1149251090.3,3784277.384358191,900613.2525873802,5037727.433841451,52.5118545305389,13.386692215079,75.5132485785969,-4.3151529397315915,0.8702715457017565,3.0652488601934147,5.36410924864971,0
824,1900,131090.5,1149251090.5,3784276.52387743,900613.4416388903,5037728.027732217,52.5118634355261,13.386697858319,75.5016692071899,-4.296706506399219,1.2555882633618318,2.983060397661603,5.37929716834108,0
825,1900,131090.7,1149251090.7,3784275.6622941154,900613.7069786895,5037728.609274733,52.5118721546836,13.3867045984499,75.4903884540723,-4.259042216879485,1.6422668228693917,2.886290520502181,5.40066235672996,0
826,1900,131090.9,1149251090.9,3784274.8145534797,900614.0520193548,5037729.1667481195,52.5118805146016,13.3867124334058,75.479435378442,-4.20110602929879,2.037516204548643,2.772872611503835,5.43043153652056,0
827,1900,131091.1,1149251091.1,3784273.983409113,900614.4789355884,5037729.697744689,52.5118884794205,13.3867213849582,75.4688362534733,-4.123110074622109,2.4338298288564095,2.6442979462103473,5.46954074412229,0
828,1900,131091.3,1149251091.3,3784273.1563923596,900614.9827420798,5037730.212483635,52.5118961997535,13.386731424193,75.4586151484166,-4.020418472673223,2.8336696989992536,2.496670212533974,5.51605029061493,0
829,1900,131091.5,1149251091.5,3784272.356426379,900615.5678608913,5037730.693103517,52.511903411599,13.3867425363031,75.4487943752803,-3.897245825724818,3.225779281516523,2.3351330913049235,5.57198560239508,0
830,1900,131091.7,1149251091.7,3784271.5728868674,900616.2290984511,5037731.148480611,52.5119102457754,13.3867546831006,75.4393950535528,-3.7705633745921494,3.601722422074009,2.1738478478667287,5.64935102761027,0
831,1900,131091.9,1149251091.9,3784270.813314012,900616.9669801851,5037731.572918723,52.5119166179566,13.3867678464014,75.4304356662509,-3.641428033405125,3.9811822152059437,2.0101078250288302,5.75763349140799,0
832,1900,131092.1,1149251092.1,3784270.076932303,900617.7799151844,5037731.967300005,52.5119225409729,13.3867820060541,75.421932873846,-3.524672654541056,4.347573833153265,1.85792572766028,5.89716911457442,0
833,1900,131092.3,1149251092.3,3784269.362743754,900618.6669125694,5037732.332564762,52.5119280285253,13.3867971512637,75.4139023234153,-3.3972790288932972,4.721362805477433,1.6964921241090662,6.05894851176902,0
834,1900,131092.5,1149251092.5,3784268.675222267,900619.630510027,5037732.664941662,52.5119330247633,13.3868133031358,75.4063579460062,-3.2505404274723673,5.0935380231803755,1.5209105924190776,6.23083555346705,0
835,1900,131092.7,1149251092.7,3784268.018765759,900620.66764268,5037732.961709684,52.511937489357,13.3868304027562,75.399312659151,-3.1037685172157223,5.435492676914005,1.350670591839657,6.40330154661685,0
836,1900,131092.9,1149251092.9,3784267.3893194157,900621.7707861419,5037733.227244574,52.5119414867872,13.3868483561357,75.392777636312,-2.950221241408854,5.747856027876339,1.1806297553296796,6.56776529038791,0
837,1900,131093.1,1149251093.1,3784266.7976660277,900622.9370076349,5037733.454033158,52.5119449060062,13.3868670844793,75.3867621594313,-2.7679194458799885,6.043713417750099,0.9920645482836339,6.72101495331876,0
838,1900,131093.3,1149251093.3,3784266.245985434,900624.1608749386,5037733.641422362,52.5119477372888,13.3868865025149,75.3812732140453,-2.568433301618253,6.31454411618377,0.7951212329530407,6.8631286448081,0
839,1900,131093.5,1149251093.5,3784265.7287400384,900625.4362349281,5037733.794643008,52.5119500578144,13.3869065409583,75.3763157724224,-2.3664526197805067,6.5488712018688435,0.6027987650950748,6.98936180001674,0
840,1900,131093.7,1149251093.7,3784265.26022408,900626.7591892187,5037733.903726246,52.5119517203408,13.3869270952033,75.3718935091547,-2.177494548328176,6.740349833460705,0.42780208596959807,7.09625344884134,0
841,1900,131093.9,1149251093.9,3784264.806830133,900628.1111698642,5037733.99704806,52.5119531438432,13.3869480137977,75.3680082934638,-2.0280472443021114,6.8883142092384775,0.2900137303250332,7.18651210491537,0
842,1900,131094.1,1149251094.1,3784264.3969024583,900629.4952263667,5037734.05291836,52.5119540080414,13.386969243778,75.3646606599256,-1.9141325397521056,7.0083950840992575,0.18368968360259336,7.26740991925091,0
843,1900,131094.3,1149251094.3,3784263.997344735,900630.9004353071,5037734.097969932,52.511954706211,13.3869907414874,75.3618490457127,-1.8545827930167085,7.1130280146717455,0.12067350578835005,7.35181657610267,0
844,1900,131094.5,1149251094.5,3784263.604725418,900632.3265672739,5037734.134799847,52.5119552767384,13.3870125153407,75.3595701853788,-1.839844496180912,7.2205490597635205,0.09058066874143242,7.45181597680248,0
845,1900,131094.7,1149251094.7,3784263.2176292585,900633.7777341518,5037734.1637275405,52.5119557243994,13.3870346290829,75.3578190374654,-1.864776571883606,7.340283871762958,0.08791905418535122,7.57396123182567,0
846,1900,131094.9,1149251094.9,3784262.8175123837,900635.2531746941,5037734.198715597,52.5119562554496,13.3870571350445,75.3565883161503,-1.9173904733323017,7.475531607724041,0.10315745398044834,7.71819930460586,0
847,1900,131095.1,1149251095.1,3784262.41101027,900636.7570009523,5037734.234070748,52.5119567859336,13.3870800695185,75.3558685573936,-2.004638510414182,7.619622380481351,0.14266778855388618,7.88020144897697,0
848,1900,131095.3,1149251095.3,3784261.98255732,900638.2901742012,5037734.281221694,52.5119574847452,13.3871034993611,75.3556479343733,-2.1121864726644777,7.767081021629275,0.19672678121898143,8.05155765788889,0
849,1900,131095.5,1149251095.5,3784261.530337711,900639.8512122944,5037734.341768922,52.5119583756804,13.3871274095274,75.3559125020503,-2.237584534966793,7.909558088234221,0.2649891826050785,8.22423935505112,0
850,1900,131095.7,1149251095.7,3784261.0603589676,900641.4419022638,5037734.410891505,52.5119593877491,13.3871518051369,75.3566455928975,-2.3563990634741634,8.046609916584112,0.3293025092427942,8.39100636625937,0
851,1900,131095.9,1149251095.9,3784260.5652339426,900643.0581778024,5037734.494799171,52.5119606128695,13.387176653116,75.3578279262998,-2.4434770624115987,8.1763945754727,0.37122584401994035,8.54176896407409,0
852,1900,131096.1,1149251096.1,3784260.060808914,900644.6994003936,5037734.581753895,52.5119618779757,13.3872018902761,75.3594375974119,-2.5043159522359897,8.285136979329517,0.3973073537205707,8.66446457019691,0
853,1900,131096.3,1149251096.3,3784259.5387365925,900646.357224315,5037734.679435641,52.5119632967523,13.3872274254985,75.3614504497523,-2.547094395404424,8.361296884044652,0.4156989709706124,8.75053033116859,0
854,1900,131096.5,1149251096.5,3784259.0082632187,900648.0263528863,5037734.781851667,52.511964781029,13.3872531513557,75.3638393500273,-2.5930279748794214,8.396307456832913,0.4437521674005189,8.79878906294769,0
855,1900,131096.7,1149251096.7,3784258.4779509935,900649.7013150139,5037734.883547929,52.5119662506148,13.3872789602536,75.366575021961,-2.6324230312510903,8.404780109175991,0.4716392827428974,8.82000132154683,0
856,1900,131096.9,1149251096.9,3784257.933790827,900651.3747184698,5037734.996250146,52.5119678790221,13.3873047940444,75.3696257684461,-2.6566920865241475,8.40465907573539,0.4897661573645047,8.8281469126222,0
857,1900,131097.1,1149251097.1,3784257.3861627914,900653.048395785,5037735.111845082,52.5119695468483,13.3873306435876,75.372957725312,-2.6578826442928642,8.415214207163064,0.4887769966953297,8.83849949119028,0
858,1900,131097.3,1149251097.3,3784256.8406929965,900654.7268552138,5037735.225287759,52.5119711800314,13.387356554295,75.376534045581,-2.6469237351783894,8.448531578171181,0.47468022574032437,8.86618364370574,0
859,1900,131097.5,1149251097.5,3784256.29719061,900656.4146777922,5037735.335858101,52.5119727683938,13.3873825924586,75.3803158999481,-2.634099971470583,8.50549028521872,0.4549936027795013,8.9156529110448,0
860,1900,131097.7,1149251097.7,3784255.7594948746,900658.1169126575,5037735.439742939,52.5119742561125,13.387408817334,75.3842621502982,-2.6294573662401772,8.577354121109074,0.4387643880078512,8.98206902378096,0
861,1900,131097.9,1149251097.9,3784255.218318155,900659.8339122982,5037735.543755154,52.5119757442927,13.3874352656455,75.3883295437946,-2.641537765586482,8.655149876132617,0.4339595974012345,9.05967229415693,0
862,1900,131098.1,1149251098.1,3784254.6726020644,900661.5651703142,5037735.648716804,52.5119772456081,13.3874619337464,75.3924724005595,-2.671241247586365,8.730813556248517,0.44268286835500886,9.14103950755682,0
863,1900,131098.3,1149251098.3,3784254.1183216926,900663.3112870044,5037735.757464566,52.5119788025017,13.3874888439646,75.3966431877456,-2.724121641438772,8.795970485448175,0.4705654277699904,9.22016091616859,0
864,1900,131098.5,1149251098.5,3784253.5489236936,900665.0683497122,5037735.875520668,52.5119804970943,13.3875159625852,75.4007924023714,-2.7799013912082913,8.85471186332674,0.5017505813826657,9.29438150568928,0
865,1900,131098.7,1149251098.7,3784252.97976721,900666.8395428986,5037735.990794308,52.5119821514584,13.3875432828585,75.4048684683746,-2.8388965650146236,8.908029169034041,0.5362980989345889,9.36482423936157,0
866,1900,131098.9,1149251098.9,3784252.3973275507,900668.6193758461,5037736.114284846,52.5119839286343,13.3875707722323,75.4088180723418,-2.8938563870947664,8.960277208736144,0.5680244411398448,9.43311317711485,0
867,1900,131099.1,1149251099.1,3784251.7926867516,900670.4066920237,5037736.25278247,52.5119859295301,13.3875984445484,75.4125861887979,-2.9450593251006962,9.013519753858224,0.596770884387741,9.5012129894034,0
868,1900,131099.3,1149251099.3,3784251.188189907,900672.2089676551,5037736.388215537,52.5119878879623,13.3876263307286,75.4161164086246,-2.9856499610048433,9.079482201043131,0.6153399518261333,9.57756472100401,0
869,1900,131099.5,1149251099.5,3784250.569655494,900674.0240671197,5037736.53147182,52.511989965378,13.3876544485359,75.4193507684474,-3.0150222317136914,9.166207120717475,0.6218511438703461,9.66935421229114,0
870,1900,131099.7,1149251099.7,3784249.951247929,900675.8603102285,5037736.670451979,52.5119919836121,13.3876828688784,75.4222472089627,-3.0335747482886224,9.265807326348723,0.6180025389190036,9.76932384050106,0
871,1900,131099.9,1149251099.9,3784249.333496293,900677.7171656034,5037736.804798086,52.511993937914,13.3877115823376,75.4247601078719,-3.041893033382645,9.36863531974836,0.6059443094279151,9.86871873583934,0
872,1900,131100.1,1149251100.1,3784248.7082427745,900679.5923634606,5037736.940927945,52.51199592372,13.3877405842112,75.4268321526101,-3.0532158839487797,9.46369971835147,0.5975065602520894,9.9619653524125,0
873,1900,131100.3,1149251100.3,3784248.078761517,900681.4845063799,5037737.076578838,52.5119979082498,13.3877698433097,75.4284094996461,-3.067044507796873,9.544126461996171,0.593537892638692,10.0423801543947,0
874,1900,131100.5,1149251100.5,3784247.4451949983,900683.390372143,5037737.212183184,52.5119998981998,13.3877993129764,75.4294655815891,-3.0755069771612087,9.602769998611835,0.5894336589432999,10.1004636948559,0
875,1900,131100.7,1149251100.7,3784246.7960058,900685.301143472,5037737.357927645,52.5120020438725,13.3878289062168,75.4300100381855,-3.0758149205064886,9.62890230923397,0.5850185445244974,10.1251490756146,0
876,1900,131100.9,1149251100.9,3784246.1486630696,900687.2131702253,5037737.501476025,52.5120041626458,13.3878585111517,75.4300827103154,-3.073956793238167,9.612570479387589,0.5865284504182675,10.1091412697142,0
877,1900,131101.1,1149251101.1,3784245.509624628,900689.1199658831,5037737.639239408,52.5120062008042,13.3878880128125,75.429745203698,-3.0617823022532495,9.556271328441813,0.5874386787266248,10.0519608420673,0
878,1900,131101.3,1149251101.3,3784244.878184653,900691.0136099594,5037737.773249608,52.5120081874332,13.3879173001144,75.4290757081816,-3.044937843414255,9.467139728743676,0.5906952594073749,9.96229401309254,0
879,1900,131101.5,1149251101.5,3784244.255113568,900692.888691212,5037737.904004611,52.5120101288464,13.3879462928927,75.4281629565443,-3.0231961539007726,9.36094599249978,0.5933279823429597,9.85490045378893,0
880,1900,131101.7,1149251101.7,3784243.623347302,900694.7374037084,5037738.045738933,52.5120122341526,13.387974937493,75.4270988718418,-2.9994193667982305,9.253652395990427,0.5946376686892454,9.74577822242882,0
881,1900,131101.9,1149251101.9,3784242.984423215,900696.5623232041,5037738.196964329,52.5120144802956,13.3880032655802,75.4259757146073,-2.9791694684230214,9.151776937269577,0.5976168426210214,9.64300874839941,0
882,1900,131102.1,1149251102.1,3784242.3571625766,900698.3703038292,5037738.3425293,52.512016642534,13.3880313111774,75.4248801458633,-2.960612614373395,9.05370733427699,0.6011835032022717,9.54443634541351,0
883,1900,131102.3,1149251102.3,3784241.744380466,900700.1604556218,5037738.4805911705,52.5120186927319,13.3880590519315,75.4238912940155,-2.9384201613358143,8.954041264476372,0.6023210988946296,9.44309052782319,0
884,1900,131102.5,1149251102.5,3784241.1280076494,900701.9283121427,5037738.625511645,52.5120208421527,13.3880864854678,75.4230774843614,-2.900934809605034,8.85471929008218,0.5919869018337823,9.33659065010748,0
885,1900,131102.7,1149251102.7,3784240.519707648,900703.6766693374,5037738.7681551175,52.5120229553089,13.388113612071,75.4224892238788,-2.8520308662080054,8.760820418578657,0.5721697299441696,9.23111221187633,0
886,1900,131102.9,1149251102.9,3784239.921934174,900705.4074470671,5037738.906402789,52.512025000422,13.3881404508821,75.4221685436614,-2.801342108970745,8.676272912063617,0.5493601807641658,9.13383960141138,0
887,1900,131103.1,1149251103.1,3784239.341302711,900707.124379017,5037739.034683062,52.5120268949655,13.3881670328384,75.4221373468378,-2.7515287341824086,8.604356098005308,0.5249607540006546,9.04883628040388,0
888,1900,131103.3,1149251103.3,3784238.7664690674,900708.8272316188,5037739.161483194,52.5120287644356,13.3881933932822,75.4223807920703,-2.707394484905487,8.54146977083531,0.5031951186889331,8.97440226814368,0
889,1900,131103.5,1149251103.5,3784238.206851615,900710.5196441662,5037739.279089309,52.5120304953021,13.388219552239,75.4228670926492,-2.6682930394456825,8.480261255077023,0.4848868137029523,8.90335520580965,0
890,1900,131103.7,1149251103.7,3784237.6496579805,900712.1985851246,5037739.397540424,52.5120322362133,13.3882455098986,75.4235610131417,-2.6324172736310625,8.410061265956395,0.47058227067407427,8.8249758568012,0
891,1900,131103.9,1149251103.9,3784237.1024372573,900713.8630490036,5037739.5113399085,52.5120339064011,13.3882712261071,75.4244288578881,-2.601622553361054,8.325813663670276,0.4625638340482192,8.73507746805287,0
892,1900,131104.1,1149251104.1,3784236.555689204,900715.5083275083,5037739.628370561,52.5120356226528,13.3882966658006,75.4254373064573,-2.5704705902525244,8.233370390926577,0.4557344583996826,8.63732602986089,0
893,1900,131104.3,1149251104.3,3784236.0249648527,900717.1368127853,5037739.736562394,52.5120372071322,13.3883218102186,75.4265532027878,-2.5314120116076895,8.137137067534828,0.4436787758519242,8.53334033567761,0
894,1900,131104.5,1149251104.5,3784235.5113065406,900718.7479733623,5037739.835188819,52.5120386495127,13.3883466481905,75.4277422249916,-2.4899068139428353,8.036275350480313,0.4306196493132282,8.4241789352572,0
895,1900,131104.7,1149251104.7,3784234.9955012444,900720.3370090337,5037739.9393818695,52.512040173756,13.3883711764614,75.4289597232144,-2.436080511757857,7.938690472512554,0.4077852961876338,8.31405938912604,0
896,1900,131104.9,1149251104.9,3784234.491707878,900721.9063809575,5037740.038068674,52.5120416170222,13.3883953820073,75.4301492501778,-2.3801076873547875,7.845287227496365,0.3826067790861551,8.2073035908711,0
897,1900,131105.1,1149251105.1,3784233.9909297484,900723.4553343717,5037740.13801855,52.5120430799882,13.3884192846969,75.4312492203532,-2.325340528023999,7.754729541824161,0.3578226030207796,8.10376923741933,0
898,1900,131105.3,1149251105.3,3784233.500976023,900724.9862150693,5037740.232907047,52.5120444700212,13.3884428915091,75.4321953048606,-2.2684788223272125,7.666620097195945,0.33104088059125786,8.00204023650834,0
899,1900,131105.5,1149251105.5,3784233.017745445,900726.5000277435,5037740.325529346,52.5120458291993,13.3884662308275,75.4329188328188,-2.2065080041035237,7.579376150108098,0.30029338612112316,7.89973395214981,0
900,1900,131105.7,1149251105.7,3784232.5569954184,900727.9979258281,5037740.403833268,52.5120469803974,13.3884892654376,75.4333483934264,-2.133586079961859,7.495161511029434,0.2608368425953758,7.79728616221562,0
901,1900,131105.9,1149251105.9,3784232.111345747,900729.4797053764,5037740.473272181,52.5120480049725,13.3885120175875,75.4334128993963,-2.052992059715381,7.41243476929006,0.2153916255164599,7.69450187852191,0
902,1900,131106.1,1149251106.1,3784231.6720948033,900730.942415601,5037740.540777379,52.5120490060664,13.3885344746732,75.433044518552,-1.9404532389199012,7.338267156577826,0.1445908618171648,7.59186605197066,0
903,1900,131106.3,1149251106.3,3784231.2729393346,900732.3953138529,5037740.579486614,52.5120495877338,13.3885566544161,75.4321834170569,-1.7981848902700928,7.268762329459495,0.050779462096690646,7.48805403663301,0
904,1900,131106.5,1149251106.5,3784230.900532878,900733.8350598685,5037740.599890134,52.5120499054442,13.3885785544728,75.4307808457872,-1.660672543493257,7.194503124678136,-0.038638788557676745,7.38377961911764,0
905,1900,131106.7,1149251106.7,3784230.564134471,900735.2619650405,5037740.594975655,52.5120498561045,13.3886001477259,75.4287984098577,-1.5247249358694508,7.119621855079798,-0.1267789426034719,7.28216138173823,0
906,1900,131106.9,1149251106.9,3784230.2636344014,900736.6779737558,5037740.564442181,52.5120494356193,13.3886214624099,75.4262063127379,-1.3983523566072629,7.039624297488524,-0.20686597241758617,7.18014575712528,0
907,1900,131107.1,1149251107.1,3784229.976381293,900738.0742828097,5037740.526737283,52.512048916544,13.3886424496395,75.4229909318564,-1.2747463312776337,6.956725376432317,-0.28437337112781574,7.07826775322958,0
908,1900,131107.3,1149251107.3,3784229.695161587,900739.4492407743,5037740.487557016,52.5120483827969,13.3886631103542,75.419168425121,-1.174817149014769,6.8753835610862,-0.34449081057323433,6.9835355203681,0
909,1900,131107.5,1149251107.5,3784229.4410224017,900740.8123782708,5037740.429567469,52.512047577841,13.3886835093331,75.4147887597988,-1.0956293323490283,6.805035434389409,-0.39108455791121466,6.9037568054383,0
910,1900,131107.7,1149251107.7,3784229.2012213455,900742.1638576485,5037740.362339673,52.5120466421449,13.3887036923617,75.4099250575282,-1.0470972184197884,6.743571711087762,-0.41638245984907796,6.83707147544002,0
911,1900,131107.9,1149251107.9,3784228.95888446,900743.5003648635,5037740.299165625,52.5120457709274,13.3887236695043,75.4046669395098,-1.0264732660660754,6.685011976143022,-0.42137246151078506,6.77647306778708,0
912,1900,131108.1,1149251108.1,3784228.72285599,900744.827071197,5037740.232650338,52.5120448538553,13.388743484695,75.3991116393797,-1.035223638598021,6.624081151735304,-0.4040237340490965,6.71664903537188,0
913,1900,131108.3,1149251108.3,3784228.490245028,900746.142606678,5037740.165321286,52.5120439270674,13.3887631281635,75.3933600227077,-1.0560237851018428,6.563492328074427,-0.3777447951003385,6.65862665311835,0
914,1900,131108.5,1149251108.5,3784228.2456829348,900747.4445164663,5037740.109205602,52.512043167004,13.3887826171518,75.3875103719081,-1.0889075003984219,6.509516846133388,-0.3436242387392217,6.60890359529986,0
915,1900,131108.7,1149251108.7,3784227.9966371087,900748.7369423866,5037740.058118648,52.5120424812021,13.388801985539,75.3816600775414,-1.135272917504973,6.463190950613456,-0.3008029038896206,6.56903069320736,0
916,1900,131108.9,1149251108.9,3784227.7464784384,900750.023425278,5037740.009028522,52.5120418238503,13.3888212725644,75.3758981155582,-1.1868955940423414,6.422665105630352,-0.2550889621212948,6.53639186316388,0
917,1900,131109.1,1149251109.1,3784227.4753656075,900751.2984178275,5037739.9778357865,52.5120414287053,13.3888404664135,75.3703123982014,-1.2389641191001872,6.385106754229242,-0.20956936328202216,6.50757556001834,0
918,1900,131109.3,1149251109.3,3784227.19817022,900752.5662829941,5037739.952778732,52.5120411210758,13.3888595788807,75.3649898665629,-1.2942646375584748,6.348304037715368,-0.1617724046439597,6.48091470536466,0
919,1900,131109.5,1149251109.5,3784226.9194419025,900753.8294265807,5037739.930130169,52.5120408450452,13.3888786289212,75.3600057206583,-1.34005719036929,6.313701548230465,-0.12146053662108929,6.45548860858297,0
920,1900,131109.7,1149251109.7,3784226.6236887937,900755.0827976015,5037739.922422305,52.5120407849575,13.388897596998,75.3554202081912,-1.390158025101483,6.276434927750129,-0.07746087568980732,6.42901041563151,0
921,1900,131109.9,1149251109.9,3784226.3262992594,900756.3308371797,5037739.917439476,52.5120407599249,13.3889164942627,75.3512770277718,-1.4326234018130997,6.236951362203369,-0.03876462867957479,6.39949019862908,0
922,1900,131110.1,1149251110.1,3784226.0086565292,900757.5664592903,5037739.9303641515,52.512040993823,13.3889352826768,75.3476024549198,-1.4715164947918864,6.18932737119206,-0.0012880257637005322,6.36185002662293,0
923,1900,131110.3,1149251110.3,3784225.695232442,900758.7939383262,5037739.94219625,52.5120412059244,13.3889539400218,75.3444112838984,-1.4946216621845296,6.130578108416868,0.02638440429697354,6.31019635140314,0
924,1900,131110.5,1149251110.5,3784225.3747153706,900760.0078152616,5037739.962350675,52.5120415352005,13.3889724266567,75.3417076495943,-1.5086259531621,6.057185673511502,0.04986699283846026,6.24243039744313,0
925,1900,131110.7,1149251110.7,3784225.0475751692,900761.2047672593,5037739.99106251,52.5120419851644,13.3889906933667,75.339487984558,-1.5221571037251298,5.972248958111891,0.07504693011270264,6.16363138967677,0
926,1900,131110.9,1149251110.9,3784224.722777224,900762.3848203334,5037740.02162692,52.5120424569127,13.3890087099464,75.3377437713417,-1.5430930559569243,5.8793351650863634,0.10716876857860139,6.07940813794585,0
927,1900,131111.1,1149251111.1,3784224.383989412,900763.5431117336,5037740.067073618,52.5120431430283,13.3890264624224,75.336459053157,-1.5642417506922377,5.7814730324290515,0.14032825986228015,5.99099112833837,0
928,1900,131111.3,1149251111.3,3784224.048615116,900764.6830377122,5037740.11378584,52.5120438427082,13.3890439401013,75.3356115263648,-1.58145034911232,5.684171680196202,0.17044832743824193,5.90252874020775,0
929,1900,131111.5,1149251111.5,3784223.715079503,900765.805014952,5037740.162829023,52.5120445720158,13.389061154325,75.3351729195289,-1.5956004206482108,5.593671358074442,0.19707844007469172,5.82013229025401,0
930,1900,131111.7,1149251111.7,3784223.3789104554,900766.9090265727,5037740.2174991,52.5120453800271,13.3890781201048,75.3351083777612,-1.600482338242692,5.514559623758602,0.2147705204663979,5.74613243281747,0
931,1900,131111.9,1149251111.9,3784223.0425554165,900767.9987739496,5037740.275263521,52.5120462298023,13.3890948821296,75.335379003516,-1.6004092326692352,5.440261985195373,0.22791046093709474,5.67535931530149,0
932,1900,131112.1,1149251112.1,3784222.702312414,900769.0718488842,5037740.339258366,52.5120471681493,13.3891114185192,75.3359420657039,-1.5967390613756423,5.364201310208353,0.23867964083374008,5.6018924746475,0
933,1900,131112.3,1149251112.3,3784222.3701432473,900770.1310120735,5037740.400007978,52.5120480557098,13.3891277280327,75.3367498733382,-1.5922539490540801,5.282430721133785,0.249854928524938,5.52284115715494,0
934,1900,131112.5,1149251112.5,3784222.035893676,900771.1717172915,5037740.465831563,52.5120490159271,13.3891437801614,75.3377510168642,-1.5849172770299669,5.1980075090850795,0.25937371524172625,5.44045214699029,0
935,1900,131112.7,1149251112.7,3784221.70825108,900772.1974354476,5037740.529561009,52.5120499436044,13.389159595009,75.3388902627006,-1.5762094388676835,5.112773724927704,0.2680134286849588,5.35693219627075,0
936,1900,131112.9,1149251112.9,3784221.3753952757,900773.2041021328,5037740.600665589,52.5120509792356,13.3891751546529,75.3401103276603,-1.5628593968869096,5.027146900762554,0.2732592408640251,5.27156580808794,0
937,1900,131113.1,1149251113.1,3784221.0522867795,900774.1950312622,5037740.667326343,52.5120519489317,13.3891904555511,75.3413575234338,-1.5480960635939007,4.936749892505256,0.2782978099117311,5.18126920689007,0
938,1900,131113.3,1149251113.3,3784220.7325003804,900775.1673222329,5037740.734793102,52.5120529307645,13.3892054780561,75.342584639033,-1.5321101671403206,4.836033424983313,0.28425704741489993,5.08088406882263,0
939,1900,131113.5,1149251113.5,3784220.4009002624,900776.1138744281,5037740.815569984,52.512054109839,13.389220172049,75.3437515675538,-1.5151567198458342,4.717628827151989,0.29263597530779256,4.96360327287685,0
940,1900,131113.7,1149251113.7,3784220.080650363,900777.0365881524,5037740.891998799,52.5120552257596,13.3892344857524,75.344828931988,-1.4908002178784299,4.577430206083076,0.29936202878541984,4.82337746869003,0
941,1900,131113.9,1149251113.9,3784219.774394732,900777.9309410146,5037740.962884597,52.5120562611173,13.3892483453474,75.3457966281086,-1.457270852379113,4.410240773668492,0.30403768523891384,4.65470739498921,0
942,1900,131114.1,1149251114.1,3784219.4685540856,900778.7870971564,5037741.04009067,52.5120573912315,13.3892616562134,75.3466421317746,-1.4123320229457481,4.216387801248564,0.3049360060616346,4.45708355332818,0
943,1900,131114.3,1149251114.3,3784219.180465966,900779.6043510837,5037741.110794756,52.5120584268741,13.3892743491071,75.3473565116825,-1.3550695910164183,3.9995614314029635,0.3007195249118735,4.23357266061736,0
944,1900,131114.5,1149251114.5,3784218.9052352207,900780.3754038773,5037741.179942518,52.5120594411023,13.3892863361397,75.347937215862,-1.2894177141500658,3.765728644285035,0.293263914239747,3.99115446798893,0
945,1900,131114.7,1149251114.7,3784218.6363715134,900781.0971354815,5037741.252934731,52.5120605136277,13.3892975947415,75.348387316939,-1.2148213339465268,3.523468564581994,0.2806312880606553,3.73756277791393,0
946,1900,131114.9,1149251114.9,3784218.387160532,900781.770767552,5037741.319650899,52.5120614949232,13.3893080971028,75.3487143584428,-1.1346904784340612,3.27577720981685,0.2648339007580784,3.47683416417797,0
947,1900,131115.1,1149251115.1,3784218.150197791,900782.3932458338,5037741.386172126,52.5120624746538,13.3893178247147,75.348929291669,-1.0482562101738322,3.020460182357668,0.24568775512465504,3.20661554733247,0
948,1900,131115.3,1149251115.3,3784217.939230102,900782.9613843646,5037741.442823739,52.5120633098098,13.3893266850386,75.3490452529395,-0.9543413512661296,2.752652760906436,0.22317852881279293,2.92192972067867,0
949,1900,131115.5,1149251115.5,3784217.75114255,900783.4798703684,5037741.491115269,52.5120640225151,13.3893347558611,75.3490763918813,-0.849690995667075,2.470349696748694,0.19523373477377295,2.61967910697814,0
950,1900,131115.7,1149251115.7,3784217.587457286,900783.941741743,5037741.531163623,52.5120646143463,13.3893419322316,75.349035479001,-0.7373417314182964,2.1756581171749767,0.1637448595763937,2.30303570331812,0
951,1900,131115.9,1149251115.9,3784217.4451140277,900784.3438835992,5037741.565816291,52.5120651272487,13.3893481799553,75.3489311007803,-0.6245970576717703,1.8767215828933776,0.1327149851828458,1.982377020509,0
952,1900,131116.1,1149251116.1,3784217.3243311998,900784.6873599788,5037741.594725758,52.5120655560497,13.3893535135336,75.3487667734424,-0.519327180789739,1.5888958909135493,0.10528906669370207,1.67492586714583,0
953,1900,131116.3,1149251116.3,3784217.230174975,900784.9780740762,5037741.613058692,52.512065829425,13.3893580002726,75.3485387041203,-0.4264642563949946,1.3262938680155332,0.08264060736286943,1.39562052732949,0
954,1900,131116.5,1149251116.5,3784217.158755642,900785.2200701972,5037741.62298552,52.5120659795491,13.3893617113894,75.3482361346096,-0.34698863371280275,1.09237202634507,0.06488716121652496,1.14799307469943,0
955,1900,131116.7,1149251116.7,3784217.100921424,900785.4176041471,5037741.630555777,52.5120660959643,13.3893647390795,75.3478406919753,-0.27674737179449627,0.8809155945740762,0.05003382730353864,0.924718755316231,0
956,1900,131116.9,1149251116.9,3784217.0786848757,900785.5803545552,5037741.617594703,52.512065910593,13.3893671469459,75.3473276355204,-0.21336673351156982,0.6846386418350963,0.037603502120991644,0.718101285498756,0
957,1900,131117.1,1149251117.1,3784217.052546935,900785.7011330449,5037741.614812056,52.5120658772564,13.3893689667109,75.3466660194416,-0.15570281696987232,0.5022596390090963,0.0269702745307527,0.526531583001595,0
958,1900,131117.3,1149251117.3,3784217.032830456,900785.7859637358,5037741.613394432,52.5120658661985,13.3893702494839,75.3458232209167,-0.10415286866263393,0.3376832096925305,0.017737040315698147,0.35382534216484,0
959,1900,131117.5,1149251117.5,3784217.0256652758,900785.841172663,5037741.607603442,52.5120657930684,13.3893710650019,75.3447666470296,-0.06066014598510861,0.19699205639883527,0.01027339420922687,0.206376031127054,0
960,1900,131117.7,1149251117.7,3784217.0291038547,900785.871546928,5037741.598003553,52.5120656665584,13.3893714885011,75.343465796131,-0.027214327385304805,0.08853948147641545,0.004580286496867292,0.0927407052999946,1
961,1900,131117.9,1149251117.9,3784217.053838984,900785.8709863549,5037741.577665561,52.512065384671,13.3893713961022,75.3418934569141,-0.006898211636504761,0.02244229684305743,0.0011610770183797482,0.0235072352950432,1
962,1900,131118.1,1149251118.1,3784217.073165898,900785.8632126263,5037741.562270109,52.512065179241,13.3893712187936,75.3400244323813,0.0016042362673249824,-0.0052201079689176005,-0.0002698465401510693,-0.0054677160097969,1
963,1900,131118.3,1149251118.3,3784217.1062268903,900785.8776714114,5037741.532276914,52.5120647619933,13.3893713132066,75.337836901335,0.0030776950887719794,-0.010013983536542228,-0.0005178175154150812,-0.0104890518307834,1
964,1900,131118.5,1149251118.5,3784217.1105914684,900785.8788507748,5037741.525630048,52.5120646934173,13.3893713152188,75.3353130017917,0.001824189989102615,-0.005935514431732491,-0.00030690016066478517,-0.0062170884177614,1
965,1900,131118.7,1149251118.7,3784217.1161217378,900785.8796638099,5037741.517737631,52.512064610548,13.389371308006,75.3324393042312,0.00036177819155882554,-0.0011769238820724082,-6.090487198636173e-05,-0.0012327784421832,1
966,1900,131118.9,1149251118.9,3784217.1133061103,900785.8733665773,5037741.516894427,52.5120646358659,13.3893712273776,75.329215766238,-0.0005717970910010179,0.0018597475567295103,9.633272640034551e-05,0.0019480484804579,1
967,1900,131119.1,1149251119.1,3784217.1099711815,900785.8762412465,5037741.514382746,52.5120646405162,13.389371279943,75.3256534712621,-0.0013500463924469967,0.004390017135959223,0.00022761693885520325,0.0045985525099349,1
968,1900,131119.3,1149251119.3,3784217.113800248,900785.8775419934,5037741.506396174,52.5120645681275,13.389371285521,75.321766595169,-0.002120264616945219,0.006893048072167795,0.00035774667589209786,0.0072206382304612,1
969,1900,131119.5,1149251119.5,3784217.1109013525,900785.8768240106,5037741.503396961,52.512064573019,13.3893712851207,75.3175692928057,-0.0027850995061921074,0.00905237926124141,0.0004702898703619906,0.0094828013851873,1
970,1900,131119.7,1149251119.7,3784217.083743654,900785.8712441713,5037741.518994155,52.5120648559224,13.3893712977976,75.3130802360206,-0.0031106726357520028,0.01010950675527216,0.0005254576137393326,0.0105903029600454,1
971,1900,131119.9,1149251119.9,3784217.0841677226,900785.8733356275,5037741.512313772,52.5120648129915,13.3893713263193,75.3083252968936,-0.0028493427328624508,0.009260895718691799,0.00048118989725205025,0.0097012621467012,1
972,1900,131120.1,1149251120.1,3784217.012907731,900785.8513448156,5037741.5631096335,52.5120656214265,13.3893712542703,75.3033420694422,-0.0019671175540457234,0.006393510943756545,0.00033219982257804884,0.0066975286771682,1
973,1900,131120.3,1149251120.3,3784216.9938888797,900785.8529093491,5037741.570516747,52.5120657912831,13.3893713415577,75.2981798179159,-0.0011930513926031888,0.00387807159382146,0.00020140283018366597,0.0040624344932815,1
974,1900,131120.5,1149251120.5,3784216.9827629114,900785.8467341086,5037741.573248111,52.5120658935963,13.3893712910222,75.2928896715848,-0.0009457148840898649,0.003074305619462312,0.0001596112644275752,0.0032204359083172,1
975,1900,131120.7,1149251120.7,3784216.9696544507,900785.8451771267,5037741.576532015,52.5120660050578,13.3893713134228,75.2875150719229,-0.001424240950407889,0.004630041317183267,0.0002403459926011725,0.0048501042339111,1
976,1900,131120.9,1149251120.9,3784216.9656220996,900785.8444926925,5037741.572819736,52.5120660138566,13.3893713173692,75.2820856274503,-0.0020410809570685093,0.006635687084107171,0.00034437419370020355,0.0069510393565841,1
977,1900,131121.1,1149251121.1,3784217.0570799396,900785.8728928718,5037741.492646681,52.512064894063,13.3893714123661,75.2766200481049,-0.0024208068616394206,0.00787017283169626,0.0004084470691102488,0.0082441952469841,1
978,1900,131121.3,1149251121.3,3784217.0506215934,900785.8948623915,5037741.486654809,52.5120648698165,13.3893717491916,75.2711381098186,-0.002314653191651489,0.007524640861409921,0.0003906111333991553,0.0078822849826911,1
979,1900,131121.5,1149251121.5,3784217.0576307676,900785.8976826494,5037741.47403267,52.5120647475066,13.3893717656957,75.2656699323303,-0.0016034379570702428,0.005212506151452498,0.0002706010120316772,0.0054602617674262,1
980,1900,131121.7,1149251121.7,3784217.0491142846,900785.893623502,5037741.474277223,52.5120648146236,13.3893717365809,75.2602497218741,-0.0004409295619146802,0.0014334962058285509,7.439330639213637e-05,0.0015016206627278,1
981,1900,131121.9,1149251121.9,3784216.914511235,900785.8167464201,5037741.581645228,52.5120664624842,13.3893710941266,75.2549179013099,0.001002196428344224,-0.0032580894896702497,-0.00016911273416306028,-0.0034129377258517,1
982,1900,131122.1,1149251122.1,3784216.8588903993,900785.8139256183,5037741.617100549,52.5120670468808,13.3893712434193,75.2497230762738,0.0024697141312571644,-0.008029348890849743,-0.00041666762007842146,-0.0084109181072427,1
983,1900,131122.3,1149251122.3,3784216.8474081694,900785.8085709311,5037741.62030612,52.5120671529039,13.3893712058565,75.2447139207815,0.003229634220534683,-0.010500412278380828,-0.0005447912226713885,-0.0109993632856961,1
984,1900,131122.5,1149251122.5,3784216.8111289837,900785.7994966279,5037741.64294025,52.512067543337,13.3893711995734,75.239915672874,0.0031131103690910118,-0.010121642377611748,-0.0005251210647375652,-0.0106025870768902,1
985,1900,131122.7,1149251122.7,3784216.794828291,900785.7991819695,5037741.649387431,52.5120676921913,13.3893712506631,75.2353361886451,0.002630913116720012,-0.008553242028150311,-0.000443896467300806,-0.0089597263961311,1
986,1900,131122.9,1149251122.9,3784216.7893542284,900785.79020239,5037741.649574447,52.5120677460137,13.3893711406672,75.2309781552116,0.0021467104179760223,-0.00697913556772725,-0.00036218900186410144,-0.0073108056850414,1
987,1900,131123.1,1149251123.1,3784216.77983128,900785.7909866022,5037741.6513357535,52.5120678204102,13.3893711843849,75.2268481573001,0.0017109746833996633,-0.005562189730167675,-0.00028873151517147603,-0.0058265560024315,1
988,1900,131123.3,1149251123.3,3784216.7469558483,900785.7834806355,5037741.672298071,52.5120681754992,13.3893711889647,75.2229595837682,0.0014193120989289144,-0.004613665325683958,-0.00023957689307880812,-0.0048329857913387,1
989,1900,131123.5,1149251123.5,3784216.742847826,900785.7785698813,5037741.671641335,52.5120682085126,13.389371132611,75.2193142365877,0.001345808549870644,-0.0043745452110960726,-0.00022720285071533303,-0.0045825176041344,1
990,1900,131123.7,1149251123.7,3784216.7404534137,900785.7822811864,5037741.668454723,52.512068201566,13.3893711939565,75.2158911389572,0.0013966807021995023,-0.004540026515170139,-0.00023576962020414028,-0.0047558537673225,1
991,1900,131123.9,1149251123.9,3784216.740926136,900785.7813740332,5037741.664216992,52.5120681766081,13.3893711793457,75.2126806081375,0.0013232633663695327,-0.004301637298992961,-0.0002233300881064259,-0.0045061053823803,1
992,1900,131124.1,1149251124.1,3784216.7327879053,900785.780499065,5037741.666658174,52.5120682478571,13.3893711945663,75.2096760752101,0.0009801380225383878,-0.0031862392638970444,-0.0001654153091045102,-0.0033376868358956,1
993,1900,131124.3,1149251124.3,3784216.723704225,900785.7782212434,5037741.670305131,52.5120683345754,13.3893711929104,75.2068708410553,0.0003260474818405426,-0.0010599804210700487,-5.5014970122330056e-05,-0.0011103567446564,1
994,1900,131124.5,1149251124.5,3784216.7160382145,900785.7741517877,5037741.6734538125,52.5120684116929,13.3893711607471,75.2042570735315,0.00010135941211318521,-0.00032952565408158387,-1.710157895343501e-05,-0.0003451859660017,1
995,1900,131124.7,1149251124.7,3784216.7210881975,900785.7767409657,5037741.666159914,52.5120683324958,13.3893711806225,75.2018242481689,-0.00022108697132991963,0.0007187133571181222,3.7311848343869886e-05,0.0007528748319732,1
996,1900,131124.9,1149251124.9,3784216.723689777,900785.7770296399,5037741.661321316,52.5120682875097,13.3893711758854,75.1995658629864,-0.0004670154157271557,0.0015180252146475377,7.884389212674554e-05,0.0015901950541233,1
997,1900,131125.1,1149251125.1,3784216.713849513,900785.7743038993,5037741.666518327,52.5120683886933,13.3893711703919,75.1974795057101,-0.0006917733942602399,0.002248435379804429,0.00011681736721399562,0.0023553467650105,1
998,1900,131125.3,1149251125.3,3784216.7152286945,900785.7765178148,5037741.662672921,52.5120683544396,13.3893711974106,75.1955568038353,-0.0006373081288976888,0.0020712334822768556,0.00010765131135487967,0.0021697369873098,1
999,1900,131125.5,1149251125.5,3784216.7116333973,900785.7778142691,5037741.6628868915,52.5120683784089,13.3893712282501,75.1937806935752,-0.0004706240999103774,0.001529483080865241,7.950145421562899e-05,0.0016022253334946,1
1000,1900,131125.7,1149251125.7,3784216.7102871323,900785.7759351662,5037741.662151262,52.5120683868272,13.3893712059166,75.1921351032361,-0.000521953834799586,0.0016964572956798209,8.814449397630286e-05,0.0017771248165353,1
1001,1900,131125.9,1149251125.9,3784216.70914079,900785.7768062813,5037741.660923964,52.5120683866285,13.3893712223086,75.1906053369486,-0.0005761719554010307,0.0018727504679133054,9.728754205088804e-05,0.0019617933895032,1
1002,1900,131126.1,1149251126.1,3784216.7113861917,900785.7766782185,5037741.657470298,52.5120683523756,13.389371212815,75.1891762622311,-0.000608602197335536,0.0019780133489746975,0.00010278940478936261,0.0020720760374708,1
1003,1900,131126.3,1149251126.3,3784216.7141753198,900785.7749850968,5037741.653991577,52.5120683167982,13.3893711790414,75.1878286577061,-0.0006887327270523257,0.0022384529329763057,0.0001163215766841081,0.0023448997871264,1
1004,1900,131126.5,1149251126.5,3784216.716006975,900785.7745526824,5037741.65107849,52.5120682888744,13.389371166598,75.186540671728,-0.0002997637844406801,0.0009741294456919257,5.065156191412354e-05,0.0010204666011931,1
1005,1900,131126.7,1149251126.7,3784216.7150634853,900785.7752259509,5037741.650098501,52.5120682889478,13.3893711794632,75.1852993576626,0.0007201129032449442,-0.0023399229448140806,-0.00012171359154540702,-0.0024512478820907,1
1006,1900,131126.9,1149251126.9,3784216.713765057,900785.7763244513,5037741.649357749,52.5120682920896,13.3893711996321,75.184097659811,0.0023911459634548154,-0.007768379251277996,-0.00040439532688996154,-0.0081381097799577,1
1007,1900,131127.1,1149251127.1,3784216.7142871837,900785.7738887228,5037741.6479403125,52.5120682847375,13.3893711629501,75.1829388076531,0.003917818497595053,-0.012727745223176474,-0.0006626785872567975,-0.0133335645330196,1
1008,1900,131127.3,1149251127.3,3784216.7014081418,900785.7799459308,5037741.655075749,52.5120684030994,13.3893712936706,75.1818292292968,0.0029277381699790916,-0.009509654957269456,-0.0004955019309464886,-0.0099624650745608,1
1009,1900,131127.5,1149251127.5,3784216.7037708308,900785.7804979829,5037741.651889607,52.512068368373,13.3893712935222,75.1807777194737,-0.003357058981216321,0.010904199204688204,0.0005681517055456671,0.0114234058695033,1
1010,1900,131127.7,1149251127.7,3784216.697056939,900785.7916804183,5037741.65368103,52.5120684062787,13.3893714766531,75.1798001550214,-0.020611797564906477,0.06694953080268766,0.003488444995185276,0.0701374017343182,1
1011,1900,131127.9,1149251127.9,3784216.6912217084,900785.8154594785,5037741.652695262,52.5120684021008,13.3893718372819,75.1789144053438,-0.05621793762800621,0.18269332278506406,0.009498465952102792,0.191383195596785,0
1012,1900,131128.1,1149251128.1,3784216.6736669056,900785.8693889581,5037741.655231946,52.5120684486989,13.3893726699039,75.1781341762716,-0.11409950034747403,0.37125102149453276,0.019196657932091632,0.388863123240092,0
1013,1900,131128.3,1149251128.3,3784216.6328169648,900785.9635703312,5037741.668158327,52.5120686472482,13.3893741587433,75.177478772796,-0.1855952541725899,0.6068645402594258,0.030695388066749305,0.635352166474815,0
1014,1900,131128.5,1149251128.5,3784216.5797989024,900786.1065825012,5037741.681693192,52.5120688529028,13.3893763887737,75.1769837887405,-0.26035362633725356,0.8571171502224948,0.042028427899535856,0.896772105221943,0
1015,1900,131128.7,1149251128.7,3784216.510980262,900786.3003897746,5037741.69824285,52.5120691007771,13.3893794005309,75.1766848196065,-0.3340657636444043,1.1081904955683917,0.05243502604870066,1.15863520612148,0
1016,1900,131128.9,1149251128.9,3784216.4333208418,900786.5460893428,5037741.712451402,52.5120693114887,13.3893831859979,75.1766072484802,-0.4110324393001002,1.3650486800159702,0.06424249571098214,1.42703632162097,0
1017,1900,131129.1,1149251129.1,3784216.3350953083,900786.8441185551,5037741.733002162,52.5120696131415,13.3893877914342,75.1767607617444,-0.4929812706355418,1.6376376182942594,0.07697337787858013,1.71196156585128,0
1018,1900,131129.3,1149251129.3,3784216.219440867,900787.1982277996,5037741.756880586,52.5120699612937,13.3893932598781,75.1771393230616,-0.5822624549709593,1.9289648322042703,0.09184707771392447,2.01702027159725,0
1019,1900,131129.5,1149251129.5,3784216.085787259,900787.6113743751,5037741.783957222,52.5120703543098,13.3893996356493,75.1777193673451,-0.6794511911924894,2.2415548084280936,0.10884438410224592,2.34479614899688,0
1020,1900,131129.7,1149251129.7,3784215.9341659867,900788.089882276,5037741.813034958,52.5120707749817,13.3894070092558,75.1784609266414,-0.7835593768914317,2.5723692539603227,0.1277676428760153,2.69209462062554,0
1021,1900,131129.9,1149251129.9,3784215.7558883433,900788.6342084159,5037741.850443247,52.5120713174429,13.3894154168802,75.1793065448771,-0.8897298754522006,2.910148053765574,0.14699262738831909,3.04666830794136,0
1022,1900,131130.1,1149251130.1,3784215.559719191,900789.2473657005,5037741.889019838,52.5120718767471,13.3894248717987,75.1801869948299,-0.990606350459603,3.237930395903927,0.16404286027363563,3.39004487437795,0
1023,1900,131130.3,1149251130.3,3784215.345333816,900789.9121936072,5037741.931954447,52.5120725009273,13.3894351292288,75.1810225741142,-1.0786074335027387,3.532385608459712,0.1774053383756481,3.69764989372234,0
1024,1900,131130.5,1149251130.5,3784215.112365117,900790.6398659503,5037741.977430381,52.5120731641436,13.3894463505303,75.1817291879184,-1.1464437794220077,3.776545550586482,0.18465489035416702,3.95104126320666,0
1025,1900,131130.7,1149251130.7,3784214.8544710586,900791.4076768149,5037742.034121837,52.5120739953218,13.3894582319858,75.18223488556,-1.19468759237271,3.9686949603726354,0.18652314411350784,4.14880814393079,0
1026,1900,131130.9,1149251130.9,3784214.5952695194,900792.211738034,5037742.085016676,52.5120747440086,13.3894706373262,75.1824759020311,-1.233417268794144,4.129680333456773,0.18682748549411796,4.3139868248333,0
1027,1900,131131.1,1149251131.1,3784214.3310748762,900793.0482786641,5037742.133452776,52.5120754602521,13.3894835250893,75.1823872710256,-1.2701430507031808,4.288848540706282,0.18595929936904626,4.47683661030753,0
1028,1900,131131.3,1149251131.3,3784214.057434166,900793.9168141638,5037742.18279643,52.5120761941521,13.3894969035205,75.1819354267005,-1.310753426244394,4.465795043497361,0.1848318532824087,4.65784958204157,0
1029,1900,131131.5,1149251131.5,3784213.7803080073,900794.8254693502,5037742.227126335,52.5120768585607,13.3895108687082,75.1810959804528,-1.3580806007897621,4.665841784593647,0.18461311915391246,4.86297691551844,0
1030,1900,131131.7,1149251131.7,3784213.4887914984,900795.7739443091,5037742.274604433,52.5120775742564,13.3895254535498,75.1798467674115,-1.408054020059756,4.881223490698574,0.18364506512799308,5.08357004471266,0
1031,1900,131131.9,1149251131.9,3784213.17649789,900796.7640477957,5037742.329647021,52.512078406709,13.3895407057469,75.1781656867227,-1.4604964572657433,5.1007520942130045,0.1837825780439815,5.30890740777202,0
1032,1900,131132.1,1149251132.1,3784212.8542138347,900797.7983995266,5037742.3837176645,52.5120792300811,13.3895566260455,75.1760347115619,-1.5111381318075012,5.320507284738368,0.18253607678880532,5.5339547919807,0
1033,1900,131132.3,1149251132.3,3784212.5237070806,900798.8760261695,5037742.435658684,52.5120800273857,13.3895731944694,75.1734446928459,-1.5605815521117559,5.539491481022006,0.18053229850595065,5.75794864165275,0
1034,1900,131132.5,1149251132.5,3784212.1791166454,900799.9971097371,5037742.489821885,52.5120808627788,13.3895904336176,75.1704043795233,-1.6041446141314992,5.751970423261635,0.17529619418415587,5.97404155064385,0
1035,1900,131132.7,1149251132.7,3784211.836448822,900801.1610247364,5037742.534413088,52.5120815617572,13.3896082799324,75.1669437240625,-1.6368751998429791,5.944019453840236,0.16560598566654597,6.16750784596021,0
1036,1900,131132.9,1149251132.9,3784211.4927470586,900802.3610647464,5037742.572889638,52.5120821748121,13.389626647403,75.1631105049984,-1.6586545077401633,6.096546158954407,0.15476412283005317,6.32004444430764,0
1037,1900,131133.1,1149251133.1,3784211.1436513555,900803.5855760035,5037742.610651849,52.5120827809658,13.3896453839161,75.1589660414349,-1.6697238777207264,6.199212217030285,0.14478694959787172,6.42177336881193,0
1038,1900,131133.3,1149251133.3,3784210.7884471966,900804.8261269911,5037742.649820287,52.5120834106947,13.3896643710952,75.1545816671807,-1.6710444282383983,6.258836226451851,0.1351805651775226,6.47948255464079,0
1039,1900,131133.5,1149251133.5,3784210.434419665,900806.075364865,5037742.686368989,52.5120840035867,13.3896834787343,75.1500397396053,-1.6705275476456531,6.288878199778804,0.12945735088316904,6.50825710192781,0
1040,1900,131133.7,1149251133.7,3784210.0763193686,900807.3281397132,5037742.725252072,52.512084631654,13.3897026509463,75.1454375613226,-1.6811369791763422,6.303239461276396,0.13482106275827424,6.52496942275666,0
1041,1900,131133.9,1149251133.9,3784209.7172034164,900808.5839816084,5037742.764407104,52.5120852631864,13.3897218705703,75.1408823667396,-1.7059804053758232,6.318283032905641,0.15068417044478663,6.54627950416511,0
1042,1900,131134.1,1149251134.1,3784209.3527188958,900809.8436184673,5037742.807093795,52.5120859450048,13.3897411628838,75.1364861212841,-1.736881123861935,6.349958102077484,0.16811286040477538,6.58536148365455,0
1043,1900,131134.3,1149251134.3,3784208.98697187,900811.113339061,5037742.8492717985,52.5120866161448,13.3897606039921,75.1323601914046,-1.7695177245641383,6.402620934751952,0.18310898264530995,6.64516942682397,0
1044,1900,131134.5,1149251134.5,3784208.6102877064,900812.3942843343,5037742.898093106,52.5120873809481,13.3897802432428,75.1286124810535,-1.808768172235284,6.4713766434507765,0.20018158295536093,6.72238280882948,0
1045,1900,131134.7,1149251134.7,3784208.219341876,900813.68736839,5037742.956008886,52.5120882743724,13.3898001050737,75.1253484980187,-1.8481342283550497,6.546519262296478,0.21620596459529623,6.80582541627119,0
1046,1900,131134.9,1149251134.9,3784207.82921648,900814.9971009099,5037743.011097241,52.5120891191476,13.3898202026596,75.1226733853005,-1.8915512763458016,6.607500016182809,0.23776827457385036,6.8770310779649,0
1047,1900,131135.1,1149251135.1,3784207.43114586,900816.3160478486,5037743.071349091,52.5120900320578,13.3898404593784,75.1206903663256,-1.9401529541934603,6.628616165839778,0.2702796127981741,6.91200382152617,0
1048,1900,131135.3,1149251135.3,3784207.0150462496,900817.6312175388,5037743.146713379,52.5120911589164,13.3898607234701,75.1194926683072,-1.9903108685893884,6.599511737586091,0.31287211593056197,6.90020155423655,0
1049,1900,131135.5,1149251135.5,3784206.601171449,900818.9387981247,5037743.222852098,52.5120922871057,13.3898808712314,75.119157389923,-2.0351209964078265,6.527309044036463,0.3591294072663468,6.84663820845995,0
1050,1900,131135.7,1149251135.7,3784206.169208351,900820.2251694495,5037743.317410948,52.5120936765301,13.3899007767884,75.119740111836,-2.1007665263642603,6.419570241879288,0.4272447448950994,6.76806029529548,0
1051,1900,131135.9,1149251135.9,3784205.7533006947,900821.4971982186,5037743.403736456,52.5120949332328,13.3899204220709,75.1212743610625,-2.1743581809013337,6.297976669821044,0.5037499370083349,6.68177428767978,0
1052,1900,131136.1,1149251136.1,3784205.303432394,900822.7387262117,5037743.522029929,52.5120966507112,13.3899397461528,75.1237698124962,-2.2629548090241567,6.168815685232406,0.5927951431404168,6.59747357007103,0
1053,1900,131136.3,1149251136.3,3784204.8406851175,900823.9538329412,5037743.655817896,52.5120985858951,13.3899587355807,75.1272114175314,-2.354276174090481,6.039617348679857,0.6838800911141429,6.51822721308387,0
1054,1900,131136.5,1149251136.5,3784204.3584496635,900825.1422565915,5037743.810028268,52.5121008120148,13.389977409147,75.1315594925726,-2.4438115349406933,5.904998569961011,0.7745952543891905,6.43748559125945,0
1055,1900,131136.7,1149251136.7,3784203.855167222,900826.301016155,5037743.986273399,52.5121033536242,13.3899957294548,75.1367503759607,-2.5176962063435395,5.766898619194807,0.8542511644985401,6.35024872926681,0
1056,1900,131136.9,1149251136.9,3784203.3091439814,900827.4242199037,5037744.20168645,52.5121064646405,13.3900136860798,75.1427047288543,-2.565545272519109,5.64174167009086,0.9121819610134352,6.26445109705416,0
1057,1900,131137.1,1149251137.1,3784202.765708999,900828.5284257982,5037744.419383855,52.5121096015644,13.3900313616624,75.1493267983154,-2.5734390749587357,5.561649902509815,0.9322961154969494,6.19868650260542,0
1058,1900,131137.3,1149251137.3,3784202.2202225975,900829.6209932152,5037744.641383834,52.5121127954657,13.3900488774794,75.1565082888037,-2.549814975673928,5.537601068698341,0.9189392119439441,6.16530869312058,0
1059,1900,131137.5,1149251137.5,3784201.695881975,900830.7187463392,5037744.847246122,52.5121157458591,13.3900663954761,75.164135261488,-2.4962794402997677,5.564394871670309,0.8742335480055694,6.16102147605351,0
1060,1900,131137.7,1149251137.7,3784201.183556217,900831.8254971723,5037745.042961315,52.5121185425521,13.390084001419,75.1720924513553,-2.4282931250698523,5.618565699643232,0.8138828725471672,6.17473022509442,0
1061,1900,131137.9,1149251137.9,3784200.6845047483,900832.9430719843,5037745.22712184,52.5121211660944,13.3901017171803,75.180266003024,-2.364919404067013,5.679860056318873,0.7557085545885267,6.19876999626358,0
1062,1900,131138.1,1149251138.1,3784200.19811685,900834.0740223941,5037745.3995919,52.5121236157662,13.3901195814046,75.1885462092335,-2.3013823343771467,5.74572074289023,0.6966012665727117,6.22855688172252,0
1063,1900,131138.3,1149251138.3,3784199.728580193,900835.2202563506,5037745.556777818,52.5121258397137,13.3901376071462,75.1968297706395,-2.2415080049058713,5.810103770212001,0.64048933889077,6.26034268630093,0
1064,1900,131138.5,1149251138.5,3784199.2622272554,900836.3770936872,5037745.709589482,52.512128000141,13.3901557739636,75.2050220257883,-2.1898187420578563,5.866885789900085,0.59183469021046,6.29014493436645,0
1065,1900,131138.7,1149251138.7,3784198.8170188284,900837.547943692,5037745.8439131435,52.5121298896388,13.3901740694434,75.2130381458093,-2.1499819577704216,5.908447420507461,0.5547270905398868,6.31188525597689,0
1066,1900,131138.9,1149251138.9,3784198.3857220155,900838.72726935,5037745.966036273,52.5121316019102,13.390192438918,75.2208045171508,-2.114185245115805,5.931318087598192,0.52395384148902,6.31861069658085,0
1067,1900,131139.1,1149251139.1,3784197.9550607307,900839.9066369873,5037746.087283866,52.5121333049125,13.3902108068277,75.2282585947668,-2.0791458528382276,5.932124001840764,0.49766482002851886,6.30560170988334,0
1068,1900,131139.3,1149251139.3,3784197.53785742,900841.0864054345,5037746.197960702,52.5121348560827,13.3902291345765,75.2353494833622,-2.0493526593745943,5.909347267722396,0.4794789897917674,6.27296832087295,0
1069,1900,131139.5,1149251139.5,3784197.1178990663,900842.2578420044,5037746.311662097,52.5121364566614,13.3902473523383,75.2420351440458,-2.0307199394936957,5.869930439838715,0.4725760984780139,6.22922427032894,0
1070,1900,131139.7,1149251139.7,3784196.698776376,900843.4197756107,5037746.425873713,52.5121380699234,13.3902654310849,75.2482813073527,-2.025464091154361,5.82694461760751,0.47628818970038483,6.18729656642293,0
1071,1900,131139.9,1149251139.9,3784196.2775158864,900844.5730966292,5037746.542621069,52.5121397261025,13.3902833937169,75.2540602394513,-2.038700431355462,5.788319092389527,0.49302358566908344,6.15662323194753,0
1072,1900,131140.1,1149251140.1,3784195.854588535,900845.7200946213,5037746.661119503,52.5121414138597,13.3903012714346,75.2593508285228,-2.0711534828690206,5.760101115941372,0.5222487450010819,6.14338549719328,0
1073,1900,131140.3,1149251140.3,3784195.4204171305,900846.8622325897,5037746.788234825,52.5121432347637,13.3903191178693,75.2641370012147,-2.120634308949719,5.745030962125962,0.5618436619104952,6.14964543112118,0
1074,1900,131140.5,1149251140.5,3784194.9791803695,900848.0036835492,5037746.9200910535,52.5121451317387,13.3903369785617,75.2684053756822,-2.1786726927147866,5.742817216563142,0.6055401169133836,6.17197238474271,0
1075,1900,131140.7,1149251140.7,3784194.5260086777,900849.1447782001,5037747.060247935,52.5121471574863,13.3903548748608,75.2721441310998,-2.245216597534456,5.747485224947647,0.6543605034799392,6.20506016484532,0
1076,1900,131140.9,1149251140.9,3784194.0576465228,900850.2865956658,5037747.210930364,52.5121493449755,13.3903728333341,75.2753433453875,-2.3107438036976635,5.7570410937002565,0.7015540688567832,6.24301507225556,0
1077,1900,131141.1,1149251141.1,3784193.56648798,900851.4275705051,5037747.3780815,52.5121517820556,13.3903908574952,75.27799510682,-2.375835274315448,5.768085377914694,0.748158106311618,6.28292469552474,0
1078,1900,131141.3,1149251141.3,3784193.068302877,900852.572468499,5037747.5490798,52.5121542824366,13.3904089618404,75.2800926429808,-2.4334972586987167,5.783471480803056,0.7884474755705478,6.32393079493206,0
1079,1900,131141.5,1149251141.5,3784192.5577339125,900853.7202326346,5037747.728103621,52.5121569078781,13.3904271494982,75.2816306512006,-2.4798115361046706,5.804045772410644,0.8193483014335912,6.36456944513121,0
1080,1900,131141.7,1149251141.7,3784192.036505563,900854.8716211991,5037747.913725009,52.512159637356,13.3904454254518,75.2826039288838,-2.5119079685432837,5.831416113034748,0.838433468633608,6.40453481582523,0
1081,1900,131141.9,1149251141.9,3784191.512322903,900856.0285440516,5037748.099848202,52.5121623809298,13.3904637907847,75.2830065521325,-2.538114585486378,5.862356940147707,0.8524897835410391,6.44484238548923,0
1082,1900,131142.1,1149251142.1,3784190.9835793558,900857.1933126425,5037748.287252658,52.5121651501898,13.3904822840974,75.2828316225255,-2.5398118288676264,5.905993146686142,0.8460036684196794,6.4843751728088,0
1083,1900,131142.3,1149251142.3,3784190.458494634,900858.3670460485,5037748.469596439,52.5121678515851,13.3905008933868,75.2820711155906,-2.518898760480515,5.955855255890276,0.8215412289666035,6.51858825096033,0
1084,1900,131142.5,1149251142.5,3784189.930851839,900859.5497699055,5037748.651503793,52.5121705534889,13.3905196402266,75.2807172071421,-2.4798792079371914,6.001148258249316,0.7843804051725708,6.54055302887047,0
1085,1900,131142.7,1149251142.7,3784189.4190527275,900860.7429037599,5037748.818982967,52.5121730493861,13.390538482187,75.2787624820652,-2.4138914555991695,6.044212509834288,0.7274934457776533,6.54894064235594,0
1086,1900,131142.9,1149251142.9,3784188.9206055035,900861.9448611877,5037748.974165918,52.5121753708413,13.390557405036,75.2761997545975,-2.337996597942444,6.083408688655981,0.6639014790651082,6.55094302670313,0
1087,1900,131143.1,1149251143.1,3784188.440624984,900863.1561530699,5037749.113137496,52.5121774601182,13.3905763986465,75.2730226431261,-2.2607005498919714,6.1293207978991395,0.5980711099056323,6.56026138750161,0
1088,1900,131143.3,1149251143.3,3784187.9763810276,900864.3790725985,5037749.2375208745,52.5121793412455,13.3905955051897,75.2692259443784,-2.1880636999526506,6.191480203835964,0.5328311979818433,6.58831988864277,0
1089,1900,131143.5,1149251143.5,3784187.517902759,900865.6139692385,5037749.354690994,52.5121811231459,13.3906147636846,75.2648075718284,-2.1202533119275064,6.273037661202035,0.46774686934004,6.638167121983,0
1090,1900,131143.7,1149251143.7,3784187.0799342105,900866.8694154617,5037749.452125685,52.5121826209022,13.3906342466705,75.2597688006073,-2.055620971865828,6.370458036117739,0.4022160922112937,6.70597427334354,0
1091,1900,131143.9,1149251143.9,3784186.6473973887,900868.1446760539,5037749.541212288,52.5121840025993,13.3906539950453,75.2541147904706,-1.982572748069761,6.481298478044704,0.32802209241435193,6.78567779635943,0
1092,1900,131144.1,1149251144.1,3784186.2335102847,900869.4445463243,5037749.611248708,52.5121851100974,13.3906740324315,75.2478551666644,-1.906530788852131,6.598616218950009,0.2504437486487465,6.87308647734542,0
1093,1900,131144.3,1149251144.3,3784185.838044204,900870.7685881226,5037749.66250199,52.5121859471668,13.3906943533307,75.2410046824635,-1.8229251958727035,6.718334129429986,0.16679548990388027,6.96325286628768,0
1094,1900,131144.5,1149251144.5,3784185.4505039654,900872.1147507429,5037749.70319421,52.5121866349637,13.390714964159,75.2335847506524,-1.7346114625163234,6.832886197457822,0.08055183146255993,7.05008505699432,0
1095,1900,131144.7,1149251144.7,3784185.081200363,900873.4839536872,5037749.72550347,52.5121870576673,13.3907358429199,75.2256229089865,-1.6497361786151874,6.94017955357733,-0.001836996750623431,7.13356327998019,0
1096,1900,131144.9,1149251144.9,3784184.7246050737,900874.873248505,5037749.734122018,52.5121872841575,13.3907569662233,75.2171537988951,-1.5782176564241588,7.042070110917058,-0.07330023086776775,7.21712514384818,0
1097,1900,131145.1,1149251145.1,3784184.394217353,900876.2881854315,5037749.718046335,52.5121871514482,13.3907783675489,75.208220794797,-1.531114636093795,7.140713044009727,-0.1259693589004818,7.30410590593627,0
1098,1900,131145.3,1149251145.3,3784184.06032406,900877.7197116276,5037749.701124632,52.51218701103,13.3908000185365,75.1988795308562,-1.5139564906843412,7.2354049835811685,-0.1555937726068656,7.39373782022263,0
1099,1900,131145.5,1149251145.5,3784183.736811339,900879.1715326871,5037749.672424503,52.5121867006682,13.3908219249147,75.1891988762042,-1.5076210486817483,7.323095572604989,-0.17589940520619998,7.47874258098826,0
1100,1900,131145.7,1149251145.7,3784183.413731733,900880.6393837669,5037749.640231272,52.5121863417219,13.3908440595058,75.179262634212,-1.501310591597805,7.399129672922596,-0.19411593955199125,7.55239924839488,0
1101,1900,131145.9,1149251145.9,3784183.1003779955,900882.1241274497,5037749.597583449,52.5121858302319,13.3908664029702,75.1691703151903,-1.49653353107305,7.456404446688032,-0.20785621226519718,7.60794217165143,0
1102,1900,131146.1,1149251146.1,3784182.794901859,900883.6197855644,5037749.547069243,52.5121852030466,13.3908888759526,75.1590387677066,-1.5099340338225276,7.482680161295072,-0.20252723666294786,7.63619148950082,0
1103,1900,131146.3,1149251146.3,3784182.4659036705,900885.1118399167,5037749.514862169,52.5121848450984,13.3909113775352,75.14899989382,-1.5359493007158513,7.480575373195473,-0.18274471773834122,7.6388182201365,0
1104,1900,131146.5,1149251146.5,3784182.1304095834,900886.6021001298,5037749.488088073,52.5121845648827,13.3909338755685,75.1391736077041,-1.5735050415812393,7.46451953132308,-0.15187330228567747,7.63007440653972,0
1105,1900,131146.7,1149251146.7,3784181.7830932154,900888.0867199561,5037749.4715223145,52.5121844318159,13.39095633311,75.1296534912068,-1.619910619124909,7.440538950654203,-0.11299101586250009,7.61567444549868,0
1106,1900,131146.9,1149251146.9,3784181.428935043,900889.5658358436,5037749.46151356,52.5121843911549,13.3909787351256,75.120510177886,-1.6622327866071442,7.408634556493221,-0.07574798489344542,7.59319574262067,0
1107,1900,131147.1,1149251147.1,3784181.063610017,900891.0367475447,5037749.461838533,52.512184498016,13.3910010576779,75.1117992096212,-1.707582384479835,7.361290125053595,-0.0335034281638622,7.5568215795198,0
1108,1900,131147.3,1149251147.3,3784180.6817311854,900892.4936326316,5037749.4776045615,52.5121848273149,13.391023235715,75.103563179014,-1.7450657531128932,7.2994545005359885,0.005445972522091387,7.50515290628374,0
1109,1900,131147.5,1149251147.5,3784180.2965596863,900893.9381786481,5037749.498627279,52.5121852285764,13.3910452481809,75.095810021708,-1.7797779734285213,7.22489857197441,0.04458729174832473,7.44101854833091,0
1110,1900,131147.7,1149251147.7,3784179.901768037,900895.3643382192,5037749.530706584,52.5121857873997,13.3910670300088,75.0885433242582,-1.8057547027096257,7.142844745138735,0.07854266890232796,7.36798140947385,0
1111,1900,131147.9,1149251147.9,3784179.508613887,900896.7756446502,5037749.564845068,52.5121863706508,13.3910885934243,75.0817868437095,-1.8193080999600557,7.054565898918836,0.10433437490569668,7.28612844016325,0
1112,1900,131148.1,1149251148.1,3784179.1105646095,900898.1675217049,5037749.606758665,52.5121870624633,13.39110989514,75.0755634459894,-1.8240932035873325,6.961213396243677,0.12448505769455344,7.19731231037011,0
1113,1900,131148.3,1149251148.3,3784178.70865649,900899.5395025447,5037749.655780053,52.5121878527702,13.3911309249318,75.0698913295622,-1.8156871372019392,6.8689492145610185,0.13460008811531912,7.10614524732922,0
1114,1900,131148.5,1149251148.5,3784178.314720759,900900.8948682853,5037749.70251869,52.5121886027251,13.3911516894548,75.0647863572251,-1.8037940321741597,6.780483587290682,0.1414386418338834,7.0177372049279,0
1115,1900,131148.7,1149251148.7,3784177.9211102314,900902.2325677287,5037749.752889524,52.5121893994601,13.3911721997331,75.0602662725904,-1.7877557071535874,6.695708236701379,0.144528855351949,6.93177234547704,0
1116,1900,131148.9,1149251148.9,3784177.535744679,900903.5546156552,5037749.8006491605,52.5121901505649,13.3911924576196,75.0563498900999,-1.7715991795379926,6.605120892734242,0.1485633483524098,6.84019420258283,0
1117,1900,131149.1,1149251149.1,3784177.1544383415,900904.8562523649,5037749.849788343,52.5121909147613,13.3912124091924,75.0530547456284,-1.7576557418510563,6.490545908821074,0.15851019602115055,6.72619248785066,0
1118,1900,131149.3,1149251149.3,3784176.777677412,900906.1312627781,5037749.901069062,52.5121917031081,13.3912319637386,75.0503972890612,-1.7421332028399272,6.331790478181841,0.175126861048569,6.56941916561063,0
1119,1900,131149.5,1149251149.5,3784176.4114312828,900907.3704015238,5037749.9516974725,52.5121924741858,13.3912509684203,75.0483916592065,-1.7100800794673028,6.121039767206236,0.18864573695061704,6.35823001502625,0
1120,1900,131149.7,1149251149.7,3784176.043152997,900908.5603736376,5037750.013406628,52.5121934011548,13.3912692755384,75.0470455112635,-1.6600164135841493,5.8622080511539245,0.1972673125983275,6.09590453673632,0
1121,1900,131149.9,1149251149.9,3784175.685143437,900909.6943147541,5037750.078234072,52.5121943664761,13.3912867447734,75.0463559000778,-1.5990076873137717,5.569000931186496,0.20382884686939276,5.79759805043957,0
1122,1900,131150.1,1149251150.1,3784175.345687985,900910.7681739605,5037750.140700526,52.5121952893997,13.3913032898169,75.046309425563,-1.5276087090323953,5.261103678914066,0.2052475345843374,5.48223739349617,0
1123,1900,131150.3,1149251150.3,3784175.0119077,900911.7780325641,5037750.211079825,52.512196321924,13.3913188984527,75.0468809065254,-1.4507610709176957,4.952157971002425,0.20278723172008126,5.16427138287695,0
1124,1900,131150.5,1149251150.5,3784174.7120905295,900912.7310274133,5037750.266947451,52.5121971333952,13.3913335764443,75.0480305356292,-1.361669156837769,4.645003073791781,0.1908731288131188,4.84423667872672,0
1125,1900,131150.7,1149251150.7,3784174.4349749773,900913.6235776795,5037750.3172779605,52.512197856928,13.391347310899,75.0497073992774,-1.2543059311321223,4.328753247532593,0.1669419249865666,4.50990661247164,0
1126,1900,131151.0,1149251151.0,3784174.058125231,900914.8365671843,5037750.387242373,52.5121988504766,13.3913659770717,75.0530825655254,-1.065710884440816,3.8081448296927825,0.11870202917402474,3.95623519331972,0
1127,1900,131151.2,1149251151.2,3784173.8369374336,900915.553562424,5037750.428356727,52.5121994255677,13.3913770052566,75.0558140088627,-0.9299095047831278,3.4287896451555517,0.08476233490730639,3.55366216335077,0
1128,1900,131151.4,1149251151.4,3784173.654594072,900916.1968166146,5037750.453978639,52.512199768255,13.3913868443143,75.0588563389992,-0.7861408547017232,3.039676751157294,0.04661147185668542,3.14003579983827,0
1129,1900,131151.6,1149251151.6,3784173.492972659,900916.7604363917,5037750.478601613,52.5122000932488,13.3913954716216,75.0621498715542,-0.6440753819579743,2.657192159053159,0.008554137498694388,2.73415003996603,0
1130,1900,131151.8,1149251151.8,3784173.3651448246,900917.2506349583,5037750.49130034,52.5122002398624,13.3914029316144,75.0656402884713,-0.5128024983661615,2.295186051350041,-0.025088057492180325,2.35190876168084,0
1131,1900,131152.0,1149251152.0,3784173.2700126674,900917.6745029206,5037750.49157402,52.5122002012631,13.3914093296374,75.0692796191791,-0.40294956876319243,1.9536408774196434,-0.046382577118977246,1.99530257764371,0
1132,1900,131152.2,1149251152.2,3784173.1940856585,900918.0304353698,5037750.489721617,52.5122001300078,13.3914146887147,75.0730266849079,-0.3106429273108024,1.623876099681838,-0.0566777423889318,1.65429289483103,0
1133,1900,131152.4,1149251152.4,3784173.1429097373,900918.3229830234,5037750.480753066,52.5121999528194,13.3914190551334,75.0768468191741,-0.23318939389525473,1.2962988817425496,-0.05627901127374829,1.31830778323659,0
1134,1900,131152.6,1149251152.6,3784173.098649483,900918.5480012875,5037750.478677406,52.5121998768791,13.391422430349,75.080712382943,-0.16590116447751052,0.9764082955966569,-0.04966096613379738,0.991646392441532,0
1135,1900,131152.8,1149251152.8,3784173.0704673533,900918.7128394414,5037750.475325714,52.5121997818157,13.3914248884114,75.0846019483207,-0.11216658711875027,0.6828725875363203,-0.03761161738039061,0.693044693967414,0
1136,1900,131153.0,1149251153.0,3784173.0525982697,900918.8231747063,5037750.473969729,52.5121997161378,13.3914265303346,75.0884986076583,-0.06939459098110191,0.43521232641097013,-0.025531830613163168,0.441449037479914,0
1137,1900,131153.2,1149251153.2,3784173.038192192,900918.8886473874,5037750.477990996,52.5121997299357,13.3914275176198,75.0923888350027,-0.03816986794198491,0.2424548225985038,-0.014588937695156507,0.245874189216871,0
1138,1900,131153.4,1149251153.4,3784173.0401586867,900918.9241935653,5037750.475089196,52.5121996417211,13.3914280202436,75.096260844075,-0.01658526235032479,0.10615565408985826,-0.00648226871029333,0.107638810984269,0
1139,1900,131153.6,1149251153.6,3784173.043903062,900918.8924705359,5037750.482774726,52.5121997101698,13.3914275529191,75.1001046135233,-0.004208715370247954,0.026926618872502674,-0.0016428789438160487,0.0273030243782042,1
1140,1900,131153.8,1149251153.8,3784173.0413531694,900918.8880285345,5037750.490262421,52.5121997761445,13.3914274979693,75.1039102137263,0.0009470199307523529,-0.006062745180601286,0.00037035976443874154,-0.0061474297254431,1
1141,1900,131154.0,1149251154.0,3784173.0475248196,900918.8902633355,5037750.490008484,52.5121997282539,13.3914275089377,75.1076776122277,0.0023403608437232333,-0.0149812165808159,0.0009149848706365629,-0.0151905015201487,1
1142,1900,131154.2,1149251154.2,3784173.0498480364,900918.8946841583,5037750.4921969585,52.5121997168065,13.3914275643573,75.1114127018877,0.0021715383581686837,-0.013898542923539928,0.0008486269505131118,-0.0140927372053699,1
1143,1900,131154.4,1149251154.4,3784173.055723985,900918.8896296865,5037750.493393499,52.5121996909379,13.3914274718883,75.115128527898,0.0019492767617302648,-0.012481571067240738,0.0007627582517378761,-0.0126558720106912,1
1144,1900,131154.6,1149251154.6,3784173.0574336075,900918.8922191786,5037750.49635537,52.512199691001,13.3914275031604,75.1188558878923,0.0018901239756895514,-0.012103706908029742,0.000739771776222967,-0.0122727157483525,1
1145,1900,131154.8,1149251154.8,3784173.063250183,900918.8964449232,5037750.496015133,52.5121996418135,13.3914275438678,75.1226252158141,0.0017818080958754868,-0.011411230206839663,0.0006975809553848822,-0.0115705502943176,1
1146,1900,131155.0,1149251155.0,3784173.0657381495,900918.8926314393,5037750.499667822,52.5121996508299,13.3914274807381,75.1264590359063,0.001460863788133323,-0.009355968867126132,0.0005719594153854163,-0.0094865912752137,1
1147,1900,131155.2,1149251155.2,3784173.0720655047,900918.9036590796,5037750.497924569,52.5121995791929,13.3914276171657,75.1303762368231,0.0009921741949108789,-0.006355579294219417,0.00038868661033107475,-0.0064442901144508,1
1148,1900,131155.4,1149251155.4,3784173.0680636433,900918.8942379588,5037750.507646111,52.5121996756795,13.3914274958245,75.1343929091473,0.0005833996722822408,-0.003737099282562407,0.0002285501047739267,-0.0037892613232317,1
1149,1900,131155.6,1149251155.6,3784173.074606772,900918.893907283,5037750.508019125,52.5121996328777,13.3914274687656,75.1385161083391,0.00024486500494894586,-0.0015688692739323907,9.598600458357695e-05,-0.001590761761677,1
1150,1900,131155.8,1149251155.8,3784173.0780876107,900918.8996910386,5037750.5097158635,52.51219960846,13.3914275397653,75.1427384860469,-2.8537276665460765e-05,0.00018285577824597797,-1.1189189021116427e-05,0.0001854071458935,1
1151,1900,131156.0,1149251156.0,3784173.0788932163,900918.9030511361,5037750.513944083,52.5121996204472,13.3914275851631,75.1470440698798,-0.00015191029246799568,0.0009733361246097504,-5.955438107572653e-05,0.0009869177639162,1
1152,1900,131156.2,1149251156.2,3784173.0839008763,900918.8984648482,5037750.516531166,52.5121996074335,13.3914275023646,75.1514151921412,-2.377626862191638e-06,1.5232702250982899e-05,-9.318524117759041e-07,1.54452800648045e-05,1
1153,1900,131156.4,1149251156.4,3784173.088474997,900918.9005643693,5037750.518305893,52.5121995819429,13.3914275168443,75.1558274250958,0.0003983613512069041,-0.0025529285831429435,0.000156261804135086,-0.0025885428078738,1
1154,1900,131156.6,1149251156.6,3784173.092402329,900918.9005933879,5037750.5209406195,52.5121995690617,13.3914275038627,75.1602472841166,0.00102135879852103,-0.006543768981424096,0.0004003402929686291,-0.0066350854273128,1
1155,1900,131156.8,1149251156.8,3784173.092367491,900918.8953628015,5037750.527416494,52.5121996133587,13.3914274290338,75.1646278964059,0.001737864049172666,-0.01113368637666915,0.0006810672313055218,-0.011289065344881,1
1156,1900,131157.0,1149251157.0,3784173.1145498613,900918.8845193913,5037750.518194809,52.5121994269587,13.3914271979901,75.1689152175881,0.0023080524784734077,-0.014786759348240927,0.0009045485290927727,-0.0149931172978691,1
1157,1900,131157.2,1149251157.2,3784173.1159162004,900918.8761399853,5037750.523870335,52.5121994623591,13.3914270732627,75.1730464957944,0.0024668290820266748,-0.01580419500503898,0.000966813366438218,-0.0160247481591055,1
1158,1900,131157.4,1149251157.4,3784173.1195089407,900918.8768876082,5037750.526000241,52.5121994478512,13.3914270717192,75.1769689836185,0.0023262776304023725,-0.014903384119470302,0.0009116668882405764,-0.0151113719543033,1
1159,1900,131157.6,1149251157.6,3784173.1249953527,900918.8697609568,5037750.527812578,52.5121994314747,13.3914269508873,75.1806507333027,0.002015998921738926,-0.01291605132942405,0.000790153956771901,-0.0130962963036185,1
1160,1900,131157.8,1149251157.8,3784173.129868567,900918.8621096666,5037750.529842463,52.512199421408,13.3914268246298,75.1840681152578,0.0016131224956588072,-0.010334907137944433,0.0006322488891944922,-0.0104791320439158,1
1161,1900,131158.0,1149251158.0,3784173.134399467,900918.8754878975,5037750.528039819,52.5121993580258,13.3914270008667,75.187205926806,0.0011212207144065262,-0.007182427417647494,0.00043927878931938175,-0.0072826757002447,1
1162,1900,131158.2,1149251158.2,3784173.1310066557,900918.8706707571,5037750.535020495,52.5121994276942,13.3914269434171,75.1900572928832,0.0005460738166479562,-0.003498562185056566,0.00021402732661917945,-0.0035473851880612,1
1163,1900,131158.4,1149251158.4,3784173.1228421945,900918.8753745524,5037750.543507646,52.5121995229778,13.3914270386682,75.1926209796831,-8.401168669055122e-06,5.382394267860608e-05,-3.2926873623274807e-06,5.4575069679679e-05,1
1164,1900,131158.6,1149251158.6,3784173.124368843,900918.8693033364,5037750.546319104,52.5121995377904,13.3914269464674,75.1948999208691,-0.0003355118487029359,0.0021490313177695924,-0.0001314091281149547,0.0021790300971594,1
1165,1900,131158.8,1149251158.8,3784173.125319599,900918.8713990772,5037750.547757783,52.5121995356025,13.3914269732534,75.1968997775805,-0.00038279233187636424,0.002451281136666747,-0.00014982208594201588,0.0024855091707249,1
1166,1900,131159.0,1149251159.0,3784173.1356977173,900918.8735317491,5037750.541796965,52.5121994274899,13.3914269684088,75.1986148878339,-0.00032901563621025515,0.0021071078934487755,-0.00012880905314675552,0.0021365267926421,1
1167,1900,131159.2,1149251159.2,3784173.1390418285,900918.8752332829,5037750.540781651,52.5121993959298,13.3914269813818,75.2000289515715,-0.00034323053056461463,0.0021978464858286367,-0.0001343213035871867,0.0022285373196288,1
1168,1900,131159.4,1149251159.4,3784173.136304805,900918.8746540927,5037750.544333912,52.5121994353,13.3914269824196,75.2011455329712,-0.00047072964100113967,0.003013795300305493,-0.00018413199357143121,0.0030558882666284,1
1169,1900,131159.6,1149251159.6,3784173.1328671053,900918.87560532,5037750.54776991,52.5121994763673,13.3914270077766,75.2019707411405,-0.0007875093934988303,0.005040790770299526,-0.00030783978417720615,0.0051112139426469,1
1170,1900,131159.8,1149251159.8,3784173.126986809,900918.8770213622,5037750.552588161,52.5121995411703,13.3914270481263,75.2025121331403,-0.0013480624223102611,0.008626053919747297,-0.0005264649204819392,0.0087466132779111,1
1171,1900,131160.0,1149251160.0,3784173.1311950455,900918.8794708548,5037750.549348335,52.5121994902147,13.3914270688688,75.202778111776,-0.0022175832832717077,0.014186687437592098,-0.000865456099183094,0.014385019649962,1
1172,1900,131160.2,1149251160.2,3784173.128401236,900918.8829795648,5037750.550805597,52.51219951177,13.3914271286748,75.2027749201768,-0.0033383034300962606,0.02135146808159789,-0.0013019736908106698,0.0216500483722889,1
1173,1900,131160.4,1149251160.4,3784173.133050474,900918.8929409079,5037750.5452381065,52.5121994326195,13.3914272555483,75.2025138365219,-0.004644602856703874,0.0297013996676742,-0.0018105501228653617,0.0301168319991135,1
1174,1900,131160.6,1149251160.6,3784173.1278412375,900918.8998094373,5037750.547267246,52.512199468509,13.3914273717361,75.2020079497476,-0.00602513570810853,0.03853515121069845,-0.002349682469617026,0.0390740469729019,1
1175,1900,131160.8,1149251160.8,3784173.1244458365,900918.9110175706,5037750.546875475,52.5121994714095,13.3914275439174,75.2012666585926,-0.00730312816451889,0.04671322780670985,-0.0028488520942450595,0.0473664152260211,1
1176,1900,131161.0,1149251161.0,3784173.114713804,900918.9201134256,5037750.551301554,52.5121995481032,13.3914277074487,75.2002989470981,-0.008373844239696861,0.053578296345526695,-0.003269439820113255,0.0543271970874361,1
1177,1900,131161.2,1149251161.2,3784173.1069383626,900918.9329257163,5037750.553340316,52.5121995920305,13.3914279175573,75.1991191688137,-0.009374312247799667,0.06001350233031959,-0.003666082899996162,0.060851773646297,1
1178,1900,131161.4,1149251161.4,3784173.107841595,900918.9451237009,5037750.548767452,52.512199540611,13.3914280892579,75.197744758211,-0.011040569517780291,0.07074603480669632,-0.004329319145452164,0.0717331068643371,1
1179,1900,131161.6,1149251161.6,3784173.101855234,900918.9617126887,5037750.548331595,52.5121995523569,13.3914283473787,75.1961929575057,-0.01493386452677101,0.09584417988808559,-0.0058827411961793995,0.0971788751329469,1
1180,1900,131161.8,1149251161.8,3784173.098489801,900918.9857596733,5037750.544411313,52.5121995145488,13.3914287034224,75.1944792499543,-0.02254197373334,0.1450901455337635,-0.008953944013357584,0.147103582635494,0
1181,1900,131162.0,1149251162.0,3784173.0909731295,900919.0213457543,5037750.54134905,52.5121994911729,13.3914292389681,75.1926150986076,-0.0331483696165003,0.21541564652070222,-0.013532515230005114,0.218370886664442,0
1182,1900,131162.2,1149251162.2,3784173.0779904863,900919.0705455187,5037750.5397636,52.5121994913073,13.391429988227,75.1906055393044,-0.04405364801379878,0.28984257582485806,-0.01861664475789652,0.293761845933324,0
1183,1900,131162.4,1149251162.4,3784173.065503213,900919.133905704,5037750.535118659,52.5121994478873,13.3914309386971,75.1884575401165,-0.0521678788785463,0.34816411600570174,-0.022922370217913053,0.352796222084542,0
1184,1900,131162.6,1149251162.6,3784173.0581168924,900919.2077896444,5037750.52463718,52.5121993197831,13.3914320225584,75.1861816820477,-0.055939687074486794,0.37933311326028857,-0.025644848715096563,0.384292229522475,0
1185,1900,131162.8,1149251162.8,3784173.0435790597,900919.2827265713,5037750.519163426,52.5121992669358,13.3914331459038,75.1837937693726,-0.05422014090966124,0.37415220634286384,-0.026007549574320134,0.378953941563295,0
1186,1900,131163.0,1149251163.0,3784173.0247809915,900919.3504482922,5037750.518035395,52.5121992793235,13.3914341803974,75.1813148702674,-0.046367482571773214,0.32499242727499206,-0.02313412524277603,0.329097567564519,0
1187,1900,131163.2,1149251163.2,3784173.0147402682,900919.4062487356,5037750.512411853,52.512199226065,13.3914350141999,75.1787732825384,-0.03337384728927632,0.23670748671941666,-0.01714650345139802,0.239662785038728,0
1188,1900,131163.4,1149251163.4,3784173.007235369,900919.4426899833,5037750.508295682,52.5121991954312,13.3914355619589,75.1762003804794,-0.01886935519718619,0.13438321190221286,-0.009792283474165305,0.13605436054148,0
1189,1900,131163.6,1149251163.6,3784172.994452205,900919.4523654132,5037750.512867648,52.5121992931305,13.3914357442032,75.1736237132888,-0.007628508035393917,0.054294956253757166,-0.003952871857094046,0.0549705521653374,1
1190,1900,131163.8,1149251163.8,3784172.9927372285,900919.4344060008,5037750.514110298,52.5121993414824,13.3914354927177,75.1710629848007,-0.0015381059198637146,0.010946629162651678,-0.0007968867373832345,0.0110828465800783,1
1191,1900,131164.0,1149251164.0,3784172.984646085,900919.4475693012,5037750.514636007,52.5121993787449,13.3914357089328,75.168545191534,0.0005860593749744559,-0.004168473128587839,0.000303193769909016,-0.0042203744237764,1
1192,1900,131164.2,1149251164.2,3784172.978655,900919.447305891,5037750.5160664115,52.5121994285615,13.391435725596,75.1660960714968,0.0007922376871969173,-0.005635007496218672,0.0004098670196724803,-0.0057051679212159,1
1193,1900,131164.4,1149251164.4,3784172.9789363598,900919.4407301865,5037750.514052579,52.5121994264555,13.3914356304146,75.16373785079,0.0006674573219166856,-0.0047466528648467425,0.00034516576030568796,-0.0048057623846821,1
1194,1900,131164.6,1149251164.6,3784172.980633012,900919.4427848838,5037750.509569463,52.5121993867744,13.391435654068,75.1614746835417,0.0005936904951190258,-0.004220845730657708,0.00030680320924816667,-0.0042734219654992,1
1195,1900,131164.8,1149251164.8,3784172.9810817507,900919.4497370692,5037750.505250414,52.512199348559,13.3914357521533,75.1592931865632,0.0005353751758346295,-0.0038045317336019807,0.00027636173399550184,-0.0038519428992265,1
1196,1900,131165.0,1149251165.0,3784172.9649615698,900919.4416295777,5037750.516061978,52.5121995328992,13.3914356909743,75.1571853391625,0.00044763346450338613,-0.0031803387716470527,0.00023094940746821524,-0.0032199795107725,1
1197,1900,131165.2,1149251165.2,3784172.957735487,900919.4406840084,5037750.519053624,52.5121996009478,13.391435702076,75.155147711955,0.00021103346476159725,-0.0014985659913374018,0.0001087406361812596,-0.0015172539931071,1
1198,1900,131165.4,1149251165.4,3784172.96384577,900919.4412288759,5037750.511915912,52.5121995186257,13.3914356890391,75.15317842375,-0.00035758666544947874,0.0025383962788573383,-0.00018410402723042542,0.0025700619028861,1
1199,1900,131165.6,1149251165.6,3784172.964441723,900919.442247422,5037750.508890984,52.512199496266,13.3914357016006,75.1512745910334,-0.0014381114893272163,0.010203182043381758,-0.0007394327289739271,0.0103305299586614,1
1200,1900,131165.8,1149251165.8,3784172.9546125974,900919.4445938001,5037750.513487979,52.5121995857145,13.3914357687516,75.1494336681322,-0.0031021347994873833,0.02200230464607481,-0.0015938021295759598,0.0222770028343383,1
1201,1900,131166.0,1149251166.0,3784172.927926145,900919.4480007996,5037750.530554868,52.5121998585453,13.3914359086058,75.1476565900796,-0.005322432139872725,0.03775459686278831,-0.002735343453383696,0.038225907078357,1
1202,1900,131166.2,1149251166.2,3784172.9242507573,900919.4547133452,5037750.529942734,52.5121998696071,13.3914360173261,75.1459410196041,-0.008164107156197118,0.05794000689157198,-0.004200736958105155,0.0586629630622633,1
1203,1900,131166.4,1149251166.4,3784172.9154815413,900919.4683791719,5037750.531958557,52.5121999188929,13.3914362430549,75.1442749890103,-0.012320028538391177,0.08752058435935454,-0.006354450598245562,0.0886115953597226,1
1204,1900,131166.6,1149251166.6,3784172.9161874494,900919.4912138217,5037750.5253021745,52.5121998398811,13.3914365678387,75.1426297715752,-0.019061800294531,0.13570766693048178,-0.009883966678722853,0.137395836514391,0
1205,1900,131166.8,1149251166.8,3784172.9087087223,900919.5242778981,5037750.522916885,52.5121998241094,13.3914370671178,75.1409697725039,-0.02855037559445845,0.20462783227020276,-0.015046950920788326,0.207157149087835,0
1206,1900,131167.0,1149251167.0,3784172.8966943207,900919.5707408751,5037750.521489702,52.5121998229126,13.391437773859,75.1392732884118,-0.03804801607441283,0.27621735594930896,-0.02067734856618042,0.279591187269115,0
1207,1900,131167.2,1149251167.2,3784172.8869545017,900919.6303328417,5037750.515984625,52.5121997619531,13.3914386609628,75.1375382723527,-0.043617434274459535,0.32183141600026466,-0.02462453979451777,0.325705862485639,0
1208,1900,131167.4,1149251167.4,3784172.866876902,900919.693175404,5037750.517570298,52.5121998061158,13.3914396299091,75.1357673896062,-0.04389179266871026,0.3296541193241313,-0.025809433726661345,0.333563269441245,0
1209,1900,131167.6,1149251167.6,3784172.8517416194,900919.7554384706,5037750.515530608,52.5121997971245,13.3914405736921,75.1339642366543,-0.04037150678765203,0.3081766658332426,-0.024620864165097133,0.311783423030532,0
1210,1900,131167.8,1149251167.8,3784172.849143687,900919.8147883443,5037750.504620577,52.5121996574632,13.3914414329637,75.1321346796136,-0.035549218110799904,0.2750840597199412,-0.02234048727980385,0.278269804671999,0
1211,1900,131168.0,1149251168.0,3784172.8427583547,900919.8671314663,5037750.497757301,52.5121995777776,13.3914422047574,75.1302862285778,-0.0312902869320487,0.24507825565289945,-0.020188097701396075,0.247891090479184,0
1212,1900,131168.2,1149251168.2,3784172.8351459475,900919.913199248,5037750.492913057,52.5121995280097,13.3914428908193,75.128428843012,-0.028734255866465285,0.22753758265143836,-0.01897937789606649,0.230128715644922,0
1213,1900,131168.4,1149251168.4,3784172.8230915894,900919.9562470618,5037750.491922477,52.5121995351179,13.3914435487618,75.1265737695057,-0.028295766569221215,0.22594808511189998,-0.019024199020904686,0.228506253130765,0
1214,1900,131168.6,1149251168.6,3784172.809132327,900920.0004706624,5037750.492162643,52.5121995602292,13.3914442300501,75.1247332118654,-0.029446301183445697,0.2378932682023084,-0.020287649228159215,0.240565750722264,0
1215,1900,131168.8,1149251168.8,3784172.793035675,900920.0463685311,5037750.493734599,52.5121996046857,13.3914449426199,75.1229199660493,-0.032028521257244424,0.26160519079812716,-0.022573073495480173,0.264523431237164,0
1216,1900,131169.0,1149251169.0,3784172.7772852797,900920.0991201261,5037750.493882816,52.512199627635,13.3914457522138,75.1211480523849,-0.03568789718907742,0.29504147435365097,-0.02578219805136427,0.298308262257206,0
1217,1900,131169.2,1149251169.2,3784172.7701871796,900920.16271501,5037750.485721206,52.512199527211,13.3914466876626,75.119433362392,-0.04009436779491737,0.3355363542100029,-0.029687756175423387,0.339224949247761,0
1218,1900,131169.4,1149251169.4,3784172.7638954776,900920.2345441108,5037750.475589291,52.5121993968189,13.3914477383465,75.1177933202181,-0.044873125237161554,0.38071244235279905,-0.034147094071603656,0.384865671584669,0
1219,1900,131169.6,1149251169.6,3784172.750518961,900920.3143909954,5037750.469437169,52.512199324097,13.3914489280838,75.1162467662273,-0.04972146339839471,0.42773803437014035,-0.03888305713468622,0.432370144785054,0
1220,1900,131169.8,1149251169.8,3784172.7410429507,900920.4057266406,5037750.45847563,52.5121991790418,13.3914502691347,75.1148126603808,-0.05515838232727344,0.47900530982699857,-0.043933340919288966,0.484168020864401,0
1221,1900,131170.0,1149251170.0,3784172.7294219565,900920.5077284798,5037750.447385042,52.5121990305451,13.391451770336,75.1135096461389,-0.06245231886106159,0.5447668836549107,-0.050172762137880696,0.550625603944051,0
1222,1900,131170.2,1149251170.2,3784172.711449069,900920.624334977,5037750.438626663,52.5121989147457,13.3914535024721,75.112355147764,-0.07327930424876676,0.6359189888642738,-0.058286348949772776,0.642775322568655,0
1223,1900,131170.4,1149251170.4,3784172.696922729,900920.7637350155,5037750.423454329,52.5121987023171,13.3914555494537,75.1113645887194,-0.08928309060385722,0.7561907803488764,-0.06771007971752555,0.764447919382199,0
1224,1900,131170.6,1149251170.6,3784172.681637882,900920.930618727,5037750.404188717,52.512198427375,13.3914579928293,75.1105508875933,-0.11120933604455513,0.8995888421232483,-0.07682294675797495,0.909686411047618,0
1225,1900,131170.8,1149251170.8,3784172.656128827,900921.1259273643,5037750.387736779,52.5121981918008,13.3914608783765,75.10992314544,-0.1402224062940743,1.0542936843425215,-0.08265660456900704,1.06678470665374,0
1226,1900,131171.1,1149251171.1,3784172.6013205405,900921.4769164965,5037750.3655440705,52.5121978709688,13.3914660945789,75.1093371926915,-0.2019352196020835,1.2906914573627521,-0.07860358106194226,1.30875543703959,0
1227,1900,131171.3,1149251171.3,3784172.556487439,900921.7513698108,5037750.350038602,52.5121976439113,13.3914701800905,75.1091753608322,-0.26243088703113066,1.4553352888186941,-0.06271256985002913,1.48013635850422,0
1228,1900,131171.5,1149251171.5,3784172.4910152066,900922.0592559999,5037750.344191937,52.5121975576333,13.3914748150601,75.1091707680769,-0.34555810458278763,1.6349041587380573,-0.032586645081283394,1.67134194626339,0
1229,1900,131171.7,1149251171.7,3784172.407708985,900922.4040937013,5037750.345260537,52.5121975718606,13.3914800403361,75.1093031995186,-0.4640078044086397,1.8329605129022102,0.020610505446405067,1.89089192640553,0
1230,1900,131171.9,1149251171.9,3784172.307368187,900922.7926147641,5037750.351419545,52.51219765995,13.3914859496504,75.1095468257055,-0.6265780577289884,2.0376964834711635,0.10554092959511768,2.13446618830048,0
1231,1900,131172.1,1149251172.1,3784172.162212684,900923.2171856231,5037750.384709105,52.5121981477511,13.3914925283911,75.1098670777435,-0.8411282255298835,2.215998955073026,0.2339508777998305,2.38178107178034,0
1232,1900,131172.3,1149251172.3,3784171.9826198635,900923.6731088886,5037750.438167179,52.5121989329602,13.3914996738499,75.1102214808829,-1.0937359335573542,2.328291539406481,0.4024826251395497,2.60368816265804,0
1233,1900,131172.5,1149251172.5,3784171.741358941,900924.1391257956,5037750.535824689,52.5122003710057,13.3915071743092,75.110559851598,-1.3575228816259393,2.3440042431777366,0.5965117232136776,2.77363488983402,0
1234,1900,131172.7,1149251172.7,3784171.456843519,900924.5988978819,5037750.666771122,52.5122023014692,13.3915147328446,75.1108236318194,-1.6061774131794033,2.255848793146415,0.7977008344303185,2.88183731001572,0
1235,1900,131173.0,1149251173.0,3784170.9541293904,900925.2345720093,5037750.92909294,52.5122061735248,13.3915255561873,75.1109419878007,-1.915635603352953,1.9855465580522902,1.0766135596559625,2.9616130158854,0
1236,1900,131173.2,1149251173.2,3784170.582508691,900925.6104266747,5037751.139365238,52.512209280642,13.39153220944,75.1107510198281,-2.096084963990011,1.7636506242761323,1.2506697430410219,3.0113469589094,0
1237,1900,131173.4,1149251173.4,3784170.1677001105,900925.9344368352,5037751.390729343,52.5122129976969,13.3915382671561,75.1102889790932,-2.281040990173874,1.5234669049780702,1.4313370808873829,3.09399826253023,0
1238,1900,131173.6,1149251173.6,3784169.7184168645,900926.2078006114,5037751.676430745,52.5122172253286,13.3915437167794,75.109523778989,-2.475333630325869,1.2592763085479781,1.62323527936445,3.21682237229006,0
1239,1900,131173.8,1149251173.8,3784169.229764416,900926.4244937967,5037752.001171218,52.5122220331526,13.3915484886876,75.1084392874935,-2.6668473445290233,0.964143471158742,1.818556488633684,3.36879727712298,0
1240,1900,131174.0,1149251174.0,3784168.6990211997,900926.5751641087,5037752.368641319,52.5122274756769,13.3915524581584,75.1070343938325,-2.837347310469062,0.6312052097340193,2.0049142394615824,3.53109627235186,0
1241,1900,131174.2,1149251174.2,3784168.147198856,900926.6578964778,5037752.763520595,52.5122333265231,13.3915555260729,75.105322473272,-2.972844905203277,0.27113918518208024,2.169974404821795,3.69054361926749,0
1242,1900,131174.4,1149251174.4,3784167.5708181327,900926.6660476318,5037753.189616865,52.5122396416225,13.39155760911,75.1033287243733,-3.066105450079081,-0.09922134344061828,2.3053487214741852,3.83737934450081,0
1243,1900,131174.6,1149251174.6,3784166.9801667724,900926.5985332849,5037753.639490067,52.5122463107121,13.3915586566377,75.1010875533929,-3.1169085481094942,-0.4618070211526199,2.407662954841093,3.96550444788277,0
1244,1900,131174.8,1149251174.8,3784166.371925285,900926.4587610725,5037754.115064839,52.5122533617167,13.3915587288067,75.0986411729115,-3.135423653618717,-0.7847681072811695,2.4788471559152088,4.07325738104853,0
1245,1900,131175.0,1149251175.0,3784165.7708002497,900926.2631723586,5037754.595047366,52.5122604796428,13.3915579769178,75.0960381414788,-3.1409646544794394,-1.0394974805428507,2.5282303823691374,4.16391196341595,0
1246,1900,131175.2,1149251175.2,3784165.1478864197,900926.0177675487,5037755.100005503,52.5122679675764,13.3915565855552,75.0933313167466,-3.151137384692217,-1.2213592492005887,2.568125393629222,4.24460284010365,0
1247,1900,131175.4,1149251175.4,3784164.545051827,900925.7499191823,5037755.593907005,52.512275292821,13.3915548041062,75.0905756550715,-3.18460670778175,-1.3337402932247941,2.613060342074572,4.32997314129577,0
1248,1900,131175.6,1149251175.6,3784163.9214953757,900925.4617427946,5037756.106888266,52.512282899728,13.3915528020709,75.0878260475022,-3.248573290452292,-1.3918089165327712,2.6711022948972523,4.43002798562103,0
1249,1900,131175.8,1149251175.8,3784163.2792257923,900925.1647067297,5037756.635481308,52.5122907364569,13.3915507369239,75.0851364684046,-3.3410282878749213,-1.4143851921482593,2.744095536360857,4.54895766135763,0
1250,1900,131176.0,1149251176.0,3784162.623174896,900924.8655734716,5037757.174870465,52.5122987312915,13.391548688739,75.0825588124061,-3.4533359502324186,-1.4185492610292336,2.8286307275189513,4.68390467279156,0
1251,1900,131176.2,1149251176.2,3784161.930825574,900924.5618740583,5037757.742354154,52.5123071391112,13.391546698953,75.0801399939033,-3.5729631005417697,-1.4252915326683655,2.919085113200897,4.82893147280434,0
1252,1900,131176.4,1149251176.4,3784161.228072343,900924.2591892651,5037758.317671061,52.512315660265,13.391544759196,75.0779202967376,-3.693588489733555,-1.4386401532664013,3.011457783518279,4.97806783842842,0
1253,1900,131176.6,1149251176.6,3784160.497878026,900923.9530826438,5037758.914362606,52.5123244943213,13.3915428640191,75.0759325604725,-3.8136907500080652,-1.4480743845460067,3.1027446994417995,5.12524938220469,0
1254,1900,131176.8,1149251176.8,3784159.7415657216,900923.6429865382,5037759.531574207,52.5123336283658,13.3915410007749,75.0742020205435,-3.9238392302713767,-1.4593702971301612,3.186935405504581,5.26144782811928,0
1255,1900,131177.0,1149251177.0,3784158.9648211226,900923.3304788197,5037760.164806358,52.5123429957443,13.3915391726764,75.0727469840177,-4.018207827681067,-1.4675686370428243,3.258801933670032,5.37768927084493,0
1256,1900,131177.2,1149251177.2,3784158.1741594966,900923.0169298792,5037760.808968647,52.512352521159,13.3915373771337,75.0715787751741,-4.0907352645382336,-1.4764829913433835,3.3144992343592468,5.46809127601497,0
1257,1900,131177.4,1149251177.4,3784157.365789062,900922.7000894126,5037761.467298042,52.5123622523321,13.3915355948378,75.0707038094022,-4.141697115851508,-1.4799705601214455,3.353141744661737,5.53059919159507,0
1258,1900,131177.6,1149251177.6,3784156.5518053514,900922.3837350834,5037762.130103001,52.5123720461174,13.3915338386558,75.0701255448775,-4.1744641927373385,-1.4776976622004347,3.3771852877521504,5.569122205979,0
1259,1900,131177.8,1149251177.8,3784155.7397094383,900922.0691605716,5037762.79156001,52.5123818164961,13.3915321015357,75.0698464161839,-4.195649445868802,-1.4728646897964615,3.3921325139327703,5.59279605020139,0
1260,1900,131178.0,1149251178.0,3784154.9191342583,900921.7549427681,5037763.459660626,52.5123916814386,13.3915303984519,75.0698692692453,-4.213914208671798,-1.4682646814891034,3.4049420382500513,5.61306550975461,0
1261,1900,131178.2,1149251178.2,3784154.100263701,900921.4417394424,5037764.126694566,52.5124015270474,13.3915287040885,75.0701981244858,-4.237152970024879,-1.4715782142052964,3.4228685338818097,5.64225457881444,0
1262,1900,131178.4,1149251178.4,3784153.2753258785,900921.1650374623,5037764.792164949,52.5124113459107,13.3915275534428,75.0708393655845,-4.2789000233591015,-1.4851220126947362,3.4564218587330022,5.69749285809296,0
1263,1900,131178.6,1149251178.6,3784152.4446011754,900920.8469565075,5037765.469706483,52.5124213392708,13.3915258296262,75.0718005599387,-4.341178476571915,-1.5106716478198257,3.5074268678044307,5.78186843727651,0
1264,1900,131178.8,1149251178.8,3784151.5854627974,900920.5188351175,5037766.170647073,52.5124316742822,13.3915240588707,75.0730914577183,-4.421648153129472,-1.542962500167705,3.5732022637923424,5.89062645946658,0
1265,1900,131179.0,1149251179.0,3784150.716900081,900920.1852003675,5037766.880027492,52.5124421299311,13.3915222412643,75.0747227304897,-4.515493935816604,-1.5790652272987298,3.649635006457391,6.0168902397185,0
1266,1900,131179.2,1149251179.2,3784149.8266046406,900919.8434880371,5037767.607499105,52.5124528486165,13.3915203820531,75.0767040951372,-4.615583224118803,-1.618799185506783,3.731371144337417,6.15201185942926,0
1267,1900,131179.4,1149251179.4,3784148.920870658,900919.5015311771,5037768.34698449,52.5124637405032,13.3915185720037,75.0790437211914,-4.719677561623524,-1.6556607063210174,3.8155852233134873,6.29088700077471,0
1268,1900,131179.6,1149251179.6,3784147.987651494,900919.1421136698,5037769.110536686,52.5124749835068,13.3915166055248,75.0817467877095,-4.822371234699674,-1.6967909061358277,3.8995123813987034,6.42966255079424,0
1269,1900,131179.8,1149251179.8,3784147.0525637977,900918.787862972,5037769.87502354,52.5124862360507,13.3915147194535,75.0848137618407,-4.921303893816095,-1.7353229558560694,3.9801717523373688,6.56295245712742,0
1270,1900,131180.0,1149251180.0,3784146.084857346,900918.4134376087,5037770.667882258,52.5124979033486,13.3915126555763,75.0882383776273,-5.011911611823207,-1.772038399884966,4.054296842251475,6.68555913746079,0
1271,1900,131180.2,1149251180.2,3784145.0938682957,900918.0300709977,5037771.480133925,52.5125098529798,13.3915105430058,75.0920067692373,-5.090405642936542,-1.803782018830032,4.118500315542857,6.7917526478974,0
1272,1900,131180.4,1149251180.4,3784144.100001254,900917.6468129408,5037772.294918753,52.5125218362496,13.3915084418075,75.096096884668,-5.154536516261787,-1.828655781696106,4.170766675478196,6.87811917072438,0
1273,1900,131180.6,1149251180.6,3784143.0886477865,900917.2526536804,5037773.125054332,52.5125340427758,13.391506244059,75.1004786850551,-5.201711143844493,-1.847690207984499,4.209344195574753,6.94192599251077,0
1274,1900,131180.8,1149251180.8,3784142.0644570156,900916.85506599,5037773.96569588,52.512546401471,13.3915040409766,75.1051136813707,-5.23306419203459,-1.8602181694287756,4.234961002411783,6.9842871624652,0
1275,1900,131181.0,1149251181.0,3784141.0465168585,900916.459324978,5037774.801604543,52.5125586878729,13.3915018430306,75.1099544019904,-5.253675773828858,-1.8664971284079295,4.25145328050308,7.01140325920366,0
1276,1900,131181.2,1149251181.2,3784140.0332510257,900916.0705749167,5037775.6329712905,52.5125709054646,13.3914997293099,75.114944238344,-5.268553566011081,-1.8700808916537208,4.263188673229223,7.03062137245396,0
1277,1900,131181.4,1149251181.4,3784139.015058003,900915.6737400846,5037776.46956107,52.5125831991519,13.3914975165509,75.1200221266343,-5.27950616042669,-1.8730829593365184,4.271892028658501,7.04490500823512,0
1278,1900,131181.6,1149251181.6,3784137.99005918,900915.2748722956,5037777.311631645,52.5125955733815,13.3914952978778,75.1251334020614,-5.288003042899452,-1.8729945545187938,4.2782141232717,7.05508333526489,0
1279,1900,131181.8,1149251181.8,3784136.9471879746,900914.8716011887,5037778.167800734,52.5126081559651,13.3914930770782,75.1302301605012,-5.292135813358726,-1.8744694456989355,4.281557708950717,7.06060008674675,0
1280,1900,131182.0,1149251182.0,3784135.923200824,900914.4727303418,5037779.009026784,52.5126205185631,13.3914908549076,75.1352704430321,-5.292973710687705,-1.8726451037188834,4.281856886630292,7.06092549062067,0
1281,1900,131182.2,1149251182.2,3784134.885833915,900914.0711231692,5037779.860606096,52.5126330351148,13.3914886391706,75.1402191785723,-5.290810229777141,-1.8693774953608577,4.279660269669977,7.05710543576244,0
1282,1900,131182.4,1149251182.4,3784133.855915459,900913.6731851724,5037780.705828683,52.5126454591734,13.3914864505981,75.1450511878006,-5.28764656474814,-1.8651056577681389,4.27653902389183,7.05170981615106,0
1283,1900,131182.6,1149251182.6,3784132.828065998,900913.2757353882,5037781.549253427,52.512657858241,13.3914842619618,75.1497506743252,-5.281315525899723,-1.8611929063800727,4.271118323012088,7.04264044574466,0
1284,1900,131182.8,1149251182.8,3784131.7918232293,900912.8759106633,5037782.399188968,52.512670355061,13.3914820679267,75.1543127883494,-5.267176778062225,-1.8535107182107327,4.2592025290325255,7.02278145589033,0
1285,1900,131183.0,1149251183.0,3784130.760486451,900912.4792081813,5037783.244740425,52.5126827887161,13.3914799018925,75.1587411075102,-5.240479811974791,-1.8396768522679183,4.236824051674138,6.98553631622728,0
1286,1900,131183.2,1149251183.2,3784129.731775121,900912.0846102083,5037784.087797165,52.5126951870397,13.391477757056,75.1630412003309,-5.198317158094115,-1.8204341653997484,4.201945532675057,6.92768562264904,0
1287,1900,131183.4,1149251183.4,3784128.7161360523,900911.6957070366,5037784.919933398,52.5127074255543,13.3914756492242,75.1672182624846,-5.140654490110782,-1.7948757489759761,4.15438029847662,6.84885269262881,0
1288,1900,131183.6,1149251183.6,3784127.720109012,900911.3147576549,5037785.735868101,52.5127194262822,13.3914735884564,75.1712720491383,-5.070060393008244,-1.7662447169326083,4.096620937238955,6.753327764315,0
1289,1900,131183.8,1149251183.8,3784126.7437593774,900910.9417829963,5037786.535537454,52.5127311883863,13.3914715748296,75.1751935560453,-4.993335036036945,-1.7358086986540369,4.033966378491722,6.64976024855323,0
1290,1900,131184.0,1149251184.0,3784125.773161358,900910.5734052784,5037787.329911438,52.5127428740403,13.39146960745,75.1789666313377,-4.916133116320029,-1.7057246401089965,3.97101883179504,6.54575067717403,0
1291,1900,131184.2,1149251184.2,3784124.830561868,900910.2151390079,5037788.101383556,52.5127542235246,13.391467689442,75.1825689934257,-4.844799027395458,-1.6767862034916916,3.912652991297128,6.4492280947706,0
1292,1900,131184.4,1149251184.4,3784123.8942120653,900909.8602013064,5037788.867353744,52.5127654940688,13.3914657978078,75.1859750985707,-4.781906515645473,-1.6528893027918115,3.8614811791477206,6.36472386428259,0
1293,1900,131184.6,1149251184.6,3784122.9619521396,900909.5074093603,5037789.629617485,52.512776712428,13.3914639229669,75.1891642316694,-4.725188937693348,-1.6298909970891242,3.815076272552024,6.28798553788741,0
1294,1900,131184.8,1149251184.8,3784122.038548086,900909.1589309779,5037790.384218699,52.5127878203255,13.3914620797231,75.1921244809835,-4.669860768975732,-1.6093315532987913,3.770141306157175,6.21381630871514,0
1295,1900,131185.0,1149251185.0,3784121.130092581,900908.8209513198,5037791.125503635,52.5127987343625,13.3914603359188,75.1948485369467,-4.617332665840466,-1.5902200683714307,3.7275527888744238,6.14355032588927,0
1296,1900,131185.2,1149251185.2,3784120.2408551127,900908.4869788841,5037791.851435757,52.5128094245052,13.3914585839729,75.1973331327041,-4.5733888097159054,-1.5731084788553984,3.6917244454104976,6.08435574830424,0
1297,1900,131185.4,1149251185.4,3784119.362128317,900908.1542839834,5037792.568996987,52.5128199938471,13.391456814476,75.1995785129302,-4.54528412020427,-1.5623783593275347,3.668847590267154,6.04657560208133,0
1298,1900,131185.6,1149251185.6,3784118.4896744005,900907.8289663241,5037793.280276067,52.5128304731347,13.3914551292872,75.201592884656,-4.536072377056823,-1.5568794560320338,3.6609963609580216,6.03346671536857,0
1299,1900,131185.8,1149251185.8,3784117.6015907247,900907.4952140191,5037794.004448678,52.5128411452873,13.391453376557,75.2033961095354,-4.541707188554916,-1.5573515756563743,3.665283032509367,6.04042612943589,0
1300,1900,131186.0,1149251186.0,3784116.7006711657,900907.1578909849,5037794.738607963,52.512851966994,13.3914516164492,75.2050212785861,-4.555629045963369,-1.5600758957755212,3.676152851448824,6.05819218845195,0
1301,1900,131186.2,1149251186.2,3784115.7993015205,900906.8204916262,5037795.4729514,52.512862792956,13.3914498567823,75.2065155756459,-4.572104253468229,-1.5642687373620627,3.6891886157704903,6.07957125379752,0
1302,1900,131186.4,1149251186.4,3784114.900270536,900906.4832508153,5037796.205423699,52.5128735922,13.3914480914083,75.207932292895,-4.5883084014158015,-1.567929391245735,3.7019275976595667,6.10042986196453,0
1303,1900,131186.6,1149251186.6,3784114.012375003,900906.1482722423,5037796.9291474465,52.5128842626176,13.3914463204617,75.2093187962659,-4.603782591169443,-1.5718200834188962,3.7141628154432347,6.12049327595538,0
1304,1900,131186.8,1149251186.8,3784113.103253539,900905.8079851241,5037797.669658537,52.5128951808523,13.391444545858,75.2107113702656,-4.618160483301762,-1.5743372198359424,3.725336037584265,6.13873541734898,0
1305,1900,131187.0,1149251187.0,3784112.199971982,900905.4695306234,5037798.405525834,52.5129060301532,13.3914427775908,75.2121351115183,-4.632649970850653,-1.5775249922851529,3.736711649846674,6.15735696608591,0
1306,1900,131187.2,1149251187.2,3784111.300870608,900905.1325769187,5037799.138066221,52.5129168297835,13.3914410165674,75.2136055650402,-4.647211819525906,-1.5824957514661602,3.7484579651720975,6.17671495340459,0
1307,1900,131187.4,1149251187.4,3784110.3923439817,900904.7928640384,5037799.878190473,52.5129277408278,13.3914392481601,75.2151249867308,-4.663968861021583,-1.5862374584857428,3.7616238036730354,6.19827140835587,0
1308,1900,131187.6,1149251187.6,3784109.479926208,900904.4524707244,5037800.621394169,52.5129386968294,13.3914374832762,75.2166885514433,-4.682170650138276,-1.5919726425792975,3.7762216781399234,6.22229451683148,0
1309,1900,131187.8,1149251187.8,3784108.564014818,900904.1106056959,5037801.367510059,52.5129496954228,13.3914357092213,75.2182873676882,-4.701222656658988,-1.5980869824769173,3.791521244701055,6.24748027768519,0
1310,1900,131188.0,1149251188.0,3784107.648317265,900903.7769674398,5037802.112033043,52.5129606702348,13.3914340523174,75.2199086229059,-4.719835197224229,-1.6034972948976998,3.8063678537120724,6.27188042786799,0
1311,1900,131188.2,1149251188.2,3784106.727138816,900903.4324652533,5037802.862580769,52.5129717339576,13.3914322584409,75.2215345480392,-4.733561364384088,-1.61714524013257,3.819031909741687,6.29339071134936,0
1312,1900,131188.4,1149251188.4,3784105.801298783,900903.0847333891,5037803.617158279,52.5129828573895,13.3914304341879,75.223143276652,-4.7422262537898074,-1.6291612769267054,3.8276297802602963,6.30821892796265,0
1313,1900,131188.6,1149251188.6,3784104.877948324,900902.736550001,5037804.3699080255,52.5129939543013,13.3914285949712,75.2247122013978,-4.745440141513972,-1.6387717500111485,3.831733278563332,6.3156119975325,0
1314,1900,131188.8,1149251188.8,3784103.9482074515,900902.3841653144,5037805.128096957,52.5130051322274,13.3914267173533,75.2262218055321,-4.740365038588284,-1.6463937467408543,3.8292990223019028,6.31230576497842,0
1315,1900,131189.0,1149251189.0,3784103.026031582,900902.0310511496,5037805.88067759,52.5130162282094,13.3914248034746,75.2276574371459,-4.721051263238181,-1.649502281202429,3.8154393925245613,6.29021148800603,0
1316,1900,131189.2,1149251189.2,3784102.1044075396,900901.6771565236,5037806.6328766635,52.5130273195656,13.3914228765292,75.2290072421967,-4.680298782312644,-1.647372201439682,3.784653548726732,6.2404033800455,0
1317,1900,131189.4,1149251189.4,3784101.188499875,900901.3229876248,5037807.380736737,52.5130383479913,13.391420926152,75.2302599580741,-4.621297925931476,-1.6382584294341338,3.739011883274199,6.16607614817529,0
1318,1900,131189.6,1149251189.6,3784100.297138151,900900.9743585231,5037808.109156016,52.5130490906759,13.391418971418,75.231399651784,-4.554241757176005,-1.6242657727990533,3.6864934875894493,6.08026245465864,0
1319,1900,131189.8,1149251189.8,3784099.4170686123,900900.6289601276,5037808.828410169,52.5130596995692,13.3914170244539,75.2324078337364,-4.4877948613071945,-1.608761853665758,3.6341612890888593,5.99462640154475,0
1320,1900,131190.0,1149251190.0,3784098.543996364,900900.2855944592,5037809.541893638,52.5130702250067,13.3914150827454,75.2332663839467,-4.430213586782478,-1.5962631624206716,3.5889777024349687,5.92077777464994,0
1321,1900,131190.2,1149251190.2,3784097.685192647,900899.9459697494,5037810.243855957,52.5130805822788,13.3914131459648,75.2339579388907,-4.387128760830453,-1.5882722236481757,3.5554108464538405,5.86604242292874,0
1322,1900,131190.4,1149251190.4,3784096.8386935405,900899.6086685535,5037810.935994651,52.5130907966335,13.3914112005012,75.2344669664253,-4.364266915751432,-1.5868530152234732,3.5380999568197398,5.8380715573119,0
1323,1900,131190.6,1149251190.6,3784095.991995667,900899.2698082112,5037811.628314392,52.513101015932,13.3914092333737,75.2347824220163,-4.361189924068439,-1.5898917833438153,3.5363426377377474,5.83553362495858,0
1324,1900,131190.8,1149251190.8,3784095.1427409556,900898.9299304978,5037812.322473553,52.5131112647067,13.3914072603897,75.234900519965,-4.372381900313039,-1.5977741760556041,3.546091913198816,5.8519546868298,0
1325,1900,131191.0,1149251191.0,3784094.279585177,900898.5859732993,5037813.027485432,52.5131216760011,13.3914052763716,75.2348254950424,-4.396956816684784,-1.6099939360885478,3.566596752348728,5.88607867054945,0
1326,1900,131191.2,1149251191.2,3784093.422293275,900898.240837014,5037813.728100821,52.5131320245217,13.3914032554534,75.2345675154052,-4.436899009667755,-1.6269994257150815,3.5994173469800756,5.9404549649845,0
1327,1900,131191.4,1149251191.4,3784092.5512376386,900897.8912393028,5037814.439567007,52.5131425352296,13.3914012175597,75.2341423693111,-4.493754219190503,-1.6490831596545288,3.645758904393268,6.01704746856059,0
1328,1900,131191.6,1149251191.6,3784091.66195882,900897.5264427126,5037815.1671491,52.5131532855867,13.3913990240458,75.2335743343613,-4.567462990003423,-1.6734926775012968,3.705088117443668,6.11473416141076,0
1329,1900,131191.9,1149251191.9,3784090.303715674,900896.9818117049,5037816.275980087,52.5131696711023,13.3913958534927,75.2325356294912,-4.702032290844775,-1.7192803601523279,3.813622477952374,6.29354820632178,0
1330,1900,131192.1,1149251192.1,3784089.3728080317,900896.6001799206,5037817.037396007,52.5131809230706,13.3913935607557,75.231796600493,-4.795302116297172,-1.7527485497890045,3.889155251219783,6.41814446966115,0
1331,1900,131192.3,1149251192.3,3784088.4185244692,900896.2191368109,5037817.816207792,52.5131924313589,13.3913913561971,75.2311050108251,-4.883121140762049,-1.7834103566338126,3.9601225431592977,6.53513543335901,0
1332,1900,131192.5,1149251192.5,3784087.4502645805,900895.8334091511,5037818.606467728,52.5132041069446,13.3913891321908,75.2305630096616,-4.964974587303454,-1.8072937084197738,4.025434733632798,6.64239474856773,0
1333,1900,131192.8,1149251192.8,3784085.9841310135,900895.2495257795,5037819.803769958,52.5132217895486,13.3913857672366,75.2303202659701,-5.072167629188761,-1.8387956908904433,4.111005320516965,6.78295059666119,0
1334,1900,131193.0,1149251193.0,3784084.9988359907,900894.8585384913,5037820.608887816,52.5132336732477,13.3913835259752,75.2307419417399,-5.1281104497580525,-1.8512600272263187,4.154956896095304,6.85480468589249,0
1335,1900,131193.2,1149251193.2,3784084.0072365426,900894.4737013527,5037821.41839036,52.5132456145023,13.3913813943455,75.2317775512179,-5.165450040570344,-1.8684081181024803,4.1858604031932085,6.90610239805639,0
1336,1900,131193.4,1149251193.4,3784082.990998383,900894.0736402512,5037822.249874463,52.51325787203,13.3913791286214,75.2335230208134,-5.197797547241267,-1.86480200628411,4.209352660306499,6.94357513702977,0
1337,1900,131193.6,1149251193.6,3784081.970175856,900893.6733836227,5037823.085780858,52.5132701858669,13.3913768757334,75.2360361977743,-5.2268546557083875,-1.8739857913488716,4.232661757741569,6.98192365279984,0
1338,1900,131193.8,1149251193.8,3784080.9515094836,900893.2739564916,5037823.9209235,52.5132824792,13.3913746273746,75.2393370698692,-5.269331351531052,-1.8813421545736984,4.265658665508308,7.03570501409988,0
1339,1900,131194.0,1149251194.0,3784079.9122940833,900892.8688479601,5037824.773400768,52.5132950192634,13.391372367706,75.2434267364971,-5.326848354703882,-1.895898721810226,4.311156122372682,7.11026106896537,0
1340,1900,131194.2,1149251194.2,3784078.862321029,900892.4609346262,5037825.635387208,52.5133076905882,13.3913701045444,75.2482980021333,-5.399417010329575,-1.9140397807882263,4.368520339043468,7.20425029316116,0
1341,1900,131194.4,1149251194.4,3784077.8074346553,900892.0590952914,5037826.500919039,52.5133204053543,13.3913679451778,75.2539301146046,-5.477525475089006,-1.9405688537292272,4.431507724434451,7.30803349185232,0
1342,1900,131194.6,1149251194.6,3784076.7304520383,900891.6423336786,5037827.386499261,52.5133334076861,13.3913656473659,75.2602859466889,-5.552408263202785,-1.9574792043070293,4.490379754731792,7.40435498191991,0
1343,1900,131194.8,1149251194.8,3784075.6320352093,900891.2201819705,5037828.289872753,52.5133466649158,13.3913633454379,75.2673115730263,-5.611396104673282,-1.971550083817001,4.536888034230796,7.48051662732514,0
1344,1900,131195.0,1149251195.0,3784074.5313998545,900890.7964860725,5037829.195927422,52.5133599547484,13.3913610289499,75.2749339612536,-5.651679643685762,-1.9797241811334756,4.568393480992324,7.531999045764,0
1345,1900,131195.2,1149251195.2,3784073.4353632485,900890.3756111166,5037830.098680863,52.5133731899671,13.391358737194,75.2830573863068,-5.674800228184616,-1.9819909104748916,4.586044255902069,7.56065126269567,0
1346,1900,131195.4,1149251195.4,3784072.332694528,900889.9525540052,5037831.007234371,52.5133865065157,13.3913564367931,75.2915495097968,-5.680038476075431,-1.9893094276455736,4.591250274531252,7.56966103415471,0
1347,1900,131195.6,1149251195.6,3784071.2242474444,900889.5252102853,5037831.921184367,52.5133998997402,13.3913540946797,75.3002989247361,-5.66772253878268,-1.9939737625535416,4.582887595033114,7.55657785317438,0
1348,1900,131195.8,1149251195.8,3784070.1142271385,900889.0971775451,5037832.836613351,52.5134133131042,13.3913517480587,75.3091937574451,-5.6404337388110335,-1.9905883942979297,4.561923783637059,7.52250513626577,0
1349,1900,131196.0,1149251196.0,3784069.0170771396,900888.6711064549,5037833.742123314,52.5134265797025,13.3913493856393,75.3181143194466,-5.600136282016504,-1.9822851551920624,4.530380683634227,7.47096579782685,0
1350,1900,131196.2,1149251196.2,3784067.9381988184,900888.2510563973,5037834.632803223,52.5134396285044,13.3913470471628,75.3269336390742,-5.547395410113104,-1.9655892553863339,4.488062831623699,7.40134075270395,0
1351,1900,131196.4,1149251196.4,3784066.869699578,900887.8349821329,5037835.514735407,52.5134525509013,13.3913447302475,75.3355170935851,-5.483616341978594,-1.9442332083986698,4.4366816594074034,7.31670930825989,0
1352,1900,131196.6,1149251196.6,3784065.824984727,900887.4255014305,5037836.377270248,52.5134651913372,13.391342426673,75.3437195267711,-5.417855443881919,-1.9237276944663173,4.383973013058841,7.23001419310404,0
1353,1900,131196.8,1149251196.8,3784064.7736668163,900887.0157305254,5037837.244104861,52.5134779015719,13.3913401414645,75.3513840281402,-5.354456535849501,-1.90530513226168,4.333396675041506,7.1469377487554,0
1354,1900,131197.0,1149251197.0,3784063.723427613,900886.6080515498,5037838.108886169,52.5134905896395,13.3913378825504,75.3583530295601,-5.294164668500026,-1.8844011511609895,4.28469778417262,7.06666698928035,0
1355,1900,131197.2,1149251197.2,3784062.697491202,900886.2074250509,5037838.953214659,52.5135029856198,13.3913356417846,75.3644750539047,-5.235774782917719,-1.8683232580485836,4.238275294336245,6.99048974282799,0
1356,1900,131197.4,1149251197.4,3784061.6780803106,900885.8101024627,5037839.790843626,52.5135152942378,13.3913334260987,75.3696102899593,-5.179576428195437,-1.8489812447466445,4.192908164865434,6.91572284710267,0
1357,1900,131197.6,1149251197.6,3784060.6713659656,900885.4164015641,5037840.616959524,52.5135274458362,13.3913312189944,75.3736374090997,-5.121757557856097,-1.8318482905612439,4.14672442195765,6.83983859990484,0
1358,1900,131197.8,1149251197.8,3784059.665601518,900885.0239361298,5037841.440624545,52.5135395754012,13.3913290263516,75.3764565518588,-5.06262043510193,-1.8111904298133232,4.098931059617955,6.76104816389144,0
1359,1900,131198.0,1149251198.0,3784058.6725754756,900884.6378355724,5037842.252038455,52.5135515390896,13.3913268814553,75.3779933461501,-5.001888608222037,-1.7872226756826781,4.049360033217394,6.67909958154197,0
1360,1900,131198.2,1149251198.2,3784057.6933759344,900884.2564474242,5037843.0506281825,52.5135633289484,13.3913247569151,75.3782043260341,-4.940124293385022,-1.7608855860169674,3.9985978816784837,6.59502320697197,0
1361,1900,131198.4,1149251198.4,3784056.7427905975,900883.8935151115,5037843.822903773,52.5135747459247,13.3913227992165,75.3770770305571,-4.876840870891461,-1.7393997568508444,3.947564136347787,6.51094086939126,0
1362,1900,131198.6,1149251198.6,3784055.790461851,900883.5234756999,5037844.596074307,52.5135861916264,13.3913207456253,75.3746262647288,-4.815663756896069,-1.7136775755377536,3.897349453839583,6.42780219186364,0
1363,1900,131198.8,1149251198.8,3784054.8562077517,900883.1596899631,5037845.353028766,52.5135974129343,13.3913187199833,75.37089043878,-4.755968544515158,-1.6906773999160418,3.848723986812369,6.34746431212255,0
1364,1900,131199.1,1149251199.1,3784053.4676485085,900882.6201723771,5037846.474922427,52.513614071739,13.3913157260602,75.3630040424349,-4.672761545306829,-1.6580717560149352,3.7808495539568305,6.23528072800642,0
1365,1900,131199.4,1149251199.4,3784052.1109679686,900882.0908192225,5037847.568050531,52.5136303353023,13.391312769032,75.3525984359858,-4.601065715643751,-1.6318157064091499,3.722691551913345,6.13930457055544,0
1366,1900,131199.6,1149251199.6,3784051.209209697,900881.7407442186,5037848.292699521,52.5136411318717,13.3913108289936,75.3444000940274,-4.56259574698242,-1.6181525813421231,3.691560865854741,6.08796512417708,0
1367,1900,131199.8,1149251199.8,3784050.3082207507,900881.393376363,5037849.015153185,52.5136519066275,13.3913089251211,75.3352970167275,-4.532007849956337,-1.6074075499336924,3.6668293171051234,6.0471887207554,0
1368,1900,131200.0,1149251200.0,3784049.4120654305,900881.047004974,5037849.732799026,52.5136626199138,13.3913070190368,75.3253812433786,-4.506996137185503,-1.5993199153474007,3.6467301840457207,6.01410670070477,0
1369,1900,131200.2,1149251200.2,3784048.5197422374,900880.7018291954,5037850.446463442,52.5136732828685,13.3913051170108,75.314743676084,-4.484502342237505,-1.5927374514159915,3.6287770366047525,5.98461332318695,0
1370,1900,131200.4,1149251200.4,3784047.641028459,900880.3603168839,5037851.148524597,52.513683781909,13.3913032210513,75.303472626943,-4.45931093200558,-1.5860208299832252,3.6087874171730068,5.95182851599333,0
1371,1900,131200.6,1149251200.6,3784046.7596755703,900880.0183807556,5037851.851938306,52.5136943073536,13.391301328021,75.2916528907561,-4.430077216665183,-1.5771974027289275,3.5854076448796706,5.91339866512925,0
1372,1900,131200.8,1149251200.8,3784045.8830497167,900879.6784396702,5037852.550878995,52.51370477225,13.3912994474514,75.2793637507193,-4.399680281525229,-1.565491445142177,3.5606480167344867,5.87249217483774,0
1373,1900,131201.0,1149251201.0,3784045.013546025,900879.3416212824,5037853.243450781,52.5137151477528,13.3912975873302,75.2666777354515,-4.373653104970588,-1.5506649790789402,3.538594390716097,5.8356707945161,0
1374,1900,131201.2,1149251201.2,3784044.1378441695,900879.0171689795,5037853.938034779,52.5137255568337,13.3912959255493,75.253662093526,-4.356362314213144,-1.543672556030129,3.5244504647689485,5.8122774066236,0
1375,1900,131201.5,1149251201.5,3784042.8480611616,900878.5220970643,5037854.963066683,52.5137409273099,13.391293231516,75.2336625310214,-4.359212350819029,-1.5474551471277613,3.527246764954295,5.8171143613295,0
1376,1900,131201.7,1149251201.7,3784041.9913483197,900878.1892886707,5037855.644285732,52.5137511453746,13.3912913852172,75.2201065495915,-4.380094243022092,-1.5600370640076688,3.545060149290028,5.84691308990626,0
1377,1900,131201.9,1149251201.9,3784041.1137462757,900877.8487935123,5037856.3423261065,52.513761613034,13.3912895000335,75.2064481583423,-4.408430186531823,-1.580386248675782,3.5698145612222367,5.88858670701577,0
1378,1900,131202.1,1149251202.1,3784040.246887393,900877.507861488,5037857.032381,52.513771963219,13.3912875719396,75.1927521420748,-4.43935831558536,-1.6027350848272839,3.596858166688511,5.93414279214505,0
1379,1900,131202.3,1149251202.3,3784039.370096138,900877.1608043377,5037857.730963849,52.5137824390578,13.3912855899596,75.179079759413,-4.469424476613228,-1.6266024887499158,3.623528361115231,5.97925986994739,0
1380,1900,131202.5,1149251202.5,3784038.4934865134,900876.8111989954,5037858.429965111,52.5137929201332,13.3912835708453,75.1654879784691,-4.497091195432995,-1.6540043060022631,3.6490361260275623,6.02287507037704,0
1381,1900,131202.7,1149251202.7,3784037.605046304,900876.4537790421,5037859.139347308,52.513803552954,13.3912814801113,75.1520282660041,-4.525413296153918,-1.6768131978519307,3.674217010244428,6.06555344876843,0
1382,1900,131202.9,1149251202.9,3784036.7043036562,900876.0885692517,5037859.859514643,52.513814342963,13.3912793197222,75.1387455113525,-4.551923683733279,-1.7063182637357428,3.699235550517402,6.10867210594102,0
1383,1900,131203.1,1149251203.1,3784035.8015540466,900875.7196100408,5037860.582116698,52.5138251664014,13.3912771124521,75.1256783078182,-4.579478792002654,-1.725557836829882,3.7232101242039124,6.14910314465627,0
1384,1900,131203.3,1149251203.3,3784034.8894188637,900875.3474104273,5037861.312611163,52.5138361034607,13.3912748907663,75.1128607672406,-4.598596639264599,-1.730238460875344,3.738303680230704,6.17379385692253,0
1385,1900,131203.5,1149251203.5,3784033.974144917,900874.9739221453,5037862.046029576,52.5138470804122,13.3912726613213,75.1003237659724,-4.5960308581379135,-1.7220509745114732,3.734933580463989,6.16755122056148,0
1386,1900,131203.7,1149251203.7,3784033.0682777343,900874.6065297651,5037862.771736899,52.5138579398716,13.3912704871348,75.0880964530074,-4.566996640751937,-1.6945066641493884,3.7083774200545663,6.12216254611528,0
1387,1900,131203.9,1149251203.9,3784032.1661296953,900874.2439305651,5037863.494241759,52.5138687481019,13.3912683689426,75.076205607917,-4.511546282367016,-1.6612742086999543,3.6611021154008974,6.0429753064053,0
1388,1900,131204.1,1149251204.1,3784031.283560549,900873.8905893557,5037864.2009468,52.5138793188186,13.3912663166182,75.0646738390732,-4.441199886176419,-1.6234182655567784,3.6018918560737254,5.944187769306,0
1389,1900,131204.3,1149251204.3,3784030.4095118097,900873.5445426187,5037864.900474689,52.5138897791324,13.3912643397509,75.0535196031566,-4.365100534480183,-1.584368876399917,3.538177453134252,5.83806706902991,0
1390,1900,131204.5,1149251204.5,3784029.5507501215,900873.2056243207,5037865.587824031,52.5139000550259,13.3912624128778,75.0427568880725,-4.286944204895589,-1.5466685770881763,3.473168063386433,5.73000616926084,0
1391,1900,131204.7,1149251204.7,3784028.711807049,900872.8763747704,5037866.259176303,52.5139100899858,13.3912605569408,75.0323965104052,-4.206224262206915,-1.5076327905875828,3.406008855575734,5.6183783691999,0
1392,1900,131204.9,1149251204.9,3784027.895961681,900872.55824111,5037866.911838168,52.5139198441459,13.3912587814902,75.0224465506444,-4.121008813712057,-1.4652689042792355,3.3349045373417554,5.50011953303951,0
1393,1900,131205.1,1149251205.1,3784027.088174929,900872.2456628687,5037867.558024816,52.5139294978173,13.3912570581529,75.0129125654047,-4.027002762795446,-1.4252882387984076,3.257665028987618,5.37220432004481,0
1394,1900,131205.3,1149251205.3,3784026.302346438,900871.9420944399,5037868.18675585,52.5139388888242,13.3912553890106,75.0037973688401,-3.927741638042226,-1.3828820933646306,3.176074035319355,5.23707585749805,0
1395,1900,131205.5,1149251205.5,3784025.5357438824,900871.6475526653,5037868.800067945,52.513948047231,13.3912537836258,74.995101824882,-3.826080777706315,-1.3428649917779765,3.093117058915202,5.09995623940332,0
1396,1900,131205.7,1149251205.7,3784024.79120823,900871.3620300264,5037869.395842353,52.5139569417554,13.3912522321991,74.9868255465915,-3.7297075598292095,-1.3042757430669507,3.0143588324199806,4.96972965727396,0
1397,1900,131205.9,1149251205.9,3784024.061264151,900871.0836199003,5037869.979993081,52.5139656597448,13.3912507329114,74.978967009243,-3.6470912058145077,-1.2721649878971486,2.94701523058696,4.85845415634154,0
1398,1900,131206.1,1149251206.1,3784023.3497629194,900870.8125503758,5037870.549602367,52.5139741581497,13.3912492758928,74.9715231403034,-3.584158183620871,-1.2508646645452561,2.896277359420805,4.77485861957377,0
1399,1900,131206.3,1149251206.3,3784022.650523047,900870.5447410416,5037871.110001463,52.5139825157452,13.3912478237614,74.9644896057051,-3.5456403912627734,-1.2389046069276142,2.865414467609988,4.72409255629154,0
1400,1900,131206.5,1149251206.5,3784021.9475937346,900870.2772364416,5037871.6736094095,52.5139909159795,13.3912463885823,74.9578611570793,-3.532258095594473,-1.236078321731647,2.854927221477619,4.7069466017028,0
1401,1900,131206.7,1149251206.7,3784021.2437493885,900870.0103409684,5037872.238295066,52.5139993274492,13.3912449652526,74.9516321458577,-3.542739105770519,-1.239064327071267,2.8632764709743075,4.7206602215592,0
1402,1900,131206.9,1149251206.9,3784020.544072524,900869.7423329508,5037872.800562308,52.5140076986208,13.3912435117633,74.9457946894614,-3.567575139740714,-1.251673297080002,2.8840450637357122,4.7552070775075,0
1403,1900,131207.1,1149251207.1,3784019.8379893024,900869.4709226355,5037873.368694648,52.514016151927,13.3912420313755,74.9403391057922,-3.5944824272102007,-1.2646887551009325,2.9064311701834495,4.79239853453525,0
1404,1900,131207.3,1149251207.3,3784019.1366055044,900869.2001188287,5037873.933679488,52.5140245544188,13.3912405436463,74.9352537558661,-3.6104501637585362,-1.2639820049704864,2.918218051526607,4.81134050864507,0
1405,1900,131207.5,1149251207.5,3784018.4204597645,900868.9279413947,5037874.510372843,52.5140331256137,13.3912390865925,74.9305262969844,-3.6045090749211814,-1.2496320873019229,2.911235713688483,4.79889147673283,0
1406,1900,131207.7,1149251207.7,3784017.7078207135,900868.6596300557,5037875.084197852,52.5140416504116,13.391237672974,74.9261438776014,-3.574599218580543,-1.2267474143730388,2.884854670863966,4.75447739127585,0
1407,1900,131207.9,1149251207.9,3784017.006542693,900868.3966758912,5037875.649012909,52.5140500382775,13.3912362973626,74.9220932031091,-3.525475298808812,-1.2002384658573029,2.843494575091245,4.68561733990388,0
1408,1900,131208.1,1149251208.1,3784016.319204925,900868.1407507118,5037876.202578827,52.5140582563128,13.3912349749155,74.9183600539958,-3.466679897340377,-1.1692756702896534,2.7941276717662813,4.60350133592739,0
1409,1900,131208.3,1149251208.3,3784015.64883073,900867.892905685,5037876.7424348,52.5140662683512,13.3912337103815,74.9149297833606,-3.4035906064592467,-1.1402043621079445,2.7418931820919696,4.51690969864907,0
1410,1900,131208.5,1149251208.5,3784014.9926398285,900867.6521557887,5037877.270809867,52.5140741074963,13.3912324991306,74.9117863200779,-3.34174648514852,-1.1115528766413763,2.690662311926303,4.43198409805279,0
1411,1900,131208.7,1149251208.7,3784014.339640716,900867.4144932551,5037877.796594819,52.5140819052365,13.3912313212307,74.9089124603259,-3.28143591884703,-1.0853507375142528,2.641010694291504,4.34979831719636,0
1412,1900,131208.9,1149251208.9,3784013.6997400727,900867.1834058876,5037878.311756418,52.5140895431573,13.391230192864,74.9062903403149,-3.223072433546667,-1.059747171849622,2.5929181265416648,4.27018552185734,0
1413,1900,131209.1,1149251209.1,3784013.0726994975,900866.9573387244,5037878.8167260615,52.5140970278397,13.3912290925622,74.9039019711918,-3.16468852697053,-1.0354028966999094,2.5450340411366823,4.19100356737834,0
1414,1900,131209.3,1149251209.3,3784012.46683522,900866.738083465,5037879.30495784,52.5141042628371,13.3912280176291,74.9017290447557,-3.1041080362306572,-1.0121004901360462,2.4956962266026133,4.10954179419116,0
1415,1900,131209.5,1149251209.5,3784011.865262586,900866.5226787046,5037879.789552338,52.5141114418129,13.3912269832303,74.8997534699926,-3.0407308429977062,-0.9862120836820926,2.4438125395372046,4.02378901807207,0
1416,1900,131209.7,1149251209.7,3784011.2850435195,900866.314753405,5037880.25711276,52.5141183671516,13.3912259831612,74.8979573132569,-2.9768929658910883,-0.9625292991015458,2.3919769588074518,3.93826207272529,0
1417,1900,131209.9,1149251209.9,3784010.70671205,900866.1089661949,5037880.723088999,52.5141252672015,13.3912250072899,74.8963230401659,-2.9200517580317427,-0.9401894342197299,2.3456000368292247,3.86167036068279,0
1418,1900,131210.1,1149251210.1,3784010.137907619,900865.9074654038,5037881.181378399,52.5141320520459,13.3912240603393,74.8948336628954,-2.8804135732305314,-0.9253616909435127,2.313392348609615,3.80852474988965,0
1419,1900,131210.3,1149251210.3,3784009.5795638,900865.709889355,5037881.631327693,52.5141387122334,13.391223133942,74.8934725225294,-2.8692149705285734,-0.9210772798186067,2.3042756981352253,3.79347655792413,0
1420,1900,131210.5,1149251210.5,3784009.0141870985,900865.5093227983,5037882.08719616,52.5141454585173,13.3912221886844,74.8922232602517,-2.8903283044152346,-0.9282205549438916,2.3212962282536433,3.82151897617018,0
1421,1900,131210.7,1149251210.7,3784008.4480806063,900865.3085743964,5037882.5437614275,52.5141522139747,13.3912212433104,74.8910693208725,-2.937035080787462,-0.9452785564974616,2.359172640059316,3.88399564376102,0
1422,1900,131210.9,1149251210.9,3784007.8628204707,900865.1012495348,5037883.015885236,52.5141591982477,13.3912202690406,74.8899949989241,-2.9943989805047186,-0.9678228549880905,2.4059745892161244,3.96129020106312,0
1423,1900,131211.1,1149251211.1,3784007.271952933,900864.8900713491,5037883.492956902,52.5141662548416,13.3912192586839,74.8889841269975,-3.0455693172018328,-0.9893894041882216,2.4479819310229822,4.03075667755028,0
1424,1900,131211.3,1149251211.3,3784006.6695602634,900864.6740085355,5037883.97955508,52.5141734515504,13.3912182176502,74.8880211237522,-3.075909327860172,-1.007007298238016,2.473746739586842,4.0736598806894,0
1425,1900,131211.5,1149251211.5,3784006.061859609,900864.4544981921,5037884.470766419,52.5141807160025,13.3912171453229,74.887090452657,-3.079727009549082,-1.0140939154075008,2.4778531213686597,4.08079171407817,0
1426,1900,131211.7,1149251211.7,3784005.4689580826,900864.2385068337,5037884.950332675,52.5141878082974,13.3912160729341,74.8861768040051,-3.0589896576562974,-1.0142055018726808,2.462400541860453,4.0557917789541,0
1427,1900,131211.9,1149251211.9,3784004.8748998805,900864.020988164,5037885.431036193,52.5141949173579,13.3912149826054,74.8852656373793,-3.023072655600704,-1.009351623127579,2.4347407409290085,4.01070086838828,0
1428,1900,131212.1,1149251212.1,3784004.2898901706,900863.8053332975,5037885.904642745,52.5142019217594,13.3912138881153,74.8843426636222,-2.982537650808069,-1.0029598912913322,2.4033624025541815,3.95949620785749,0
1429,1900,131212.3,1149251212.3,3784003.714209908,900863.5914776302,5037886.37093857,52.5142088184906,13.3912127875796,74.8833954854632,-2.946759581089669,-0.9987710655954922,2.3759244308906813,3.9148374897967,0
1430,1900,131212.5,1149251212.5,3784003.1479689707,900863.3790031356,5037886.829901076,52.5142156073561,13.3912116746334,74.8824123014629,-2.9206923283560755,-1.0006779625332989,2.3568142646191776,3.88411811606319,0
1431,1900,131212.7,1149251212.7,3784002.5762527618,900863.1633206852,5037887.29345886,52.5142224646319,13.3912105343972,74.8813819809413,-2.9075420623435377,-1.007552553277358,2.3482235829613427,3.87080314501893,0
1432,1900,131212.9,1149251212.9,3784002.001748826,900862.9447988755,5037887.759529478,52.5142293596774,13.3912093629844,74.8802951248215,-2.9070308599130277,-1.0180327549034804,2.349703093672946,3.87405778725089,0
1433,1900,131213.1,1149251213.1,3784001.4403661485,900862.7275719662,5037888.215498173,52.5142361063173,13.3912081653642,74.8791429716285,-2.9133431342913667,-1.0317410615822242,2.3568468563982767,3.88674477433133,0
1434,1900,131213.3,1149251213.3,3784000.870824271,900862.5051674905,5037888.678382177,52.5142429559264,13.3912069213866,74.8779181041615,-2.91900402304323,-1.0446935478091273,2.363370371109301,3.89839564518712,0
1435,1900,131213.5,1149251213.5,3784000.3092586524,900862.2828270308,5037889.135203453,52.5142497169429,13.3912056511155,74.8766136364943,-2.9187611152450414,-1.0532364454853074,2.3647059516084563,3.90132127561131,0
1436,1900,131213.7,1149251213.7,3783999.745780043,900862.0585821097,5037889.593682549,52.5142565034412,13.3912043600802,74.875223803069,-2.9103917468307414,-1.057852589844558,2.359281068342467,3.89302445167,0
1437,1900,131213.9,1149251213.9,3783999.1904762597,900861.836375401,5037890.045586538,52.514263193907,13.3912030703631,74.8737435950569,-2.894791697423569,-1.058166771278712,2.347697415068326,3.87443144732609,0
1438,1900,131214.1,1149251214.1,3783998.6296268273,900861.6114363591,5037890.501994558,52.5142699519868,13.3912017604114,74.8721692218955,-2.8716017976300012,-1.0576084547245612,2.3302961555644095,3.84641556521068,0
1439,1900,131214.3,1149251214.3,3783998.076371381,900861.3877664417,5037890.952388747,52.514276622403,13.3912004427388,74.870497580329,-2.8414210910564193,-1.0526547236656967,2.3068985004739337,3.80835088659709,0
1440,1900,131214.5,1149251214.5,3783997.527764896,900861.1645691524,5037891.399105096,52.5142832396756,13.3911991159787,74.8687265235765,-2.8008864377488956,-1.045156144399292,2.2753239799020775,3.75691567869958,0
1441,1900,131214.7,1149251214.7,3783996.9866254395,900860.9422622557,5037891.839965259,52.5142897716529,13.3911977765038,74.8668547445671,-2.7489510616072184,-1.0344052995997761,2.2346659728950957,3.69059050469796,0
1442,1900,131214.9,1149251214.9,3783996.45318091,900860.7229262624,5037892.274429165,52.5142962103645,13.3911964533492,74.8648818450637,-2.687255097609139,-1.018619804799695,2.1858315694379926,3.61064896054826,0
1443,1900,131215.1,1149251215.1,3783995.9341766606,900860.507091568,5037892.6973688165,52.5143024800982,13.3911951311039,74.8628068492897,-2.6178883460844404,-1.00160850408375,2.1310564626815443,3.52107379007518,0
1444,1900,131215.3,1149251215.3,3783995.437335933,900860.2973458418,5037893.102556087,52.5143084889443,13.3911938205005,74.8606247034957,-2.5454066844704673,-0.9850113709867654,2.0740309970225774,3.42796545591268,0
1445,1900,131215.5,1149251215.5,3783994.9621375827,900860.0929809143,5037893.490507675,52.5143142445132,13.3911925131692,74.8583370661095,-2.4755629581825525,-0.9696395116623144,2.0191913141263855,3.33852457015756,0
1446,1900,131215.7,1149251215.7,3783994.495556407,900859.8911214299,5037893.871455469,52.514319897865,13.3911912123423,74.8559465832955,-2.4125206116193283,-0.9538860855091233,1.9693582493245723,3.25707326902524,0
1447,1900,131215.9,1149251215.9,3783994.0318213687,900859.6897247495,5037894.250073534,52.5143255179681,13.3911899084374,74.8534577009406,-2.3549517497472174,-0.9400091409385325,1.9239421545705149,3.18291821177028,0
1448,1900,131216.1,1149251216.1,3783993.5802812646,900859.4925294423,5037894.618728887,52.5143309920528,13.3911886231334,74.8508751745336,-2.3020971363608664,-0.9258738762546559,1.8819974026846715,3.11429091185836,0
1449,1900,131216.3,1149251216.3,3783993.144201396,900859.2985084438,5037894.975175846,52.5143362868828,13.3911873305737,74.8482053943973,-2.2532359115325145,-0.9133687359087124,1.8433216001267358,3.05108981222268,0
1450,1900,131216.5,1149251216.5,3783992.711224951,900859.1050449276,5037895.329107046,52.5143415455056,13.391186035415,74.8454552505412,-2.208727361691192,-0.901641132914498,1.8080313544343183,2.99339450615255,0
1451,1900,131216.7,1149251216.7,3783992.2831640397,900858.9145610217,5037895.67875125,52.514346741664,13.3911847661832,74.8426334391933,-2.1687936030173143,-0.8901221255256009,1.7761913261583935,2.94123081684511,0
1452,1900,131216.9,1149251216.9,3783991.860986007,900858.7255002764,5037896.023675325,52.5143518688493,13.3911834972752,74.8397495765817,-2.1324915807946763,-0.8811610621543442,1.7475152114719459,2.8944385593657,0
1453,1900,131217.1,1149251217.1,3783991.4605881944,900858.5439369004,5037896.350953918,52.5143567360646,13.3911822614985,74.8368149211616,-2.10162446892244,-0.8725665957208086,1.7229591018755344,2.854257510996,0
1454,1900,131217.3,1149251217.3,3783991.0665764213,900858.362057902,5037896.673476271,52.5143615334905,13.3911809994133,74.8338423674702,-2.0752589094363345,-0.8662139976583116,1.7021597098749714,2.82034996212451,0
1455,1900,131217.5,1149251217.5,3783990.676692523,900858.1830382792,5037896.9923808025,52.5143662777741,13.3911797642192,74.8308458727324,-2.052643426978153,-0.8610039862013428,1.684361120380728,2.79136978675729,0
1456,1900,131217.7,1149251217.7,3783990.2935671075,900858.0051952635,5037897.306024123,52.5143709444587,13.3911785228289,74.8278415865647,-2.0327160491734255,-0.8560966571889479,1.6686218368041796,2.76570693626007,0
1457,1900,131217.9,1149251217.9,3783989.922225089,900857.8300015499,5037897.610417901,52.5143754744431,13.3911772792032,74.8248471387588,-2.013619986018037,-0.8521870968346081,1.6536800141538939,2.74144959561811,0
1458,1900,131218.1,1149251218.1,3783989.562634954,900857.6582152043,5037897.905475644,52.514379866221,13.3911760443123,74.8218820808436,-1.9909870148571633,-0.8459008290163601,1.6356772511319468,2.71201356481323,0
1459,1900,131218.3,1149251218.3,3783989.1731026205,900857.4782749538,5037898.224383619,52.514384609605,13.3911747947257,74.8189668684383,-1.9559336316593385,-0.8348520699185961,1.6075619850315157,2.66587882054341,0
1460,1900,131218.5,1149251218.5,3783988.794352601,900857.3028577707,5037898.534534662,52.5143892228328,13.3911735731689,74.8161238174546,-1.9030763385191987,-0.8154432005642362,1.5646787429252322,2.59516217838889,0
1461,1900,131218.7,1149251218.7,3783988.429143448,900857.1327185386,5037898.833775008,52.5143936737432,13.3911723810484,74.8133833977004,-1.8305435645710304,-0.78617409731127,1.5053647482941868,2.49701471330916,0
1462,1900,131218.9,1149251218.9,3783988.08445589,900856.9707296055,5037899.116438691,52.5143978781815,13.3911712357092,74.810787164552,-1.7411740075979993,-0.7484201014683611,1.4319821843800051,2.37537208651582,0
1463,1900,131219.1,1149251219.1,3783987.7520702607,900856.8156376075,5037899.38894735,52.5144019303558,13.3911701472321,74.8083878992637,-1.6401051422952935,-0.7029171413011386,1.348494713404343,2.23662142022245,0
1464,1900,131219.3,1149251219.3,3783987.4242224908,900856.6783478395,5037899.65520808,52.5144058874823,13.3911692983709,74.8062264585139,-1.5307803568252991,-0.6554036579020042,1.258490621568143,2.08725683618679,0
1465,1900,131219.5,1149251219.5,3783987.1268642177,900856.5370547398,5037899.899792891,52.5144095211745,13.3911682881311,74.8043511008308,-1.4167800786612887,-0.6049573698425015,1.1644773750123456,1.93112577724339,0
1466,1900,131219.7,1149251219.7,3783986.8612124044,900856.4388878141,5037900.113482029,52.5144126947356,13.3911677877025,74.8028088626225,-1.2998103304236381,-0.5543653749790084,1.0682228429490046,1.77141974310147,0
1467,1900,131219.9,1149251219.9,3783986.6122297603,900856.335523923,5037900.3161156615,52.5144157007857,13.3911671559383,74.8016299728664,-1.187013518132529,-0.5055608978843773,0.9753991619895089,1.61740422866668,0
1468,1900,131220.1,1149251220.1,3783986.397191548,900856.235322019,5037900.493335789,52.5144183271612,13.3911664536846,74.8008266198164,-1.08765337688344,-0.46254187335233327,0.8936278924470491,1.48172388217562,0
1469,1900,131220.3,1149251220.3,3783986.1865661084,900856.1427070488,5037900.6663836595,52.5144208875785,13.3911658450938,74.8003943141579,-1.0080238263212662,-0.4281867021945652,0.8281160169921666,1.37303751731939,0
1470,1900,131220.5,1149251220.5,3783985.991312007,900856.0534728221,5037900.827816298,52.5144232722608,13.391165232509,74.800321822141,-0.9503338711591898,-0.40294634654673683,0.7805917171718058,1.29414978027468,0
1471,1900,131220.7,1149251220.7,3783985.820856646,900855.9726590463,5037900.969694371,52.5144253640689,13.3911646559857,74.8006007033694,-0.9136418199390246,-0.38617647443021597,0.750237972242344,1.243676267981,0
1472,1900,131220.9,1149251220.9,3783985.6405166415,900855.8906069138,5037901.119598606,52.514427570385,13.3911640954381,74.8012220060113,-0.8947587948532814,-0.37648230173933894,0.7344278831218245,1.21725779520899,0
1473,1900,131221.1,1149251221.1,3783985.4667335786,900855.8112756815,5037901.264553067,52.514429699653,13.391163551511,74.8021809400949,-0.8882346695483979,-0.3718356889673848,0.7287350108073453,1.20759153845743,0
1474,1900,131221.3,1149251221.3,3783985.2838855307,900855.7297245645,5037901.417088938,52.5144319369318,13.3911630066986,74.8034762942698,-0.8894839028090725,-0.37090113783562006,0.7295009792171061,1.20868562748257,0
1475,1900,131221.5,1149251221.5,3783985.093951906,900855.6476462763,5037901.575429963,52.5144342559808,13.391162478504,74.8051090136635,-0.8960294786402699,-0.3721446077440901,0.7346052728551254,1.21696562916621,0
1476,1900,131221.7,1149251221.7,3783984.9120092113,900855.5670966995,5037901.72795613,52.5144364852721,13.3911619449545,74.8070738311901,-0.9046416536937075,-0.3749796956585263,0.741534107490979,1.22835627011315,0
1477,1900,131221.9,1149251221.9,3783984.7297280105,900855.4859849089,5037901.881225625,52.5144387219052,13.3911614045035,74.8093488520306,-0.9131123559207539,-0.3776857881494882,0.7483344794391392,1.23952620876797,0
1478,1900,131222.1,1149251222.1,3783984.540311266,900855.4036272991,5037902.040381977,52.5144410422888,13.3911608705429,74.8118952047551,-0.9231828445686406,-0.3813235665829522,0.7564938935606206,1.25297934457512,0
1479,1900,131222.3,1149251222.3,3783984.364321582,900855.3245310708,5037902.189216053,52.5144432076928,13.3911603375107,74.8146594644716,-0.9399154696460864,-0.38754191430575546,0.7700821213846927,1.27540436689708,0
1480,1900,131222.5,1149251222.5,3783984.179718276,900855.2427750748,5037902.345148023,52.5144454760587,13.3911597957501,74.817581689733,-0.9650606223928883,-0.39691125759347967,0.790506395888699,1.30911455313839,0
1481,1900,131222.7,1149251222.7,3783983.978523975,900855.1549719446,5037902.514647823,52.5144479437022,13.3911592239361,74.8205956713572,-0.9944188374697532,-0.4086312025524851,0.8144914316232847,1.34879374857757,0
1482,1900,131222.9,1149251222.9,3783983.7586858044,900855.0603400948,5037902.699287223,52.5144506347505,13.3911586178722,74.8236231336587,-1.023549517429852,-0.42010964491835556,0.8382638026100083,1.38810371772087,0
1483,1900,131223.1,1149251223.1,3783983.559170614,900854.9724619937,5037902.8674720945,52.5144530836788,13.3911580392556,74.8265772289045,-1.0515562339330091,-0.4308129887047156,0.8610599438951136,1.42576104987502,0
1484,1900,131223.3,1149251223.3,3783983.329428719,900854.8744369869,5037903.059802706,52.5144558910943,13.3911574183552,74.8293663524406,-1.0771052997578896,-0.44097519166186394,0.8819263618772294,1.46027704707078,0
1485,1900,131223.5,1149251223.5,3783983.1160913184,900854.7815576303,5037903.238657976,52.5144585025205,13.3911568152265,74.8318996628408,-1.1041008919600053,-0.4509498952306313,0.9038386953490363,1.49643542287853,0
1486,1900,131223.7,1149251223.7,3783982.895990189,900854.6843413021,5037903.422907834,52.5144611975308,13.3911561730251,74.8340981404363,-1.1323291057376914,-0.4608446931804965,0.9266564566774341,1.53402712610805,0
1487,1900,131223.9,1149251223.9,3783982.6735834647,900854.5856385091,5037903.608629865,52.5144639190408,13.3911555173887,74.8358903596108,-1.1597428709935256,-0.46854732584457814,0.9484772045453379,1.56976085150527,0
1488,1900,131224.1,1149251224.1,3783982.449274496,900854.4869578385,5037903.795172688,52.5144666581988,13.3911548685586,74.8372108577751,-1.1860317464033638,-0.4769216361394565,0.9695779981569302,1.60443355892494,0
1489,1900,131224.3,1149251224.3,3783982.214023688,900854.3849035093,5037903.989812086,52.51446952311,13.3911542087129,74.8380028371121,-1.210575407798326,-0.48312704077503055,0.9889914862874595,1.63615669037021,0
1490,1900,131224.5,1149251224.5,3783981.9687476596,900854.280086023,5037904.191734238,52.514472501957,13.3911535434728,74.8382492218498,-1.2325831215046401,-0.48824475032341186,1.006319766333906,1.66442889897731,0
1491,1900,131224.7,1149251224.7,3783981.727165781,900854.1765273192,5037904.389996125,52.5144754330817,13.391152883668,74.837955585097,-1.2539999772708967,-0.4902229398198965,1.022649584602253,1.69075327786411,0
1492,1900,131224.9,1149251224.9,3783981.4778159196,900854.0709950267,5037904.593769635,52.5144784514939,13.3911522220825,74.8371585545611,-1.2730282316333372,-0.48880073229373,1.0365933500754614,1.71290770558342,0
1493,1900,131225.1,1149251225.1,3783981.2299071774,900853.9675142821,5037904.795539086,52.5144814455612,13.3911515849783,74.8359136182825,-1.2893400414974918,-0.480744942109958,1.0473322000518757,1.72928256200037,0
1494,1900,131225.3,1149251225.3,3783980.9710558495,900853.8632771829,5037905.00512528,52.5144845595341,13.3911509743657,74.8342865641654,-1.3018069185900414,-0.4687702516505,1.0545063713130833,1.73966390123531,0
1495,1900,131225.5,1149251225.5,3783980.719047173,900853.7653392339,5037905.208087546,52.5144875794119,13.3911504306735,74.832342157744,-1.3131140257069702,-0.4537369324549226,1.0602720029772237,1.74766197208708,0
1496,1900,131225.7,1149251225.7,3783980.4588926174,900853.6683289838,5037905.416627899,52.5144906847707,13.3911499280638,74.8301322903721,-1.3238412497398815,-0.43884430213107767,1.0656299837041223,1.75519435909389,0
1497,1900,131225.9,1149251225.9,3783980.190820705,900853.5725715226,5037905.630569502,52.5144938725213,13.3911494704154,74.8276977489925,-1.3338610456989277,-0.42306591403200006,1.07030284025098,1.76173727516281,0
1498,1900,131226.1,1149251226.1,3783979.9264981234,900853.4818320314,5037905.840583824,52.5144970044983,13.3911490718814,74.8250738001817,-1.3435260294126365,-0.4077230159723778,1.0747883329847514,1.76818274230438,0
1499,1900,131226.3,1149251226.3,3783979.659548905,900853.393488872,5037906.051934768,52.5145001580484,13.3911487166462,74.8222932237922,-1.3506801406711284,-0.3914384122278087,1.0772332646226928,1.7714379411598,0
1500,1900,131226.5,1149251226.5,3783979.393518516,900853.308751472,5037906.261807022,52.5145032911831,13.3911484099452,74.8193914727849,-1.3505045934841349,-0.3759258149319367,1.0743468550856707,1.76618346736302,0
1501,1900,131226.7,1149251226.7,3783979.1333995853,900853.2287785803,5037906.466330696,52.5145063461914,13.3911481513507,74.816416792159,-1.3395905566452855,-0.3616212327430968,1.063663313000786,1.7483284642331,0
1502,1900,131226.9,1149251226.9,3783978.863979855,900853.1478662768,5037906.67794285,52.5145095060359,13.3911479110239,74.8134282778021,-1.3123037624985965,-0.3492590496307164,1.0411094968533645,1.7111493310799,0
1503,1900,131227.1,1149251227.1,3783978.611552181,900853.0723885248,5037906.875982635,52.5145124648075,13.3911476906043,74.8104955076608,-1.2671825160001073,-0.338024060458008,1.005450095445535,1.652556107591,0
1504,1900,131227.3,1149251227.3,3783978.3760365937,900853.0011819762,5037907.060826881,52.514515227043,13.3911474736945,74.8077061853158,-1.2069494758163826,-0.32765331671873105,0.9586697102113496,1.57579546464855,0
1505,1900,131227.5,1149251227.5,3783978.1475889687,900852.9310748997,5037907.240504647,52.5145179101781,13.3911472484277,74.8051565346668,-1.1364884235909356,-0.3124264333162563,0.9033959550991759,1.48503887655525,0
1506,1900,131227.7,1149251227.7,3783977.9394735033,900852.8666520709,5037907.404415217,52.5145203566547,13.3911470352516,74.8029335881652,-1.0583794080904092,-0.29510798667585975,0.8420447798468748,1.38430311223267,0
1507,1900,131227.9,1149251227.9,3783977.7436895566,900852.8050888897,5037907.55911085,52.5145226624707,13.3911468209847,74.8011020117584,-0.9767111337438298,-0.27537214821059675,0.7776087806891604,1.27846387301095,0
1508,1900,131228.1,1149251228.1,3783977.557478041,900852.7463180444,5037907.706704957,52.5145248584348,13.3911466140749,74.7996959037873,-0.8929848468676265,-0.2546901398097516,0.7114693110710597,1.16981946669024,0
1509,1900,131228.3,1149251228.3,3783977.384992033,900852.6912256739,5037907.843943958,52.5145268964806,13.3911464130522,74.7987170982421,-0.8078831995740584,-0.2322222436300053,0.6439865311064489,1.05892449534284,0
1510,1900,131228.5,1149251228.5,3783977.2212318834,900852.6393502152,5037907.974606567,52.5145288327178,13.3911462283586,74.7981391115607,-0.7237544837742029,-0.20974514118747487,0.5772280057574375,0.949213225606199,0
1511,1900,131228.7,1149251228.7,3783977.0904501216,900852.596538206,5037908.079513722,52.5145303843656,13.3911460610363,74.7979250752342,-0.6482919715946782,-0.1890384595022558,0.5172495735505721,0.850626322743042,0
1512,1900,131228.9,1149251228.9,3783976.974240228,900852.5589821553,5037908.17303771,52.5145317639965,13.3911459193184,74.7980459532443,-0.5845510797457766,-0.1715045905168298,0.466579880080257,0.767339933729508,0
1513,1900,131229.1,1149251229.1,3783976.871626377,900852.5257562287,5037908.256048162,52.5145329846646,13.3911457932671,74.7984836063171,-0.5317192846687664,-0.15679399010561293,0.42455063591642905,0.698249952007838,0
1514,1900,131229.3,1149251229.3,3783976.769300865,900852.4917807346,5037908.339363778,52.5145342062393,13.3911456554912,74.7992284689161,-0.48755554027616627,-0.14446083229280862,0.38941066709342836,0.640484195407556,0
1515,1900,131229.5,1149251229.5,3783976.681837821,900852.4628506306,5037908.411070425,52.5145352528941,13.391145539311,74.800271426749,-0.4497402207335334,-0.13375143812962195,0.35929549890248763,0.590972900291356,0
1516,1900,131229.7,1149251229.7,3783976.5973194432,900852.4352360581,5037908.480705307,52.5145362656192,13.3911454319362,74.8015991205973,-0.4150122007527578,-0.12389170231416549,0.3316345974211119,0.545495909134626,0
1517,1900,131229.9,1149251229.9,3783976.5187298115,900852.4093671634,5037908.545941626,52.514537210279,13.3911453293506,74.8031924636706,-0.38151723401800935,-0.11430341839888099,0.30494186060552975,0.501607625201197,0
1518,1900,131230.1,1149251230.1,3783976.4426106666,900852.3844258924,5037908.609476516,52.5145381269644,13.3911452316295,74.805029016004,-0.34987982819140856,-0.1051538439251132,0.2797129236857427,0.4601223149819,0
1519,1900,131230.3,1149251230.3,3783976.379981221,900852.3628621394,5037908.662624091,52.5145388876882,13.3911451362874,74.8070852811239,-0.3236537870103351,-0.09754479512355317,0.25879488506821485,0.425724739050126,0
1520,1900,131230.5,1149251230.5,3783976.3190907263,900852.3422934379,5037908.7145420825,52.5145396279813,13.3911450492716,74.8093355900335,-0.30708877278115726,-0.09283022176477818,0.24559878456121903,0.404029364550503,0
1521,1900,131230.7,1149251230.7,3783976.258254893,900852.3229833952,5037908.766405519,52.5145403655182,13.3911449801053,74.8117523677116,-0.30502133340728177,-0.09252945360060953,0.24400289658951924,0.401418892382084,0
1522,1900,131230.9,1149251230.9,3783976.1995005608,900852.3030730884,5037908.816991465,52.5145410826208,13.3911448952366,74.8143031243256,-0.31838235217141064,-0.09681613386302815,0.2547325688839647,0.419081576307773,0
1523,1900,131231.1,1149251231.1,3783976.127579509,900852.2798774466,5037908.878101544,52.5145419540405,13.391144808208,74.8169469386289,-0.3428278312933446,-0.10454614554507305,0.2743436462508098,0.451359340986557,0
1524,1900,131231.3,1149251231.3,3783976.049762478,900852.2542702075,5037908.944093314,52.5145428970401,13.3911447067361,74.8196340171461,-0.3747806233910494,-0.1145708716000053,0.29996330268798294,0.493523032135331,0
1525,1900,131231.5,1149251231.5,3783975.9743948197,900852.2287172256,5037909.008228739,52.5145438128069,13.3911445976858,74.822305783713,-0.41599350766576076,-0.12765681444521362,0.3330353831348077,0.547959329799312,0
1526,1900,131231.7,1149251231.7,3783975.8843552377,900852.1978201383,5037909.084162715,52.5145449037019,13.3911444621093,74.8249006027274,-0.4741564207565446,-0.14599486651004445,0.3796862747018509,0.62474032972821,0
1527,1900,131231.9,1149251231.9,3783975.7869988987,900852.163264547,5037909.166030052,52.5145460838433,13.3911442990688,74.8273563361294,-0.5579482522407959,-0.17256011820496905,0.44691948432835726,0.735404835478933,0
1528,1900,131232.1,1149251232.1,3783975.667185316,900852.1220581493,5037909.2655773815,52.5145475274418,13.3911441173368,74.8296089030107,-0.6701814326341442,-0.2080464857149226,0.5369565336275571,0.883599916178813,0
1529,1900,131232.3,1149251232.3,3783975.50921813,900852.0698676282,5037909.395199039,52.514549418321,13.391143908366,74.8315901048658,-0.808860985386348,-0.25245974349186956,0.6483100410983403,1.06691045788908,0
1530,1900,131232.5,1149251232.5,3783975.325279202,900852.0072517473,5037909.545626994,52.514551620368,13.3911436386056,74.8332362727537,-0.9701512408762826,-0.30463453883946734,0.7779113271211199,1.28028968022517,0
1531,1900,131232.7,1149251232.7,3783975.1216791566,900851.9359653731,5037909.711769401,52.5145540590618,13.3911433116737,74.834490305717,-1.1476381372300342,-0.36265271882038264,0.9206343348802876,1.51530784563834,0
1532,1900,131232.9,1149251232.9,3783974.875710856,900851.8505932956,5037909.911465201,52.5145569984217,13.3911429274368,74.8353013766905,-1.3312910596208778,-0.423857366319936,1.0685235703416023,1.75890124020245,0
1533,1900,131233.1,1149251233.1,3783974.5953690843,900851.751912722,5037910.138555008,52.5145603480202,13.3911424697582,74.8356245377862,-1.509745341408265,-0.4842604324254952,1.2123918211170874,1.99592912956059,0
1534,1900,131233.3,1149251233.3,3783974.2745622704,900851.639627462,5037910.397586834,52.5145641754756,13.3911419551746,74.8354206380585,-1.6717881210945005,-0.5403393908968456,1.3432478161208805,2.21159600169221,0
1535,1900,131233.5,1149251233.5,3783973.931342425,900851.517140766,5037910.674445191,52.5145682727466,13.3911413708697,74.8346556390991,-1.805841418509294,-0.5875091285960705,1.4516391647010984,2.39029003877803,0
1536,1900,131233.7,1149251233.7,3783973.5626993943,900851.3856850463,5037910.971121923,52.5145726695722,13.3911407447723,74.833301731784,-1.902445338193502,-0.6244490416969519,1.5302735501010525,2.52011349122005,0
1537,1900,131233.9,1149251233.9,3783973.1802243916,900851.2474609389,5037911.278556233,52.5145772323586,13.3911400688738,74.8313414266539,-1.9597275952384796,-0.6489453376392708,1.577360925053862,2.59802420825321,0
1538,1900,131234.1,1149251234.1,3783972.7787598274,900851.1032778027,5037911.600449783,52.5145820157908,13.3911393723667,74.8287727348406,-1.9843267474270887,-0.662700353605639,1.598156503982001,2.63264669305313,0
1539,1900,131234.3,1149251234.3,3783972.3875168185,900850.9595252131,5037911.913897402,52.5145866814163,13.3911386471588,74.8256141552249,-1.986991323435669,-0.6691295583714582,1.601286134386819,2.6381785704297,0
1540,1900,131234.5,1149251234.5,3783971.9905955764,900850.8133709853,5037912.231315224,52.51459141211,13.3911379069073,74.8219059278623,-1.9774835685704049,-0.6712845094566138,1.5945751537013302,2.6274957806634,0
1541,1900,131234.7,1149251234.7,3783971.604847137,900850.6691524972,5037912.5394433215,52.5145960112979,13.3911371562786,74.8177135448708,-1.9637319200071706,-0.6723826871528651,1.5845102354670324,2.61132422688906,0
1542,1900,131234.9,1149251234.9,3783971.2268770426,900850.5261164743,5037912.841068826,52.5146005190135,13.3911363960586,74.8131328836706,-1.95044170465337,-0.6720298749244771,1.5745318667993762,2.59518739123187,0
1543,1900,131235.1,1149251235.1,3783970.858415527,900850.3849399571,5037913.134945445,52.5146049153204,13.3911356300464,74.8082947435278,-1.9365614886055609,-0.6700646361863516,1.5638269307129244,2.57775322423244,0
1544,1900,131235.3,1149251235.3,3783970.4803661616,900850.2414684343,5037913.436263547,52.514609422624,13.391134863856,74.8033619258633,-1.9161410700830483,-0.6636298802029235,1.5474486757606332,2.55080352486633,0
1545,1900,131235.5,1149251235.5,3783970.1048944215,900850.099314899,5037913.735504893,52.5146138985127,13.3911341077582,74.7984929708023,-1.8805274354941544,-0.6524818581483129,1.5188980603201336,2.50383053110692,0
1546,1900,131235.7,1149251235.7,3783969.739474413,900849.9604541679,5037914.026918907,52.5146182564288,13.3911333645538,74.7938278494322,-1.8266553490165334,-0.6338285050167697,1.4753922947104097,2.43211651882745,0
1547,1900,131235.9,1149251235.9,3783969.379238344,900849.8225918096,5037914.314702051,52.5146225568788,13.3911326179708,74.7894913111679,-1.7589720738917338,-0.6116772247333315,1.4209611365938701,2.34249062659781,0
1548,1900,131236.1,1149251236.1,3783969.0391163602,900849.7037691014,5037914.584646697,52.5146265887993,13.3911320755994,74.7855910686922,-1.688754290550214,-0.5877197334593239,1.364318274458355,2.249148704059,0
1549,1900,131236.3,1149251236.3,3783968.7208998674,900849.5777647411,5037914.840190287,52.5146304018661,13.3911313555888,74.782219645508,-1.6277156432086524,-0.5672188591712333,1.3151376716274843,2.16812881182817,0
1550,1900,131236.5,1149251236.5,3783968.410958552,900849.4703980464,5037915.087015928,52.5146340790718,13.3911308744173,74.7794563020395,-1.5812393461756216,-0.5512246229875671,1.2776220772711924,2.10629642434593,0
1551,1900,131236.7,1149251236.7,3783968.0965742697,900849.3541179416,5037915.33958394,52.5146378332224,13.3911302806774,74.777363049339,-1.549055034037775,-0.5404911807489643,1.2517037150156003,2.06360471145252,0
1552,1900,131236.9,1149251236.9,3783967.8000335447,900849.2440756347,5037915.57863846,52.5146413793887,13.3911297154501,74.7759895249249,-1.5318016014514448,-0.5345441424852215,1.237774993753592,2.04064708404863,0
1553,1900,131237.1,1149251237.1,3783967.501976423,900849.1294652598,5037915.82059064,52.514644959465,13.3911290899374,74.7753737949559,-1.5307807912065503,-0.5352328720322788,1.2371355665380435,2.03967361801448,0
1554,1900,131237.3,1149251237.3,3783967.2059379793,900849.015366045,5037916.061934934,52.5146485213692,13.3911284648627,74.7755428507765,-1.5504490488411604,-0.5413800512639848,1.2529011378588715,2.06561029098112,0
1555,1900,131237.5,1149251237.5,3783966.9058918543,900848.8993821698,5037916.30760959,52.5146521378689,13.3911278264535,74.7765098884161,-1.591031932102217,-0.5571551578172511,1.2859805488379827,2.12027131538417,0
1556,1900,131237.7,1149251237.7,3783966.5856087627,900848.7808508992,5037916.569834798,52.5146559894703,13.3911272205783,74.7782703894796,-1.649970546460969,-0.5786575983850256,1.3337718601713224,2.19913501071269,0
1557,1900,131237.9,1149251237.9,3783966.254466569,900848.6530490988,5037916.842782434,52.5146599903498,13.3911265189055,74.7808039456248,-1.7200289442619,-0.6051291821727576,1.3907418825241171,2.29321692825221,0
1558,1900,131238.1,1149251238.1,3783965.9131514383,900848.508300517,5037917.12726467,52.5146641528663,13.3911256090969,74.7840793478982,-1.7908585507242971,-0.631925328888882,1.448344902031956,2.38834815829594,0
1559,1900,131238.3,1149251238.3,3783965.559609121,900848.3705003492,5037917.420520672,52.5146684367091,13.3911248405682,74.7880575088869,-1.8563474320232385,-0.6566623760388658,1.5015976174226981,2.47629292878161,0
1560,1900,131238.5,1149251238.5,3783965.1809878,900848.224437983,5037917.734779787,52.5146730230307,13.3911240392011,74.7926903080917,-1.914643871585241,-0.6790027926384743,1.5490585600303692,2.55469927189349,0
1561,1900,131238.7,1149251238.7,3783964.804857332,900848.0786925738,5037918.047861518,52.514677585111,13.3911232338783,74.7979081712288,-1.9679901416763659,-0.6977159849267491,1.5921820657906356,2.62580207250718,0
1562,1900,131238.9,1149251238.9,3783964.434942142,900847.9109522101,5037918.360812402,52.5146821396848,13.391122092174,74.8036017920528,-2.0149308607855247,-0.712400728936651,1.6298110563933597,2.68770259736404,0
1563,1900,131239.1,1149251239.1,3783964.0356283775,900847.7565136008,5037918.693743466,52.5146869854954,13.3911212413694,74.8096203455542,-2.051832834357237,-0.7220351010116458,1.6590533957230877,2.73565546754332,0
1564,1900,131239.3,1149251239.3,3783963.635584242,900847.6014795081,5037919.027506601,52.5146918419064,13.3911203845232,74.8157828848519,-2.0745236568667096,-0.7274620161234616,1.6769459187399631,2.76495877043052,0
1565,1900,131239.5,1149251239.5,3783963.2289668447,900847.4447153991,5037919.366447757,52.5146967750905,13.3911195253107,74.821918999422,-2.0814687670549796,-0.7268191014188441,1.682012951923761,2.77307515312008,0
1566,1900,131239.7,1149251239.7,3783962.82438057,900847.289157288,5037919.703447321,52.5147016815749,13.3911186764504,74.8278869129481,-2.0750409704845434,-0.7216874844426718,1.676305617367838,2.76344501975516,0
1567,1900,131239.9,1149251239.9,3783962.429907767,900847.1371842221,5037920.031914393,52.5147064653194,13.3911178444606,74.8335768359559,-2.0622599859481197,-0.7142166451663343,1.665442897524979,2.74530903739302,0
1568,1900,131240.1,1149251240.1,3783962.033282131,900846.9861111207,5037920.3613813715,52.51471126798,13.391117032711,74.8389125744978,-2.047279569964115,-0.7057873361449867,1.6527690153039853,2.72417598906605,0
1569,1900,131240.3,1149251240.3,3783961.630238567,900846.833678168,5037920.695381504,52.5147161421982,13.3911162233695,74.8438543134493,-2.0303934058115463,-0.6975715553028734,1.6387112419785232,2.70082913041856,0
1570,1900,131240.5,1149251240.5,3783961.236858,900846.6850848952,5037921.0209848415,52.514720897123,13.3911154360841,74.8483949359753,-2.0142397504501957,-0.6883549011993163,1.6250222106675043,2.67800138675496,0
1571,1900,131240.7,1149251240.7,3783960.8449880574,900846.5381343128,5037921.344696343,52.5147256285097,13.3911146671842,74.8525602411533,-1.9999595479725065,-0.6777367144100761,1.6124819732956888,2.65692742877733,0
1572,1900,131240.9,1149251240.9,3783960.4782829285,900846.3993909825,5037921.647778348,52.5147300589563,13.3911139300424,74.8564104814339,-1.988628078225871,-0.6617314871051949,1.6011848864519398,2.63748426253824,0
1573,1900,131241.1,1149251241.1,3783960.1054201475,900846.2606410979,5037921.955181753,52.514734555762,13.391113213813,74.8600435049882,-1.9777849214352625,-0.6474968979329294,1.5905666077993779,2.61931051273725,0
1574,1900,131241.3,1149251241.3,3783959.7255167607,900846.1241946795,5037922.267316035,52.5147391234762,13.3911125546098,74.8635870972313,-1.9669327072700578,-0.6305879605054798,1.5794665644456913,2.60022692837857,0
1575,1900,131241.5,1149251241.5,3783959.3465538486,900845.9891968376,5037922.578530655,52.5147436772446,13.3911119129556,74.8671619031244,-1.9523307927164701,-0.6158672379150845,1.5659576595417994,2.57742339758211,0
1576,1900,131241.7,1149251241.7,3783958.975483395,900845.8597225434,5037922.883028527,52.5147481304087,13.3911113235268,74.8708578593933,-1.9358394709374411,-0.5989081846497781,1.5506415774614108,2.55159847402209,0
1577,1900,131241.9,1149251241.9,3783958.595720258,900845.7297693265,5037923.194326564,52.5147526818533,13.3911107568897,74.8747361862559,-1.9191997881969762,-0.5844556101185272,1.5356599983387722,2.52649318576405,0
1578,1900,131242.1,1149251242.1,3783958.222966607,900845.6043898022,5037923.499851055,52.5147571455456,13.3911102318792,74.8788274972538,-1.9066439659303953,-0.5680484518182397,1.523378096680264,2.50572366430879,0
1579,1900,131242.3,1149251242.3,3783957.8457797626,900845.480314838,5037923.808718744,52.5147616561196,13.391109740686,74.8831310717469,-1.901031511368646,-0.5593466957515294,1.5176450129754924,2.49600399011582,0
1580,1900,131242.5,1149251242.5,3783957.4750209376,900845.3598462843,5037924.112407756,52.5147660878256,13.3911092792423,74.8876391029642,-1.913803133805997,-0.5537353702280474,1.5261765892131909,2.50967732520929,0
1581,1900,131242.7,1149251242.7,3783957.1044219215,900845.2397281568,5037924.416172441,52.5147705182581,13.3911088222748,74.8923512154234,-1.94646740410168,-0.5652947234833843,1.5525991821010605,2.55320537753808,0
1582,1900,131242.9,1149251242.9,3783956.718131557,900845.1139250394,5037924.732920003,52.5147751379303,13.3911083373737,74.8972747171623,-1.9967980761867972,-0.5921732485315372,1.5949229879249245,2.62329011943991,0
1583,1900,131243.1,1149251243.1,3783956.321003511,900844.9814364525,5037925.059215823,52.5147798960415,13.3911077936445,74.9024166228111,-2.0588719550889727,-0.6293030875874728,1.6478287743313584,2.71114657903504,0
1584,1900,131243.3,1149251243.3,3783955.918468396,900844.8422950665,5037925.391025708,52.5147847328036,13.3911071730291,74.9077953515743,-2.128824543154876,-0.6772974870603866,1.7085422902581526,2.81242645754826,0
1585,1900,131243.5,1149251243.5,3783955.5067456593,900844.6924781668,5037925.731915965,52.514789700589,13.3911064307807,74.9134357169321,-2.2048577171876524,-0.7507119432244858,1.7783072920053145,2.9304168303402,0
1586,1900,131243.7,1149251243.7,3783955.0787444236,900844.5240788616,5037926.088594917,52.5147948983314,13.3911054777867,74.9193485755113,-2.2868696986739994,-0.8591474329157864,1.8587531150447862,3.06966944032868,0
1587,1900,131243.9,1149251243.9,3783954.635577576,900844.3277853584,5037926.461883739,52.5148003381798,13.3911041768161,74.9255319826496,-2.361522839116959,-1.0250033209547835,1.9439074610860296,3.22586393775455,0
1588,1900,131244.1,1149251244.1,3783954.174394409,900844.0915195805,5037926.856031068,52.5148060830911,13.3911023645196,74.9319673561002,-2.4116568660708775,-1.2415101612320638,2.0197652692807364,3.38184684205272,0
1589,1900,131244.3,1149251244.3,3783953.7001551175,900843.8070826443,5037927.2687412845,52.5148120996426,13.3910999064887,74.9386140533236,-2.4237506418509116,-1.4840252667366596,2.0718619641021836,3.51703144206572,0
1590,1900,131244.5,1149251244.5,3783953.233332938,900843.4733188669,5037927.684862416,52.5148181648576,13.3910967163193,74.945406321964,-2.387587265340834,-1.7349133715737568,2.089442799008355,3.61611235539094,0
1591,1900,131244.7,1149251244.7,3783952.7788338168,900843.0913037175,5037928.100432916,52.5148242212627,13.3910927926858,74.9522565932297,-2.311868153473165,-1.9709290139998041,2.0748708664711026,3.67891079666254,0
1592,1900,131244.9,1149251244.9,3783952.3369432236,900842.6610108071,5037928.515117737,52.5148302650888,13.3910881342359,74.9590642901499,-2.2009343151646017,-2.200792920653646,2.03293378827849,3.71758269938849,0
1593,1900,131245.1,1149251245.1,3783951.923948081,900842.1882921512,5037928.915598903,52.5148361008562,13.3910827692646,74.965728265567,-2.0743857789335363,-2.4220739211787676,1.9778226665623586,3.752505954674,0
1594,1900,131245.3,1149251245.3,3783951.5279933633,900841.6694166887,5037929.311265956,52.514841868314,13.3910766847497,74.9721550747112,-1.9357532681909269,-2.6512977030638623,1.9151068480096203,3.80054660080322,0
1595,1900,131245.5,1149251245.5,3783951.167350113,900841.1036412392,5037929.688508548,52.5148473675116,13.3910698077109,74.9782566693091,-1.79129421284527,-2.885611922401506,1.8489481656435638,3.86705319887319,0
1596,1900,131245.7,1149251245.7,3783950.833849696,900840.4906578242,5037930.053375025,52.5148526887002,13.3910621616016,74.9839531565811,-1.6327295688753691,-3.132264774516015,1.7744572905087932,3.95292134232312,0
1597,1900,131245.9,1149251245.9,3783950.5252805287,900839.8251409353,5037930.4083775,52.5148578697545,13.3910536776537,74.989178083349,-1.4565566714569238,-3.3874441228874463,1.6883439041998451,4.05547039955899,0
1598,1900,131246.1,1149251246.1,3783950.2611300084,900839.111298912,5037930.738169134,52.5148626846122,13.391044349691,74.9938834273226,-1.2551254109540169,-3.650752537065003,1.5848299490816191,4.17313070147762,0
1599,1900,131246.3,1149251246.3,3783950.042124065,900838.3472604934,5037931.042503365,52.5148671299793,13.3910341484225,74.9980395739677,-1.028555540996077,-3.915544268069869,1.4628243782721853,4.30456369192,0
1600,1900,131246.5,1149251246.5,3783949.8616183205,900837.5276782793,5037931.32727005,52.5148712929889,13.3910230198887,75.0016330035607,-0.7724522671572437,-4.177000317309337,1.3181924557382605,4.4476561812042,0
1601,1900,131246.7,1149251246.7,3783949.746730502,900836.6600677668,5037931.570903321,52.514874855175,13.3910109792738,75.0046641637756,-0.4894809910854976,-4.4276564864926,1.1515970033661083,4.60107696753443,0
1602,1900,131246.9,1149251246.9,3783949.689243756,900835.7452200411,5037931.779408667,52.5148779050737,13.3909980659452,75.0071455241286,-0.18574844018954284,-4.659939955469735,0.9662489814205945,4.76268621323224,0
1603,1900,131247.1,1149251247.1,3783949.6895086546,900834.7860849648,5037931.952027908,52.5148804312349,13.3909843209777,75.0090987656373,0.13610828967638622,-4.871516124499442,0.7637011707163956,4.93289309593572,0
1604,1900,131247.3,1149251247.3,3783949.7686653193,900833.7914792466,5037932.071459493,52.5148821778308,13.3909697985942,75.0105527039005,0.46410015306317487,-5.061350123434273,0.5527143590645386,5.11254801315132,0
1605,1900,131247.5,1149251247.5,3783949.9046401563,900832.7609709905,5037932.154300764,52.5148833894657,13.3909545679086,75.0115488746247,0.7856466555177827,-5.230927018175755,0.3429381545476613,5.30070228504223,0
1606,1900,131247.7,1149251247.7,3783950.1059181113,900831.700008769,5037932.193320731,52.5148839587366,13.3909386780519,75.0121405075103,1.0822612726839789,-5.384993981336175,0.14900784171866713,5.49469316507046,0
1607,1900,131247.9,1149251247.9,3783950.3730621166,900830.6132622166,5037932.187343178,52.514883867594,13.3909221940186,75.0123856718846,1.3090739323772775,-5.537992349922788,0.00696432404090038,5.69061352843807,0
1608,1900,131248.1,1149251248.1,3783950.672408059,900829.4947613048,5037932.162619097,52.5148835029852,13.3909051451028,75.0123439470371,1.4685869369651956,-5.697944586512903,-0.08363438718895917,5.88475274018518,0
1609,1900,131248.3,1149251248.3,3783951.0040258886,900828.345659544,5037932.1189662125,52.5148828615229,13.3908875475956,75.0120747003512,1.5809505920852507,-5.864592520116511,-0.13786756280033713,6.07551295500995,0
1610,1900,131248.5,1149251248.5,3783951.3508251105,900827.1618744256,5037932.069933809,52.5148821426035,13.3908694012988,75.0116363404113,1.6647925143158053,-6.034482535932847,-0.1702460016285183,6.26222782189142,0
1611,1900,131248.7,1149251248.7,3783951.7154807025,900825.9447591482,5037932.013355769,52.5148813135897,13.390850716478,75.0110843789472,1.7331777769137982,-6.203296325779751,-0.1912840687232643,6.44370856780222,0
1612,1900,131248.9,1149251248.9,3783952.09352603,900824.6945403976,5037931.952588188,52.5148804234456,13.3908315116191,75.0104695904523,1.8007074082375116,-6.361461137683194,-0.21357529792932392,6.61485822858061,0
1613,1900,131249.1,1149251249.1,3783952.488462855,900823.415962149,5037931.884232127,52.5148794214568,13.3908118427559,75.009836583195,1.8639795906595205,-6.501818095554608,-0.23585320172448465,6.76784198950007,0
1614,1900,131249.3,1149251249.3,3783952.8951559253,900822.1117696785,5037931.811679646,52.514878357263,13.3907917667457,75.009223798039,1.9219776306353449,-6.618634605763967,-0.2583774153532358,6.89688922239901,0
1615,1900,131249.5,1149251249.5,3783953.3099038033,900820.7862102918,5037931.736977667,52.5148772607208,13.390771357078,75.00866281572,1.9754996111903205,-6.713791720265325,-0.28140924102823145,7.00405519237623,0
1616,1900,131249.7,1149251249.7,3783953.735271852,900819.4428327482,5037931.657610329,52.5148760944149,13.390750655854,75.0081761617072,2.0226150536628467,-6.7967755912431755,-0.3018235573460762,7.09776215104392,0
1617,1900,131249.9,1149251249.9,3783954.170113373,900818.0834778306,5037931.574124204,52.5148748662489,13.3907296933634,75.0077781316915,2.0711827249080055,-6.878068998673455,-0.3236216521592048,7.19043545303179,0
1618,1900,131250.1,1149251250.1,3783954.6163850017,900816.707001426,5037931.485269628,52.5148735577048,13.3907084465368,75.0074742183883,2.117580464182082,-6.974331014509633,-0.34114234560036233,7.29669913194989,0
1619,1900,131250.3,1149251250.3,3783955.0651484104,900815.3073290733,5037931.398790521,52.5148722831689,13.3906868588211,75.0072616291704,2.1651575190217,-7.096690691996566,-0.3549077841012333,7.42811452491563,0
1620,1900,131250.5,1149251250.5,3783955.52960501,900813.8815890723,5037931.305335849,52.5148709046666,13.3906648440313,75.0071308881963,2.2158214276904964,-7.247407044374742,-0.3659399275251752,7.58740307989645,0
1621,1900,131250.7,1149251250.7,3783956.0095805284,900812.425402269,5037931.205795325,52.5148694355041,13.3906423400103,75.007067667969,2.266680608969245,-7.424496293900219,-0.37243383837509614,7.77172395065484,0
1622,1900,131250.9,1149251250.9,3783956.4847580264,900810.9281601486,5037931.117189141,52.5148681272184,13.3906192640496,75.0070547450167,2.323291704078213,-7.6172522056314715,-0.38043668634392164,7.97276285730063,0
1623,1900,131251.1,1149251251.1,3783956.9908025777,900809.3955195885,5037931.0118797915,52.5148665719155,13.3905955755451,75.0070728503444,2.3805519317133688,-7.817134987825939,-0.38765823220951495,8.18076437886317,0
1624,1900,131251.3,1149251251.3,3783957.501021972,900807.8213318529,5037930.9108486045,52.5148650796551,13.3905712774435,75.0071022753147,2.438000260723239,-8.01680900818963,-0.39505739170064347,8.38863172918053,0
1625,1900,131251.5,1149251251.5,3783958.0200183704,900806.2071548036,5037930.810362699,52.5148635955247,13.390546376369,75.007125060037,2.494275620465669,-8.212809259604917,-0.4022341341037864,8.59263865783613,0
1626,1900,131251.7,1149251251.7,3783958.5411317577,900804.5508872905,5037930.715746251,52.514862198311,13.3905208649322,75.0071270998153,2.5494910880738324,-8.405373440327393,-0.4092306061488863,8.7930470923644,0
1627,1900,131251.9,1149251251.9,3783959.085698542,900802.8611121372,5037930.609546575,52.5148606303844,13.3904947933372,75.0071005322642,2.606171271716517,-8.597396459412225,-0.4174161742173878,8.99341930748993,0
1628,1900,131252.1,1149251252.1,3783959.6292276983,900801.1283506356,5037930.511720431,52.514859186431,13.3904681093036,75.0070464663274,2.6618171752051496,-8.786735014725211,-0.42530709385284965,9.19091230603887,0
1629,1900,131252.3,1149251252.3,3783960.197173091,900799.3629225281,5037930.4014574615,52.5148575590277,13.3904408738794,75.006975066582,2.716438201268492,-8.969381374562467,-0.4336221780799163,9.3817304873345,0
1630,1900,131252.5,1149251252.5,3783960.780708613,900797.5637851324,5037930.285541122,52.5148558482199,13.390413102232,75.0068970015857,2.766300172816311,-9.139487655590054,-0.4406140968894617,9.55912088192132,0
1631,1900,131252.7,1149251252.7,3783961.3710594233,900795.7313526066,5037930.1704560295,52.5148541496573,13.3903848302297,75.0068214814367,2.805810069788021,-9.289420745635349,-0.4434657534396307,9.71403982963,0
1632,1900,131252.9,1149251252.9,3783961.9719418376,900793.872417331,5037930.052235347,52.5148524046488,13.3903561425278,75.0067581716207,2.8360504164225278,-9.415078332447694,-0.443713342883671,9.84295501875679,0
1633,1900,131253.1,1149251253.1,3783962.568543465,900791.9876755698,5037929.94182209,52.5148507746428,13.3903270996325,75.0067195126641,2.8586360869207628,-9.5209303599855,-0.4417677457743066,9.95063183613713,0
1634,1900,131253.3,1149251253.3,3783963.1689476874,900790.0831885209,5037929.832128233,52.5148491547924,13.3902977608242,75.0067207741067,2.877970340174973,-9.612919420346774,-0.43985862555529914,10.0441230912152,0
1635,1900,131253.5,1149251253.5,3783963.781501128,900788.1635176551,5037929.71613883,52.5148474413009,13.390268162995,75.0067796921127,2.899634407181455,-9.692844645272153,-0.4418304015958982,10.1269112327731,0
1636,1900,131253.7,1149251253.7,3783964.4001866817,900786.2298708191,5037929.598149509,52.514845697406,13.3902383439789,75.0069129341407,2.92649346146221,-9.76239271610038,-0.4495211064123799,10.2015069841892,0
1637,1900,131253.9,1149251253.9,3783965.0108466474,900784.2803687335,5037929.489074063,52.5148440841081,13.3902083251416,75.0071343476723,2.956449715370648,-9.822489391261682,-0.46120121693409727,10.2681351434165,0
1638,1900,131254.1,1149251254.1,3783965.6531989863,900782.3263056887,5037929.3572855815,52.5148421342717,13.3901781328399,75.0074528821651,2.983726023243706,-9.868771017964052,-0.47333558717860347,10.3208192002805,0
1639,1900,131254.3,1149251254.3,3783966.28887761,900780.3616136563,5037929.232486802,52.5148402865007,13.3901478109963,75.0078696206807,3.0067137968071385,-9.895691706605216,-0.4857090372280195,10.3537894259508,0
1640,1900,131254.5,1149251254.5,3783966.9207644225,900778.3912852061,5037929.111629977,52.5148384958912,13.3901174213218,75.0083758744719,3.032919172983819,-9.902580735609986,-0.5040407429433393,10.3688842700492,0
1641,1900,131254.7,1149251254.7,3783967.565187368,900776.4227520633,5037928.981193198,52.5148365629553,13.3900870146128,75.0089555670092,3.057658009983602,-9.897347846034622,-0.5234312060257894,10.3721139175611,0
1642,1900,131254.9,1149251254.9,3783968.203490471,900774.4540703975,5037928.855413336,52.5148346981779,13.3900566266541,75.0095872911484,3.0816241948431857,-9.886171536097534,-0.5433007785882166,10.3695694730014,0
1643,1900,131255.1,1149251255.1,3783968.8641351447,900772.492596229,5037928.71171915,52.5148325685374,13.3900262657681,75.0102467202603,3.103389050791196,-9.870492314234816,-0.5623277326973666,10.3621356198855,0
1644,1900,131255.3,1149251255.3,3783969.513814681,900770.5308154465,5037928.576261918,52.5148305605068,13.3899959378953,75.0109082191358,3.1226534211059436,-9.847409592537042,-0.5808040094366455,10.3469692842355,0
1645,1900,131255.6,1149251255.6,3783970.497078274,900767.6011815796,5037928.364178942,52.5148274176016,13.3899506030837,75.0118558119065,3.132900345036229,-9.79878246094605,-0.5970914272931676,10.3047426198532,0
1646,1900,131255.8,1149251255.8,3783971.153388251,900765.6563568806,5037928.220657808,52.5148252914562,13.3899204955759,75.0124350798329,3.1289367775545545,-9.755448748994443,-0.6018345776536962,10.2626132398649,0
1647,1900,131256.0,1149251256.0,3783971.801653354,900763.7192137135,5037928.081710699,52.5148232334401,13.3898905255872,75.0129644096887,3.121041276736692,-9.70636518480194,-0.6046653523250547,10.2137184188782,0
1648,1900,131256.2,1149251256.2,3783972.449679288,900761.7935448585,5037927.940839541,52.5148211476054,13.3898607208405,75.0134430887957,3.1140372976447055,-9.658751416147945,-0.6079001680498961,10.1665259466731,0
1649,1900,131256.4,1149251256.4,3783973.09732504,900759.8766879454,5037927.798624516,52.5148190424998,13.3898310436659,75.0138728101032,3.107065859580707,-9.612800396062497,-0.6108639049497572,10.1209161848462,0
1650,1900,131256.6,1149251256.6,3783973.747117747,900757.9694873986,5037927.653024548,52.514816888036,13.3898014975434,75.0142490454505,3.0974814106193116,-9.567392352472977,-0.6117816702755775,10.0749026956778,0
1651,1900,131256.8,1149251256.8,3783974.3944324614,900756.0717815198,5037927.507499544,52.5148147354859,13.3897720959322,75.014556446052,3.0874402763113533,-9.522149295219178,-0.6123293595104706,10.0288863741071,0
1652,1900,131257.0,1149251257.0,3783975.0435747807,900754.1838364186,5037927.358752081,52.5148125365093,13.3897428279587,75.0147649340807,3.077057226258587,-9.481519309041591,-0.6118026319401711,9.98708125739686,0
1653,1900,131257.2,1149251257.2,3783975.68662483,900752.301531105,5037927.21336866,52.5148103888718,13.3897136615859,75.0148315304182,3.0678913419761487,-9.453245067806423,-0.6099896000441237,9.95730319465771,0
1654,1900,131257.4,1149251257.4,3783976.319768486,900750.4209319586,5037927.074828663,52.5148083445557,13.3896845534564,75.0147047951887,3.0647770689322256,-9.445469162744766,-0.6090510169831347,9.94890392595603,0
1655,1900,131257.6,1149251257.6,3783976.95293356,900748.5403184964,5037926.935959962,52.5148062983099,13.3896554450514,75.0143285102834,3.070584336169284,-9.460418128629808,-0.6107326608202941,9.96498839522798,0
1656,1900,131257.8,1149251257.8,3783977.578266601,900746.6539198784,5037926.803574924,52.5148043513987,13.3896262804652,75.0136457522867,3.08269133587843,-9.484445895022866,-0.6155020038107792,9.99182378370491,0
1657,1900,131258.0,1149251258.0,3783978.2169077867,900744.764932058,5037926.661262903,52.5148022621485,13.3895970333841,75.0126001852816,3.087568995063068,-9.48674534031331,-0.6187366461553017,9.99571180499551,0
1658,1900,131258.2,1149251258.2,3783978.834842162,900742.9265538831,5037926.524890213,52.514800265444,13.3895685821591,75.0111415366245,3.0812894387173895,-9.44822649464184,-0.620896260392208,9.95735108677867,0
1659,1900,131258.4,1149251258.4,3783979.476394725,900741.0543303405,5037926.376331696,52.5147980941398,13.3895395653797,75.0092266029816,3.0636483490827913,-9.380800093258836,-0.6197132601045481,9.88784082200316,0
1660,1900,131258.6,1149251258.6,3783980.1136941127,900739.1959099566,5037926.227883601,52.5147959301437,13.3895107609061,75.0068271487067,3.0299351275568043,-9.319717294015117,-0.6054126407409656,9.81856210364512,0
1661,1900,131258.8,1149251258.8,3783980.7233990696,900737.3407340109,5037926.098824702,52.5147940582416,13.3894820970528,75.0039347335341,3.0021391301220754,-9.284980577847755,-0.5908476937964918,9.77613444490637,0
1662,1900,131259.0,1149251259.0,3783981.3466545814,900735.4931261294,5037925.95771498,52.5147920139317,13.3894534954287,75.0005691068697,2.985223846527601,-9.2820287868387,-0.5787556803705903,9.76742432533473,0
1663,1900,131259.2,1149251259.2,3783981.9629359622,900733.6441596267,5037925.821514294,52.5147900470845,13.3894248981275,74.9967791980313,2.980625942950943,-9.30000128194692,-0.5721372777537957,9.78271413875526,0
1664,1900,131259.4,1149251259.4,3783982.5868720394,900731.791453437,5037925.67982565,52.5147880032924,13.3893962211299,74.9926398271679,2.98437595784803,-9.326164344181574,-0.5702924505147134,9.80862246758326,0
1665,1900,131259.6,1149251259.6,3783983.2076271125,900729.933621836,5037925.541099877,52.5147860062268,13.3893674815397,74.9882466414618,2.988018905550467,-9.356867232679575,-0.5675615294368512,9.83876757930669,0
1666,1900,131259.8,1149251259.8,3783983.8138399175,900728.0643139564,5037925.415078115,52.5147841984602,13.389338627104,74.9837083203337,2.9921121689770906,-9.392020486740616,-0.5643762585386757,9.87326210612776,0
1667,1900,131260.0,1149251260.0,3783984.4385731723,900726.1934702335,5037925.275461171,52.5147821903967,13.3893096874893,74.9791306491037,2.9990374009460705,-9.432851358185232,-0.5622955803534644,9.91408525268849,0
1668,1900,131260.2,1149251260.2,3783985.0522523085,900724.3109377323,5037925.146232172,52.5147803351195,13.3892806180858,74.9746051246039,3.006363880768186,-9.482315939606343,-0.5589810309448136,9.96318218015992,0
1669,1900,131260.4,1149251260.4,3783985.677407102,900722.4186484575,5037925.010330091,52.5147783798455,13.3892513697297,74.9702038981864,3.0163557618120778,-9.53364981365056,-0.5573231563369295,10.0149633025651,0
1670,1900,131260.6,1149251260.6,3783986.3272642554,900720.5443199218,5037924.853034456,52.5147761065488,13.3892222944894,74.9659825112871,3.028150903839444,-9.578451736671065,-0.5581706849453054,10.0612121576723,0
1671,1900,131260.8,1149251260.8,3783986.957467603,900718.6334897788,5037924.717167039,52.5147741470436,13.3891927632328,74.9619860798443,3.0365010870897677,-9.618546376786917,-0.5572840867266708,10.1018482867056,0
1672,1900,131261.0,1149251261.0,3783987.5902413926,900716.7160118482,5037924.58089598,52.5147721784695,13.3891631279502,74.9582549289162,3.04520922693659,-9.658378996285327,-0.5567111288745084,10.1423622175861,0
1673,1900,131261.2,1149251261.2,3783988.2213966334,900714.7884205021,5037924.448017243,52.5147702563675,13.3891333532686,74.9548328770498,3.0543986767044635,-9.701181931495146,-0.5559698149414805,10.185842359832,0
1674,1900,131261.4,1149251261.4,3783988.853495727,900712.8523726863,5037924.316385599,52.5147683484942,13.3891034541913,74.9517681472041,3.0656322330172157,-9.738566087109778,-0.5577159236808584,10.2249116119723,0
1675,1900,131261.6,1149251261.6,3783989.4881343525,900710.9114190327,5037924.184236338,52.5147664282665,13.3890734761551,74.9491054553192,3.0822083157063904,-9.759249997664979,-0.5664137729840558,10.2500630817844,0
1676,1900,131261.8,1149251261.8,3783990.1242483216,900708.967475775,5037924.052066926,52.514764502623,13.389043450249,74.9468795657755,3.0978667170733027,-9.761024033093532,-0.5777851759336307,10.2571050536157,0
1677,1900,131262.0,1149251262.0,3783990.753732696,900707.0232287565,5037923.92547592,52.5147626539703,13.3890134426057,74.9451132198175,3.10843753337177,-9.742615890826308,-0.5889449931354721,10.2434273805204,0
1678,1900,131262.2,1149251262.2,3783991.3933291486,900705.0864165766,5037923.790617419,52.5147606776724,13.3889835070127,74.9438214102779,3.1033911507024268,-9.699861143217216,-0.5927768861084393,10.2014571149742,0
1679,1900,131262.4,1149251262.4,3783992.038143594,900703.1630695664,5037923.650085915,52.5147586119111,13.3889537465765,74.9430152895115,3.0775109308295,-9.634444591179324,-0.5850896108321714,10.1309390464351,0
1680,1900,131262.6,1149251262.6,3783992.678407472,900701.2542399025,5037923.510991338,52.5147565615967,13.3889242096942,74.9427017650768,3.042321695749709,-9.557580548813307,-0.5724899685275152,10.0464328003301,0
1681,1900,131262.8,1149251262.8,3783993.2944987887,900699.3567306949,5037923.388542199,52.5147547512987,13.3888949174836,74.9428818781347,3.009852474710157,-9.477166688125967,-0.5625499540196471,9.95953627458683,0
1682,1900,131263.0,1149251263.0,3783993.914644676,900697.4774888974,5037923.26043928,52.5147528517841,13.3888658732128,74.9435508465297,2.97779035133118,-9.398898525968137,-0.5525325176160844,9.87480739361281,0
1683,1900,131263.2,1149251263.2,3783994.5430306285,900695.6181749634,5037923.123248886,52.5147508124982,13.3888370863996,74.9446958525365,2.9472503834099864,-9.323790032422137,-0.5430895107473018,9.79358420640209,0
1684,1900,131263.4,1149251263.4,3783995.1547890673,900693.7706940154,5037922.996935576,52.5147489284968,13.3888085258668,74.9462962228897,2.9203623889363444,-9.24416722930356,-0.5371727291774621,9.70936139954713,0
1685,1900,131263.6,1149251263.6,3783995.747617775,900692.0488060412,5037922.8629771685,52.5147469266162,13.3887818296168,74.9483220484062,2.8903565132151017,-9.151771866673306,-0.5311976975821809,9.61203724852513,0
1686,1900,131263.8,1149251263.8,3783996.2511125566,900690.269825808,5037922.806292677,52.5147460613078,13.3887546199572,74.9507335819592,2.857919003413551,-9.042216942855472,-0.5264557445684855,9.49771256265023,0
1687,1900,131264.0,1149251264.0,3783996.8377065156,900688.4905272672,5037922.688086935,52.5147442836097,13.388727122299,74.95347923933,2.821586787271416,-8.921125147528523,-0.5208567945198878,9.3711855011182,0
1688,1900,131264.2,1149251264.2,3783997.4380416484,900686.7326251974,5037922.556170813,52.5147423002733,13.3886998843799,74.9564962300163,2.7883147777764026,-8.801397142945035,-0.5172986770353052,9.24699350540865,0
1689,1900,131264.4,1149251264.4,3783998.021410372,900684.9932772765,5037922.433872406,52.5147404565882,13.3886729702089,74.9597156561343,2.7598466902139562,-8.696701091802197,-0.5146550737068193,9.13861222935576,0
1690,1900,131264.6,1149251264.6,3783998.59283049,900683.2703060701,5037922.317753156,52.5147387025365,13.3886463314688,74.9630727606937,2.736356048130971,-8.609146910981718,-0.5126807842479697,9.04808800485197,0
1691,1900,131264.8,1149251264.8,3783999.1674019266,900681.56598254,5037922.196075548,52.5147368654298,13.3886199491986,74.9665131368504,2.716384215582437,-8.534475320979393,-0.5110439604818396,8.97090731980978,0
1692,1900,131265.0,1149251265.0,3783999.738279323,900679.8775368418,5037922.074384752,52.5147350276537,13.3885938070555,74.9699940241421,2.701541643074756,-8.469193026037772,-0.5115664856637384,8.90433928098027,0
1693,1900,131265.2,1149251265.2,3784000.308428799,900678.2008459619,5037921.951158992,52.5147331671178,13.3885678358409,74.9734828771863,2.688458956439104,-8.41173622911169,-0.5120122770851717,8.84574895192565,0
1694,1900,131265.4,1149251265.4,3784000.867609419,900676.5317650121,5037921.834736743,52.5147314073093,13.3885420110894,74.9769494558002,2.6781602003078198,-8.362073070242552,-0.5131510163784977,8.79546087798694,0
1695,1900,131265.6,1149251265.6,3784001.415763672,900674.869870756,5037921.725189115,52.514729749715,13.3885163269321,74.9803564897926,2.6697433611766765,-8.317775724470563,-0.5147408815590877,8.75087885827972,0
1696,1900,131265.9,1149251265.9,3784002.2637722567,900672.4018372329,5037921.536957007,52.5147269127712,13.3884780682697,74.9852509218474,2.6596133446003516,-8.2525692269936,-0.5187671204484964,8.68605556707741,0
1697,1900,131266.1,1149251266.1,3784002.8308429974,900670.7676743494,5037921.407898405,52.5147249714481,13.3884527169811,74.9882836167973,2.6519137576205294,-8.209709260085447,-0.5206367492871452,8.64309176959831,0
1698,1900,131266.3,1149251266.3,3784003.3847113564,900669.1402080451,5037921.287169576,52.5147231562018,13.3884275066853,74.9910541149769,2.643896336216972,-8.163693496107886,-0.5228296117487388,8.59705938899907,0
1699,1900,131266.5,1149251266.5,3784003.936759063,900667.5220696998,5037921.165746643,52.5147213343823,13.3884024362687,74.9935108598378,2.627807439133862,-8.1106136334499,-0.5202549404267242,8.54155083408798,0
1700,1900,131266.7,1149251266.7,3784004.4661726905,900665.9258870867,5037921.056881779,52.5147197019964,13.3883777576736,74.9956270403897,2.6072589664125347,-8.056259888583835,-0.5145792170120795,8.48327262799706,0
1701,1900,131266.9,1149251266.9,3784005.010065982,900664.3418770502,5037920.9346139915,52.5147178757627,13.3883532041238,74.9973958055161,2.582140067352589,-7.984253378097914,-0.5086283390194453,8.40680986583789,0
1702,1900,131267.1,1149251267.1,3784005.507008538,900662.7851084775,5037920.842132332,52.514716493138,13.3883292010763,74.9988435016068,2.550300633992059,-7.891564371373201,-0.5013361042824942,8.30855940826834,0
1703,1900,131267.3,1149251267.3,3784006.008034098,900661.2556084151,5037920.741385146,52.5147149919578,13.3883055748552,74.9999924930746,2.513539628026574,-7.783183963488668,-0.4931583697009609,8.19384154403618,0
1704,1900,131267.5,1149251267.5,3784006.5281592407,900659.7184257717,5037920.627406861,52.514713298605,13.3882817734027,75.000867645162,2.4745289394923167,-7.670947147829348,-0.48398696682061776,8.07471157387237,0
1705,1900,131267.7,1149251267.7,3784007.0159386015,900658.2063878194,5037920.532792714,52.5147118940129,13.3882584425918,75.0015026748775,2.4360588756387824,-7.562035290442448,-0.4746283374117066,7.95889644599989,0
1706,1900,131267.9,1149251267.9,3784007.514773923,900656.7106126868,5037920.426792464,52.5147103236001,13.3882353071158,75.0019400606852,2.401375551243781,-7.460687192106547,-0.46675165403582913,7.85151673392595,0
1707,1900,131268.1,1149251268.1,3784008.006563865,900655.2353714857,5037920.322212687,52.514708775921,13.3882124899174,75.0022274343318,2.3693396867973915,-7.366030647492939,-0.4596618040163593,7.75135259327751,0
1708,1900,131268.3,1149251268.3,3784008.500273526,900653.7794723673,5037920.212638669,52.5147071556716,13.3881899433403,75.0024142129656,2.336217848483064,-7.273273144280091,-0.4514244174770769,7.65259433601255,0
1709,1900,131268.5,1149251268.5,3784008.983847199,900652.3420468235,5037920.107287759,52.5147055983249,13.3881676960575,75.0025548447914,2.307931670316102,-7.177849449261248,-0.447268172530589,7.55302059637513,0
1710,1900,131268.7,1149251268.7,3784009.432159551,900650.9177199156,5037920.025932648,52.5147043951843,13.3881457567422,75.0027070647812,2.2820625206139464,-7.08260918149021,-0.4448825493539593,7.45446729474615,0
1711,1900,131268.9,1149251268.9,3784009.8969503883,900649.5165404711,5037919.928255681,52.5147029502474,13.3881240929226,75.0029253664669,2.254722792650017,-6.987558413532942,-0.4413660287201902,7.35557961180074,0
1712,1900,131269.1,1149251269.1,3784010.366119482,900648.1373162988,5037919.8235581005,52.5147014002893,13.3881027287853,75.0032587963023,2.225631781104604,-6.892201364118797,-0.4365972182473571,7.25579034975551,0
1713,1900,131269.3,1149251269.3,3784010.8224870726,900646.774621823,5037919.725672909,52.5146999490952,13.3880816451779,75.0037486951085,2.1978716289392555,-6.800918138452138,-0.43209783003312496,7.16029578704279,0
1714,1900,131269.5,1149251269.5,3784011.2641814984,900645.4282924172,5037919.63606513,52.5146986179328,13.3880608461248,75.0044262988383,2.174343924518216,-6.720443000661615,-0.42883683159794633,7.07644166621657,0
1715,1900,131269.7,1149251269.7,3784011.702023442,900644.0941910595,5037919.547415886,52.5146972985438,13.3880402354375,75.0053071152551,2.156528735859295,-6.6499752520114015,-0.42806067547363447,7.00400049848927,0
1716,1900,131269.9,1149251269.9,3784012.145882045,900642.7766783151,5037919.451587192,52.5146958707608,13.3880198419415,75.0063907324199,2.141189416030281,-6.587517129243376,-0.4277093346917986,6.93995744355666,0
1717,1900,131270.1,1149251270.1,3784012.596104683,900641.476761769,5037919.348125454,52.5146943280299,13.3879996788906,75.0076648440029,2.123854465752683,-6.5236808480543065,-0.42611377079071494,6.87391755439543,0
1718,1900,131270.3,1149251270.3,3784013.018829239,900640.2158423343,5037919.258464582,52.5146929871372,13.3879801684469,75.0091059529039,2.105733283955983,-6.448946611835422,-0.42586672845335904,6.79738093208459,0
1719,1900,131270.5,1149251270.5,3784013.4411809444,900638.9366228925,5037919.1724965125,52.5146916992381,13.3879603970413,75.0106782666156,2.0838152421786322,-6.376162384889866,-0.4224406402677043,6.72132344234156,0
1720,1900,131270.7,1149251270.7,3784013.8796925377,900637.6766785602,5037919.071155253,52.5146901833357,13.387940846729,75.0123350810784,2.0744198251101964,-6.311339603790758,-0.4269436013384524,6.65721458598953,0
1721,1900,131270.9,1149251270.9,3784014.310480286,900636.4258995142,5037918.973980124,52.5146887286618,13.3879214540977,75.0140168224059,2.0785239508325093,-6.257197772379142,-0.4396215652982544,6.60802942620008,0
1722,1900,131271.1,1149251271.1,3784014.738509763,900635.1851203009,5037918.877028927,52.514687277833,13.3879022141704,75.0156526236357,2.1088107507759677,-6.204570700466375,-0.4715648402743829,6.57009541469963,0
1723,1900,131271.3,1149251271.3,3784015.175511518,900633.9552348204,5037918.771297624,52.5146856987567,13.3878830997479,75.0171683750878,2.1605957600016588,-6.145888240964532,-0.5206227242511237,6.53537790258298,0
1724,1900,131271.5,1149251271.5,3784015.616026242,900632.7371371624,5037918.660605282,52.514684048714,13.3878641422621,75.0184884944854,2.220305863621622,-6.083606573990878,-0.5762324494135699,6.50169754071156,0
1725,1900,131271.7,1149251271.7,3784016.079627466,900631.5343594147,5037918.52963896,52.5146821023471,13.3878453255692,75.019547644735,2.2827608599717966,-6.019780552890646,-0.6341642956298894,6.46922865592424,0
1726,1900,131271.9,1149251271.9,3784016.5365504925,900630.3404746633,5037918.401677636,52.5146802040549,13.3878266590893,75.0202910003373,2.343984528063979,-5.957743599588665,-0.6908597526987976,6.43943005739965,0
1727,1900,131272.1,1149251272.1,3784017.035504323,900629.1654772089,5037918.238558474,52.514677790734,13.3878081199109,75.0206809842461,2.407206088649255,-5.896714681057406,-0.7488667834469092,6.41300917217324,0
1728,1900,131272.3,1149251272.3,3784017.537047181,900628.0010332202,5037918.071164557,52.5146753186476,13.3877897231331,75.0206989735552,2.469308345800318,-5.837555325333128,-0.8057067187027097,6.38934262655611,0
1729,1900,131272.5,1149251272.5,3784018.041085409,900626.8442680051,5037917.90007488,52.5146727963582,13.3877714278817,75.020343894824,2.5255178235790607,-5.780426112279151,-0.8577896564226238,6.3661110115517,0
1730,1900,131272.7,1149251272.7,3784018.5423478377,900625.6958436001,5037917.729127618,52.5146702803294,13.3877532616214,75.0196340118419,2.5590236392863996,-5.735851039400151,-0.8907045623859035,6.34365381701031,0
1731,1900,131272.9,1149251272.9,3784019.0763902445,900624.5638374665,5037917.530403713,52.5146673578885,13.3877352188341,75.0186032190344,2.5696299504090243,-5.703967183700008,-0.9042809953276895,6.32107299699003,0
1732,1900,131273.1,1149251273.1,3784019.595867409,900623.4331179548,5037917.341959411,52.5146645905776,13.3877172441622,75.0172879946401,2.5463884548694233,-5.680930049786984,-0.8910333102834205,6.28895863825639,0
1733,1900,131273.3,1149251273.3,3784020.116248552,900622.309197153,5037917.151316914,52.5146617937464,13.3876993638334,75.0157218785458,2.4926341941213863,-5.647418356471601,-0.8568806305007901,6.23223906261971,0
1734,1900,131273.5,1149251273.5,3784020.6270561754,900621.1954223845,5037916.965740584,52.5146590742787,13.3876816615484,75.0139379580463,2.4205287784989413,-5.596246763704672,-0.812172376139039,6.15114309509866,0
1735,1900,131273.7,1149251273.7,3784021.1178978025,900620.0914201633,5037916.793092775,52.5146565478821,13.3876641673994,75.0119698751373,2.3383100790782643,-5.532427083989361,-0.7621646805928785,6.05444782502263,0
1736,1900,131273.9,1149251273.9,3784021.5928083723,900619.0005710113,5037916.629814273,52.51465416152,13.3876469160668,75.0098584545984,2.2523863407686817,-5.465365245319654,-0.7099683736593053,5.9537817044653,0
1737,1900,131274.1,1149251274.1,3784022.045786946,900617.9213984589,5037916.480707293,52.5146519855215,13.3876299068595,75.007653560996,2.1640307002137296,-5.40513488430842,-0.6547445264590207,5.85894208743894,0
1738,1900,131274.3,1149251274.3,3784022.4777266155,900616.8523755528,5037916.345446015,52.5146500144305,13.3876131148504,75.0054102156555,2.0787010123598884,-5.353046530950033,-0.6003324334391612,5.77377728111686,0
1739,1900,131274.5,1149251274.5,3784022.893754726,900615.7912997289,5037916.220672987,52.5146481979537,13.3875964909899,75.0031893926535,1.998047220998723,-5.306566105423309,-0.5484130767078312,5.69671777704253,0
1740,1900,131274.7,1149251274.7,3784023.2957557673,900614.7403096358,5037916.104680484,52.5146465101481,13.387580059497,75.0010529869436,1.9212154626089584,-5.265170773951654,-0.49844224990778996,5.62685852044776,0
1741,1900,131274.9,1149251274.9,3784023.667488116,900613.6906664289,5037916.011219206,52.5146451533111,13.3875637505387,74.9990655679698,1.8539661151678537,-5.231801410448811,-0.4541954553773933,5.56913187725432,0
1742,1900,131275.1,1149251275.1,3784024.042712375,900612.651911198,5037915.913492633,52.5146437309456,13.3875475856943,74.9972952354879,1.81229985943728,-5.209320201433769,-0.42710226941090557,5.53207592953299,0
1743,1900,131275.3,1149251275.3,3784024.4138895017,900611.6172147379,5037915.818432202,52.5146423445325,13.3875314928151,74.9958166047453,1.7849858494840782,-5.20051277807454,-0.4082889444362828,5.51345694641065,0
1744,1900,131275.5,1149251275.5,3784024.7861631652,900610.5837062503,5037915.722797302,52.5146409454074,13.3875154132205,74.994698883348,1.7635308882178167,-5.201370679618294,-0.3921306657949384,5.50618421409491,0
1745,1900,131275.7,1149251275.7,3784025.1478905506,900609.5481239395,5037915.635923114,52.5146396707749,13.3874993398779,74.9939972158263,1.7450582567176403,-5.206658448013789,-0.3774108318998821,5.50426738536993,0
1746,1900,131275.9,1149251275.9,3784025.5083997264,900608.5115381404,5037915.550711243,52.5146384153387,13.3874832563112,74.9937522032381,1.7259228568557359,-5.212509470847733,-0.36209650175680325,5.50274282227317,0
1747,1900,131276.1,1149251276.1,3784025.8657755805,900607.4744434515,5037915.468532509,52.5146371990642,13.3874671761394,74.9939874985209,1.7062981295030664,-5.217403990798814,-0.34658693737954643,5.50026183150504,0
1748,1900,131276.4,1149251276.4,3784026.3963038716,900605.9178927407,5037915.350703214,52.5146354442924,13.3874430617411,74.995251371791,1.6824690181049449,-5.2215886534460365,-0.32806720231584063,5.49575455710267,0
1749,1900,131276.6,1149251276.6,3784026.746152723,900604.8789593887,5037915.27597027,52.514634323983,13.3874269808948,74.9966802162343,1.676963698998609,-5.218681706927548,-0.32447715881515,5.49109564955593,0
1750,1900,131276.8,1149251276.8,3784027.0865910156,900603.8386799443,5037915.209039065,52.5146333138417,13.3874109128549,74.9985390716392,1.672807455706932,-5.2105702332674735,-0.322817791592222,5.48201954267314,0
1751,1900,131277.0,1149251277.0,3784027.4454555577,900602.8066102182,5037915.127375883,52.5146320817533,13.3873948996164,75.000773676447,1.6701920447521081,-5.191119031068383,-0.32432158178902026,5.46282369745608,0
1752,1900,131277.2,1149251277.2,3784027.7882333123,900601.776034899,5037915.057832142,52.5146310250694,13.3873789626573,75.0033121795383,1.661271968742398,-5.152632691877723,-0.32450159338409346,5.42353662250428,0
1753,1900,131277.4,1149251277.4,3784028.1327143144,900600.756925587,5037914.985260912,52.5146299210804,13.3873631841954,75.0060724687417,1.6443874862939019,-5.082433771098049,-0.3243706143504763,5.35166885542557,0
1754,1900,131277.6,1149251277.6,3784028.4769458543,900599.7567201117,5037914.909697121,52.5146287712434,13.3873476774729,75.0089742083235,1.6160486292523786,-4.978329196390515,-0.3217142332181095,5.24393695686722,0
1755,1900,131277.8,1149251277.8,3784028.813007552,900598.7792897555,5037914.836265461,52.5146276521371,13.3873325249768,75.0119403038675,1.5799895225090055,-4.851780360957934,-0.31728321455149533,5.11241706049609,0
1756,1900,131278.0,1149251278.0,3784029.1439585644,900597.8286292241,5037914.7618820155,52.5146265190794,13.3873177735171,75.0148975762208,1.542677994096176,-4.718771356669971,-0.31306482123683516,4.97440127978168,0
1757,1900,131278.2,1149251278.2,3784029.4638647693,900596.9027472534,5037914.691244839,52.5146254422162,13.3873034147976,75.0177802536508,1.5058231969508933,-4.5965013430781285,-0.30728021446310444,4.84662245564836,0
1758,1900,131278.4,1149251278.4,3784029.7743203216,900595.9997275342,5037914.623431601,52.5146244086087,13.3872894159211,75.0205302123775,1.477846276138954,-4.493192497533838,-0.3047522837184002,4.73979771617141,0
1759,1900,131278.6,1149251278.6,3784030.0804740023,900595.1139716872,5037914.555530572,52.5146233758589,13.3872756791042,75.0230963409349,1.4541646061500928,-4.412018155345917,-0.301498554479713,4.65525512547218,0
1760,1900,131278.8,1149251278.8,3784030.380346032,900594.242176727,5037914.489549552,52.5146223741343,13.3872621637678,75.0254343663722,1.439650579971815,-4.35291233712091,-0.3011659641484766,4.5946861204041,0
1761,1900,131279.0,1149251279.0,3784030.674626955,900593.3791909862,5037914.425840026,52.5146214090723,13.3872487937345,75.0275061386197,1.4303821812188127,-4.318487994651183,-0.30036441103874284,4.55911729655131,0
1762,1900,131279.2,1149251279.2,3784030.97297399,900592.5223166797,5037914.357636218,52.5146203811335,13.38723549741,75.0292801224619,1.4312429801824424,-4.30373412452616,-0.3036272456017241,4.54563234184246,0
1763,1900,131279.4,1149251279.4,3784031.2654052125,900591.6647709492,5037914.293555992,52.5146194178912,13.3872222116404,75.0307294345143,1.4337440340533654,-4.3041727307197055,-0.30541617065065463,4.54695545264627,0
1764,1900,131279.6,1149251279.6,3784031.5610668273,900590.8072527429,5037914.226622763,52.51461841659,13.3872089152487,75.0318313382407,1.4405907704498109,-4.310708729706743,-0.3093646460475729,4.5555699977609,0
1765,1900,131279.8,1149251279.8,3784031.8661128175,900589.9497527826,5037914.152223041,52.5146173093243,13.3871955871141,75.0325669802301,1.4467763597837648,-4.320682752589462,-0.31220938194599207,4.56715841436755,0
1766,1900,131280.0,1149251280.0,3784032.157543055,900589.086233911,5037914.088572063,52.5146163652306,13.3871822191663,75.0329230720896,1.45411788530422,-4.33264972412172,-0.3155626675033304,4.58103615499981,0
1767,1900,131280.2,1149251280.2,3784032.4652421903,900588.2243416872,5037914.0120088365,52.5146152349767,13.3871688190444,75.0328940725618,1.462457756446423,-4.3468190067164,-0.3192697563448347,4.59734176931167,0
1768,1900,131280.4,1149251280.4,3784032.758829463,900587.3559813711,5037913.946642769,52.5146142745302,13.3871553743645,75.0324843410653,1.470475051667795,-4.362813917135809,-0.3224120154100964,4.61523473518001,0
1769,1900,131280.6,1149251280.6,3784033.0541461823,900586.483566018,5037913.880246063,52.5146133031434,13.3871418656792,75.0317094462002,1.476182672164511,-4.3792038701899125,-0.3237609303406711,4.63264103490656,0
1770,1900,131280.8,1149251280.8,3784033.353426697,900585.6093122549,5037913.810790203,52.5146122905632,13.3871283171322,75.0305948483635,1.4776956129139198,-4.39523179977195,-0.32204455794499925,4.64815658035028,0
1771,1900,131281.0,1149251281.0,3784033.654497191,900584.7311623197,5037913.74030664,52.5146112663765,13.3871147066499,75.0291756335511,1.4748698625338035,-4.410194395078734,-0.317280336972646,4.66108598140217,0
1772,1900,131281.2,1149251281.2,3784033.952452006,900583.8499128879,5037913.672373201,52.5146102828653,13.3871010623789,75.0274988287873,1.469343528737986,-4.428520574509388,-0.30990400914792804,4.67619560959367,0
1773,1900,131281.5,1149251281.5,3784034.4053468527,900582.5215212288,5037913.566733735,52.5146087565432,13.3870804822439,75.0246284105102,1.44847269608133,-4.4818610930292575,-0.2848625545648486,4.71871790675134,0
1774,1900,131281.7,1149251281.7,3784034.718219799,900581.6281375054,5037913.489330835,52.5146076377868,13.3870666132155,75.0225600284313,1.426854499399186,-4.539010559169128,-0.25858676488635723,4.7650181252204,0
1775,1900,131281.9,1149251281.9,3784035.0208778456,900580.720266615,5037913.42203106,52.5146066690605,13.3870525714268,75.0204200217175,1.3988511149712965,-4.606132274293131,-0.22577640692166737,4.81915075050197,0
1776,1900,131282.1,1149251282.1,3784035.314917897,900579.7980795746,5037913.363653914,52.5146058325481,13.3870383538822,75.0182411623532,1.3689053031733889,-4.673799982200061,-0.1914199177979944,4.87390496292237,0
1777,1900,131282.3,1149251282.3,3784035.5994998706,900578.8609127733,5037913.314980742,52.5146051394459,13.3870239539372,75.0160526072194,1.3342723263605005,-4.740361893442237,-0.1537627928776047,4.92696219979048,0
1778,1900,131282.5,1149251282.5,3784035.871102201,900577.9090321371,5037913.278631883,52.5146046280743,13.3870093874123,75.0138862434232,1.2995412107334334,-4.805325017610145,-0.11631636463760311,4.97930571264177,0
1779,1900,131282.7,1149251282.7,3784036.128067495,900576.940831286,5037913.256174975,52.5146043211559,13.3869946369406,75.0117784576834,1.2635617116192406,-4.8660086770109165,-0.07869844546764397,5.02800378770091,0
1780,1900,131282.9,1149251282.9,3784036.3819909883,900575.9629975015,5037913.237816432,52.5146040736538,13.3869797588049,75.0097648378634,1.2275847390072818,-4.920733734315093,-0.04214046661210521,5.07172165979132,0
1781,1900,131283.1,1149251283.1,3784036.6239657896,900574.9738746218,5037913.230541554,52.5146039882913,13.3869647596487,75.0078818455304,1.1901394891422328,-4.9686839425842075,-0.005690016993722387,5.10923521686008,0
1782,1900,131283.3,1149251283.3,3784036.850694191,900573.9718424146,5037913.237141872,52.5146041058861,13.3869496275007,75.0061639760928,1.154550537289311,-5.008322410303816,0.027899599634989693,5.13975278553028,0
1783,1900,131283.5,1149251283.5,3784037.0783921643,900572.9657597593,5037913.24397695,52.514604224724,13.3869344340039,75.0046358674226,1.1240273840163664,-5.040205309244524,0.05633259119939822,5.16432768907886,0
1784,1900,131283.7,1149251283.7,3784037.319262421,900571.9584683505,5037913.241450513,52.5146042029821,13.3869191782633,75.0033074833025,1.098553637407023,-5.066430341704336,0.0799936644409876,5.18477921303822,0
1785,1900,131283.9,1149251283.9,3784037.5478915027,900570.9443460113,5037913.249517233,52.5146043353658,13.3869038663839,75.0021754965404,1.0724444747427782,-5.090597439302685,0.10376338777058983,5.20337258718641,0
1786,1900,131284.1,1149251284.1,3784037.7815851416,900569.9280600783,5037913.254414536,52.5146044188534,13.3868885062285,75.00122221915,1.0559110787040387,-5.114683093539899,0.12037431340843562,5.2239277683369,0
1787,1900,131284.3,1149251284.3,3784038.008214243,900568.9048476891,5037913.265998947,52.5146045993521,13.386873070911,75.0004170977888,1.0469178247802076,-5.1458327963649975,0.13261394985902317,5.25292476242382,0
1788,1900,131284.5,1149251284.5,3784038.2378551434,900567.8751668057,5037913.276618094,52.5146047643561,13.3868575326298,74.9997178699986,1.0484441743485646,-5.1941366525410375,0.14005097530756563,5.30074570486835,0
1789,1900,131284.7,1149251284.7,3784038.4673927785,900566.8322622043,5037913.289727567,52.5146049655254,13.3868418052074,74.9990706025605,1.0628495735238068,-5.26799584653164,0.14241675084579708,5.37603124860113,0
1790,1900,131284.9,1149251284.9,3784038.7135271374,900565.775651282,5037913.292870794,52.5146050196849,13.3868258247752,74.998409707115,1.0872448329412931,-5.368180744833063,0.14200362010920664,5.47901732649917,0
1791,1900,131285.1,1149251285.1,3784038.964209,900564.6965019659,5037913.296509158,52.5146050822136,13.3868095058636,74.9976585494241,1.1263063029464258,-5.484964959091202,0.133595580336851,5.60100475536316,0
1792,1900,131285.3,1149251285.3,3784039.210546223,900563.5896712254,5037913.308080661,52.5146052639648,13.3867928050993,74.996730269711,1.187184973540434,-5.606445868220678,0.10974393576311323,5.7318136018302,0
1793,1900,131285.5,1149251285.5,3784039.461220217,900562.4561723865,5037913.320820768,52.5146054660478,13.3867757073963,74.995539541233,1.2614840616120386,-5.726532374339725,0.07563184784130432,5.86431882220519,0
1794,1900,131285.7,1149251285.7,3784039.7259435747,900561.2982153808,5037913.327001549,52.5146055751743,13.3867582112992,74.9940156635365,1.3415151560088512,-5.842180375798591,0.03645500552021641,5.99433594525658,0
1795,1900,131285.9,1149251285.9,3784040.0084334654,900560.1200653174,5037913.3230266925,52.5146055388488,13.3867403652495,74.9921065313119,1.422464586197017,-5.955065721257166,-0.0038976195584580968,6.12259981012274,0
1796,1900,131286.1,1149251286.1,3784040.3175148536,900558.9216959709,5037913.30227446,52.5146052596819,13.3867221387755,74.9897786552151,1.496766560725707,-6.06929812566796,-0.03905159166993975,6.25125706577127,0
1797,1900,131286.3,1149251286.3,3784040.6369036445,900557.6993102838,5037913.277545464,52.5146049269104,13.3867035330005,74.9870138762519,1.5553671566028673,-6.189297262728919,-0.06146716616764273,6.38203304682601,0
1798,1900,131286.5,1149251286.5,3784040.969901863,900556.4541864863,5037913.246142297,52.5146045007658,13.3866845549804,74.9838067710082,1.6117506482823722,-6.3076706357785985,-0.08251736091202123,6.51085694179761,0
1799,1900,131286.7,1149251286.7,3784041.3149155686,900555.1867262468,5037913.209195812,52.5146039978265,13.386665215907,74.9801676347215,1.6570060646243285,-6.414945424988744,-0.09723582035609193,6.62620922613723,0
1800,1900,131286.9,1149251286.9,3784041.6684098565,900553.899933677,5037913.168839242,52.5146034493209,13.3866455708839,74.9761197357239,1.6957095226515273,-6.492411568162078,-0.11235883591944759,6.71114470590711,0
1801,1900,131287.1,1149251287.1,3784042.019961189,900552.5995986462,5037913.131860733,52.5146029551222,13.3866257384264,74.9716943027201,1.7219082048495946,-6.52419571133432,-0.12626351477295858,6.7487806321501,0
1802,1900,131287.3,1149251287.3,3784042.3741093837,900551.2990044055,5037913.092558727,52.5146024306267,13.3866058933988,74.966926326296,1.7351413977508159,-6.504975229068889,-0.1395511483976482,6.73386166504834,0
1803,1900,131287.5,1149251287.5,3784042.7269423692,900550.0054766969,5037913.052598984,52.5146018999882,13.386586154119,74.9618537084342,1.7369046981254157,-6.440039284536582,-0.15239839354284548,6.67189397301089,0
1804,1900,131287.7,1149251287.7,3784043.084776165,900548.7302329545,5037913.005326912,52.5146012644801,13.3865666597913,74.9565156715699,1.7298949420892369,-6.342314652139708,-0.16452202239467612,6.57605954605528,0
1805,1900,131287.9,1149251287.9,3784043.4398291414,900547.4761417195,5037912.956088626,52.5146006025855,13.3865474780591,74.9509516365287,1.7173028310830423,-6.228491263573125,-0.17533911639555722,6.4632790625031,0
1806,1900,131288.1,1149251288.1,3784043.7905925335,900546.2468815562,5037912.905405361,52.5145999215485,13.3865286667809,74.945200252065,1.703852819025114,-6.105683903627797,-0.1871112227724381,6.34172697059774,0
1807,1900,131288.3,1149251288.3,3784044.1448501754,900545.0421263512,5037912.847573134,52.5145991367165,13.3865101947385,74.9392976203132,1.6934632887166643,-5.971028701076304,-0.203270287907866,6.20985671889893,0
1808,1900,131288.5,1149251288.5,3784044.5035070884,900543.8687030809,5037912.780745242,52.5145982204414,13.386492156675,74.9332760207309,1.6823685948697276,-5.825975304269703,-0.22074941104278833,6.06803779136552,0
1809,1900,131288.7,1149251288.7,3784044.859418097,900542.7249966724,5037912.710571931,52.5145972558566,13.3864745538138,74.9271612797006,1.6678363322757033,-5.677014342164344,-0.23635752560335976,5.92165810836018,0
1810,1900,131288.9,1149251288.9,3784045.2042239057,900541.6090483118,5037912.643665976,52.5145963403493,13.3864573865929,74.9209757816109,1.6629333507068966,-5.531297317159933,-0.25857382300322934,5.78164836025648,0
1811,1900,131289.1,1149251289.1,3784045.5513012935,900540.521535356,5037912.569956934,52.5145953249322,13.3864406191003,74.9147433486343,1.691504753520793,-5.393785747032961,-0.3043078547575063,5.66098191893831,0
1812,1900,131289.3,1149251289.3,3784045.903114335,900539.4596184494,5037912.48814325,52.5145941900815,13.3864242022455,74.908489928469,1.7659117592975782,-5.267672523643991,-0.38221525191784267,5.56892329420849,0
1813,1900,131289.5,1149251289.5,3784046.2657632087,900538.4203196174,5037912.394243667,52.5145928766235,13.3864080725516,74.9022482327231,1.892878272927469,-5.144812603909544,-0.49875884928164854,5.5046203570459,0
1814,1900,131289.7,1149251289.7,3784046.647158872,900537.4035132458,5037912.282431501,52.5145912980216,13.3863922012404,74.8960605197212,2.05508921492912,-5.01635304716891,-0.642592021925618,5.45894807465699,0
1815,1900,131289.9,1149251289.9,3784047.0642733034,900536.4154807612,5037912.138992907,52.5145892511713,13.3863766204453,74.8899775764595,2.248343731489956,-4.871274593179807,-0.8125371149029602,5.42628623094876,0
1816,1900,131290.1,1149251290.1,3784047.5363087114,900535.462925045,5037911.948481052,52.5145865073236,13.3863613607337,74.8840547853288,2.4620641292204657,-4.71056880539361,-1.0005262174112595,5.40853685930574,0
1817,1900,131290.3,1149251290.3,3784048.0630966127,900534.5491548164,5037911.710495003,52.5145830599924,13.3863464700942,74.8783404256495,2.6928935986947975,-4.535096429707532,-1.2039020421003839,5.41000514672684,0
1818,1900,131290.5,1149251290.5,3784048.6101365956,900533.6674438809,5037911.452017999,52.5145793071809,13.3863319697967,74.8728731334436,2.94160693404017,-4.3379652114734215,-1.4244663999323857,5.43139927227627,0
1819,1900,131290.7,1149251290.7,3784049.2123725973,900532.8306419877,5037911.14473356,52.5145748304088,13.3863179248092,74.8676816657594,3.200104262577037,-4.112183621756289,-1.657417490814239,5.46788388403241,0
1820,1900,131290.9,1149251290.9,3784049.879520831,900532.0448302124,5037910.780328193,52.5145695067698,13.3863043891385,74.8627782215184,3.4521876967835903,-3.864897205311368,-1.8894015805208357,5.51587424021997,0
1821,1900,131291.1,1149251291.1,3784050.598878489,900531.3134745577,5037910.367654961,52.5145634670784,13.3862914557718,74.858155727602,3.702393666656379,-3.5913851261999294,-2.124641441918937,5.57851837357436,0
1822,1900,131291.3,1149251291.3,3784051.318158322,900530.627064756,5037909.947412929,52.5145573123323,13.38627916674,74.8538139010252,3.95204721151729,-3.2965339722659244,-2.363257993766202,5.66310884033362,0
1823,1900,131291.5,1149251291.5,3784052.1361708147,900530.0171753718,5037909.440267064,52.5145498710795,13.3862676375357,74.8497467057424,4.20120499659161,-2.9739227823855954,-2.6064336865673736,5.76956122261057,0
1824,1900,131291.7,1149251291.7,3784052.97880199,900529.4723709067,5037908.903528966,52.514541989761,13.3862569570353,74.8459428027078,4.445403216001039,-2.6083042335767357,-2.8535452950941727,5.8913140706366,0
1825,1900,131291.9,1149251291.9,3784053.886168034,900529.0118879892,5037908.303834373,52.5145331758668,13.3862472640914,74.8423874930509,4.673208053355291,-2.2001798390680563,-3.0959731981230028,6.02201916948811,0
1826,1900,131292.1,1149251292.1,3784054.8041423894,900528.6308766238,5037907.682407005,52.5145240383298,13.3862386737872,74.8390644594013,4.8800397593188025,-1.732297946381948,-3.333363535746876,6.15848655832083,0
1827,1900,131292.3,1149251292.3,3784055.7797694523,900528.3558959464,5037906.999412281,52.5145139891048,13.3862314062786,74.8359581269489,5.052173393715237,-1.2188751097345003,-3.55295215289647,6.29552075161905,0
1828,1900,131292.5,1149251292.5,3784056.7696297476,900528.1846757531,5037906.287629325,52.5145035124078,13.3862255771027,74.8330536559418,5.181681765642361,-0.6557748028997561,-3.7495590608465807,6.4295458364713,0
1829,1900,131292.7,1149251292.7,3784057.7915580813,900528.1320365693,5037905.531104866,52.5144923728048,13.3862213378136,74.8303387760164,5.264245518748813,-0.08313233368473383,-3.9128354851904863,6.55968546507656,0
1830,1900,131292.9,1149251292.9,3784058.830157835,900528.192584251,5037904.742269521,52.5144807539896,13.3862186636188,74.8278020960803,5.307317450502119,0.45663517852101176,-4.04081052848785,6.68612622777984,0
1831,1900,131293.1,1149251293.1,3784059.8602938014,900528.3585195836,5037903.941248521,52.5144689532644,13.386217528472,74.8254335885839,5.3204022730388925,0.9569320958282101,-4.139404429392375,6.80860253011268,0
1832,1900,131293.3,1149251293.3,3784060.9007535824,900528.618640074,5037903.116003028,52.5144567929537,13.3862177077732,74.8232248156298,5.317920443596229,1.378430916144905,-4.212393411329323,6.92276013500493,0
1833,1900,131293.5,1149251293.5,3784061.944013157,900528.9514271055,5037902.275964897,52.5144444123582,13.3862189188225,74.8211738471663,5.3279818222383915,1.6556090180893681,-4.269116122415646,7.02522483523131,0
1834,1900,131293.7,1149251293.7,3784062.985529056,900529.3243228062,5037901.430309249,52.5144319469227,13.3862207105659,74.8192842640447,5.361370409436246,1.8100388200489022,-4.321448639439528,7.12007384375867,0
1835,1900,131293.9,1149251293.9,3784064.008801978,900529.7122624472,5037900.595805241,52.5144196441908,13.3862227800967,74.817563079804,5.422825389265686,1.8731297214918277,-4.378503648964197,7.21712853979984,0
1836,1900,131294.1,1149251294.1,3784065.0491697565,900530.1099170503,5037899.747046733,52.5144071288767,13.3862249305428,74.8160205403159,5.503127937836169,1.9001974756939166,-4.443224683096162,7.32375676352659,0
1837,1900,131294.3,1149251294.3,3784066.1223796345,900530.5189800095,5037898.871999437,52.5143942231314,13.3862271324689,74.8146687786737,5.588789443594519,1.936246300504679,-4.513538743978184,7.44013771206177,0
1838,1900,131294.5,1149251294.5,3784067.2239946905,900530.9373162821,5037897.974365572,52.5143809815057,13.386229370411,74.8135179636597,5.687712689768446,1.9721035789772943,-4.593713396191109,7.57241513216977,0
1839,1900,131294.7,1149251294.7,3784068.338947443,900531.361052725,5037897.066082323,52.5143675802005,13.3862316402508,74.812574277651,5.800371856078214,2.0166064098775176,-4.685671478080107,7.72441145211962,0
1840,1900,131294.9,1149251294.9,3784069.4752174458,900531.7959056643,5037896.1401833035,52.514353916326,13.38623399669,74.8118393694926,5.926075934266009,2.064719975529003,-4.7880035141209,7.89344172128162,0
1841,1900,131295.1,1149251295.1,3784070.652767437,900532.2437080117,5037895.181447043,52.5143397651295,13.3862363979169,74.81131170094,6.057208144311494,2.1222666384394224,-4.896060524921942,8.07249619707841,0
1842,1900,131295.3,1149251295.3,3784071.849305168,900532.7065486743,5037894.206128376,52.5143253667005,13.3862389498857,74.810986256374,6.185977075741171,2.1933285222582186,-5.004754164820082,8.25376075728093,0
1843,1900,131295.5,1149251295.5,3784073.078763496,900533.1855405252,5037893.203624064,52.5143105645611,13.3862416210297,74.8108547879225,6.313298454020553,2.257586536157447,-5.111159922452019,8.4308000860332,0
1844,1900,131295.7,1149251295.7,3784074.327584011,900533.6727793538,5037892.1854402535,52.5142955287412,13.3862443443202,74.8109068998546,6.444285273979449,2.2992159373652767,-5.216282772431048,8.60376734814603,0
1845,1900,131295.9,1149251295.9,3784075.582964816,900534.1634539682,5037891.161967225,52.514280412814,13.3862470944709,74.8111303990417,6.576791344084578,2.3360095275235437,-5.321680632285489,8.77675393572983,0
1846,1900,131296.1,1149251296.1,3784076.8794089523,900534.6670934351,5037890.105752693,52.5142648115658,13.3862498903688,74.8115111647855,6.710134648739478,2.371771485611646,-5.427520187755695,8.95037330912349,0
1847,1900,131296.3,1149251296.3,3784078.197877011,900535.1768181002,5037889.032203596,52.51424895269,13.3862526983582,74.8120335338719,6.838816516799719,2.408456681150246,-5.530045963783208,9.11874351525389,0
1848,1900,131296.5,1149251296.5,3784079.542716992,900535.6955381788,5037887.937539507,52.5142327805452,13.3862555453141,74.8126819141537,6.959416456896878,2.4408044406696376,-5.625771890462356,9.27579177761317,0
1849,1900,131296.7,1149251296.7,3784080.8946293737,900536.218127638,5037886.837049501,52.5142165210896,13.3862584235968,74.8134401585536,7.067065617125981,2.4692677229824245,-5.711145704963583,9.41583160362647,0
1850,1900,131296.9,1149251296.9,3784082.2757268683,900536.7453036394,5037885.714087666,52.5141999287079,13.3862612680745,74.8142921286466,7.157536181099116,2.492402020179962,-5.78275659864947,9.53324005221541,0
1851,1900,131297.1,1149251297.1,3784083.692809687,900537.2822076738,5037884.562647146,52.514182914888,13.3862641292332,74.815221721202,7.228459601329912,2.5048392899117,-5.83788427115205,9.62318766520265,0
1852,1900,131297.3,1149251297.3,3784085.1164444266,900537.8211763771,5037883.406029862,52.5141658238974,13.3862669976325,74.8162139375981,7.272681298758099,2.5095863438203754,-5.871724484775821,9.67817468924339,0
1853,1900,131297.5,1149251297.5,3784086.547491097,900538.3581584968,5037882.244296264,52.5141486567889,13.3862698122864,74.8172551169756,7.286469570917767,2.5029052002324654,-5.880829279188658,9.69233337541708,0
1854,1900,131297.7,1149251297.7,3784087.9737749877,900538.8917514723,5037881.086764136,52.5141315512923,13.3862725946147,74.8183335351562,7.2791015149096046,2.462826044558695,-5.868219316799815,9.66885871963069,0
1855,1900,131297.9,1149251297.9,3784089.3854437885,900539.4121336344,5037879.942516011,52.5141146416392,13.3862752374743,74.8194395269572,7.250913554378191,2.4099990932753714,-5.837812121341735,9.61581475314172,0
1856,1900,131298.1,1149251298.1,3784090.802081012,900539.9245190154,5037878.796006547,52.5140976983546,13.3862777487974,74.8205664819513,7.20571103875747,2.3585342311451267,-5.7949521887799165,9.54287305604553,0
1857,1900,131298.3,1149251298.3,3784092.2177508976,900540.4309044535,5037877.651304959,52.5140807815726,13.3862801774402,74.8217105129196,7.150056249294787,2.311411855027008,-5.745064793785439,9.45894807134661,0
1858,1900,131298.5,1149251298.5,3784093.6126814354,900540.9264476895,5037876.524021823,52.5140641218189,13.386282521441,74.8228707375939,7.085951665754835,2.2760529659329234,-5.69096158184372,9.3690005784591,0
1859,1900,131298.7,1149251298.7,3784094.9925680687,900541.4145614817,5037875.409303002,52.5140476474032,13.3862848102811,74.8240480828541,7.015832828200304,2.249742797108739,-5.633977694112321,9.27496402063916,0
1860,1900,131298.9,1149251298.9,3784096.351713926,900541.895909109,5037874.3112836275,52.5140314193645,13.3862870728925,74.8252444803907,6.941726826734484,2.2312380109973065,-5.575404765827799,9.17884157732008,0
1861,1900,131299.1,1149251299.1,3784097.71813694,900542.3788627832,5037873.207576732,52.514015107088,13.3862893336999,74.8264629341449,6.868326029398958,2.2093755637181247,-5.516761760513802,9.08239523198266,0
1862,1900,131299.3,1149251299.3,3784099.0390455434,900542.8482484042,5037872.140268819,52.5139993320078,13.3862915552926,74.827706876034,6.7963008134437235,2.19102389023082,-5.459768269587034,8.98884642164763,0
1863,1900,131299.5,1149251299.5,3784100.359536384,900543.3176076704,5037871.0733152265,52.5139835618068,13.3862937779307,74.8289814158912,6.726079156214537,2.167085994992291,-5.403128473503188,8.89551571447863,0
1864,1900,131299.7,1149251299.7,3784101.668057972,900543.7802113474,5037870.016533196,52.5139679414167,13.3862959445794,74.8302895769296,6.654384852414888,2.1346830272281796,-5.34388679383465,8.79743345846419,0
1865,1900,131299.9,1149251299.9,3784102.9602244105,900544.2358904794,5037868.973228014,52.5139525196178,13.3862980677744,74.8316336888431,6.576282009333795,2.0989841848930233,-5.27927836533584,8.69045451822984,0
1866,1900,131300.1,1149251300.1,3784104.246868739,900544.6852166798,5037867.93521653,52.5139371755645,13.3863001187642,74.8330144600102,6.488854067218307,2.058008948704157,-5.206775488617242,8.57036399037213,0
1867,1900,131300.3,1149251300.3,3784105.5027216007,900545.1224817607,5037866.922364845,52.5139222026203,13.3863021019257,74.8344310837248,6.387781388319082,2.0151975815954954,-5.123766045141769,8.43313410560817,0
1868,1900,131300.5,1149251300.5,3784106.744888754,900545.552420646,5037865.921066879,52.513907399895,13.386304026775,74.8358814083882,6.26994615028604,1.9695445283629673,-5.027745291330432,8.27463310915877,0
1869,1900,131300.7,1149251300.7,3784107.963763556,900545.972161267,5037864.938996847,52.5138928807411,13.3863058849169,74.8373627931013,6.134128258054915,1.9157574812748766,-4.916863173008821,8.0915511291358,0
1870,1900,131300.9,1149251300.9,3784109.1521306676,900546.3779042803,5037863.982208817,52.513878734593,13.386307646514,74.8388720857093,5.981256139204513,1.8447821491120893,-4.790204688620665,7.88192280724302,0
1871,1900,131301.1,1149251301.1,3784110.315302246,900546.7717556594,5037863.046360565,52.5138648973762,13.3863093236288,74.8404053994026,5.806544437204402,1.7695103228739066,-4.646488501676111,7.64440844540603,0
1872,1900,131301.3,1149251301.3,3784111.434300962,900547.145834761,5037862.1470059855,52.5138515988097,13.386310868051,74.841959147977,5.609136421327133,1.6894700862593808,-4.484991549052296,7.37779572504514,0
1873,1900,131301.5,1149251301.5,3784112.5299261687,900547.5076136431,5037861.267294942,52.5138385901206,13.3863123159229,74.84352942296,5.387972719511981,1.604217729767288,-4.304844664607217,7.08063924636062,0
1874,1900,131301.7,1149251301.7,3784113.5702915303,900547.8480111837,5037860.4326260565,52.5138262463997,13.3863136458538,74.8451126926818,5.146370205026783,1.515203797989547,-4.10878007134655,6.75744348931783,0
1875,1900,131301.9,1149251301.9,3784114.5530455527,900548.1651477353,5037859.645083538,52.5138145984608,13.3863148389283,74.8467057257117,4.892544525921223,1.4258769088809593,-3.9035398454835937,6.41932552708458,0
1876,1900,131302.1,1149251302.1,3784115.5022435756,900548.4692764384,5037858.8848957475,52.5138033543755,13.3863159600369,74.8483059122411,4.638777017035275,1.3410460593749245,-3.699141107683795,6.08278732833031,0
1877,1900,131302.3,1149251302.3,3784116.379299101,900548.7534119359,5037858.182089981,52.5137929575677,13.386317040669,74.8499110846,4.391566053870841,1.300145367684639,-3.5074342069488877,5.7687368720282,0
1878,1900,131302.5,1149251302.5,3784117.2171934056,900549.035285101,5037857.508907736,52.5137829981653,13.3863182224287,74.8515191082377,4.161384267315259,1.322017044249116,-3.3395785566059235,5.49705675987489,0
1879,1900,131302.7,1149251302.7,3784118.0049090018,900549.3240659172,5037856.871939142,52.5137735734991,13.3863196742893,74.8531284575336,3.954782928658854,1.404509962042817,-3.2000801863052555,5.27763862395603,0
1880,1900,131302.9,1149251302.9,3784118.7666178164,900549.6389665484,5037856.249736903,52.5137643668776,13.3863215891222,74.8547382254441,3.761321887799629,1.552729960285784,-3.0820562833310645,5.10466292783668,0
1881,1900,131303.1,1149251303.1,3784119.487828222,900549.9894851242,5037855.651425449,52.5137555130499,13.38632415245,74.8563472834152,3.565401884985651,1.7563345762982174,-2.9720317186128486,4.96283933669031,0
1882,1900,131303.3,1149251303.3,3784120.157938549,900550.3799017895,5037855.084153763,52.5137471175911,13.3863274617584,74.8579547975681,3.36023147897249,1.9900492434426411,-2.8604515989208346,4.84082998393592,0
1883,1900,131303.5,1149251303.5,3784120.7789436686,900550.8150840636,5037854.545567929,52.5137391457536,13.3863315799936,74.8595597585017,3.1501262404509998,2.2276424984932435,-2.7458781689193477,4.73556051069132,0
1884,1900,131303.7,1149251303.7,3784121.3794889417,900551.3032715048,5037854.012831308,52.5137312603298,13.3863365275389,74.8611613201769,2.9369457742813396,2.473085632103043,-2.630404085478578,4.6541195383967,0
1885,1900,131303.9,1149251303.9,3784121.924249868,900551.8374786552,5037853.513539462,52.5137238688162,13.386342324758,74.8627589160897,2.7241881715401703,2.728764849994479,-2.5170629779660225,4.60466772260192,0
1886,1900,131304.1,1149251304.1,3784122.4301104713,900552.4244564666,5037853.033896899,52.5137167674965,13.3863490108113,74.8643529637799,2.501515544995155,3.007605447574351,-2.4004367112402627,4.58970227300217,0
1887,1900,131304.3,1149251304.3,3784122.881479478,900553.0659188369,5037852.585233704,52.5137101236613,13.3863566634268,74.8659447385351,2.2597150022257306,3.3051065118088103,-2.272852279842809,4.60390034988505,0
1888,1900,131304.5,1149251304.5,3784123.2870626124,900553.7676213763,5037852.160035185,52.5137038263196,13.3863653353915,74.8675363864333,1.9937068836602518,3.608584298945145,-2.128267593118249,4.63964122842112,0
1889,1900,131304.7,1149251304.7,3784123.6422677594,900554.5306299891,5037851.761542391,52.5136979232921,13.386375057639,74.8691311596746,1.6863368338137943,3.9172101617627666,-1.9537364898986351,4.69098642509825,0
1890,1900,131304.9,1149251304.9,3784123.930742296,900555.3540961208,5037851.402111944,52.5136925969951,13.3863858737751,74.8707331066562,1.3388062585785825,4.217669928459464,-1.7477912717498336,4.75772173976635,0
1891,1900,131305.1,1149251305.1,3784124.142181966,900556.2325940592,5037851.090401261,52.513687975213,13.3863977411913,74.8723469240031,0.9486803394070973,4.501490780940289,-1.5071108530554123,4.84094998535054,0
1892,1900,131305.3,1149251305.3,3784124.2697636434,900557.1629812195,5037850.832066124,52.5136841413967,13.3864106381242,74.8739781562959,0.5137474677832354,4.750791673614166,-1.2268701523830237,4.93347426845866,0
1893,1900,131305.5,1149251305.5,3784124.300878785,900558.134682855,5037850.638399127,52.5136812622275,13.3864244560406,74.8756328129644,0.04435458146379778,4.940261294686233,-0.9102948031507275,5.02362275826071,0
1894,1900,131305.7,1149251305.7,3784124.2378582465,900559.1347935161,5037850.509959845,52.5136793459017,13.3864390020636,74.8773165664288,-0.4483730386414978,5.055629122958452,-0.5631515818253316,5.10661961720262,0
1895,1900,131305.9,1149251305.9,3784124.0786010777,900560.1486266082,5037850.450930346,52.5136784541108,13.3864540729068,74.8790347788657,-0.9088092206594757,5.104746566532869,-0.2283378429783503,5.19003948719283,0
1896,1900,131306.1,1149251306.1,3784123.8389080265,900561.1676491294,5037850.451042356,52.5136784351754,13.3864694924137,74.880791976225,-1.2996032157081403,5.12884063939733,0.0589582869749758,5.29126174954666,0
1897,1900,131306.3,1149251306.3,3784123.5219371724,900562.1885161789,5037850.50853768,52.5136792630944,13.3864852018847,74.8825914608045,-1.6118807890731497,5.166275854121302,0.28530355154686515,5.41940624013232,0
1898,1900,131306.5,1149251306.5,3784123.1509044594,900563.2190622429,5037850.604707118,52.5136806615654,13.386501234414,74.8844360761821,-1.8401661642637823,5.23925347752431,0.442670289640641,5.57063241465297,0
1899,1900,131306.7,1149251306.7,3784122.737527663,900564.266235364,5037850.729576793,52.5136824832851,13.3865176496043,74.8863278892281,-1.975948370555912,5.3579659797017145,0.5228985637751827,5.73459626397026,0
1900,1900,131306.9,1149251306.9,3784122.4312369144,900565.1350819118,5037850.806273992,52.5136835930947,13.3865311442753,74.8882685122576,-2.036537412846751,5.514617497984373,0.5402880715547829,5.90342290398243,0
1901,1900,131307.1,1149251307.1,3784122.0001901137,900566.2446091534,5037850.9333799,52.5136854466761,13.3865485132311,74.8902593009449,-2.069747380554605,5.681631815876455,0.535409342496736,6.07054013037761,0
1902,1900,131307.3,1149251307.3,3784121.5666205594,900567.3886373908,5037851.05630513,52.5136872379335,13.3865663851742,74.8923004590821,-2.096223779074314,5.844816147643101,0.5261865792548378,6.23160511007349,0
1903,1900,131307.5,1149251307.5,3784121.1186521365,900568.5618961583,5037851.1848461805,52.5136891115287,13.3865847250816,74.8943918147846,-2.1138737574478537,6.00196595044363,0.5114497341486065,6.38385763964643,0
1904,1900,131307.7,1149251307.7,3784120.6702709533,900569.7663792232,5037851.308212436,52.5136909081352,13.3866035138273,74.8965322641127,-2.1236299487036603,6.150203488640608,0.4924056444202881,6.52512608532396,0
1905,1900,131307.9,1149251307.9,3784120.224306169,900571.0023094569,5037851.424250862,52.5136925959842,13.3866227449568,74.8987197590097,-2.113659434219467,6.289963117879964,0.4601485395765778,6.6515358306657,0
1906,1900,131308.1,1149251308.1,3784119.784266312,900572.2635702073,5037851.531425471,52.5136941524347,13.3866423188564,74.9009508745505,-2.0951620932380086,6.4103458525881445,0.4249700451183463,6.75742833376599,0
1907,1900,131308.3,1149251308.3,3784119.3386185938,900573.5449820099,5037851.639255928,52.5136957181027,13.3866622006364,74.9032218552437,-2.0693810434364224,6.5092586514659425,0.38816932890810796,6.8413055422575,0
1908,1900,131308.5,1149251308.5,3784118.9032194116,900574.8459606145,5037851.736008979,52.5136971197885,13.3866823278505,74.905527641853,-2.0389179055903583,6.590274483406206,0.3510530747503297,6.90739764699149,0
1909,1900,131308.7,1149251308.7,3784118.4690455473,900576.1607147922,5037851.829438323,52.5136984720513,13.3867026482845,74.9078627467073,-2.0123826230678934,6.655124446431043,0.3197378729435592,6.96007166101788,0
1910,1900,131308.9,1149251308.9,3784118.0469998904,900577.4898942768,5037851.9112858055,52.5136996530218,13.386723134067,74.9102208002178,-1.9909216276520607,6.710848250695337,0.29382909121094125,7.00611081172395,0
1911,1900,131309.1,1149251309.1,3784117.6289593265,900578.8293574229,5037851.988340019,52.5137007630138,13.386743753552,74.9125958161228,-1.9807238067168318,6.766905131103427,0.27626468323050307,7.05624503734452,0
1912,1900,131309.3,1149251309.3,3784117.2119950927,900580.1815441109,5037852.06234429,52.5137018278501,13.3867645516896,74.9149809671134,-1.988446096106443,6.830674610338206,0.2707010857032393,7.11936181039009,0
1913,1900,131309.5,1149251309.5,3784116.787826555,900581.5470149869,5037852.1393697355,52.5137029372502,13.3867855647528,74.9173702467995,-2.026847535881055,6.903302602658991,0.28645443630337736,7.20039956541742,0
1914,1900,131309.7,1149251309.7,3784116.351646323,900582.9273730682,5037852.222710828,52.5137041399336,13.3868068321067,74.9197575405283,-2.0827562434196345,6.989338195201443,0.3128892947123758,7.29976860504159,0
1915,1900,131309.9,1149251309.9,3784115.9005607166,900584.3253926123,5037852.314027296,52.5137054604704,13.3868284033735,74.9221375754716,-2.143678437952851,7.090455116542519,0.34038672507925716,7.41523931695115,0
1916,1900,131310.1,1149251310.1,3784115.4385711276,900585.7461057967,5037852.409434526,52.5137068415503,13.3868503370161,74.9245059304767,-2.205124206517209,7.202735460085806,0.3662924368215892,7.54162721323577,0
1917,1900,131310.3,1149251310.3,3784114.9703651345,900587.1900790071,5037852.505330307,52.5137082300201,13.3868726251646,74.9268592945223,-2.2665873551882365,7.317198379656936,0.3918234502027822,7.67022398513121,0
1918,1900,131310.5,1149251310.5,3784114.4835803513,900588.6540778427,5037852.611509613,52.5137097705452,13.3868952636312,74.9291952794959,-2.3181825922216506,7.426052859177033,0.4109876966090623,7.79032364442806,0
1919,1900,131310.7,1149251310.7,3784113.98462864,900590.1374265845,5037852.7233075,52.5137113942497,13.386918220867,74.9315131203835,-2.358429526914523,7.517017501940633,0.42486143803397286,7.88975596577184,0
1920,1900,131310.9,1149251310.9,3784113.4839206547,900591.6382295898,5037852.833292357,52.5137129914015,13.3869414342049,74.9338122433829,-2.395854716767504,7.582132530398062,0.44121983618018173,7.9638890296272,0
1921,1900,131311.1,1149251311.1,3784112.9791885107,900593.1501672751,5037852.94427918,52.5137146035611,13.3869648208226,74.9360932529051,-2.4220579814198273,7.629059384221336,0.4524350518574069,8.01708235142214,0
1922,1900,131311.3,1149251311.3,3784112.4673617934,900594.6695628156,5037853.059212837,52.5137162742034,13.3869883385042,74.9383570488423,-2.449933283607841,7.658636885236074,0.46797844346691736,8.05455745882899,0
1923,1900,131311.5,1149251311.5,3784111.9490172514,900596.1925662941,5037853.178348378,52.5137180070783,13.3870119301155,74.9406050189678,-2.4749969085453416,7.674836487652241,0.4837994906671723,8.07853865229826,0
1924,1900,131311.7,1149251311.7,3784111.4252867643,900597.7173186847,5037853.301173263,52.5137197946001,13.3870355651576,74.9428386383398,-2.4974873206569415,7.677728430259402,0.5000636574035409,8.08919158056672,0
1925,1900,131311.9,1149251311.9,3784110.895477344,900599.2408073337,5037853.428742048,52.5137216523171,13.3870592028241,74.9450599399944,-2.513566655677618,7.664995056508852,0.5143190478079116,8.08298772928535,0
1926,1900,131312.1,1149251312.1,3784110.3690570677,900600.7601681564,5037853.554501363,52.513723483438,13.3870827697847,74.9472707150638,-2.522681502727112,7.636315967871139,0.5262096771067274,8.05941313928291,0
1927,1900,131312.3,1149251312.3,3784109.83728412,900602.2726290744,5037853.685468107,52.5137253915562,13.3871062561296,74.9494728080758,-2.5253260012836694,7.597849620780931,0.5350106827332475,8.02438949100796,0
1928,1900,131312.5,1149251312.5,3784109.299497816,900603.776191693,5037853.822491781,52.5137273892001,13.3871296354761,74.9516675659391,-2.519215699882178,7.560210047547039,0.5371328927827823,7.98697285897938,0
1929,1900,131312.7,1149251312.7,3784108.7671100833,900605.2738655383,5037853.956525541,52.5137293427602,13.3871529120304,74.9538566329025,-2.51589817901388,7.530264783621449,0.5399725648782074,7.95777617990327,0
1930,1900,131312.9,1149251312.9,3784108.243382131,900606.7688540479,5037854.084568454,52.5137312079129,13.3871761205741,74.9560408880603,-2.510315200148237,7.520164388540778,0.5375981135686171,7.94629263030784,0
1931,1900,131313.1,1149251313.1,3784107.72071085,900608.2634974512,5037854.211878701,52.5137330622938,13.3871993205709,74.9582211288997,-2.5016328644649306,7.531757501962824,0.5290590715303649,7.95395760348978,0
1932,1900,131313.3,1149251313.3,3784107.19816703,900609.7626530827,5037854.338288236,52.5137349034104,13.3872225847929,74.9603982990783,-2.4856315187528555,7.562934625189297,0.5115816906117272,7.97734667781675,0
1933,1900,131313.5,1149251313.5,3784106.676894621,900611.2689351056,5037854.462480048,52.5137367118085,13.3872459467984,74.9625729543792,-2.460850221835683,7.607193975431745,0.48523047080201975,8.01003324612005,0
1934,1900,131313.7,1149251313.7,3784106.1583545357,900612.7843612139,5037854.583006665,52.5137384661064,13.3872694305176,74.9647457452932,-2.434820149021632,7.654072722148871,0.45748236713253493,8.04502756429475,0
1935,1900,131313.9,1149251313.9,3784105.6476062406,900614.310187176,5037854.695871113,52.5137401072742,13.3872930366901,74.9669174017815,-2.4099192515162606,7.697789269444545,0.43113823535988566,8.07771939433362,0
1936,1900,131314.1,1149251314.1,3784105.140987639,900615.8435263927,5037854.804318843,52.5137416832306,13.3873167364415,74.9690883735901,-2.3802461914877338,7.738171450814329,0.4018256289531445,8.10594431083593,0
1937,1900,131314.3,1149251314.3,3784104.6411306746,900617.3849246148,5037854.906290004,52.5137431635516,13.387340528616,74.9712592705091,-2.3572677385698224,7.7708422581229355,0.3788772156096317,8.12934490204711,0
1938,1900,131314.5,1149251314.5,3784104.147264588,900618.932659431,5037855.002666304,52.5137445612496,13.3873643911608,74.9734307217578,-2.351382509747051,7.7944430194266925,0.3702927332761494,8.14981339654786,0
1939,1900,131314.7,1149251314.7,3784103.651903453,900620.4842784916,5037855.099468941,52.5137459652326,13.3873883144651,74.9756030748115,-2.3584244649868085,7.815154304861625,0.3718663706929562,8.17172487076614,0
1940,1900,131314.9,1149251314.9,3784103.148539157,900622.0389644864,5037855.201698829,52.5137474493462,13.3874123090128,74.9777763653261,-2.3866262990383698,7.835049032422945,0.3893724856210036,8.19973105438782,0
1941,1900,131315.1,1149251315.1,3784102.644600938,900623.5995362094,5037855.303313422,52.5137489243538,13.3874363898589,74.9799513885469,-2.4190298045291363,7.86091253903794,0.40895355932531796,8.2348584781579,0
1942,1900,131315.3,1149251315.3,3784102.132729881,900625.1658137013,5037855.409835874,52.5137504718068,13.3874605795219,74.9821286802115,-2.447260120029108,7.891548410387999,0.4245735062702678,8.27320258852694,0
1943,1900,131315.5,1149251315.5,3784101.6223471244,900626.7391753141,5037855.513993247,52.5137519843001,13.3874848656226,74.9843090270244,-2.472538543987496,7.91976948859395,0.43841980358288984,8.30833361921277,0
1944,1900,131315.7,1149251315.7,3784101.1052107387,900628.3161170721,5037855.622558055,52.5137535618312,13.3875092260596,74.9864931873697,-2.495317636479167,7.940389582219399,0.45175105262284404,8.33549493658824,0
1945,1900,131315.9,1149251315.9,3784100.5848214338,900629.8965843439,5037855.73292918,52.5137551659806,13.3875336481111,74.988682021024,-2.5079137325942753,7.95192187060258,0.4590984666294829,8.35065650882397,0
1946,1900,131316.1,1149251316.1,3784100.062103205,900631.477748905,5037855.84491993,52.513756793987,13.3875580880989,74.9908759130112,-2.4963370490809362,7.953593554390873,0.45016144943193437,8.34829290463726,0
1947,1900,131316.3,1149251316.3,3784099.536894501,900633.0575995172,5037855.9590078425,52.5137584529033,13.387582517754,74.993074747957,-2.467158164639585,7.946397143238497,0.42966611481214495,8.33166909674373,0
1948,1900,131316.5,1149251316.5,3784099.023606208,900634.6364537848,5037856.064384388,52.5137599831262,13.3876068924794,74.995278444637,-2.4529913634770093,7.930203957850191,0.4219689995395963,8.3116399873291,0
1949,1900,131316.7,1149251316.7,3784098.513570447,900636.2125259046,5037856.167832479,52.5137614848282,13.387631216247,74.9974859303634,-2.431136126337151,7.921778461279665,0.40715616533449356,8.29643134108551,0
1950,1900,131316.9,1149251316.9,3784098.000745031,900637.7856452052,5037856.273889515,52.5137630250203,13.387655507218,74.9996963992914,-2.423325031484694,7.913298313717966,0.4028314438351489,8.28583535814309,0
1951,1900,131317.1,1149251317.1,3784097.4885141975,900639.357014494,5037856.37981503,52.5137645632529,13.3876797710861,75.0019083596393,-2.419801934259996,7.906867741445934,0.40134206668100864,8.27859132559728,0
1952,1900,131317.3,1149251317.3,3784096.9841031935,900640.9291797613,5037856.479764145,52.5137660132359,13.3877040196922,75.0041202378209,-2.439841015932118,7.899092402241444,0.4176713350648911,8.2778580747865,0
1953,1900,131317.5,1149251317.5,3784096.469860325,900642.4998351727,5037856.587313761,52.5137675754767,13.3877282801962,75.0063299965102,-2.475603555820957,7.899062586341966,0.4443564986810852,8.28982843045988,0
1954,1900,131317.7,1149251317.7,3784095.94816348,900644.0723000721,5037856.700097119,52.5137692150559,13.3877525920529,75.0085351300371,-2.507255974897107,7.917891311654177,0.46462619922361903,8.31836599650622,0
1955,1900,131317.9,1149251317.9,3784095.4219920756,900645.6498095306,5037856.815313527,52.5137708906473,13.3877769914579,75.0107330518126,-2.531045169301908,7.955799389008252,0.475641001363023,8.36224658386538,0
1956,1900,131318.1,1149251318.1,3784094.8930750373,900647.23653696,5037856.930928453,52.5137725722401,13.3878015323175,75.0129210235777,-2.5480552584839686,8.005780295140386,0.47945396204239477,8.41516368444869,0
1957,1900,131318.3,1149251318.3,3784094.36444257,900648.8356771762,5037857.044109832,52.5137742180506,13.3878262500771,75.0150959650131,-2.5695678378397395,8.057164673336526,0.4863769640929132,8.47095885940445,0
1958,1900,131318.5,1149251318.5,3784093.8253858187,900650.4421346835,5037857.163748894,52.5137759594041,13.387851108244,75.0172550829212,-2.595438707694389,8.107162450483369,0.49679787851663854,8.52696858303257,0
1959,1900,131318.7,1149251318.7,3784093.282113823,900652.0582685509,5037857.284790578,52.5137777216879,13.3878761194463,75.0193955596235,-2.626594412829948,8.155640544534624,0.5114316352458486,8.58341617415215,0
1960,1900,131318.9,1149251318.9,3784092.732782192,900653.6850140909,5037857.408441574,52.5137795227514,13.387901303377,75.021514772139,-2.659031840013144,8.206231929609904,0.5266463509016217,8.6423404924633,0
1961,1900,131319.1,1149251319.1,3784092.1852752985,900655.3242309274,5037857.528486162,52.5137812708372,13.3879266597934,75.0236104019342,-2.694216227795482,8.261236222727886,0.5431268756488113,8.70642359484535,0
1962,1900,131319.3,1149251319.3,3784091.6202520914,900656.9725510096,5037857.659950523,52.5137831878513,13.3879522063972,75.0256806042734,-2.723798638906339,8.325022612726979,0.5538681469104382,8.77677904768518,0
1963,1900,131319.5,1149251319.5,3784091.0564384665,900658.6360508592,5037857.787781963,52.5137850515379,13.3879779663958,75.0277236659678,-2.7501104626298374,8.389498041741968,0.562046791045346,8.84661978070623,0
1964,1900,131319.7,1149251319.7,3784090.4869527863,900660.3109870093,5037857.917778066,52.5137869475218,13.3880039096177,75.0297383346503,-2.767394413734701,8.44796429968768,0.5645567638078477,8.90759771147804,0
1965,1900,131319.9,1149251319.9,3784089.9075321257,900661.9923320288,5037858.054010858,52.513788935945,13.3880299785617,75.0317235630276,-2.779935845897167,8.48934220916003,0.5665628545473052,8.95086408787905,0
1966,1900,131320.1,1149251320.1,3784089.3282148116,900663.6818439718,5037858.188677159,52.5137909015942,13.3880561641832,75.0336782740725,-2.7804114052101196,8.51225211651717,0.5628461161131008,8.9725090932134,0
1967,1900,131320.3,1149251320.3,3784088.741093571,900665.3723486406,5037858.328949623,52.5137929503937,13.3880823906484,75.035601690239,-2.7761622411596623,8.515764826993683,0.559048834603452,8.97428899564611,0
1968,1900,131320.5,1149251320.5,3784088.1602321677,900667.0635833844,5037858.464380504,52.5137949280795,13.3881086062277,75.037492714227,-2.76842801682322,8.504584191597951,0.5552606317723344,8.96105241171514,0
1969,1900,131320.7,1149251320.7,3784087.5864200704,900668.7530631418,5037858.594820457,52.5137968324614,13.3881347726188,75.0393500552386,-2.754866723790662,8.483340801921631,0.5489118356064039,8.93631165697942,0
1970,1900,131320.9,1149251320.9,3784087.0144133815,900670.4369988339,5037858.724853309,52.5137987312409,13.3881608534111,75.0411724922784,-2.74270496834861,8.455675834407364,0.5447476315976013,8.90604482035185,0
1971,1900,131321.1,1149251321.1,3784086.4824906667,900671.7307798223,5037858.894217298,52.513801211239,13.3881812067876,75.0429578672771,-2.7306835766448874,8.428090004091327,0.5406747867355364,8.87590351107051,0
1972,1900,131321.3,1149251321.3,3784085.9068835108,900673.39957244,5037859.029530444,52.5138031888649,13.3882070828723,75.044705661418,-2.717659580634427,8.403634933055123,0.5352972999643363,8.84834995259724,0
1973,1900,131321.5,1149251321.5,3784085.3487033714,900675.0700695476,5037859.151487999,52.5138049697397,13.3882329239463,75.0464138095784,-2.7071514983873346,8.381633245529441,0.5313612842072186,8.82398945557731,0
1974,1900,131321.7,1149251321.7,3784084.783414384,900676.7344371416,5037859.279785313,52.5138068447148,13.3882587014356,75.0480806518678,-2.6930237660577467,8.367686257538685,0.5232942733799733,8.80592909383819,0
1975,1900,131321.9,1149251321.9,3784084.217696619,900678.3959843777,5037859.408849134,52.5138087315074,13.3882844399753,75.0497049275861,-2.6831190463360004,8.361878840768174,0.5169326070158523,8.7970088601009,0
1976,1900,131322.1,1149251322.1,3784083.664787819,900680.0606047342,5037859.527754864,52.5138104688113,13.3883101788662,75.0512855933915,-2.6762182824877176,8.363388355651066,0.5115128233691709,8.79602492330669,0
1977,1900,131322.3,1149251322.3,3784083.111633665,900681.7253799366,5037859.646759782,52.5138122080984,13.3883359208148,75.0528220136583,-2.673366486374916,8.37114196778643,0.5080051153799323,8.80232784055218,0
1978,1900,131322.5,1149251322.5,3784082.554977267,900683.3915946108,5037859.7680655485,52.5138139818812,13.3883616953373,75.0543140436977,-2.6793540412485757,8.384960370482066,0.5100154221153309,8.81740405242412,0
1979,1900,131322.7,1149251322.7,3784081.998130558,900685.0615573375,5037859.888791482,52.513815747619,13.3883875242185,75.0557619494944,-2.6899832609327987,8.40578824564508,0.5142440736808858,8.84068622574286,0
1980,1900,131322.9,1149251322.9,3784081.441295203,900686.7367998593,5037860.008516057,52.5138174990784,13.3884134287196,75.0571664877217,-2.700895539410474,8.432359722068501,0.5176639030512374,8.8694702837144,0
1981,1900,131323.1,1149251323.1,3784080.8762503807,900688.4154097615,5037860.133714199,52.5138193318553,13.3884394094755,75.0585290511377,-2.7131160742271945,8.460758809380323,0.5217352321167853,8.9004295466662,0
1982,1900,131323.3,1149251323.3,3784080.312406677,900690.1016366212,5037860.256611803,52.5138211311363,13.3884654952837,75.0598510796928,-2.7241410187364665,8.485169619468875,0.5256227652955825,8.92722392754417,0
1983,1900,131323.5,1149251323.5,3784079.743264624,900691.790546084,5037860.38293702,52.5138229814819,13.3884916376054,75.0611346513637,-2.7305830404942935,8.494738687842538,0.5287266644191924,8.93846860493629,0
1984,1900,131323.7,1149251323.7,3784079.1768933586,900693.4799637382,5037860.507058307,52.5138247997087,13.388517777761,75.0623819080426,-2.72787144992676,8.482652421840706,0.5288467760758799,8.9261611944694,0
1985,1900,131323.9,1149251323.9,3784078.6098690666,900695.1635961414,5037860.632650092,52.5138266400541,13.3885438372466,75.0635946563718,-2.717406393317782,8.448751372178108,0.5270560986760825,8.89064032488535,0
1986,1900,131324.1,1149251324.1,3784078.0463897674,900696.8386918617,5037860.75707125,52.5138284634956,13.3885697623174,75.06477478878,-2.702093173991252,8.394051742480988,0.5253418431999356,8.83387775716842,0
1987,1900,131324.3,1149251324.3,3784077.481276489,900698.5001756576,5037860.885089616,52.5138303404145,13.3885954979121,75.0659242820404,-2.6805634874179463,8.32155051680981,0.5221509136892869,8.75821130086289,0
1988,1900,131324.5,1149251324.5,3784076.9316127333,900700.1484305345,5037861.003893178,52.5138320816033,13.3886209912515,75.0670447115427,-2.6560280744926534,8.236189060264953,0.5190013368845267,8.66940930840211,0
1989,1900,131324.7,1149251324.7,3784076.389363437,900701.7794646369,5037861.120188187,52.5138337860681,13.3886462125399,75.0681379510392,-2.631953536758588,8.142514685188852,0.517672000114757,8.57296384676122,0
1990,1900,131324.9,1149251324.9,3784075.8407225553,900703.3870413285,5037861.24538458,52.5138356222786,13.3886711194988,75.0692053314436,-2.6094336060518346,8.042922382888682,0.5185536175736886,8.47151946558958,0
1991,1900,131325.1,1149251325.1,3784075.308125515,900704.9774445615,5037861.36162894,52.5138373265869,13.3886957256519,75.0702481075955,-2.583445659807308,7.9395149064205945,0.517525393888381,8.36528068625144,0
1992,1900,131325.3,1149251325.3,3784074.7726775883,900706.5450366162,5037861.4840211915,52.513839121954,13.3887200146592,75.0712673596947,-2.5594393418101733,7.833092481297584,0.5185111910421147,8.25693171948287,0
1993,1900,131325.5,1149251325.5,3784074.2362135435,900708.0900415605,5037861.611153395,52.5138409875825,13.3887439834736,75.0722636848,-2.5372918415019425,7.726731592626343,0.5208730257484759,8.14932756136325,0
1994,1900,131325.7,1149251325.7,3784073.709902317,900709.614822493,5037861.734273083,52.5138427942259,13.3887676278622,75.0732373249457,-2.520106759882787,7.620073579593497,0.526990186360047,8.04326911747615,0
1995,1900,131325.9,1149251325.9,3784073.1900568553,900711.1197038764,5037861.856073668,52.5138445816556,13.38879096505,75.0741883673948,-2.506558520154832,7.514794952381645,0.5355759224597296,7.93988793120029,0
1996,1900,131326.1,1149251326.1,3784072.6633784715,900712.601833145,5037861.986983891,52.513846503868,13.3888139995204,75.075116809651,-2.494720276595281,7.412025538906421,0.5449919619822193,7.83956427912176,0
1997,1900,131326.3,1149251326.3,3784072.145481673,900714.0642970172,5037862.114805351,52.5138483807376,13.3888367222465,75.0760224273238,-2.484534143204383,7.309768313043088,0.5555497726647176,7.74043010749564,0
1998,1900,131326.6,1149251326.6,3784071.3857756574,900716.222365096,5037862.300022212,52.5138511003366,13.3888702373555,75.0773378952553,-2.463016302456401,7.141764678234221,0.5693280342694439,7.57597428955808,0
1999,1900,131326.8,1149251326.8,3784070.8764861524,900717.6275594758,5037862.431518989,52.51385303215,13.388892110089,75.0781861708116,-2.43595614034778,7.0041626545119655,0.5735733849004107,7.43781979053165,0
2000,1900,131327.0,1149251327.0,3784070.375996362,900719.0032223722,5037862.561665743,52.5138549442953,13.3889135296407,75.0790116610525,-2.390632991029453,6.837197807022239,0.5694075180220768,7.26544044581801,0
2001,1900,131327.2,1149251327.2,3784069.8891331456,900720.3432255924,5037862.687950225,52.5138567996687,13.3889343917334,75.079814924756,-2.3273392653276765,6.637802540645983,0.5575934223499057,7.05604996079181,0
2002,1900,131327.4,1149251327.4,3784069.4186102096,900721.6404596401,5037862.809609971,52.513858587015,13.3889545852359,75.0805956422957,-2.2523355694519744,6.4074069007190655,0.5425481917542796,6.81338662114346,0
2003,1900,131327.6,1149251327.6,3784068.9634775897,900722.8896561209,5037862.9282886945,52.5138603306129,13.3889740378951,75.0813532340031,-2.1607952246445126,6.1542620749489565,0.519205319747557,6.54320654221275,0
2004,1900,131327.8,1149251327.8,3784068.530851763,900724.0872619656,5037863.039308878,52.5138619613821,13.3889926745242,75.0820885172813,-2.058187501220931,5.8847389836801804,0.4905139988915917,6.2535504059163,0
2005,1900,131328.0,1149251328.0,3784068.1098759854,900725.2276513143,5037863.151771284,52.5138636136963,13.3890104515383,75.0828026087857,-1.945497735121513,5.608457012775016,0.4555010444566695,5.95375786398887,0
2006,1900,131328.2,1149251328.2,3784067.727555967,900726.3169052703,5037863.244448489,52.5138649740868,13.3890273639636,75.0834966140613,-1.8299143104491344,5.3325280191869435,0.4182666663256481,5.65326352323678,0
2007,1900,131328.4,1149251328.4,3784067.363017209,900727.3510126488,5037863.333628735,52.5138662830614,13.3890434255216,75.084171668453,-1.71803138497769,5.061992989786729,0.3828354796012959,5.35928800055193,0
2008,1900,131328.6,1149251328.6,3784067.0199796194,900728.3314679557,5037863.416273081,52.5138674957282,13.3890586449395,75.0848292379844,-1.6064911767837253,4.79784194512912,0.3465264160550937,5.07150685581202,0
2009,1900,131328.8,1149251328.8,3784066.7015679698,900729.2590403941,5037863.489915318,52.5138685756536,13.3890730225812,75.0854707108885,-1.499004440566167,4.532069353319132,0.3135297881411844,4.78382356114682,0
2010,1900,131329.0,1149251329.0,3784066.4025365324,900730.1334744133,5037863.55851648,52.5138695813117,13.3890865726771,75.086097505243,-1.3908518032070034,4.260939201055717,0.2809879723834951,4.4909938604057,0
2011,1900,131329.2,1149251329.2,3784066.125355789,900730.9541059341,5037863.620353564,52.5138704872388,13.3890992772847,75.0867114077591,-1.2819947409303833,3.985306406251987,0.24872039110199187,4.19380966430717,0
2012,1900,131329.4,1149251329.4,3784065.877215202,900731.720595109,5037863.670125137,52.5138712151304,13.3891111070117,75.087314177302,-1.1718139704737887,3.7095922886357937,0.2154797866104323,3.89623593584133,0
2013,1900,131329.7,1149251329.7,3784065.544064849,900732.7678443014,5037863.7338199895,52.5138721452768,13.3891272498271,75.0882023374395,-0.9993068636637209,3.2967938861731896,0.16008317117081003,3.44863607203869,0
2014,1900,131329.9,1149251329.9,3784065.349304709,900733.3960197275,5037863.768305308,52.5138726476563,13.389136915524,75.0887869184778,-0.8816437321832757,3.0149884647432255,0.12234211464219973,3.14363145200704,0
2015,1900,131330.1,1149251330.1,3784065.1757143633,900733.9675388614,5037863.797053391,52.5138730653572,13.3891456971613,75.0893680364098,-0.7700657408218943,2.728407418350896,0.08998940582018149,2.83642492917751,0
2016,1900,131330.3,1149251330.3,3784065.0238522165,900734.4818207892,5037863.819753827,52.5138733937677,13.3891535845101,75.0899480884443,-0.6679882581406786,2.4506493930541855,0.0631581641426345,2.54084232379511,0
2017,1900,131330.5,1149251330.5,3784064.900482328,900734.9456541574,5037863.830157047,52.5138735405782,13.3891606517763,75.0905292130272,-0.5816653007958215,2.1986340893166125,0.04350960040004941,2.2746910704933,0
2018,1900,131330.7,1149251330.7,3784064.7937491,900735.3630374224,5037863.836401428,52.5138736259361,13.3891669966935,75.0911138256798,-0.5096619478389065,1.9822292448110628,0.0282206318626814,2.04689630517081,0
2019,1900,131330.9,1149251330.9,3784064.6996876146,900735.7406574708,5037863.840260374,52.5138736760029,13.3891727286048,75.091704110997,-0.449101281262855,1.794852615588347,0.016313762805106213,1.85025782294607,0
2020,1900,131331.1,1149251331.1,3784064.6041940143,900736.0788793002,5037863.852194433,52.5138738452214,13.3891779008471,75.0923020641716,-0.3961043517869675,1.617705231853586,0.008233537824201225,1.6655139344407,0
2021,1900,131331.3,1149251331.3,3784064.5327947843,900736.3849033207,5037863.851882134,52.5138738334902,13.3891825295301,75.092909680769,-0.34409530665913135,1.4347165364758343,0.0019278024237356082,1.4754039570654,0
2022,1900,131331.5,1149251331.5,3784064.474658967,900736.6534459866,5037863.84834478,52.5138737740041,13.3891865758868,75.0935285605398,-0.29262488095520817,1.2397478410288172,-0.001848431569876525,1.27381609621991,0
2023,1900,131331.7,1149251331.7,3784064.4278011345,900736.8826271887,5037863.84339962,52.5138736935788,13.3891900197484,75.094160308327,-0.2414547867670616,1.0380859469950638,-0.00421187003032979,1.06580513568406,0
2024,1900,131331.9,1149251331.9,3784064.3940311195,900737.0729455412,5037863.835609562,52.513873570977,13.3891928620866,75.0948063211994,-0.1948051929967345,0.8455263235857865,-0.004819084668566732,0.867690642263724,0
2025,1900,131332.1,1149251332.1,3784064.36913028,900737.2273977841,5037863.827591582,52.5138734448269,13.3891951602323,75.0954679264428,-0.15663156457298524,0.6863247403347043,-0.005026665134361225,0.703988894499376,0
2026,1900,131332.3,1149251332.3,3784064.342178826,900737.35277314,5037863.826288625,52.5138734176382,13.3891970487174,75.0961462844715,-0.1313557861344739,0.5780881804470663,-0.0046624070053462655,0.592842327236078,0
2027,1900,131332.5,1149251332.5,3784064.324231366,900737.4636662788,5037863.820862138,52.5138733293516,13.389198698969,75.0968423604767,-0.11812773668290984,0.523666684130089,-0.004866747209874745,0.536846946037727,0
2028,1900,131332.7,1149251332.7,3784064.3109769123,900737.5691589392,5037863.812916758,52.5138732036517,13.3892002558275,75.0975570363466,-0.11561745016289857,0.5155053826083987,-0.005290254598840908,0.528338131383797,0
2029,1900,131332.9,1149251332.9,3784064.301870618,900737.6786918355,5037863.801183107,52.5138730217872,13.3892018564313,75.0982909073227,-0.12227718965982515,0.5484860641796865,-0.006178716954615735,0.561984742011412,0
2030,1900,131333.1,1149251333.1,3784064.278526536,900737.7950044115,5037863.798892636,52.5138729791384,13.3892036027476,75.099044192215,-0.1385606455509057,0.6237471273661477,-0.007395816889350827,0.638994702247574,0
2031,1900,131333.3,1149251333.3,3784064.2556474954,900737.8934219194,5037863.799458533,52.5138729784337,13.3892050910517,75.0998174982903,-0.1640538691334174,0.7375135692866034,-0.008579971360832491,0.755588216403659,0
2032,1900,131333.5,1149251333.5,3784064.231300725,900738.0571375466,5037863.789548085,52.5138728227941,13.3892075200464,75.1006108983159,-0.19440742738948696,0.869493249525868,-0.009372474765917313,0.891010999976145,0
2033,1900,131333.7,1149251333.7,3784064.198555283,900738.245195321,5037863.781606259,52.5138726959872,13.389210326497,75.1014245270479,-0.2231974294479777,0.9890352303156219,-0.0091226604795532,1.01394822464063,0
2034,1900,131333.9,1149251333.9,3784064.1508603985,900738.4520770982,5037863.781500292,52.5138726846544,13.3892134536757,75.1022581718793,-0.24501142997314693,1.074483587757021,-0.008022711102635806,1.10209343754063,0
2035,1900,131334.1,1149251334.1,3784064.1067000027,900738.6736770056,5037863.776167753,52.5138725959163,13.3892167797009,75.1031111789605,-0.2592691106149746,1.1237364028114873,-0.00613230080215165,1.15327428647131,0
2036,1900,131334.3,1149251334.3,3784064.0534090837,900738.9007587883,5037863.77669733,52.5138725935235,13.3892202154215,75.1039827839599,-0.2672659338896939,1.1475350076132496,-0.004392511089597996,1.17825590058762,0
2037,1900,131334.5,1149251334.5,3784064.002221157,900739.1320059733,5037863.774940304,52.513872557159,13.3892237036568,75.1048720086755,-0.27273992766052224,1.156256070615913,-0.0018572730400160053,1.18798931747704,0
2038,1900,131334.7,1149251334.7,3784063.9425592218,900739.3618696543,5037863.779771878,52.513872617895,13.3892272009713,75.1057774827464,-0.27439612441845923,1.1549317761573261,-0.0003864553942402523,1.18708078496013,0
2039,1900,131334.9,1149251334.9,3784063.893004177,900739.5928710237,5037863.776879143,52.5138725643979,13.3892306801146,75.1066976092262,-0.27505291173635854,1.1418319843765365,0.0024300004438973333,1.17449575976334,0
2040,1900,131335.1,1149251335.1,3784063.8429202717,900739.8195432873,5037863.775165594,52.5138725281666,13.3892340990282,75.107630257746,-0.2701881978853599,1.1146869346747685,0.003621283159857043,1.1469706789203,0
2041,1900,131335.3,1149251335.3,3784063.799588038,900740.0407770765,5037863.76939358,52.5138724318841,13.3892374169823,75.1085732906248,-0.2624569831005431,1.0710385341535107,0.005604831796139911,1.10274141291574,0
2042,1900,131335.5,1149251335.5,3784063.744730225,900740.2480870328,5037863.774703422,52.5138724991509,13.3892405747286,75.1095241289248,-0.24963972169684664,1.0119193578952055,0.0065412716834367226,1.04227806547349,0
2043,1900,131335.7,1149251335.7,3784063.7025817186,900740.444620276,5037863.77245149,52.5138724546942,13.3892435347006,75.1104802771288,-0.23413957234300112,0.9404447061111467,0.007670324402942357,0.969183377109766,0
2044,1900,131335.9,1149251335.9,3784063.665216682,900740.6265450683,5037863.76922887,52.5138723958682,13.389246269026,75.1114394623659,-0.215982110667154,0.8618725884064412,0.00807726497854977,0.888559436945099,0
2045,1900,131336.1,1149251336.1,3784063.6293534315,900740.7917259212,5037863.767859943,52.5138723644102,13.389248758298,75.1123990431473,-0.19701193487055163,0.7804540005157484,0.008383376425420412,0.80497977018231,0
2046,1900,131336.3,1149251336.3,3784063.6024205238,900740.9421144292,5037863.762453266,52.5138722733465,13.3892510051437,75.1133570943214,-0.17729287838513963,0.6982428554327718,0.008271514663306473,0.720447269301386,0
2047,1900,131336.5,1149251336.5,3784063.5682076737,900741.0726742613,5037863.765995067,52.5138723144635,13.3892529926872,75.1143115114729,-0.15695413815779208,0.6152026944044596,0.007844547391159333,0.634957080133086,0
2048,1900,131336.7,1149251336.7,3784063.544016419,900741.1885709416,5037863.764657133,52.5138722835868,13.3892547359335,75.1152605410304,-0.1361799216833787,0.531490876234673,0.007211963778442077,0.548707148679451,0
2049,1900,131336.9,1149251336.9,3784063.5233188886,900741.2870346738,5037863.763799596,52.5138722598875,13.389256217459,75.116202435522,-0.11510514843714534,0.4477408281808138,0.006361931018834955,0.462343507127619,0
2050,1900,131337.1,1149251337.1,3784063.508019778,900741.3690513213,5037863.761824664,52.5138722197868,13.3892574448938,75.1171359111281,-0.09389583943185728,0.36403830481198857,0.005403086062702008,0.375991368746678,0
2051,1900,131337.3,1149251337.3,3784063.4925661925,900741.4329797965,5037863.763165434,52.5138722287588,13.3892584136625,75.1180598929758,-0.07209584801542199,0.278973605721483,0.004245457828385689,0.288170275882994,0
2052,1900,131337.5,1149251337.5,3784063.4893374736,900741.4813821448,5037863.758129759,52.5138721436928,13.3892591182529,75.1189736258925,-0.049484986390363826,0.19115657344017487,0.0029716525729563945,0.197480201960748,0
2053,1900,131337.7,1149251337.7,3784063.5551539427,900741.3923109386,5037863.725980458,52.5138716583842,13.3892576174202,75.1198760840123,-0.02749252108463032,0.10610286100099997,0.0016684770002329673,0.109619522183262,0
2054,1900,131337.9,1149251337.9,3784063.5550044375,900741.4732552649,5037863.7128396435,52.5138714538971,13.3892587778153,75.1207672989251,-0.01099228629139575,0.04241088885013619,0.0006692402586714577,0.0438173679434815,1
2055,1900,131338.1,1149251338.1,3784063.553338918,900741.4788843114,5037863.714195528,52.513871463571,13.3892588641572,75.1216504258433,-0.001969254837266716,0.007598412219480649,0.00011979543417176676,0.007850362018232,1
2056,1900,131338.3,1149251338.3,3784063.5488987565,900741.5207985593,5037863.711166399,52.5138714085957,13.389259479909,75.122524820059,0.001298910781244825,-0.005011937291827159,-7.900541425964484e-05,-0.005178119976432,1
2057,1900,131338.5,1149251338.5,3784063.569317699,900741.459965169,5037863.70782792,52.5138713491433,13.3892585385547,75.1233914546469,0.001399004449078305,-0.0053980196850816715,-8.511776440265358e-05,-0.0055770130897181,1
2058,1900,131338.7,1149251338.7,3784063.5700008124,900741.461601442,5037863.708113244,52.5138713432631,13.3892585596715,75.12425287122,0.00041520273348878364,-0.0016021349181635505,-2.524622162688619e-05,-0.0016552543543522,1
2059,1900,131338.9,1149251338.9,3784063.571214247,900741.4671264265,5037863.707316725,52.5138713213664,13.3892586347024,75.1251178218583,-0.0006578420395555351,0.0025385820007817034,3.996793709104647e-05,0.002622737531606,1
2060,1900,131339.1,1149251339.1,3784063.5747037646,900741.4678239587,5037863.705704825,52.5138712871927,13.3892586327952,75.1260029679007,-0.0016944126061221062,0.006539415932147782,0.00010281167948479944,0.0067561501652089,1
2061,1900,131339.3,1149251339.3,3784063.581514222,900741.4712481006,5037863.701166241,52.5138712094738,13.3892586586313,75.1269161254827,-0.0026469157466512943,0.010216676290001517,0.00016039884985321768,0.0105552055960831,1
2062,1900,131339.5,1149251339.5,3784063.574915553,900741.4721938701,5037863.707112977,52.5138712862088,13.3892586946911,75.1278615481041,-0.0034739819963594456,0.013410556995571764,0.0002102449866518987,0.0138548111786816,1
2063,1900,131339.7,1149251339.7,3784063.58129662,900741.477610611,5037863.702627387,52.5138712084681,13.3892587505446,75.1288433458813,-0.00414329609809252,0.015996149880251154,0.00025042316211780697,0.0165259319043754,1
2064,1900,131339.9,1149251339.9,3784063.584241534,900741.4816653561,5037863.7009982215,52.5138711724343,13.3892587986019,75.1298654832188,-0.004583902422329772,0.017699300594326554,0.00027668274990722463,0.0182853481314922,1
2065,1900,131340.1,1149251340.1,3784063.587842023,900741.4862055224,5037863.698849875,52.5138711282119,13.3892588513789,75.130932175522,-0.004764223386929195,0.018396755895085548,0.00028735328867251624,0.0190058155272653,1
2066,1900,131340.3,1149251340.3,3784063.5852258666,900741.4883534552,5037863.701827207,52.513871159096,13.389258891081,75.1320485484809,-0.004622520447185283,0.017850741902453914,0.0002785999090240141,0.0184416457959147,1
2067,1900,131340.5,1149251340.5,3784063.5752741243,900741.4872864612,5037863.7109189965,52.5138712796146,13.3892589097361,75.1332208132187,-0.004209181918266073,0.016254611120057806,0.00025367824648272623,0.0167926754193042,1
2068,1900,131340.7,1149251340.7,3784063.572958736,900741.4916145516,5037863.713433471,52.513871302281,13.3892589796527,75.1344552063437,-0.0035471072533958853,0.013697644218456241,0.00021381747026713894,0.014151082817689,1
2069,1900,131340.9,1149251340.9,3784063.5643263254,900741.4868112248,5037863.72236873,52.513871418961,13.3892589402682,75.1357578105579,-0.0025387217208720295,0.009803151386224082,0.0001531165978593595,0.0101277011098173,1
2070,1900,131341.1,1149251341.1,3784063.561952536,900741.4835703549,5037863.726450835,52.5138714631039,13.3892589019252,75.1371348985569,-0.0012782379481987608,0.0049356411551571165,7.713152597136565e-05,0.0050990582598157,1
2071,1900,131341.3,1149251341.3,3784063.563252289,900741.4861936462,5037863.726852272,52.5138714519513,13.3892589350821,75.138592612954,4.944914266317639e-06,-1.9091192526934605e-05,-2.988359142540205e-07,-1.9723466026674e-05,1
2072,1900,131341.5,1149251341.5,3784063.549641416,900741.4814185838,5037863.739787961,52.5138716249979,13.3892589130837,75.1401261543366,0.0013202471688219986,-0.005097058171475592,-7.980720504617876e-05,-0.0052658735059025,1
2073,1900,131341.7,1149251341.7,3784063.552161234,900741.4829711084,5037863.739640318,52.513871604147,13.3892589267356,75.1417195886971,0.002587596634708109,-0.009989481170449628,-0.00015649030423738736,-0.0103203623780389,1
2074,1900,131341.9,1149251341.9,3784063.5535145253,900741.4777769657,5037863.741615477,52.513871614138,13.3892588476906,75.1433560886026,0.0036341561198148953,-0.01402915374176627,-0.00021988909813105154,-0.014493881351411,1
2075,1900,131342.1,1149251342.1,3784063.56563758,900741.47234811,5037863.735624148,52.5138715062394,13.3892587285476,75.145014097109,0.00428136985702045,-0.01652608825543643,-0.0002593238042574677,-0.0170736337583577,1
2076,1900,131342.3,1149251342.3,3784063.602359937,900741.4807100034,5037863.708821683,52.513871091111,13.389258723112,75.1466653769214,0.004677732730730034,-0.018055518311885826,-0.00028342587277207306,-0.0186537732171361,1
2077,1900,131342.5,1149251342.5,3784063.607075912,900741.4769514605,5037863.708001429,52.5138710601169,13.3892586531685,75.148276825851,0.004925612510651877,-0.019010030824748406,-0.00029884913223494355,-0.0196400672444575,1
2078,1900,131342.7,1149251342.7,3784063.6156886625,900741.4742927706,5037863.703978858,52.5138709827618,13.3892585856937,75.1498092299094,0.004456436816468169,-0.017199601375909482,-0.0002703264710012264,-0.017769614317432,1
2079,1900,131342.9,1149251342.9,3784063.620383486,900741.471435971,5037863.702756835,52.5138709482282,13.3892585287438,75.1512164299954,0.0033982199642293336,-0.013116355173125175,-0.0002059687277704801,-0.0135509813323491,1
2080,1900,131343.1,1149251343.1,3784063.697315721,900741.4868684987,5037863.644166719,52.5138700686474,13.389258487474,75.1524459798083,0.00198880409701512,-0.0076753937710690116,-0.00012070938654970006,-0.0079297907937896,1
2081,1900,131343.3,1149251343.3,3784063.7013432095,900741.4872021829,5037863.642364705,52.5138700303029,13.3892584785181,75.1534474889203,0.00026755033595978427,-0.0010326053574966328,-1.6230287279296067e-05,-0.0010668272722555,1
2082,1900,131343.5,1149251343.5,3784063.701298816,900741.4866343635,5037863.643450947,52.513870037489,13.389258470533,75.1542031217782,-0.0011447580367527261,0.0044184709800972,6.939077064805713e-05,0.0045648846473621,1
2083,1900,131343.7,1149251343.7,3784063.7022266253,900741.493125658,5037863.642260423,52.5138700138233,13.3892585603848,75.1547225067089,-0.0020966554040585833,0.008092795761380769,0.00012704733075029622,0.0083609478017173,1
2084,1900,131343.9,1149251343.9,3784063.7100062226,900741.500132168,5037863.63560679,52.5138699118992,13.3892586342485,75.155035967359,-0.002098602955969532,0.008100180534128134,0.00012718886776610155,0.0083685862641402,1
2085,1900,131344.1,1149251344.1,3784063.7090455387,900741.501094935,5037863.6363368,52.513869920966,13.3892586513212,75.1551821561073,-0.0016797007712909544,0.006482391398980323,0.00010196264641560699,0.0066972523703317,1
2086,1900,131344.3,1149251344.3,3784063.711402128,900741.4996344581,5037863.634864607,52.5138698989788,13.3892586223553,75.1552033206237,-0.0013860745448951999,0.005348965378057766,8.41827264742468e-05,0.005526275417594,1
2087,1900,131344.5,1149251344.5,3784063.7115784897,900741.5031174504,5037863.634040467,52.513869887497,13.389258671663,75.1551446136917,-0.001006873846322282,0.003885619483501851,6.11489171039939e-05,0.0040144206185999,1
2088,1900,131344.7,1149251344.7,3784063.7155467193,900741.4978362502,5037863.631896867,52.513869856967,13.3892585824512,75.155048721057,-0.000518991736117199,0.002002767276090788,3.153154698843927e-05,0.0020691600766479,1
2089,1900,131344.9,1149251344.9,3784063.7173039876,900741.501987297,5037863.629729528,52.5138698260696,13.3892586359394,75.1549542681829,-0.0002690519512013546,0.0010383068358271155,1.6338066981721187e-05,0.0010727240885723,1
2090,1900,131345.1,1149251345.1,3784063.7149373204,900741.5019321106,5037863.631430699,52.5138698518817,13.3892586432211,75.1548952394039,-0.0003874870576846035,0.0014954182635573579,2.352025876475522e-05,0.0015449838851672,1
2091,1900,131345.3,1149251345.3,3784063.714262629,900741.5034622904,5037863.63166674,52.5138698553262,13.389258667449,75.1548987412045,-0.0005502995613724934,0.0021237258135501126,3.340827494998949e-05,0.0021941187413677,1
2092,1900,131345.5,1149251345.5,3784063.7151617054,900741.503734009,5037863.631055268,52.5138698452966,13.3892586682759,75.1549841061072,-0.0007659816738576379,0.002955997297189869,4.651864596799106e-05,0.0030539829616588,1
2093,1900,131345.7,1149251345.7,3784063.7204678115,900741.5050252792,5037863.627094226,52.5138697846937,13.3892586686804,75.1551643521336,-0.0011488486761408265,0.004433363029038863,6.979798088538924e-05,0.0045803310782142,1
2094,1900,131345.9,1149251345.9,3784063.717664344,900741.5014445004,5037863.630179908,52.5138698269292,13.3892586269323,75.1554484940934,-0.0011391597383669978,0.004396098572270409,6.918717347834097e-05,0.0045418228093584,1
2095,1900,131346.1,1149251346.1,3784063.717028932,900741.5002524123,5037863.631360067,52.5138698397596,13.3892586120177,75.1558407770361,-0.0005765243955885102,0.002224873040442002,3.501104351710039e-05,0.0022986226741165,1
2096,1900,131346.3,1149251346.3,3784063.7223734264,900741.5024457595,5037863.627616882,52.5138697785923,13.3892586252175,75.1563437414217,0.00011226195732276058,-0.00043323943260377776,-6.816032641362454e-06,-0.0004475998339206,1
2097,1900,131346.5,1149251346.5,3784063.720068668,900741.5036343336,5037863.629902323,52.5138698051165,13.3892586501104,75.1569602570951,0.0005430980193047006,-0.002095991835497178,-3.296071412909501e-05,-0.0021654615308796,1
2098,1900,131346.7,1149251346.7,3784063.7183851097,900741.5037474948,5037863.632057111,52.5138698283927,13.3892586574744,75.1576893160885,0.0008114018193443367,-0.003131400738168533,-4.9255253151466514e-05,-0.0032351923552396,1
2099,1900,131346.9,1149251346.9,3784063.725257417,900741.5037312083,5037863.627991654,52.5138697585132,13.3892586338002,75.158529676766,0.0012371597146800504,-0.004774989193819638,-7.501460227721189e-05,-0.0049332254308187,1
2100,1900,131347.1,1149251347.1,3784063.725145418,900741.5008897099,5037863.629785851,52.5138697737944,13.3892585934652,75.1594866322571,0.002038592172780326,-0.007868537882720504,-0.00012355418301233302,-0.0081292688536466,1
2101,1900,131347.3,1149251347.3,3784063.7351979087,900741.503689338,5037863.6231534965,52.5138696631663,13.3892585992941,75.1605697452785,0.003040473923945294,-0.01173702039209158,-0.0001840220026640293,-0.0121258399075705,1
2102,1900,131347.5,1149251347.5,3784063.7296189624,900741.5017074649,5037863.62919472,52.5138697381785,13.3892585899243,75.161781272697,0.004253415507720151,-0.016420146289045517,-0.0002572822339576176,-0.0169640485080325,1
2103,1900,131347.7,1149251347.7,3784063.726977649,900741.5019863194,5037863.632802911,52.5138697757735,13.3892586029294,75.1631199414247,0.004754919636216425,-0.018356448617186716,-0.0002875703399565027,-0.0189644710783801,1
2104,1900,131347.9,1149251347.9,3784063.731318833,900741.5005639159,5037863.631666362,52.513869741792,13.3892585677398,75.1645877420613,0.0017306164211762477,-0.006682017086798731,-0.00010449762877610226,-0.0069032822121028,1
2105,1900,131348.1,1149251348.1,3784063.722029513,900741.5063610016,5037863.639584027,52.51386983996,13.3892586824937,75.1661878230065,-0.008933001566169912,0.034491598202709015,0.0005392611020730233,0.0356336872368623,1
2106,1900,131348.3,1149251348.3,3784063.7212052206,900741.5195804996,5037863.640036092,52.5138698263218,13.389258874733,75.1679214719686,-0.031592854163835546,0.12195882491023971,0.001911740528245623,0.125998881580557,0
2107,1900,131348.5,1149251348.5,3784063.706508227,900741.5561756614,5037863.646856326,52.5138699051458,13.3892594492505,75.1697894261792,-0.06833739936260871,0.26361528325479855,0.004168887954079517,0.272360785253542,0
2108,1900,131348.7,1149251348.7,3784063.6908975956,900741.6272604837,5037863.648405225,52.5138699045286,13.3892605211011,75.1717940837941,-0.11451639119150009,0.4406739747246579,0.007177690489331042,0.455366967501941,0
2109,1900,131348.9,1149251348.9,3784063.665197552,900741.7334233891,5037863.6514067855,52.5138699239232,13.3892621300143,75.1739215490896,-0.16115382911496687,0.6180380976207518,0.010474284315221748,0.638788977191224,0
2110,1900,131349.1,1149251349.1,3784063.6235953528,900741.8721561423,5037863.660614307,52.5138700337893,13.3892642598753,75.1761487942275,-0.2047088851112167,0.7809874735518675,0.014031133538842387,0.807492435999738,0
2111,1900,131349.3,1149251349.3,3784063.582691042,900742.0445435029,5037863.663402763,52.5138700481371,13.3892668696068,75.1784384140692,-0.24700787285747464,0.9366622384942558,0.017942771953430938,0.968850340011303,0
2112,1900,131349.5,1149251349.5,3784063.526981931,900742.2471632031,5037863.6718779495,52.5138701463642,13.389269963048,75.1807360611509,-0.29276130412637846,1.099342172020644,0.023187638534540176,1.13789281523246,0
2113,1900,131349.7,1149251349.7,3784063.4520362318,900742.4811601695,5037863.689050735,52.5138703737892,13.3892735717215,75.1829684747432,-0.34483331928607347,1.2794594431414208,0.030049924644519884,1.3254544438436,0
2114,1900,131349.9,1149251349.9,3784063.3805312035,900742.7572289448,5037863.696002913,52.5138704519802,13.3892777715237,75.1850567328861,-0.4032573189893537,1.4777777154336993,0.03841891765953647,1.53229222238614,0
2115,1900,131350.1,1149251350.1,3784063.289480845,900743.07108452,5037863.710534177,52.51387064481,13.3892825794562,75.1869126966606,-0.46343536208483904,1.6764752913472136,0.04802919494932694,1.7400139484774,0
2116,1900,131350.3,1149251350.3,3784063.181265466,900743.4206549258,5037863.731107636,52.5138709307827,13.3892879577099,75.1884340676802,-0.5168441910661216,1.844265739199493,0.058077983037766394,1.91619860315615,0
2117,1900,131350.5,1149251350.5,3784063.071043487,900743.8010079869,5037863.747152147,52.5138711550768,13.3892937839055,75.1895117895673,-0.5554630738571611,1.9522801128973506,0.06770811378373214,2.03089173869645,0
2118,1900,131350.7,1149251350.7,3784062.9494746216,900744.1941590722,5037863.768700113,52.5138714670485,13.3892998321927,75.1900424077812,-0.5772196620804715,1.998066415535452,0.07580890378184497,2.08115326900149,0
2119,1900,131350.9,1149251350.9,3784062.8279112466,900744.5921213964,5037863.788582862,52.5138717619304,13.3893059494035,75.18993297344,-0.5871022440008935,2.002837134424844,0.08233481963938681,2.08873757434175,0
2120,1900,131351.1,1149251351.1,3784062.7055379343,900744.9898291731,5037863.808211742,52.5138720614624,13.3893120657295,75.1891067425115,-0.5918659356254936,1.988645699143769,0.08840919252394082,2.07673618637505,0
2121,1900,131351.3,1149251351.3,3784062.582765321,900745.3836631577,5037863.827852322,52.5138723702246,13.3893181279084,75.1875075133333,-0.5959910007655109,1.973545095631725,0.09416855867766552,2.06372314880871,0
2122,1900,131351.5,1149251351.5,3784062.456183324,900745.7761301913,5037863.849561776,52.5138727189836,13.3893241834933,75.1851020668181,-0.6064292053312741,1.9770720408627382,0.10132991550043503,2.07046806003261,0
2123,1900,131351.7,1149251351.7,3784062.328089634,900746.1730193119,5037863.87058556,52.513873067177,13.3893303076005,75.1818807831777,-0.6264119382304992,2.015183889298854,0.10947018311695071,2.11313552453197,0
2124,1900,131351.9,1149251351.9,3784062.198468121,900746.5816392117,5037863.889654855,52.5138733959092,13.3893366050143,75.17785727783,-0.660754456632572,2.08877950654725,0.1220223570003268,2.19419364107626,0
2125,1900,131352.1,1149251352.1,3784062.052123387,900747.0057028924,5037863.917488743,52.5138738630802,13.3893431807703,75.1730643093523,-0.7086972688119897,2.193416757188049,0.13920868572373765,2.30926567283105,0
2126,1900,131352.3,1149251352.3,3784061.903593008,900747.4549876575,5037863.941561375,52.5138742831963,13.3893501253849,75.1675471229223,-0.7776060992210716,2.325191376357168,0.1672180865400055,2.45746781681829,0
2127,1900,131352.5,1149251352.5,3784061.7359287743,900747.9327252692,5037863.974010789,52.5138748348714,13.3893575429766,75.1613588888415,-0.8693816661423848,2.481368814722132,0.20795431393575822,2.63747240227922,0
2128,1900,131352.7,1149251352.7,3784061.5434049773,900748.4424421861,5037864.0185604105,52.5138755723643,13.3893655036076,75.1545613473456,-0.9755794912468787,2.659169971344585,0.2556105254387862,2.8439896309511,0
2129,1900,131352.9,1149251352.9,3784061.324611876,900748.9873916275,5037864.075780524,52.5138765032011,13.3893740587033,75.1472308807618,-1.082858926258639,2.8498131589622435,0.30179292039201583,3.06351064335855,0
2130,1900,131353.1,1149251353.1,3784061.08257879,900749.5702815325,5037864.143047957,52.5138775875501,13.3893832367342,75.1394610698748,-1.1747286499535452,3.048265801837954,0.33509116228122765,3.28393024997722,0
2131,1900,131353.3,1149251353.3,3784060.8225838435,900750.1935579637,5037864.216121096,52.5138787615611,13.3893930547477,75.1313557095895,-1.240701221671923,3.259806120041299,0.346743202851874,3.50512571963416,0
2132,1900,131353.5,1149251353.5,3784060.553098542,900750.8614360306,5037864.288068657,52.5138799216009,13.3894035442481,75.1230242149502,-1.271502987722442,3.495019583812224,0.3279500312510502,3.73355500321284,0
2133,1900,131353.7,1149251353.7,3784060.2775008697,900751.5784667006,5037864.355705514,52.5138810193025,13.389414758926,75.1145804066169,-1.2904569645843558,3.750386275851666,0.2967379724314208,3.97727668384078,0
2134,1900,131353.9,1149251353.9,3784059.996072702,900752.34780331,5037864.41840873,52.5138820440966,13.3894267430054,75.1061412664152,-1.2978574475677194,4.027721383515617,0.2530042062809455,4.23921981334205,0
2135,1900,131354.1,1149251354.1,3784059.6982078883,900753.1706119207,5037864.484032193,52.5138831105838,13.3894395493724,75.0978240735027,-1.2977421927915525,4.318829401978699,0.20121678341338758,4.51407913048435,0
2136,1900,131354.3,1149251354.3,3784059.416607115,900754.0564125914,5037864.526629768,52.5138838343043,13.3894532029032,75.0897418919,-1.2869405209767968,4.618133936773232,0.14000042763416143,4.79614189554963,0
2137,1900,131354.5,1149251354.5,3784059.1341034467,900755.0020366071,5037864.559705024,52.5138844134258,13.3894677167475,75.081999992968,-1.282745307287287,4.9156975307960975,0.08402215058064935,5.0810016197036,0
2138,1900,131354.7,1149251354.7,3784058.8554650997,900756.007861167,5037864.579732478,52.5138847949678,13.389483080046,75.0746769997299,-1.3006924253505405,5.205132224565666,0.04600768803134415,5.36538153050966,0
2139,1900,131354.9,1149251354.9,3784058.550122133,900757.0660589542,5037864.610976809,52.5138853366178,13.3894992849109,75.0678256715171,-1.3535848550423824,5.481703814581507,0.036350070066387345,5.64646703684626,0
2140,1900,131355.1,1149251355.1,3784058.2376803043,900758.1804422457,5037864.638175099,52.5138858126051,13.3895163190953,75.0614792930246,-1.4387540090410642,5.745110077400304,0.05311194488620307,5.92276318779232,0
2141,1900,131355.3,1149251355.3,3784057.9376620273,900759.353802051,5037864.646267626,52.5138860005348,13.3895341560021,75.055639114718,-1.5268167530710608,6.002599429570976,0.07308336963816785,6.19416745723442,0
2142,1900,131355.5,1149251355.5,3784057.621249647,900760.5771236179,5037864.658335259,52.5138862414255,13.3895527647515,75.0502886105498,-1.618988518650739,6.2447936406370355,0.09883675336321432,6.45200280079597,0
2143,1900,131355.7,1149251355.7,3784057.2744573145,900761.843334401,5037864.686057751,52.5138867078499,13.3895720917038,75.0454189879326,-1.717617435757095,6.458105151067994,0.13453719996665892,6.68396828658265,0
2144,1900,131355.9,1149251355.9,3784056.8932742462,900763.1446839957,5037864.73375885,52.5138874640744,13.3895920394814,75.0409944452352,-1.8102268586557875,6.635927622396969,0.17204926536369508,6.88055649197084,0
2145,1900,131356.1,1149251356.1,3784056.487128458,900764.4753162577,5037864.795399349,52.5138884213395,13.3896124920107,75.0369792400212,-1.8992867190417198,6.773672825278868,0.21403066538772186,7.03816330520797,0
2146,1900,131356.3,1149251356.3,3784056.076536602,900765.8333921218,5037864.855944608,52.5138893581362,13.3896333529569,75.0333306325235,-1.9791425328790635,6.8746541955216145,0.2556741852704613,7.15843870983524,0
2147,1900,131356.5,1149251356.5,3784055.644457437,900767.206101985,5037864.930333205,52.5138904955281,13.3896544968939,75.030008315386,-2.043670808886474,6.947857161475029,0.2908153265186732,7.2480261496143,0
2148,1900,131356.7,1149251356.7,3784055.210556336,900768.594549529,5037865.003655189,52.5138916137342,13.3896758725582,75.0269792073516,-2.0838904182295352,7.014056878810184,0.309063626080989,7.32359976373229,0
2149,1900,131356.9,1149251356.9,3784054.7761457074,900769.998580376,5037865.074927065,52.5138926985266,13.389697473261,75.0242181410288,-2.1224728785333715,7.088556794627218,0.324616252151499,7.40661219869964,0
2150,1900,131357.1,1149251357.1,3784054.332316778,900771.4185125005,5037865.150713408,52.5138938470806,13.3897193339467,75.0217047052956,-2.169016002109226,7.181821025419796,0.3427756051329585,7.5100385334592,0
2151,1900,131357.3,1149251357.3,3784053.879415787,900772.8598316947,5037865.229761465,52.5138950410844,13.3897415320425,75.0194229378813,-2.219436651182472,7.293592671695305,0.3605408788734713,7.63232486432269,0
2152,1900,131357.5,1149251357.5,3784053.401868352,900774.320785366,5037865.323987907,52.5138964566413,13.3897640955597,75.0173613093475,-2.2771353555024607,7.414462980280472,0.3821201956373972,7.76566948544315,0
2153,1900,131357.7,1149251357.7,3784052.9032664723,900775.8029585972,5037865.43041776,52.5138980499464,13.3897870349595,75.0155091383137,-2.33006909342355,7.5392634908685,0.39944625579082543,7.90121973344215,0
2154,1900,131357.9,1149251357.9,3784052.4090822907,900777.3138297331,5037865.528708192,52.5138995206991,13.3898103705156,75.0138584782908,-2.3847150155668846,7.6581084451134,0.41910737467051856,8.03175831646412,0
2155,1900,131358.1,1149251358.1,3784051.910132827,900778.8491107969,5037865.626459907,52.5139009812491,13.3898340721074,75.0123996540077,-2.4361823587188898,7.765891455586966,0.4383615070998796,8.15084139189315,0
2156,1900,131358.3,1149251358.3,3784051.3937560483,900780.4022801028,5037865.734266609,52.513902588137,13.3898580894741,75.0111234410379,-2.4818976622819653,7.8576761101621315,0.45616535427106847,8.25293745818364,0
2157,1900,131358.5,1149251358.5,3784050.866522931,900781.9708577533,5037865.847656917,52.5139042754218,13.3898823646665,75.010022508454,-2.5185854537074244,7.934085834768129,0.46996440598565165,8.33749706230763,0
2158,1900,131358.7,1149251358.7,3784050.3383971374,900783.555162055,5037865.959132059,52.5139059324505,13.3899068682591,75.0090901941687,-2.55005732916798,7.997592452836308,0.48216348094998723,8.40813647879656,0
2159,1900,131358.9,1149251358.9,3784049.8014255706,900785.1503128053,5037866.07547845,52.513907659566,13.3899315574502,75.0083153297808,-2.5774923782103976,8.053061871603152,0.49277809216532087,8.46983486944812,0
2160,1900,131359.1,1149251359.1,3784049.2621141286,900786.7573573167,5037866.1916321805,52.5139093822138,13.3899564250551,75.0076789637571,-2.6014142528762623,8.104249258201854,0.5015320022459463,8.52629735016378,0
2161,1900,131359.3,1149251359.3,3784048.7123642475,900788.3719797819,5037866.31437171,52.5139112007704,13.3899814368559,75.0071570336023,-2.617146900814054,8.148927830503002,0.5053319390917386,8.57378813919805,0
2162,1900,131359.5,1149251359.5,3784048.1631206446,900789.9946097698,5037866.435421804,52.5139129933473,13.3900065616747,75.0067232303791,-2.6230587421693876,8.176871094795,0.504776903047365,8.60211937766591,0
2163,1900,131359.7,1149251359.7,3784047.6229461776,900791.6228728072,5037866.548784659,52.5139146716642,13.3900317362779,75.006353092257,-2.615747963113927,8.180350166880642,0.4987015591267373,8.60284659309895,0
2164,1900,131359.9,1149251359.9,3784047.0742285047,900793.2462185113,5037866.6694459375,52.5139164572738,13.3900568695625,75.0060239180053,-2.603143228931942,8.161023975753961,0.49272682289159586,8.58029409316266,0
2165,1900,131360.1,1149251360.1,3784046.5263474733,900794.86420223,5037866.7904550005,52.5139182478308,13.3900819231613,75.005710811374,-2.584792395485595,8.131766299721292,0.48422889872551633,8.54641752475293,0
2166,1900,131360.3,1149251360.3,3784045.9868942127,900796.4777477434,5037866.905945599,52.5139199570688,13.3901068844172,75.0053832233052,-2.5688034320096826,8.10019747398885,0.477903661866045,8.51118922947581,0
2167,1900,131360.5,1149251360.5,3784045.4504648433,900798.0853462146,5037867.020180484,52.5139216482783,13.3901317501427,75.0050117659425,-2.551573806510614,8.068490048023882,0.47067742804940743,8.47541136384581,0
2168,1900,131360.7,1149251360.7,3784044.9327894025,900799.6894762842,5037867.120957478,52.5139231415158,13.3901565021978,75.0045758924541,-2.5358460353940027,8.032948955912474,0.4652526490517883,8.43654218687778,0
2169,1900,131360.9,1149251360.9,3784044.4020364787,900801.2822803536,5037867.233407474,52.5139248080072,13.3901811365692,75.004064602444,-2.527058859401473,7.992089059190795,0.46595089742755325,8.39503569067638,0
2170,1900,131361.1,1149251361.1,3784043.876493293,900802.8673320737,5037867.343250559,52.5139264368989,13.3902056420849,75.0034768980613,-2.5156890547018538,7.951156002580434,0.4647353036141514,8.35257757220745,0
2171,1900,131361.3,1149251361.3,3784043.3593681767,900804.4449032778,5037867.448054609,52.5139279921851,13.3902300116959,75.0028206027844,-2.5042592261891956,7.90929602311369,0.4636396013064097,8.30922616933101,0
2172,1900,131361.5,1149251361.5,3784042.835123831,900806.0094081943,5037867.5604126975,52.5139296597412,13.3902542183617,75.0021026373391,-2.4928856394079775,7.865943885102881,0.4628509272863685,8.26448927615275,0
2173,1900,131361.7,1149251361.7,3784042.310924989,900807.5673043365,5037867.67383521,52.5139313437114,13.3902783301745,75.0013252607576,-2.4798829169131857,7.821509721248905,0.46103898698913276,8.21817440486103,0
2174,1900,131361.9,1149251361.9,3784041.7807738655,900809.1144426191,5037867.793531379,52.5139331210423,13.39030230814,75.0004864161904,-2.468693438804323,7.778784833213464,0.46027635044526255,8.17409292184806,0
2175,1900,131362.1,1149251362.1,3784041.2579536606,900810.6556040369,5037867.908736021,52.5139348328207,13.3903261754556,74.9995816967606,-2.4603270968440283,7.743885322423177,0.4602302004669988,8.13835248362517,0
2176,1900,131362.3,1149251362.3,3784040.730747814,900812.1892535768,5037868.028458008,52.5139366121269,13.3903499500928,74.9986068189414,-2.456418938382378,7.720412775081502,0.4614807370742419,8.11490800250846,0
2177,1900,131362.5,1149251362.5,3784040.209093236,900813.7204522935,5037868.144383841,52.5139383362061,13.3903736706767,74.9975611816074,-2.455306249417437,7.7094599135142,0.4625933299810874,8.10421455327126,0
2178,1900,131362.7,1149251362.7,3784039.683691029,900815.2497839166,5037868.26335826,52.5139401060332,13.3903973772921,74.9964531886204,-2.457865735189381,7.705598211928966,0.46518623316078156,8.10146567032307,0
2179,1900,131362.9,1149251362.9,3784039.1678318027,900816.7809151557,5037868.374830818,52.513941765658,13.3904210771437,74.9952961727156,-2.4605591187542535,7.704900156683242,0.4673171386246396,8.1017419675891,0
2180,1900,131363.1,1149251363.1,3784038.647984033,900818.3076178916,5037868.4900250845,52.513943480613,13.3904447271452,74.9941073015944,-2.4625354463270255,7.707418746519874,0.46834174337584594,8.10479663823907,0
2181,1900,131363.3,1149251363.3,3784038.139119145,900819.8419766065,5037868.595651563,52.5139450544078,13.3904684493889,74.992907917633,-2.4671250386521026,7.713607043158015,0.47066428658072784,8.11221082339849,0
2182,1900,131363.5,1149251363.5,3784037.6231019623,900821.3761346296,5037868.706668656,52.5139467076248,13.3904921931566,74.9917237898157,-2.4733683281474486,7.719716383032125,0.47423465288358635,8.12012748835467,0
2183,1900,131363.7,1149251363.7,3784037.0996061442,900822.909666174,5037868.82343144,52.5139484451728,13.3905159534604,74.9905834649674,-2.4785623937912726,7.7249656904490855,0.47717494816922945,8.12687285428363,0
2184,1900,131363.9,1149251363.9,3784036.5743199163,900824.4437283633,5037868.941525766,52.5139502015417,13.3905397274774,74.989514953989,-2.4843846892274026,7.7285446408311325,0.4808806315375998,8.13227002325766,0
2185,1900,131364.1,1149251364.1,3784036.0495942994,900825.9785290344,5037869.059193025,52.5139519504618,13.3905635101659,74.9885439551226,-2.489285558331805,7.730180592345539,0.4842439470344072,8.135522526638,0
2186,1900,131364.3,1149251364.3,3784035.532618664,900827.5152226797,5037869.170893529,52.5139536098586,13.3905872935443,74.9876937012605,-2.4923244607314032,7.728076950981032,0.4868822718411973,8.13461178695564,0
2187,1900,131364.5,1149251364.5,3784035.0070225773,900829.0491689488,5037869.289690947,52.5139553723992,13.3906110669629,74.9869845548475,-2.493184805242601,7.717462689278547,0.4894068059064495,8.12494429858855,0
2188,1900,131364.7,1149251364.7,3784034.4815601357,900830.5797686978,5037869.4091826035,52.5139571433311,13.390634791974,74.9864341732568,-2.4858686322911447,7.69651889780328,0.487665612169462,8.10270101574436,0
2189,1900,131364.9,1149251364.9,3784033.9476913624,900832.1024426201,5037869.536570887,52.5139590288468,13.3906584320912,74.9860563942433,-2.458787364298857,7.668015748710692,0.47252056230876904,8.06643517962647,0
2190,1900,131365.1,1149251365.1,3784033.43351814,900833.6217217498,5037869.650098055,52.5139607075328,13.3906819563783,74.9858619775146,-2.409448835689256,7.630415810645249,0.4423853716631335,8.01401235039046,0
2191,1900,131365.3,1149251365.3,3784032.9359585536,900835.1347358384,5037869.752581714,52.5139622209173,13.3907053342194,74.9858575964161,-2.3463026936184814,7.58024887330595,0.40418061431923,7.94535532750606,0
2192,1900,131365.5,1149251365.5,3784032.4459028114,900836.6348433747,5037869.8520031925,52.5139636868111,13.3907285015217,74.9860471862021,-2.2770876785193988,7.517882999173526,0.3636147281878388,7.86358116607709,0
2193,1900,131365.7,1149251365.7,3784031.9782341984,900838.1241544888,5037869.936884654,52.5139649357146,13.3907514377507,74.9864317021725,-2.194821152512778,7.449460088636266,0.3143871568685633,7.77242142373315,0
2194,1900,131365.9,1149251365.9,3784031.5169369807,900839.5959439214,5037870.020366781,52.5139661616988,13.3907741011718,74.9870087497526,-2.1148529420910065,7.372556774591415,0.2683806791030107,7.67458302125663,0
2195,1900,131366.1,1149251366.1,3784031.075856554,900841.0535555128,5037870.091519473,52.513967203422,13.3907964924692,74.9877733304241,-2.0358253852089048,7.283537042370219,0.22522818225766444,7.56605740004153,0
2196,1900,131366.3,1149251366.3,3784030.65301314,900842.4923849723,5037870.152625992,52.5139680947085,13.3908185524197,74.9887162056951,-1.9562994507829796,7.1745155137807055,0.18525661305307378,7.43875664417742,0
2197,1900,131366.5,1149251366.5,3784030.237537626,900843.904150546,5037870.213250417,52.5139689769381,13.3908401994288,74.989824478764,-1.8832868224038233,7.039543855046424,0.15475385991753993,7.28875131279159,0
2198,1900,131366.7,1149251366.7,3784029.8419823516,900845.2888539211,5037870.264005327,52.5139697116951,13.3908613907006,74.991080703047,-1.8117537462033613,6.879041566301089,0.1298898069907326,7.11481102136523,0
2199,1900,131366.9,1149251366.9,3784029.469309683,900846.641055245,5037870.30362003,52.5139702804644,13.3908820381797,74.9924636567807,-1.736400037730829,6.69336530810068,0.10664672236985522,6.91574997828215,0
2200,1900,131367.1,1149251367.1,3784029.1048035,900847.9519197245,5037870.344613501,52.5139708683856,13.3909020654705,74.9939496888909,-1.6574754743723195,6.481435612167682,0.08540271778464073,6.69055499693607,0
2201,1900,131367.3,1149251367.3,3784028.752411463,900849.2160972775,5037870.384958557,52.5139714458234,13.390921382443,74.9955132585803,-1.5750656747927316,6.242557221968097,0.0663451860876544,6.43853665308922,0
2202,1900,131367.5,1149251367.5,3784028.4265995617,900850.4319243977,5037870.414124528,52.5139718575851,13.3909399159118,74.9971279682887,-1.4882296962928039,5.978787955718896,0.048406613782384506,6.16141836338314,0
2203,1900,131367.7,1149251367.7,3784028.111519951,900851.5928175764,5037870.445070348,52.5139722953493,13.3909576256017,74.9987665555664,-1.3992137882840194,5.696305274035176,0.032165680361795915,5.86572481721724,0
2204,1900,131367.9,1149251367.9,3784027.817322298,900852.6962251368,5037870.470641823,52.5139726537976,13.3909744403248,75.0004013188457,-1.3100285747785851,5.402419349690961,0.017824071352957865,5.55901316729609,0
2205,1900,131368.1,1149251368.1,3784027.5462283054,900853.7416691451,5037870.489230118,52.5139729095094,13.3909903456535,75.0020035473171,-1.2220522077689764,5.104144792315643,0.005164076897341896,5.24840283582788,0
2206,1900,131368.3,1149251368.3,3784027.286381324,900854.7263075518,5037870.510149143,52.5139732003637,13.3910053413102,75.0035438533822,-1.1392104765957258,4.805546507788028,-0.0036073333607736175,4.93873372043413,0
2207,1900,131368.5,1149251368.5,3784027.048662219,900855.6528996186,5037870.524752993,52.5139733990411,13.3910194297148,75.0049922734174,-1.0632535784782329,4.507537526978935,-0.0073465423566944224,4.63124785570312,0
2208,1900,131368.7,1149251368.7,3784026.869405092,900856.4210712615,5037870.523724622,52.5139733683053,13.3910310486234,75.0063193933961,-0.9975027727092006,4.208244185567582,-0.0032427200836949856,4.32485160695248,0
2209,1900,131368.9,1149251368.9,3784026.6646443293,900857.229499726,5037870.534383319,52.5139735119174,13.3910433313881,75.0074954679526,-0.9347966858767055,3.908999398642713,0.0031241661005328835,4.01922018592276,0
2210,1900,131369.1,1149251369.1,3784026.469920627,900857.9777012953,5037870.54802689,52.5139737016883,13.3910547169008,75.008493822905,-0.88043773814244,3.6088777856262713,0.015874640095932625,3.71475725808973,0
2211,1900,131369.3,1149251369.3,3784026.289371101,900858.6668747063,5037870.561323775,52.5139738887199,13.3910652082254,75.0092890548783,-0.8310351324905154,3.309805635940568,0.03213670903482631,3.41269182716592,0
2212,1900,131369.5,1149251369.5,3784026.11161137,900859.294722669,5037870.583147292,52.5139742043058,13.3910748112796,75.0098585451315,-0.7844256887954836,3.0206469847064743,0.04872200428079259,3.1212186243773,0
2213,1900,131369.7,1149251369.7,3784025.950973546,900859.8693502396,5037870.601340393,52.5139744691551,13.3910835933114,75.0101829088437,-0.7373489005171163,2.7599767709918317,0.05989859393396441,2.85740144520569,0
2214,1900,131369.9,1149251369.9,3784025.795778703,900860.3957345851,5037870.623712676,52.5139747987737,13.3910916654815,75.0102463698917,-0.6976196040996415,2.5445083373086756,0.06852837614695217,2.63929762038972,0
2215,1900,131370.1,1149251370.1,3784025.6496651447,900860.8839422243,5037870.645747583,52.5139751265982,13.3910991596249,75.0100377767252,-0.6703596562148766,2.382859873106252,0.07690191185611422,2.47655348167319,0
2216,1900,131370.3,1149251370.3,3784025.5110690137,900861.3457616258,5037870.666509945,52.5139754388944,13.3911062499975,75.0095507168778,-0.6605439873544012,2.2745181295985697,0.08882207404885874,2.37015620623219,0
2217,1900,131370.5,1149251370.5,3784025.371996636,900861.7904164739,5037870.6903226655,52.5139757995226,13.3911130960381,75.0087829931628,-0.6728302758888096,2.2129073886436466,0.1089318618968552,2.31549688866182,0
2218,1900,131370.7,1149251370.7,3784025.231118422,900862.2279207765,5037870.7164025195,52.5139761968849,13.3911198457766,75.0077373690524,-0.7079666085936904,2.1912114509726512,0.13900009447681452,2.30693419239082,0
2219,1900,131370.9,1149251370.9,3784025.075445547,900862.6629719364,5037870.753615048,52.5139767618105,13.3911266108336,75.0064210572378,-0.7682602993633592,2.200780783967797,0.18228455282484557,2.33813763599544,0
2220,1900,131371.1,1149251371.1,3784024.90424212,900863.1014338318,5037870.801483099,52.5139774871107,13.3911334777451,75.004846246744,-0.8527327332839229,2.2297483735967534,0.2401629230200695,2.39929346966243,0
2221,1900,131371.3,1149251371.3,3784024.725337557,900863.5486285288,5037870.853241107,52.5139782726843,13.3911404960637,75.0030297445626,-0.9578483532256895,2.2599541435410364,0.31322297527718596,2.47446455438888,0
2222,1900,131371.5,1149251371.5,3784024.51553729,900863.9974500493,5037870.9274832355,52.5139793928543,13.3911476430912,75.0009928222475,-1.0754124788047887,2.2707269268721473,0.39902239322027716,2.54399914431639,0
2223,1900,131371.7,1149251371.7,3784024.286497125,900864.4466674763,5037871.015763146,52.5139807226063,13.391154861427,74.998760307015,-1.1876054299443635,2.2502918036061743,0.4863576171131003,2.59051415559429,0
2224,1900,131371.9,1149251371.9,3784024.0355343744,900864.8857181112,5037871.121994927,52.5139823193995,13.3911620088664,74.9963610887808,-1.2908522027668825,2.1811735519959936,0.5756653667544602,2.59907831505622,0
2225,1900,131372.1,1149251372.1,3784023.7730233544,900865.3062936575,5037871.239953655,52.5139840909459,13.3911689309662,74.9938265038998,-1.365503829486764,2.0610864480087323,0.6526918064650872,2.55708518605363,0
2226,1900,131372.3,1149251372.3,3784023.4988776403,900865.6972435912,5037871.371726773,52.5139860676758,13.3911754682416,74.9911901862374,-1.403965692440277,1.884242243352234,0.712798825747209,2.45551841026879,0
2227,1900,131372.5,1149251372.5,3784023.232478892,900866.0507629453,5037871.504283346,52.5139880567657,13.391181442734,74.9884863688452,-1.3943420828878235,1.670847670714808,0.7435220594376115,2.29972755684568,0
2228,1900,131372.7,1149251372.7,3784022.9581488194,900866.3561264218,5037871.651268272,52.5139902593093,13.3911867542418,74.9857487486094,-1.344100405951296,1.4431174049478144,0.746487042656105,2.10865754701782,0
2229,1900,131372.9,1149251372.9,3784022.696942765,900866.6166014338,5037871.796433488,52.5139924349931,13.3911913777566,74.9830101913857,-1.2696042139028358,1.2230210297243225,0.7300001458613286,1.90802922201557,0
2230,1900,131373.1,1149251373.1,3784022.470557585,900866.8410082989,5037871.922063053,52.5139943218553,13.3911953656509,74.9803012250672,-1.1878954836922717,1.033107316941607,0.7027710164064949,1.72403408028838,0
2231,1900,131373.3,1149251373.3,3784022.2516469494,900867.0300100859,5037872.048478507,52.5139962196358,13.3911988207153,74.9776508642351,-1.1202497341986164,0.8807463406848509,0.6793639389447971,1.57867315969469,0
2232,1900,131373.5,1149251373.5,3784022.0418038773,900867.1911598482,5037872.173186448,52.5139980911742,13.3912018457456,74.9750882379374,-1.0753664491724413,0.760554433956116,0.6672257317177002,1.47649795938981,0
2233,1900,131373.7,1149251373.7,3784021.8352548266,900867.3295333072,5037872.299623796,52.5139999869347,13.3912045331694,74.9726378748119,-1.0450031282165564,0.6625314003706246,0.6619830162723863,1.40328219125468,0
2234,1900,131373.9,1149251373.9,3784021.6381479157,900867.4506055329,5037872.422251412,52.5140018249336,13.3912069404671,74.9703159487068,-1.018233011882878,0.5767014899858275,0.6572553894254716,1.3421504095923,0
2235,1900,131374.1,1149251374.1,3784021.436808794,900867.5523992442,5037872.551632748,52.5140037610642,13.3912090859543,74.9681303851912,-0.9887481937818551,0.49656374006490234,0.6494913132949648,1.2829799315265,0
2236,1900,131374.3,1149251374.3,3784021.257029417,900867.6431079784,5037872.66706718,52.5140054896696,13.3912109990521,74.9660794114924,-0.9524817640117086,0.42283528259420045,0.6355291482273818,1.22061807508655,0
2237,1900,131374.5,1149251374.5,3784021.077842856,900867.7176656475,5037872.785077642,52.5140072549238,13.3912126786935,74.9641471028633,-0.9092075031284685,0.35363296455094306,0.615534598636541,1.15351523591188,0
2238,1900,131374.7,1149251374.7,3784020.908116716,900867.7785531365,5037872.898569394,52.5140089524157,13.3912141301769,74.9623032453514,-0.8675104163018159,0.2938897747064899,0.5950366171016921,1.09225184722252,0
2239,1900,131374.9,1149251374.9,3784020.744374272,900867.8290340687,5037873.009503788,52.5140106115996,13.3912154121284,74.960505865961,-0.8396876810586527,0.2453956279300581,0.5828920320961802,1.05121716928999,0
2240,1900,131375.1,1149251375.1,3784020.581523109,900867.8707606833,5037873.121321427,52.5140122838887,13.3912165655958,74.9587031412416,-0.8345944790572302,0.20599644766522138,0.5860901827402843,1.04042500125095,0
2241,1900,131375.3,1149251375.3,3784020.4177035806,900867.9048867443,5037873.235126988,52.5140139863191,13.3912176134558,74.9568333056143,-0.8560080293614142,0.17380410179125888,0.6077845707745511,1.06412391036114,0
2242,1900,131375.5,1149251375.5,3784020.258057494,900867.9351385646,5037873.346342444,52.514015652032,13.3912185915632,74.9548329366263,-0.9058567234387027,0.1450324908711486,0.6500864347694004,1.12437680493622,0
2243,1900,131375.7,1149251375.7,3784020.0818312755,900867.9593930615,5037873.470760697,52.5140175148686,13.3912195402946,74.9526479501013,-0.9875835887461666,0.11656256275650381,0.7161185727200976,1.22545256374606,0
2244,1900,131375.9,1149251375.9,3784019.877419848,900867.9749565466,5037873.617468168,52.5140197094733,13.3912204606409,74.9502383353172,-1.10935080222338,0.08481404530603726,0.8126065977921276,1.3777452984678,0
2245,1900,131376.1,1149251376.1,3784019.6589599154,900867.985980102,5037873.775145729,52.5140220690228,13.3912213638583,74.9475766359121,-1.2812126384859597,0.04246533506994815,0.9483523385491291,1.59457871794727,0
2246,1900,131376.3,1149251376.3,3784019.4147502542,900867.989039322,5037873.95310809,52.5140247312837,13.391222240795,74.9446440786164,-1.5084482659959084,-0.02067121538261779,1.1291040418949179,1.88433526946637,0
2247,1900,131376.5,1149251376.5,3784019.11785439,900867.9742876018,5037874.173190557,52.5140280187878,13.391223042247,74.9414322628898,-1.7816025507490538,-0.1135927524718946,1.3494054209318402,2.23783510390956,0
2248,1900,131376.7,1149251376.7,3784018.7327402956,900867.9281457262,5037874.4643261535,52.5140323586743,13.3912236948474,74.9379500139362,-2.0767686295915104,-0.23888573646553,1.5918792599644032,2.62756806082105,0
2249,1900,131376.9,1149251376.9,3784018.297752635,900867.8548162328,5037874.797184787,52.5140373176069,13.3912241280063,74.9342170221864,-2.3734362368602833,-0.3856449187336801,1.8392861205784525,3.02735776001766,0
2250,1900,131377.1,1149251377.1,3784017.7925272193,900867.7476172694,5037875.188183694,52.5140431376688,13.3912243154477,74.9302626342542,-2.6542985270618424,-0.537601319194154,2.075823848208065,3.4122368760025,0
2251,1900,131377.3,1149251377.3,3784017.234823393,900867.6087517535,5037875.623721859,52.5140496176448,13.3912242281534,74.926118829431,-2.9061811791238026,-0.6794005754237739,2.2889360031856834,3.76121020609846,0
2252,1900,131377.5,1149251377.5,3784016.63090174,900867.4429800909,5037876.098326985,52.5140566763168,13.3912239129794,74.9218206895296,-3.1167683794653454,-0.8007610356715915,2.4676076999584935,4.05518817422562,0
2253,1900,131377.7,1149251377.7,3784015.9982913746,900867.2543554226,5037876.598254804,52.5140641102276,13.3912233682054,74.9174109862039,-3.2817289077393537,-0.9077705692978149,2.609688851572716,4.29001957249595,0
2254,1900,131377.9,1149251377.9,3784015.332549147,900867.0452909183,5037877.126448254,52.5140719623082,13.3912226435679,74.9129346487542,-3.4161318313266005,-0.9977103300086839,2.7259393544326675,4.48287050400228,0
2255,1900,131378.1,1149251378.1,3784014.650576257,900866.8208452002,5037877.669471569,52.5140800334838,13.3912217538966,74.9084492117724,-3.5431924719991423,-1.0714541608515575,2.833835054644021,4.66185027959573,0
2256,1900,131378.3,1149251378.3,3784013.9583750293,900866.5854536011,5037878.222151767,52.5140882465016,13.3912207422705,74.9040285353172,-3.684250772253013,-1.1397353300602762,2.9512038249907864,4.85616148743787,0
2257,1900,131378.5,1149251378.5,3784013.236093874,900866.3352743069,5037878.800056425,52.514096830552,13.3912196213608,74.8997315288432,-3.8478426803081422,-1.2154997135724899,3.086713632390026,5.08046591313023,0
2258,1900,131378.7,1149251378.7,3784012.4548862777,900866.062920344,5037879.426059229,52.5141061230333,13.3912183837242,74.8955896984621,-4.028835368831604,-1.2982266271184475,3.2364424097718074,5.32836431527325,0
2259,1900,131378.9,1149251378.9,3784011.6415901813,900865.7726168281,5037880.079414667,52.5141158173409,13.3912169983484,74.8916255444542,-4.218404020904334,-1.3871467239691069,3.393669463843721,5.58892663641467,0
2260,1900,131379.1,1149251379.1,3784010.7966938773,900865.4639854393,5037880.759850893,52.5141259092257,13.3912154581464,74.8878591358697,-4.410154605001,-1.477330068753242,3.552748637364464,5.85269088986844,0
2261,1900,131379.3,1149251379.3,3784009.926558544,900865.1403589993,5037881.462059379,52.514136320025,13.3912137891747,74.8843138437326,-4.600659282187501,-1.555646894519843,3.7087903541102256,6.11074700686817,0
2262,1900,131379.5,1149251379.5,3784008.9990684455,900864.7957632319,5037882.211085492,52.514147419359,13.3912120153857,74.8810081045028,-4.779232053435777,-1.6257382132157232,3.8544686407776134,6.35145749109886,0
2263,1900,131379.7,1149251379.7,3784008.0494354684,900864.4405191318,5037882.978822581,52.5141587922095,13.3912101645503,74.8779400155344,-4.941024477029008,-1.6819829405154751,3.985167798736747,6.5669134209972,0
2264,1900,131379.9,1149251379.9,3784007.0648478842,900864.0719678088,5037883.775269348,52.514170586523,13.3912082422743,74.8750840671031,-5.076819166881668,-1.7285679049880271,4.094754561215191,6.74752212089478,0
2265,1900,131380.1,1149251380.1,3784006.060847006,900863.7087843425,5037884.585456799,52.5141825817858,13.3912064631424,74.872395197917,-5.179287068177332,-1.764859293538216,4.177648331314013,6.88422024928807,0
2266,1900,131380.3,1149251380.3,3784005.0311830314,900863.3247727324,5037885.418633738,52.5141949151949,13.3912044731022,74.8698202525218,-5.247345863615202,-1.789695674759274,4.232835327384437,6.97528093551832,0
2267,1900,131380.5,1149251380.5,3784003.995120179,900862.9367012518,5037886.257386713,52.5142073301918,13.3912024467146,74.8673097504792,-5.288621009609049,-1.8027859384898262,4.265953128665528,7.02978701094607,0
2268,1900,131380.7,1149251380.7,3784002.955216369,900862.5474318098,5037887.099248371,52.5142197908124,13.3912004162629,74.8648235401446,-5.309507438171625,-1.8177959024535155,4.284200236906363,7.06042653448679,0
2269,1900,131380.9,1149251380.9,3784001.918128303,900862.1544681534,5037887.9396575885,52.5142322300581,13.3911983232684,74.8623314184235,-5.318172907079604,-1.8453164588736608,4.295551645660403,7.08095472683743,0
2270,1900,131381.1,1149251381.1,3784000.8814193034,900861.7559361745,5037888.780740133,52.5142446795525,13.3911961491887,74.8598134877168,-5.324524413659651,-1.8776266835278812,4.306027380964712,7.10055730206942,0
2271,1900,131381.3,1149251381.3,3783999.8382031005,900861.3497050685,5037889.627995769,52.5142572206615,13.3911938869825,74.8572567246138,-5.3308326294133295,-1.9126799665099383,4.316958014081739,7.12125323748923,0
2272,1900,131381.5,1149251381.5,3783998.794600106,900860.936392223,5037890.476741344,52.5142697842972,13.3911915246172,74.8546554385972,-5.336131118654601,-1.9475699598730936,4.327106290993347,7.14081038241657,0
2273,1900,131381.7,1149251381.7,3783997.7513600728,900860.5177823211,5037891.326105642,52.5142823575467,13.3911890851085,74.8520137244181,-5.3403896170988086,-1.9701362442199943,4.33428970248536,7.1545276090233,0
2274,1900,131381.9,1149251381.9,3783996.710071334,900860.097464669,5037892.174279898,52.5142949135723,13.3911866144706,74.8493425240069,-5.338102257559178,-1.9796868828158316,4.334277544818469,7.15544951080427,0
2275,1900,131382.1,1149251382.1,3783995.666135165,900859.6730042608,5037893.025144127,52.5143075095156,13.3911840934994,74.8466549268932,-5.3194987398182105,-1.9867037397743923,4.321642192869834,7.13587064314887,0
2276,1900,131382.3,1149251382.3,3783994.63570154,900859.2505096276,5037893.865580668,52.5143199515188,13.3911815546323,74.8439640152612,-5.284845578736432,-1.9854712157969585,4.295567332767002,7.0939119990442,0
2277,1900,131382.5,1149251382.5,3783993.597768288,900858.8246704646,5037894.712223595,52.5143324850115,13.3911789934229,74.8412869193384,-5.235730793358326,-1.9764290348915234,4.257315834461062,7.03163471639673,0
2278,1900,131382.7,1149251382.7,3783992.58116087,900858.4080795419,5037895.541362415,52.5143447595678,13.3911764919828,74.8386492420031,-5.17821775007604,-1.9537299301910624,4.210372923867911,6.95400890604599,0
2279,1900,131382.9,1149251382.9,3783991.5765923806,900857.9946722642,5037896.361045267,52.5143568936399,13.3911739950913,74.8360844546643,-5.112621384934141,-1.9312348476787315,4.157435531563067,6.86679223958885,0
2280,1900,131383.1,1149251383.1,3783990.5729848556,900857.5867579846,5037897.179176965,52.5143690034912,13.3911715736319,74.8336322035308,-5.043462102921026,-1.9054676293543897,4.10125878600784,6.77404166653295,0
2281,1900,131383.3,1149251383.3,3783989.585471422,900857.1814854817,5037897.985026944,52.5143809301692,13.3911691351226,74.8313349296516,-4.972024759814417,-1.8772400508869764,4.042945501693436,6.67760950868834,0
2282,1900,131383.5,1149251383.5,3783988.61507629,900856.782400538,5037898.777261146,52.5143926534175,13.3911667268786,74.8292401312308,-4.899399630805096,-1.8508344112137824,3.984069729696973,6.58046475343147,0
2283,1900,131383.7,1149251383.7,3783987.6635599923,900856.3902764386,5037899.554490421,52.5144041521493,13.3911643539748,74.8273967439998,-4.831585939709111,-1.8190750658944768,3.9278328203226107,6.48699679763735,0
2284,1900,131383.9,1149251383.9,3783986.723427358,900856.0056152742,5037900.322226689,52.5144155076727,13.3911620491752,74.8258120054218,-4.7711786408561645,-1.7697048592730913,3.8739936907508286,6.39561005908538,0
2285,1900,131384.1,1149251384.1,3783985.7937475774,900855.6326049704,5037901.080392512,52.5144267191049,13.3911598756661,74.824463653807,-4.71804895244452,-1.7069263868197417,3.8232027176983543,6.30796818542234,0
2286,1900,131384.3,1149251384.3,3783984.8961616717,900855.2804594693,5037901.811147692,52.5144375235418,13.3911578916519,74.8233058154039,-4.672940452799983,-1.6352373595866248,3.776813576132226,6.22693299196796,0
2287,1900,131384.5,1149251384.5,3783983.980906813,900854.935403094,5037902.553984366,52.5144485049112,13.3911560694967,74.8222738121053,-4.632212605883027,-1.563742307672038,3.733727199879452,6.15169915015557,0
2288,1900,131384.7,1149251384.7,3783983.075899883,900854.6056089214,5037903.286538648,52.5144593337534,13.3911544310802,74.8213009014999,-4.594441216436567,-1.493840586196827,3.69312962475151,6.08109005141983,0
2289,1900,131384.9,1149251384.9,3783982.1838287287,900854.2917658071,5037904.006612472,52.5144699782645,13.3911529771041,74.820331231497,-4.558139385669662,-1.4294586076514628,3.6546089163057895,6.01466149515695,0
2290,1900,131385.1,1149251385.1,3783981.29558645,900853.9894217883,5037904.721745905,52.5144805502062,13.3911516748417,74.8193289950366,-4.522688040306928,-1.366350533014647,3.616949043265489,5.95012111394246,0
2291,1900,131385.3,1149251385.3,3783980.4148897496,900853.700073711,5037905.428877205,52.5144910045798,13.3911505330629,74.8182759862296,-4.4820164489737655,-1.3019893387317678,3.575171951035406,5.87924333282038,0
2292,1900,131385.5,1149251385.5,3783979.5318419547,900853.4211597533,5037906.135829355,52.5145014570513,13.39114954882,74.8171597486883,-4.4267533034242925,-1.2369807419497925,3.5223935298626685,5.79081361680299,0
2293,1900,131385.7,1149251385.7,3783978.6637102165,900853.1555794008,5037906.829195395,52.5145117097307,13.3911487047556,74.8159728243535,-4.351814330781965,-1.1765196526684596,3.455743285597181,5.68019789432238,0
2294,1900,131385.9,1149251385.9,3783977.82210397,900852.9051281357,5037907.499992801,52.5145216299949,13.3911479869934,74.8147135090914,-4.255904627333293,-1.124530403900628,3.3749521867592573,5.54685452208411,0
2295,1900,131386.1,1149251386.1,3783976.9949990422,900852.6626468168,5037908.158468735,52.5145313691181,13.3911473339661,74.8133854862184,-4.141922040569015,-1.0796869282356,3.2819466989601214,5.39373860953323,0
2296,1900,131386.3,1149251386.3,3783976.1957587185,900852.4307010155,5037908.794207632,52.514540773202,13.3911467368492,74.8119967621069,-4.015480860582291,-1.0424631557878012,3.180999696323014,5.22776960480135,0
2297,1900,131386.5,1149251386.5,3783975.424018078,900852.2056219405,5037909.408146146,52.5145498559594,13.3911461443156,74.8105574414244,-3.8762244499006906,-1.0219883888488128,3.0734666293336628,5.05131402454622,0
2298,1900,131386.7,1149251386.7,3783974.682554406,900851.9840589522,5037909.998821086,52.514558595656,13.3911454988777,74.8090784023233,-3.72580009300801,-1.0171772323095558,2.9603837100813375,4.86622107655441,0
2299,1900,131386.9,1149251386.9,3783973.9673755537,900851.7626100039,5037910.5698226895,52.5145670452379,13.3911447654047,74.8075656136301,-3.5655379958313365,-1.0146392212733681,2.8403649814886993,4.67014209389077,0
2300,1900,131387.1,1149251387.1,3783973.2834215574,900851.5430540894,5037911.117154053,52.51457514564,13.3911439525361,74.8060227894697,-3.394090758998709,-0.9995921560162482,2.7097796185867074,4.45667388755309,0
2301,1900,131387.3,1149251387.3,3783972.63496526,900851.3290695029,5037911.63697508,52.5145828401464,13.3911430984036,74.8044507678527,-3.208083633263971,-0.9689508195393206,2.565561839340496,4.22051819569378,0
2302,1900,131387.5,1149251387.5,3783972.036734847,900851.1263295509,5037912.11728927,52.5145899516124,13.3911422340588,74.8028490973849,-3.005138975356264,-0.9257543412025666,2.4064775756394203,3.95967368396893,0
2303,1900,131387.7,1149251387.7,3783971.4678932982,900850.931725096,5037912.574191562,52.5145967177383,13.3911413860334,74.8012152181997,-2.7872554545141166,-0.8712068493785949,2.2342318332192317,3.67689899612337,0
2304,1900,131387.9,1149251387.9,3783970.943463794,900850.7497667427,5037912.99566724,52.5146029611536,13.3911405677117,74.7995449907966,-2.5589706395850618,-0.8104510136870584,2.053123403206084,3.37941966743364,0
2305,1900,131388.1,1149251388.1,3783970.458971446,900850.5799658895,5037913.385133916,52.5146087323976,13.3911397873581,74.7978322471543,-2.3293853946260703,-0.744835167145695,1.8701816529377915,3.07870023839596,0
2306,1900,131388.3,1149251388.3,3783970.0236601206,900850.4264429194,5037913.734955658,52.5146139187818,13.391139072481,74.796071008344,-2.1068601791117123,-0.6789313006590837,1.6924561376821465,2.78643415556859,0
2307,1900,131388.5,1149251388.5,3783969.6299101724,900850.2865782182,5037914.05128174,52.5146186111188,13.3911384115365,74.7942606238531,-1.8995377619682483,-0.616777856326975,1.52673921359124,2.51387972256348,0
2308,1900,131388.7,1149251388.7,3783969.2804875635,900850.1610720776,5037914.331932925,52.5146227771469,13.3911378051236,74.7924080193558,-1.7139533688536381,-0.5598706547040027,1.3781722882751428,2.26946032280209,0
2309,1900,131388.9,1149251388.9,3783968.9664243967,900850.0477174316,5037914.584009564,52.5146265215514,13.3911372522095,74.7905271941715,-1.5509083270184385,-0.510278319327091,1.2477206099355374,2.05487404053103,0
2310,1900,131389.1,1149251389.1,3783968.6808470436,900849.9431113277,5037914.813270154,52.5146299291264,13.3911367274804,74.7886386634523,-1.4077984023799055,-0.4653893869664242,1.1329773801616025,1.86604431008544,0
2311,1900,131389.3,1149251389.3,3783968.419909592,900849.8696948099,5037915.018629756,52.5146329835565,13.3911365656266,74.7867675355125,-1.279445399758615,-0.42379906629449987,1.0298297790512503,1.69621211921632,0
2312,1900,131389.5,1149251389.5,3783968.1831146264,900849.7821312491,5037915.208545679,52.5146358094163,13.3911361186913,74.7849405073015,-1.1569732691525982,-0.3846798554981231,0.9315086609610812,1.53436440332967,0
2313,1900,131389.7,1149251389.7,3783967.9752892586,900849.7049829289,5037915.375087665,52.5146382892871,13.3911357221737,74.7831843767762,-1.0350657690585139,-0.34480376051947603,0.8334743919197979,1.37292765342211,0
2314,1900,131389.9,1149251389.9,3783967.7847634316,900849.6346410839,5037915.527637065,52.5146405613882,13.3911353641735,74.7815258808815,-0.9074220619358375,-0.30292849732882254,0.7308054490342553,1.20385093650333,0
2315,1900,131390.1,1149251390.1,3783967.6215296276,900849.5747921526,5037915.658115668,52.5146425061359,13.391135063427,74.7799901304357,-0.7710318988923012,-0.2578146683089837,0.6210358401486791,1.02305625801024,0
2316,1900,131390.3,1149251390.3,3783967.4874681537,900849.5259033749,5037915.765067387,52.5146441017519,13.391134820215,74.7786007235926,-0.6310102189539615,-0.21104007677057157,0.508261908966541,0.837282496254381,0
2317,1900,131390.5,1149251390.5,3783967.383353709,900849.4897506831,5037915.8476267615,52.5146453351962,13.391134657343,74.7773798409408,-0.49877639201886087,-0.16710512246526427,0.4018026447822889,0.661927017535563,0
2318,1900,131390.7,1149251390.7,3783967.309095479,900849.4617318967,5037915.906700741,52.5146462196591,13.3911345091736,74.7763447510737,-0.3817205190466481,-0.12800123893262794,0.30752528479331337,0.506622810991312,0
2319,1900,131390.9,1149251390.9,3783967.250355226,900849.4396034201,5037915.953398816,52.5146469190653,13.3911343924711,74.7755063020084,-0.2808961180124884,-0.09434087112074166,0.22632460127310727,0.372861441047123,0
2320,1900,131391.1,1149251391.1,3783967.2059126943,900849.4194648874,5037915.989329344,52.5146474571168,13.3911342555078,74.7748686054768,-0.19410701822550983,-0.06523339316679476,0.156403904971093,0.25767248902174,0
2321,1900,131391.3,1149251391.3,3783967.1831628033,900849.4121471205,5037916.007050669,52.5146477239315,13.3911342282573,74.7744310356833,-0.11979604790981353,-0.040299221239150126,0.0965340153424086,0.159040675443173,0
2322,1900,131391.5,1149251391.5,3783967.1689887256,900849.4050223022,5037916.018581649,52.5146478970837,13.3911341745158,74.7741855580065,-0.060658079776926305,-0.020416252683358907,0.0488814220599717,0.0805333436438585,1
2323,1900,131391.7,1149251391.7,3783967.1710236766,900849.4086818153,5037916.016316108,52.5146478645339,13.3911342200129,74.7741083221299,-0.022173046489724447,-0.0074636520208938946,0.017868307132930614,0.0294385205457274,1
2324,1900,131391.9,1149251391.9,3783967.170667297,900849.4124291133,5037916.015994083,52.5146478590564,13.3911342749258,74.7741699594247,-0.0028784867787467173,-0.0009690116922839612,0.0023196643945266613,0.0038217159363874,1
2325,1900,131392.1,1149251392.1,3783967.173961586,900849.4051623284,5037916.015037235,52.5146478429722,13.3911341595577,74.7743367674251,0.003379532907357638,0.0011379528078104893,-0.002723486488378201,-0.0044870433380006,1
2326,1900,131392.3,1149251392.3,3783967.1681697527,900849.4078421809,5037916.0191735905,52.5146479013451,13.3911342177173,74.7745678620645,0.004055399662950685,0.0013657299530213194,-0.0032681872069859844,-0.0053844714086665,1
2327,1900,131392.5,1149251392.5,3783967.170693497,900849.4075527583,5037916.017664291,52.5146478760619,13.3911342049604,74.774823517121,0.00293211637740936,0.000987424229441542,-0.002362946184948165,-0.0038930486424551,1
2328,1900,131392.7,1149251392.7,3783967.167282617,900849.4059858986,5037916.020785801,52.5146479193816,13.391134194144,74.7750603443095,0.0019703085257436305,0.0006635761466982529,-0.0015878496705681044,-0.002616049610655,1
2329,1900,131392.9,1149251392.9,3783967.1703102854,900849.4104039901,5037916.017967931,52.514647875672,13.3911342471246,74.7752394459942,0.0011672547525500088,0.0003931675972353635,-0.000940686520683997,-0.0015498243600689,1
2330,1900,131393.1,1149251393.1,3783967.1702532214,900849.4016216572,5037916.019691852,52.5146478999995,13.3911341214723,74.7753358225803,0.0007371712380825562,0.00024832649486718683,-0.0005940880477956464,-0.0009787890941581,1
2331,1900,131393.3,1149251393.3,3783967.172042881,900849.4032361462,5037916.018072721,52.5146478760637,13.3911341385019,74.7753380772831,-0.00017072487662837536,-5.751679127748773e-05,0.00013758859814529253,0.0002266843336409,1
2332,1900,131393.5,1149251393.5,3783967.1746724686,900849.4038442862,5037916.015883498,52.5146478448456,13.3911341382456,74.7752433707475,-0.0014305772511122468,-0.0004819863865053394,0.001152919156487178,0.0018994959145972,1
2333,1900,131393.7,1149251393.7,3783967.175782485,900849.4036199424,5037916.014866738,52.5146478319555,13.3911341312441,74.7750620864462,-0.002293212337751809,-0.000772629491034321,0.0018481281173891877,0.0030448902598809,1
2334,1900,131393.9,1149251393.9,3783967.1718391944,900849.4025864843,5037916.017674703,52.5146478763729,13.3911341298874,74.7748100971964,-0.0022057184213411887,-0.0007431465355919088,0.0017776148902260813,0.0029287156272946,1
2335,1900,131394.1,1149251394.1,3783967.1737856865,900849.4053976971,5037916.015344177,52.5146478454823,13.3911341635305,74.7745093660513,-0.0017084867533432816,-0.0005756859535184215,0.0013769016203533649,0.0022685236114177,1
2336,1900,131394.3,1149251394.3,3783967.1671433095,900849.4030718916,5037916.020312623,52.5146479225727,13.3911341528628,74.7741916991848,-0.0007938078443469936,-0.00026746382801526455,0.0006397420124145882,0.001054010263466,1
2337,1900,131394.5,1149251394.5,3783967.1698063742,900849.4044335863,5037916.017698685,52.5146478875552,13.3911341632904,74.7738860034715,-0.00017463524557333453,-5.8860086957007515e-05,0.00014074459758212971,0.0002318857921081,1
2338,1900,131394.7,1149251394.7,3783967.163474919,900849.4042040622,5037916.022116231,52.514647956014,13.3911341816008,74.7736107132987,2.872806877021251e-05,9.682760894424463e-06,-2.3152961284005885e-05,-3.8146001232414e-05,1
2339,1900,131394.9,1149251394.9,3783967.1636293335,900849.4024710417,5037916.022012464,52.5146479572374,13.3911341562406,74.7733755346907,0.00012763157981157339,4.302170144256021e-05,-0.00010286342530539371,-0.0001694743969624,1
2340,1900,131395.1,1149251395.1,3783967.162660309,900849.4037486407,5037916.022271358,52.5146479632654,13.3911341778538,74.7731873603714,9.735014711240367e-05,3.280968991763243e-05,-7.845754251894279e-05,-0.0001292637337903,1
2341,1900,131395.3,1149251395.3,3783967.1635587686,900849.4026574934,5037916.02161534,52.5146479552472,13.3911341591531,74.7730449167592,0.00044649784660956925,0.00015046508074325054,-0.0003598436193234402,-0.0005928638105989,1
2342,1900,131395.5,1149251395.5,3783967.166258508,900849.4044823432,5037916.019150758,52.5146479200272,13.3911341760924,74.7729447253197,0.0003997062400505579,0.00013472791829224884,-0.00032213863767283524,-0.0005307447523852,1
2343,1900,131395.7,1149251395.7,3783967.16215234,900849.4014651647,5037916.0226774085,52.5146479727809,13.3911341468655,74.7728870066963,0.00037162770970898865,0.00012530742599300908,-0.00029951685999552466,-0.0004934769042763,1
2344,1900,131395.9,1149251395.9,3783967.166592316,900849.4067371346,5037916.01840704,52.5146479099206,13.3911342072638,74.7728699887382,0.0004520965020671923,0.00015243412028391722,-0.0003643703413865755,-0.0006003275388405,1
2345,1900,131396.1,1149251396.1,3783967.1652855314,900849.4068699847,5037916.019380361,52.5146479240892,13.3911342136255,74.7728874170815,0.0006366110309176164,0.00021469210934502104,-0.000513089096563324,-0.000845355976801,1
2346,1900,131396.3,1149251396.3,3783967.162629032,900849.4039657232,5037916.0219324585,52.5146479612705,13.3911341810712,74.7729305193116,0.0007515557760072282,0.0002534418293470969,-0.0006057284831007745,-0.0009979858919605,1
2347,1900,131396.5,1149251396.5,3783967.1647490575,900849.4015416601,5037916.020861246,52.514647944709,13.3911341391031,74.7729939359957,0.0008270812375679869,0.00027891882979596,-0.000666600881584818,-0.0010982785723492,1
2348,1900,131396.7,1149251396.7,3783967.1652822155,900849.4061593199,5037916.019743648,52.5146479272726,13.3911342034533,74.7730735652466,0.00084255745878618,0.00028418606408895476,-0.0006790827703735478,-0.0011188468167702,1
2349,1900,131396.9,1149251396.9,3783967.1655473635,900849.4064485707,5037916.019610495,52.5146479242274,13.3911342066936,74.7731656438204,0.0003526154833966197,0.00011892502319192107,-0.00028419879349703175,-0.0004682411712968,1
2350,1900,131397.1,1149251397.1,3783967.1659566946,900849.4056915487,5037916.0195673965,52.5146479224024,13.3911341944494,74.7732670803835,0.0004186965360473394,0.0001412051957120426,-0.0003374571944979986,-0.0005559883584326,1
2351,1900,131397.3,1149251397.3,3783967.16690073,900849.4058428947,5037916.018972237,52.5146479123489,13.3911341933976,74.7733750279152,0.0003601805957838434,0.00012148264846759256,-0.0002902971716086769,-0.0004782891837601,1
2352,1900,131397.5,1149251397.5,3783967.1667815056,900849.4077300896,5037916.018867939,52.5146479094889,13.391134220847,74.773487666332,0.0003116823954638375,0.00010513566631684086,-0.00025121063747381514,-0.0004138915417763,1
2353,1900,131397.7,1149251397.7,3783967.168979674,900849.4077867639,5037916.017364778,52.5146478859262,13.3911342141602,74.7736042262741,0.0002510668600725621,8.468450428588915e-05,-0.0002023547561875691,-0.0003333968818759,1
2354,1900,131397.9,1149251397.9,3783967.1677429336,900849.4084028982,5037916.0183289405,52.5146478987607,13.3911342272082,74.773723970612,0.0002688368137082889,9.067080181518212e-05,-0.00021667564626989073,-0.000356991263749,1
2355,1900,131398.1,1149251398.1,3783967.1682072105,900849.4094186135,5037916.017956592,52.5146478918263,13.3911342401791,74.7738465224062,0.00017286878244902027,5.829863963634236e-05,-0.00013932697057106362,-0.0002295525039231,1
2356,1900,131398.3,1149251398.3,3783967.1684101596,900849.4065321082,5037916.018475654,52.5146478980241,13.3911341981244,74.773971723756,0.000258408146516594,8.715498400843372e-05,-0.00020827066583374142,-0.0003431434564005,1
2357,1900,131398.5,1149251398.5,3783967.1688997005,900849.4099498432,5037916.017663749,52.5146478845437,13.391134245429,74.7740989828843,0.0002541405230402941,8.571390554358856e-05,-0.00020483076183299011,-0.0003374758066111,1
2358,1900,131398.7,1149251398.7,3783967.1706845076,900849.4122765204,5037916.016081176,52.5146478596653,13.3911342726805,74.7742277495198,0.0003436372000515816,0.0001158989088812817,-0.0002769628806901877,-0.0004563195367496,1
2359,1900,131398.9,1149251398.9,3783967.1662501446,900849.4102065014,5037916.0199206965,52.5146479148425,13.3911342581456,74.7743574922363,0.00041921435876138475,0.00014139373856252778,-0.0003378770148162268,-0.000556681008332,1
2360,1900,131399.1,1149251399.1,3783967.16753166,900849.4115676744,5037916.018886774,52.5146478980504,13.3911342732788,74.7744875837063,0.0008231675287951588,0.0002776551098919333,-0.0006634565256200167,-0.0010931018716934,1
2361,1900,131399.3,1149251399.3,3783967.171405599,900849.4118758563,5037916.016105421,52.5146478554574,13.3911342644792,74.7746174130524,0.0010744160978188215,0.000362404482570086,-0.0008659583723097515,-0.0014267413440468,1
2362,1900,131399.5,1149251399.5,3783967.1718204557,900849.4117258909,5037916.015983342,52.5146478521596,13.391134260915,74.7747450068179,0.0011444941141457799,0.00038608496617345333,-0.000922447505626519,-0.0015198150476476,1
2363,1900,131399.7,1149251399.7,3783967.174155671,900849.4147361189,5037916.01386091,52.5146478193818,13.3911342960838,74.7748675794162,0.0007353022758724265,0.0002480660373816092,-0.0005926474120977807,-0.0009764410636959,1
2364,1900,131399.9,1149251399.9,3783967.172818199,900849.4117056418,5037916.015542033,52.5146478428583,13.3911342572211,74.7749826474103,0.0005165377910471552,0.00017426720459658,-0.00041632595515813417,-0.0006859356012893,1
2365,1900,131400.1,1149251400.1,3783967.170557811,900849.4124676277,5037916.017225836,52.5146478664885,13.3911342758512,74.7750879770769,0.0005946370557014795,0.00020060616383481319,-0.00047927168791031543,-0.0007896438512483,1
2366,1900,131400.3,1149251400.3,3783967.168605281,900849.4123136566,5037916.018828161,52.5146478890502,13.3911342803058,74.7751818115587,0.0007950267515920413,0.00026821608759614946,-0.0006407850169890468,-0.0010557522642126,1
2367,1900,131400.5,1149251400.5,3783967.168417885,900849.4113980742,5037916.019230951,52.514647894065,13.3911342678252,74.7752614447319,0.0010027365487925946,0.00033829195143379574,-0.0008081976441321563,-0.0013315800624334,1
2368,1900,131400.7,1149251400.7,3783967.1697754357,900849.4107380053,5037916.018413766,52.5146478812688,13.3911342537355,74.7753236594819,0.0004539487715167865,0.00015314632724296894,-0.0003658787637462349,-0.0006028188405069,1
2369,1900,131400.9,1149251400.9,3783967.1696399823,900849.4110566828,5037916.018510691,52.5146478822122,13.3911342587641,74.7753652934137,7.913902695016305e-05,2.6697900546529616e-05,-6.378522216181161e-05,-0.000105091950436,1
2370,1900,131401.1,1149251401.1,3783967.1702256254,900849.4123640074,5037916.017863731,52.5146478724525,13.3911342754996,74.7753828889594,-0.00015635382146040943,-5.274946223938123e-05,0.00012602003230096997,0.0002076296505631,1
2371,1900,131401.3,1149251401.3,3783967.1724337726,900849.4106818666,5037916.016502904,52.5146478524706,13.3911342438623,74.7753732306041,-0.00021427199828164808,-7.229088963170138e-05,0.00017270191241023798,0.0002845424617197,1
2372,1900,131401.5,1149251401.5,3783967.1706914296,900849.4118709262,5037916.017542719,52.51464786828,13.3911342668449,74.7753344297344,-0.00024036872654009634,-8.111147881818492e-05,0.0001937385741925995,0.000319203433291,1
2373,1900,131401.7,1149251401.7,3783967.1674033664,900849.411325548,5037916.020005131,52.5146479054563,13.3911342702469,74.7752649332923,-0.0005901220655839804,-0.0001991453210022366,0.00047564371989149357,0.0007836707595913,1
2374,1900,131401.9,1149251401.9,3783967.1691181394,900849.4110508045,5037916.018648652,52.5146478865964,13.3911342604601,74.775165001299,-0.0011803970659412621,-0.00039834657602632576,0.0009514114752322123,0.0015675461789428,1
2375,1900,131402.1,1149251402.1,3783967.1715528206,900849.4113951602,5037916.01660672,52.5146478579715,13.3911342570888,74.7750346056249,-0.0013536918965382201,-0.00045694630444121905,0.0010911097869873007,0.0017977214030976,1
2376,1900,131402.3,1149251402.3,3783967.167811263,900849.4090951944,5037916.0196032645,52.5146479041124,13.3911342368954,74.7748731809587,-0.0015087393599154408,-0.0005093657514246295,0.0012160965669117591,0.0020036563540031,1
2377,1900,131402.5,1149251402.5,3783967.171713926,900849.410821186,5037916.016142024,52.5146478552605,13.3911342483144,74.774680345878,-0.001366193537251324,-0.00046125177087743565,0.0011012016050336026,0.0018143546930778,1
2378,1900,131402.7,1149251402.7,3783967.1677232017,900849.4090037182,5037916.019159793,52.5146479024491,13.391134235885,74.7744562569032,-0.0011918813799935532,-0.00040242297095047734,0.0009607036090956192,0.0015828698291563,1
2379,1900,131402.9,1149251402.9,3783967.166430909,900849.4068146993,5037916.020190857,52.5146479206675,13.3911342089259,74.7742008411523,-0.0010636850342991958,-0.0003591452374850943,0.0008573733526920904,0.0014126217539408,1
2380,1900,131403.1,1149251403.1,3783967.1634149635,900849.4079606719,5037916.021873777,52.5146479489,13.3911342356359,74.7739122869752,-0.0007191207529355031,-0.000242793814658434,0.0005796384307530898,0.0009550205255097,1
2381,1900,131403.3,1149251403.3,3783967.1683211625,900849.4076236765,5037916.017866223,52.5146478935059,13.3911342140697,74.7735892943779,-0.0007613014227090951,-0.00025701825453257766,0.0006136346490967306,0.0010110320083726,1
2382,1900,131403.5,1149251403.5,3783967.163897509,900849.4070322678,5037916.0208188025,52.5146479413164,13.3911342206861,74.773229978653,-0.0005679491723137918,-0.00019173675759469634,0.0004577853111330407,0.000754252369989,1
2383,1900,131403.7,1149251403.7,3783967.1720544053,900849.4080476834,5037916.0140535375,52.5146478460575,13.3911342074098,74.7728337819604,-0.0006254319893885147,-0.0002111516087349626,0.0005041199019684879,0.0008305943960698,1
2384,1900,131403.9,1149251403.9,3783967.1686069146,900849.4080060906,5037916.016086797,52.5146478811608,13.3911342185747,74.7724003705169,-0.0005623516988612176,-0.0001898646510169906,0.00045327668946314203,0.0007468251308898,1
2385,1900,131404.1,1149251404.1,3783967.168966404,900849.4081505176,5037916.0151988845,52.5146478735727,13.3911342194179,74.7719289824544,-0.0006764447628795232,-0.00022837535334875616,0.0005452382101876772,0.000898341541449,1
2386,1900,131404.3,1149251404.3,3783967.170979906,900849.4088133042,5037916.01293692,52.5146478461403,13.3911342220464,74.7714195255316,-0.0007997305670604607,-0.00027000793893337864,0.0006446126548233984,0.0010620728514261,1
2387,1900,131404.5,1149251404.5,3783967.164379418,900849.4073876174,5037916.017428283,52.5146479188445,13.3911342241341,74.7708749511717,-0.000866364040230687,-0.0002925154434727885,0.0006983235763028892,0.0011505684473752,1
2388,1900,131404.7,1149251404.7,3783967.165623299,900849.4060218686,5037916.016015491,52.514647904745,13.3911342003201,74.7702977919662,-0.0011712616914578019,-0.00039544083055158253,0.0009440797396362569,0.0015554786900294,1
2389,1900,131404.9,1149251404.9,3783967.1668403638,900849.4080722487,5037916.013975097,52.5146478817576,13.3911342255492,74.769688221381,-0.0016846039038601595,-0.0005688212251853152,0.0013578640584196837,0.002237239973778,1
2390,1900,131405.1,1149251405.1,3783967.1666906197,900849.4054907917,5037916.013740293,52.5146478857755,13.3911341890689,74.7690494188222,-0.0016338736775220032,-0.0005517091730863474,0.0013169763877769567,0.0021698739621759,1
2391,1900,131405.3,1149251405.3,3783967.1694436334,900849.4077419662,5037916.010455043,52.5146478449938,13.3911342119355,74.7683896458038,-0.0007490592971596825,-0.0002529408738225266,0.000603776960467458,0.0009947942170634,1
2392,1900,131405.5,1149251405.5,3783967.170239361,900849.4066738858,5037916.009203727,52.5146478343946,13.3911341939158,74.7677172611863,0.00160633925196748,0.0005424351498383191,-0.0012947865685030548,-0.0021333152467855,1
2393,1900,131405.7,1149251405.7,3783967.166437768,900849.406923593,5037916.011145884,52.514647870975,13.3911342104629,74.7670429813034,0.0062000488059515135,0.0020935932175480897,-0.004997525600571398,-0.0082340148096242,1
2394,1900,131405.9,1149251405.9,3783967.1696139392,900849.4066969717,5037916.007980459,52.5146478320052,13.3911341963802,74.7663795827256,0.013080399134630258,0.00441685541609338,-0.01054339660747629,-0.0173714900141137,1
2395,1900,131406.1,1149251406.1,3783967.159305085,900849.4082124521,5037916.014603748,52.514647937236,13.3911342532644,74.7657458395652,0.021137047230975675,0.007137074505521014,-0.017037373827745044,-0.0280710652645778,1
2396,1900,131406.3,1149251406.3,3783967.1679496756,900849.4072213677,5037916.007598983,52.5146478405979,13.3911342095721,74.7651655204183,0.025806813703072248,0.008714177274112226,-0.020801464897338813,-0.0342728677082171,1
2397,1900,131406.5,1149251406.5,3783967.1636885917,900849.4066764292,5037916.010249721,52.5146478855532,13.3911342162998,74.7646694845607,0.02009815204572488,0.006786239098344251,-0.016199971424343873,-0.0266913437447898,1
2398,1900,131406.7,1149251406.7,3783967.162706022,900849.406475943,5037916.0105469795,52.514647894326,13.3911342167789,74.7642954125038,-0.006716669677546391,-0.0022680408886196963,0.005413945588524326,0.0089201159109747,1
2399,1900,131406.9,1149251406.9,3783967.1443792316,900849.3969493186,5037916.025648094,52.5146481197763,13.3911341427873,74.7640858967381,-0.0666629153240119,-0.022507730816172997,0.05373292886134358,0.0885311802135716,1
2400,1900,131407.1,1149251407.1,3783967.1084604682,900849.390185385,5037916.053652,52.5146485332617,13.3911341683978,74.7640895614284,-0.17134607819272596,-0.05786916674464201,0.1381146423198991,0.22756092238102,0
2401,1900,131407.3,1149251407.3,3783967.0522662285,900849.3700869136,5037916.0994821945,52.5146492069075,13.3911340720988,74.7643558248405,-0.3188295064360484,-0.10774593350177852,0.25700649528617836,0.423454577233153,0
2402,1900,131407.5,1149251407.5,3783966.9659510837,900849.3393975768,5037916.1700757155,52.5146502424172,13.391133926793,74.7649473653682,-0.4982783113805298,-0.168487391307865,0.40167648448306187,0.661825713317814,0
2403,1900,131407.7,1149251407.7,3783966.839389852,900849.2935762418,5037916.273892204,52.5146517637925,13.3911337019494,74.7659427166992,-0.7018720395745845,-0.23754307473988273,0.5658369910751633,0.93232106742391,0
2404,1900,131407.9,1149251407.9,3783966.679858432,900849.234440934,5037916.405291203,52.5146536867118,13.3911333987982,74.767429789936,-0.9277107739072694,-0.3144348277762258,0.7479856066792493,1.2324767781754,0
2405,1900,131408.1,1149251408.1,3783966.472781449,900849.1668186814,5037916.574409093,52.514656159746,13.3911331362316,74.7695034122506,-1.171661945737432,-0.3972709566093372,0.9447031349509901,1.55662453444649,0
2406,1900,131408.3,1149251408.3,3783966.2152216807,900849.0716117739,5037916.786949712,52.5146592660032,13.3911326506079,74.7722591254491,-1.4263017380288028,-0.4849566783317576,1.150256422292176,1.89541801848219,0
2407,1900,131408.5,1149251408.5,3783965.9098337456,900848.9563692084,5037917.03970624,52.5146629570639,13.3911320410448,74.775787828976,-1.6867936908441443,-0.5735363612414535,1.3603345335850594,2.24159027398001,0
2408,1900,131408.7,1149251408.7,3783965.557030547,900848.8250395376,5037917.331770647,52.514667218577,13.3911313627147,74.780169959501,-1.952034692950416,-0.6651887003406187,1.5745014299385642,2.59460405503835,0
2409,1900,131408.9,1149251408.9,3783965.153070689,900848.6732348831,5037917.666794058,52.5146721037102,13.3911305655047,74.7854693481868,-2.2252353846047273,-0.7566128457347634,1.7945661656880254,2.95712753161916,0
2410,1900,131409.1,1149251409.1,3783964.6958207306,900848.5024833273,5037918.046152208,52.5146776322631,13.3911296785896,74.7917300182826,-2.506558134233184,-0.8456376463685475,2.020264226944586,3.32857390723389,0
2411,1900,131409.3,1149251409.3,3783964.178400506,900848.3112801283,5037918.475274057,52.5146838841381,13.3911287038783,74.7989746960878,-2.790160254284245,-0.9182886118698192,2.244754441039839,3.69691367492472,0
2412,1900,131409.5,1149251409.5,3783963.6119927275,900848.107761393,5037918.944371096,52.5146907147931,13.3911277198085,74.8072031467516,-3.0565879360826003,-0.9771203447980839,2.4539766707211403,4.03973953116629,0
2413,1900,131409.7,1149251409.7,3783962.9907125686,900847.8921000714,5037919.457772285,52.5146981884395,13.3911267489342,74.816390947853,-3.293665007611363,-1.014712903549131,2.6375287488688994,4.33986513155681,0
2414,1900,131409.9,1149251409.9,3783962.335496345,900847.6722287523,5037919.998387833,52.5147060532817,13.391125833503,74.8264897914972,-3.5045285686221606,-1.0404013217138302,2.79940925448532,4.60443781287258,0
2415,1900,131410.1,1149251410.1,3783961.6366268056,900847.4462856336,5037920.573712874,52.514714420792,13.3911249799859,74.8374320220382,-3.7068927178033078,-1.0567485603493825,2.9532893310340964,4.85589219545734,0
2416,1900,131410.3,1149251410.3,3783960.9053088995,900847.2175841774,5037921.174693147,52.514723158254,13.3911241976384,74.849133485742,-3.9180701862021223,-1.0699654541038077,3.1131886058911666,5.11742546138506,0
2417,1900,131410.5,1149251410.5,3783960.1340896576,900846.9876983503,5037921.806441376,52.5147323427298,13.3911235344402,74.8614607850823,-4.145660837944982,-1.081271216346158,3.2849936207276946,5.39878081744305,0
2418,1900,131410.7,1149251410.7,3783959.307095019,900846.751124602,5037922.481614298,52.5147421626433,13.3911229656812,74.874283892271,-4.386110523524364,-1.0932874272804498,3.466518332455574,5.69648946917935,0
2419,1900,131410.9,1149251410.9,3783958.4385990077,900846.5123734795,5037923.188598515,52.5147524480157,13.3911225073007,74.8874735966213,-4.632714264490518,-1.1042983060971097,3.6524556282344247,6.00182874809705,0
2420,1900,131411.1,1149251411.1,3783957.5178946704,900846.26882642,5037923.935653341,52.5147633226138,13.391122158302,74.9008760782235,-4.8753467634202,-1.123863300690032,3.836949241203753,6.30509748233949,0
2421,1900,131411.3,1149251411.3,3783956.5463557956,900846.0180393602,5037924.721957926,52.5147747764549,13.3911218789761,74.9143088525097,-5.105263844940498,-1.152887460853252,4.013636179573285,6.5956154986346,0
2422,1900,131411.5,1149251411.5,3783955.5360311745,900845.7614971044,5037925.537997659,52.5147866714714,13.3911216494959,74.9275643029607,-5.313582484177103,-1.1852094961232253,4.1747947978203355,6.86059705636194,0
2423,1900,131411.7,1149251411.7,3783954.486268287,900845.4972098245,5037926.384290141,52.5147990183066,13.391121443574,74.9403864354919,-5.489246627245994,-1.2165002647198828,4.3114076414122815,7.08519140738084,0
2424,1900,131411.9,1149251411.9,3783953.4236031775,900845.2566708283,5037927.235053492,52.5148114398744,13.391121621971,74.952465374318,-5.6255959697292806,-1.2414373723932877,4.417560434022195,7.25970639574683,0
2425,1900,131412.1,1149251412.1,3783952.325436664,900844.9822762075,5037928.11693048,52.5148243337803,13.3911214363412,74.9634448044141,-5.727845218662548,-1.2630074382496141,4.497674132149432,7.39137816899091,0
2426,1900,131412.3,1149251412.3,3783951.1977023967,900844.7010141319,5037929.020177874,52.5148375610085,13.3911212531722,74.972909893423,-5.80663381557057,-1.2836005765585425,4.560111022028375,7.49394684004989,0
2427,1900,131412.5,1149251412.5,3783950.0583764506,900844.4163121099,5037929.930222122,52.5148509114994,13.3911210602544,74.9804214857514,-5.882414594108117,-1.297910506544787,4.619187811514812,7.59106508851179,0
2428,1900,131412.7,1149251412.7,3783948.9027191293,900844.1250798706,5037930.850617195,52.5148644426716,13.3911208294746,74.9855582114812,-5.969637530069073,-1.3371888980278908,4.69123587414649,7.70923734336265,0
2429,1900,131412.9,1149251412.9,3783947.718507656,900843.8230841521,5037931.7907991065,52.5148782979089,13.3911205418691,74.9879750346481,-6.090566864828208,-1.3756578348756205,4.788287151568334,7.86861697247187,0
2430,1900,131413.1,1149251413.1,3783946.5030187042,900843.5078261445,5037932.752986264,52.5148925123617,13.3911201709213,74.9874678971868,-6.240632733370899,-1.4439723154351378,4.912376980068839,8.07229834402035,0
2431,1900,131413.3,1149251413.3,3783945.261995811,900843.1789944733,5037933.732923743,52.5149070234322,13.3911196925754,74.9840168378417,-6.410908169191116,-1.5411454497945343,5.056669961047682,8.30931910244069,0
2432,1900,131413.5,1149251413.5,3783943.9765095226,900842.8242258078,5037934.747112689,52.5149220730926,13.3911189942461,74.977766840746,-6.592111937238934,-1.660596429461323,5.213072782459679,8.56677583048895,0
2433,1900,131413.7,1149251413.7,3783942.6772777378,900842.4494599825,5037935.77192807,52.5149373092439,13.3911180562561,74.9689936409959,-6.772496760380366,-1.7906781009811306,5.370752580218152,8.82712998140482,0
2434,1900,131413.9,1149251413.9,3783941.332252633,900842.0441723667,5037936.833616439,52.514953115119,13.3911168371206,74.9580682834883,-6.93173306472762,-1.9302567371139752,5.514340792979676,9.0654712361207,0
2435,1900,131414.1,1149251414.1,3783939.953553146,900841.6072796577,5037937.923852037,52.5149693629064,13.3911152799726,74.9454060644308,-7.055796787925809,-2.0735233645090383,5.632342895477772,9.26320970009359,0
2436,1900,131414.3,1149251414.3,3783938.5483789984,900841.1394140321,5037939.037681496,52.5149859745289,13.391113369309,74.9314278628665,-7.143081216876291,-2.2126109186884464,5.722162931520447,9.41607163116641,0
2437,1900,131414.5,1149251414.5,3783937.142474195,900840.6481466676,5037940.155072232,52.5150026493434,13.3911111257972,74.9165453408719,-7.199319331942997,-2.33029467248106,5.785018799850995,9.52506769626921,0
2438,1900,131414.7,1149251414.7,3783935.7321711285,900840.1403232629,5037941.278030755,52.5150194124596,13.3911086600454,74.9011442717217,-7.238754883809646,-2.3918849183100805,5.825375849830972,9.59456562446217,0
2439,1900,131414.9,1149251414.9,3783934.3180415095,900839.6258771983,5037942.40479989,52.5150362338971,13.3911061124452,74.8855687856225,-7.260748695814525,-2.4203370136040308,5.846834463424739,9.63130189153498,0
2440,1900,131415.1,1149251415.1,3783932.8775186827,900839.0974964601,5037943.553885767,52.5150533834819,13.3911034552029,74.8701135644272,-7.261539737676967,-2.447364861190031,5.85222149951538,9.64199411973682,0
2441,1900,131415.3,1149251415.3,3783931.446650214,900838.5662831209,5037944.696723729,52.5150704366041,13.3911007244327,74.8550173453775,-7.246355752337198,-2.4741003430384607,5.845638316300513,9.63339667624323,0
2442,1900,131415.5,1149251415.5,3783930.016930652,900838.028898481,5037945.840495118,52.5150874970528,13.391097901308,74.8404727671657,-7.220637106444032,-2.4999878688585238,5.83104506142495,9.61190023230394,0
2443,1900,131415.7,1149251415.7,3783928.58781216,900837.4860375711,5037946.985689224,52.5151045701563,13.3910949976572,74.8266417247449,-7.187083943572649,-2.5199767504580817,5.809559140610565,9.57890577482944,0
2444,1900,131415.9,1149251415.9,3783927.1870474997,900836.9462892971,5037948.110254025,52.5151213286122,13.3910920418792,74.8136659600709,-7.145829816214133,-2.5204020693094478,5.778853202527871,9.5294519616629,0
2445,1900,131416.1,1149251416.1,3783925.8020157795,900836.4126801412,5037949.223209012,52.5151379042988,13.3910891203984,74.801657437338,-7.094426389133241,-2.509513555070014,5.738565902233094,9.46359776660983,0
2446,1900,131416.3,1149251416.3,3783924.411640764,900835.8735647073,5037950.342421063,52.5151545603636,13.3910861382404,74.7906752124393,-7.037143058825057,-2.50262321657888,5.694602023055076,9.39217746827179,0
2447,1900,131416.5,1149251416.5,3783923.0449670884,900835.3411585618,5037951.444071604,52.5151709448923,13.3910831713661,74.7807351509121,-6.987872432206144,-2.4853027470810596,5.654763649837655,9.32649145225366,0
2448,1900,131416.7,1149251416.7,3783921.694002796,900834.8164201396,5037952.533949882,52.5151871434022,13.391080260774,74.7718348759809,-6.952260738016201,-2.4361509576931097,5.6194620342500965,9.26537179029578,0
2449,1900,131416.9,1149251416.9,3783920.348100493,900834.3033126694,5037953.619282435,52.5152032627292,13.3910774995795,74.7639639892224,-6.9202108860818745,-2.383242592993915,5.58615059516464,9.2072928940468,0
2450,1900,131417.1,1149251417.1,3783918.9801218407,900833.7933923544,5037954.721794764,52.5152196238881,13.3910748593669,74.7571058956273,-6.891123540442922,-2.324197896539132,5.553959452809941,9.150734676264,0
2451,1900,131417.3,1149251417.3,3783917.632420775,900833.3000301479,5037955.807488184,52.5152357250574,13.3910723872496,74.7512403712391,-6.8620400477871835,-2.2626424538319805,5.521325340528564,9.09352395979033,0
2452,1900,131417.5,1149251417.5,3783916.287220505,900832.8173500461,5037956.890642002,52.5152517773488,13.3910700596711,74.7463461390638,-6.830283188407263,-2.2030842229729752,5.487051534890352,9.03405131012072,0
2453,1900,131417.7,1149251417.7,3783914.9504172103,900832.3447624213,5037957.966934143,52.5152677171979,13.3910678480677,74.7424010253356,-6.788436210299381,-2.168834460739821,5.449745118807837,8.97142301752438,0
2454,1900,131417.9,1149251417.9,3783913.639475854,900831.8825298174,5037959.023260686,52.5152833513546,13.3910656966205,74.7393831906142,-6.729711281700435,-2.166634587412866,5.40553940808517,8.89961660201054,0
2455,1900,131418.1,1149251418.1,3783912.320512201,900831.4127136888,5037960.0880547725,52.5152990999928,13.3910634638694,74.7372669270373,-6.657821382846078,-2.1678121188364043,5.352111834447722,8.81312067527115,0
2456,1900,131418.3,1149251418.3,3783911.026219584,900830.9470197634,5037961.134802696,52.5153145719902,13.3910612060224,74.7360175567772,-6.582978183277646,-2.159876336683471,5.29486242727343,8.71987589791429,0
2457,1900,131418.5,1149251418.5,3783909.7560321474,900830.4844694141,5037962.164052516,52.5153297758855,13.3910589109864,74.7355970369763,-6.509022486137209,-2.1587838718520387,5.239490708408259,8.63017870115705,0
2458,1900,131418.7,1149251418.7,3783908.487174724,900830.0190543124,5037963.193825133,52.5153449781445,13.3910565703602,74.7359754397725,-6.437754033060812,-2.155473848875556,5.185730007109722,8.54298192729069,0
2459,1900,131418.9,1149251418.9,3783907.250901907,900829.5614773594,5037964.198878835,52.5153598062378,13.3910542308899,74.7371343179896,-6.370574000058935,-2.1408754286531693,5.133014655672999,8.45667784337275,0
2460,1900,131419.1,1149251419.1,3783906.0136392843,900829.1041344905,5037965.205595759,52.5153746499064,13.3910518981491,74.7390604450516,-6.305915371190447,-2.1203821309749893,5.081133456300814,8.37129059647994,0
2461,1900,131419.3,1149251419.3,3783904.8033335586,900828.65495374,5037966.191705021,52.5153891803971,13.3910495904055,74.7417433904116,-6.2370212100376445,-2.114144718323376,5.02862445363027,8.28595832478793,0
2462,1900,131419.5,1149251419.5,3783903.5838077366,900828.1987696649,5037967.186876841,52.5154038359742,13.3910472137582,74.7451726923321,-6.1609450417849825,-2.1164575822261633,4.9722759716330005,8.19513055682071,0
2463,1900,131419.7,1149251419.7,3783902.3936922033,900827.7466398218,5037968.160308983,52.5154181619476,13.3910447948732,74.7493339720972,-6.075374045059543,-2.112185460109957,4.907674433305117,8.09053555388021,0
2464,1900,131419.9,1149251419.9,3783901.23102424,900827.3013057958,5037969.112951704,52.5154321726017,13.3910423797327,74.7542057064969,-5.974862339135573,-2.0890515628253223,4.828576466525959,7.96104685935536,0
2465,1900,131420.1,1149251420.1,3783900.0919364863,900826.8599560469,5037970.048145948,52.5154459176784,13.3910399412413,74.7597532261312,-5.851101047353475,-2.063702943221696,4.731739950753249,7.80279541355258,0
2466,1900,131420.3,1149251420.3,3783898.9619216,900826.4219382573,5037970.976768544,52.5154595583751,13.3910375195429,74.7659271549871,-5.706013160866926,-2.0189347359816634,4.615543763626511,7.61169678153902,0
2467,1900,131420.5,1149251420.5,3783897.8631744203,900825.9947899937,5037971.880846168,52.5154728299864,13.3910351469324,74.7726670416357,-5.537117268181766,-1.9646722063715818,4.479899554755971,7.38844398644183,0
2468,1900,131420.7,1149251420.7,3783896.8261180697,900825.5864592837,5037972.736183989,52.5154853760256,13.391032833516,74.779904544841,-5.351681839769283,-1.8997375068186662,4.330020828361959,7.14132911179553,0
2469,1900,131420.9,1149251420.9,3783895.7990594273,900825.185649765,5037973.583260477,52.5154977951103,13.3910305937688,74.7875655160117,-5.152895424268201,-1.8391381051923648,4.170951787086154,6.87979643838478,0
2470,1900,131421.1,1149251421.1,3783894.8147313637,900824.8010405708,5037974.396016345,52.5155097033274,13.391028440394,74.7955725474445,-4.956401414017328,-1.7661215329385018,4.011387792434768,6.61636851054086,0
2471,1900,131421.3,1149251421.3,3783893.877016344,900824.4311929988,5037975.171712826,52.5155210611426,13.3910263395304,74.8038480005159,-4.76389660226374,-1.7053607717993489,3.856976893717239,6.36232952288081,0
2472,1900,131421.5,1149251421.5,3783892.9670819533,900824.0717135541,5037975.925086013,52.5155320870402,13.3910242924664,74.8123171794791,-4.5839195124451795,-1.640856339104206,3.7112475132770624,6.12193480257339,0
2473,1900,131421.7,1149251421.7,3783892.09278492,900823.7293560785,5037976.648986607,52.5155426762665,13.3910223691806,74.8209100199117,-4.4184605350496335,-1.5783502092970845,3.5767044027121644,5.89972857573633,0
2474,1900,131421.9,1149251421.9,3783891.2614135924,900823.4030915685,5037977.338075216,52.5155527507618,13.3910205300636,74.8295592710384,-4.269483434442583,-1.5163608844696486,3.4545494818103415,5.69752150072339,0
2475,1900,131422.1,1149251422.1,3783890.44683915,900823.086749176,5037978.0128624635,52.5155626141403,13.3910187758261,74.838202484197,-4.133150203386903,-1.4544758532393347,3.341846100387053,5.51056857049122,0
2476,1900,131422.3,1149251422.3,3783889.650350359,900822.782114718,5037978.671998777,52.5155722471321,13.3910171276621,74.8467833725147,-4.009455415207897,-1.38680283566618,3.2375436753443334,5.33672595149065,0
2477,1900,131422.5,1149251422.5,3783888.882841482,900822.4919993217,5037979.306794821,52.5155815220014,13.3910155886892,74.8552523691906,-3.894792780821467,-1.3289143219954906,3.1417175764352705,5.1774330909077,0
2478,1900,131422.7,1149251422.7,3783888.129577009,900822.2114747692,5037979.929065072,52.5155906137177,13.3910141385567,74.86356647485,-3.78608011691635,-1.2797977243275385,3.051888480264955,5.0285493099777,0
2479,1900,131422.9,1149251422.9,3783887.4080267227,900821.9433588437,5037980.5252301525,52.5155993221774,13.3910127580453,74.8716894281614,-3.6759583448773023,-1.2320773982216129,2.961256218835502,4.87849596310928,0
2480,1900,131423.1,1149251423.1,3783886.7017258336,900821.6835386968,5037981.108267133,52.5156078393574,13.3910114443878,74.8795919563098,-3.5516895061191573,-1.182799522350944,2.859793064296698,4.7108310762062,0
2481,1900,131423.3,1149251423.3,3783886.0244058953,900821.4360097423,5037981.667194059,52.515616003346,13.3910102079931,74.8872518355642,-3.403453846095628,-1.1277179599624405,2.739418920175887,4.51216820386193,0
2482,1900,131423.5,1149251423.5,3783885.382214583,900821.2022193071,5037982.197147144,52.5156237425077,13.3910090486286,74.8946529469417,-3.2256392512065544,-1.0628313289171463,2.5952362418834833,4.27429645249808,0
2483,1900,131423.7,1149251423.7,3783884.776091382,900820.9823018344,5037982.697388321,52.515631046067,13.3910079650159,74.9017847234593,-3.0183040745915544,-0.9876785382053236,2.4272066838647914,3.99712404957931,0
2484,1900,131423.9,1149251423.9,3783884.208135853,900820.7778108087,5037983.166067665,52.5156378867769,13.3910069722537,74.9086410779727,-2.7830061104969075,-0.9092018930378496,2.237725456253406,3.68499475046183,0
2485,1900,131424.1,1149251424.1,3783883.7311761836,900820.6947583982,5037983.544941863,52.5156434045735,13.3910074092624,74.9152199973741,-2.525306636555329,-0.8270685525924314,2.030882470005004,3.34450289374839,0
2486,1900,131424.3,1149251424.3,3783883.266562859,900820.5261299749,5037983.929456151,52.5156490088945,13.3910065778567,74.9215227855236,-2.25107789377385,-0.7441655585588459,1.811571313839133,2.98377691651158,0
2487,1900,131424.5,1149251424.5,3783882.858143138,900820.3760102614,5037984.268416662,52.5156539437115,13.391005819975,74.9275529576541,-1.9712629811166051,-0.6576439656977565,1.5874500684662476,2.615027924557,0
2488,1900,131424.7,1149251424.7,3783882.50604238,900820.2458872938,5037984.561472583,52.5156582037789,13.3910051565131,74.9333160514441,-1.7007913771440202,-0.5697603527105195,1.3700575383419293,2.25707240168671,0
2489,1900,131424.9,1149251424.9,3783882.2049750495,900820.1339645708,5037984.812895172,52.5156618520878,13.3910045797589,74.9388191471295,-1.4560530625611894,-0.49187168166386175,1.1736384220538691,1.93376715711529,0
2490,1900,131425.1,1149251425.1,3783881.9594745524,900820.0402595664,5037985.0193106225,52.5156648387106,13.3910040744972,74.9440712857497,-1.2526861060213397,-0.42575534978634827,1.0101750466219865,1.66461518763597,0
2491,1900,131425.3,1149251425.3,3783881.7393336454,900819.9562864553,5037985.204775633,52.5156675187692,13.3910036221786,74.9490832925026,-1.0975159713135159,-0.3762828337410475,0.8856246808474847,1.45960993199644,0
2492,1900,131425.5,1149251425.5,3783881.5433307406,900819.8804086073,5037985.370506916,52.5156699100945,13.3910032035178,74.9538668077595,-0.9924403537106778,-0.34220923783793344,0.8011819657311655,1.32058228079429,0
2493,1900,131425.7,1149251425.7,3783881.365491437,900819.8115999091,5037985.521158836,52.5156720812791,13.3910028241923,74.9584336999182,-0.9322474354261339,-0.32460442663983435,0.7531486662501462,1.24164657939655,0
2494,1900,131425.9,1149251425.9,3783881.192190006,900819.7440276413,5037985.66794701,52.5156741978127,13.3910024471038,74.9627953173465,-0.9079089515129739,-0.319790158411043,0.7341360127401113,1.21058667383046,0
2495,1900,131426.1,1149251426.1,3783881.026309933,900819.6779060531,5037985.808695418,52.5156762274386,13.3910020654855,74.9669621626474,-0.9105046755614161,-0.32515608437064736,0.7370255126358964,1.21571043003614,0
2496,1900,131426.3,1149251426.3,3783880.8532741587,900819.6091948841,5037985.955009074,52.5156783414152,13.3910016711703,74.9709440136164,-0.9346723275783836,-0.33981830391441736,0.7576596806074184,1.25025478652721,0
2497,1900,131426.5,1149251426.5,3783880.6756314095,900819.5359974465,5037986.105335549,52.5156805167045,13.3910012282839,74.9747505258946,-0.9783446609785116,-0.36507922907922613,0.79472757919573,1.31226256683049,0
2498,1900,131426.7,1149251426.7,3783880.493673464,900819.4580838374,5037986.259510351,52.5156827507625,13.3910007325364,74.9783914996386,-1.036090583891663,-0.40269023993717035,0.8444884407671867,1.39599564969201,0
2499,1900,131426.9,1149251426.9,3783880.289006113,900819.3680029336,5037986.432591399,52.5156852658432,13.3910001399055,74.9818762043636,-1.0912321659111068,-0.4482630461206221,0.8937204190057281,1.48002148152794,0
2500,1900,131427.1,1149251427.1,3783880.082719731,900819.27045634,5037986.608019574,52.5156878173204,13.3909994458152,74.9852127666082,-1.1212003291401642,-0.49164810450100205,0.9237833958781793,1.53368308304671,0
2501,1900,131427.3,1149251427.3,3783879.863735917,900819.1628432723,5037986.7945302185,52.5156905341115,13.3909986507903,74.9884079091021,-1.1101046719555847,-0.520903983620944,0.9207015673325537,1.5334160293079,0
2502,1900,131427.5,1149251427.5,3783879.6527120904,900819.052623139,5037986.975394571,52.5156931691115,13.3909977912509,74.9914674966723,-1.0539160792518956,-0.529949610196948,0.8803890130994657,1.47196144848968,0
2503,1900,131427.7,1149251427.7,3783879.4570118105,900818.9428856377,5037987.144578032,52.5156956331351,13.3909968863514,74.9943976219729,-0.9586870401995913,-0.516550550309189,0.8069643022078227,1.35539540249668,0
2504,1900,131427.9,1149251427.9,3783879.2929986906,900818.8414427463,5037987.288492481,52.5156977254566,13.3909959922125,74.9972040679738,-0.8381666152358189,-0.4796107715459804,0.7104901565390108,1.19889366902058,0
2505,1900,131428.1,1149251428.1,3783879.1509337337,900818.7484458635,5037987.414384297,52.515699553014,13.3909951442282,74.9998928404288,-0.7050051028941289,-0.42678703420640507,0.6017641303742269,1.02044080488704,0
2506,1900,131428.3,1149251428.3,3783879.0327542424,900818.6678096233,5037987.520119843,52.515701084235,13.3909943918858,75.0024694424885,-0.5744264789370428,-0.36369934747667476,0.493142104537609,0.83990007163159,0
2507,1900,131428.5,1149251428.5,3783878.943037837,900818.6010301592,5037987.602025935,52.5157022648061,13.3909937410083,75.0049399345756,-0.4595199422493187,-0.3017834552822394,0.39642024651764557,0.677776396059951,0
2508,1900,131428.7,1149251428.7,3783878.866034412,900818.5447284771,5037987.672461023,52.5157032771514,13.3909931969063,75.0073107204041,-0.36916831222244484,-0.24936213481828684,0.3197036958141725,0.548340378002152,0
2509,1900,131428.9,1149251428.9,3783878.806480241,900818.4980638196,5037987.728049592,52.515704071344,13.3909927313741,75.009588639969,-0.3062178923186496,-0.21182500110111252,0.266073149867017,0.457639759797724,0
2510,1900,131429.1,1149251429.1,3783878.752232464,900818.4563475387,5037987.77869273,52.5157047935087,13.390992318649,75.011781045962,-0.26900322106419866,-0.19012123699432643,0.23445468310583226,0.404323900022523,0
2511,1900,131429.3,1149251429.3,3783878.705847885,900818.419081083,5037987.822580483,52.5157054168341,13.3909919428643,75.0138950639455,-0.25278087594472254,-0.18230883910662482,0.22096458747651385,0.382047160673198,0
2512,1900,131429.5,1149251429.5,3783878.6618025647,900818.3825001623,5037987.864510194,52.5157060120919,13.3909915689229,75.0159367909432,-0.25280492727400106,-0.18607171255714225,0.22165084265619486,0.384268278053448,0
2513,1900,131429.7,1149251429.7,3783878.616584377,900818.3433554224,5037987.907685794,52.5157066265334,13.3909911622434,75.017911486366,-0.26484941186688266,-0.19902307859823704,0.2329367916340601,0.404987587066225,0
2514,1900,131429.9,1149251429.9,3783878.5760081606,900818.303548496,5037987.947437421,52.5157071911423,13.3909907302388,75.0198239101315,-0.28422361607127106,-0.21843692285441602,0.25083880460854113,0.43751326733732,0
2515,1900,131430.1,1149251430.1,3783878.5288919415,900818.2587333457,5037987.992883979,52.5157078405343,13.3909902487779,75.0216778621618,-0.30567903029050175,-0.24067680796657526,0.27079541278206304,0.474020201084436,0
2516,1900,131430.3,1149251430.3,3783878.4761537397,900818.2086727695,5037988.043386629,52.5157085652392,13.3909897113298,75.02347645025,-0.32478700418896517,-0.2625029142403261,0.288927240523734,0.507812296416074,0
2517,1900,131430.5,1149251430.5,3783878.4138944685,900818.1528331164,5037988.101952443,52.5157094096312,13.390989123549,75.0252223835033,-0.34124730862343916,-0.28338759558881416,0.3049165896741126,0.538267945947779,0
2518,1900,131430.7,1149251430.7,3783878.353108164,900818.0932140078,5037988.1600268455,52.5157102473595,13.3909884765839,75.0269177081306,-0.3597754960289204,-0.3073480116767705,0.3229949394323009,0.572910934372347,0
2519,1900,131430.9,1149251430.9,3783878.2846486326,900818.0272454629,5037988.224892413,52.5157111859421,13.390987764809,75.0285645561342,-0.38819626199014223,-0.3417900580549856,0.35031518240172266,0.624689929988872,0
2520,1900,131431.1,1149251431.1,3783878.205708588,900817.951435751,5037988.299266867,52.5157122654822,13.3909869477651,75.0301654774862,-0.4349688313000106,-0.3953779251936559,0.39472707867989626,0.708047353343053,0
2521,1900,131431.3,1149251431.3,3783878.1330287275,900817.8670855117,5037988.370433287,52.5157132981559,13.3909859869796,75.0317231186211,-0.5036939703307561,-0.4761362709008867,0.46034219270902943,0.832062677088163,0
2522,1900,131431.5,1149251431.5,3783878.0259231287,900817.758424603,5037988.471549379,52.5157147735767,13.3909847952671,75.0332401954325,-0.590657333244593,-0.5871643044051379,0.5449399001513417,0.995287647095119,0
2523,1900,131431.7,1149251431.7,3783877.9027044945,900817.623867912,5037988.589238281,52.5157164941724,13.3909832874395,75.0347196024651,-0.6895865183952572,-0.7293344060385971,0.6439956670672172,1.19255551710833,0
2524,1900,131431.9,1149251431.9,3783877.760474172,900817.4569240931,5037988.7268193215,52.5157185089238,13.390981380365,75.0361644351152,-0.7940371198421844,-0.9069277734448018,0.7534620652635344,1.42151961566628,0
2525,1900,131432.1,1149251432.1,3783877.5991896563,900817.2502288115,5037988.885636932,52.5157208376401,13.3909789686582,75.0375784769152,-0.8962726982010844,-1.1244305504137666,0.8683641546324676,1.67979317694025,0
2526,1900,131432.3,1149251432.3,3783877.4229571177,900816.9956998348,5037989.064068339,52.5157234563098,13.3909759224931,75.0389658020803,-0.984365732066873,-1.3839327245268997,0.9801746980647458,1.96086412563704,0
2527,1900,131432.5,1149251432.5,3783877.23383769,900816.685317209,5037989.262004325,52.5157263632822,13.3909721199127,75.0403296466477,-1.0454581218774905,-1.6818320758452885,1.0786612267804592,2.25500595522522,0
2528,1900,131432.7,1149251432.7,3783877.037123052,900816.3123875397,5037989.476687917,52.5157295178256,13.3909674469485,75.0416716375974,-1.0718944060929692,-2.0090547369109357,1.1565008487289108,2.55396804342348,0
2529,1900,131432.9,1149251432.9,3783876.835372199,900815.868866529,5037989.707639506,52.5157329128502,13.3909617795961,75.0429924087145,-1.047170018453973,-2.363429435053427,1.2009948317438803,2.85039511785671,0
2530,1900,131433.1,1149251433.1,3783876.652445611,900815.3558977246,5037989.936854905,52.5157362824867,13.3909550528426,75.0442918225932,-0.9665279189869844,-2.7273123715169723,1.2054605558757219,3.13457240174526,0
2531,1900,131433.3,1149251433.3,3783876.482753331,900814.7676947475,5037990.169531698,52.5157397034928,13.3909472028394,75.0455695302542,-0.8181256347781766,-3.0836637763427586,1.158036651022931,3.39401837427585,0
2532,1900,131433.5,1149251433.5,3783876.359361524,900814.1141448284,5037990.37924472,52.5157427856471,13.3909382584651,75.0468252256278,-0.6075169329898472,-3.4033872723486756,1.057698740920954,3.61536282771178,0
2533,1900,131433.8,1149251433.8,3783876.2580689862,900813.0282366475,5037990.650000466,52.5157467623505,13.3909230430351,75.0486680271254,-0.21129028273318706,-3.7782179632773056,0.828669330664017,3.87379238230341,0
2534,1900,131434.1,1149251434.1,3783876.2897803304,900811.8525199336,5037990.837422477,52.5157495089877,13.3909060869137,75.0504649627844,0.1906385632635833,-4.04608089448527,0.5763874581913253,4.09137338414403,0
2535,1900,131434.3,1149251434.3,3783876.370282722,900811.0283588652,5037990.925222991,52.5157507917729,13.3908940021102,75.0516409689824,0.4279871600716876,-4.198571457849916,0.4263984284219378,4.24181457817511,0
2536,1900,131434.5,1149251434.5,3783876.5000646506,900810.1757853744,5037990.981288207,52.5157516060741,13.3908813420426,75.0528035983494,0.6492737741060852,-4.349364564437136,0.288090730500389,4.40698591070174,0
2537,1900,131434.7,1149251434.7,3783876.6723648077,900809.2933609689,5037991.010921707,52.5157520301739,13.3908681091637,75.0539559523274,0.8489750792093844,-4.505650653645198,0.166862047672178,4.58797225806405,0
2538,1900,131434.9,1149251434.9,3783876.878212519,900808.3791615381,5037991.021161238,52.515752167967,13.3908543065045,75.0551008389017,1.0304486130913797,-4.669113881294015,0.06050662577560013,4.78185213410841,0
2539,1900,131435.1,1149251435.1,3783877.124047286,900807.4335757212,5037991.007137291,52.5157519475104,13.3908399176664,75.056241172028,1.1775484264515033,-4.839828855225617,-0.01891675870875014,4.98105626230752,0
2540,1900,131435.3,1149251435.3,3783877.3901177715,900806.4531893576,5037990.984194532,52.5157515953735,13.3908249611057,75.057379338547,1.2907591431555683,-5.0124844681156295,-0.07271294295276363,5.17651879942621,0
2541,1900,131435.5,1149251435.5,3783877.6880053645,900805.4424449793,5037990.942906205,52.5157509723267,13.3908094609745,75.0585173063685,1.3949761247221875,-5.170560220550067,-0.1223890166205623,5.35683026184973,0
2542,1900,131435.7,1149251435.7,3783878.0049471036,900804.4020195828,5037990.892676262,52.5157502172164,13.3907934705145,75.0596570738275,1.4984630141538071,-5.29492111564202,-0.17750846393370714,5.50573249263227,0
2543,1900,131435.9,1149251435.9,3783878.3379015806,900803.3411550117,5037990.834133417,52.5157493393165,13.3907771325365,75.060799530108,1.5943319064145998,-5.37637285360709,-0.2345655521265243,5.61269100227861,0
2544,1900,131436.1,1149251436.1,3783878.686722004,900802.2676412549,5037990.766004888,52.5157483198199,13.3907605591715,75.0619456770099,1.6817516154737968,-5.414210253770574,-0.29306539133796944,5.6769576792313,0
2545,1900,131436.3,1149251436.3,3783879.0499405703,900801.1898194025,5037990.687904808,52.5157471530236,13.3907438749543,75.0630959264685,1.7449997624278444,-5.424004064143077,-0.33851296337836023,5.70783980898983,0
2546,1900,131436.5,1149251436.5,3783879.43934713,900800.1165104454,5037990.589471049,52.515745685906,13.3907271660692,75.0642504711071,1.7833215346861655,-5.422251172842302,-0.36741519769219616,5.71979347572623,0
2547,1900,131436.7,1149251436.7,3783879.8230363526,900799.040211836,5037990.4958387,52.5157442896422,13.3907104338479,75.0654092416293,1.7901303779387823,-5.429487076502224,-0.3712110412248271,5.72902210861951,0
2548,1900,131436.9,1149251436.9,3783880.2078152895,900797.9611136686,5037990.4018953685,52.5157428887393,13.3906936577927,75.0665720047501,1.7733715731310276,-5.4586205953031905,-0.3535353433526203,5.75033675351773,0
2549,1900,131437.1,1149251437.1,3783880.581281163,900796.8714953149,5037990.318264546,52.5157416400828,13.3906767695784,75.0677382044234,1.763247243856596,-5.509119156997418,-0.33701474123841246,5.79422243832387,0
2550,1900,131437.3,1149251437.3,3783880.9626085744,900795.7716677953,5037990.230584555,52.5157403316042,13.3906597082494,75.0689067409409,1.7587190584500865,-5.583436144629751,-0.3204388893794953,5.8626387394705,0
2551,1900,131437.5,1149251437.5,3783881.346346808,900794.6566077917,5037990.14381235,52.5157390365191,13.3906424204165,75.0700762981448,1.7652619854719418,-5.675039111558066,-0.3090525485008443,5.95127988526846,0
2552,1900,131437.7,1149251437.7,3783881.729500227,900793.5200957125,5037990.061285056,52.5157378041293,13.3906248271726,75.0712450071725,1.7829780629051906,-5.776114683110132,-0.3043195446913524,6.05269543183223,0
2553,1900,131437.9,1149251437.9,3783882.118889245,900792.363988812,5037989.977582049,52.5157365544102,13.3906069318649,75.072410931115,1.8057394172491543,-5.880774911381282,-0.30271395589383343,6.15920807737746,0
2554,1900,131438.1,1149251438.1,3783882.5105982833,900791.1869949006,5037989.8958508745,52.5157353338712,13.390588729334,75.0735715938563,1.8311830336358346,-5.9841936516163745,-0.3033300154871413,6.26544603847299,0
2555,1900,131438.3,1149251438.3,3783882.9035774395,900789.9888886735,5037989.816911811,52.5157341546533,13.3905702199329,75.0747246188513,1.8556013874692954,-6.08086116582611,-0.3043802985935168,6.36496475979262,0
2556,1900,131438.5,1149251438.5,3783883.3098120275,900788.7740455662,5037989.731043096,52.5157328732225,13.3905514254749,75.0758675394656,1.8768422145878596,-6.160887601685646,-0.3060155819240819,6.44769092586201,0
2557,1900,131438.7,1149251438.7,3783883.71693147,900787.544657966,5037989.647081562,52.5157316200994,13.3905324195776,75.0769981724466,1.8902911791837382,-6.214205796808586,-0.30658130521699456,6.50257998981157,0
2558,1900,131438.9,1149251438.9,3783884.1252988228,900786.3085134326,5037989.5633702325,52.5157303708433,13.3905133125978,75.0781141115616,1.8944225300580562,-6.233101483047972,-0.30630923135411703,6.52182613733141,0
2559,1900,131439.1,1149251439.1,3783884.5406604926,900785.0755104918,5037989.47386148,52.5157290361717,13.3904942267778,75.0792133275423,1.8900249341491622,-6.217441297246677,-0.3058113878599332,6.50555848035807,0
2560,1900,131439.3,1149251439.3,3783884.910748305,900783.8910167203,5037989.4094900265,52.5157280729235,13.3904759905383,75.0802940566642,1.8783035072242564,-6.179707938819464,-0.3037697942910961,6.46599492439353,0
2561,1900,131439.5,1149251439.5,3783885.1731435237,900783.0600858385,5037989.362642866,52.5157273686965,13.3904631882161,75.0813545620601,1.859225679151241,-6.119751466829228,-0.30018637542018545,6.402982898756,0
2562,1900,131439.7,1149251439.7,3783885.569377333,900781.851649012,5037989.282964119,52.5157261798963,13.390444519682,75.0823931915921,1.8355098792256714,-6.046384321497177,-0.29552505986409927,6.32575647183715,0
2563,1900,131439.9,1149251439.9,3783885.9634866235,900780.6590888065,5037989.202019577,52.5157249726899,13.3904260859076,75.0834074153439,1.8089037929252334,-5.965956033465987,-0.28996147291788316,6.24090073475658,0
2564,1900,131440.1,1149251440.1,3783886.3400856312,900779.4801161144,5037989.131693214,52.5157239225795,13.3904079065762,75.0843964185505,1.7790307233102036,-5.879728777543884,-0.28299041131141334,6.14949139237169,0
2565,1900,131440.3,1149251440.3,3783886.7145806183,900778.3200422698,5037989.059547615,52.5157228459034,13.3903900052428,75.0853598860787,1.7471485296324656,-5.786074889403395,-0.2758393618428705,6.05039486016601,0
2566,1900,131440.5,1149251440.5,3783887.092020515,900777.1820812996,5037988.981245653,52.5157216786109,13.3903724107407,75.0862981238821,1.7158521887762612,-5.681417827575184,-0.2710794767713122,5.94105557522769,0
2567,1900,131440.7,1149251440.7,3783887.4635901474,900776.069621496,5037988.902762685,52.5157205089355,13.3903552016955,75.0872116136592,1.6817200480099697,-5.566436650717251,-0.2660374420639545,5.82101152952877,0
2568,1900,131440.9,1149251440.9,3783887.8258397975,900774.9769757804,5037988.827683562,52.5157193898044,13.3903383083797,75.0881012838161,1.6493154045986556,-5.443306172156283,-0.2637314278375432,5.69380168724819,0
2569,1900,131441.1,1149251441.1,3783888.178506805,900773.9093211871,5037988.755286752,52.5157183105446,13.3903218058759,75.0889686708428,1.6166040850432593,-5.316908670918517,-0.26177675409202394,5.5634030639214,0
2570,1900,131441.3,1149251441.3,3783888.5200976827,900772.8658479725,5037988.686832446,52.5157172897455,13.3903056876752,75.0898154850518,1.5839241574098597,-5.188856401377643,-0.26013929940026015,5.43145642950735,0
2571,1900,131441.5,1149251441.5,3783888.8594253007,900771.8487383928,5037988.615360744,52.5157162246065,13.3902899549857,75.0906436596929,1.553346743927868,-5.059157940875983,-0.26036268951514235,5.29865585858257,0
2572,1900,131441.7,1149251441.7,3783889.184678993,900770.855036652,5037988.550210284,52.5157152530104,13.3902746057408,75.0914550991375,1.5221075443402052,-4.93153832847578,-0.25972307402021166,5.16762399337854,0
2573,1900,131441.9,1149251441.9,3783889.500928847,900769.8860647171,5037988.487366018,52.5157143156457,13.3902596415885,75.0922515680974,1.4923428596127266,-4.810632493493975,-0.25899107298116325,5.04344610102865,0
2574,1900,131442.1,1149251442.1,3783889.818140685,900768.9418157256,5037988.419396168,52.5157133027482,13.390245028434,75.0930345962277,1.4666166144870547,-4.701333461857268,-0.2592105016990467,4.9316012306004,0
2575,1900,131442.3,1149251442.3,3783890.131851314,900768.0188301484,5037988.350246917,52.515712272573,13.3902307319277,75.0938057897372,1.4410206627137296,-4.608337976585866,-0.2566315892615039,4.83520208775376,0
2576,1900,131442.5,1149251442.5,3783890.425283005,900767.1079935605,5037988.294055447,52.5157114338718,13.390216678694,75.094566373521,1.4162679083045284,-4.535171632612966,-0.2511600671431998,4.75780179333671,0
2577,1900,131442.7,1149251442.7,3783890.7230897485,900766.212031433,5037988.2319462225,52.515710507893,13.3902028236867,75.0953175001731,1.4013988725135649,-4.488447045704467,-0.24836619085933104,4.70868999263462,0
2578,1900,131442.9,1149251442.9,3783891.02008826,900765.3209067087,5037988.169570113,52.5157095780714,13.3901890407569,75.0960602355953,1.3890306953455824,-4.482585394855489,-0.24018087701150873,4.69900680447113,0
2579,1900,131443.1,1149251443.1,3783891.313435399,900764.4268946603,5037988.110420991,52.5157086959935,13.3901752289083,75.0967952720404,1.387819574131787,-4.517942062295612,-0.23299894241573343,4.7320325607259,0
2580,1900,131443.3,1149251443.3,3783891.6034779917,900763.5213756535,5037988.0557713965,52.5157078804468,13.3901612634387,75.0975229755287,1.3961934000327865,-4.586385428484107,-0.2270917107143063,4.79956851747963,0
2581,1900,131443.5,1149251443.5,3783891.898770993,900762.6002739172,5037987.999963145,52.5157070478727,13.3901470567591,75.0982436237674,1.412059800993857,-4.6742932422154135,-0.22331748012625838,4.88802627782763,0
2582,1900,131443.7,1149251443.7,3783892.191329473,900761.6590628882,5037987.949756879,52.5157062981101,13.3901325712428,75.098956929984,1.4317670587641051,-4.769671469852941,-0.22108202672370855,4.98483701874308,0
2583,1900,131443.9,1149251443.9,3783892.496740261,900760.7002130405,5037987.893084618,52.5157054529562,13.3901177891207,75.0996622904538,1.4630611869907237,-4.8640508126849324,-0.22766834887939838,5.08442437472927,0
2584,1900,131444.1,1149251444.1,3783892.8067248487,900759.7220057527,5037987.836426159,52.5157046081136,13.3901027140053,75.1003584804297,1.4998029738804577,-4.959385977532118,-0.23814917500743976,5.18667844233278,0
2585,1900,131444.3,1149251444.3,3783893.122547897,900758.7241177633,5037987.778893765,52.5157037504882,13.3900873369502,75.10104419773,1.5396035114466515,-5.058539986412683,-0.25023381472919026,5.29356427453458,0
2586,1900,131444.5,1149251444.5,3783893.452349978,900757.7084400282,5037987.7140764175,52.5157027854256,13.3900716572832,75.1017178942196,1.5835426754855386,-5.16189183931842,-0.2646605995720734,5.40580983746856,0
2587,1900,131444.7,1149251444.7,3783893.786400556,900756.670601572,5037987.650008248,52.5157018315814,13.3900556455618,75.1023783512407,1.6280900717528706,-5.266648485852762,-0.27929173875670144,5.51962566036984,0
2588,1900,131444.9,1149251444.9,3783894.1381450575,900755.6133026704,5037987.576177781,52.5157007337404,13.3900392946152,75.1030247641457,1.6681980394471354,-5.367221830342066,-0.29135387927113865,5.62804068552121,0
2589,1900,131445.1,1149251445.1,3783894.590973652,900754.8915475685,5037987.367323935,52.515697642162,13.3900274071787,75.103656295859,1.7021485670862986,-5.4692846898523255,-0.29855749072626736,5.73581043431142,0
2590,1900,131445.3,1149251445.3,3783894.9488223256,900753.792374499,5037987.296337624,52.5156965866754,13.3900104353561,75.1042724817554,1.7353057574497865,-5.575795621133652,-0.30437968887923395,5.84751484611145,0
2591,1900,131445.5,1149251445.5,3783895.306647371,900752.670897562,5037987.229309926,52.5156955898305,13.3899931440012,75.1048729454185,1.7579626776133552,-5.673968497927419,-0.3038490886875513,5.94782948310142,0
2592,1900,131445.7,1149251445.7,3783895.671429342,900751.5311360423,5037987.160318755,52.5156945641792,13.3899755668979,75.1054573225222,1.7662088058067962,-5.769242398399963,-0.2930823030320509,6.04065796362911,0
2593,1900,131445.9,1149251445.9,3783896.0436737114,900750.3747173491,5037987.088697694,52.515693499883,13.3899577256427,75.1060253967665,1.7626898116868126,-5.8602089226199325,-0.27430323920535715,6.12571353035851,0
2594,1900,131446.1,1149251446.1,3783896.414621042,900749.2009309334,5037987.021106686,52.5156924953012,13.3899396399339,75.1065762348561,1.7363847355951778,-5.945592398957282,-0.2395163083715095,6.19858604735971,0
2595,1900,131446.3,1149251446.3,3783896.778535714,900748.0104496585,5037986.961704681,52.515691611855,13.389921338979,75.1071093842654,1.7018157075312776,-6.014347361082645,-0.20151727786683696,6.2537316935923,0
2596,1900,131446.5,1149251446.5,3783897.1278636483,900746.8064463407,5037986.915562148,52.5156909244369,13.3899028940128,75.107623469351,1.6579613591172069,-6.062301772338937,-0.16028507081584756,6.28697303566319,0
2597,1900,131446.7,1149251446.7,3783897.469608435,900745.594855872,5037986.876398347,52.5156903403144,13.3898843661912,75.1081171130286,1.6196043630950752,-6.08228482542476,-0.12812170330381595,6.29553192045012,0
2598,1900,131446.9,1149251446.9,3783897.8045493164,900744.3831018233,5037986.8423113655,52.5156898314219,13.3898658592355,75.108588583877,1.602661812043192,-6.068050557242192,-0.11801126663556048,6.27723578560514,0
2599,1900,131447.1,1149251447.1,3783898.144441888,900743.1790175557,5037986.803137101,52.51568924769,13.3898474452968,75.1090357067275,1.5926799713619186,-6.022588730725021,-0.11863962927494354,6.23075275326087,0
2600,1900,131447.3,1149251447.3,3783898.4879815304,900741.9879463365,5037986.758897128,52.5156885894634,13.3898292053944,75.1094562566431,1.5801555596365253,-5.951481186031757,-0.12192558589586983,6.1588867296644,0
2601,1900,131447.5,1149251447.5,3783898.8350731693,900740.8145736655,5037986.708827156,52.5156878454847,13.3898112069958,75.109847756719,1.5645814907047406,-5.862950062540186,-0.1260306095600118,6.06943015376583,0
2602,1900,131447.7,1149251447.7,3783899.1675683935,900739.6580874848,5037986.666608035,52.5156872178083,13.3897935003719,75.1102078919744,1.546189410647338,-5.768027774776566,-0.1291682254138572,5.97306709611138,0
2603,1900,131447.9,1149251447.9,3783899.4907730985,900738.518059016,5037986.628353776,52.5156866490837,13.3897760612788,75.1105337161461,1.530362490100505,-5.679650085484833,-0.13305722918662852,5.88371809920337,0
2604,1900,131448.1,1149251448.1,3783899.8134469576,900737.3943050186,5037986.587558646,52.5156860432692,13.3897588572098,75.1108227139665,1.520089673768007,-5.614168763146807,-0.1370235716365758,5.81793253454984,0
2605,1900,131448.3,1149251448.3,3783900.1369213634,900736.2800095151,5037986.54443643,52.5156854035535,13.3897417859505,75.1110721799507,1.518558697136394,-5.586369892327349,-0.14081958335705175,5.79080126110428,0
2606,1900,131448.5,1149251448.5,3783900.4608605783,900735.1676219517,5037986.500574826,52.5156847534168,13.3897247404469,75.1112791772742,1.5300027985720261,-5.603976259337385,-0.14623198597014941,5.81092439054029,0
2607,1900,131448.7,1149251448.7,3783900.7914271094,900734.04728718,5037986.4531233935,52.5156840507952,13.3897075584536,75.1114412334564,1.5513913580098213,-5.665401589673955,-0.15128155161290083,5.87592345302814,0
2608,1900,131448.9,1149251448.9,3783901.1178302853,900732.9088991892,5037986.411923637,52.5156834410529,13.3896901319604,75.1115555107929,1.5840898885387638,-5.756772970082005,-0.1594507655807251,5.97287203535132,0
2609,1900,131449.1,1149251449.1,3783901.4656139477,900731.7558651904,5037986.357310242,52.5156826338201,13.3896724226585,75.1116193787976,1.6265013376490602,-5.8573502183496196,-0.17323145463872822,6.08145273093944,0
2610,1900,131449.3,1149251449.3,3783901.8218939956,900730.582791783,5037986.299849503,52.5156817851648,13.3896543972104,75.1116299375928,1.6754863663187574,-5.945525861814207,-0.19411882985381634,6.18014679901096,0
2611,1900,131449.5,1149251449.5,3783902.170925263,900729.3899473612,5037986.251236578,52.5156810678264,13.3896361131713,75.1115841844335,1.717911602216044,-6.006217783930907,-0.21499321802913307,6.25076750686145,0
2612,1900,131449.7,1149251449.7,3783902.5310637346,900728.1895725296,5037986.195599781,52.5156802474573,13.3896176833339,75.1114793893876,1.7523430092800396,-6.027171800902641,-0.23696096029419259,6.28121456698242,0
2613,1900,131449.9,1149251449.9,3783902.8939131843,900726.9885264925,5037986.137981251,52.5156793985499,13.3895992346313,75.1113126154455,1.7743321784943777,-6.003917821133304,-0.25749714024733117,6.2659068505523,0
2614,1900,131450.1,1149251450.1,3783903.2631723257,900725.7979221732,5037986.073644368,52.5156784511919,13.3895809136948,75.1110809578948,1.7828861411617658,-5.939169426805521,-0.2753790062640304,6.2071128610441,0
2615,1900,131450.3,1149251450.3,3783903.6240421226,900724.6219576704,5037986.0128807025,52.5156775573946,13.3895628311646,75.1107815025296,1.7770865025090705,-5.842927928258867,-0.2881452199094603,6.11398976773629,0
2616,1900,131450.5,1149251450.5,3783903.9953930047,900723.4713948991,5037985.939697042,52.5156764810191,13.3895450768894,75.1104112410571,1.7526028728371303,-5.726626396539553,-0.29053468456625586,5.99585499477402,0
2617,1900,131450.7,1149251450.7,3783904.356218295,900722.3437668831,5037985.870199683,52.5156754599448,13.3895276871739,75.1099671623451,1.7190358596698183,-5.597855776633823,-0.28836181090666146,5.86295370242788,0
2618,1900,131450.9,1149251450.9,3783904.7065128777,900721.2416671163,5037985.803928789,52.51567448741,13.3895106992002,75.1094468064928,1.6760306117022812,-5.467057491779588,-0.27950756861224935,5.72502582620358,0
2619,1900,131451.1,1149251451.1,3783905.052421234,900720.1667168265,5037985.736008949,52.5156734914508,13.3894941152409,75.108847442984,1.6340757158457033,-5.3398705753550315,-0.2707955064789937,5.59086320821645,0
2620,1900,131451.3,1149251451.3,3783905.3824670617,900719.1130722162,5037985.676036357,52.515672613808,13.3894778907013,75.1081663149512,1.5942831096219996,-5.222892520805567,-0.2618835484581241,5.46707672439904,0
2621,1900,131451.5,1149251451.5,3783905.70356567,900718.0818872893,5037985.61864415,52.5156717752543,13.3894620185293,75.1074011970573,1.5555192656086367,-5.1198757637282775,-0.2512596499974296,5.35685536797557,0
2622,1900,131451.7,1149251451.7,3783906.0216580667,900717.0705085912,5037985.559868182,52.5156709172795,13.3894464404355,75.1065496255336,1.5181039371573846,-5.028806770544895,-0.23951995710321278,5.25841296489175,0
2623,1900,131451.9,1149251451.9,3783906.3327139704,900716.0772670801,5037985.503008638,52.5156700886459,13.3894311462502,75.1056092096682,1.4795253208473773,-4.945805591484539,-0.22547958729830647,5.16728450620599,0
2624,1900,131452.1,1149251452.1,3783906.6327084797,900715.098836784,5037985.451656216,52.5156693424033,13.3894161020415,75.1045777803297,1.4380380508775295,-4.86614593016378,-0.20867575557858334,5.07847174063098,0
2625,1900,131452.3,1149251452.3,3783906.923811597,900714.1363171984,5037985.403993603,52.5156686517444,13.389401316163,75.1034528464224,1.3858168392382377,-4.786196205333481,-0.18391535187186261,4.98617962818419,0
2626,1900,131452.5,1149251452.5,3783907.1938300696,900713.1870271077,5037985.369590997,52.5156681580189,13.389386791785,75.1022322551488,1.3241927018061308,-4.698798995825966,-0.1534624441365792,4.88423474420017,0
2627,1900,131452.7,1149251452.7,3783907.4633667693,900712.2608772123,5037985.331315146,52.515667608241,13.3893726006496,75.1009140036821,1.2556968350315747,-4.59802141304743,-0.12025902393473975,4.76791754219688,0
2628,1900,131452.9,1149251452.9,3783907.720897423,900711.3565514412,5037985.297994254,52.5156671328077,13.3893587632077,75.0994955677736,1.1874509063593344,-4.481177956245575,-0.09009509628008579,4.63671356209639,0
2629,1900,131453.1,1149251453.1,3783907.9734610217,900710.4780149091,5037985.263670085,52.5156666437577,13.3893453122688,75.0979748234567,1.1173948675946077,-4.352798826243296,-0.06062925383735586,4.49434142208763,0
2630,1900,131453.4,1149251453.4,3783908.3140032883,900709.2074618666,5037985.232119586,52.5156662068887,13.3893259436331,75.0954964274574,1.0160627446085788,-4.146512408981397,-0.021665555535553393,4.26924092258974,0
2631,1900,131453.6,1149251453.6,3783908.516616778,900708.3934429373,5037985.223266805,52.515666097102,13.389313587615,75.0937091264826,0.9504594858479863,-4.003207889950177,0.0018279409991089652,4.11449267659648,0
2632,1900,131453.8,1149251453.8,3783908.7105523045,900707.6091464781,5037985.215469663,52.5156660042067,13.389301687121,75.0918106635796,0.8937624104512911,-3.8562097129481163,0.018021130278164942,3.95847058315552,0
2633,1900,131454.0,1149251454.0,3783908.8813294778,900706.8506856624,5037985.2202179115,52.5156660979069,13.3892902358463,75.0897981970874,0.8402372181532182,-3.711043138099583,0.03217328281896151,3.8051116771697,0
2634,1900,131454.2,1149251454.2,3783909.0483785267,900706.1229876155,5037985.22213724,52.5156661512,13.3892792381189,75.087668991167,0.7943763010811795,-3.57212997104399,0.04171810672778459,3.65962930338294,0
2635,1900,131454.5,1149251454.5,3783909.2842834815,900705.0803379735,5037985.22699226,52.5156662629585,13.3892634922634,75.084250010283,0.7388880646842612,-3.3857945848069098,0.05002367142113865,3.46584230892623,0
2636,1900,131454.7,1149251454.7,3783909.430544403,900704.412643026,5037985.233380871,52.5156663858179,13.3892534252898,75.0818163378635,0.7184991094975519,-3.2823661974439258,0.04686692677031623,3.36041148273484,0
2637,1900,131454.9,1149251454.9,3783909.582467791,900703.7665063699,5037985.231556777,52.515666388884,13.3892436479316,75.079255943647,0.7100096533040836,-3.1971238172332073,0.038062200562000596,3.27523482236258,0
2638,1900,131455.1,1149251455.1,3783909.72920515,900703.135088868,5037985.230824964,52.5156664095933,13.3892340991887,75.0765664035877,0.7075540505332911,-3.125935017636247,0.02725167503042168,3.20512794170569,0
2639,1900,131455.3,1149251455.3,3783909.8588899127,900702.5123560395,5037985.241107195,52.515666594489,13.3892247330643,75.0737454117893,0.7030557859769779,-3.060006805720857,0.018899302730857267,3.13979080081737,0
2640,1900,131455.5,1149251455.5,3783909.996991527,900701.9053215368,5037985.242153839,52.5156666445667,13.3892155631867,75.0707908389041,0.69769595341484,-2.989180820685579,0.010319953475934429,3.0695420055125,0
2641,1900,131455.7,1149251455.7,3783910.1335001057,900701.3139680485,5037985.241433302,52.515666670137,13.389206623452,75.0677006764134,0.686019695883209,-2.9079174413664575,0.0045994607625246455,2.9877463118515,0
2642,1900,131455.9,1149251455.9,3783910.2760889814,900700.7429302467,5037985.232395896,52.515666574498,13.3891979541011,75.0644733661563,0.6686469568036812,-2.812435239834452,0.0006037965854890742,2.89082706083844,0
2643,1900,131456.1,1149251456.1,3783910.41518659,900700.1921261372,5037985.22219525,52.515666463305,13.389189586608,75.0611074862299,0.645022711421432,-2.7029459973328236,-0.0012153493011132306,2.77884379550577,0
2644,1900,131456.3,1149251456.3,3783910.54510556,900699.6638866254,5037985.214659155,52.515666393096,13.3891815737744,75.0576019780741,0.6194026217772322,-2.582890493235188,-0.003421869919468309,2.6561239837596,0
2645,1900,131456.5,1149251456.5,3783910.673565843,900699.1608051714,5037985.203566287,52.515666272012,13.3891739264316,75.053955797215,0.5947121521665255,-2.4621613146856376,-0.006441527583514355,2.53297500515632,0
2646,1900,131456.7,1149251456.7,3783910.793129042,900698.6793641779,5037985.195089887,52.515666191222,13.389166619545,75.0501682766006,0.5729433849647887,-2.3554980842206805,-0.009142982814670103,2.42419449328575,0
2647,1900,131456.9,1149251456.9,3783910.9040789152,900698.2150445502,5037985.189819999,52.5156661594466,13.389159587388,75.0462387901694,0.5570220341265067,-2.27607846181234,-0.011368817556765236,2.34327462343642,0
2648,1900,131457.1,1149251457.1,3783911.018831832,900697.7664336333,5037985.178743806,52.5156660435966,13.3891527673647,75.0421669612567,0.5492551324814027,-2.2295157288770233,-0.01384336856827746,2.29621715539287,0
2649,1900,131457.3,1149251457.3,3783911.1283217007,900697.3224734255,5037985.170589049,52.5156659725534,13.3891460319385,75.0379530014426,0.5502576394792957,-2.2159745537992843,-0.016996196301595483,2.28333430832631,0
2650,1900,131457.5,1149251457.5,3783911.2416147734,900696.8782771528,5037985.159460196,52.515665859252,13.3891392801567,75.0335973146566,0.5605881470769687,-2.232402352869786,-0.021786140931421713,2.30181536437622,0
2651,1900,131457.7,1149251457.7,3783911.3467577333,900696.4258006414,5037985.155704791,52.5156658564843,13.3891324375192,75.0291009146812,0.5780674332395099,-2.278738739825639,-0.026598131754519055,2.35106777068784,0
2652,1900,131457.9,1149251457.9,3783911.4693955844,900695.963414742,5037985.140481145,52.5156656859991,13.3891253932047,75.0244649240452,0.605854123998494,-2.3600660218339264,-0.03288613188170878,2.43681192229748,0
2653,1900,131458.1,1149251458.1,3783911.591876045,900695.4795372882,5037985.129017717,52.5156655726569,13.3891180414529,75.019691087143,0.6448557362002754,-2.488049460680493,-0.03925564249139158,2.57055831382412,0
2654,1900,131458.3,1149251458.3,3783911.7256059996,900694.9645540138,5037985.114522177,52.5156654160574,13.3891102055822,75.0147876746491,0.7005835210189764,-2.6688620779577175,-0.048722116795612516,2.75971301148311,0
2655,1900,131458.5,1149251458.5,3783911.8709243145,900694.4082382313,5037985.098567216,52.5156652393372,13.3891017378882,75.0097621624039,0.7705889223014216,-2.9022260315942185,-0.059508180461447666,3.00337550918606,0
2656,1900,131458.7,1149251458.7,3783912.0433010524,900693.8037915576,5037985.070823185,52.515664889915,13.3890924881815,75.0046181196766,0.855794908088614,-3.1824199888685283,-0.07331845992766621,3.2962945115427,0
2657,1900,131458.9,1149251458.9,3783912.228652346,900693.1370744258,5037985.044312281,52.5156645600542,13.3890823018822,74.9993587300652,0.9514599595151406,-3.5002528235583235,-0.08824777993525033,3.62833757443434,0
2658,1900,131459.1,1149251459.1,3783912.4331050687,900692.4034140337,5037985.015298711,52.5156641945379,13.3890710911302,74.9939882530882,1.0535101720345814,-3.842750673361594,-0.10356078653199423,3.98589278038289,0
2659,1900,131459.3,1149251459.3,3783912.656852859,900691.6001262072,5037984.984121141,52.5156637983068,13.3890588168008,74.9885118432378,1.1602000172728428,-4.193474428443063,-0.1208745707777957,4.35268911409332,0
2660,1900,131459.5,1149251459.5,3783912.9060867014,900690.728755786,5037984.945892773,52.5156632991378,13.3890454799142,74.9829345412298,1.2705424958022105,-4.535649685827942,-0.14243165486196832,4.71239674502234,0
2661,1900,131459.7,1149251459.7,3783913.1722444696,900689.7902602303,5037984.906839217,52.5156627888918,13.3890311233963,74.9772626256276,1.3758785541005047,-4.857825937153389,-0.16380538596087776,5.05156874998091,0
2662,1900,131459.9,1149251459.9,3783913.4635834186,900688.791042203,5037984.859671054,52.5156621598511,13.389015810832,74.9715023962864,1.4813239790380488,-5.1499176508520454,-0.1906034057377487,5.3621173243141,0
2663,1900,131460.1,1149251460.1,3783913.774854668,900687.7369372935,5037984.807277037,52.515661454589,13.3889996437494,74.9656611294577,1.5891365345376975,-5.406468475608497,-0.22547905596837856,5.63968945136444,0
2664,1900,131460.3,1149251460.3,3783914.115823493,900686.6375158341,5037984.740682177,52.5156605404781,13.3889827259825,74.9597467195578,1.7034940614019771,-5.62164725069502,-0.2725847031794088,5.88040068778362,0
2665,1900,131460.5,1149251460.5,3783914.4864818323,900685.5012554362,5037984.658397283,52.5156593954315,13.3889651790434,74.9537673419784,1.8225688727660416,-5.792717996922185,-0.33104263775862164,6.08168794956269,0
2666,1900,131460.7,1149251460.7,3783914.857481736,900684.3292564524,5037984.582132951,52.5156583399503,13.3889471188055,74.9477317343382,1.9424734495753624,-5.918489283684359,-0.39816411990956346,6.24181489390507,0
2667,1900,131460.9,1149251460.9,3783915.2672402523,900683.1419484513,5037984.479611247,52.5156568972791,13.3889287069856,74.9416486444232,2.0515139212564373,-6.004477219270722,-0.46424535252691,6.36223072461168,0
2668,1900,131461.1,1149251461.1,3783915.696962734,900681.9404835369,5037984.364661038,52.5156552715216,13.3889100242017,74.9355273910226,2.146253448318144,-6.057822855227943,-0.5254541283847579,6.44823414981002,0
2669,1900,131461.3,1149251461.3,3783916.146290214,900680.7329871416,5037984.23611846,52.5156534453861,13.3888911881161,74.9293769172758,2.2362061902211345,-6.081092944913281,-0.5884326390498071,6.50588675743411,0
2670,1900,131461.5,1149251461.5,3783916.6081473446,900679.5214802435,5037984.098914427,52.5156514915835,13.3888722518234,74.9232061499338,2.3048094096481124,-6.089462317022819,-0.6381294732020942,6.54224020881323,0
2671,1900,131461.7,1149251461.7,3783917.0798075497,900678.3095963132,5037983.954448099,52.5156494306802,13.3888532766917,74.9170232176939,2.369619628027479,-6.0831286957175,-0.6876075336951436,6.56447682839913,0
2672,1900,131461.9,1149251461.9,3783917.5684569934,900677.1010556761,5037983.796707271,52.515647173803,13.3888342915219,74.9108358073003,2.4135055147589908,-6.0788358656412615,-0.7211126136397196,6.58006517845598,0
2673,1900,131462.1,1149251462.1,3783918.0649418845,900675.8927533574,5037983.633081544,52.5156448299912,13.3888152830429,74.9046510943699,2.440280600778001,-6.084944476503752,-0.7400051039801399,6.59766066470409,0
2674,1900,131462.3,1149251462.3,3783918.5717065907,900674.6833765509,5037983.461988481,52.5156423758018,13.3887962241047,74.8984754695342,2.454647399149078,-6.1092824820725475,-0.7464032307249847,6.62614096459957,0
2675,1900,131462.5,1149251462.5,3783919.070748184,900673.4644140683,5037983.298377567,52.515640031931,13.3887770541486,74.892314480921,2.463410872085641,-6.157964267325675,-0.7442980535001451,6.67404649630295,0
2676,1900,131462.7,1149251462.7,3783919.574948451,900672.2329698987,5037983.13315948,52.5156376640916,13.3887576877358,74.8861735739165,2.4673835766174186,-6.236074441431617,-0.7333928844978542,6.74644137870256,0
2677,1900,131462.9,1149251462.9,3783920.0786418705,900670.9823865873,5037982.971748597,52.5156353521883,13.3887380487895,74.8800570379263,2.448886238380989,-6.351867400341071,-0.6990323078839489,6.84338435626065,0
2678,1900,131463.1,1149251463.1,3783920.5834224443,900669.7077030282,5037982.813842248,52.5156330916998,13.3887180607799,74.8739692820325,2.4301864319150823,-6.486932876702946,-0.6610983658343479,6.95867482283966,0
2679,1900,131463.3,1149251463.3,3783921.075514028,900668.4025497967,5037982.670853857,52.5156310511263,13.3886976794221,74.8679140076746,2.41209235110177,-6.626412848846511,-0.6228324985236046,7.07922715236762,0
2680,1900,131463.5,1149251463.5,3783921.571936028,900667.0727610106,5037982.529054261,52.5156290276882,13.3886769302674,74.8618945602695,2.3901684101565395,-6.753247070035524,-0.5839550762739344,7.18750683818525,0
2681,1900,131463.7,1149251463.7,3783922.0665332284,900665.7204380113,5037982.392666593,52.51562708371,13.3886558644229,74.8559142689333,2.3670045771844794,-6.850892947247075,-0.5493359373642391,7.26905872965213,0
2682,1900,131463.9,1149251463.9,3783922.5558948456,900664.351006683,5037982.263275893,52.5156252425614,13.3886345712754,74.8499762776945,2.3434117659533134,-6.914303271892902,-0.5204763072008604,7.31915733038133,0
2683,1900,131464.1,1149251464.1,3783923.044365287,900662.9733429807,5037982.136068616,52.5156234331249,13.3886131631992,74.8440835906538,2.3182640599379676,-6.948895994639223,-0.49557405057919257,7.3421452883691,0
2684,1900,131464.3,1149251464.3,3783923.529789526,900661.5910324458,5037982.012019189,52.5156216697585,13.3885916989257,74.8382388949285,2.2899610046344234,-6.966594611520663,-0.4713177722955566,7.34843536587869,0
2685,1900,131464.5,1149251464.5,3783924.0119944764,900660.2061415836,5037981.890892672,52.5156199489659,13.3885702086583,74.8324444888648,2.264546221803788,-6.97801882331503,-0.45033049006882037,7.35008257365251,0
2686,1900,131464.7,1149251464.7,3783924.483253667,900658.8175413373,5037981.778657134,52.5156183588483,13.3885487025715,74.8267029324202,2.241711911326852,-6.992722870149082,-0.43068594980805447,7.35587763760741,0
2687,1900,131464.9,1149251464.9,3783924.960301159,900657.4272515682,5037981.662471896,52.5156167097627,13.3885271525322,74.8210161928348,2.2187379080956546,-7.013443165921804,-0.4098688540391134,7.36744022194597,0
2688,1900,131465.1,1149251465.1,3783925.414890792,900656.028447713,5037981.564624684,52.5156153308093,13.3885055570879,74.815386450435,2.195915748229281,-7.034642786268669,-0.38907993127157625,7.3796767067834,0
2689,1900,131465.3,1149251465.3,3783925.8734320896,900654.6273004803,5037981.464319509,52.5156139148663,13.3884839145857,74.8098158130813,2.1709782821973582,-7.049048688901814,-0.3679192947273559,7.38495759823397,0
2690,1900,131465.5,1149251465.5,3783926.3263695,900653.2245378953,5037981.368558456,52.5156125653118,13.3884622680508,74.8043062073986,2.1430848521533528,-7.05090861530026,-0.3467812205668418,7.3775593660629,0
2691,1900,131465.7,1149251465.7,3783926.775384936,900651.8232030935,5037981.2755487515,52.5156112556493,13.3884406553546,74.7988595452626,2.111835331152125,-7.036874784430664,-0.32596166307654084,7.35416250863782,0
2692,1900,131465.9,1149251465.9,3783927.21705478,900650.4257991507,5037981.187402704,52.5156100170474,13.3884191240436,74.7934778839864,2.0820506945742308,-7.005798117186779,-0.30926135027488055,7.31517497646698,0
2693,1900,131466.1,1149251466.1,3783927.651476975,900649.0358816393,5037981.103418031,52.5156088391153,13.3883977247351,74.7881629409867,2.0572838791497223,-6.960781436507943,-0.2987799564165241,7.26458289433049,0
2694,1900,131466.3,1149251466.3,3783928.081477549,900647.6553277271,5037981.0211556405,52.5156076858104,13.3883764746898,74.7829167805767,2.0353505096689966,-6.908240373711018,-0.291748558130901,7.20774264103209,0
2695,1900,131466.5,1149251466.5,3783928.5015692287,900646.2835935946,5037980.944808271,52.5156066190254,13.3883553848308,74.7777412819428,2.0138568015402307,-6.853951085712086,-0.28535556177258237,7.14938406431479,0
2696,1900,131466.7,1149251466.7,3783928.9300417555,900644.9270588083,5037980.8596008895,52.5156054205484,13.3883344841945,74.7726387549838,1.9961009485478944,-6.7999517095413635,-0.28169967095529047,7.09246903084565,0
2697,1900,131466.9,1149251466.9,3783929.3557172106,900643.5802346461,5037980.774850193,52.515604227935,13.3883137322532,74.7676113560909,1.982832912490019,-6.747560029085481,-0.28110639657225506,7.03848090934113,0
2698,1900,131467.1,1149251467.1,3783929.775120329,900642.2430179656,5037980.693170037,52.5156030797583,13.3882931393823,74.7626613076425,1.9711635353786292,-6.699329987871691,-0.2809667627796573,6.98895201667533,0
2699,1900,131467.3,1149251467.3,3783929.8371935487,900641.416939481,5037980.787412223,52.5156045285159,13.3882810899244,74.7577909281499,1.956126778336767,-6.640664387536018,-0.2801671201827626,6.92844492624765,0
2700,1900,131467.5,1149251467.5,3783930.2449270007,900640.1013759541,5037980.710796926,52.5156034532329,13.3882608471476,74.753002998575,1.9412387719882538,-6.5773519792597375,-0.2803043600854172,6.86356595096349,0
2701,1900,131467.7,1149251467.7,3783930.66380182,900638.8006691933,5037980.623338341,52.515602216828,13.388240779269,74.7483002116924,1.9293809403882936,-6.521331078108199,-0.28140744581155347,6.80657476224214,0
2702,1900,131467.9,1149251467.9,3783931.0649368125,900637.5069227932,5037980.5479944805,52.5156011582422,13.3882208716405,74.7436896453996,1.9219654783225621,-6.473311307426532,-0.28440394432686733,6.75859424631103,0
2703,1900,131468.1,1149251468.1,3783931.463944579,900636.2214065747,5037980.472897783,52.5156001021723,13.3882010892073,74.7391758526923,1.9174392647753917,-6.434427802726335,-0.28793358853904766,6.72021876385055,0
2704,1900,131468.3,1149251468.3,3783931.869459845,900634.944635492,5037980.391518437,52.5155989521584,13.3881814098976,74.7347616825653,1.91640341000897,-6.404436864072031,-0.2924881238441111,6.69140963313177,0
2705,1900,131468.5,1149251468.5,3783932.2771690036,900633.6739197255,5037980.307556113,52.5155977627982,13.388161809879,74.7304501873283,1.9192652638662406,-6.382757467615609,-0.2984746378179845,6.67175083114672,0
2706,1900,131468.7,1149251468.7,3783932.6820497,900632.4054408637,5037980.225439638,52.5155965994571,13.3881422515636,74.7262444115726,1.9222869319773277,-6.369214345290988,-0.3031355945772941,6.65987759750966,0
2707,1900,131468.9,1149251468.9,3783933.0924034724,900631.141271362,5037980.138611564,52.5155953652637,13.3881227363352,74.7221474908462,1.9256317805284244,-6.35969700781323,-0.30732278709683547,6.651935889712,0
2708,1900,131469.1,1149251469.1,3783933.492958898,900629.8758952401,5037980.059448421,52.5155942429489,13.3881032372367,74.7181623983794,1.9244384027527992,-6.350766498398754,-0.30802000935726487,6.64308472092131,0
2709,1900,131469.3,1149251469.3,3783933.890958039,900628.6120397816,5037979.982066845,52.5155931455962,13.3880837686492,74.7142922220298,1.9171969585731081,-6.33950330690861,-0.30461925917826804,6.63006329150254,0
2710,1900,131469.5,1149251469.5,3783934.299769167,900627.3544103015,5037979.89566146,52.5155919136078,13.3880643524043,74.7105398128677,1.90373629487959,-6.324505586745063,-0.2972417706726084,6.61150024332178,0
2711,1900,131469.7,1149251469.7,3783934.697002247,900626.0973176182,5037979.8179499805,52.5155908085926,13.3880449833425,74.7069078002665,1.88775440044014,-6.305965263405939,-0.28861235521633727,6.58878681330994,0
2712,1900,131469.9,1149251469.9,3783935.095868872,900624.8452683946,5037979.738278977,52.5155896731987,13.3880256809831,74.7033988639881,1.8810206779370675,-6.287447257549289,-0.2868785938218558,6.5690586186214,0
2713,1900,131470.1,1149251470.1,3783935.4982829546,900623.5970235008,5037979.65544304,52.515588489603,13.3880064210415,74.7000149363371,1.8830147954399679,-6.2777107789018585,-0.2900969219277655,6.56045376231693,0
2714,1900,131470.3,1149251470.3,3783935.898315545,900622.3479416647,5037979.57469192,52.515587335308,13.3879871572301,74.6967578309415,1.8889958679482195,-6.283262317493597,-0.2935750386118167,6.5676386199955,0
2715,1900,131470.5,1149251470.5,3783936.2959907767,900621.0965285404,5037979.4962752685,52.5155862139789,13.3879678680525,74.6936293739407,1.9038353812185442,-6.302859339349356,-0.30116798638330405,6.59100350223129,0
2716,1900,131470.7,1149251470.7,3783936.691416855,900619.8371821957,5037979.421108516,52.5155851391207,13.3879484728636,74.6906306984055,1.9170225547592097,-6.3360757091990285,-0.3051098411759785,6.62675809754211,0
2717,1900,131470.9,1149251470.9,3783937.0918977116,900618.571150166,5037979.343522454,52.515584027002,13.387928964629,74.6877629572705,1.9353128380435698,-6.374668458586598,-0.31190424321396815,6.66926667594946,0
2718,1900,131471.1,1149251471.1,3783937.495750983,900617.2973778213,5037979.264960379,52.5155828989278,13.3879093339739,74.6850268626279,1.952901929531195,-6.415534056121496,-0.31777196444732286,6.71370852755838,0
2719,1900,131471.3,1149251471.3,3783937.9132192656,900616.018808897,5037979.177258083,52.5155816343358,13.3878895881478,74.6824224515225,1.9710933253600724,-6.455075192194723,-0.3243242558416619,6.75709929312083,0
2720,1900,131471.5,1149251471.5,3783938.336223465,900614.7329318523,5037979.086889194,52.5155803288208,13.3878697187157,74.6799499010675,1.9889979340958726,-6.492789647610605,-0.33098698397769216,6.79867506015104,0
2721,1900,131471.7,1149251471.7,3783938.760020708,900613.4384877644,5037978.997615285,52.5155790379342,13.3878497238137,74.6776088870873,2.006482679758453,-6.530172883069022,-0.3373953190180021,6.83980747011463,0
2722,1900,131471.9,1149251471.9,3783939.1822403297,900612.1352599218,5037978.911243097,52.5155777883599,13.3878296084219,74.6753991061257,2.024261925885288,-6.56907785728339,-0.34375318841654984,6.88248403515666,0
2723,1900,131472.1,1149251472.1,3783939.608590465,900610.8243495114,5037978.823317319,52.5155765143168,13.3878093688517,74.6733196189438,2.041964523444596,-6.610907739225938,-0.3495345398498999,6.92790694554364,0
2724,1900,131472.3,1149251472.3,3783940.0396053395,900609.5083253649,5037978.732982084,52.515575203177,13.3877890400926,74.6713695069802,2.058161636352174,-6.6560582145801686,-0.35360312152235196,6.97597129042131,0
2725,1900,131472.5,1149251472.5,3783940.4831981133,900608.1823903588,5037978.635184271,52.5155737803323,13.3877685264124,74.6695477567105,2.0733914051374684,-6.701485537795312,-0.35690089720806467,7.02397598106696,0
2726,1900,131472.7,1149251472.7,3783940.9213157105,900606.8465599319,5037978.543387794,52.5155724446238,13.3877478896055,74.6678528450356,2.0858936218049666,-6.744216524182271,-0.35864258548321476,7.0685241196916,0
2727,1900,131472.9,1149251472.9,3783941.366592135,900605.5071417245,5037978.447045426,52.5155710403136,13.3877271769704,74.6662835552223,2.094886122363068,-6.775599241437172,-0.35978093756560703,7.10117844229174,0
2728,1900,131473.1,1149251473.1,3783941.4229682847,900604.4188249718,5037978.596413182,52.5155732629781,13.3877113890413,74.6648384952461,2.0937135356923946,-6.776692702502672,-0.35871342768289205,7.10182199698743,0
2729,1900,131473.3,1149251473.3,3783941.8527784585,900603.0933199639,5037978.509449643,52.5155719942711,13.387690928534,74.6635162650377,2.0871240664305217,-6.75402931842021,-0.35782352196724115,7.07820857107406,0
2730,1900,131473.5,1149251473.5,3783942.294125864,900601.7536440267,5037978.416547801,52.5155706364478,13.3876702256081,74.6623156199036,2.0766174558580843,-6.7225445032455475,-0.35557760724424103,7.0449542291533,0
2731,1900,131473.7,1149251473.7,3783942.727520473,900600.4221931383,5037978.328269399,52.5155693454945,13.3876496676731,74.6612348687786,2.0661305857438674,-6.684618381020656,-0.3544901414479563,7.00561787122373,0
2732,1900,131473.9,1149251473.9,3783943.158595134,900599.0946211154,5037978.241182157,52.5155680707412,13.3876291732362,74.6602727403819,2.064472367242218,-6.661135641569504,-0.35742466965025727,6.98287380560245,0
2733,1900,131474.1,1149251474.1,3783943.589673827,900597.768694972,5037978.153946704,52.5155667924284,13.3876087023723,74.6594276042677,2.071490786394018,-6.663678488905906,-0.36221120403237045,6.98762348999638,0
2734,1900,131474.3,1149251474.3,3783944.025437701,900596.4403489041,5037978.063791001,52.5155654696358,13.3875881808525,74.6586982005419,2.0891753014569354,-6.689606293273893,-0.3708029047379136,7.01804677908244,0
2735,1900,131474.5,1149251474.5,3783944.4665061617,900595.1057028951,5037977.970940338,52.5155641057047,13.3875675509634,74.6580833000956,2.110490566993541,-6.73192041328659,-0.3791937475971999,7.0651759201318,0
2736,1900,131474.7,1149251474.7,3783944.904060811,900593.758625076,5037977.8830613615,52.5155628138602,13.3875467549111,74.6575819798601,2.136426303561267,-6.778437537675812,-0.39028545855334523,7.11785470081254,0
2737,1900,131474.9,1149251474.9,3783945.343456872,900592.4032128275,5037977.795429976,52.5155615243526,13.3875258331467,74.6571932493668,2.160120268340646,-6.822544703811752,-0.4001326452272754,7.16751992972342,0
2738,1900,131475.1,1149251475.1,3783945.7871501986,900591.0392326985,5037977.706254394,52.5155602107319,13.3875047739489,74.6569162964361,2.182779169919125,-6.857256244483581,-0.4108759805821046,7.20800299518259,0
2739,1900,131475.3,1149251475.3,3783946.2440472813,900589.6718872236,5037977.607964267,52.5155587612228,13.387483621494,74.6567496806001,2.199550067255226,-6.879640380097887,-0.41941546384603934,7.23487260351895,0
2740,1900,131475.5,1149251475.5,3783946.6975455363,900588.299409549,5037977.513258498,52.5155573633634,13.3874624070877,74.656692380936,2.2125074125752953,-6.888094813827455,-0.42758324516465696,7.2473351410379,0
2741,1900,131475.7,1149251475.7,3783947.1440410446,900586.9245414529,5037977.424337035,52.5155560496586,13.3874411823113,74.6567428593206,2.219311549915222,-6.883760484187919,-0.4334312025208627,7.2456445376911,0
2742,1900,131475.9,1149251475.9,3783947.603328084,900585.5560598817,5037977.324871837,52.5155545790083,13.387420005429,74.6568995873551,2.219775276345361,-6.864497706925547,-0.43719958598472897,7.22771571963407,0
2743,1900,131476.1,1149251476.1,3783948.0597131425,900584.1931104409,5037977.226720286,52.5155531265358,13.3873989177214,74.6571605141986,2.213900670366332,-6.826213496843906,-0.4396166860159883,7.18970164286155,0
2744,1900,131476.3,1149251476.3,3783948.52114958,900582.8417145232,5037977.1228758115,52.5155515888091,13.38737797835,74.657522672545,2.1998284307940708,-6.7688555694030965,-0.43930462091860245,7.13089330970038,0
2745,1900,131476.5,1149251476.5,3783948.9841736574,900581.5037080073,5037977.015587388,52.5155499991246,13.3873572254365,74.657978760795,2.181829450520613,-6.696077028599937,-0.43880104681817933,7.05622942390563,0
2746,1900,131476.7,1149251476.7,3783949.442104784,900580.1810208608,5037976.909480744,52.5155484259369,13.3873367094221,74.6585163267875,2.1578803496268417,-6.619735938359161,-0.43449085098695217,6.9761116530988,0
2747,1900,131476.9,1149251476.9,3783949.891570143,900578.8725107509,5037976.807256326,52.5155469092978,13.3873164254402,74.659120516987,2.127755546716733,-6.550773653095096,-0.42426297073803837,6.90072301929357,0
2748,1900,131477.1,1149251477.1,3783950.336104471,900577.5765446083,5037976.7065499555,52.5155454144537,13.3872963380333,74.6597778049732,2.1042714359575827,-6.493743146748946,-0.4168707478349122,6.83889169036448,0
2749,1900,131477.3,1149251477.3,3783950.7802186557,900576.2911414213,5037976.604330282,52.5155438968052,13.3872764034287,74.660474123146,2.0865588340116012,-6.453427610752211,-0.41081643009353475,6.79479402441646,0
2750,1900,131477.5,1149251477.5,3783951.2235587947,900575.0125705336,5037976.501504642,52.5155423699288,13.3872565693728,74.6611943001099,2.0752118625035214,-6.42677194040139,-0.407085751817028,6.76576829765389,0
2751,1900,131477.7,1149251477.7,3783951.656102694,900573.7367492861,5037976.406257571,52.5155409548494,13.3872368115418,74.6619244286642,2.061200652666298,-6.409054292970358,-0.39978033537977414,6.74420858050447,0
2752,1900,131477.9,1149251477.9,3783952.08269126,900572.4634342896,5037976.3150034705,52.5155395987782,13.3872171099377,74.6626508424377,2.0431316496256273,-6.390517347453939,-0.38959302818945885,6.72048224708804,0
2753,1900,131478.1,1149251478.1,3783952.5159975644,900571.1966946411,5037976.217545555,52.5155381513189,13.3871974796491,74.6633581175939,2.0243680112488325,-6.360389488372003,-0.3809455463752324,6.68563682816108,0
2754,1900,131478.3,1149251478.3,3783952.931418826,900569.9344211015,5037976.132594116,52.5155368889481,13.3871779743588,74.6640309172565,2.0016489125853036,-6.316229523722119,-0.3718385655815371,6.63623520412339,0
2755,1900,131478.5,1149251478.5,3783953.3394018877,900568.6800611567,5037976.051733488,52.5155356874799,13.3871586078402,74.6646616340128,1.9735017538083572,-6.258904122416226,-0.36101954506540457,6.5725889189727,0
2756,1900,131478.7,1149251478.7,3783953.746072125,900567.441147527,5037975.969057406,52.5155344596855,13.3871394671471,74.6652511514375,1.9440335147285275,-6.189512716574876,-0.3513572989894743,6.49713674833638,0
2757,1900,131478.9,1149251478.9,3783954.1486949306,900566.2178070922,5037975.886594084,52.5155332354176,13.3871205634241,74.6658078466985,1.9097300592592785,-6.111265782374627,-0.3396600188528412,6.41170860929195,0
2758,1900,131479.1,1149251479.1,3783954.547143498,900565.011053604,5037975.804278594,52.5155320135272,13.3871019116308,74.6663479506323,1.876892055661271,-6.026789920334937,-0.3301619866088836,6.3209119175841,0
2759,1900,131479.3,1149251479.3,3783954.9360862384,900563.8200515729,5037975.726262625,52.5155308550842,13.3870835179779,74.6668918198541,1.8424631436708827,-5.9433717327376305,-0.3192891769399775,6.23059255350575,0
2760,1900,131479.5,1149251479.5,3783955.3098164247,900562.6443184736,5037975.656920359,52.5155298243949,13.3870653950134,74.6674640024104,1.8082507259692777,-5.864242772032936,-0.3078162287720053,6.1444173692877,0
2761,1900,131479.7,1149251479.7,3783955.6737059555,900561.4816911416,5037975.592658848,52.5155288681164,13.387047493418,74.6680888625513,1.777797692243119,-5.784949852745612,-0.2991770525609929,6.05934949826345,0
2762,1900,131479.9,1149251479.9,3783956.0411916007,900560.338239577,5037975.522402087,52.5155278224429,13.3870298543494,74.6687873318293,1.7451739567122933,-5.70492179554403,-0.2890488740650947,5.9728815561719,0
2763,1900,131480.1,1149251480.1,3783956.4111016067,900559.2133246129,5037975.447156986,52.5155267020649,13.3870124726446,74.6695746550783,1.7107616286361682,-5.623462586569987,-0.27784035177286037,5.88449080835713,0
2764,1900,131480.3,1149251480.3,3783956.779246767,900558.1066914815,5037975.370098591,52.5155255538277,13.38699535894,74.6704543272532,1.6799284922878504,-5.540499188758424,-0.2695691347606845,5.79585701326809,0
2765,1900,131480.5,1149251480.5,3783957.1324084518,900557.0137423808,5037975.301899389,52.5155245353867,13.3869784924304,74.6714217657057,1.6481584246440677,-5.460472206530543,-0.26007746934268133,5.70971305768315,0
2766,1900,131480.7,1149251480.7,3783957.476767453,900555.9353457023,5037975.237782968,52.5155235763104,13.3869618644804,74.6724682410683,1.6267701705543955,-5.383266557759748,-0.2578302439765296,5.62960180247316,0
2767,1900,131480.9,1149251480.9,3783957.815830222,900554.8703208538,5037975.175327007,52.5155226409763,13.3869454462133,74.6735811110142,1.6132242023440568,-5.312466799311358,-0.2602963664514694,5.5581066937584,0
2768,1900,131481.1,1149251481.1,3783958.1539070243,900553.819022683,5037975.111234094,52.5155216808651,13.3869292280141,74.674745531438,1.6023537709381985,-5.250079761290515,-0.2632648184066013,5.49546935864106,0
2769,1900,131481.3,1149251481.3,3783958.48779985,900552.7797652227,5037975.048172031,52.5155207355349,13.3869131966294,74.6759476452854,1.593703779217307,-5.196149950716338,-0.2663881748390967,5.44158329035907,0
2770,1900,131481.5,1149251481.5,3783958.8197151823,900551.750945464,5037974.984763688,52.5155197847945,13.3868973215628,74.6771750796519,1.5864535313866535,-5.148759148284824,-0.26939474803248065,5.39436086154452,0
2771,1900,131481.7,1149251481.7,3783959.153472443,900550.7310234329,5037974.918420845,52.5155187905363,13.3868815677204,74.6784181941778,1.580421244610474,-5.10359503641089,-0.2729146020700647,5.34966316566913,0
2772,1900,131481.9,1149251481.9,3783959.475015576,900549.7177659018,5037974.860020884,52.5155179134416,13.3868659510372,74.6796723900207,1.575058503024446,-5.060144505583765,-0.2766296907651744,5.30682538728683,0
2773,1900,131482.1,1149251482.1,3783959.8062925674,900548.7166289766,5037974.792222492,52.5155168974114,13.3868504748474,74.6809392124704,1.5689608223179472,-5.018352028799739,-0.27950204812945606,5.26532207389402,0
2774,1900,131482.3,1149251482.3,3783960.140154936,900547.7246971261,5037974.720882358,52.5155158288779,13.3868351217507,74.68222327995,1.5614827488657759,-4.976983170890969,-0.28126930926135213,5.22376322995881,0
2775,1900,131482.5,1149251482.5,3783960.451957588,900546.73644245,5037974.665378759,52.5155149939085,13.3868198965821,74.6835325724291,1.5524924432032448,-4.930789214186446,-0.2827650476619147,5.17714893866497,0
2776,1900,131482.7,1149251482.7,3783960.787271935,900545.7642127121,5037974.589531284,52.5155138581214,13.3868048208682,74.6848758051821,1.537418706071533,-4.869658232356826,-0.28237429929094404,5.11438782481729,0
2777,1900,131482.9,1149251482.9,3783961.099856782,900544.8017999161,5037974.528948286,52.5155129472799,13.38678996335,74.6862588443765,1.51451904698642,-4.7819921194792485,-0.2808563413847939,5.02395231455697,0
2778,1900,131483.1,1149251483.1,3783961.4114408246,900543.8612670581,5037974.465277243,52.5155119903685,13.3867754227873,74.6876818619646,1.4795731767061078,-4.664568412840042,-0.27563472908137476,4.90135795134053,0
2779,1900,131483.3,1149251483.3,3783961.710983568,900542.9459500194,5037974.406156466,52.5155111002412,13.3867612846363,74.6891398808346,1.4368093651879343,-4.5197765588176395,-0.26943972452533377,4.75030515426972,0
2780,1900,131483.5,1149251483.5,3783962.0117562367,900542.0640188399,5037974.340219926,52.5155101091876,13.3867476207141,74.6906215614065,1.386981989054339,-4.359876446459739,-0.260657326445173,4.58259576093998,0
2781,1900,131483.7,1149251483.7,3783962.2975988956,900541.2153251737,5037974.279528093,52.515509195512,13.3867344840069,74.6921093104058,1.3378537485352688,-4.200891185020241,-0.25223399655981044,4.41598928778945,0
2782,1900,131483.9,1149251483.9,3783962.571900984,900540.3943848638,5037974.222499744,52.5155083361084,13.3867217843667,74.6935823017579,1.2929422788447633,-4.053741954609879,-0.24485501367926604,4.26198047258695,0
2783,1900,131484.1,1149251484.1,3783962.8443658403,900539.604192029,5037974.161337303,52.5155074160775,13.3867095316072,74.6950193456366,1.2500624884433067,-3.9191345335609356,-0.2367648641190409,4.12047683139273,0
2784,1900,131484.3,1149251484.3,3783963.104380822,900538.853551138,5037974.102368651,52.5155065291105,13.3866978880907,74.6963993855025,1.2091475621210024,-3.788502740024566,-0.2294346552555486,3.98339441923456,0
2785,1900,131484.5,1149251484.5,3783963.348186092,900538.1284077186,5037974.050870106,52.5155057533482,13.3866866652376,74.6977032248917,1.1667589954949467,-3.6547524569713263,-0.22155865496256072,3.84286745970963,0
2786,1900,131484.7,1149251484.7,3783963.589270797,900537.4151608142,5037973.999174702,52.5155049757406,13.3866756221414,74.6989164584032,1.1230119477406626,-3.517272105609114,-0.2133313804071639,3.69836033635592,0
2787,1900,131484.9,1149251484.9,3783963.8080505566,900536.7454933444,5037973.956253548,52.5155043289009,13.386665279612,74.7000274809497,1.0783585414501806,-3.3850214223854382,-0.20349928631917716,3.55846021945719,0
2788,1900,131485.1,1149251485.1,3783964.036207071,900536.0857917776,5037973.904421974,52.5155035518305,13.386655047917,74.7010232703514,1.0385727487423944,-3.269047330146922,-0.19440872474224016,3.4355637897479,0
2789,1900,131485.3,1149251485.3,3783964.2605280913,900535.4469791028,5037973.851577725,52.515502761342,13.3866451286429,74.7018879654737,1.0063363682628295,-3.1806877213082503,-0.18604740145745002,3.34127234779785,0
2790,1900,131485.5,1149251485.5,3783964.465763822,900534.8192489373,5037973.810814678,52.5155021510222,13.3866354332708,74.7026020836282,0.9825256332799366,-3.1261479575374493,-0.1779672754139226,3.28174191910119,0
2791,1900,131485.7,1149251485.7,3783964.6724279984,900534.2003662543,5037973.767199974,52.5155015005906,13.3866258598128,74.703145620075,0.9690595842976963,-3.105382692560264,-0.17160813850687115,3.25759535522352,0
2792,1900,131485.9,1149251485.9,3783964.8747734237,900533.5819404871,5037973.726487919,52.5155008952375,13.3866163076313,74.7035001484671,0.9654294244252396,-3.1169450560615704,-0.1668473105684264,3.26729834589629,0
2793,1900,131486.1,1149251486.1,3783965.0740982797,900532.9567073298,5037973.688982313,52.5155003396116,13.3866066682007,74.7036518027319,0.9715922752735586,-3.159754035159528,-0.16384475601414142,3.30981603962388,0
2794,1900,131486.3,1149251486.3,3783965.280859172,900532.3212553445,5037973.647475482,52.5154997273892,13.3865968569738,74.7035909678076,0.9882635248663401,-3.238731727714467,-0.16226028524055372,3.3900407665472,0
2795,1900,131486.5,1149251486.5,3783965.4928317876,900531.6662000479,5037973.605284801,52.5154991076357,13.3865867470557,74.7033110345202,1.0196596744368147,-3.3563191791151437,-0.16480627258618416,3.51165849581825,0
2796,1900,131486.7,1149251486.7,3783965.712310342,900530.9833740903,5037973.562143158,52.5154984764588,13.3865762135833,74.7028075517102,1.061230837591454,-3.5086375069263025,-0.16877695412641147,3.66950047089645,0
2797,1900,131486.9,1149251486.9,3783965.942299944,900530.2687847585,5037973.516514315,52.515497811202,13.3865651890921,74.7020780240677,1.1072877135998647,-3.680538035884378,-0.17261746318115612,3.84736833470308,0
2798,1900,131487.1,1149251487.1,3783966.1798962685,900529.5188432917,5037973.471202599,52.5154971532738,13.3865536320596,74.7011227257711,1.1513849489597674,-3.8482937238467283,-0.1757319660202466,4.0206882009888,0
2799,1900,131487.3,1149251487.3,3783966.4271567212,900528.7389108255,5037973.423725068,52.5154964659721,13.386541612295,74.6999447564306,1.1877092026695908,-3.9892680652899744,-0.1778025017931872,4.16611648618859,0
2800,1900,131487.5,1149251487.5,3783966.6748252264,900527.9324832836,5037973.380373673,52.5154958421449,13.3865292114618,74.6985497269242,1.2148162268454008,-4.094317100914829,-0.17937508065959967,4.27450422942967,0
2801,1900,131487.7,1149251487.7,3783966.9328491245,900527.1102657225,5037973.331835781,52.5154951441843,13.3865165490407,74.6969450999218,1.2366922321896627,-4.163595813613583,-0.1833961190530357,4.34724877512002,0
2802,1900,131487.9,1149251487.9,3783967.1878117607,900526.2900582603,5037973.2849723995,52.5154944732977,13.3865039258649,74.6951402399692,1.24739818867223,-4.2027709256855585,-0.18442856873414337,4.38785820097413,0
2803,1900,131488.1,1149251488.1,3783967.439575657,900525.4775559169,5037973.23888771,52.5154938161377,13.3864914240135,74.693145278888,1.2513431924109049,-4.215058224100583,-0.18519089799585464,4.40078075873493,0
2804,1900,131488.3,1149251488.3,3783967.7109705424,900524.6417521586,5037973.182068067,52.5154930025558,13.3864785213022,74.690970923599,1.244554067542079,-4.207940452061234,-0.1813903247414396,4.39187660630836,0
2805,1900,131488.5,1149251488.5,3783967.9685928808,900523.805184331,5037973.135447971,52.5154923415547,13.3864656546112,74.6886290361633,1.2259307858468294,-4.187986477618909,-0.17103981457953782,4.36708044883275,0
2806,1900,131488.7,1149251488.7,3783968.227174059,900522.9754179209,5037973.086710741,52.5154916510939,13.3864528821157,74.6861331787805,1.2050964008979566,-4.1524392886579164,-0.16180825461004159,4.32679919717879,0
2807,1900,131488.9,1149251488.9,3783968.4750613593,900522.151863265,5037973.044671829,52.5154910611929,13.3864402351054,74.683496930296,1.1820935336782916,-4.099987562436455,-0.15396025814548137,4.26977129312401,0
2808,1900,131489.1,1149251489.1,3783968.712423247,900521.3394902542,5037973.00833707,52.5154905570413,13.3864277842248,74.6807313353193,1.155232565698268,-4.034354188091981,-0.14557425424644613,4.19901986888899,0
2809,1900,131489.3,1149251489.3,3783968.9572890177,900520.5452355834,5037972.963028225,52.515489921844,13.3864155673917,74.6778398301538,1.126843470152892,-3.963015054046588,-0.13706119493689753,4.12238405488664,0
2810,1900,131489.5,1149251489.5,3783969.197551209,900519.764519573,5037972.918568741,52.5154893008748,13.3864035602692,74.6748044833881,1.1006855580668675,-3.890077571520604,-0.1304964858552091,4.0449031561961,0
2811,1900,131489.7,1149251489.7,3783969.42140953,900518.995585173,5037972.884047195,52.5154888285979,13.3863917779213,74.6716037637069,1.076316505688913,-3.8163294370380156,-0.12541026979680311,3.96718481144902,0
2812,1900,131489.9,1149251489.9,3783969.641241502,900518.2412222195,5037972.849714025,52.5154883612251,13.3863802181153,74.6682219244544,1.0547878238190864,-3.742671647270995,-0.12242706855909714,3.89039288500264,0
2813,1900,131490.1,1149251490.1,3783969.858773401,900517.5026157661,5037972.814062587,52.5154878765852,13.386368891946,74.6646523503729,1.03418034476656,-3.6694057599236602,-0.12006152380728967,3.81424728956597,0
2814,1900,131490.3,1149251490.3,3783970.0700401906,900516.7783880981,5037972.780296149,52.5154874219766,13.3863577931926,74.6608954280222,1.0169707047426675,-3.5969287117531543,-0.1200908844914758,3.73985927439482,0
2815,1900,131490.5,1149251490.5,3783970.285312059,900516.069933582,5037972.740512777,52.515486880638,13.386346906812,74.6569573648575,0.9964421418220705,-3.528118609430498,-0.11699302817764862,3.66799744177268,0
2816,1900,131490.7,1149251490.7,3783970.4914482217,900515.3733384655,5037972.705229569,52.5154864077055,13.3863362215338,74.6528527379947,0.9825431582160036,-3.4584284648306935,-0.1189974680235704,3.59725991575592,0
2817,1900,131490.9,1149251490.9,3783970.6904941746,900514.6897677641,5037972.672745247,52.5154859777621,13.386325747077,74.6486066475702,0.9654489604022866,-3.392304441219886,-0.11798488903756502,3.5289859097343,0
2818,1900,131491.1,1149251491.1,3783970.8966946076,900514.0220077068,5037972.631983235,52.5154854268156,13.3863154747899,74.6442552215034,0.9556339844179659,-3.3313805613123613,-0.12147975372972163,3.46786535018744,0
2819,1900,131491.3,1149251491.3,3783971.0885110376,900513.3624536961,5037972.600419976,52.5154850124103,13.3863053691504,74.6398438557312,0.9498381996508432,-3.279850648248158,-0.12630527358152124,3.41695272171921,0
2820,1900,131491.5,1149251491.5,3783971.2901487704,900512.7144401226,5037972.559470308,52.5154844594883,13.3862953953934,74.63542453433,0.9506799628962318,-3.23660740571682,-0.1346115113769173,3.37602431116669,0
2821,1900,131491.7,1149251491.7,3783971.482786352,900512.071857942,5037972.524330225,52.5154839918052,13.3862855301623,74.6310522981881,0.9567454504204937,-3.202890849753883,-0.1451235082329762,3.34588291561126,0
2822,1900,131491.9,1149251491.9,3783971.6809483115,900511.4365073699,5037972.483912316,52.5154834449961,13.3862757497215,74.6267814357059,0.9668156541378994,-3.1758232307130014,-0.1574427540188023,3.32345812710428,0
2823,1900,131492.1,1149251492.1,3783971.894270516,900510.8100561537,5037972.43080098,52.5154827089083,13.386266045109,74.6226670640293,0.9743073588777296,-3.145880747196176,-0.16834869795997903,3.29760243044059,0
2824,1900,131492.3,1149251492.3,3783972.105565733,900510.190949807,5037972.378163312,52.5154819773459,13.3862564526623,74.6187634193152,0.9796139519199496,-3.0975383203158113,-0.18089127415973788,3.25378376566241,0
2825,1900,131492.5,1149251492.5,3783972.315855834,900509.5828620659,5037972.324648604,52.5154812297684,13.3862470215416,74.6151212363168,0.9736732450231422,-3.0187156149397074,-0.1904543547117986,3.17757083527392,0
2826,1900,131492.7,1149251492.7,3783972.508592502,900508.9908564107,5037972.281764069,52.5154806355446,13.3862378807416,74.6117882371561,0.9537743164958088,-2.9014081608634648,-0.19643658037415054,3.06046435902156,0
2827,1900,131492.9,1149251492.9,3783972.7119181855,900508.4304531451,5037972.225810432,52.5154798442186,13.3862291566965,74.6088059521072,0.9210027658669533,-2.7501384543903944,-0.19884490128821536,2.90706843879185,0
2828,1900,131493.1,1149251493.1,3783972.9011614006,900507.9006380455,5037972.175422657,52.5154791305244,13.386220919009,74.6062127973766,0.8812182027749482,-2.5798782329218155,-0.19939274206259955,2.7335095908361,0
2829,1900,131493.3,1149251493.3,3783973.0808723373,900507.4047371093,5037972.126658529,52.5154784358469,13.3862131998236,74.6040429087293,0.8407831283308176,-2.4146749678311825,-0.19855735468998428,2.56456555624101,0
2830,1900,131493.5,1149251493.5,3783973.245723829,900506.937363206,5037972.084484227,52.5154778331939,13.3862059401091,74.6023242990336,0.808182139691791,-2.280464818977032,-0.19806388858845145,2.4275311461383,0
2831,1900,131493.7,1149251493.7,3783973.4096248117,900506.4932045381,5037972.039491709,52.5154771833962,13.3861990163135,74.6010774323633,0.7892391195137138,-2.189500596749056,-0.20008188813693378,2.33598887259672,0
2832,1900,131493.9,1149251493.9,3783973.5734090754,900506.0643154413,5037971.99248381,52.5154764981777,13.386192311731,74.6003135421701,0.7832703386711632,-2.1357527772633302,-0.20517179113372255,2.28408577179297,0
2833,1900,131494.1,1149251494.1,3783973.738069926,900505.644919241,5037971.943746734,52.5154757817496,13.3861857401937,74.6000339289252,0.7881315781820846,-2.1030490051105324,-0.21460524478453222,2.25610769102745,0
2834,1900,131494.3,1149251494.3,3783973.9009892354,900505.2287700026,5037971.896334108,52.5154750792851,13.3861792211251,74.6002317594755,0.8027259798879457,-2.074565713047304,-0.23055090725629937,2.2363688464507,0
2835,1900,131494.5,1149251494.5,3783974.0679991636,900504.8196304363,5037971.845210851,52.5154743165783,13.3861727885561,74.600894443163,0.8287828122993033,-2.044224704495947,-0.2553780885008738,2.22057505176489,0
2836,1900,131494.7,1149251494.7,3783974.2400234994,900504.4155272123,5037971.79001648,52.5154734885071,13.3861664110583,74.6020048086273,0.8684281017660636,-2.0197884649625215,-0.2892947347040966,2.2175220978967,0
2837,1900,131494.9,1149251494.9,3783974.4193983655,900504.0152511689,5037971.7291976055,52.5154725723666,13.3861600633375,74.6035428765092,0.929922952615028,-2.0093889804957192,-0.33702034483784116,2.23963914182006,0
2838,1900,131495.1,1149251495.1,3783974.6231148355,900503.6167141387,5037971.650419814,52.5154713862808,13.3861536575261,74.6054858323691,1.0110599874693682,-2.0161694226326867,-0.39635002859091784,2.29003816216774,0
2839,1900,131495.3,1149251495.3,3783974.8373020906,900503.2160815871,5037971.564677691,52.5154700929306,13.3861471859779,74.6078061246202,1.1083280132126916,-2.0330027879512964,-0.46592959680365037,2.3619021380801,0
2840,1900,131495.5,1149251495.5,3783975.075238426,900502.8128804131,5037971.46210564,52.5154685470311,13.386140596631,74.6104695113711,1.2096886829023306,-2.044756091355093,-0.5394645044630968,2.4362668438107,0
2841,1900,131495.7,1149251495.7,3783975.328743331,900502.4087581438,5037971.348463283,52.5154668341097,13.3861339409924,74.6134354954017,1.305238002306165,-2.028829245557979,-0.613578312114848,2.48923134629814,0
2842,1900,131495.9,1149251495.9,3783975.602713005,900502.0127452298,5037971.218445563,52.5154648762805,13.3861273317724,74.6166653083574,1.3809454798900547,-1.9784404718290334,-0.6790074604822816,2.50644933130324,0
2843,1900,131496.1,1149251496.1,3783975.885475939,900501.6292097311,5037971.079929405,52.5154627903762,13.3861208713687,74.620115132026,1.4389008086445485,-1.9018096555155046,-0.735851565668363,2.49575500192357,0
2844,1900,131496.3,1149251496.3,3783976.177488827,900501.2619747901,5037970.931821373,52.5154605609374,13.38611461301,74.62372630063,1.4925631724375175,-1.822083181125821,-0.7900424663210477,2.48433070287532,0
2845,1900,131496.5,1149251496.5,3783976.4916247725,900500.9126377772,5037970.764158849,52.5154580415414,13.3861085356864,74.6274394089701,1.556791492226623,-1.7561115331174735,-0.8496741238396229,2.49589134053148,0
2846,1900,131496.7,1149251496.7,3783976.805225058,900500.5716325537,5037970.59547217,52.5154555065054,13.3861025795858,74.6311965871205,1.642181872194947,-1.7075033484191873,-0.9220112047664893,2.54213171333497,0
2847,1900,131496.9,1149251496.9,3783977.131971805,900500.2377906552,5037970.415696213,52.5154528077999,13.3860966813046,74.6349463730411,1.748012688984021,-1.6712185461717946,-1.0074101950182397,2.61980821644341,0
2848,1900,131497.1,1149251497.1,3783977.4911866477,900499.9144061616,5037970.209777365,52.5154497236254,13.386090822156,74.6386462437754,1.867664097003738,-1.6323303064277572,-1.103582485058571,2.71487858105061,0
2849,1900,131497.3,1149251497.3,3783977.883409535,900499.6030160252,5037969.976998759,52.5154462437785,13.3860850223235,74.6422635499694,1.9935442874771703,-1.578574567058307,-1.2070415443304783,2.81479409187171,0
2850,1900,131497.5,1149251497.5,3783978.293468685,900499.3022594952,5037969.728890583,52.5154425388102,13.3860793140469,74.6457740775826,2.1175664399832996,-1.5021717602138045,-1.3131353142360829,2.90945561547539,0
2851,1900,131497.7,1149251497.7,3783978.7384010986,900499.0246303917,5037969.450507504,52.5154383881743,13.386073818264,74.6491648039295,2.23519112329602,-1.389101177187483,-1.4209664148311674,2.9907903621289,0
2852,1900,131497.9,1149251497.9,3783979.183911591,900498.7677387752,5037969.167860859,52.5154341759765,13.3860686176814,74.6524362201327,2.3421390591858104,-1.2459059768615297,-1.5261804946851396,3.06057575924865,0
2853,1900,131498.1,1149251498.1,3783979.6313214297,900498.5378255232,5037968.878879138,52.5154298714195,13.3860637972257,74.6556060032801,2.4435570322767575,-1.0829936625459662,-1.6307695713436856,3.13101511301437,0
2854,1900,131498.3,1149251498.3,3783980.0355225983,900498.3207383446,5037968.619769374,52.5154260087951,13.3860593079216,74.6587065826729,2.548441450126048,-0.9121564529167513,-1.739351851574571,3.21744123223628,0
2855,1900,131498.5,1149251498.5,3783980.503782221,900498.154680236,5037968.303775249,52.5154213064587,13.3860553314167,74.6617813155477,2.6670514276461077,-0.740588121509048,-1.8583041526293862,3.33390587856182,0
2856,1900,131498.7,1149251498.7,3783981.0329278726,900498.0344482973,5037967.934235234,52.5154158132645,13.3860518039716,74.6648682174935,2.79009207642068,-0.5605157334100814,-1.9820719550883121,3.46805434176763,0
2857,1900,131498.9,1149251498.9,3783981.6162031,900497.9608837665,5037967.516057423,52.5154096015354,13.3860487606824,74.6679805627608,2.899525351017722,-0.3668953072919745,-2.0980932537908084,3.59775690247546,0
2858,1900,131499.1,1149251499.1,3783982.2407941697,900497.9337618606,5037967.058824998,52.5154028129413,13.3860462420256,74.6711051954871,2.9772211621019364,-0.14986986370038546,-2.1945918810384697,3.70169425377531,0
2859,1900,131499.3,1149251499.3,3783982.83788603,900497.9419022761,5037966.615829345,52.5153962347568,13.3860443224609,74.6742150380469,3.0218035050134975,0.08257121223969466,-2.2691226933897997,3.77981907313818,0
2860,1900,131499.5,1149251499.5,3783983.422480043,900497.9920021934,5037966.174663425,52.5153896840081,13.3860430468013,74.6772894629053,3.0452455503363924,0.30831860496417124,-2.326693044109698,3.84474724078438,0
2861,1900,131499.7,1149251499.7,3783984.0126324175,900498.0855599754,5037965.721569769,52.5153829577269,13.3860423749425,74.6803123369209,3.0623591330495703,0.5230280912397901,-2.3775822457285702,3.91209651966842,0
2862,1900,131499.9,1149251499.9,3783984.6031671125,900498.2210391093,5037965.260659071,52.5153761168371,13.3860423025173,74.6832648006143,3.082652260495929,0.7183082647552501,-2.4273940334350175,3.98885365937537,0
2863,1900,131500.1,1149251500.1,3783985.2173537016,900498.3997080231,5037964.774311967,52.5153689014644,13.3860427683477,74.6861202603765,3.1119447444752875,0.8884443857951397,-2.479455769403092,4.07691481781807,0
2864,1900,131500.3,1149251500.3,3783985.8297921503,900498.6073143363,5037964.283968309,52.5153616285906,13.3860436548152,74.6888464270903,3.156809771993421,1.031117299284998,-2.5382597066886436,4.17988195527542,0
2865,1900,131500.5,1149251500.5,3783986.4486492225,900498.8392548962,5037963.784318805,52.5153542201257,13.3860448681055,74.6914166298724,3.220120057001185,1.1437487768785457,-2.605491339900089,4.29719903756003,0
2866,1900,131500.7,1149251500.7,3783987.078891557,900499.0918539761,5037963.2722897185,52.5153466308741,13.3860463386076,74.6938142890368,3.29974655804801,1.2349953512105882,-2.681099207622492,4.4273958289242,0
2867,1900,131500.9,1149251500.9,3783987.732420819,900499.3626380163,5037962.739427597,52.5153387361259,13.3860479902877,74.6960289463541,3.391950544794394,1.3080250248045515,-2.7628564538322635,4.56613991773451,0
2868,1900,131501.1,1149251501.1,3783988.3918371503,900499.6434509432,5037962.200159301,52.515330748948,13.3860497656058,74.6980584932932,3.4887181023858562,1.3713583021048819,-2.8462969297431635,4.70671688153559,0
2869,1900,131501.3,1149251501.3,3783989.085771518,900499.9422671067,5037961.631715976,52.5153223330414,13.386051681197,74.6999089551763,3.582812224971231,1.4212269253485361,-2.925352339739269,4.83881346244686,0
2870,1900,131501.5,1149251501.5,3783989.8020282546,900500.2490902838,5037961.04498828,52.51531364907,13.3860536354044,74.7015939003177,3.6736634501717322,1.4339838218516636,-2.9953993536812473,4.95222475605601,0
2871,1900,131501.7,1149251501.7,3783990.523806722,900500.5504269715,5037960.454931459,52.5153049176449,13.3860554921589,74.7031332682577,3.7554455635891233,1.4068126616471113,-3.0515911573568824,5.03931561203608,0
2872,1900,131501.9,1149251501.9,3783991.2759257937,900500.8483028106,5037959.84270202,52.5152958601995,13.3860571958503,74.7045530212247,3.818619012700734,1.34715979244762,-3.08813268603672,5.09247033934567,0
2873,1900,131502.1,1149251502.1,3783992.0140243312,900501.1283545081,5037959.243985367,52.5152870033401,13.3860586919329,74.7058839797375,3.8514936030958373,1.2781831186103934,-3.100413788349506,5.10688953457743,0
2874,1900,131502.3,1149251502.3,3783992.766422655,900501.3947429351,5037958.6369579565,52.5152780243879,13.3860599434539,74.707161124668,3.8558577334508355,1.2111922374830093,-3.0917767270108043,5.0885861323591,0
2875,1900,131502.5,1149251502.5,3783993.524257246,900501.6506885045,5037958.027702563,52.5152690127791,13.3860610267887,74.7084175984271,3.843259099840194,1.1633413125525207,-3.0738825136384307,5.05695137663474,0
2876,1900,131502.7,1149251502.7,3783994.2741409787,900501.8991984099,5037957.4257187005,52.5152601083681,13.3860620306837,74.7096896759276,3.8346214632838285,1.1299260584451818,-3.0615064602323723,5.03526329701586,0
2877,1900,131502.9,1149251502.9,3783995.014397554,900502.1382916895,5037956.832659736,52.5152513350958,13.3860629324682,74.7110178363059,3.8443397819554406,1.1113588043126876,-3.06546141114974,5.04094439706457,0
2878,1900,131503.1,1149251503.1,3783995.760263266,900502.3758356755,5037956.235809654,52.5152425047371,13.3860637929225,74.7124402652352,3.8750419937560023,1.10786003842736,-3.087747174324665,5.07715342792265,0
2879,1900,131503.3,1149251503.3,3783996.5191605403,900502.6161390587,5037955.628910983,52.5152335244679,13.3860646484783,74.7139928172376,3.91844442042947,1.116709890874779,-3.1217006732525334,5.13286106862028,0
2880,1900,131503.5,1149251503.5,3783997.2864143974,900502.858462114,5037955.0156220915,52.5152244479471,13.386065504478,74.71570657523,3.9662067179017666,1.1347542764853578,-3.1605394363597594,5.19687141710435,0
2881,1900,131503.7,1149251503.7,3783998.06355406,900503.1059365268,5037954.3942766525,52.5152152502835,13.3860664005838,74.7176058339096,4.013653525074414,1.1594878099711063,-3.2003305010501335,5.26269340896519,0
2882,1900,131503.9,1149251503.9,3783998.846957595,900503.3589501221,5037953.7675288515,52.5152059704778,13.3860673547048,74.7197071218351,4.057156359395728,1.1900446078873528,-3.238213026243559,5.32566873703955,0
2883,1900,131504.1,1149251504.1,3783999.6441299114,900503.6187552272,5037953.129568198,52.5151965226238,13.3860683591935,74.7220192110975,4.094959951695614,1.2193449196937287,-3.2716204750239575,5.38135666647081,0
2884,1900,131504.3,1149251504.3,3784000.4543947573,900503.8868694501,5037952.480631039,52.5151869101999,13.3860694381034,74.7245431140101,4.122678618789194,1.2458859838752503,-3.297014001503516,5.42392959068871,0
2885,1900,131504.5,1149251504.5,3784001.2736511133,900504.1604916466,5037951.824267473,52.5151771856944,13.3860705652793,74.7272733727939,4.134369851372574,1.269752763365072,-3.3099751422204613,5.44621167327612,0
2886,1900,131504.7,1149251504.7,3784002.0855053314,900504.4366394291,5037951.173224273,52.5151675374649,13.3860717538893,74.730199224095,4.128040349887831,1.2893198930343428,-3.308728138522031,5.44524974739668,0
2887,1900,131504.9,1149251504.9,3784002.8968179007,900504.7166784591,5037950.522121867,52.5151578862451,13.3860730001076,74.7333058328866,4.106754844780529,1.2971553483126845,-3.294239954490795,5.42218260763579,0
2888,1900,131505.1,1149251505.1,3784003.7096640756,900504.9995213968,5037949.869582,52.5151482118964,13.3860742812755,74.7365749355652,4.070517099318101,1.2993812060635166,-3.2676003469200814,5.37909964600995,0
2889,1900,131505.3,1149251505.3,3784004.496947925,900505.2775769797,5037949.237141994,52.5151388327017,13.3860755810129,74.7399858942259,4.022324694963419,1.2938678884940575,-3.230667575562721,5.31887234744179,0
2890,1900,131505.5,1149251505.5,3784005.284492034,900505.5566187018,5037948.604484126,52.5151294488821,13.3860768939936,74.7435171607148,3.9620925216637004,1.2822309371760001,-3.1836650031502263,5.24194774666423,0
2891,1900,131505.7,1149251505.7,3784006.0585466847,900505.831047013,5037947.982832159,52.5151202264455,13.3860781868654,74.7471459517644,3.8934256071222264,1.2655341583519248,-3.129471089278348,5.15305045218651,0
2892,1900,131505.9,1149251505.9,3784006.8171574376,900506.102281104,5037947.373363668,52.5151111830471,13.3860794866304,74.7508495599226,3.8216218676143394,1.240553507832815,-3.0714660341429942,5.05743712800451,0
2893,1900,131506.1,1149251506.1,3784007.5638860464,900506.3670505385,5037946.773970095,52.5151022878464,13.3860807342769,74.7546026703094,3.7468470290242015,1.2174825484469078,-3.0115833296490737,4.95890719474568,0
2894,1900,131506.3,1149251506.3,3784008.2974683926,900506.6192864183,5037946.1866428405,52.5150935705223,13.3860818471485,74.758382069162,3.6718725643320242,1.1927644248987939,-2.9512591801822547,4.85955407939951,0
2895,1900,131506.5,1149251506.5,3784008.9933378627,900506.8702526962,5037945.627683784,52.5150852720524,13.3860830704351,74.7621665390342,3.5982389334933984,1.1687602284057628,-2.892062066308547,4.7620738013382,0
2896,1900,131506.7,1149251506.7,3784009.70675705,900507.1228856023,5037945.055315856,52.5150767757564,13.3860842577558,74.7659356062471,3.5261369743932574,1.146812009565718,-2.8343727123099702,4.6671713510171,0
2897,1900,131506.9,1149251506.9,3784010.3922547097,900507.3681720453,5037944.505039265,52.5150686060962,13.3860854350195,74.7696694708543,3.4551728587518182,1.1299830476360038,-2.778441121249108,4.57545803565588,0
2898,1900,131507.1,1149251507.1,3784011.077076179,900507.6133097294,5037943.955225252,52.5150604439021,13.386086612457,74.7733492526246,3.38545314570163,1.1118408325457723,-2.723204746917414,4.48478841555437,0
2899,1900,131507.3,1149251507.3,3784011.7352502276,900507.8512659419,5037943.426476442,52.5150525936211,13.3860877778569,74.7769571025264,3.3146608063059517,1.0945318212477733,-2.6673159849381287,4.39312539453306,0
2900,1900,131507.5,1149251507.5,3784012.3887229236,900508.0874687352,5037942.901435055,52.5150447991237,13.3860889341625,74.7804766320856,3.240963252405749,1.0741049388821735,-2.6087061055666343,4.29684672386579,0
2901,1900,131507.7,1149251507.7,3784013.020477659,900508.3170537656,5037942.393641273,52.5150372605349,13.386090069698,74.7838926540433,3.161101312351244,1.0523453212802685,-2.5452604510681147,4.19265344930161,0
2902,1900,131508.0,1149251508.0,3784013.9438241543,900508.653450221,5037941.651205772,52.515026239602,13.3860917414506,74.7887941191025,3.025613415960517,1.0128003317265706,-2.4371561666885966,4.01495096303977,0
2903,1900,131508.2,1149251508.2,3784014.5361267845,900508.8699257501,5037941.174779255,52.5150191678801,13.3860928236661,74.7918973327627,2.9268922344086428,0.982945503133368,-2.3582026738546307,3.88509972393848,0
2904,1900,131508.4,1149251508.4,3784015.1079888516,900509.079617521,5037940.71462918,52.5150123381683,13.3860938783767,74.7948592359065,2.8275346090405478,0.9525674911236298,-2.2786813947156452,3.75429429974408,0
2905,1900,131508.6,1149251508.6,3784015.616171962,900509.278080725,5037940.303795925,52.515006238445,13.3860949893403,74.7976735434451,2.7343789988975464,0.922815266020667,-2.2038982982717403,3.63119597845363,0
2906,1900,131508.8,1149251508.8,3784016.1616443857,900509.4776016339,5037939.864764309,52.5149997240844,13.3860959882962,74.8003372256131,2.652147552006597,0.897716851245857,-2.138091732942068,3.52295592380895,0
2907,1900,131509.0,1149251509.0,3784016.6851560427,900509.6698021619,5037939.443225723,52.5149934698189,13.3860969572417,74.8028493533565,2.5838380078060283,0.8763953062283629,-2.0833424929967106,3.43287103260345,0
2908,1900,131509.2,1149251509.2,3784017.1974352812,900509.8585031718,5037939.030499775,52.5149873474457,13.3860979143438,74.8052116344435,2.528086489707723,0.859123973368763,-2.0386815730027044,3.3593954600732,0
2909,1900,131509.4,1149251509.4,3784017.700464529,900510.04398938,5037938.625062831,52.51498133441,13.386098856922,74.8074287905316,2.482448056903234,0.8425837731102266,-2.0016955699196894,3.29837549781213,0
2910,1900,131509.6,1149251509.6,3784018.19536384,900510.2246728693,5037938.226368785,52.5149754225768,13.3860997584019,74.8095068555152,2.441106089384087,0.827396408995181,-1.968155229657884,3.24302617400413,0
2911,1900,131509.8,1149251509.8,3784018.5995946294,900510.3898628821,5037937.897905629,52.5149705493773,13.3861007470589,74.8114535667294,2.3983648393841035,0.812475584354718,-1.933618154649552,3.186086886128,0
2912,1900,131510.0,1149251510.0,3784019.070746802,900510.5628129913,5037937.517981265,52.514964917695,13.3861016187019,74.8132773890144,2.3486914692435223,0.7944822619105862,-1.8933637060310955,3.11967623408322,0
2913,1900,131510.2,1149251510.2,3784019.535638488,900510.733294837,5037937.143022147,52.5149593606711,13.3861024763241,74.8149871692699,2.2883428470609575,0.7740534845718093,-1.8447122642297664,3.0395123162232,0
2914,1900,131510.4,1149251510.4,3784019.9886714593,900510.8998061595,5037936.777483176,52.5149539439841,13.3861033174893,74.8165920038756,2.212796380135502,0.7496852474469424,-1.7840225829138916,2.93959731366851,0
2915,1900,131510.6,1149251510.6,3784020.4213595227,900511.0630809692,5037936.427576945,52.5149487592673,13.3861041816555,74.818101061426,2.117942406302222,0.7187981661187044,-1.7077705572569153,2.81404177585594,0
2916,1900,131510.8,1149251510.8,3784020.836466247,900511.215863048,5037936.092540537,52.5149437951564,13.3861049554171,74.8195227339741,2.001215645183087,0.6796673577262324,-1.6137360313596638,2.65912687824266,0
2917,1900,131511.0,1149251511.0,3784021.2205382357,900511.3579178824,5037935.78246326,52.5149392005426,13.3861056812924,74.8208652610612,1.8630793242593466,0.6337281113991619,-1.5025194282992151,2.47593225272357,0
2918,1900,131511.2,1149251511.2,3784021.5834210347,900511.4911907607,5037935.489663069,52.5149348619033,13.386106353582,74.8221356817262,1.7090536681455497,0.5814886883665419,-1.3783295063818197,2.27129605368009,0
2919,1900,131511.4,1149251511.4,3784021.9075781032,900511.61273939,5037935.227754208,52.5149309802023,13.3861069899262,74.8233405110158,1.5457065914162984,0.5268527084523202,-1.2467595138364587,2.05455394879109,0
2920,1900,131511.6,1149251511.6,3784022.204146153,900511.7218194782,5037934.988566442,52.5149274347304,13.3861075416809,74.8244848703767,1.3806870937011817,0.47076708389427196,-1.1136843305927404,1.83526872315722,0
2921,1900,131511.8,1149251511.8,3784022.42417798,900511.7743315969,5037934.816453562,52.5149248804042,13.3861075438235,74.8255731480904,1.2207493122312367,0.4166248298824056,-0.9847454770893203,1.62281508091201,0
2922,1900,131512.0,1149251512.0,3784022.6552848844,900511.8597262806,5037934.630173035,52.514922117484,13.3861079794033,74.8266086763743,1.0732277264630279,0.3664028984715011,-0.8657661069535559,1.42675148109502,0
2923,1900,131512.3,1149251512.3,3784022.9568663696,900511.9709770485,5037934.387254978,52.5149185132496,13.3861085451667,74.8280669536894,0.888945901254345,0.3034556053024896,-0.7171013490929646,1.1817548242412,0
2924,1900,131512.5,1149251512.5,3784023.1322828787,900512.0350276846,5037934.246155375,52.5149164189814,13.3861088648029,74.828977075044,0.7927035129550442,0.2707677534204419,-0.6394933599193868,1.05387181057499,0
2925,1900,131512.7,1149251512.7,3784023.2935653185,900512.0819273472,5037934.1185831325,52.5149145250553,13.3861089868666,74.8298372887103,0.7125211375500902,0.2434517721457441,-0.5748211513566228,0.947298523625753,0
2926,1900,131512.9,1149251512.9,3784023.29801789,900512.122600618,5037934.109059907,52.5149143749402,13.3861095545282,74.8306468840719,0.640796822522425,0.2188570900718108,-0.5169424410093445,0.851908728060839,0
2927,1900,131513.1,1149251513.1,3784023.4244081858,900512.201192845,5037934.001763251,52.5149127816273,13.3861102497339,74.8314042092413,0.573417109257724,0.19589277852518455,-0.4625946378965545,0.762348319915802,0
2928,1900,131513.3,1149251513.3,3784023.53857093,900512.2426826067,5037933.910108169,52.5149114199304,13.3861104549617,74.8321070503451,0.5087089047017593,0.17387806558188212,-0.41040857978080003,0.676353113226408,0
2929,1900,131513.5,1149251513.5,3784023.645206775,900512.2807114027,5037933.824611399,52.5149101498406,13.3861106362623,74.8327528940879,0.4467724805293951,0.15267727065035314,-0.36043499097317666,0.593994428466685,0
2930,1900,131513.7,1149251513.7,3784023.7264835164,900512.3077107351,5037933.759917533,52.5149091876448,13.386110745991,74.8333390293049,0.3883102110229075,0.13273843132196514,-0.3132774448958729,0.516281966191884,0
2931,1900,131513.9,1149251513.9,3784023.8020168203,900512.3181169542,5037933.702375839,52.5149083317988,13.3861106375276,74.833862490389,0.3334857580244355,0.1139567961009347,-0.26903945125274176,0.443374704412756,0
2932,1900,131514.1,1149251514.1,3784023.867496712,900512.3426234252,5037933.649748232,52.5149075492908,13.3861107654042,74.8343200524223,0.28095157880008387,0.0960767629131166,-0.22667025696548815,0.373555804927354,0
2933,1900,131514.3,1149251514.3,3784023.9251884036,900512.3626921574,5037933.603632158,52.5149068637468,13.3861108562476,74.8347085862762,0.22769249240326078,0.07781779237387365,-0.18369294190678878,0.302725249711885,0
2934,1900,131514.5,1149251514.5,3784023.9713283004,900512.3807792794,5037933.566395156,52.5149063101681,13.3861109580886,74.8350246703718,0.17046225023609793,0.0582627368803178,-0.1375227115363196,0.226637202269709,0
2935,1900,131514.7,1149251514.7,3784024.0028390675,900512.4018486945,5037933.539447312,52.5149059094192,13.386111152554,74.8352647275858,0.10961982346564518,0.0374608740782091,-0.0884361360786985,0.145742145407129,0
2936,1900,131514.9,1149251514.9,3784023.947049055,900512.3974504012,5037933.582053844,52.5149065367081,13.386111279782,74.8354249381533,0.05438528141492942,0.018586079593202794,-0.04387562897645578,0.0723067908795954,1
2937,1900,131515.1,1149251515.1,3784023.9862662023,900512.4191415864,5037933.549043675,52.5149060483191,13.386111456877,74.8355044136043,0.017225496873922053,0.005886753379592193,-0.01389676027900807,0.0229017805892436,1
2938,1900,131515.3,1149251515.3,3784024.0029161554,900512.4663334156,5037933.52824065,52.5149057411412,13.3861120763535,74.8355028613732,-0.0014744154809790313,-0.0005038196711270231,0.0011894824036177377,-0.0019602560190142,1
2939,1900,131515.5,1149251515.5,3784023.981312325,900512.4831975744,5037933.541256419,52.5149059343493,13.3861123916894,74.8354170429148,-0.008682295683142787,-0.002966921122427217,0.007004448175665079,-0.011543273951605,1
2940,1900,131515.7,1149251515.7,3784023.9132229895,900512.4097614499,5037933.604878152,52.5149068758607,13.3861115715524,74.8352450019198,-0.011483116253809593,-0.003924351830438856,0.009264070773668262,-0.0152671380254162,1
2941,1900,131515.9,1149251515.9,3784023.912438858,900512.4085461382,5037933.605353092,52.514906885904,13.3861115568111,74.8349864265451,-0.015108651629283822,-0.005163331081305029,0.012188984252837163,-0.0200873761110341,1
2942,1900,131516.1,1149251516.1,3784023.895663838,900512.4227378387,5037933.614921609,52.5149070311737,13.3861118173836,74.8346474178369,-0.018152652054896665,-0.006203539287824298,0.014644735348059403,-0.0241344349371686,1
2943,1900,131516.3,1149251516.3,3784023.8944208333,900512.4226202598,5037933.615355893,52.5149070423657,13.3861118199376,74.8342395769432,-0.019770009440544394,-0.006756207331120028,0.015949536548681725,-0.0262847356254163,1
2944,1900,131516.5,1149251516.5,3784023.883817306,900512.4188305876,5037933.623345964,52.5149071658759,13.386111801792,74.8337683541399,-0.019683307098242144,-0.006726546556232494,0.015879583484169745,-0.0261694512462067,1
2945,1900,131516.7,1149251516.7,3784023.8821362345,900512.4177035214,5037933.624133442,52.5149071837049,13.386111791374,74.833239206143,-0.018245859951007866,-0.0062353060465172696,0.014719915828395713,-0.0242583257633453,1
2946,1900,131516.9,1149251516.9,3784023.8807197902,900512.4173665722,5037933.624518423,52.5149071961926,13.3861117913759,74.8326586548601,-0.01590089686428559,-0.005433951906326447,0.012828109698844943,-0.0211406422053474,1
2947,1900,131517.1,1149251517.1,3784023.868182956,900512.4118067975,5037933.634067138,52.5149073445605,13.3861117544578,74.8320302880203,-0.01208855179041114,-0.004131357102238948,0.009752526621224424,-0.0160721178253945,1
2948,1900,131517.3,1149251517.3,3784023.794956389,900512.3813407945,5037933.6932616765,52.5149082265597,13.3861115675992,74.8313578351911,-0.008336892572225434,-0.0028489183197056792,0.006725798488419118,-0.0110840641761045,1
2949,1900,131517.5,1149251517.5,3784023.807629222,900512.3887889634,5037933.681590334,52.5149080625227,13.3861116311141,74.8306484367647,-0.0056203379520713,-0.0019204414246485034,0.004534185510555885,-0.0074722909609526,1
2950,1900,131517.7,1149251517.7,3784023.773723278,900512.405293419,5037933.703025182,52.514908387708,13.3861119832482,74.8299094604381,-0.004169461694969562,-0.0014247758104756235,0.0033637130226026814,-0.0055433710172026,1
2951,1900,131517.9,1149251517.9,3784023.7597594927,900512.4095168301,5037933.711732433,52.5149085252222,13.3861120913888,74.8291469289375,-0.002976254542711076,-0.0010171573037638633,0.002401114614984352,-0.0039570255846911,1
2952,1900,131518.1,1149251518.1,3784023.718813449,900512.392427583,5037933.744331408,52.5149090157588,13.3861119861352,74.8283659819941,-0.0028101382548203083,-0.000960568335911527,0.002267131478585696,-0.0037362352281882,1
2953,1900,131518.3,1149251518.3,3784023.711324005,900512.4115757574,5037933.745516665,52.5149090425846,13.386112286068,74.8275703278101,-0.0026048503748476995,-0.0008903884142090321,0.0021015102439394993,-0.0034632906763488,1
2954,1900,131518.5,1149251518.5,3784023.7047243523,900512.3994158172,5037933.751577889,52.5149091415893,13.3861121343229,74.8267596530299,-0.0016671511115198677,-0.0005697957830467666,0.0013449921458636297,-0.00221654324015,1
2955,1900,131518.7,1149251518.7,3784023.7054550606,900512.3985545066,5037933.750145298,52.5149091301077,13.3861121194885,74.8259341244254,-0.00031990708814728377,-0.0001093358330891044,0.00025808824418115843,-0.0004253285920658,1
2956,1900,131518.9,1149251518.9,3784023.7014045157,900512.3977765843,5037933.7522469,52.5149091709843,13.3861121221541,74.8250941599403,0.00034825893625419575,0.00011900071442389541,-0.0002809569359344478,0.0004630143157225,1
2957,1900,131519.1,1149251519.1,3784023.699010045,900512.3958465883,5037933.753300399,52.5149091965426,13.386112102663,74.8242406305697,0.0005633547851548895,0.00019251255593284784,-0.0004544872612821495,0.0007489915679208,1
2958,1900,131519.3,1149251519.3,3784023.7049671276,900512.3955091735,5037933.747823428,52.5149091258223,13.386112077513,74.8233737754085,0.0006608035295078067,0.00022581171833043802,-0.0005331039010796442,0.0008785510833706,1
2959,1900,131519.5,1149251519.5,3784023.708428176,900512.3955724942,5037933.744117652,52.514909081442,13.3861120666175,74.8224911355331,0.0006481744229173273,0.0002214779368027711,-0.0005229121393682198,0.0008617538305765,1
2960,1900,131519.7,1149251519.7,3784023.710345575,900512.3919536751,5037933.742193782,52.5149090635938,13.3861120082213,74.821589816556,0.000541343310224599,0.00018497034571230878,-0.00043672586491735253,0.0007197194518739,1
2961,1900,131519.9,1149251519.9,3784023.706348351,900512.3879631746,5037933.744724184,52.5149091117491,13.386111964669,74.8206690653744,0.00035797652652104137,0.00012232007865748881,-0.0002887963707013557,0.0004759335446395,1
2962,1900,131520.1,1149251520.1,3784023.7451324635,900512.3636679457,5037933.718915761,52.5149087416669,13.386111484258,74.8197279153201,0.00012570615320243818,4.2952445903926506e-05,-0.00010141281387254105,0.0001671272221382,1
2963,1900,131520.3,1149251520.3,3784023.742654808,900512.36450709,5037933.719399873,52.5149087601169,13.3861115047322,74.8187634623598,2.594724143352432e-05,8.86568041274947e-06,-2.093276996022724e-05,3.44969634228638e-05,1
2964,1900,131520.5,1149251520.5,3784023.7442413685,900512.3621871853,5037933.717369028,52.5149087418344,13.3861114660776,74.8177643952729,-7.643963931078573e-05,-2.6116540492619077e-05,6.166693211519178e-05,-0.0001016262892256,1
2965,1900,131520.7,1149251520.7,3784023.7434169133,900512.3632971924,5037933.71646991,52.5149087408042,13.3861114847955,74.8167192248912,-8.414707746349229e-05,-2.874900401075741e-05,6.788467677899727e-05,-0.0001118729869926,1
2966,1900,131520.9,1149251520.9,3784023.744080565,900512.3617173736,5037933.714872645,52.5149087300734,13.3861114598936,74.8156220960293,5.455112375441036e-05,1.8635915060892433e-05,-4.400820513668577e-05,7.25247857796106e-05,1
2967,1900,131521.1,1149251521.1,3784023.7609467325,900512.3517827479,5037933.702605497,52.5149085623853,13.3861112600139,74.8144734412618,0.00043559066429327883,0.00014880338950704536,-0.0003514046962515956,0.0005791087428937,1
2968,1900,131521.3,1149251521.3,3784023.7636691644,900512.3482781737,5037933.699686123,52.5149085333197,13.3861112005095,74.8132748699226,0.000864227897689032,0.0002952474497000933,-0.0006972026917425183,0.0011489788984448,1
2969,1900,131521.5,1149251521.5,3784023.7732284246,900512.3515685161,5037933.690396297,52.51490841077,13.3861112150609,74.8120261430734,0.0013188089978992325,0.00045052762732153043,-0.0010639256951276168,0.0017533311725606,1
2970,1900,131521.7,1149251521.7,3784023.7752521164,900512.3543983668,5037933.686751297,52.514908372126,13.3861112487113,74.810730553786,0.0015470601443668874,0.0005284349960665188,-0.0012480513325579218,0.0020567622040615,1
2971,1900,131521.9,1149251521.9,3784023.7819312997,900512.3496215006,5037933.680929716,52.5149083018408,13.3861111574817,74.8093922809509,0.0015857695525701935,0.0005416970001093308,-0.0012792862462941738,0.0021082395532158,1
2972,1900,131522.1,1149251522.1,3784023.7828074913,900512.350846892,5037933.678321782,52.5149082794774,13.3861111720535,74.8080142227924,0.0015707379884930643,0.000536537160053812,-0.0012671553968997688,0.0020882463342494,1
2973,1900,131522.3,1149251522.3,3784023.795505671,900512.3657080511,5037933.664427028,52.5149080908673,13.3861113417097,74.8065999271344,0.0011399956260945562,0.00038936423949323217,-0.0009196574053007032,0.0015155739116372,1
2974,1900,131522.5,1149251522.5,3784023.783161416,900512.3596699241,5037933.672884793,52.5149082327228,13.3861112972801,74.8051524965133,0.0008984954743935753,0.0003068950586994801,-0.0007248370212118929,0.0011945155511249,1
2975,1900,131522.7,1149251522.7,3784023.7934183837,900512.361717486,5037933.663010884,52.5149081041905,13.3861112916432,74.8036782606087,0.0007949788516809345,0.00027152059364173454,-0.0006413248019025714,0.0010568880304587,1
2976,1900,131522.9,1149251522.9,3784023.79695666,900512.3659316718,5037933.65774017,52.5149080438636,13.386111339966,74.8021843507986,0.0006582694516569544,0.00022479405684431027,-0.0005310326154809572,0.0008751266637932,1
2977,1900,131523.1,1149251523.1,3784023.8062950256,900512.3764903331,5037933.647001233,52.5149079029223,13.3861114594253,74.8006789812409,0.0006622283290916209,0.0002261421249825451,-0.0005342255996158667,0.0008803883301294,1
2978,1900,131523.3,1149251523.3,3784023.813893151,900512.376064962,5037933.639505803,52.5149078099246,13.3861114274186,74.7991695956171,0.0007267778361769107,0.00024815964834098997,-0.0005862937875840867,0.0009661933758738,1
2979,1900,131523.5,1149251523.5,3784023.8190581687,900512.3763170049,5037933.633707582,52.514907741969,13.3861114134166,74.7976619514566,0.000992706520147315,0.0003389309293130977,-0.000800813803193453,0.0013197132860486,1
2980,1900,131523.7,1149251523.7,3784023.826044552,900512.3775312798,5037933.626392327,52.5149076514935,13.3861114069921,74.7961643798771,0.0012912740891715723,0.0004408904037795633,-0.0010416714425971645,0.0017166398911342,1
2981,1900,131523.9,1149251523.9,3784023.823227536,900512.3767542708,5037933.626769163,52.5149076743791,13.3861114054642,74.7946861959661,0.0016820283242635417,0.0005742519132798942,-0.0013568829645771278,0.0022360938985405,1
2982,1900,131524.1,1149251524.1,3784023.819976907,900512.3772861356,5037933.627275492,52.5149076988201,13.3861114241711,74.7932384655726,0.0020838876457609044,0.0007114850283822169,-0.0016810671515837023,0.0027703403101245,1
2983,1900,131524.3,1149251524.3,3784023.823066319,900512.3800224493,5037933.622712191,52.5149076479155,13.3861114528468,74.791831945526,0.002482960004235643,0.0008476807711717899,-0.002002987865948394,0.0033008504152089,1
2984,1900,131524.5,1149251524.5,3784023.8163723974,900512.3814486143,5037933.625745087,52.5149077085839,13.3861114961113,74.7904765653945,0.002806364926712644,0.0009580155495173409,-0.002263863139316311,0.0037307578598128,1
2985,1900,131524.7,1149251524.7,3784023.8153827335,900512.38188222,5037933.624774867,52.5149077094276,13.3861115056998,74.7891818711458,0.0030031338481991184,0.0010252939707962574,-0.002422613410671582,0.0039923797883363,1
2986,1900,131524.9,1149251524.9,3784023.8113278216,900512.3777596513,5037933.626988047,52.5149077564663,13.3861114604517,74.7879566396757,0.0028690050471397773,0.0009794395278497118,-0.0023144013860246326,0.0038140458210227,1
2987,1900,131525.1,1149251525.1,3784023.8192378213,900512.3815834564,5037933.618961602,52.5149076513862,13.3861114882719,74.7868091810307,0.002366180700421318,0.0008078572746252154,-0.0019087907199431798,0.003145620208441,1
2988,1900,131525.3,1149251525.3,3784023.8210239587,900512.378945839,5037933.61675417,52.514907631278,13.3861114443839,74.7857433821623,0.0016098143040308582,0.0005495973158540961,-0.0012986282421402035,0.0021400921976262,1
2989,1900,131525.5,1149251525.5,3784023.818924035,900512.3802492728,5037933.616847838,52.5149076442059,13.3861114702232,74.7847581461452,0.0010622164350892597,0.00036270940264110634,-0.0008568955010638158,0.0014121373040471,1
2990,1900,131525.7,1149251525.7,3784023.823094363,900512.3790013242,5037933.612821665,52.5149075953178,13.3861114381185,74.7838564344846,0.0004753139565701611,0.00016229181657377513,-0.00038343625837031816,0.0006318903031937,1
2991,1900,131526.0,1149251526.0,3784023.828282601,900512.3826152637,5037933.606814237,52.5149075205069,13.3861114722131,74.7826701812168,-0.0005070729321965907,-0.00017315951622847095,0.00040906049661143523,-0.0006741199199808,1
2992,1900,131526.3,1149251526.3,3784023.8322171983,900512.3842148286,5037933.602366761,52.5149074662492,13.386111481717,74.7816957824155,-0.0012100866786019428,-0.00041325923240146637,0.0009761933837009332,-0.0016087406519624,1
2993,1900,131526.5,1149251526.5,3784023.8262623968,900512.3788048364,5037933.607107812,52.5149075424174,13.3861114244992,74.7811702869847,-0.0014458278891336675,-0.0004938137187179038,0.0011663771910641696,-0.001922161810469,1
2994,1900,131526.7,1149251526.7,3784023.824528631,900512.379230163,5037933.607794199,52.5149075574963,13.3861114365066,74.7807484404255,-0.001546950370492846,-0.0005283869827180903,0.0012479609450421363,-0.0020566124507608,1
2995,1900,131526.9,1149251526.9,3784023.832204714,900512.3798849112,5037933.601554075,52.5149074690396,13.3861114197121,74.7804334821731,-0.0015344257561848876,-0.0005241382076033261,0.0012378622381426488,-0.0020399721033712,1
2996,1900,131527.1,1149251527.1,3784023.8244684506,900512.3783766059,5037933.607334901,52.5149075568111,13.3861114244804,74.7802280980638,-0.0011823668079656018,-0.0004039379167976566,0.0009538571916085602,-0.0015719416818664,1
2997,1900,131527.4,1149251527.4,3784023.829966647,900512.381040536,5037933.602636975,52.5149074885797,13.3861114439044,74.7801306063011,-0.00012882735699603785,-4.400320212583206e-05,0.00010392804211825413,-0.0001712711524059,1
2998,1900,131527.6,1149251527.6,3784023.823109128,900512.3764621485,5037933.6086573675,52.5149075766337,13.3861114016819,74.780203018467,0.000529906807268948,0.00018099321005299825,-0.00042748722281611045,0.0007044892420373,1
2999,1900,131527.8,1149251527.8,3784023.8306985297,900512.37973623,5037933.602640033,52.5149074856725,13.3861114227179,74.780382563662,0.0005801949357365965,0.0001981761320457928,-0.000468056924878622,0.0007713476697922,1
3000,1900,131528.0,1149251528.0,3784023.831125913,900512.38166366,5037933.602339941,52.5149074778846,13.3861114488804,74.7806690086756,0.0005166850201761513,0.00017647685046306971,-0.00041682085853879066,0.0006869112875305,1
