epoch,split,week,tow,time_gps_s,obs_count,obs_count_ls_gate,coarse_ok,coarse_iter,coarse_rx_x_m,coarse_rx_y_m,coarse_rx_z_m,coarse_cb_m,gt_lat_deg,gt_lon_deg,gt_h_m,speed_mps,is_static
1,train,1900,130925.899999913,1149250925.9,17,15,1,6,3784212.294455462,901261.3268574895,5037761.250503031,-55721.979781168804,52.5116592071648,13.3962173447854,75.4481837682877,0.0022172025240037,1
2,train,1900,130926.099999913,1149250926.1,17,15,1,2,3784212.2922820076,901261.3325900157,5037761.378739952,-55732.296297092646,52.5116592349959,13.3962173583901,75.4481192514583,0.0006820267217746,1
3,train,1900,130926.299999913,1149250926.3,17,15,1,2,3784211.9416662436,901261.269508106,5037763.5809222,-55741.62094095936,52.5116592825054,13.3962173447846,75.4480904028076,0.0001669155928669,1
4,train,1900,130926.499999913,1149250926.5,17,15,1,2,3784212.398220352,901261.0868571268,5037764.500230267,-55751.26823643165,52.5116592252187,13.3962173418045,75.448105321806,-0.0003008200804073,1
5,train,1900,130926.699999913,1149250926.6999998,17,15,1,2,3784212.0080623194,901261.2912234366,5037765.150466959,-55761.52298311754,52.5116592369077,13.3962173366821,75.4481659296523,0.0002206896586148,1
6,train,1900,130926.899999913,1149250926.9,17,15,1,2,3784211.5936179254,901261.4769501463,5037765.691817415,-55771.83926643906,52.5116592182523,13.3962173631761,75.4482637797626,0.0005349540137829,1
7,train,1900,130927.099999913,1149250927.1,17,15,1,2,3784211.8694350007,901261.3551295485,5037766.5763597395,-55781.58904299081,52.5116592399904,13.3962173676652,75.4483873604393,0.0009850600799081,1
8,train,1900,130927.299999913,1149250927.3,16,15,1,2,3784211.409228818,901261.5684662915,5037765.65566441,-55792.73555172143,52.511659204108,13.3962173634223,75.4485192879619,0.001946787866399,1
9,train,1900,130927.499999913,1149250927.5,16,15,1,2,3784211.424279479,901261.5780328319,5037766.241470438,-55802.75365159389,52.5116592290323,13.3962173411525,75.4486398137825,0.0017238107720195,1
10,train,1900,130927.699999913,1149250927.6999998,16,15,1,2,3784210.880560169,901261.8901919296,5037765.285667526,-55813.9829639159,52.5116592192746,13.3962173614521,75.4487388092232,0.0001138599288833,1
11,train,1900,130927.899999913,1149250927.9,16,15,1,2,3784210.2822618457,901262.1889083982,5037765.177815227,-55824.784693329435,52.5116591663171,13.3962173508037,75.448809305683,-0.0013780291028207,1
12,train,1900,130928.099999913,1149250928.1,16,15,1,2,3784208.5854376233,901262.8651166653,5037764.466951565,-55836.48296512113,52.51165915177,13.3962173659641,75.4488435750776,-0.0030032470400939,1
13,train,1900,130928.299999913,1149250928.3,16,15,1,2,3784209.094511092,901262.6916237111,5037764.377434468,-55846.6908971991,52.5116592428019,13.3962173597819,75.4488343388354,-0.0048346606912272,1
14,train,1900,130928.499999913,1149250928.5,16,15,1,2,3784209.8649057685,901262.3841747884,5037764.727782383,-55856.438614968465,52.5116592512964,13.3962174047661,75.4487747051411,-0.0061100527562275,1
15,train,1900,130928.699999913,1149250928.6999998,16,15,1,2,3784209.1752487794,901262.7284782557,5037763.736882764,-55867.74549743595,52.5116592746089,13.3962174032886,75.4486570351657,-0.0050923723759291,1
16,train,1900,130928.899999913,1149250928.9,16,15,1,2,3784208.460064619,901263.0910618913,5037762.950878428,-55878.945271039294,52.5116592684996,13.3962174004972,75.4484693250244,-0.0009256142490982,1
17,train,1900,130929.099999913,1149250929.1,16,15,1,2,3784208.170318834,901263.2728748745,5037762.485714098,-55889.74110169367,52.5116592596064,13.3962173920152,75.4481947380715,0.0019694372447876,1
18,train,1900,130929.299999913,1149250929.3,16,15,1,2,3784208.5607955335,901263.1057418721,5037762.766054445,-55899.70992878977,52.5116592624641,13.3962173874299,75.4478145648294,0.003103111262667,1
19,train,1900,130929.499999913,1149250929.5,16,15,1,2,3784207.0519323596,901263.5908436038,5037762.890324003,-55910.77815876017,52.5116592100634,13.3962173616032,75.447318800415,0.003259991998736,1
20,train,1900,130929.699999913,1149250929.6999998,16,15,1,2,3784207.1263189595,901263.5092270848,5037763.921895458,-55920.508773373076,52.5116592423315,13.3962173644411,75.4467066936142,0.0067818443048347,1
21,train,1900,130929.899999913,1149250929.9,16,15,1,2,3784207.2099298467,901263.4567765385,5037763.728132572,-55930.92875864135,52.5116591902275,13.396217344469,75.445989052358,0.0141451979701124,1
22,train,1900,130930.099999913,1149250930.1,16,15,1,2,3784207.3480085656,901263.5537351457,5037763.474629559,-55941.43420277332,52.5116591516698,13.3962171707456,75.445185494082,0.0251751900263086,1
23,train,1900,130930.299999913,1149250930.3,16,15,1,2,3784207.801584986,901263.1718844939,5037766.107780852,-55950.04428588724,52.5116590977134,13.3962171066116,75.4443225982601,0.0409378851247126,1
24,train,1900,130930.499999913,1149250930.5,16,15,1,2,3784210.1006507427,901261.9528791687,5037769.5248224465,-55957.17453326067,52.5116590121043,13.3962169695014,75.4434307864241,0.0706055993954648,1
25,train,1900,130930.699999913,1149250930.6999998,16,15,1,2,3784215.2598458203,901259.4313087093,5037773.283528488,-55962.56142838332,52.5116590674501,13.3962164133318,75.442540136821,0.143209583380256,0
26,train,1900,130930.899999913,1149250930.9,16,15,1,2,3784218.24777106,901258.4449795363,5037773.159806994,-55971.65069590029,52.5116590408301,13.3962156196853,75.4416836714372,0.27175381046618,0
27,train,1900,130931.099999913,1149250931.1,16,15,1,2,3784221.2718506386,901257.6076064418,5037773.203602268,-55980.95412195109,52.5116591197114,13.3962145428374,75.4409030323373,0.448715216750427,0
28,train,1900,130931.299999913,1149250931.3,16,15,1,2,3784218.7512956937,901258.8207095722,5037770.1386327315,-55994.52494163252,52.5116590268212,13.3962129739581,75.44024736512,0.649154603063424,0
29,train,1900,130931.499999913,1149250931.5,17,15,1,2,3784215.608603439,901260.0120017474,5037766.369606776,-56008.5117793853,52.5116589331192,13.3962107704197,75.4397642547224,0.856090593501617,0
30,train,1900,130931.699999913,1149250931.6999998,17,15,1,2,3784214.4191945214,901259.7461104121,5037763.186813263,-56020.6460364341,52.5116585840319,13.3962078625471,75.4394823283522,1.06642838155956,0
31,train,1900,130931.899999913,1149250931.9,17,15,1,2,3784211.7038690406,901260.406567488,5037760.862560539,-56033.247088563556,52.5116583063341,13.3962044377911,75.4394069113596,1.28084536131772,0
32,train,1900,130932.099999913,1149250932.1,17,15,1,2,3784213.2852762183,901259.0398620935,5037761.549467899,-56042.25495072518,52.511658054179,13.396200382122,75.4395280331605,1.49532051710796,0
33,train,1900,130932.299999913,1149250932.3,17,15,1,2,3784216.9657657277,901257.6626693993,5037766.234253447,-56048.34509482414,52.5116576786604,13.3961956904355,75.4398138010064,1.71445242237356,0
34,train,1900,130932.499999913,1149250932.5,16,15,1,2,3784217.0850703362,901257.5818513103,5037766.631623632,-56059.23160798836,52.5116571475523,13.396190351642,75.4402166585383,1.9510622499351,0
35,train,1900,130932.699999913,1149250932.6999998,16,15,1,2,3784217.9692251743,901257.1476484949,5037767.271592095,-56069.43743752637,52.5116565963985,13.396184300049,75.4406925754483,2.19953053643582,0
36,train,1900,130932.899999913,1149250932.9,16,15,1,2,3784217.316118622,901256.4141366747,5037767.131521082,-56080.11293295298,52.5116560486035,13.3961775209932,75.4411925955531,2.44334659587742,0
37,train,1900,130933.099999913,1149250933.1,16,15,1,2,3784219.834232321,901256.6546484099,5037767.5247852625,-56089.37972979822,52.5116553711024,13.3961700554,75.4416656303257,2.67622595821397,0
38,train,1900,130933.299999913,1149250933.3,16,15,1,2,3784223.69675743,901255.5467654221,5037766.620624055,-56098.72252659157,52.5116546467799,13.396161924033,75.4420674127146,2.89841848667854,0
39,train,1900,130933.499999913,1149250933.5,16,15,1,2,3784215.954688211,901256.9627581973,5037761.940534368,-56115.76901752003,52.5116539436006,13.3961531803935,75.4423639598124,3.11115900450478,0
40,train,1900,130933.699999913,1149250933.6999998,15,14,1,3,3784192.290102655,901253.7970230504,5037757.828788363,-56140.510091725024,52.5116529941822,13.3961438647236,75.4425196134103,3.30774931066769,0
41,train,1900,130933.899999913,1149250933.9,15,14,1,2,3784192.8139194436,901253.489106542,5037757.23538065,-56151.03675837508,52.5116518843437,13.3961340131768,75.4424979908371,3.47869968679615,0
42,train,1900,130934.099999913,1149250934.1,17,15,1,3,3784216.461825047,901254.1136582828,5037767.999464803,-56143.166036562725,52.5116507604752,13.3961237484875,75.4422582481599,3.6163867410506,0
43,train,1900,130934.299999913,1149250934.3,17,15,1,2,3784216.716656409,901253.3084809751,5037767.4957912965,-56153.7855002003,52.5116495599094,13.3961130954651,75.4417597209018,3.72379789267081,0
44,train,1900,130934.499999913,1149250934.5,17,15,1,2,3784219.121547856,901251.4681373393,5037770.967828359,-56161.27306056777,52.5116482840008,13.3961021568744,75.4409466008244,3.81487623056079,0
45,train,1900,130934.699999913,1149250934.6999998,17,15,1,2,3784221.550711459,901251.3027895478,5037772.999095847,-56169.54428229662,52.5116471205078,13.3960909448914,75.4397784375364,3.92301721898824,0
46,train,1900,130934.899999913,1149250934.9,17,15,1,2,3784218.8902961332,901250.336928882,5037770.5940951295,-56182.43522637771,52.5116459996401,13.3960793362383,75.4382437293648,4.08214470732687,0
47,train,1900,130935.099999913,1149250935.1,17,15,1,2,3784219.0468106633,901248.6883543902,5037771.939347003,-56192.107968386874,52.5116451060389,13.3960671508861,75.4363609332602,4.29726099229885,0
48,train,1900,130935.299999913,1149250935.3,16,15,1,2,3784220.320682409,901248.2839883305,5037773.568374599,-56201.50762669168,52.5116439617486,13.396054285885,75.4341625019545,4.55098254442621,0
49,train,1900,130935.499999913,1149250935.5,16,15,1,2,3784219.2234822265,901247.4762452735,5037773.277872217,-56212.892113431626,52.5116427751255,13.3960406318588,75.4316827410393,4.81186938080083,0
50,train,1900,130935.699999913,1149250935.6999998,16,15,1,2,3784217.4752865545,901246.176479273,5037774.4452619525,-56223.56183629117,52.5116415034425,13.3960262117637,75.4289524099592,5.0658323722806,0
51,train,1900,130935.899999913,1149250935.9,16,15,1,2,3784218.063446758,901245.420325559,5037777.057797011,-56232.0381160445,52.5116401706884,13.3960110631806,75.4260025217524,5.31458523145795,0
52,train,1900,130936.099999913,1149250936.1,16,15,1,2,3784217.9705946785,901243.7746453896,5037777.234633232,-56242.43879948133,52.511638769896,13.3959951781413,75.4228658029146,5.56199573859514,0
53,train,1900,130936.299999913,1149250936.3,16,15,1,2,3784218.7258038903,901242.9928413708,5037775.123460197,-56253.04868982475,52.5116374606587,13.3959785666269,75.4195754112863,5.80052927596358,0
54,train,1900,130936.499999913,1149250936.5,16,14,1,2,3784213.6927386224,901246.5438514653,5037744.920512939,-56283.47062580344,52.5116361370298,13.3959612887667,75.4161649899602,6.01281885171358,0
55,train,1900,130936.699999913,1149250936.6999998,16,14,1,2,3784210.702894583,901245.9229550721,5037741.491058081,-56297.4339237608,52.5116349256016,13.3959434161158,75.4126721739854,6.18002031647693,0
56,train,1900,130936.899999913,1149250936.9,17,14,1,2,3784209.4278828003,901244.3316978561,5037743.343552697,-56308.42735949678,52.5116335724864,13.395925150672,75.4091367293659,6.30546727746678,0
57,train,1900,130937.099999913,1149250937.1,17,14,1,2,3784210.111643208,901243.6251433793,5037743.111065013,-56318.89251900366,52.511632301316,13.3959065311197,75.4056003335715,6.41334380933907,0
58,train,1900,130937.299999913,1149250937.3,17,14,1,2,3784211.926076843,901240.8924223596,5037745.289917742,-56326.9443065531,52.5116312677568,13.3958875788207,75.4021076727984,6.52482379517361,0
59,train,1900,130937.499999913,1149250937.5,17,15,1,2,3784223.0646421956,901232.0653542941,5037788.0601585405,-56306.596571433394,52.5116301146124,13.3958682791914,75.3986985209219,6.63593180918459,0
60,train,1900,130937.699999913,1149250937.6999998,17,15,1,2,3784228.1653089277,901229.726864179,5037790.807013422,-56312.448412836195,52.5116288197379,13.3958487055128,75.3953949883076,6.73250097677394,0
61,train,1900,130937.899999913,1149250937.9,17,15,1,2,3784232.675982726,901226.5439757304,5037792.0777637055,-56320.922562434826,52.5116274655466,13.3958288817926,75.3922030508738,6.80494209181438,0
62,train,1900,130938.099999913,1149250938.1,16,14,1,2,3784224.0458553266,901223.7615467438,5037790.053552303,-56336.153798202475,52.5116260272974,13.3958088697206,75.3891137111978,6.85455447436136,0
63,train,1900,130938.299999913,1149250938.3,17,15,1,2,3784235.5025759675,901223.9928472991,5037794.496865178,-56338.76485131592,52.5116246872961,13.3957887393948,75.3860956922654,6.89274626107093,0
64,train,1900,130938.499999913,1149250938.5,17,15,1,2,3784235.9534272146,901222.2132917333,5037793.615069308,-56349.021974412004,52.5116233360066,13.395768495948,75.3831013649159,6.93217269039311,0
65,train,1900,130938.699999913,1149250938.6999998,17,15,1,2,3784237.0160272894,901221.3301821667,5037796.627115319,-56357.367117716414,52.5116219374697,13.3957481118443,75.3800778490591,6.98302955600099,0
66,train,1900,130938.899999913,1149250938.9,17,15,1,2,3784236.1655799914,901220.7127510965,5037795.61127692,-56367.83212697451,52.5116206336967,13.3957275653451,75.3769744371727,7.0485173162179,0
67,train,1900,130939.099999913,1149250939.1,17,15,1,2,3784237.098414414,901217.3926411249,5037796.85507078,-56377.284915275624,52.5116192872877,13.3957067922345,75.3737531663273,7.12695452390212,0
68,train,1900,130939.299999913,1149250939.3,17,13,1,2,3784230.682392503,901222.2348781871,5037753.148676368,-56416.762207729094,52.5116180367492,13.395685780951,75.3703974855265,7.21379372940742,0
69,train,1900,130939.499999913,1149250939.5,16,14,1,2,3784227.78224284,901222.038753881,5037748.67420794,-56431.06057253009,52.511616846499,13.3956645132972,75.3668951854802,7.29945453744762,0
70,train,1900,130939.699999913,1149250939.6999998,16,14,1,2,3784226.2694635447,901221.099993157,5037746.741992292,-56443.39501765069,52.5116156538186,13.3956430171405,75.3632326863765,7.37529124945943,0
71,train,1900,130939.899999913,1149250939.9,16,14,1,2,3784229.579487812,901219.9405330948,5037746.558008936,-56452.99196535501,52.5116142785403,13.3956213053329,75.3594088153444,7.43704925548718,0
72,train,1900,130940.099999913,1149250940.1,17,14,1,2,3784229.8167970255,901218.7819109737,5037747.306398531,-56463.04796501696,52.5116129774157,13.3955994301641,75.3554435960928,7.49288732335084,0
73,train,1900,130940.299999913,1149250940.3,15,13,1,2,3784212.48962722,901215.454692303,5037740.992939389,-56485.547618835546,52.5116118805965,13.3955773763174,75.351375533804,7.55347573164553,0
74,train,1900,130940.499999913,1149250940.5,17,14,1,2,3784225.025986592,901216.0893824187,5037744.483502148,-56487.91816459523,52.511610508415,13.3955551326911,75.3472546987432,7.62202843604345,0
75,train,1900,130940.699999913,1149250940.6999998,16,14,1,2,3784225.630489312,901216.3031290461,5037744.147550423,-56498.19674361068,52.5116092382697,13.395532670545,75.3431162692033,7.69122942724246,0
76,train,1900,130940.899999913,1149250940.9,16,14,1,2,3784228.586952064,901213.3646983632,5037745.451780113,-56506.695548969015,52.5116077811683,13.3955100232256,75.338970622733,7.75445021281392,0
77,train,1900,130941.099999913,1149250941.1,17,14,1,2,3784228.9199664355,901212.0053904736,5037745.54747057,-56516.56422685724,52.5116063910044,13.3954872076625,75.3348059774024,7.80689463349207,0
78,train,1900,130941.299999913,1149250941.3,17,14,1,2,3784228.609476518,901210.3154370723,5037745.078196867,-56527.44610264719,52.5116050530076,13.395464250373,75.3306003683359,7.84999001289399,0
79,train,1900,130941.499999913,1149250941.5,16,14,1,2,3784228.363175761,901207.9489613207,5037745.665425432,-56538.07901061995,52.5116037056579,13.3954411773846,75.3263365482164,7.8912550852061,0
80,train,1900,130941.699999913,1149250941.6999998,17,14,1,2,3784229.4474923345,901206.5870741042,5037745.757418818,-56548.09153674348,52.5116022299934,13.3954179832444,75.3220140379036,7.93344478718393,0
81,train,1900,130941.899999913,1149250941.9,17,14,1,2,3784231.277946267,901205.555791158,5037745.169273601,-56558.37295690488,52.5116009157891,13.3953946578179,75.3176418160763,7.97459679227167,0
82,train,1900,130942.099999913,1149250942.1,17,14,1,2,3784231.7250726004,901204.254153498,5037744.378917691,-56569.28892420331,52.5115994933217,13.3953712177836,75.3132312658864,8.01112853157621,0
83,train,1900,130942.299999913,1149250942.3,16,14,1,2,3784233.439293156,901202.5390997499,5037744.689493221,-56579.046255167865,52.5115983428077,13.3953476748593,75.3087923460715,8.05109753062458,0
84,train,1900,130942.499999913,1149250942.5,17,14,1,2,3784233.9785717805,901202.2031384554,5037742.974968505,-56590.39971278927,52.511597194262,13.3953239790949,75.3043510338754,8.10094003770613,0
85,train,1900,130942.699999913,1149250942.6999998,16,14,1,2,3784234.790602776,901202.6828928369,5037741.334287168,-56600.955325811636,52.511595731711,13.395300135737,75.2999453270486,8.1485850607735,0
86,train,1900,130942.899999913,1149250942.9,16,13,1,2,3784235.5436531142,901200.8617493995,5037743.068440908,-56609.95357897674,52.5115942672423,13.3952761825642,75.2956026793099,8.18564649898506,0
87,train,1900,130943.099999913,1149250943.1,15,13,1,2,3784236.0765987867,901199.3649358839,5037742.951446363,-56620.0050942067,52.5115929476773,13.3952521291332,75.2913346426834,8.21794629956228,0
88,train,1900,130943.299999913,1149250943.3,15,13,1,2,3784238.7260338557,901196.1989945951,5037746.411691381,-56627.52288847419,52.5115915175827,13.3952279740412,75.2871375280029,8.25421715543427,0
89,train,1900,130943.499999913,1149250943.5,15,12,1,2,3784247.715215436,901192.5547328803,5037752.749594736,-56629.88015116757,52.5115901187541,13.395203703002,75.2829938868302,8.29525416872138,0
90,train,1900,130943.699999913,1149250943.6999998,15,12,1,2,3784250.414853597,901190.8600850506,5037754.067014108,-56638.40304067618,52.5115887776225,13.3951793016795,75.2788830753258,8.34536341632451,0
91,train,1900,130943.899999913,1149250943.9,16,13,1,2,3784245.3350470685,901189.9011383042,5037750.990179217,-56653.49346186945,52.5115875361761,13.3951547445627,75.2747853538631,8.39942808297066,0
92,train,1900,130944.099999913,1149250944.1,16,13,1,2,3784240.5722891404,901188.2637952284,5037748.2150786845,-56668.11618458967,52.5115859671102,13.3951300769445,75.2706887721253,8.45625779151037,0
93,train,1900,130944.299999913,1149250944.3,15,13,1,2,3784241.4593016175,901187.3623459582,5037746.62833053,-56679.49498474529,52.5115844359735,13.3951052502228,75.266599278229,8.5065220696121,0
94,train,1900,130944.499999913,1149250944.5,14,12,1,2,3784246.0869933455,901185.1319404459,5037748.968363482,-56686.43131625554,52.5115824980478,13.3950803203578,75.2625426156113,8.54417473836437,0
95,train,1900,130944.699999913,1149250944.6999998,15,13,1,2,3784245.640715448,901185.4162183739,5037746.366891414,-56698.77530408397,52.5115805803303,13.3950553355392,75.2585550196896,8.57670375608592,0
96,train,1900,130944.899999913,1149250944.9,15,12,1,2,3784248.092772089,901182.8105089646,5037748.447708781,-56706.47358149181,52.5115786364689,13.3950303077065,75.2546730736577,8.61574406870108,0
97,train,1900,130945.099999913,1149250945.1,15,13,1,2,3784253.799305613,901183.7496594453,5037749.880499871,-56713.16898984115,52.5115763084507,13.3950051898816,75.2509246294611,8.66868413343563,0
98,train,1900,130945.299999913,1149250945.3,17,14,1,2,3784251.592936958,901181.2575251806,5037747.973826279,-56726.57386893737,52.511573555599,13.3949799464555,75.2473140926569,8.72520082086322,0
99,train,1900,130945.499999913,1149250945.5,13,11,1,3,3784210.347569807,901176.185091121,5037725.456325603,-56772.45111087405,52.5115706609646,13.3949546066103,75.2438151249527,8.77640023436843,0
100,train,1900,130945.699999913,1149250945.6999998,16,13,1,3,3784245.962470856,901176.5415764059,5037743.577782142,-56753.803118028234,52.5115675936811,13.3949291705809,75.2403809078315,8.8234398446681,0
101,train,1900,130945.899999913,1149250945.9,15,13,1,2,3784246.0792744677,901173.726405184,5037745.2987673255,-56763.278276665646,52.5115643710187,13.3949036364477,75.236950032179,8.86158532226233,0
102,train,1900,130946.099999913,1149250946.1,16,13,1,2,3784246.3139334377,901171.9225857207,5037745.5344007155,-56773.37653371623,52.5115609872199,13.3948780448237,75.2334522547519,8.87907141288379,0
103,train,1900,130946.299999913,1149250946.3,15,13,1,2,3784245.1486303485,901170.217422561,5037744.59099751,-56785.128393199375,52.5115577231118,13.3948524685741,75.2298109022,8.86571263389798,0
104,train,1900,130946.499999913,1149250946.5,15,13,1,2,3784244.594788485,901168.046820161,5037744.822209321,-56795.770455281134,52.5115552774262,13.3948284460812,75.225949343871,8.84912903487368,0
105,train,1900,130946.699999913,1149250946.6999998,15,13,1,2,3784247.4251861153,901165.1013570982,5037746.507914102,-56804.5189201886,52.5115519762477,13.3948029576531,75.2217973838572,8.81601089011352,0
106,train,1900,130946.899999913,1149250946.9,15,13,1,2,3784250.5145553946,901164.3709634762,5037746.75155243,-56813.17273849915,52.5115489629266,13.3947775422681,75.2172932431084,8.78398821142228,0
107,train,1900,130947.099999913,1149250947.1,16,13,1,2,3784250.963710382,901163.2576715086,5037746.211643048,-56823.98489672041,52.5115460272385,13.3947521846968,75.2123864796063,8.76344534549925,0
108,train,1900,130947.299999913,1149250947.3,17,14,1,2,3784253.456160667,901163.6621727173,5037747.01259519,-56832.61727476636,52.5115430477146,13.3947268392845,75.2070402735331,8.75361748331744,0
109,train,1900,130947.499999913,1149250947.5,17,14,1,2,3784251.0570744947,901159.823020477,5037746.949559159,-56844.78128004947,52.5115404529429,13.3947014676995,75.2012316156216,8.75112196502976,0
110,train,1900,130947.699999913,1149250947.6999998,15,12,1,2,3784247.854682098,901154.6400543688,5037746.329037963,-56858.04620151922,52.511537782476,13.3946760947985,75.1949514605833,8.75210787605914,0
111,train,1900,130947.899999913,1149250947.9,15,13,1,2,3784249.3400876937,901154.5119613415,5037745.412339169,-56868.10299679981,52.5115350334522,13.3946506807706,75.1882054080217,8.75489702411005,0
112,train,1900,130948.099999913,1149250948.1,15,13,1,2,3784250.0824984545,901153.8518345354,5037743.739967136,-56879.12662168007,52.5115325310261,13.3946252398919,75.1810179192722,8.75858626431271,0
113,train,1900,130948.299999913,1149250948.3,15,13,1,2,3784249.8741678135,901153.009908171,5037742.257324806,-56890.86353151738,52.5115301880905,13.3945997195356,75.1734327530862,8.76553774131305,0
114,train,1900,130948.499999913,1149250948.5,16,13,1,2,3784252.7630765974,901156.827451469,5037737.59516233,-56901.86729874022,52.5115279562373,13.3945741404617,75.1655152828336,8.78177485505808,0
115,train,1900,130948.699999913,1149250948.6999998,17,13,1,2,3784258.892930618,901159.3773270464,5037736.903453308,-56908.249427408635,52.511525876262,13.3945484627017,75.1573469767693,8.80240232742066,0
116,train,1900,130948.899999913,1149250948.9,15,12,1,2,3784256.310961977,901148.5138279512,5037744.145550405,-56918.80169266389,52.5115239324314,13.394522731921,75.149015724553,8.82105953383901,0
117,train,1900,130949.099999913,1149250949.1,15,12,1,2,3784245.5262577026,901146.5985925114,5037740.131323301,-56937.28129430143,52.5115217139262,13.3944969352087,75.140613438331,8.84004724675028,0
118,train,1900,130949.299999913,1149250949.3,14,12,1,2,3784259.51169136,901146.2824512882,5037743.6441338705,-56938.578530313716,52.5115197913706,13.3944710575478,75.1322431469615,8.86607517708844,0
119,train,1900,130949.499999913,1149250949.5,15,13,1,2,3784256.4509771983,901142.915387286,5037743.52527141,-56951.34516582477,52.5115180317357,13.394445078071,75.1240240971915,8.89563621128755,0
120,train,1900,130949.699999913,1149250949.6999998,15,12,1,2,3784260.0149294348,901139.3871023285,5037747.241500264,-56957.521683425715,52.5115161858957,13.3944190113469,75.1160854315181,8.91397749188891,0
121,train,1900,130949.899999913,1149250949.9,15,13,1,2,3784253.699001994,901137.6094005315,5037744.138354769,-56973.48147346745,52.5115143844905,13.3943929037327,75.1085552822462,8.90722550890144,0
122,train,1900,130950.099999913,1149250950.1,17,14,1,2,3784257.434883052,901138.2824682309,5037743.641866651,-56982.02526045956,52.5115127797094,13.394366856215,75.1015578254947,8.86736204106152,0
123,train,1900,130950.299999913,1149250950.3,15,13,1,2,3784257.1477834973,901136.0041074161,5037742.966871015,-56992.96640984592,52.5115111238117,13.3943409735874,75.0952070405749,8.79471291197208,0
124,train,1900,130950.499999913,1149250950.5,16,13,1,2,3784255.0128311883,901134.6346872267,5037740.567098841,-57006.7402835375,52.511509514119,13.39431533206,75.0895958419896,8.70248646854704,0
125,train,1900,130950.699999913,1149250950.6999998,14,12,1,3,3784232.5053193187,901128.8009347972,5037731.297342242,-57034.518801014994,52.5115080155059,13.3942899392095,75.0847857247737,8.60669976604806,0
126,train,1900,130950.899999913,1149250950.9,14,12,1,3,3784256.2530670734,901131.4975243553,5037732.1778886765,-57034.7490772447,52.5115064941411,13.3942648353622,75.0808059721099,8.51335591706128,0
127,train,1900,130951.099999913,1149250951.1,15,12,1,2,3784254.930721914,901129.1656103313,5037732.002892987,-57045.875031953794,52.5115049875852,13.3942400012818,75.0776596828579,8.41981589670569,0
128,train,1900,130951.299999913,1149250951.3,16,14,1,2,3784260.212341984,901120.8032962057,5037779.695176605,-57023.67214148535,52.5115035385494,13.3942154554057,75.0753253357777,8.32031963109696,0
129,train,1900,130951.499999913,1149250951.5,16,14,1,2,3784263.3499465794,901119.0177211511,5037780.359899448,-57032.64911717711,52.5115021985583,13.3941911856933,75.073763887422,8.21568516997853,0
130,train,1900,130951.699999913,1149250951.6999998,16,14,1,2,3784264.835431629,901117.3489908506,5037780.820759269,-57041.33596046912,52.5115009154605,13.3941672271898,75.072929433946,8.1070236956267,0
131,train,1900,130951.899999913,1149250951.9,16,14,1,2,3784265.555647246,901116.5775636799,5037781.099096471,-57051.2339428485,52.5114995249367,13.3941436191044,75.0727715260352,7.98852651954423,0
132,train,1900,130952.099999913,1149250952.1,15,12,1,2,3784256.2216116744,901122.9448196789,5037734.478435607,-57094.99761752854,52.5114982958997,13.3941203787499,75.0732323943504,7.8526561850683,0
133,train,1900,130952.299999913,1149250952.3,15,12,1,2,3784255.3568662405,901121.9678238073,5037735.423516017,-57104.85299531958,52.5114971801289,13.3940978940444,75.0742472061607,7.69488299041218,0
134,train,1900,130952.499999913,1149250952.5,15,12,1,2,3784256.2156938063,901121.9797420367,5037734.521190527,-57114.7813232567,52.511496171869,13.3940759679765,75.0757461573572,7.51408011527997,0
135,train,1900,130952.699999913,1149250952.6999998,16,13,1,2,3784254.3863013564,901122.1790232407,5037730.175782048,-57128.99777955765,52.5114952033226,13.3940541552178,75.0776574124479,7.3122019616184,0
136,train,1900,130952.899999913,1149250952.9,16,13,1,2,3784252.520980066,901123.0371342889,5037727.239487068,-57141.65275175303,52.5114941702963,13.3940330350289,75.0799122570025,7.09928989428198,0
137,train,1900,130953.099999913,1149250953.1,17,14,1,2,3784257.3867502427,901120.7812341166,5037728.878534667,-57149.12964936265,52.5114930432328,13.3940125144664,75.0824515371073,6.88716309732023,0
138,train,1900,130953.299999913,1149250953.3,16,14,1,2,3784256.560951222,901118.7238542485,5037732.419714846,-57157.16363510917,52.5114919405732,13.3939926032265,75.0852238737506,6.67997091457848,0
139,train,1900,130953.499999913,1149250953.5,16,14,1,3,3784265.159572493,901106.2279812988,5037781.4356383495,-57135.77570613849,52.5114908526711,13.3939733123571,75.0881839550109,6.47275563015257,0
140,train,1900,130953.699999913,1149250953.6999998,16,14,1,2,3784268.27585081,901104.6804691853,5037781.828182211,-57145.25528845639,52.5114897713951,13.3939546343554,75.0912862163387,6.25729410125623,0
141,train,1900,130953.899999913,1149250953.9,16,15,1,2,3784271.18019701,901107.1209525096,5037780.9209106695,-57153.4141887104,52.5114888876109,13.3939365958393,75.0944880559268,6.02839579198512,0
142,train,1900,130954.099999913,1149250954.1,16,14,1,2,3784271.19466505,901102.2179421525,5037781.767107747,-57165.99118290845,52.5114880223092,13.3939192532751,75.0977505473314,5.77984078222441,0
143,train,1900,130954.299999913,1149250954.3,16,15,1,2,3784273.1287676943,901104.6405917177,5037781.239926437,-57173.48411654863,52.5114871947026,13.3939026755447,75.1010349043719,5.5129987771336,0
144,train,1900,130954.499999913,1149250954.5,17,15,1,2,3784272.2622333616,901102.6066827807,5037782.920160676,-57183.04215161338,52.5114864068132,13.3938868826438,75.1043021577248,5.23566261228615,0
145,train,1900,130954.699999913,1149250954.6999998,16,14,1,2,3784272.1317293653,901099.3835236507,5037782.269574716,-57195.24602040417,52.5114857457487,13.3938718836264,75.1075157947382,4.96612968859616,0
146,train,1900,130954.899999913,1149250954.9,16,15,1,2,3784273.053849246,901100.964266511,5037783.067340654,-57204.08951368052,52.5114853281705,13.3938576586352,75.1106462400225,4.71652065455817,0
147,train,1900,130955.099999913,1149250955.1,17,15,1,2,3784277.033700687,901099.0253134504,5037784.88047927,-57211.746311078896,52.5114848478583,13.3938441365706,75.1136800586331,4.48365847331286,0
148,train,1900,130955.299999913,1149250955.3,18,15,1,2,3784282.2168915304,901098.6568249188,5037786.598724994,-57218.643196303165,52.5114847982925,13.3938312435823,75.1166230981047,4.25495701562052,0
149,train,1900,130955.499999913,1149250955.5,17,15,1,2,3784282.317058499,901099.9745486897,5037785.696348775,-57228.705463989805,52.5114844490773,13.3938190493464,75.1194944147755,4.0295169297621,0
150,train,1900,130955.699999913,1149250955.6999998,16,15,1,2,3784288.7848290643,901097.7270830912,5037788.546491821,-57235.17997318328,52.511484147161,13.3938075077321,75.122318546558,3.81031875456422,0
151,train,1900,130955.899999913,1149250955.9,17,15,1,2,3784291.13492705,901095.7875763385,5037789.10786792,-57244.0875224934,52.5114839998198,13.3937965904495,75.1251197590488,3.59709824905208,0
152,train,1900,130956.099999913,1149250956.1,17,15,1,2,3784290.704201416,901097.3107806989,5037788.3682060465,-57255.14669948378,52.5114838320099,13.3937862997631,75.1279129571464,3.38658945231406,0
153,train,1900,130956.299999913,1149250956.3,17,15,1,2,3784295.380185594,901097.011405579,5037792.027018166,-57261.477219411405,52.5114837254752,13.3937766205305,75.1307062702577,3.17591226759529,0
154,train,1900,130956.499999913,1149250956.5,16,14,1,3,3784267.8871806106,901092.7523263522,5037781.761617172,-57290.97916065588,52.5114836510002,13.3937675486301,75.1335003608664,2.96776193875984,0
155,train,1900,130956.699999913,1149250956.6999998,16,14,1,2,3784271.9812964043,901095.9927178952,5037781.3298578095,-57299.69059198178,52.5114837439278,13.393759094048,75.1362843670555,2.75184958438777,0
156,train,1900,130956.899999913,1149250956.9,16,13,1,2,3784258.9646465397,901089.4463779075,5037776.356419655,-57321.10254701207,52.5114836828114,13.3937513305183,75.1390365878776,2.51897429312683,0
157,train,1900,130957.099999913,1149250957.1,18,15,1,3,3784303.8198066107,901095.6772914017,5037794.691667055,-57298.3601983819,52.5114836199487,13.3937442652484,75.1417321830997,2.27013119001842,0
158,train,1900,130957.299999913,1149250957.3,17,14,1,2,3784296.081054852,901101.7960772502,5037748.9646788,-57339.21375974421,52.5114835250244,13.3937379493755,75.1443475382506,2.01400106557001,0
159,train,1900,130957.499999913,1149250957.5,18,14,1,3,3784307.190783944,901097.0413980188,5037799.100566022,-57314.79851815118,52.5114834160167,13.3937323981317,75.1468554440309,1.75759457745345,0
160,train,1900,130957.699999913,1149250957.6999998,18,14,1,2,3784307.9616671666,901095.7075969487,5037800.08976692,-57323.83930417592,52.5114834628805,13.3937277674357,75.149228923077,1.50436564598865,0
161,train,1900,130957.899999913,1149250957.9,18,14,1,2,3784299.6264762753,901093.2612437605,5037798.581669732,-57340.011293845964,52.5114834841814,13.3937236866412,75.1514434540615,1.26672950186969,0
162,train,1900,130958.099999913,1149250958.1,17,13,1,3,3784264.190892837,901085.6317875736,5037783.980518074,-57377.39984802918,52.5114835237697,13.3937202590462,75.1534785920004,1.06208200609406,0
163,train,1900,130958.299999913,1149250958.3,16,13,1,2,3784264.8202908677,901085.290593587,5037783.268806463,-57387.81957153704,52.5114835767471,13.3937173768194,75.1553275742479,0.897108965268135,0
164,train,1900,130958.499999913,1149250958.5,16,12,1,3,3784252.8990380247,901093.0194441285,5037730.71873133,-57434.55823882462,52.5114834886166,13.3937149453114,75.1569983696034,0.759453066114979,0
165,train,1900,130958.699999913,1149250958.6999998,17,14,1,3,3784236.05709963,901078.1389632829,5037771.996025556,-57430.25139674421,52.5114835388876,13.3937128956621,75.158508599401,0.632608015698777,0
166,train,1900,130958.899999913,1149250958.9,17,15,1,2,3784249.1919822334,901089.1969381294,5037781.285806365,-57427.182264527655,52.5114835163064,13.393711219113,75.159882478216,0.508724582136383,0
167,train,1900,130959.099999913,1149250959.1,16,15,1,2,3784258.441750484,901091.497972116,5037782.794524699,-57432.18797909052,52.5114834234397,13.3937099061047,75.1611505904031,0.386225176260009,0
168,train,1900,130959.299999913,1149250959.3,16,14,1,3,3784252.977560598,901102.5590014182,5037724.224790539,-57479.850558277736,52.511483428405,13.3937090637779,75.162348712738,0.265409683476516,0
169,train,1900,130959.499999913,1149250959.5,16,14,1,2,3784257.532552283,901103.574496145,5037724.318513267,-57487.785246932464,52.5114834004647,13.3937086535899,75.1635191376645,0.152439660338569,0
170,train,1900,130959.699999913,1149250959.6999998,18,15,1,3,3784276.150886597,901093.8713335621,5037791.578825427,-57449.64037094836,52.5114834712182,13.3937085328693,75.1647038606805,0.0636309522517767,1
171,train,1900,130959.899999913,1149250959.9,18,15,1,2,3784284.0370280715,901092.8702235257,5037798.004320183,-57452.38830098439,52.5114834768943,13.393708539859,75.1659505937187,0.0108280359671525,1
172,train,1900,130960.099999913,1149250960.1,18,15,1,2,3784285.6778666195,901093.485868444,5037798.036907152,-57461.78237996849,52.5114834388309,13.393708537566,75.1673004769502,-0.0100704171966552,1
173,train,1900,130960.299999913,1149250960.3,18,15,1,2,3784288.3517370457,901093.4067029817,5037799.904216094,-57469.873280447144,52.5114834865241,13.3937085135661,75.168791569019,-0.0090955565244912,1
174,train,1900,130960.499999913,1149250960.5,18,15,1,2,3784289.754034031,901093.5339577233,5037800.373540786,-57479.07406074915,52.5114834954359,13.393708461385,75.1704603202332,0.007989716383707,1
175,train,1900,130960.699999913,1149250960.6999998,17,14,1,3,3784263.8995916974,901090.6459982472,5037791.621760097,-57507.672957676514,52.511483549399,13.3937082849791,75.1723413226082,0.0417262191866956,1
176,train,1900,130960.899999913,1149250960.9,17,14,1,2,3784261.405206556,901090.3762989907,5037790.589721226,-57519.775762660545,52.5114835005217,13.3937080311763,75.1744786083534,0.0936810385198399,1
177,train,1900,130961.099999913,1149250961.1,17,13,1,2,3784251.0312879835,901086.3752256746,5037781.518946784,-57541.53329293559,52.5114836023157,13.393707371691,75.1769143405349,0.162089600050065,0
178,train,1900,130961.299999913,1149250961.3,18,14,1,2,3784258.3440816775,901088.9544171245,5037779.797479748,-57548.76407273091,52.5114835812803,13.3937065823794,75.1796797758455,0.241888685534194,0
179,train,1900,130961.499999913,1149250961.5,17,14,1,2,3784250.416590378,901088.2238122462,5037774.23144541,-57566.611157058425,52.5114835158665,13.3937057533389,75.1828008409899,0.310578450348537,0
180,train,1900,130961.699999913,1149250961.6999998,16,13,1,3,3784231.0336108305,901094.0728028427,5037716.025421205,-57620.51810518371,52.5114834457452,13.3937047587681,75.1862843872742,0.360970069884567,0
181,train,1900,130961.899999913,1149250961.9,16,13,1,2,3784229.211236008,901092.6303059693,5037715.6955903005,-57632.28004711328,52.5114835241472,13.3937036108841,75.190126448385,0.421138426618488,0
182,train,1900,130962.099999913,1149250962.1,16,13,1,2,3784225.099727309,901091.1768434634,5037714.450561732,-57645.592197436206,52.5114835098134,13.3937022337818,75.1943127012422,0.526408239878439,0
183,train,1900,130962.299999913,1149250962.3,15,13,1,2,3784225.6320883064,901091.4274117881,5037713.738102717,-57656.388274583085,52.511483553706,13.3937004390758,75.1988156516057,0.688208150399193,0
184,train,1900,130962.499999913,1149250962.5,15,13,1,2,3784227.8802743913,901091.5964704527,5037714.417260882,-57665.322047443944,52.511483541496,13.3936981088958,75.2035991005269,0.900760099494267,0
185,train,1900,130962.699999913,1149250962.6999998,15,13,1,2,3784229.758288476,901091.3928589326,5037715.627840021,-57673.919041677014,52.5114834625712,13.3936950837649,75.2086150569752,1.15410521572889,0
186,train,1900,130962.899999913,1149250962.9,15,13,1,2,3784227.2875938704,901090.8073041406,5037713.854696152,-57686.22110528508,52.5114834007124,13.3936912738725,75.213778339592,1.43284349731267,0
187,train,1900,130963.099999913,1149250963.1,16,14,1,3,3784237.0285014915,901079.4063811408,5037771.585682625,-57658.28000872083,52.5114833494234,13.3936866216627,75.2189828482327,1.72042816334128,0
188,train,1900,130963.299999913,1149250963.3,16,14,1,2,3784235.919187122,901078.5858529311,5037770.031041831,-57670.679769721515,52.5114832608726,13.393681149521,75.224113101314,2.0053216619664,0
189,train,1900,130963.499999913,1149250963.5,16,13,1,3,3784223.6258204384,901087.1758121357,5037714.941360266,-57719.29357193826,52.5114830589447,13.393674831702,75.2290579960211,2.290271672708,0
190,train,1900,130963.699999913,1149250963.6999998,16,13,1,2,3784223.0199886397,901087.0429981893,5037715.087946802,-57729.392307668466,52.5114826887845,13.3936676699204,75.2337124321061,2.58285258405393,0
191,train,1900,130963.899999913,1149250963.9,16,13,1,2,3784225.832438298,901088.0212984472,5037715.18277158,-57738.14784160992,52.5114821602944,13.3936596529869,75.2379737384364,2.89073861250683,0
192,train,1900,130964.099999913,1149250964.1,16,14,1,3,3784235.357500946,901079.1106904947,5037766.3821943225,-57714.48470008453,52.5114814170293,13.3936507404129,75.2417404900346,3.21318809365662,0
193,train,1900,130964.299999913,1149250964.3,15,13,1,3,3784221.9175832337,901085.7957417612,5037713.587865336,-57762.72860444454,52.5114805272456,13.3936409160942,75.2449231265386,3.52873462146235,0
194,train,1900,130964.499999913,1149250964.5,15,13,1,2,3784221.3991642143,901085.6173751339,5037712.755869891,-57773.98133703991,52.5114793635769,13.3936302767317,75.2474516596635,3.80264996053477,0
195,train,1900,130964.699999913,1149250964.6999998,15,14,1,3,3784233.7493147445,901077.5948816885,5037763.7973278025,-57748.68157159962,52.5114779706572,13.3936189941333,75.2492677519975,4.01644548617651,0
196,train,1900,130964.899999913,1149250964.9,16,14,1,2,3784231.167192432,901075.4323485616,5037758.800230984,-57764.07977155807,52.511476194941,13.393607239069,75.2503350410381,4.18672537415293,0
197,train,1900,130965.099999913,1149250965.1,16,15,1,3,3784244.6424144707,901087.2118863742,5037762.533521712,-57763.21766743928,52.5114743641549,13.3935950769134,75.2506543782473,4.35665910556941,0
198,train,1900,130965.299999913,1149250965.3,17,15,1,2,3784244.692779079,901088.5433884847,5037757.123019935,-57776.545653636524,52.5114723013668,13.3935824307262,75.2502669225619,4.55973881818438,0
199,train,1900,130965.499999913,1149250965.5,15,14,1,3,3784228.4719854575,901078.1717390923,5037739.330071664,-57807.66623226772,52.5114700388618,13.3935691469626,75.2492536133373,4.7986061782381,0
200,train,1900,130965.699999913,1149250965.6999998,16,14,1,2,3784225.7357639996,901076.8988100982,5037728.78714608,-57826.088702171925,52.511467755328,13.3935551634837,75.2477298764881,5.05824572710662,0
201,train,1900,130965.899999913,1149250965.9,15,14,1,2,3784223.5586496587,901076.3692922269,5037721.903016048,-57841.561563995194,52.5114654953759,13.3935404075683,75.2458380193504,5.32890519180424,0
202,train,1900,130966.099999913,1149250966.1,14,14,1,2,3784224.0242311773,901077.737542323,5037717.6415830115,-57854.02134852605,52.5114630826931,13.3935248294675,75.2437443841323,5.60226824441864,0
203,train,1900,130966.299999913,1149250966.3,15,14,1,2,3784223.5582236014,901076.3303153205,5037717.229805384,-57865.05389869663,52.5114605464818,13.3935084382794,75.2416255688188,5.87090823046393,0
204,train,1900,130966.499999913,1149250966.5,15,14,1,2,3784223.069767482,901074.0612741259,5037717.747383625,-57875.5326971687,52.5114581141975,13.3934912021966,75.2396532882291,6.129536853796,0
205,train,1900,130966.699999913,1149250966.6999998,16,14,1,2,3784225.623534241,901072.9987137734,5037718.764339699,-57883.939988055216,52.5114556960003,13.3934731648563,75.2379862194625,6.38529255955878,0
206,train,1900,130966.899999913,1149250966.9,16,15,1,3,3784240.9271099786,901083.1372869568,5037730.304736911,-57877.815189408015,52.5114533701475,13.3934543274732,75.2367704304715,6.64008833761507,0
207,train,1900,130967.099999913,1149250967.1,17,14,1,2,3784229.710205606,901070.4834574172,5037724.077102226,-57899.75250626512,52.5114512279277,13.3934347099452,75.2361238851886,6.88076944933678,0
208,train,1900,130967.299999913,1149250967.3,14,13,1,2,3784226.7181695444,901071.5570763164,5037723.1711222455,-57912.18636718263,52.5114493032025,13.393414369136,75.2361209922498,7.08791710278038,0
209,train,1900,130967.499999913,1149250967.5,14,13,1,2,3784229.7949532247,901070.433505283,5037725.080558328,-57920.20915730612,52.5114472822607,13.3933934829839,75.2367981910636,7.25286443000772,0
210,train,1900,130967.699999913,1149250967.6999998,12,11,1,2,3784242.294828768,901072.5260170995,5037717.947777341,-57928.313724078864,52.5114453429746,13.393372149505,75.2381590314182,7.37510617939234,0
211,train,1900,130967.899999913,1149250967.9,13,12,1,2,3784233.1661044382,901071.620909233,5037711.798370832,-57947.04603362041,52.5114434867764,13.3933504946281,75.2401822045829,7.46707003558918,0
212,train,1900,130968.099999913,1149250968.1,11,11,1,2,3784246.43688077,901071.155031137,5037718.05276379,-57947.08853015149,52.5114417413306,13.3933285836253,75.2428348290836,7.55380251577237,0
213,train,1900,130968.299999913,1149250968.3,14,12,1,2,3784240.2896151016,901070.2540041687,5037712.683936523,-57964.49791938756,52.5114399695088,13.3933063760999,75.246078144877,7.65607396466292,0
214,train,1900,130968.499999913,1149250968.5,13,12,1,2,3784244.6825974397,901069.5617651576,5037713.701997827,-57971.89344221321,52.5114382954704,13.3932838231826,75.2498631016745,7.78975804170982,0
215,train,1900,130968.699999913,1149250968.6999998,13,12,1,3,3784282.35976691,901074.9120069242,5037733.419273875,-57949.777211832166,52.5114364463782,13.3932608451765,75.2541252599664,7.95624017436317,0
216,train,1900,130968.899999913,1149250968.9,14,13,1,3,3784263.3969904673,901074.3895073063,5037722.328726402,-57976.916371896536,52.5114345373465,13.3932373359024,75.2587959019175,8.13795477710575,0
217,train,1900,130969.099999913,1149250969.1,13,13,1,2,3784264.3367719827,901070.9684556914,5037724.033423274,-57986.30155481599,52.511433109337,13.393214141295,75.2638084714504,8.31152197403518,0
218,train,1900,130969.299999913,1149250969.3,13,12,1,2,3784273.9168187794,901068.0728519687,5037729.355773066,-57988.612674684555,52.5114311554109,13.3931895849087,75.2690956275965,8.46962119356748,0
219,train,1900,130969.499999913,1149250969.5,15,14,1,2,3784266.2593400576,901068.0714752121,5037724.069088059,-58006.109725819064,52.511429175281,13.3931646186007,75.2745903177092,8.62246856374707,0
220,train,1900,130969.699999913,1149250969.6999998,15,14,1,2,3784268.476309424,901064.3058394335,5037726.420433148,-58014.16525930082,52.5114271454052,13.3931392065852,75.2802298657305,8.77533970069933,0
221,train,1900,130969.899999913,1149250969.9,14,14,1,2,3784269.2245960394,901062.8218946841,5037726.315208005,-58024.66578946508,52.511425184728,13.3931133400375,75.2859477439699,8.91968027418461,0
222,train,1900,130970.099999913,1149250970.1,12,12,1,2,3784257.3427034426,901054.2720215095,5037721.565131736,-58045.04427361905,52.51142344333,13.3930877090121,75.2916747917407,9.03488391285445,0
223,train,1900,130970.299999913,1149250970.3,13,13,1,2,3784264.703708089,901054.7187658343,5037723.229874939,-58050.93964712631,52.5114214558267,13.3930611839967,75.2973484206659,9.12148646640985,0
224,train,1900,130970.499999913,1149250970.5,15,14,1,2,3784271.8718048185,901056.2468670041,5037726.667692039,-58054.98942744967,52.5114191468283,13.3930344655266,75.3029085369351,9.18671084433022,0
225,train,1900,130970.699999913,1149250970.6999998,15,14,1,2,3784275.649791859,901053.7474012157,5037728.634625975,-58062.35953322211,52.5114170134198,13.393007568804,75.3082935937516,9.23000250174468,0
226,train,1900,130970.899999913,1149250970.9,14,14,1,2,3784273.3905852092,901053.517260049,5037724.616943479,-58077.0688177586,52.5114150296191,13.3929805612546,75.313435959391,9.25602325509125,0
227,train,1900,130971.099999913,1149250971.1,14,14,1,2,3784274.9179019,901051.3499556393,5037725.049151689,-58086.63047717731,52.5114127895898,13.3929535167504,75.3182701319077,9.26995629756275,0
228,train,1900,130971.299999913,1149250971.3,14,14,1,2,3784275.0269167824,901050.0399197461,5037723.869365995,-58098.13901766772,52.51141071071,13.3929264340192,75.3227351385452,9.27693886276123,0
229,train,1900,130971.499999913,1149250971.5,14,14,1,2,3784274.392357079,901048.515200902,5037722.221390043,-58110.49062206053,52.5114085857799,13.3928993368648,75.3267714790183,9.28133600810453,0
230,train,1900,130971.699999913,1149250971.6999998,14,14,1,2,3784279.2541691214,901046.1454116637,5037724.894105948,-58116.87298662735,52.5114063366632,13.3928722483638,75.3303209612177,9.27847236333307,0
231,train,1900,130971.899999913,1149250971.9,12,12,1,2,3784284.1010753103,901042.6543535292,5037726.638720719,-58124.17832759849,52.5114041390739,13.3928451918589,75.3333219665361,9.25761006819428,0
232,train,1900,130972.099999913,1149250972.1,12,12,1,2,3784285.456219669,901040.8133017692,5037727.046332758,-58133.81878630193,52.5114018994617,13.3928182324359,75.3357127064555,9.21259129751008,0
233,train,1900,130972.299999913,1149250972.3,13,12,1,2,3784286.0484294365,901041.2338426248,5037724.770556876,-58144.544650339914,52.5113996095343,13.3927914488666,75.3374358885417,9.14460955711397,0
234,train,1900,130972.499999913,1149250972.5,14,13,1,2,3784284.0252881767,901042.1979299611,5037721.257065979,-58157.831270624505,52.5113973929374,13.3927648713134,75.3384359100429,9.06607243348115,0
235,train,1900,130972.699999913,1149250972.6999998,14,13,1,2,3784286.9815704552,901036.877142276,5037727.843772222,-58164.708115013345,52.5113955516478,13.3927385096924,75.3386571901959,8.98813202544913,0
236,train,1900,130972.899999913,1149250972.9,14,13,1,2,3784285.132338203,901034.8604390748,5037727.104561534,-58176.501520904785,52.5113933998851,13.3927123937573,75.3380560643276,8.90826263737452,0
237,train,1900,130973.099999913,1149250973.1,14,13,1,2,3784287.230678602,901031.1496188119,5037729.841436768,-58184.40090927222,52.5113912935857,13.3926865051856,75.3366106643964,8.8132180646989,0
238,train,1900,130973.299999913,1149250973.3,15,14,1,2,3784288.2222281103,901030.8632697378,5037728.791074267,-58194.30573301238,52.5113892459736,13.3926609566045,75.3343257296351,8.70061833879744,0
239,train,1900,130973.499999913,1149250973.5,15,14,1,2,3784288.7089765556,901028.6303991178,5037729.510936315,-58204.29821634754,52.5113872047299,13.3926357273836,75.3312350365065,8.58910897389156,0
240,train,1900,130973.699999913,1149250973.6999998,15,14,1,2,3784289.10329086,901027.9661135747,5037729.027190092,-58214.23421971531,52.5113850023664,13.3926108159509,75.3273892107978,8.49039716971467,0
241,train,1900,130973.899999913,1149250973.9,15,14,1,2,3784291.770457251,901025.7666797057,5037729.491578036,-58223.390025687,52.511383150467,13.3925861588793,75.322833763918,8.40378273342718,0
242,train,1900,130974.099999913,1149250974.1,15,14,1,2,3784290.302454092,901023.3666539035,5037729.421102224,-58235.04807690978,52.5113813226207,13.3925617397778,75.3176135180675,8.30843087082849,0
243,train,1900,130974.299999913,1149250974.3,15,14,1,2,3784291.145836899,901020.9906066331,5037731.243138254,-58243.818602918254,52.5113794312475,13.3925376601375,75.311783537346,8.16341343200755,0
244,train,1900,130974.499999913,1149250974.5,13,12,1,2,3784280.055719257,901015.0615573418,5037728.043189173,-58262.18078430287,52.5113777136194,13.3925141079641,75.3054144620409,7.93432102193207,0
245,train,1900,130974.699999913,1149250974.6999998,13,13,1,2,3784296.762042676,901015.872602632,5037736.471509347,-58258.963893497516,52.5113763577293,13.3924912963626,75.2986025814034,7.614226736791,0
246,train,1900,130974.899999913,1149250974.9,13,12,1,2,3784281.6367310784,901010.423363986,5037730.469727009,-58280.791868583234,52.5113750945981,13.3924694852408,75.2914709127523,7.22887895143369,0
247,train,1900,130975.099999913,1149250975.1,14,13,1,2,3784298.5956626553,901011.6822913482,5037738.259813932,-58277.680530792655,52.5113742273096,13.3924488361477,75.2841606065677,6.81780570185762,0
248,train,1900,130975.299999913,1149250975.3,13,13,1,2,3784299.2663890813,901011.4589733972,5037737.085591145,-58288.34725418105,52.5113737840512,13.3924293724855,75.2768239169073,6.41568636811811,0
249,train,1900,130975.499999913,1149250975.5,13,13,1,2,3784299.8784396537,901010.6182296821,5037736.01316419,-58299.77659309723,52.5113736246611,13.3924110202386,75.2696137288699,6.04233490643011,0
250,train,1900,130975.699999913,1149250975.6999998,13,13,1,2,3784301.216540359,901010.601067186,5037734.668488044,-58310.626537734606,52.5113738598301,13.3923937005873,75.2626683757897,5.70415867509047,0
251,train,1900,130975.899999913,1149250975.9,13,13,1,2,3784301.3536545294,901009.215865223,5037734.855515238,-58321.23419805501,52.5113742494967,13.3923773573671,75.2561027156366,5.39566442445337,0
252,train,1900,130976.099999913,1149250976.1,15,14,1,2,3784298.7127322736,901007.2122125741,5037734.018498416,-58333.70273313778,52.5113748448336,13.3923619047933,75.2500130591315,5.10274348848789,0
253,train,1900,130976.299999913,1149250976.3,14,13,1,2,3784299.106387608,901008.4014914277,5037732.595448949,-58344.393859951895,52.5113754433752,13.3923472966737,75.2444779457526,4.81876552554144,0
254,train,1900,130976.499999913,1149250976.5,14,13,1,2,3784299.190768306,901006.8439871552,5037733.531800824,-58354.2116421212,52.5113758880355,13.3923335139803,75.2395552300815,4.54689755795471,0
255,train,1900,130976.699999913,1149250976.6999998,14,13,1,2,3784301.854807652,901007.7730644598,5037732.2345518805,-58364.449842673675,52.5113762744087,13.3923204903635,75.2352837987,4.30232696353765,0
256,train,1900,130976.899999913,1149250976.9,15,13,1,2,3784301.407349646,901008.2616566035,5037730.165517709,-58376.28448355896,52.5113764859378,13.3923081252854,75.23168854465,4.09933722779764,0
257,train,1900,130977.099999913,1149250977.1,15,13,1,2,3784301.3914982253,901007.1785443807,5037730.023517081,-58386.83245426121,52.5113766321555,13.3922962737008,75.2287815923435,3.94706585038096,0
258,train,1900,130977.299999913,1149250977.3,16,14,1,2,3784301.6295488556,901006.9248329082,5037729.300149134,-58397.04287351352,52.5113764693501,13.3922847995115,75.2265585625591,3.85111228403171,0
259,train,1900,130977.499999913,1149250977.5,16,14,1,2,3784301.5604197364,901006.935088595,5037728.961262379,-58407.37702700951,52.5113760749978,13.3922735570459,75.2249994180681,3.8028612254655,0
260,train,1900,130977.699999913,1149250977.6999998,16,14,1,2,3784300.752389322,901006.6342533726,5037728.942713781,-58417.946864849066,52.5113752978789,13.3922624465656,75.2240760702195,3.78206315229915,0
261,train,1900,130977.899999913,1149250977.9,16,14,1,2,3784299.916813581,901006.0415669701,5037727.878366021,-58429.866882889735,52.5113741983644,13.3922514626775,75.2237539588593,3.78164399545346,0
262,train,1900,130978.099999913,1149250978.1,16,14,1,2,3784300.9781615436,901005.783862934,5037728.293491669,-58439.07481540572,52.5113726989106,13.3922405809091,75.2239923823226,3.80823701933118,0
263,train,1900,130978.299999913,1149250978.3,15,14,1,2,3784298.0736622126,901006.1155768541,5037727.406651434,-58451.18627434246,52.511371061954,13.3922297235748,75.2247425768517,3.86448357767715,0
264,train,1900,130978.499999913,1149250978.5,15,14,1,2,3784298.7422917816,901005.9631035539,5037727.9488573875,-58460.36970966462,52.5113690605256,13.3922188319205,75.2259434553281,3.94404010472064,0
265,train,1900,130978.699999913,1149250978.6999998,15,14,1,2,3784298.3701114715,901006.0087552184,5037727.068575377,-58471.57136302656,52.511366510746,13.39220784845,75.2275205441103,4.0283130256469,0
266,train,1900,130978.899999913,1149250978.9,15,14,1,2,3784303.1737285075,901005.3068201154,5037729.306122119,-58477.89522709383,52.5113636846608,13.3921967262011,75.2293886698544,4.11169590045542,0
267,train,1900,130979.099999913,1149250979.1,15,14,1,2,3784304.8810293134,901004.8507411717,5037728.875278396,-58487.65115412236,52.511360984878,13.3921853295057,75.2314494989697,4.20315027449433,0
268,train,1900,130979.299999913,1149250979.3,16,14,1,2,3784304.4456087276,901006.9625198743,5037725.336945676,-58499.980944526644,52.5113584061003,13.3921735523306,75.2335974522818,4.31670455501267,0
269,train,1900,130979.499999913,1149250979.5,16,13,1,2,3784303.4606058043,901006.8248329494,5037721.856349491,-58512.57836576288,52.511355973385,13.3921612547713,75.2357267868577,4.46410801030247,0
270,train,1900,130979.699999913,1149250979.6999998,16,13,1,2,3784304.552571202,901005.627403361,5037722.16813699,-58522.57248465705,52.5113537380586,13.392148358881,75.2377423759357,4.64581976749675,0
271,train,1900,130979.899999913,1149250979.9,16,13,1,2,3784304.523435356,901003.0649600851,5037722.9470962705,-58533.29116470028,52.5113517229386,13.3921347677328,75.2395606059854,4.85536391797345,0
272,train,1900,130980.099999913,1149250980.1,15,13,1,2,3784303.3821874033,900999.6484306133,5037724.986273617,-58544.183446883326,52.5113499173741,13.3921204424384,75.2411205784593,5.07620057212017,0
273,train,1900,130980.299999913,1149250980.3,16,13,1,2,3784308.5512359883,900995.7087148394,5037729.64084358,-58550.10352909525,52.5113483039243,13.3921053995267,75.2423962495701,5.27761436846833,0
274,train,1900,130980.499999913,1149250980.5,16,13,1,2,3784307.1641727225,900997.2731840077,5037725.963610772,-58563.033469104696,52.5113470407588,13.3920897774201,75.2433606526461,5.42330167382835,0
275,train,1900,130980.699999913,1149250980.6999998,14,13,1,2,3784305.462501279,900994.3444322187,5037727.566019631,-58573.760873129184,52.5113458748459,13.3920738035704,75.2439929478439,5.48442425152701,0
276,train,1900,130980.899999913,1149250980.9,14,13,1,2,3784302.049540145,900986.5164254812,5037733.048726887,-58584.6576481339,52.5113447205996,13.3920577663397,75.2442812722792,5.45545673939756,0
277,train,1900,130981.099999913,1149250981.1,15,13,1,2,3784300.2793168123,900981.2285123762,5037736.457807124,-58595.61008646696,52.5113437864391,13.3920419051716,75.2442210838873,5.35820946558944,0
278,train,1900,130981.299999913,1149250981.3,15,12,1,2,3784304.56374415,900977.497802403,5037741.449335048,-58601.278456240565,52.5113428117597,13.3920263827023,75.243814289963,5.22328425935662,0
279,train,1900,130981.499999913,1149250981.5,16,13,1,2,3784303.3784368047,900976.496592933,5037741.540947878,-58612.18489778315,52.5113420952794,13.3920112836738,75.2430697121919,5.07254403485194,0
280,train,1900,130981.699999913,1149250981.6999998,16,13,1,2,3784303.7236344223,900975.7757479192,5037741.308384327,-58622.07785986513,52.5113412470856,13.39199662965,75.2420042153878,4.9156520017105,0
281,train,1900,130981.899999913,1149250981.9,16,13,1,2,3784303.787885259,900976.0684378291,5037739.835439646,-58633.32250099959,52.5113405059841,13.3919824332088,75.2406435279115,4.75722801075762,0
282,train,1900,130982.099999913,1149250982.1,15,13,1,2,3784306.13912973,900976.7621057716,5037738.49195322,-58643.486002281425,52.5113398562587,13.3919687030255,75.2390207123313,4.59586239406341,0
283,train,1900,130982.299999913,1149250982.3,15,13,1,2,3784305.148629548,900976.1110394882,5037737.92971229,-58654.772994979045,52.5113392357742,13.3919554496183,75.2371734069754,4.42568319203179,0
284,train,1900,130982.499999913,1149250982.5,15,13,1,2,3784306.5280265994,900978.1784617897,5037735.049460029,-58665.45097073911,52.5113386902496,13.3919427187316,75.2351436443782,4.24044887339562,0
285,train,1900,130982.699999913,1149250982.6999998,15,13,1,2,3784308.720516554,900979.310305746,5037733.836390258,-58675.094262458355,52.5113382206091,13.3919305558012,75.2329770426652,4.03773047292953,0
286,train,1900,130982.899999913,1149250982.9,15,13,1,2,3784309.1756061595,900981.3879636852,5037731.268656644,-58685.86578356448,52.5113376948614,13.3919190043668,75.2307211367573,3.82408981475733,0
287,train,1900,130983.099999913,1149250983.1,15,13,1,2,3784310.331030714,900980.8707987093,5037731.961979929,-58695.123628706526,52.511337308282,13.3919080676877,75.2284246601939,3.61144210071947,0
288,train,1900,130983.299999913,1149250983.3,16,14,1,2,3784314.7945902366,900976.55581157,5037753.046888625,-58690.8098235428,52.5113371175829,13.3918977300665,75.2261353877344,3.41366256741863,0
289,train,1900,130983.499999913,1149250983.5,15,14,1,2,3784318.7344555105,900987.5413787229,5037734.866812879,-58708.47282300813,52.5113369115859,13.3918879292374,75.2238986309238,3.24111712380359,0
290,train,1900,130983.699999913,1149250983.6999998,16,15,1,2,3784324.465557757,900982.3626861703,5037761.902541311,-58700.721211348566,52.5113367753612,13.391878606802,75.2217562259636,3.09101286979678,0
291,train,1900,130983.899999913,1149250983.9,14,14,1,2,3784313.793278604,900975.3441557703,5037752.221124399,-58723.208900675294,52.511336966748,13.3918697035322,75.2197462161624,2.94999707693525,0
292,train,1900,130984.099999913,1149250984.1,15,14,1,2,3784311.5128310146,900972.9534890736,5037749.530400021,-58736.45119239558,52.5113371606087,13.3918612384982,75.2179008225965,2.80415684237987,0
293,train,1900,130984.299999913,1149250984.3,16,14,1,2,3784311.450534146,900973.2009682064,5037747.0460278,-58748.60162357191,52.5113374732957,13.3918532035963,75.216247434786,2.64667288060892,0
294,train,1900,130984.499999913,1149250984.5,15,14,1,2,3784310.547911321,900971.845744095,5037746.49616779,-58760.454755475555,52.5113377848064,13.3918456704839,75.2148117988064,2.4771277605393,0
295,train,1900,130984.699999913,1149250984.6999998,15,14,1,2,3784311.365149937,900972.4412952216,5037746.703588888,-58769.93001469087,52.5113382375114,13.3918386558155,75.2136187762299,2.30217880630115,0
296,train,1900,130984.899999913,1149250984.9,15,14,1,2,3784311.3208826277,900973.1677810405,5037749.154310573,-58778.1836445298,52.5113388835359,13.3918321518865,75.212691772425,2.14290319751352,0
297,train,1900,130985.099999913,1149250985.1,15,14,1,2,3784307.8578648977,900972.4469995281,5037745.11739225,-58793.26283915573,52.5113393245695,13.3918260766684,75.2120526669021,2.02876065137448,0
298,train,1900,130985.299999913,1149250985.3,16,14,1,2,3784299.049041913,900970.0144304157,5037741.523183909,-58810.615709528916,52.5113399595506,13.3918202543088,75.2117230539236,1.97387407771614,0
299,train,1900,130985.499999913,1149250985.5,16,14,1,2,3784294.1046389868,900968.9808727683,5037735.737644938,-58826.58863814019,52.5113405220881,13.3918145191509,75.2117243897081,1.97470684545428,0
300,train,1900,130985.699999913,1149250985.6999998,16,14,1,2,3784288.084867436,900965.01895961,5037735.860613779,-58840.58370236902,52.511341153052,13.3918087150034,75.2120736606493,2.01616778865628,0
301,train,1900,130985.899999913,1149250985.9,15,14,1,2,3784284.4393544053,900964.4786548755,5037733.857957606,-58854.990371837426,52.5113417092569,13.3918027623199,75.2127766553378,2.0858121519171,0
302,train,1900,130986.099999913,1149250986.1,14,13,1,2,3784274.8941906607,900953.4674468973,5037735.403388664,-58873.28539229427,52.5113424039678,13.391796556523,75.213828231627,2.18624895335764,0
303,train,1900,130986.299999913,1149250986.3,15,14,1,2,3784278.0935605704,900959.7473744659,5037732.013264523,-58881.73479988133,52.511343098919,13.3917899997601,75.2152186475312,2.33336382988061,0
304,train,1900,130986.499999913,1149250986.5,15,14,1,2,3784275.2144305925,900957.5648242106,5037729.658250054,-58895.533908816935,52.5113437230414,13.3917829017512,75.216934134888,2.53565576058619,0
305,train,1900,130986.699999913,1149250986.6999998,15,14,1,2,3784277.5561665148,900956.9074162844,5037730.627871751,-58903.99414076182,52.511344323769,13.3917751539131,75.2189499357275,2.77206054432034,0
306,train,1900,130986.899999913,1149250986.9,14,14,1,2,3784274.79855506,900959.0512505973,5037724.348761738,-58918.48926941806,52.5113449416116,13.391766706646,75.2212284601261,2.97609977857736,0
307,train,1900,130987.099999913,1149250987.1,16,14,1,2,3784276.89453904,900957.9320297099,5037726.238105544,-58927.067320830254,52.5113455062819,13.3917578045663,75.2237144087275,3.05042808860286,0
308,train,1900,130987.299999913,1149250987.3,16,14,1,2,3784275.161365501,900959.7189319332,5037727.414583258,-58937.10597104863,52.5113457886159,13.3917489645525,75.2263379736681,2.91944882176188,0
309,train,1900,130987.499999912,1149250987.5,16,14,1,2,3784276.3462756183,900959.4506252824,5037727.482803481,-58947.00168528439,52.5113457176561,13.3917408215314,75.2290153650182,2.5819645879248,0
310,train,1900,130987.699999912,1149250987.6999998,16,14,1,2,3784278.5118057006,900961.2615400833,5037728.6881270455,-58954.333318251,52.5113456345092,13.3917338927715,75.2316568945764,2.10449362922715,0
311,train,1900,130987.899999912,1149250987.9,16,14,1,2,3784281.2694449457,900962.6994473297,5037730.409465612,-58961.951328953466,52.5113456409889,13.3917284475551,75.234182900526,1.5904527198843,0
312,train,1900,130988.099999912,1149250988.1,16,14,1,2,3784280.210393066,900962.9874872515,5037729.400165727,-58973.3285439882,52.511345590789,13.3917244523499,75.236527264439,1.13957128110114,0
313,train,1900,130988.299999912,1149250988.3,16,13,1,2,3784276.25528755,900966.1089874571,5037708.729285604,-58997.809147373984,52.5113455094067,13.3917216019474,75.2386346605701,0.826273413040623,0
314,train,1900,130988.499999912,1149250988.5,16,14,1,2,3784278.4701161333,900964.2645970572,5037726.722917418,-58995.724289606645,52.5113454144246,13.3917194378472,75.2404580356152,0.671057024250707,0
315,train,1900,130988.699999912,1149250988.6999998,16,14,1,2,3784275.546539584,900962.1488526236,5037725.697967816,-59008.51793924885,52.5113454806392,13.391717529966,75.2419574974891,0.633740504037232,0
316,train,1900,130988.899999912,1149250988.9,16,14,1,2,3784274.3370363414,900960.2380974732,5037726.060433173,-59019.7819699628,52.511345452008,13.3917156336966,75.2430982364675,0.656921856873903,0
317,train,1900,130989.099999912,1149250989.1,16,14,1,2,3784278.659096184,900962.950665258,5037730.118905779,-59025.11447476195,52.5113455702239,13.3917136203221,75.2438481743114,0.7131112778318,0
318,train,1900,130989.299999912,1149250989.3,15,14,1,2,3784279.422180518,900962.2097325093,5037731.725694665,-59034.13416651221,52.5113454858994,13.39171137889,75.2441800950245,0.816549239577279,0
319,train,1900,130989.499999912,1149250989.5,15,14,1,2,3784279.0569135193,900961.8087147254,5037727.665301718,-59047.356807300996,52.5113454259889,13.3917087116301,75.2440804219657,0.999041044330206,0
320,train,1900,130989.699999912,1149250989.6999998,15,14,1,2,3784280.570261088,900961.801611236,5037728.050499618,-59055.82650272616,52.5113453390586,13.391705401457,75.2435506065869,1.27144047906887,0
321,train,1900,130989.899999912,1149250989.9,15,14,1,2,3784280.251865852,900959.4570397276,5037728.511557729,-59066.998089202534,52.5113453249668,13.3917011638542,75.2426040645151,1.61339379063489,0
322,train,1900,130990.099999912,1149250990.1,15,14,1,2,3784277.884756621,900960.8668925412,5037725.930481243,-59079.95089431412,52.5113451669347,13.391695853764,75.2412650670417,1.9961737194845,0
323,train,1900,130990.299999912,1149250990.3,15,14,1,2,3784280.252058893,900963.4495372616,5037725.85709956,-59088.56884696552,52.5113449245407,13.3916894180942,75.2395624050175,2.40092619067558,0
324,train,1900,130990.499999912,1149250990.5,16,14,1,2,3784279.286418629,900962.4148388639,5037724.397585726,-59100.8324186175,52.5113444017852,13.3916817802301,75.237526871897,2.81494239253856,0
325,train,1900,130990.699999912,1149250990.6999998,16,14,1,2,3784279.5721248602,900961.3308838309,5037724.208543118,-59111.07924095866,52.5113438239986,13.3916729572791,75.2351805037546,3.22910369933956,0
326,train,1900,130990.899999912,1149250990.9,16,14,1,2,3784280.1255617873,900960.3135605642,5037723.416960169,-59121.87834357543,52.5113430764274,13.3916629370991,75.2325644921958,3.61909224156973,0
327,train,1900,130991.099999912,1149250991.1,16,14,1,2,3784278.3790928633,900959.9095832425,5037722.046724178,-59134.09879285615,52.5113420511672,13.3916518855416,75.2297203858629,3.95506638807013,0
328,train,1900,130991.299999912,1149250991.3,16,14,1,2,3784278.544609989,900959.9946132377,5037719.507998771,-59145.79721825352,52.5113409937541,13.3916399964123,75.2266849415514,4.21506873267967,0
329,train,1900,130991.499999912,1149250991.5,15,14,1,2,3784273.5468675927,900954.9732436615,5037718.769739713,-59160.30973204026,52.5113398441245,13.3916275466171,75.2234902266788,4.40380237208605,0
330,train,1900,130991.699999912,1149250991.6999998,15,15,1,3,3784287.6999782193,900966.0498933977,5037726.751572616,-59157.4133994669,52.5113385686619,13.3916145134959,75.2201692233322,4.55192353055649,0
331,train,1900,130991.899999912,1149250991.9,15,15,1,2,3784286.1272570244,900964.6001251177,5037726.448392274,-59168.93819347798,52.5113375600324,13.3916010593554,75.2167608668949,4.69060584271432,0
332,train,1900,130992.099999912,1149250992.1,15,15,1,2,3784285.4771843525,900963.7500426163,5037725.809759222,-59180.10623786372,52.5113364564918,13.3915871500277,75.2133121378732,4.83897073816931,0
333,train,1900,130992.299999912,1149250992.3,15,14,1,3,3784270.9239814105,900948.249004317,5037716.912467071,-59206.42217254617,52.5113350631516,13.3915728210592,75.2098829043073,5.01101325323579,0
334,train,1900,130992.499999912,1149250992.5,15,14,1,2,3784268.411418233,900947.9446595032,5037714.356900879,-59219.19836419812,52.5113338185906,13.3915579430736,75.2065468820408,5.21801362127591,0
335,train,1900,130992.699999912,1149250992.6999998,16,14,1,2,3784269.4229612174,900946.0997030409,5037713.257147501,-59230.02657154624,52.5113325224674,13.3915423968696,75.2033915987824,5.45489755136918,0
336,train,1900,130992.899999912,1149250992.9,15,14,1,2,3784270.358291654,900945.375989024,5037713.045843233,-59240.213230265916,52.5113312287174,13.391526126701,75.2005015874853,5.70678314380077,0
337,train,1900,130993.099999912,1149250993.1,15,14,1,2,3784271.994339241,900944.1037693323,5037713.884398086,-59249.17145261418,52.5113298918356,13.3915090911417,75.1979372018381,5.95772483914289,0
338,train,1900,130993.299999912,1149250993.3,15,14,1,2,3784271.481542912,900943.8705571605,5037711.978186102,-59260.398759882686,52.511328418486,13.3914913593824,75.1957281013512,6.19796447441012,0
339,train,1900,130993.499999912,1149250993.5,15,13,1,2,3784268.394526562,900936.9978052988,5037714.608817521,-59272.52874325504,52.5113269742958,13.3914729317906,75.1938824220487,6.42455037553073,0
340,train,1900,130993.699999912,1149250993.6999998,14,13,1,2,3784259.536519873,900946.624747685,5037710.833740164,-59286.53850998991,52.5113255151427,13.3914538683324,75.192392913376,6.63485667451729,0
341,train,1900,130993.899999912,1149250993.9,15,14,1,2,3784273.2231119014,900941.3543084374,5037720.265458307,-59284.09972438833,52.5113239321008,13.3914342095502,75.1912389166232,6.81436407421058,0
342,train,1900,130994.099999912,1149250994.1,14,13,1,2,3784272.590227112,900933.6021579553,5037725.408198851,-59295.18818560967,52.5113223989425,13.391414076703,75.1903890604935,6.94870098395397,0
343,train,1900,130994.299999912,1149250994.3,14,13,1,2,3784274.5669191196,900932.1207115239,5037725.5544493515,-59305.11519727017,52.5113208002358,13.3913936165731,75.1898081454956,7.03753636052925,0
344,train,1900,130994.499999912,1149250994.5,14,14,1,2,3784282.007560448,900938.5663675393,5037727.572670826,-59307.993819082396,52.5113192916673,13.3913729546868,75.1894656867839,7.09138872117023,0
345,train,1900,130994.699999912,1149250994.6999998,14,13,1,2,3784278.494992575,900930.1518187402,5037729.24329219,-59321.259348113046,52.5113177068034,13.391352162268,75.189335497047,7.12634385492387,0
346,train,1900,130994.899999912,1149250994.9,14,14,1,2,3784284.121711967,900933.7619968029,5037731.480058595,-59325.28544079929,52.5113161574609,13.3913312644923,75.1893933990591,7.16105428045005,0
347,train,1900,130995.099999912,1149250995.1,14,14,1,2,3784286.7494755327,900931.2920751354,5037733.641076225,-59333.77025309689,52.5113147044157,13.3913102373865,75.1896154141244,7.21093909394971,0
348,train,1900,130995.299999912,1149250995.3,15,14,1,2,3784287.718748062,900928.3395030965,5037735.187879277,-59343.21480890627,52.511313230714,13.3912890346271,75.1899826979478,7.28281883311268,0
349,train,1900,130995.499999912,1149250995.5,15,14,1,2,3784289.00108207,900926.1819695602,5037736.237655368,-59352.76796276166,52.5113118744953,13.3912675662255,75.1904819915049,7.37453687301253,0
350,train,1900,130995.699999912,1149250995.6999998,15,14,1,2,3784287.8228445714,900923.8001056844,5037736.20750508,-59364.37436932612,52.5113102238375,13.3912460140756,75.1911045935348,7.4748994675975,0
351,train,1900,130995.899999912,1149250995.9,16,14,1,2,3784289.9543264443,900922.1182161052,5037738.050020437,-59372.46679272684,52.5113087109123,13.3912239889369,75.191849008921,7.58106601948446,0
352,train,1900,130996.099999912,1149250996.1,14,12,1,2,3784287.0837786635,900917.3772411824,5037737.361692241,-59385.75746446193,52.5113071022407,13.3912016370093,75.1927180119464,7.69392234673473,0
353,train,1900,130996.299999912,1149250996.3,14,13,1,2,3784279.364730578,900922.4853175887,5037733.168371549,-59401.44230497958,52.5113055280741,13.3911789416379,75.1937202965099,7.81351815919134,0
354,train,1900,130996.499999912,1149250996.5,13,11,1,2,3784272.7858855077,900919.3747960604,5037722.582268918,-59422.58800574166,52.5113038661471,13.3911558884937,75.1948505988028,7.93145150465925,0
355,train,1900,130996.699999912,1149250996.6999998,15,13,1,2,3784280.532233377,900918.1131053084,5037732.533515724,-59422.654453588926,52.5113022181603,13.3911325101832,75.1960779106783,8.04065131586779,0
356,train,1900,130996.899999912,1149250996.9,11,10,1,3,3784238.456075835,900904.7355009269,5037719.055847995,-59466.66112045359,52.5113006592118,13.391108819888,75.1973687443441,8.13900650220076,0
357,train,1900,130997.099999912,1149250997.1,12,11,1,3,3784264.121940742,900915.9204203454,5037715.585836728,-59461.504228119826,52.5112990384691,13.391084853799,75.1986956496756,8.22134299687128,0
358,train,1900,130997.299999912,1149250997.3,15,13,1,3,3784283.0464937403,900911.1468640086,5037734.34016688,-59450.99821419403,52.5112975077306,13.3910606694648,75.2000351743931,8.28079884152223,0
359,train,1900,130997.499999912,1149250997.5,15,14,1,2,3784289.003436332,900911.7048445584,5037736.496713955,-59457.453585652445,52.511296072843,13.3910363332417,75.2013673220071,8.31851912454101,0
360,train,1900,130997.699999912,1149250997.6999998,16,14,1,2,3784289.5484081074,900909.9879070172,5037736.364109492,-59468.68158270198,52.5112944867512,13.3910119153066,75.2026710463877,8.34546453403089,0
361,train,1900,130997.899999912,1149250997.9,14,13,1,2,3784287.668269196,900910.4815835976,5037723.357037439,-59488.27854978613,52.5112928951966,13.3909874084204,75.2039245999372,8.37417328334971,0
362,train,1900,130998.099999912,1149250998.1,13,13,1,2,3784293.447174166,900907.1686571491,5037726.391755317,-59494.91280898642,52.5112913770026,13.3909628102824,75.2051058259982,8.41046086431291,0
363,train,1900,130998.299999912,1149250998.3,13,13,1,2,3784296.8936655317,900905.6287829104,5037727.167866711,-59503.50329464963,52.5112898262675,13.3909380971301,75.2061951807529,8.4478910334685,0
364,train,1900,130998.499999912,1149250998.5,12,12,1,2,3784297.5115842987,900902.615355592,5037730.032402343,-59511.88776758775,52.5112882973724,13.3909132812024,75.2071759573342,8.47287399638543,0
365,train,1900,130998.699999912,1149250998.6999998,13,13,1,2,3784298.613412283,900904.3277980348,5037728.409111073,-59521.24804199017,52.5112868714782,13.3908884233857,75.2080348594483,8.47213970540968,0
366,train,1900,130998.899999912,1149250998.9,13,12,1,2,3784289.6896572667,900900.2581596931,5037724.327404984,-59539.58313983846,52.5112860844034,13.3908643038504,75.2087635367315,8.43749994229724,0
367,train,1900,130999.099999912,1149250999.1,14,13,1,2,3784298.531928038,900899.6299081199,5037727.473381416,-59544.155240781554,52.511284583179,13.3908396468372,75.2093588506027,8.38111322401516,0
368,train,1900,130999.299999912,1149250999.3,13,12,1,2,3784292.228357326,900898.1049973632,5037725.238935067,-59559.337017073754,52.5112832598275,13.3908151392868,75.2098207251139,8.3204186715197,0
369,train,1900,130999.499999912,1149250999.5,14,13,1,2,3784300.81703012,900894.9211713623,5037731.26320035,-59561.6366572827,52.5112818476687,13.3907908225637,75.2101512464062,8.26656502894931,0
370,train,1900,130999.699999912,1149250999.6999998,14,12,1,2,3784295.535125708,900895.6095955023,5037727.491832101,-59576.14515642231,52.5112803787274,13.390766654149,75.2103542679095,8.22237080475493,0
371,train,1900,130999.899999912,1149250999.9,14,12,1,2,3784296.2964938474,900894.0647185119,5037727.469107688,-59586.35529468538,52.5112789074308,13.3907425877372,75.2104386257047,8.18619505829484,0
372,train,1900,131000.099999912,1149251000.1,14,12,1,2,3784297.479823418,900894.0396699295,5037727.279198712,-59595.828918372405,52.5112774975103,13.3907186237846,75.210416251084,8.1582696244108,0
373,train,1900,131000.299999912,1149251000.3,15,13,1,2,3784302.6410767697,900889.85082561,5037741.593482101,-59595.5999776576,52.5112760701917,13.3906947467771,75.2103022499522,8.13413139360448,0
374,train,1900,131000.499999912,1149251000.5,13,11,1,3,3784267.1254203804,900889.5433494487,5037709.071176,-59643.9407203823,52.5112745421898,13.3906709493748,75.2101136595104,8.10150909483986,0
375,train,1900,131000.699999912,1149251000.6999998,13,11,1,2,3784266.8692386136,900887.6103053371,5037708.542458143,-59655.09806350068,52.5112734708118,13.3906480863757,75.209868250291,8.04276954980675,0
376,train,1900,131000.899999912,1149251000.9,13,11,1,2,3784268.4060009923,900886.4513362716,5037708.638020881,-59664.623735512636,52.5112720301561,13.3906246134836,75.2095833838852,7.96535280849802,0
377,train,1900,131001.099999912,1149251001.1,13,11,1,2,3784265.220869061,900885.4421346277,5037705.092600458,-59679.67412356466,52.5112706345604,13.3906014103112,75.2092764698495,7.87148447642192,0
378,train,1900,131001.299999912,1149251001.3,12,11,1,2,3784270.6218387024,900883.0393086217,5037708.2690101825,-59685.8242480295,52.5112691047952,13.3905784665927,75.2089661703668,7.78012740257937,0
379,train,1900,131001.499999912,1149251001.5,12,11,1,2,3784271.6962532806,900881.2143785332,5037709.115273741,-59695.56299350047,52.511267691235,13.3905557814767,75.2086730288674,7.70268417824883,0
380,train,1900,131001.699999912,1149251001.6999998,12,11,1,2,3784272.5534188394,900880.9099013462,5037708.021069521,-59706.303259511405,52.5112662944229,13.3905333129071,75.2084175542686,7.64299909369689,0
381,train,1900,131001.899999912,1149251001.9,13,12,1,3,3784301.5470032627,900876.4739618525,5037727.379158066,-59689.62131171229,52.5112648710754,13.3905109842442,75.2082198671334,7.59732839930936,0
382,train,1900,131002.099999912,1149251002.1,12,11,1,3,3784278.1901993714,900878.6530891123,5037709.774201664,-59722.875761311014,52.5112633755718,13.3904887816236,75.2080992171416,7.55443374946928,0
383,train,1900,131002.299999912,1149251002.3,12,11,1,2,3784279.6966239773,900877.7667773894,5037710.396530043,-59731.67947715199,52.5112623532232,13.3904675185741,75.2080756789461,7.50596934665001,0
384,train,1900,131002.499999912,1149251002.5,13,12,1,3,3784314.3950979286,900877.8335901182,5037727.12342313,-59714.72869126363,52.5112608341976,13.3904455949713,75.2081689792017,7.4467828236419,0
385,train,1900,131002.699999912,1149251002.6999998,13,13,1,2,3784320.4957915717,900871.7173265824,5037747.240295335,-59710.995249129315,52.5112595502944,13.390424539174,75.2083983100846,7.37264677523752,0
386,train,1900,131002.899999912,1149251002.9,13,13,1,2,3784319.603032656,900869.8327843556,5037746.641407862,-59722.900247901605,52.5112581802147,13.3904034776663,75.2087824917637,7.28075024801854,0
387,train,1900,131003.099999912,1149251003.1,11,11,1,3,3784276.9400180937,900870.2970065763,5037709.534294603,-59776.84416372636,52.5112575088017,13.3903827337179,75.2093379531833,7.17155708076322,0
388,train,1900,131003.299999912,1149251003.3,12,12,1,2,3784286.016440243,900864.7351411197,5037734.84467744,-59768.30582061352,52.5112560762123,13.3903618937862,75.2100778393516,7.05472178347444,0
389,train,1900,131003.499999912,1149251003.5,13,13,1,3,3784322.539214751,900864.7976042848,5037749.344270767,-59751.40063838295,52.51125475672,13.3903413973231,75.2110145591531,6.9392285028748,0
390,train,1900,131003.699999912,1149251003.6999998,14,14,1,2,3784319.997156413,900864.0844115752,5037748.628657528,-59763.19380753431,52.5112533321211,13.3903212410645,75.2121586410258,6.82659819488378,0
391,train,1900,131003.899999912,1149251003.9,14,14,1,2,3784318.9684471497,900863.0277124757,5037748.649576702,-59774.20541306271,52.5112518523051,13.390301418028,75.2135168522442,6.71319169328325,0
392,train,1900,131004.099999912,1149251004.1,13,13,1,2,3784316.1696812795,900865.4549006993,5037729.794538579,-59797.39213154225,52.5112504675597,13.3902819324297,75.2150788299887,6.59081913341571,0
393,train,1900,131004.299999912,1149251004.3,12,12,1,2,3784301.933340264,900861.0114823356,5037721.8940209765,-59820.63864489977,52.5112491605682,13.3902628439204,75.216836052752,6.44765312875875,0
394,train,1900,131004.499999912,1149251004.5,12,12,1,2,3784303.5243821978,900858.0928187632,5037726.005138172,-59827.17769323747,52.5112477772013,13.3902442271859,75.2187796686008,6.27360668918253,0
395,train,1900,131004.699999912,1149251004.6999998,15,14,1,3,3784321.540912913,900857.7697353499,5037750.518199482,-59813.511221701316,52.5112463988428,13.3902261735942,75.2208966158432,6.06751140313516,0
396,train,1900,131004.899999912,1149251004.9,15,14,1,2,3784324.328662973,900856.1863420187,5037751.628738373,-59821.88400102453,52.5112450271518,13.3902087614848,75.2231718673741,5.8385085467079,0
397,train,1900,131005.099999912,1149251005.1,14,13,1,2,3784319.933528548,900859.3261644292,5037730.7064314885,-59847.730188600435,52.5112438257643,13.3901920487091,75.2255899941765,5.60113370542985,0
398,train,1900,131005.299999912,1149251005.3,13,13,1,2,3784321.2590436186,900857.2695973709,5037731.231774502,-59857.47114566326,52.5112425658423,13.3901760230575,75.2281358416889,5.36822698040395,0
399,train,1900,131005.499999912,1149251005.5,13,13,1,2,3784313.187116185,900849.5538780456,5037747.599132605,-59862.566284008324,52.5112412752725,13.3901606660162,75.2307936622487,5.14655245694857,0
400,train,1900,131005.699999912,1149251005.6999998,13,13,1,2,3784313.87869302,900848.7753007102,5037747.258588702,-59873.59746771904,52.5112400498767,13.3901459531903,75.2335485845714,4.93602864759591,0
401,train,1900,131005.899999912,1149251005.9,14,13,1,2,3784316.0403246083,900847.197556963,5037748.447519293,-59882.566541809385,52.5112388684796,13.390131833213,75.2363856123665,4.7298353680086,0
402,train,1900,131006.099999912,1149251006.1,14,13,1,2,3784315.2655351455,900846.8466634903,5037746.663229917,-59894.602609921785,52.5112378699669,13.3901183128781,75.2392882414477,4.51905118315039,0
403,train,1900,131006.299999912,1149251006.3,14,13,1,2,3784313.65175816,900845.3124797802,5037746.86491872,-59905.38679901788,52.51123692864,13.3901054134318,75.2422401742653,4.29462182324181,0
404,train,1900,131006.499999912,1149251006.5,14,13,1,2,3784328.471720346,900847.9050753496,5037754.421180884,-59903.98935011462,52.5112360933678,13.390093179921,75.2452261574477,4.05344990202744,0
405,train,1900,131006.699999912,1149251006.6999998,13,12,1,2,3784320.2167907646,900851.6913400785,5037727.144979539,-59934.185717300694,52.5112353958383,13.390081651591,75.2482324626072,3.79854637093538,0
406,train,1900,131006.899999912,1149251006.9,13,13,1,2,3784323.7570775514,900850.0234686661,5037729.499318869,-59941.539541971426,52.5112349063954,13.390070870117,75.2512464034462,3.53484975753995,0
407,train,1900,131007.099999912,1149251007.1,14,14,1,2,3784331.9758290327,900843.282063382,5037760.118784857,-59930.53679601557,52.5112345178507,13.3900608572598,75.254256669567,3.26855055718076,0
408,train,1900,131007.299999912,1149251007.3,14,14,1,2,3784333.4837987456,900843.440336468,5037759.336426835,-59941.489876234955,52.511234231233,13.3900516202248,75.2572533645297,3.00529099426783,0
409,train,1900,131007.499999912,1149251007.5,14,14,1,2,3784334.523144999,900843.1750541956,5037756.224243133,-59953.88002350337,52.5112339763904,13.3900431413236,75.2602270459816,2.75374538851632,0
410,train,1900,131007.699999912,1149251007.6999998,14,14,1,2,3784333.3209209205,900843.8313044999,5037755.091399448,-59965.11364784396,52.5112338349996,13.3900353774958,75.2631692931155,2.52369933484462,0
411,train,1900,131007.899999912,1149251007.9,14,13,1,2,3784332.7067170795,900843.7240000598,5037750.737921512,-59977.95478153733,52.5112338010147,13.3900282370814,75.266075149076,2.32243448090564,0
412,train,1900,131008.099999912,1149251008.1,15,14,1,2,3784333.4080381026,900841.383082892,5037753.6162172165,-59986.44356284624,52.5112337647902,13.3900216568639,75.268942477611,2.1511138609397,0
413,train,1900,131008.299999912,1149251008.3,15,14,1,2,3784333.2646612087,900841.3319943331,5037751.320333678,-59998.84784256398,52.5112338832114,13.3900155316495,75.2717711807514,2.00194193076579,0
414,train,1900,131008.499999912,1149251008.5,15,14,1,2,3784335.293129018,900842.4162301177,5037752.380393101,-60006.64405386518,52.5112339209174,13.3900098370336,75.274561633408,1.86196177668811,0
415,train,1900,131008.699999912,1149251008.6999998,15,14,1,2,3784333.846016713,900841.9942816284,5037752.6271385,-60017.41468235229,52.5112340197459,13.3900045551497,75.2773133816084,1.71997492020858,0
416,train,1900,131008.899999912,1149251008.9,14,13,1,2,3784324.858834674,900839.382433459,5037749.811591595,-60034.25104856769,52.5112340808002,13.3899997024529,75.280025502262,1.57156283740639,0
417,train,1900,131009.099999912,1149251009.1,14,13,1,2,3784325.9602750875,900840.8635809798,5037748.368154165,-60044.86071920295,52.5112341628335,13.3899953038136,75.2826965062417,1.41733618920066,0
418,train,1900,131009.299999912,1149251009.3,14,13,1,2,3784323.497266039,900838.9796401346,5037747.000218153,-60057.45280702657,52.511234234637,13.3899913650583,75.2853259635618,1.26045797213278,0
419,train,1900,131009.499999912,1149251009.5,14,13,1,2,3784328.8619445986,900839.1013302746,5037744.667449325,-60066.4020589108,52.5112343522857,13.3899878751966,75.2879147606085,1.10356216059186,0
420,train,1900,131009.699999912,1149251009.6999998,14,13,1,2,3784328.4279418197,900837.2589993072,5037744.133422174,-60078.30156227598,52.5112344237745,13.3899848612907,75.2904637904626,0.949751360714389,0
421,train,1900,131009.899999912,1149251009.9,13,13,1,2,3784325.2636805894,900838.7437873529,5037744.4858023785,-60090.03769689982,52.5112344488592,13.3899822788096,75.2929736117089,0.801026035221849,0
422,train,1900,131010.099999912,1149251010.1,13,13,1,2,3784322.911786213,900837.9422759654,5037740.796123118,-60104.083367423154,52.5112345715299,13.3899801299356,75.2954437032755,0.658292082169826,0
423,train,1900,131010.299999912,1149251010.3,13,13,1,2,3784329.844269127,900837.7720390483,5037742.225291905,-60110.09710504262,52.5112345941125,13.3899784037209,75.2978702821849,0.520852177920396,0
424,train,1900,131010.499999912,1149251010.5,14,13,1,2,3784336.537121192,900838.2508357331,5037741.688741991,-60117.464156259266,52.5112346046376,13.3899770698097,75.3002465298575,0.387702730682684,0
425,train,1900,131010.699999912,1149251010.6999998,14,13,1,2,3784339.9255578457,900837.036953345,5037741.078331584,-60126.638043364735,52.5112346444171,13.3899761083129,75.3025634562391,0.260086862980838,0
426,train,1900,131010.899999912,1149251010.9,14,13,1,2,3784338.0133019583,900839.1905914254,5037736.932162022,-60140.38551491387,52.5112345406705,13.3899755183809,75.3048089569791,0.145333833472358,0
427,train,1900,131011.099999912,1149251011.1,15,14,1,2,3784338.7246668017,900842.6841597583,5037732.60338462,-60152.2245343878,52.5112346007774,13.3899758576205,75.306970101872,0.0582853823337773,1
428,train,1900,131011.299999912,1149251011.3,16,14,1,2,3784336.1789149544,900844.0155828428,5037728.113741387,-60166.40918747057,52.51123454549,13.3899759760478,75.3090403969818,0.0100639377434098,1
429,train,1900,131011.499999912,1149251011.5,16,14,1,2,3784334.105547999,900845.0374494469,5037725.842307878,-60178.76353375503,52.5112347242528,13.3899757507041,75.3110038897151,-0.0072185682118464,1
430,train,1900,131011.699999912,1149251011.6999998,16,14,1,2,3784333.8053404195,900845.8240795711,5037724.514090005,-60190.05288338106,52.5112344142285,13.3899758688218,75.3128439137952,-0.0096024581651891,1
431,train,1900,131011.899999912,1149251011.9,16,14,1,2,3784333.309949344,900845.7878856313,5037723.6298308205,-60201.679216042015,52.5112344580944,13.3899758648936,75.3145440627486,-0.0067337599025889,1
432,train,1900,131012.099999912,1149251012.1,16,14,1,2,3784333.4291850594,900845.0469059863,5037725.018244402,-60211.27866291023,52.511234425564,13.3899758389548,75.3160920416244,-0.0038316872003888,1
433,train,1900,131012.299999912,1149251012.3,16,14,1,2,3784331.947029079,900845.8231151038,5037723.06483072,-60223.164935742796,52.5112346696348,13.3899757260246,75.3174887066439,-0.0026356311123156,1
434,train,1900,131012.499999912,1149251012.5,15,13,1,2,3784323.6756232907,900843.79844864,5037720.68768106,-60239.100767494005,52.5112346202135,13.3899757881285,75.3187271551636,-0.001212826178766,1
435,train,1900,131012.699999912,1149251012.6999998,15,13,1,2,3784320.7390125776,900844.0452450382,5037718.715322894,-60252.18824302651,52.5112346523335,13.3899757882925,75.3197997023685,-0.0007452093281826,1
436,train,1900,131012.899999912,1149251012.9,15,13,1,2,3784323.2711077756,900844.0867080757,5037720.00967142,-60260.41699957498,52.5112346189654,13.3899757838152,75.3207164638106,-0.0003259983063826,1
437,train,1900,131013.099999912,1149251013.1,15,13,1,2,3784321.142954808,900843.9460033914,5037718.02042777,-60273.09107840449,52.5112346137175,13.3899757626169,75.3214944145142,-0.0006542621219582,1
438,train,1900,131013.299999912,1149251013.3,15,13,1,2,3784321.3192671747,900843.4955852387,5037720.72617511,-60282.03359612924,52.5112345962965,13.3899757759011,75.3221388817702,-0.0010864258035442,1
439,train,1900,131013.499999912,1149251013.5,15,13,1,2,3784320.9107393604,900844.2527819274,5037717.726898158,-60294.55073193617,52.5112347535402,13.3899757948515,75.3226510205566,-0.0009563102719867,1
440,train,1900,131013.699999912,1149251013.6999998,15,13,1,2,3784319.8622654774,900844.040079647,5037717.551172219,-60305.42795795715,52.5112347432117,13.3899757696542,75.3230320983852,-0.0006607991361542,1
441,train,1900,131013.899999912,1149251013.9,15,13,1,2,3784319.341054471,900844.266140024,5037717.7676428985,-60315.55077712817,52.5112347772,13.3899757737033,75.3232854024359,0.0001709273337018,1
442,train,1900,131014.099999912,1149251014.1,15,13,1,2,3784318.491831286,900844.6923144426,5037716.462178907,-60326.90882222305,52.5112347242481,13.3899757786833,75.3234187220873,0.0008620071757066,1
443,train,1900,131014.299999912,1149251014.3,15,13,1,2,3784318.139083787,900843.7760513806,5037719.040904412,-60335.99085687658,52.511234840112,13.3899757808059,75.3234444855082,0.0014503055538368,1
444,train,1900,131014.499999912,1149251014.5,15,13,1,2,3784317.7336466447,900843.9585021358,5037719.160189141,-60346.34490409317,52.5112348012272,13.3899757755393,75.3233773546005,0.0020424231606813,1
445,train,1900,131014.699999912,1149251014.6999998,15,13,1,2,3784317.018671185,900843.7249614662,5037717.346617992,-60358.18856285617,52.5112347228782,13.3899757557728,75.3232339772399,0.0023474984658324,1
446,train,1900,131014.899999912,1149251014.9,15,13,1,2,3784316.097713022,900843.5728020197,5037716.40849541,-60369.6119507781,52.5112345870708,13.3899757793718,75.3230354887014,0.002370609257453,1
447,train,1900,131015.099999912,1149251015.1,15,13,1,2,3784316.23639154,900843.2398340692,5037718.288002376,-60378.937222989334,52.5112344714563,13.3899757160209,75.3228052889035,0.0021511164611673,1
448,train,1900,131015.299999912,1149251015.3,15,13,1,2,3784315.3823892013,900843.1366638223,5037717.986908105,-60390.01028312147,52.5112344238044,13.3899756875002,75.322569434158,0.0018687335754767,1
449,train,1900,131015.499999912,1149251015.5,15,13,1,2,3784315.6990803964,900843.410502114,5037717.149875482,-60401.013881731444,52.5112344294828,13.3899757101244,75.3223513785722,0.0014548854919818,1
450,train,1900,131015.699999912,1149251015.6999998,15,13,1,2,3784314.6247244687,900843.641826134,5037716.029550572,-60412.39506551877,52.5112345731025,13.3899757301006,75.3221709820061,0.0007930260117534,1
451,train,1900,131015.899999912,1149251015.9,15,13,1,2,3784313.3450248274,900844.1219282447,5037712.866320039,-60425.298268085346,52.5112344560922,13.3899758050031,75.3220459154158,-0.0005590396342496,1
452,train,1900,131016.099999912,1149251016.1,15,13,1,2,3784312.7258851463,900844.8678177178,5037711.2903332375,-60436.97356795679,52.5112346079748,13.3899757439082,75.3219894927597,-0.0024995925899476,1
453,train,1900,131016.299999912,1149251016.3,15,13,1,2,3784313.4870808646,900844.7363949432,5037711.239610526,-60447.00055868888,52.5112345124011,13.389975784782,75.3220079254831,-0.0034099168790446,1
454,train,1900,131016.499999912,1149251016.5,15,13,1,2,3784314.239141679,900844.8111342096,5037712.974398039,-60456.26433802904,52.5112344552472,13.3899757730082,75.3221065796686,-0.0048973895715277,1
455,train,1900,131016.699999912,1149251016.6999998,15,13,1,2,3784314.5528572164,900844.853214085,5037713.991862665,-60465.90549365943,52.5112344499659,13.3899757924576,75.322288127797,-0.0064392350746282,1
456,train,1900,131016.899999912,1149251016.9,15,13,1,2,3784315.0215703817,900844.8007645113,5037715.457551468,-60475.37350576435,52.5112345078178,13.3899757437292,75.3225520589849,-0.0078223312257735,1
457,train,1900,131017.099999912,1149251017.1,15,13,1,2,3784314.797165419,900845.1541093542,5037715.423858885,-60485.92797839932,52.5112344391563,13.3899757680962,75.3228942204358,-0.0087920694561621,1
458,train,1900,131017.299999912,1149251017.3,15,13,1,2,3784315.7939936337,900845.6482751584,5037714.403636332,-60496.67603872528,52.5112344463283,13.3899757730516,75.3233072138473,-0.0092151769193643,1
459,train,1900,131017.499999912,1149251017.5,15,13,1,2,3784316.063448279,900845.3580169319,5037716.331202169,-60505.7375177135,52.5112344097986,13.389975793112,75.3237798195753,-0.0094479041474135,1
460,train,1900,131017.699999912,1149251017.6999998,15,13,1,2,3784315.7220824338,900845.6248037617,5037715.904611458,-60516.7376275127,52.5112344294346,13.3899757530216,75.3242975379687,-0.0093067781203832,1
461,train,1900,131017.899999912,1149251017.9,15,13,1,2,3784314.8081209785,900845.3094316622,5037716.6413851,-60526.88219712353,52.5112350216621,13.3899757203371,75.3248414543447,-0.0081412345276889,1
462,train,1900,131018.099999912,1149251018.1,15,13,1,2,3784315.1493243943,900845.0832944438,5037717.4945995305,-60536.621487486045,52.5112349964863,13.3899755679656,75.3253890609446,-0.0059446144232267,1
463,train,1900,131018.299999912,1149251018.3,15,13,1,2,3784314.4316692757,900845.3652171782,5037715.391887303,-60548.48098936182,52.5112348941043,13.3899756007632,75.3259123110316,-0.002551365142589,1
464,train,1900,131018.499999912,1149251018.5,15,13,1,2,3784314.5821210523,900845.1507982842,5037716.732996459,-60557.97993632238,52.5112349746906,13.3899756667898,75.3263846391718,0.0026964363420692,1
465,train,1900,131018.699999912,1149251018.6999998,14,13,1,2,3784314.520701437,900845.517166403,5037715.189485744,-60569.441081038705,52.5112349230818,13.3899756382973,75.3267889253655,0.0110956060171325,1
466,train,1900,131018.899999912,1149251018.9,14,13,1,2,3784314.821395252,900845.9111458712,5037713.700661828,-60580.69935618697,52.511234869685,13.3899755772918,75.3271221027439,0.0219491886279234,1
467,train,1900,131019.099999912,1149251019.1,14,13,1,2,3784314.310710489,900846.4457022806,5037710.932068568,-60592.9167384124,52.511234828938,13.389975498006,75.3273919111865,0.0327095253191765,1
468,train,1900,131019.299999912,1149251019.3,14,13,1,2,3784314.291033007,900846.6865072895,5037710.244700322,-60603.68796426936,52.5112347045173,13.389975371286,75.3276129322185,0.0432339635453214,1
469,train,1900,131019.499999912,1149251019.5,14,13,1,2,3784314.036655257,900847.0727311907,5037708.472773001,-60615.204807238515,52.5112346684876,13.3899752217649,75.3278001273543,0.054421143930043,1
470,train,1900,131019.699999912,1149251019.6999998,14,13,1,2,3784313.4604935446,900847.0496797278,5037707.798703317,-60626.10337153859,52.5112347490151,13.3899747234236,75.3279625727114,0.0766192618346321,1
471,train,1900,131019.899999912,1149251019.9,14,13,1,2,3784313.5018750913,900846.707889941,5037709.122858687,-60635.61429966951,52.5112347233823,13.3899744492238,75.3280993637483,0.106997988425103,0
472,train,1900,131020.099999912,1149251020.1,14,13,1,2,3784314.9855351206,900845.8669316341,5037714.954970702,-60642.13644360022,52.5112347246558,13.389974076302,75.3281967855488,0.129993913546394,0
473,train,1900,131020.299999912,1149251020.3,14,13,1,2,3784316.00264062,900845.1982459734,5037718.906850372,-60649.85922242745,52.5112346758352,13.389973677503,75.3282269307024,0.131044905814165,0
474,train,1900,131020.499999912,1149251020.5,15,13,1,2,3784317.950327373,900844.6637665643,5037722.574206423,-60657.23227762391,52.5112346979006,13.3899733083889,75.328149261778,0.10911951677346,0
475,train,1900,131020.699999912,1149251020.6999998,15,13,1,2,3784322.174976358,900844.0756656942,5037727.494695087,-60662.66193178039,52.5112347232899,13.3899728662688,75.3279232561959,0.0739577317092501,1
476,train,1900,131020.899999912,1149251020.9,15,13,1,2,3784328.172391602,900843.2692130805,5037733.392302178,-60666.497725737434,52.5112347535315,13.3899724916819,75.3275172843319,0.0473238422022674,1
477,train,1900,131021.099999912,1149251021.1,14,13,1,2,3784330.0962442416,900842.8521177269,5037736.202103582,-60674.0822169744,52.5112346897828,13.3899723518051,75.326918019568,0.03744467192262,1
478,train,1900,131021.299999912,1149251021.3,14,13,1,2,3784332.612259764,900842.6166402183,5037738.286350147,-60681.94171247131,52.5112346944354,13.3899721823718,75.3261285907453,0.0378458058282617,1
479,train,1900,131021.499999912,1149251021.5,15,13,1,2,3784332.554759246,900842.4957678062,5037737.779799171,-60692.37516076351,52.5112348152844,13.3899720529928,75.3251937425856,0.0408250243707699,1
480,train,1900,131021.699999912,1149251021.6999998,15,13,1,2,3784332.964091506,900843.27342281,5037734.277363547,-60704.85267041108,52.5112347137808,13.389971773418,75.3241613672669,0.0478248106339989,1
481,train,1900,131021.899999912,1149251021.9,14,13,1,2,3784332.12006858,900843.3981315593,5037731.781877205,-60716.8279416897,52.5112346563146,13.3899716068516,75.3230570500088,0.0602211307242558,1
482,train,1900,131022.099999912,1149251022.1,14,13,1,2,3784332.5825541248,900843.8791838053,5037731.361486066,-60727.70054065315,52.5112346762369,13.3899713937771,75.3219011585769,0.0691920988139039,1
483,train,1900,131022.299999912,1149251022.3,14,13,1,2,3784330.4296436836,900843.621961123,5037732.222881523,-60738.567627167264,52.511234651113,13.3899711538472,75.3207180882874,0.0664122747139991,1
484,train,1900,131022.499999912,1149251022.5,14,13,1,2,3784322.9060746143,900844.230623132,5037731.349819115,-60753.50767641292,52.5112346671212,13.3899708994997,75.3195392276231,0.0583030603801726,1
485,train,1900,131022.699999912,1149251022.6999998,13,13,1,2,3784316.0448417612,900844.6657224031,5037729.507676624,-60769.11427515769,52.5112346659857,13.3899707386169,75.3184045383757,0.0450511317814031,1
486,train,1900,131022.899999912,1149251022.9,13,13,1,2,3784313.8843488195,900844.344107725,5037728.666395531,-60782.0318805038,52.5112347958796,13.3899702655076,75.3173610976854,0.0407113478511823,1
487,train,1900,131023.099999912,1149251023.1,14,13,1,2,3784318.6207458815,900844.1210473749,5037728.651977819,-60789.86947710563,52.5112347876771,13.3899698162473,75.3164563759959,0.0456215850963163,1
488,train,1900,131023.299999912,1149251023.3,14,13,1,2,3784327.7169594574,900844.1465159039,5037731.385473513,-60793.932055011246,52.5112348152014,13.3899695127152,75.3157297086248,0.0527317343252623,1
489,train,1900,131023.499999912,1149251023.5,14,13,1,2,3784333.4503517975,900845.7279891862,5037733.552607137,-60799.26930028216,52.511234948344,13.3899692538403,75.3152225467441,0.07399838725007,1
490,train,1900,131023.699999912,1149251023.6999998,14,13,1,2,3784337.7665212727,900848.5887221845,5037732.84417299,-60807.041970900966,52.5112349100036,13.389968878688,75.3149774399212,0.0963698498574389,1
491,train,1900,131023.899999912,1149251023.9,14,12,1,2,3784320.7167903245,900848.5277539921,5037727.663973754,-60829.53333371023,52.5112349539488,13.3899684071991,75.3150235389559,0.106855057630427,0
492,train,1900,131024.099999912,1149251024.1,14,13,1,3,3784344.926801733,900845.3500408202,5037738.791185562,-60820.8077791765,52.5112350021762,13.3899679790622,75.3153635162812,0.106880248999001,0
493,train,1900,131024.299999912,1149251024.3,14,13,1,2,3784347.6264426806,900843.1903447881,5037741.015795016,-60828.18099369638,52.5112349522682,13.3899676476748,75.3159829977236,0.0952486411892147,1
494,train,1900,131024.499999912,1149251024.5,14,13,1,2,3784347.4081611536,900842.2920248944,5037740.374900153,-60838.88292102836,52.5112350200952,13.3899673462453,75.3168493160184,0.0733599824194217,1
495,train,1900,131024.699999912,1149251024.6999998,14,13,1,2,3784344.1028847666,900842.1008315571,5037737.41972412,-60852.48995847477,52.5112349314323,13.389966856355,75.3179163837783,0.0507870363298033,1
496,train,1900,131024.899999912,1149251024.9,15,13,1,2,3784339.102561077,900841.3443407759,5037733.87193589,-60867.700398480905,52.5112349737172,13.3899666834912,75.31912396351,0.0390229879223336,1
497,train,1900,131025.099999912,1149251025.1,15,13,1,2,3784330.6797956713,900839.6189846606,5037730.427443667,-60884.71077725135,52.5112349067099,13.3899662889141,75.3203952805519,0.0383630014589106,1
498,train,1900,131025.299999912,1149251025.3,15,13,1,2,3784334.930929495,900839.2479922938,5037733.092319479,-60890.637898183726,52.5112347774683,13.38996585951,75.3216539573499,0.0464955070741652,1
499,train,1900,131025.499999912,1149251025.5,14,13,1,2,3784344.892963917,900841.4816159152,5037735.594459785,-60893.669640831205,52.5112347984867,13.3899656913277,75.3228342123685,0.0603945094910835,1
500,train,1900,131025.699999912,1149251025.6999998,14,13,1,2,3784343.354613315,900841.51730812,5037734.5766661465,-60905.3048584397,52.5112347337541,13.3899653829883,75.3238957800545,0.0710209031984767,1
501,train,1900,131025.899999912,1149251025.9,14,13,1,2,3784330.825109176,900835.767646304,5037730.8976787,-60925.8478475804,52.5112347787345,13.3899651421449,75.3248221226769,0.0715478337015646,1
502,train,1900,131026.099999912,1149251026.1,14,13,1,2,3784324.2464733287,900835.4976826846,5037727.904834102,-60942.02010566563,52.5112347043695,13.3899648417644,75.32561459014,0.0679958250133986,1
503,train,1900,131026.299999912,1149251026.3,16,13,1,2,3784317.807624165,900837.7140702768,5037723.568165447,-60958.657727847116,52.5112347666491,13.389964610732,75.3262911508097,0.0654387541548102,1
504,train,1900,131026.499999912,1149251026.5,14,14,1,2,3784331.941914189,900844.6437191763,5037727.840604018,-60958.57625006899,52.5112348107915,13.3899639743381,75.3268782672305,0.0787456666184432,1
505,train,1900,131026.699999912,1149251026.6999998,14,14,1,2,3784336.281861013,900845.8500314845,5037729.588452228,-60965.26428008728,52.5112347872915,13.3899636763299,75.3274008324438,0.0973148401131143,1
506,train,1900,131026.899999912,1149251026.9,16,14,1,2,3784341.1654462325,900847.2859251729,5037731.722166084,-60971.1190045073,52.5112348140034,13.3899633269404,75.3278808066224,0.111942218420554,0
507,train,1900,131027.099999912,1149251027.1,15,14,1,2,3784339.8563524275,900844.9617970092,5037733.539104394,-60982.60630843211,52.5112347788205,13.3899629384964,75.3283223548775,0.110857037765661,0
508,train,1900,131027.299999912,1149251027.3,16,14,1,2,3784339.1213815273,900843.097246675,5037736.824588328,-60992.82444635696,52.5112347425251,13.3899626194801,75.3287249142061,0.0951976600186339,1
509,train,1900,131027.499999912,1149251027.5,16,14,1,2,3784339.7081114855,900841.1994744883,5037739.87286519,-61001.49930778759,52.5112347711303,13.3899621444731,75.3290895275019,0.0636097290212111,1
510,train,1900,131027.699999912,1149251027.6999998,16,14,1,2,3784342.722291883,900841.0440021033,5037741.452360025,-61009.2159238161,52.5112347435946,13.3899619714213,75.329410920661,0.0324888445538622,1
511,train,1900,131027.899999912,1149251027.9,16,14,1,2,3784346.3475798415,900841.5782371276,5037745.833551437,-61014.62642349468,52.5112347313398,13.3899617062154,75.3296812491586,0.0129536005124356,1
512,train,1900,131028.099999912,1149251028.1,15,14,1,2,3784349.7904314254,900842.6643443082,5037748.488339345,-61021.13443835223,52.5112348169205,13.389961469796,75.3298921834446,0.0035388223912516,1
513,train,1900,131028.299999912,1149251028.3,15,14,1,2,3784350.414053696,900844.3525566085,5037748.887202344,-61030.61698077122,52.5112348260225,13.3899613984115,75.3300269766443,0.0008013543876273,1
514,train,1900,131028.499999912,1149251028.5,15,14,1,2,3784349.4108324875,900844.9844730033,5037748.636547269,-61041.323278287804,52.5112348907839,13.3899612501413,75.3300695028575,0.0005849510306801,1
515,train,1900,131028.699999912,1149251028.6999998,15,14,1,2,3784348.801896849,900844.4298014299,5037749.131170983,-61052.02440229648,52.5112348201146,13.3899612441206,75.3300126407889,0.0008298665600331,1
516,train,1900,131028.899999912,1149251028.9,15,14,1,2,3784349.959109088,900845.1054821296,5037748.78015215,-61062.227918435616,52.5112348634245,13.3899611792951,75.3298520772798,0.0013031322003338,1
517,train,1900,131029.099999912,1149251029.1,14,13,1,2,3784348.380561606,900845.2920195715,5037748.14183369,-61073.623335592194,52.5112349852326,13.3899610491171,75.329584948868,0.0016296704450883,1
518,train,1900,131029.299999912,1149251029.3,14,13,1,2,3784344.032146787,900844.0463808307,5037747.3853668375,-61087.04699792951,52.5112350558603,13.3899609195846,75.3292075749509,0.0018558101480582,1
519,train,1900,131029.499999912,1149251029.5,14,13,1,2,3784339.4589637243,900843.1102784363,5037746.804349544,-61100.2170114414,52.5112350643688,13.389960755352,75.3287160210325,0.0018171300111161,1
520,train,1900,131029.699999912,1149251029.6999998,14,13,1,2,3784336.422000069,900842.1722722824,5037746.934963931,-61112.86483340335,52.5112350429671,13.389960502225,75.3281094888923,0.0015920613160891,1
521,train,1900,131029.899999912,1149251029.9,13,13,1,2,3784335.504729417,900841.326107207,5037746.768118009,-61124.260215749644,52.51123512169,13.3899602365735,75.3273874161362,0.0016890746438833,1
522,train,1900,131030.099999912,1149251030.1,13,13,1,2,3784333.938873597,900839.7088611558,5037747.09388828,-61135.94917183718,52.5112351625045,13.3899600464004,75.3265540592305,0.0022782703497507,1
523,train,1900,131030.299999912,1149251030.3,13,13,1,2,3784334.633257167,900839.5731661259,5037748.411599221,-61145.26244792631,52.5112352589095,13.3899597689007,75.3256219291902,0.0035254360143058,1
524,train,1900,131030.499999912,1149251030.5,14,13,1,2,3784335.3492953093,900840.433907544,5037748.33492303,-61154.9989631045,52.5112351811433,13.389959454653,75.3246087808332,0.0048583329701599,1
525,train,1900,131030.699999912,1149251030.6999998,15,13,1,2,3784332.831333687,900841.4186217576,5037747.669610009,-61166.36603960904,52.5112351392804,13.389959081981,75.3235361842028,0.0061967864560618,1
526,train,1900,131030.899999912,1149251030.9,16,14,1,2,3784340.916604804,900843.0231068528,5037752.707597779,-61169.50934394911,52.5112352215808,13.3899586181576,75.3224321154457,0.0068527867098184,1
527,train,1900,131031.099999912,1149251031.1,15,13,1,2,3784334.294512845,900846.8505868225,5037720.769885421,-61202.097277952846,52.5112352337258,13.3899582038588,75.3213379405515,0.0065723319354343,1
528,train,1900,131031.299999912,1149251031.3,15,13,1,2,3784335.1093189716,900844.7052690943,5037723.675074056,-61210.60250809852,52.5112352840925,13.389957983326,75.3203048825339,0.0057186881902778,1
529,train,1900,131031.499999912,1149251031.5,15,14,1,2,3784343.3967705052,900837.4542367989,5037763.495899688,-61193.924336951335,52.5112353364284,13.3899574818996,75.3193896758364,0.0048112213315532,1
530,train,1900,131031.699999912,1149251031.6999998,16,14,1,2,3784344.2226575,900836.7941986227,5037766.766369149,-61202.27963950218,52.5112353836549,13.3899571629179,75.3186393542201,0.0038276552750439,1
531,train,1900,131031.899999912,1149251031.9,16,14,1,2,3784346.400298725,900836.036713374,5037769.208916882,-61210.18838619135,52.511235375514,13.3899569194493,75.3180886234407,0.0024627195968181,1
532,train,1900,131032.099999912,1149251032.1,16,14,1,2,3784347.116523805,900835.5297974586,5037769.354704996,-61220.200129357196,52.5112353636691,13.3899567318946,75.3177657586167,0.0021650185104434,1
533,train,1900,131032.299999912,1149251032.3,16,14,1,2,3784348.1651339885,900835.0025496859,5037769.609381399,-61229.971482682326,52.5112354941591,13.3899566333421,75.3177024629674,0.0015746769762873,1
534,train,1900,131032.499999912,1149251032.5,16,14,1,2,3784349.449136718,900834.5614418726,5037771.312494684,-61238.91200614653,52.5112354859023,13.3899564393394,75.3179285486571,0.0007828769150379,1
535,train,1900,131032.699999912,1149251032.6999998,16,13,1,2,3784339.13868251,900841.0825019716,5037727.631396608,-61280.32516385021,52.5112354700939,13.3899562722639,75.3184595947901,-0.0009709594586067,1
536,train,1900,131032.899999912,1149251032.9,14,12,1,2,3784324.7381368377,900837.3611312154,5037722.830080391,-61301.694058078,52.5112354547043,13.389956072036,75.3192928755277,-0.004544255922075,1
537,train,1900,131033.099999912,1149251033.1,14,12,1,2,3784320.7667654143,900837.660165443,5037720.393394472,-61315.64003290653,52.5112354391727,13.3899559737709,75.3203980004976,-0.0078015862164494,1
538,train,1900,131033.299999912,1149251033.3,13,12,1,2,3784317.907199022,900838.2980966995,5037718.141317101,-61328.78552368518,52.5112352222039,13.3899556400171,75.3217166931247,-0.0092047805566422,1
539,train,1900,131033.499999912,1149251033.5,13,13,1,2,3784327.2421229417,900833.6120800734,5037755.446810958,-61311.9789480274,52.5112352938697,13.3899552453951,75.3231766670769,-0.0051452933938257,1
540,train,1900,131033.699999912,1149251033.6999998,13,13,1,2,3784326.5585232847,900834.8197352344,5037750.824602836,-61324.40473561922,52.5112353886575,13.3899547397475,75.3247134205849,0.007209410044062,1
541,train,1900,131033.899999912,1149251033.9,14,14,1,2,3784340.444307352,900839.2682985438,5037752.832235298,-61325.602418275026,52.5112353906477,13.3899543867626,75.3262770736297,0.0312657936974576,1
542,train,1900,131034.099999912,1149251034.1,13,13,1,2,3784329.4229695518,900838.4512909491,5037744.424429507,-61346.46726186699,52.5112353441973,13.3899538980035,75.3278295196081,0.0701219274595703,1
543,train,1900,131034.299999912,1149251034.3,13,13,1,2,3784327.5611258703,900839.1165621444,5037742.038860591,-61359.45442275194,52.5112354264731,13.3899533301775,75.3293325609389,0.123900300302042,0
544,train,1900,131034.499999912,1149251034.5,13,12,1,2,3784319.4287540666,900842.8407472216,5037715.611606828,-61389.695973719616,52.5112354056938,13.3899528393563,75.3307436580793,0.184058519111654,0
545,train,1900,131034.699999912,1149251034.6999998,16,14,1,3,3784336.249758437,900841.2328969308,5037748.981353034,-61372.03757428286,52.5112353933707,13.3899522113539,75.332017115851,0.231471756191614,0
546,train,1900,131034.899999912,1149251034.9,15,14,1,2,3784334.097142458,900842.4138917062,5037746.527830556,-61384.547207997166,52.5112353938376,13.3899514828316,75.3331113495056,0.262762490275609,0
547,train,1900,131035.099999912,1149251035.1,15,14,1,2,3784337.576648371,900843.2946594749,5037739.87943158,-61396.85514015496,52.5112355466109,13.3899506808249,75.3339990295505,0.280479074227792,0
548,train,1900,131035.299999912,1149251035.3,15,14,1,2,3784334.9272423084,900846.9203927229,5037730.759361302,-61412.68846961106,52.5112357246752,13.3899498302625,75.3346656745909,0.284464913670958,0
549,train,1900,131035.499999912,1149251035.5,15,14,1,2,3784331.5107994867,900846.2978489168,5037728.515750895,-61426.40137218415,52.5112357847739,13.3899490001475,75.3351051406697,0.278107270561462,0
550,train,1900,131035.699999912,1149251035.6999998,16,14,1,2,3784338.963682186,900845.8143983523,5037731.744897958,-61430.78041457852,52.5112357986323,13.3899482132972,75.3353124888765,0.267379725650166,0
551,train,1900,131035.899999912,1149251035.9,16,14,1,2,3784340.641024903,900845.0535903915,5037736.605813464,-61437.91166590603,52.5112358741034,13.3899474354546,75.335285755697,0.257379668657824,0
552,train,1900,131036.099999912,1149251036.1,13,13,1,2,3784331.25099052,900841.5095794573,5037731.704942045,-61456.84249675502,52.5112359588451,13.3899466955435,75.335033676366,0.251478812861264,0
553,train,1900,131036.299999912,1149251036.3,13,13,1,2,3784334.78820964,900838.8035964163,5037737.345170023,-61462.55905139029,52.5112361225186,13.3899459380424,75.3345774660922,0.246413002122902,0
554,train,1900,131036.499999912,1149251036.5,13,13,1,2,3784336.73781314,900838.4778308594,5037742.9886177685,-61468.69943773041,52.5112362412976,13.3899452091277,75.3339450359909,0.242847665727999,0
555,train,1900,131036.699999912,1149251036.6999998,13,13,1,2,3784336.654931027,900837.1769088419,5037746.40501275,-61477.965737085506,52.5112363688611,13.3899444797612,75.3331623233729,0.245039191854779,0
556,train,1900,131036.899999912,1149251036.9,13,13,1,2,3784339.280019679,900837.1663577245,5037748.907243399,-61484.97832441648,52.5112363156746,13.3899437552081,75.3322509788993,0.250628006633443,0
557,train,1900,131037.099999912,1149251037.1,14,13,1,2,3784339.939172202,900837.4859129397,5037748.754798668,-61494.49361598328,52.511236375786,13.3899429989242,75.3312290793227,0.259148209776953,0
558,train,1900,131037.299999912,1149251037.3,15,13,1,2,3784341.5328129474,900836.5259557529,5037749.458747642,-61504.34030357794,52.5112364603854,13.3899422199681,75.3301105433623,0.27225567320969,0
559,train,1900,131037.499999912,1149251037.5,17,14,1,2,3784346.6208471935,900838.755645405,5037747.615854232,-61513.02804181359,52.5112365218561,13.3899413891383,75.3289080767609,0.288136052765297,0
560,train,1900,131037.699999912,1149251037.6999998,18,14,1,2,3784344.120995215,900837.9054535863,5037746.047019732,-61526.1135956646,52.511236685095,13.3899405240215,75.3276425804634,0.300868925728291,0
561,train,1900,131037.899999912,1149251037.9,18,14,1,2,3784338.371348707,900840.4214976067,5037740.77345079,-61541.86453788963,52.5112367708055,13.3899396082307,75.3263362564573,0.309905823170096,0
562,train,1900,131038.099999912,1149251038.1,17,13,1,2,3784331.197044482,900840.585022858,5037735.684466918,-61558.958697089394,52.5112367934395,13.3899386803148,75.3250020422615,0.31966214445032,0
563,train,1900,131038.299999912,1149251038.3,15,13,1,2,3784329.6154300305,900839.4797072819,5037735.179929704,-61570.83583232481,52.5112368468563,13.3899377145564,75.3236471947514,0.332448206661528,0
564,train,1900,131038.499999912,1149251038.5,15,13,1,2,3784331.7047167155,900835.3890937094,5037738.119473814,-61579.36581077761,52.5112368479131,13.3899367086375,75.3222770413899,0.348930105560917,0
565,train,1900,131038.699999912,1149251038.6999998,15,13,1,2,3784330.4750084565,900835.5476519696,5037737.796588374,-61590.43328208318,52.5112368658617,13.3899356546209,75.3208972424533,0.367440155494925,0
566,train,1900,131038.899999912,1149251038.9,15,13,1,2,3784329.886623676,900836.9864821519,5037732.56449486,-61603.73410290339,52.5112369164121,13.3899345524458,75.3195123944406,0.385462965813689,0
567,train,1900,131039.099999912,1149251039.1,16,14,1,2,3784340.531568841,900839.8856628825,5037733.91646555,-61607.76206678047,52.5112370502302,13.3899333816969,75.3181236938429,0.405332971552278,0
568,train,1900,131039.299999912,1149251039.3,16,14,1,2,3784338.518001698,900840.8572357702,5037731.329934795,-61620.36716467213,52.5112371691334,13.3899321502138,75.3167293036764,0.433244868640199,0
569,train,1900,131039.499999912,1149251039.5,16,14,1,2,3784334.6826986764,900840.4647513794,5037728.638045455,-61634.95945152129,52.5112373545443,13.3899308051927,75.3153314765611,0.479194234881991,0
570,train,1900,131039.699999912,1149251039.6999998,15,14,1,2,3784331.5791153475,900840.7827920014,5037726.497225942,-61648.48073545104,52.5112374867791,13.3899292880536,75.3139371773558,0.557085715329691,0
571,train,1900,131039.899999912,1149251039.9,14,13,1,2,3784321.074913667,900838.0332018936,5037724.114935077,-61665.976287001904,52.5112377283842,13.3899274796776,75.3125518525089,0.673440407906188,0
572,train,1900,131040.099999912,1149251040.1,13,13,1,2,3784323.702529889,900835.3874529781,5037728.732141693,-61673.35684935135,52.5112380103609,13.3899252982521,75.3111782345553,0.811716385671082,0
573,train,1900,131040.299999912,1149251040.3,14,13,1,2,3784328.632229145,900837.3383379289,5037736.884674424,-61675.75369180036,52.5112382231986,13.389922710386,75.3098132777345,0.947336599543696,0
574,train,1900,131040.499999912,1149251040.5,14,13,1,2,3784331.714996083,900838.5070752767,5037741.017622509,-61681.88790831088,52.5112385693808,13.3899197325301,75.3084499460349,1.06822942715738,0
575,train,1900,131040.699999912,1149251040.6999998,14,14,1,2,3784335.8819507346,900838.9662862017,5037742.508325501,-61689.22366743365,52.5112389189484,13.389916443939,75.3070793003149,1.17967314131451,0
576,train,1900,131040.899999912,1149251040.9,15,14,1,2,3784334.499993226,900836.714215761,5037740.955288271,-61701.51191972508,52.5112391739976,13.3899128332379,75.3056947787188,1.2849070948065,0
577,train,1900,131041.099999912,1149251041.1,15,14,1,2,3784329.9909175676,900837.627974438,5037739.902295297,-61714.08116557752,52.5112394474785,13.3899089402128,75.3043000330567,1.36966845377977,0
578,train,1900,131041.299999912,1149251041.3,15,14,1,2,3784328.119267249,900838.4363628163,5037736.765344056,-61727.23408726526,52.5112397725422,13.3899048613068,75.3029157902001,1.40170838126661,0
579,train,1900,131041.499999912,1149251041.5,15,14,1,2,3784329.573761868,900837.5899844526,5037739.295696261,-61735.34959443995,52.5112401097025,13.3899008268981,75.3015773502971,1.34424019882404,0
580,train,1900,131041.699999912,1149251041.6999998,14,14,1,2,3784330.0244199224,900837.300799326,5037732.284454604,-61749.46859850675,52.5112404731494,13.3898971140179,75.3003203782075,1.18415829031826,0
581,train,1900,131041.899999912,1149251041.9,14,14,1,2,3784334.6553525883,900837.675608381,5037735.536084163,-61755.55608361301,52.5112408117125,13.3898939781857,75.2991771389736,0.947596103784747,0
582,train,1900,131042.099999912,1149251042.1,14,14,1,2,3784331.0510452273,900837.5964721482,5037730.599883258,-61770.82019877805,52.5112409830059,13.3898915910013,75.2981813641006,0.690882858783181,0
583,train,1900,131042.299999912,1149251042.3,15,14,1,2,3784325.9579527066,900836.0708687817,5037728.612067434,-61785.034251740886,52.5112411351085,13.3898899042753,75.2973691504368,0.468221131672598,0
584,train,1900,131042.499999912,1149251042.5,15,14,1,2,3784323.635301992,900834.4166876663,5037730.659467838,-61795.11821008489,52.511241332508,13.3898892216706,75.2967741599695,0.309100345480887,0
585,train,1900,131042.699999912,1149251042.6999998,15,14,1,2,3784320.0994228483,900833.1130880603,5037726.418136854,-61810.55769798849,52.5112413723191,13.3898884745881,75.2964245311318,0.216099601446652,0
586,train,1900,131042.899999912,1149251042.9,15,14,1,2,3784317.4780265098,900834.1113965468,5037720.530049263,-61826.011237959996,52.511241393915,13.3898878958179,75.2963485767468,0.181622328105305,0
587,train,1900,131043.099999912,1149251043.1,16,14,1,2,3784314.918018439,900834.5234027144,5037722.252264687,-61836.838974844155,52.5112414426982,13.3898873461597,75.2965777502093,0.19929268730129,0
588,train,1900,131043.299999912,1149251043.3,16,14,1,2,3784314.4345458187,900834.2426134478,5037720.211665624,-61848.45562485216,52.5112416521982,13.3898866702091,75.2971450170322,0.274040127575073,0
589,train,1900,131043.499999912,1149251043.5,14,14,1,2,3784314.679238975,900832.5919010629,5037722.759993342,-61857.72247449196,52.5112417659612,13.3898856814812,75.2980822388765,0.409207331239318,0
590,train,1900,131043.699999912,1149251043.6999998,14,14,1,2,3784316.389344602,900831.8723340994,5037726.31358651,-61865.6300579554,52.5112418730961,13.3898842205021,75.299418042149,0.585101183527435,0
591,train,1900,131043.899999912,1149251043.9,14,14,1,2,3784313.192019616,900830.7688692692,5037722.792376177,-61879.90989852668,52.5112420900233,13.3898822101,75.3011699131721,0.774021358784899,0
592,train,1900,131044.099999912,1149251044.1,14,14,1,2,3784312.158763173,900832.1556314366,5037723.092035247,-61890.4303344502,52.5112424040608,13.389879673279,75.3033416025254,0.955407288501781,0
593,train,1900,131044.299999912,1149251044.3,14,14,1,2,3784309.247348681,900833.7269491826,5037715.522280413,-61906.84527674131,52.5112427802369,13.3898766452021,75.3059253355661,1.12290633771861,0
594,train,1900,131044.499999912,1149251044.5,14,14,1,2,3784307.445551362,900833.790070638,5037718.116410116,-61916.7200304347,52.5112432246818,13.3898731271706,75.3089079319209,1.28316041754966,0
595,train,1900,131044.699999912,1149251044.6999998,15,14,1,2,3784309.3082144056,900833.5882790526,5037720.169394951,-61924.5839545908,52.5112436186824,13.3898691591239,75.3122730760884,1.44124658263723,0
596,train,1900,131044.899999912,1149251044.9,15,14,1,2,3784309.3677186114,900832.6309357242,5037718.606131973,-61935.68086277643,52.5112440896419,13.3898647399486,75.3160054322433,1.5865458169509,0
597,train,1900,131045.099999912,1149251045.1,16,14,1,2,3784308.7724183323,900832.6635320135,5037718.475746961,-61946.1999522704,52.5112446311655,13.3898599421103,75.3200912023269,1.69702073243618,0
598,train,1900,131045.299999912,1149251045.3,16,14,1,2,3784307.8715728326,900833.632250885,5037718.386451851,-61956.84740470186,52.5112452949206,13.389854908631,75.3245202123814,1.76058414508624,0
599,train,1900,131045.499999912,1149251045.5,16,14,1,2,3784306.877751779,900833.023953654,5037717.541711009,-61968.40056181049,52.5112458966498,13.3898497073063,75.329279840307,1.79434903946902,0
600,train,1900,131045.699999912,1149251045.6999998,15,14,1,2,3784306.6846494335,900832.0056373555,5037720.57434299,-61977.19498075523,52.5112463920406,13.3898444083806,75.3343501878987,1.83960438982523,0
601,train,1900,131045.899999912,1149251045.9,14,14,1,2,3784310.501101995,900829.9926205896,5037725.735683818,-61982.6282606177,52.5112468209264,13.3898388910928,75.3397036903039,1.9329460948385,0
602,train,1900,131046.099999912,1149251046.1,14,14,1,2,3784314.276069303,900829.8865613706,5037727.8334902935,-61989.77534840131,52.5112472157473,13.3898330055178,75.345307662707,2.0861747418214,0
603,train,1900,131046.299999912,1149251046.3,15,14,1,2,3784313.155646254,900828.4645777722,5037727.186571135,-62001.96506868837,52.5112476637601,13.3898265742282,75.351123480844,2.27519278285672,0
604,train,1900,131046.499999912,1149251046.5,15,14,1,2,3784312.4352313275,900829.3686842321,5037723.789832054,-62014.502324213405,52.5112479593424,13.3898195905399,75.3571007090897,2.46267403465758,0
605,train,1900,131046.699999912,1149251046.6999998,15,14,1,2,3784308.309553212,900830.4027156287,5037719.439280435,-62029.97274281351,52.5112481123856,13.3898120835474,75.3631674565327,2.61310173274088,0
606,train,1900,131046.899999912,1149251046.9,16,14,1,2,3784308.1487459545,900830.5641435954,5037717.105280487,-62042.06740915649,52.5112482302156,13.3898042103774,75.3692285016613,2.70579594331529,0
607,train,1900,131047.099999912,1149251047.1,16,14,1,2,3784306.903415311,900830.8496980113,5037714.572132523,-62054.50694048839,52.5112481106558,13.3897961526708,75.3751601677931,2.74263709212472,0
608,train,1900,131047.299999912,1149251047.3,16,14,1,2,3784308.5967908273,900830.0164727245,5037717.00312644,-62062.67949691257,52.5112481538139,13.3897880485163,75.3808259874296,2.73916884192767,0
609,train,1900,131047.499999912,1149251047.5,15,14,1,2,3784311.0625279886,900828.0045001822,5037719.182939722,-62070.83688271732,52.511248185464,13.389779998609,75.3860942383013,2.71385974283005,0
610,train,1900,131047.699999912,1149251047.6999998,15,14,1,2,3784312.473472311,900827.2080919348,5037718.766613468,-62080.45809336728,52.5112480770793,13.3897720415925,75.3908567687389,2.68803268638961,0
611,train,1900,131047.899999912,1149251047.9,15,14,1,2,3784309.7603893476,900826.0176111223,5037720.698439015,-62091.4952339427,52.5112477251208,13.389764162366,75.3950285193532,2.68587810080939,0
612,train,1900,131048.099999912,1149251048.1,15,14,1,2,3784308.0977320494,900827.084162399,5037719.014435521,-62103.754681023755,52.5112473666813,13.3897562173035,75.3985425366369,2.72449513740723,0
613,train,1900,131048.299999912,1149251048.3,15,14,1,2,3784306.7183334953,900826.1727615446,5037718.997828525,-62115.23360684468,52.5112469906609,13.3897480844557,75.4013444635779,2.80861606076573,0
614,train,1900,131048.499999912,1149251048.5,15,14,1,2,3784310.1242854157,900826.0119101492,5037720.681297888,-62122.26480067922,52.5112466437652,13.3897396582527,75.4033942543298,2.9300448077391,0
615,train,1900,131048.699999912,1149251048.6999998,15,14,1,2,3784309.115000194,900822.3910244115,5037722.532581955,-62132.83346334527,52.5112462942658,13.389730847702,75.404672776013,3.07440646800316,0
616,train,1900,131048.899999912,1149251048.9,15,14,1,2,3784306.9567996995,900821.6597045445,5037723.835692588,-62143.97881921408,52.5112458512353,13.3897216061218,75.4051789410384,3.22589743074131,0
617,train,1900,131049.099999912,1149251049.1,14,14,1,2,3784308.6213157703,900821.0779405505,5037725.258244204,-62152.63321797327,52.51124540096,13.3897119223511,75.4049322753052,3.37652839750001,0
618,train,1900,131049.299999912,1149251049.3,14,14,1,2,3784305.290311338,900822.2519729761,5037725.178020825,-62164.25616380698,52.5112447454863,13.3897018157261,75.4039717639919,3.52724462668234,0
619,train,1900,131049.499999912,1149251049.5,14,14,1,2,3784303.512315698,900819.5236356618,5037724.652412182,-62176.25033360773,52.5112440643811,13.389691275558,75.402350029047,3.67992172044219,0
620,train,1900,131049.699999912,1149251049.6999998,15,14,1,2,3784308.1120994356,900818.7861812854,5037727.956082719,-62182.06831550746,52.511243505978,13.3896803041983,75.4001312733565,3.83468793181801,0
621,train,1900,131049.899999912,1149251049.9,16,14,1,2,3784311.404363318,900816.2318246656,5037732.323227855,-62188.44591799852,52.5112424219136,13.3896689124067,75.397387607642,3.98455067608613,0
622,train,1900,131050.099999912,1149251050.1,15,14,1,2,3784311.4737491403,900815.5997643644,5037735.6767476965,-62196.40554938315,52.5112412944096,13.3896571377373,75.3941943509096,4.13083774535438,0
623,train,1900,131050.299999912,1149251050.3,14,13,1,2,3784307.754505789,900805.6419862637,5037739.936593845,-62208.487202544435,52.5112400768805,13.3896449653736,75.3906304806841,4.27827247807402,0
624,train,1900,131050.499999912,1149251050.5,15,14,1,2,3784314.2000116487,900812.8651272078,5037740.2814293,-62212.36300972823,52.5112386346677,13.3896323611665,75.3867708988046,4.42561125425834,0
625,train,1900,131050.699999912,1149251050.6999998,15,14,1,2,3784316.654636792,900813.2674753519,5037739.994622797,-62221.56994767519,52.5112371779637,13.3896193325373,75.3826677417825,4.57174952976343,0
626,train,1900,131050.899999912,1149251050.9,14,13,1,2,3784303.2594780736,900816.0542784906,5037735.904307218,-62241.392725404345,52.5112356304421,13.3896058858144,75.3783539572095,4.7066916339618,0
627,train,1900,131051.099999912,1149251051.1,15,14,1,3,3784322.2264495576,900811.6160752849,5037742.862855618,-62237.97338422079,52.5112342821174,13.3895920441874,75.3738557584587,4.81818655559729,0
628,train,1900,131051.299999912,1149251051.3,13,12,1,3,3784296.601053094,900821.0885662603,5037701.264625482,-62286.3413761114,52.5112329709479,13.3895779083458,75.3692028190154,4.90180182682337,0
629,train,1900,131051.499999912,1149251051.5,14,13,1,3,3784318.1479244432,900814.6474037459,5037716.076606342,-62277.12349304626,52.5112317279922,13.3895635111035,75.3644334382703,4.96767514999508,0
630,train,1900,131051.699999912,1149251051.6999998,14,12,1,3,3784300.6316663674,900820.0560297024,5037702.887319148,-62304.378288369735,52.5112305974815,13.389548895642,75.3595979677182,5.03028004832296,0
631,train,1900,131051.899999912,1149251051.9,14,12,1,3,3784336.6091077607,900820.0003575042,5037719.830533166,-62286.05202503617,52.511229617456,13.3895340681012,75.3547487363265,5.10084994925115,0
632,train,1900,131052.099999912,1149251052.1,13,11,1,3,3784309.835733405,900819.9912549418,5037706.828725939,-62317.74508849281,52.5112287698398,13.3895189964403,75.3499384842534,5.18266320882202,0
633,train,1900,131052.299999912,1149251052.3,15,14,1,2,3784323.2410913524,900808.8967845306,5037738.789057943,-62303.951766534585,52.5112280191477,13.3895036595521,75.3452193087581,5.27463624150068,0
634,train,1900,131052.499999912,1149251052.5,15,14,1,2,3784329.263714007,900808.0404432018,5037739.118042277,-62312.16960717466,52.5112274295474,13.3894880215999,75.3406406130686,5.36855478143387,0
635,train,1900,131052.699999912,1149251052.6999998,14,13,1,2,3784319.5472244225,900810.4905736748,5037736.545275251,-62328.91191439627,52.5112267345776,13.3894721445849,75.3362478276392,5.45790292405186,0
636,train,1900,131052.899999912,1149251052.9,14,13,1,2,3784319.028973475,900810.9879464426,5037732.090515228,-62341.81789368663,52.5112260313239,13.3894559790273,75.332090423287,5.5427611514733,0
637,train,1900,131053.099999912,1149251053.1,14,13,1,2,3784319.006534181,900809.9957036802,5037730.20079604,-62353.44422556001,52.5112252898819,13.3894395743399,75.3282228505227,5.6193232867706,0
638,train,1900,131053.299999912,1149251053.3,14,13,1,2,3784324.9963558796,900808.9983308202,5037716.690367317,-62368.26200315349,52.5112243646781,13.3894229884948,75.324704963467,5.6881398120716,0
639,train,1900,131053.499999912,1149251053.5,15,14,1,2,3784330.2042000396,900805.1015830185,5037731.360401779,-62367.33799764636,52.5112234186836,13.3894062142751,75.3215953970655,5.75230020384217,0
640,train,1900,131053.699999912,1149251053.6999998,15,14,1,2,3784332.61179661,900804.5325316038,5037729.35795314,-62378.71584747673,52.5112223797281,13.3893892977967,75.3189391074234,5.81704867342967,0
641,train,1900,131053.899999912,1149251053.9,15,14,1,2,3784334.200202373,900804.2453805314,5037729.398007159,-62387.43127990109,52.5112209183166,13.3893722604613,75.3167663787626,5.8863390674026,0
642,train,1900,131054.099999912,1149251054.1,13,13,1,2,3784333.2007654295,900801.43281239,5037728.309483689,-62400.44558395875,52.5112193256442,13.3893550538327,75.3150986146989,5.95875529114416,0
643,train,1900,131054.299999912,1149251054.3,14,14,1,2,3784335.3482012926,900803.5604787224,5037729.28712221,-62407.818529282245,52.5112175817428,13.3893376747011,75.3139441137935,6.02708021223784,0
644,train,1900,131054.499999912,1149251054.5,13,13,1,2,3784336.9496837785,900799.0505240471,5037733.685372623,-62416.29361951083,52.5112154181637,13.3893201816999,75.3132933228221,6.08683040635861,0
645,train,1900,131054.699999912,1149251054.6999998,12,12,1,2,3784328.344465193,900795.3945641987,5037729.17351733,-62434.87543906189,52.5112133441787,13.3893025318086,75.3131122799495,6.13554111736899,0
646,train,1900,131054.899999912,1149251054.9,13,13,1,2,3784332.840865198,900797.8982597066,5037730.801866979,-62441.14318095041,52.5112112452404,13.3892847688567,75.3133474922129,6.16919404264466,0
647,train,1900,131055.099999912,1149251055.1,13,13,1,2,3784342.0807411214,900796.8642371747,5037738.016743904,-62442.687479024804,52.5112090100168,13.3892669136423,75.3139274667415,6.18256580860283,0
648,train,1900,131055.299999912,1149251055.3,13,13,1,2,3784330.3209341876,900795.8881123383,5037735.018716852,-62459.94995486722,52.5112070305574,13.3892490115306,75.3147695855033,6.17924393065245,0
649,train,1900,131055.499999912,1149251055.5,13,13,1,2,3784327.8575441213,900793.5468449584,5037734.340785419,-62472.63030382405,52.5112051162811,13.3892310852533,75.3158027802348,6.16854087324324,0
650,train,1900,131055.699999912,1149251055.6999998,12,12,1,2,3784322.5190967955,900786.2686119116,5037734.48068199,-62487.90757408369,52.5112033101418,13.3892131550234,75.3169641697314,6.15650434939137,0
651,train,1900,131055.899999912,1149251055.9,12,12,1,2,3784318.925547278,900784.5412664507,5037734.26892016,-62500.572297541046,52.5112017720947,13.3891952324539,75.3181984898501,6.14535137545147,0
652,train,1900,131056.099999912,1149251056.1,13,13,1,2,3784331.4777188487,900788.407417293,5037739.235027123,-62499.88463986323,52.5112004827506,13.3891772941554,75.3194649215532,6.1337273836899,0
653,train,1900,131056.299999911,1149251056.3,11,11,1,3,3784298.197087699,900778.8444886903,5037732.544977154,-62534.84373927508,52.5111992249621,13.3891593778662,75.3207384953687,6.12463282347803,0
654,train,1900,131056.499999911,1149251056.5,14,14,1,3,3784344.05325504,900790.6261721742,5037746.559667457,-62509.865043042395,52.5111980233364,13.3891414672925,75.3220043878819,6.12246401346589,0
655,train,1900,131056.699999911,1149251056.6999998,14,14,1,2,3784343.6827097298,900790.0170894722,5037744.684756745,-62521.696900053816,52.5111968989413,13.3891235396197,75.3232552952807,6.12534568647533,0
656,train,1900,131056.899999911,1149251056.9,12,12,1,2,3784343.816697736,900786.5005483011,5037741.051433289,-62536.75918317913,52.5111957489098,13.3891055836968,75.3244892114112,6.13223810250195,0
657,train,1900,131057.099999911,1149251057.1,13,13,1,2,3784327.8555269954,900785.3069651228,5037735.056129884,-62556.01428799932,52.5111945366311,13.3890876062276,75.3257050605576,6.14225377649784,0
658,train,1900,131057.299999911,1149251057.3,12,12,1,2,3784319.4423758904,900776.1330837999,5037734.03081675,-62573.868408622046,52.5111933718707,13.3890695834223,75.3269018078187,6.15327967122999,0
659,train,1900,131057.499999911,1149251057.5,11,11,1,2,3784318.523625827,900780.3618012037,5037710.0302586565,-62599.01044315482,52.5111923807207,13.3890515204811,75.3280863144029,6.16462465890398,0
660,train,1900,131057.699999911,1149251057.6999998,12,12,1,2,3784328.368777705,900785.8873690513,5037707.644167616,-62604.54999451239,52.5111914124481,13.389033559484,75.3292837700387,6.18157246484517,0
661,train,1900,131057.899999911,1149251057.9,12,12,1,2,3784330.320874729,900784.4632387069,5037707.640343973,-62614.670026989064,52.5111903418765,13.3890153913435,75.3305376353636,6.21096667194399,0
662,train,1900,131058.099999911,1149251058.1,11,11,1,2,3784326.2346670525,900778.0596746755,5037710.60088762,-62626.86506965836,52.5111893459752,13.3889971067032,75.3318993447748,6.2605717440294,0
663,train,1900,131058.299999911,1149251058.3,12,12,1,2,3784328.698121565,900781.8062437335,5037708.627379835,-62635.450838683326,52.5111883940503,13.3889786584582,75.3334156701839,6.32380729758083,0
664,train,1900,131058.499999911,1149251058.5,11,11,1,2,3784319.1833675075,900781.188250626,5037702.368574875,-62654.61871309567,52.5111873197914,13.3889600192822,75.3351199285738,6.38791414719772,0
665,train,1900,131058.699999911,1149251058.6999998,11,11,1,2,3784322.535210624,900772.6926537759,5037710.945012969,-62659.35039019159,52.5111862640712,13.3889412073024,75.3370405956169,6.44663984740265,0
666,train,1900,131058.899999911,1149251058.9,12,12,1,2,3784329.056990556,900777.7023200416,5037707.409412152,-62666.8188601453,52.5111849812093,13.3889222530797,75.3392074486653,6.50110203635114,0
667,train,1900,131059.099999911,1149251059.1,12,12,1,2,3784327.669508427,900776.1722492041,5037708.503596475,-62677.11504391995,52.5111837407311,13.3889031294973,75.3416542734859,6.55776677955649,0
668,train,1900,131059.299999911,1149251059.3,11,11,1,2,3784319.942510303,900768.6489921117,5037709.669209998,-62693.210335264186,52.5111825566671,13.3888838358294,75.3444283466057,6.61968649831475,0
669,train,1900,131059.499999911,1149251059.5,13,13,1,3,3784338.4255966037,900768.7627752637,5037741.350197929,-62674.09956594356,52.5111814974928,13.388864320108,75.347578299474,6.68478734749347,0
670,train,1900,131059.699999911,1149251059.6999998,13,13,1,2,3784338.500870713,900767.0819499573,5037742.1097133085,-62684.0584629623,52.5111804077135,13.3888446107174,75.3511389944762,6.75182280412596,0
671,train,1900,131059.899999911,1149251059.9,12,12,1,2,3784331.401032251,900771.3709251352,5037708.488283764,-62717.65407044064,52.5111793229714,13.3888247043885,75.3551334017153,6.81897279521336,0
672,train,1900,131060.099999911,1149251060.1,11,11,1,2,3784326.1881272066,900762.9373672392,5037713.348094164,-62729.496361857724,52.5111783928555,13.3888045886557,75.3595755982699,6.88534827784917,0
673,train,1900,131060.299999911,1149251060.3,12,12,1,2,3784336.580643317,900767.8613619899,5037712.057422255,-62733.867689198116,52.5111773240869,13.38878428856,75.3644820614592,6.94974673211734,0
674,train,1900,131060.499999911,1149251060.5,12,12,1,2,3784334.204960223,900764.8136446966,5037712.658341539,-62745.67675910135,52.5111762613255,13.3887638071036,75.3698691295021,7.00723625985913,0
675,train,1900,131060.699999911,1149251060.6999998,11,11,1,2,3784327.4549272615,900759.2527295739,5037712.191757206,-62761.56517868389,52.5111751311047,13.3887431683947,75.3757546527208,7.05287794304102,0
676,train,1900,131060.899999911,1149251060.9,11,11,1,2,3784329.7141702804,900759.0923478937,5037710.942232846,-62772.033502820355,52.511174230446,13.3887224036529,75.3821552889051,7.09276914448644,0
677,train,1900,131061.099999911,1149251061.1,12,12,1,2,3784338.3184203054,900766.0887967026,5037706.116302976,-62779.1165625404,52.5111730332204,13.388701532933,75.3890827163353,7.1373661900463,0
678,train,1900,131061.299999911,1149251061.3,11,11,1,2,3784329.0817545685,900757.347273824,5037708.366603647,-62795.26617931933,52.5111718825008,13.3886805474843,75.3965387817348,7.19472765652565,0
679,train,1900,131061.499999911,1149251061.5,12,12,1,2,3784333.5938027445,900761.0660173722,5037706.284681199,-62803.16913032372,52.5111707205167,13.3886595184774,75.4045101769512,7.26693198834888,0
680,train,1900,131061.699999911,1149251061.6999998,13,13,1,2,3784340.292669919,900753.7846143824,5037741.429668679,-62789.980521483376,52.5111694686943,13.388638090843,75.4129781309306,7.34903574844643,0
681,train,1900,131061.899999911,1149251061.9,12,12,1,2,3784333.154444919,900758.7306547827,5037705.6757522095,-62824.560475083534,52.5111682498837,13.3886164039794,75.421922881273,7.43314608682576,0
682,train,1900,131062.099999911,1149251062.1,12,12,1,2,3784333.1882326817,900750.9239713941,5037736.915310294,-62817.045081967284,52.5111678245479,13.3885948805513,75.4313268454262,7.49971896524295,0
683,train,1900,131062.299999911,1149251062.3,12,12,1,2,3784335.3098669318,900749.8242299854,5037735.661648119,-62827.61609923858,52.5111666948165,13.3885727906813,75.4411763582415,7.55296737951087,0
684,train,1900,131062.499999911,1149251062.5,12,12,1,2,3784333.2918146807,900747.7459262799,5037734.694207073,-62839.9044983796,52.5111654382852,13.3885505782914,75.4514509541923,7.6006607747465,0
685,train,1900,131062.699999911,1149251062.6999998,13,13,1,2,3784340.9515758883,900746.4900177693,5037734.7228764305,-62846.25742065646,52.5111643141071,13.3885282274272,75.4621214084996,7.64915662115032,0
686,train,1900,131062.899999911,1149251062.9,12,12,1,2,3784334.0158742145,900745.4388365697,5037730.556874091,-62862.81216924828,52.5111629038741,13.3885057448352,75.4731489751867,7.70332419483925,0
687,train,1900,131063.099999911,1149251063.1,13,13,1,2,3784344.1825864487,900744.0450322005,5037733.387230503,-62866.560409719554,52.5111615360405,13.38848308404,75.4844925462563,7.76451397330517,0
688,train,1900,131063.299999911,1149251063.3,14,13,1,2,3784345.2679533726,900742.7885579611,5037733.356423382,-62876.36800511291,52.5111601788199,13.3884602261239,75.4961082683494,7.83217059255162,0
689,train,1900,131063.499999911,1149251063.5,11,11,1,3,3784324.1379604246,900746.7257219832,5037698.502400051,-62918.25719643706,52.5111586557135,13.3884371737576,75.5079461462005,7.90144784958083,0
690,train,1900,131063.699999911,1149251063.6999998,12,12,1,3,3784343.093651501,900742.9188067443,5037710.700052283,-62911.848375202055,52.511157230928,13.3884139267401,75.5199426125688,7.96671753325027,0
691,train,1900,131063.899999911,1149251063.9,12,12,1,2,3784345.782579502,900741.5863377977,5037711.333317978,-62920.738105817036,52.5111558006054,13.3883905824786,75.5320191172079,8.02662961642211,0
692,train,1900,131064.099999911,1149251064.1,12,12,1,2,3784342.7357186796,900739.7923944826,5037710.335838816,-62933.15603391288,52.5111542699212,13.3883669912679,75.5440863938017,8.08490668318493,0
693,train,1900,131064.299999911,1149251064.3,11,11,1,3,3784324.0406555226,900740.1238320034,5037698.7026576195,-62960.233552494814,52.5111526145148,13.3883432326001,75.5560490394391,8.14377723146131,0
694,train,1900,131064.499999911,1149251064.5,11,11,1,2,3784325.858022699,900739.0733212605,5037698.249139413,-62970.258025847776,52.5111510806165,13.3883192857326,75.5678141244935,8.19839035810925,0
695,train,1900,131064.699999911,1149251064.6999998,11,11,1,2,3784323.180974599,900736.5779512251,5037697.584721377,-62983.0297164332,52.5111494586913,13.3882952118645,75.5792963334475,8.23839998771699,0
696,train,1900,131064.899999911,1149251064.9,12,11,1,2,3784326.2441794463,900736.1469625935,5037698.624241553,-62990.71892846163,52.5111477946578,13.3882710524004,75.590415294032,8.2506581673848,0
697,train,1900,131065.099999911,1149251065.1,13,12,1,3,3784366.3058436494,900730.8745827118,5037722.498419542,-62966.682674963966,52.5111461815215,13.3882469095726,75.6010989074286,8.2330977724746,0
698,train,1900,131065.299999911,1149251065.3,11,11,1,3,3784325.62078416,900732.0200674604,5037698.903553099,-63011.94308865286,52.5111445719792,13.388222853798,75.6112797071114,8.19960246023579,0
699,train,1900,131065.499999911,1149251065.5,11,11,1,2,3784327.034589003,900730.4280685046,5037699.237076776,-63021.786613523,52.5111430091489,13.3881988788356,75.6208999076654,8.17323562520438,0
700,train,1900,131065.699999911,1149251065.6999998,11,11,1,2,3784326.023590293,900728.5135936155,5037698.4947061585,-63033.37341245609,52.5111414485233,13.3881749401719,75.6299203255653,8.17276970069148,0
701,train,1900,131065.899999911,1149251065.9,12,12,1,3,3784354.5703427717,900729.0873139848,5037711.676521473,-63021.391923881645,52.5111398006357,13.388150971962,75.6383218867756,8.20229584597069,0
702,train,1900,131066.099999911,1149251066.1,12,12,1,2,3784355.3031365452,900726.9195865031,5037713.154917718,-63030.473698572845,52.5111381521597,13.388126898541,75.6460964840963,8.25175631013887,0
703,train,1900,131066.299999911,1149251066.3,12,12,1,2,3784355.405467755,900724.9587822321,5037713.710520265,-63040.532577695514,52.5111365281646,13.38810265924,75.6532450552445,8.30322998428498,0
704,train,1900,131066.499999911,1149251066.5,12,11,1,3,3784329.0196709987,900721.9520938696,5037699.936480825,-63072.930677655975,52.5111347500857,13.3880782787727,75.6597766592372,8.35423901223655,0
705,train,1900,131066.699999911,1149251066.6999998,12,12,1,3,3784354.7446391443,900718.7817718617,5037714.2105994625,-63062.01658422478,52.5111330856967,13.3880537582787,75.6657061129211,8.40863609900056,0
706,train,1900,131066.899999911,1149251066.9,11,11,1,2,3784355.007764015,900713.5331070131,5037717.805853196,-63070.98026190451,52.5111314843417,13.3880290646173,75.671054638464,8.46776710771005,0
707,train,1900,131067.099999911,1149251067.1,14,13,1,2,3784364.439770637,900716.1082071594,5037719.181061479,-63074.82834130316,52.5111297845381,13.3880041988791,75.6758476721891,8.52333095046966,0
708,train,1900,131067.299999911,1149251067.3,13,13,1,2,3784365.6025384697,900714.170457187,5037719.119958543,-63085.534692426365,52.5111281870094,13.3879791805794,75.68011644563,8.56074774995298,0
709,train,1900,131067.499999911,1149251067.5,12,12,1,2,3784359.328576094,900713.837427493,5037715.042857575,-63101.53255716698,52.5111265277048,13.3879540971155,75.683898396172,8.56583316862137,0
710,train,1900,131067.699999911,1149251067.6999998,13,12,1,2,3784359.485186005,900713.1331531123,5037714.330190549,-63112.29345004686,52.5111246533607,13.3879290616107,75.6872316712708,8.54713065953936,0
711,train,1900,131067.899999911,1149251067.9,12,11,1,2,3784359.4523246656,900710.299330436,5037716.01557193,-63122.135268306636,52.5111229490107,13.3879040959781,75.6901513820827,8.52612485959777,0
712,train,1900,131068.099999911,1149251068.1,11,11,1,2,3784359.5827043364,900709.0981399636,5037715.701698014,-63132.53966079243,52.5111211776424,13.3878791677285,75.6926888418585,8.51808615114742,0
713,train,1900,131068.299999911,1149251068.3,12,12,1,2,3784360.139067215,900708.1919390293,5037714.4449441815,-63143.2600375623,52.511119480158,13.3878542368561,75.6948714314196,8.5281221054596,0
714,train,1900,131068.499999911,1149251068.5,12,12,1,2,3784360.3160774033,900706.4727075174,5037714.4974684445,-63153.72474662335,52.5111178484911,13.3878292572831,75.6967276942213,8.5521195929328,0
715,train,1900,131068.699999911,1149251068.6999998,11,11,1,3,3784330.458779084,900703.6229052084,5037698.244684778,-63189.64307276188,52.5111159826778,13.387804209002,75.6982869752007,8.57800083302571,0
716,train,1900,131068.899999911,1149251068.9,12,11,1,3,3784359.5481297504,900696.1479651987,5037719.201747054,-63173.34410733319,52.5111141554576,13.3877790944495,75.6995775343777,8.59692164783305,0
717,train,1900,131069.099999911,1149251069.1,14,13,1,2,3784370.096632523,900700.3264276031,5037718.957127091,-63177.57360537768,52.5111122245763,13.387753939554,75.700624197526,8.60441777137001,0
718,train,1900,131069.299999911,1149251069.3,13,13,1,2,3784371.7197384792,900697.8799138078,5037720.619762865,-63186.14150538786,52.5111104435494,13.3877287815919,75.7014504496388,8.59854169223204,0
719,train,1900,131069.499999911,1149251069.5,13,13,1,2,3784375.2369784373,900696.307271488,5037721.018870384,-63194.8832760794,52.5111085827493,13.387703663478,75.7020810852988,8.58172651789241,0
720,train,1900,131069.699999911,1149251069.6999998,13,13,1,2,3784374.6270328644,900695.3164219399,5037719.204549807,-63206.80919467799,52.511106810273,13.3876785946015,75.7025374700692,8.55543452799612,0
721,train,1900,131069.899999911,1149251069.9,13,13,1,2,3784370.1531417663,900695.8193392445,5037714.667277618,-63222.243875631044,52.5111051665911,13.3876536034678,75.7028407202947,8.52462894614446,0
722,train,1900,131070.099999911,1149251070.1,14,13,1,2,3784368.3903598054,900695.3594358455,5037711.862379894,-63235.67354797825,52.5111034515566,13.3876287051551,75.7030164311853,8.49363251710376,0
723,train,1900,131070.299999911,1149251070.3,12,12,1,2,3784366.356432708,900691.311336597,5037713.092059006,-63247.61157126114,52.5111018790612,13.3876038764968,75.7030968906786,8.45799818075251,0
724,train,1900,131070.499999911,1149251070.5,12,12,1,2,3784362.990377915,900690.7621826194,5037710.450883163,-63261.58234417327,52.5111002551929,13.3875791766077,75.703121340721,8.41557694813247,0
725,train,1900,131070.699999911,1149251070.6999998,12,11,1,3,3784342.6649841666,900682.1311178674,5037704.516064221,-63287.758776459654,52.5110986163968,13.3875545979492,75.7031317526369,8.36594011148713,0
726,train,1900,131070.899999911,1149251070.9,13,12,1,2,3784350.928447625,900686.4802178295,5037702.459065166,-63293.43592488116,52.5110970380505,13.3875301762778,75.7031671316537,8.31238194866866,0
727,train,1900,131071.099999911,1149251071.1,12,11,1,2,3784345.460100124,900678.5609190039,5037705.567098008,-63306.765553978934,52.511095549656,13.3875058970411,75.7032630892465,8.25892505465262,0
728,train,1900,131071.299999911,1149251071.3,11,11,1,2,3784342.7195589375,900684.8176305665,5037695.639926666,-63322.927343520016,52.5110941148863,13.3874817612456,75.703454121151,8.2067437345738,0
729,train,1900,131071.499999911,1149251071.5,12,11,1,2,3784342.2296501272,900682.6220306656,5037695.891473634,-63333.655314195414,52.5110926595476,13.3874577883808,75.7037706044672,8.15434132642675,0
730,train,1900,131071.699999911,1149251071.6999998,13,12,1,3,3784368.93280068,900682.9785668749,5037708.629667288,-63323.10660021537,52.5110911589011,13.3874339618235,75.7042354556394,8.09839351534098,0
731,train,1900,131071.899999911,1149251071.9,14,13,1,2,3784368.988200231,900681.4300480525,5037708.927829448,-63333.353101624845,52.5110897324148,13.387410312515,75.704859526165,8.03758290560584,0
732,train,1900,131072.099999911,1149251072.1,14,13,1,2,3784370.230319796,900680.5556378515,5037708.271455085,-63343.561146350934,52.5110883090676,13.3873868390672,75.7056452323227,7.97002696194385,0
733,train,1900,131072.299999911,1149251072.3,11,11,1,3,3784345.6975613167,900677.4882337281,5037695.298616403,-63374.985923924156,52.5110869625752,13.3873635764057,75.7065876989226,7.89366475766797,0
734,train,1900,131072.499999911,1149251072.5,13,12,1,2,3784360.5460307235,900674.9465911823,5037703.518417375,-63373.39446008599,52.5110856506016,13.3873405431205,75.7076750035431,7.80845206723644,0
735,train,1900,131072.699999911,1149251072.6999998,12,12,1,2,3784358.6329611936,900673.1157207504,5037703.195282787,-63384.793788051626,52.5110842929199,13.3873177863257,75.7088886994585,7.71608376046526,0
736,train,1900,131072.899999911,1149251072.9,12,11,1,2,3784343.5793726724,900671.2964764677,5037695.783869243,-63407.70995192986,52.5110829374164,13.3872952902242,75.7102032918446,7.61699788219495,0
737,train,1900,131073.099999911,1149251073.1,13,13,1,3,3784373.309809725,900670.4468733197,5037711.157224408,-63393.91676058688,52.5110816659559,13.3872730895314,75.7115898979837,7.51364728215039,0
738,train,1900,131073.299999911,1149251073.3,13,12,1,2,3784372.835238162,900670.1814705026,5037709.973547351,-63405.00525402211,52.5110803718064,13.3872511917261,75.7130211628088,7.41002237969381,0
739,train,1900,131073.499999911,1149251073.5,14,13,1,2,3784373.940641592,900668.5444348488,5037710.683785964,-63414.423683755405,52.5110792604498,13.3872295799035,75.714477576224,7.30575974392876,0
740,train,1900,131073.699999911,1149251073.6999998,13,12,1,2,3784373.3930069143,900666.8935656535,5037710.982922747,-63424.76580257199,52.5110781839224,13.3872082867409,75.7159472490767,7.20172966042208,0
741,train,1900,131073.899999911,1149251073.9,14,13,1,2,3784374.644617013,900665.1144313763,5037711.983796543,-63433.92632273279,52.5110771988555,13.3871872845259,75.7174269176822,7.10043772713467,0
742,train,1900,131074.099999911,1149251074.1,13,12,1,3,3784397.7058780203,900672.1702187719,5037714.091871788,-63432.42723718521,52.5110761856923,13.3871665664301,75.718921905512,7.00318186149758,0
743,train,1900,131074.299999911,1149251074.3,14,13,1,2,3784390.8274826445,900674.77471885,5037714.670019336,-63443.03678481083,52.5110752303592,13.3871461358291,75.7204420394886,6.90774039639652,0
744,train,1900,131074.499999911,1149251074.5,14,13,1,2,3784377.499688476,900661.0742512833,5037711.991883603,-63464.491648815725,52.5110743300961,13.3871259781516,75.7220017700846,6.80444944795339,0
745,train,1900,131074.699999911,1149251074.6999998,14,14,1,2,3784388.3952315943,900669.2648394165,5037716.988401863,-63464.75979123879,52.5110736116806,13.387106141912,75.7236198575831,6.68274892827958,0
746,train,1900,131074.899999911,1149251074.9,13,13,1,2,3784375.033782323,900655.6730280449,5037713.6559481565,-63487.02651253329,52.5110728782699,13.3870867034456,75.7253293026681,6.53584796539575,0
747,train,1900,131075.099999911,1149251075.1,14,13,1,2,3784375.465948756,900654.8828188091,5037712.123550936,-63498.61173183044,52.5110721709646,13.3870677229279,75.7271655520914,6.35939007200373,0
748,train,1900,131075.299999911,1149251075.3,14,13,1,2,3784378.027091579,900652.2576027699,5037711.430414723,-63509.55156562643,52.5110715882595,13.3870493077024,75.7291560623922,6.15216879479201,0
749,train,1900,131075.499999911,1149251075.5,14,14,1,2,3784390.2858919525,900660.8993334676,5037714.594134109,-63510.160542357706,52.5110710913196,13.3870315366297,75.7313196319721,5.9202240899535,0
750,train,1900,131075.699999911,1149251075.6999998,14,13,1,2,3784394.310095396,900657.5254411867,5037716.948366379,-63517.61497601185,52.51107060335,13.3870144568423,75.733669054181,5.67970587697397,0
751,train,1900,131075.899999911,1149251075.9,12,12,1,2,3784392.8933406835,900655.7878619534,5037717.550147591,-63528.31602620636,52.5110702930083,13.386998056722,75.7362038693499,5.45853971265272,0
752,train,1900,131076.099999912,1149251076.1,13,12,1,2,3784380.5885064295,900647.4337943576,5037710.567651337,-63551.06476816763,52.5110701253446,13.3869822369941,75.73892880364,5.28200845881846,0
753,train,1900,131076.299999912,1149251076.3,14,13,1,2,3784393.2790762824,900654.0756126245,5037717.290014807,-63549.20043180452,52.5110700892099,13.386966860501,75.74184214539,5.15979757744573,0
754,train,1900,131076.499999912,1149251076.5,14,14,1,2,3784401.1634931793,900650.9380852155,5037720.681962417,-63554.55962034362,52.5110701540115,13.3869518045736,75.7449306990025,5.07990836357126,0
755,train,1900,131076.699999912,1149251076.6999998,15,14,1,2,3784401.4327502004,900649.2653734572,5037722.966525502,-63563.02597556257,52.511070518336,13.3869369837374,75.7481605963087,5.02086862878704,0
756,train,1900,131076.899999912,1149251076.9,14,14,1,2,3784402.3191426373,900648.4739977954,5037722.274342825,-63573.85817964062,52.5110714592275,13.3869224257965,75.751479413532,4.9646569532494,0
757,train,1900,131077.099999912,1149251077.1,15,14,1,2,3784400.362183885,900648.0846084477,5037720.747010697,-63586.512758279125,52.5110728286838,13.3869082121406,75.7548304839789,4.9060484368946,0
758,train,1900,131077.299999912,1149251077.3,14,14,1,2,3784400.0099961013,900646.1710780113,5037721.259562112,-63596.99665312447,52.5110750343071,13.3868943691148,75.7581603891314,4.85514581596934,0
759,train,1900,131077.499999912,1149251077.5,14,13,1,3,3784383.667270531,900635.4371983199,5037716.1606865935,-63620.40682084326,52.5110775644214,13.3868810029698,75.7614187922059,4.82870364993079,0
760,train,1900,131077.699999912,1149251077.6999998,14,13,1,2,3784375.8543954794,900634.922420267,5037710.5022748895,-63638.91745993551,52.5110807796717,13.3868680820085,75.764558301553,4.82888581536672,0
761,train,1900,131077.899999912,1149251077.9,13,12,1,2,3784361.854029622,900638.7338928943,5037699.0691078,-63663.498839828884,52.5110848131856,13.3868557171376,75.7675363761371,4.84677235510717,0
762,train,1900,131078.099999912,1149251078.1,13,12,1,2,3784362.32050401,900638.3332336021,5037698.765220122,-63673.91674485865,52.5110896091998,13.3868439978231,75.7703142119579,4.87585765740578,0
763,train,1900,131078.299999912,1149251078.3,14,13,1,2,3784375.5061404645,900632.4186950627,5037709.5992514705,-63671.38840933415,52.5110950990791,13.3868329770505,75.7728596702011,4.91989839090795,0
764,train,1900,131078.499999912,1149251078.5,15,13,1,2,3784374.0215709507,900631.8892828912,5037708.709894148,-63683.23229306678,52.5111012906094,13.3868227774729,75.7751499740116,4.99482724998643,0
765,train,1900,131078.699999912,1149251078.6999998,15,13,1,2,3784368.9707965716,900632.5588629966,5037704.455689648,-63699.14291908588,52.5111080859741,13.386813396553,75.7771733847669,5.117781920801,0
766,train,1900,131078.899999912,1149251078.9,16,14,1,2,3784369.816991756,900628.5370393246,5037724.81001347,-63696.94747017848,52.5111155980086,13.3868048891615,75.77892939124,5.28998457499346,0
767,train,1900,131079.099999912,1149251079.1,16,14,1,2,3784368.681015947,900628.1785706562,5037723.390411384,-63709.224485697196,52.5111240050579,13.3867973538849,75.780433392442,5.50118507771246,0
768,train,1900,131079.299999912,1149251079.3,16,14,1,2,3784368.9233845323,900627.3688396335,5037720.980572105,-63721.35304555145,52.5111330442645,13.3867909051151,75.7817199861804,5.7301757128557,0
769,train,1900,131079.499999912,1149251079.5,15,13,1,2,3784363.303178549,900630.2979701776,5037704.461204075,-63744.0788905865,52.5111429179301,13.3867855229131,75.782846444192,5.96009951591894,0
770,train,1900,131079.699999912,1149251079.6999998,15,13,1,2,3784361.1040087747,900630.0158119582,5037704.500235644,-63755.645406122836,52.5111533194231,13.386781122638,75.7838927343601,6.18052325350944,0
771,train,1900,131079.899999912,1149251079.9,15,14,1,3,3784375.625401032,900641.5775155146,5037711.675105348,-63751.84046705426,52.5111641152968,13.3867775254472,75.7849635874316,6.38645779714386,0
772,train,1900,131080.099999912,1149251080.1,16,14,1,2,3784376.1411519293,900643.4260540295,5037715.256716592,-63759.16440923555,52.5111753776697,13.3867744705573,75.7861708948209,6.57839912177581,0
773,train,1900,131080.299999912,1149251080.3,15,13,1,3,3784363.1664312654,900628.5038347981,5037713.002226377,-63779.64531506315,52.5111871152216,13.3867717490828,75.7875665234524,6.75850503314598,0
774,train,1900,131080.499999912,1149251080.5,15,13,1,2,3784362.582685065,900627.1533340819,5037716.035872671,-63787.9997753859,52.5111991469001,13.3867691585233,75.7891406600449,6.92400309429139,0
775,train,1900,131080.699999912,1149251080.6999998,15,13,1,2,3784360.9036452207,900627.2931235093,5037718.657444054,-63797.20023074089,52.51121148361,13.3867666449339,75.7908618819563,7.0713017611347,0
776,train,1900,131080.899999912,1149251080.9,15,14,1,2,3784372.9699093504,900638.0946090277,5037725.660840903,-63794.567744253116,52.5112241492121,13.3867642070252,75.792687945973,7.20008401110491,0
777,train,1900,131081.099999912,1149251081.1,14,13,1,3,3784358.918111615,900624.0192287435,5037722.560670419,-63816.68269974966,52.5112369840529,13.3867617961985,75.7945676481532,7.31415635604945,0
778,train,1900,131081.299999912,1149251081.3,15,14,1,2,3784360.2659794223,900621.8272011585,5037728.109505172,-63822.86937331609,52.5112498952404,13.3867594314509,75.7964435260451,7.42149020073092,0
779,train,1900,131081.499999912,1149251081.5,15,14,1,2,3784358.233427475,900622.2698594455,5037726.53570924,-63834.174303606385,52.5112630040995,13.3867570991197,75.7982548010642,7.52891583907437,0
780,train,1900,131081.699999912,1149251081.6999998,15,14,1,2,3784356.9645950957,900621.5387895781,5037725.788399179,-63845.87263553171,52.5112763426042,13.3867547935533,75.7999374430496,7.64092451418718,0
781,train,1900,131081.899999912,1149251081.9,16,14,1,2,3784355.960879412,900621.7730747035,5037725.660150546,-63856.695795118954,52.5112897638404,13.3867525343109,75.8014237103124,7.76584940841497,0
782,train,1900,131082.099999912,1149251082.1,15,13,1,2,3784357.5389161287,900620.9729659004,5037739.001048717,-63857.92639575374,52.5113035678495,13.3867503186885,75.8026398127843,7.90895408849062,0
783,train,1900,131082.299999912,1149251082.3,15,13,1,2,3784359.043447269,900619.7903054703,5037741.285955642,-63865.41847736113,52.51131766721,13.3867480946656,75.8035067946226,8.06915418362356,0
784,train,1900,131082.499999912,1149251082.5,17,15,1,2,3784370.2642331617,900632.1939776087,5037740.564454762,-63867.86510036182,52.5113319619583,13.3867459112943,75.8039594323154,8.23758022868702,0
785,train,1900,131082.699999912,1149251082.6999998,17,15,1,2,3784365.676900715,900633.5952951281,5037740.346270228,-63879.728062793976,52.5113466963536,13.3867437630879,75.8039599206482,8.39627794581937,0
786,train,1900,131082.899999912,1149251082.9,16,14,1,2,3784358.2637289106,900633.9538810776,5037738.66912649,-63895.40073788661,52.5113616084224,13.3867416478111,75.8034948074718,8.53359931411216,0
787,train,1900,131083.099999912,1149251083.1,14,13,1,3,3784337.9707742645,900621.7480126288,5037731.234921817,-63922.5581036043,52.5113767374299,13.3867395657043,75.8025711254131,8.64680553392293,0
788,train,1900,131083.299999912,1149251083.3,14,13,1,2,3784352.4337786,900614.2409706223,5037750.91498514,-63913.729331809904,52.5113919645364,13.3867375476257,75.8012142271257,8.74030143386313,0
789,train,1900,131083.499999912,1149251083.5,13,12,1,2,3784336.136257434,900615.3422314423,5037741.870637626,-63938.232715871854,52.5114074721152,13.3867355102268,75.7994561422847,8.8164901827367,0
790,train,1900,131083.699999912,1149251083.6999998,14,13,1,3,3784353.461244593,900625.6314427438,5037750.452502214,-63932.2507133339,52.5114231560294,13.3867334940112,75.7973250244394,8.87463714467004,0
791,train,1900,131083.899999912,1149251083.9,14,13,1,2,3784350.149927425,900624.937837906,5037752.963719602,-63943.09809921946,52.5114388828086,13.3867314816817,75.7948442944661,8.9112853985112,0
792,train,1900,131084.099999912,1149251084.1,14,13,1,2,3784345.396487312,900622.6483475224,5037751.170599717,-63957.54108803486,52.5114546977169,13.3867295669348,75.7920305682988,8.92455034420381,0
793,train,1900,131084.299999912,1149251084.3,15,14,1,2,3784355.905824384,900613.2792884754,5037763.717569,-63955.11476504344,52.5114704473164,13.3867276224657,75.7888929237633,8.91817143225005,0
794,train,1900,131084.499999912,1149251084.5,14,13,1,3,3784336.029215612,900616.6701776928,5037752.5207818765,-63982.87442541412,52.5114861300619,13.3867255675865,75.7854307722631,8.89723221872111,0
795,train,1900,131084.699999912,1149251084.6999998,14,13,1,2,3784332.564159569,900613.9286293691,5037752.350114649,-63994.81517767522,52.5115018271854,13.3867234663597,75.7816368150774,8.85997964332618,0
796,train,1900,131084.899999912,1149251084.9,14,13,1,2,3784328.5087969606,900613.5215039093,5037752.90589389,-64006.7928176367,52.5115174497404,13.3867213447259,75.777499065238,8.80295170427286,0
797,train,1900,131085.099999912,1149251085.1,14,13,1,2,3784326.0609875363,900613.513914287,5037753.182856176,-64018.329858255565,52.5115329330563,13.3867192373169,75.7730016159936,8.72559161529596,0
798,train,1900,131085.299999912,1149251085.3,14,14,1,3,3784345.370687175,900601.6934710584,5037770.8307485925,-64009.10620361522,52.511548404855,13.3867171104379,75.76812429545,8.6310727446087,0
799,train,1900,131085.499999912,1149251085.5,14,14,1,2,3784345.1299551115,900599.6338469906,5037774.338681329,-64018.325982451744,52.5115635840308,13.3867149812354,75.7628406646188,8.52848837679518,0
800,train,1900,131085.699999912,1149251085.6999998,15,14,1,2,3784344.5382849164,900597.3052694232,5037775.208550594,-64028.280010116214,52.5115785485105,13.3867128251494,75.7571198855343,8.42852030405142,0
801,train,1900,131085.899999912,1149251085.9,16,15,1,2,3784338.0835471,900601.5877268225,5037753.94813983,-64054.064155056636,52.511593284372,13.3867106667264,75.7509289240775,8.33719086484808,0
802,train,1900,131086.099999912,1149251086.1,18,15,1,2,3784337.045521659,900598.6118747748,5037753.481018321,-64065.77355008372,52.5116078891533,13.3867085192883,75.7442348743059,8.25257361551059,0
803,train,1900,131086.299999912,1149251086.3,15,13,1,2,3784339.750471626,900599.3554630873,5037771.375518814,-64065.84122645079,52.5116223903065,13.3867063412543,75.7370107279806,8.16937104598156,0
804,train,1900,131086.499999912,1149251086.5,15,13,1,2,3784337.5630295104,900597.7946752703,5037773.01293251,-64076.32533457213,52.5116367086875,13.3867041742062,75.729241244303,8.08283061057118,0
805,train,1900,131086.699999912,1149251086.6999998,15,13,1,2,3784336.2560763513,900596.0416416508,5037774.56449716,-64086.292613410245,52.5116510068618,13.386701995049,75.7209227982587,7.98182027398877,0
806,train,1900,131086.899999912,1149251086.9,14,13,1,2,3784330.882649252,900593.8622899514,5037748.552020056,-64116.27564122471,52.5116650918119,13.3866998313857,75.7120594681673,7.85299550426008,0
807,train,1900,131087.099999912,1149251087.1,13,11,1,3,3784300.307432274,900611.1450460257,5037741.584542469,-64145.3939380973,52.5116787127819,13.3866973558963,75.7026614117527,7.6890117974208,0
808,train,1900,131087.299999912,1149251087.3,14,12,1,3,3784334.406519511,900593.2283963228,5037772.470901949,-64119.41879812276,52.5116922000594,13.3866951824035,75.6927458770427,7.49122740845077,0
809,train,1900,131087.499999912,1149251087.5,13,11,1,3,3784298.978288729,900607.9319239747,5037741.08489203,-64167.78938918366,52.5117052866337,13.3866930248192,75.6823372455294,7.27349930325334,0
810,train,1900,131087.699999912,1149251087.6999998,13,11,1,2,3784298.753964878,900605.2083550347,5037744.061143136,-64175.713012135515,52.5117179564667,13.3866909130159,75.6714705430749,7.05029570479002,0
811,train,1900,131087.899999912,1149251087.9,15,13,1,3,3784327.981500756,900593.3895163244,5037756.177555369,-64162.72653275077,52.5117302830251,13.3866889704763,75.6601920545977,6.82783411921958,0
812,train,1900,131088.099999912,1149251088.1,14,12,1,2,3784332.234749575,900587.5119730238,5037777.862936837,-64157.90851292622,52.5117418362332,13.3866859332402,75.6485538828129,6.61319636600353,0
813,train,1900,131088.299999912,1149251088.3,14,13,1,2,3784326.461315302,900592.3111148076,5037757.680045256,-64182.58073692303,52.5117533376867,13.386684056189,75.6366115226588,6.41379709737645,0
814,train,1900,131088.499999912,1149251088.5,14,13,1,2,3784326.3832241073,900591.078908472,5037756.452439141,-64193.18208178776,52.5117645618294,13.3866822946324,75.6244219908152,6.23432781350573,0
815,train,1900,131088.699999912,1149251088.6999998,14,13,1,2,3784325.67202845,900591.1429744082,5037758.428492888,-64201.97747626309,52.5117754879576,13.3866807530839,75.6120440982098,6.07193068648637,0
816,train,1900,131088.899999912,1149251088.9,12,11,1,3,3784297.931440382,900600.2394852906,5037753.138430335,-64230.44876349525,52.5117862138222,13.3866796011418,75.5995383597115,5.92110824316104,0
817,train,1900,131089.099999912,1149251089.1,12,11,1,2,3784297.0491017452,900598.5099838022,5037755.104033943,-64239.63715036022,52.5117966439836,13.3866790035058,75.5869660793665,5.77747579495086,0
818,train,1900,131089.299999912,1149251089.3,13,12,1,2,3784294.4806984104,900599.9032495347,5037748.78501584,-64255.15747560143,52.5118067840417,13.3866790766266,75.5743886213256,5.64257296878982,0
819,train,1900,131089.499999912,1149251089.5,12,11,1,2,3784295.2011407726,900600.6726766367,5037754.352073565,-64261.64805379078,52.5118167348615,13.3866799125602,75.5618634149833,5.52504083398183,0
820,train,1900,131089.699999912,1149251089.6999998,13,13,1,3,3784321.728764811,900590.2898189487,5037762.424657406,-64253.4565759987,52.5118265010361,13.3866815513791,75.5494422640813,5.43583578040767,0
821,train,1900,131089.899999912,1149251089.9,12,12,1,2,3784325.749071935,900589.4022576304,5037784.879193617,-64248.476639603185,52.5118360009176,13.3866841060759,75.5371718296024,5.38196251142645,0
822,train,1900,131090.099999912,1149251090.1,11,11,1,3,3784291.117776643,900607.1723980582,5037754.454277171,-64296.72711642512,52.5118453970829,13.3866876393532,75.525094532326,5.36100614024114,0
823,train,1900,131090.299999912,1149251090.3,13,13,1,2,3784289.662074619,900607.9709668811,5037756.198594691,-64307.251909973864,52.5118545305389,13.386692215079,75.5132485785969,5.36410924864971,0
824,train,1900,131090.499999912,1149251090.5,15,13,1,2,3784288.5057365703,900609.182645171,5037756.86333536,-64317.894624125234,52.5118634355261,13.386697858319,75.5016692071899,5.37929716834108,0
825,train,1900,131090.699999912,1149251090.6999998,15,13,1,2,3784286.7590510948,900609.7744116798,5037757.275357554,-64329.44543881338,52.5118721546836,13.3867045984499,75.4903884540723,5.40066235672996,0
826,train,1900,131090.899999912,1149251090.9,16,12,1,2,3784286.5008608946,900614.5556701482,5037755.9705748875,-64341.891216937285,52.5118805146016,13.3867124334058,75.479435378442,5.43043153652056,0
827,train,1900,131091.099999912,1149251091.1,16,12,1,2,3784286.9526122836,900614.9090140819,5037758.143808262,-64350.68721933041,52.5118884794205,13.3867213849582,75.4688362534733,5.46954074412229,0
828,train,1900,131091.299999912,1149251091.3,16,12,1,2,3784285.7346483627,900615.9333671703,5037758.741597568,-64361.03784786511,52.5118961997535,13.386731424193,75.4586151484166,5.51605029061493,0
829,train,1900,131091.499999912,1149251091.5,16,12,1,3,3784312.3998615206,900608.5612758083,5037766.381884951,-64352.18962512839,52.511903411599,13.3867425363031,75.4487943752803,5.57198560239508,0
830,train,1900,131091.699999912,1149251091.6999998,14,11,1,3,3784341.4854493504,900619.0969043265,5037772.796425427,-64343.734707453164,52.5119102457754,13.3867546831006,75.4393950535528,5.64935102761027,0
831,train,1900,131091.899999912,1149251091.9,13,11,1,3,3784275.130372172,900625.4271049227,5037728.844426519,-64414.687143881405,52.5119166179566,13.3867678464014,75.4304356662509,5.75763349140799,0
832,train,1900,131092.099999912,1149251092.1,15,13,1,3,3784306.493175583,900609.3072076094,5037768.717821453,-64383.670350530294,52.5119225409729,13.3867820060541,75.421932873846,5.89716911457442,0
833,train,1900,131092.299999912,1149251092.3,14,13,1,2,3784306.492102344,900609.6281904702,5037770.942595542,-64392.98934368513,52.5119280285253,13.3867971512637,75.4139023234153,6.05894851176902,0
834,train,1900,131092.499999912,1149251092.5,13,12,1,3,3784331.5432928884,900617.6057564915,5037780.073609021,-64384.537925534096,52.5119330247633,13.3868133031358,75.4063579460062,6.23083555346705,0
835,train,1900,131092.699999912,1149251092.6999998,14,12,1,2,3784325.8385464964,900617.9690084452,5037777.659610792,-64399.68715065984,52.511937489357,13.3868304027562,75.399312659151,6.40330154661685,0
836,train,1900,131092.899999912,1149251092.9,15,13,1,2,3784319.2946063457,900615.2922872839,5037784.977078712,-64409.58259066496,52.5119414867872,13.3868483561357,75.392777636312,6.56776529038791,0
837,train,1900,131093.099999912,1149251093.1,14,12,1,2,3784313.6046813736,900619.2686029766,5037771.639697415,-64430.53836628648,52.5119449060062,13.3868670844793,75.3867621594313,6.72101495331876,0
838,train,1900,131093.299999913,1149251093.3,14,12,1,2,3784307.94052173,900620.3279710716,5037769.778196077,-64445.234754113255,52.5119477372888,13.3868865025149,75.3812732140453,6.8631286448081,0
839,train,1900,131093.499999913,1149251093.5,15,13,1,2,3784307.4185914784,900618.4538766819,5037782.764240003,-64448.5572809852,52.5119500578144,13.3869065409583,75.3763157724224,6.98936180001674,0
840,train,1900,131093.699999913,1149251093.6999998,13,12,1,3,3784288.6602270305,900621.425260009,5037776.09627363,-64472.991602516464,52.5119517203408,13.3869270952033,75.3718935091547,7.09625344884134,0
841,train,1900,131093.899999913,1149251093.9,14,13,1,3,3784308.859441422,900621.7579050633,5037785.344309422,-64467.22803912334,52.5119531438432,13.3869480137977,75.3680082934638,7.18651210491537,0
842,train,1900,131094.099999913,1149251094.1,13,12,1,3,3784289.5591105325,900624.7117181888,5037780.622213376,-64490.55794997189,52.5119540080414,13.386969243778,75.3646606599256,7.26740991925091,0
843,train,1900,131094.299999913,1149251094.3,13,12,1,2,3784288.6814078507,900626.3581133934,5037778.868787107,-64502.36382114054,52.511954706211,13.3869907414874,75.3618490457127,7.35181657610267,0
844,train,1900,131094.499999913,1149251094.5,13,12,1,2,3784288.1703077047,900629.3639034514,5037778.37676261,-64513.64582251684,52.5119552767384,13.3870125153407,75.3595701853788,7.45181597680248,0
845,train,1900,131094.699999913,1149251094.6999998,14,13,1,2,3784303.571920259,900631.2253891744,5037782.626720005,-64512.68532142682,52.5119557243994,13.3870346290829,75.3578190374654,7.57396123182567,0
846,train,1900,131094.899999913,1149251094.9,14,13,1,2,3784302.7206944353,900634.4319357077,5037782.065496673,-64523.29941619944,52.5119562554496,13.3870571350445,75.3565883161503,7.71819930460586,0
847,train,1900,131095.099999913,1149251095.1,14,13,1,2,3784300.4694992197,900635.6508953826,5037782.126421877,-64534.46450247533,52.5119567859336,13.3870800695185,75.3558685573936,7.88020144897697,0
848,train,1900,131095.299999913,1149251095.3,13,12,1,2,3784291.969880556,900634.5169902786,5037779.81204563,-64550.689933505724,52.5119574847452,13.3871034993611,75.3556479343733,8.05155765788889,0
849,train,1900,131095.499999913,1149251095.5,14,12,1,2,3784290.1762384526,900640.4429773261,5037777.383991811,-64562.200004063765,52.5119583756804,13.3871274095274,75.3559125020503,8.22423935505112,0
850,train,1900,131095.699999913,1149251095.6999998,14,12,1,2,3784292.703367068,900641.6341136107,5037779.9320836635,-64569.59577794587,52.5119593877491,13.3871518051369,75.3566455928975,8.39100636625937,0
851,train,1900,131095.899999913,1149251095.9,15,13,1,2,3784293.928019887,900643.7770510152,5037780.782436174,-64578.09283079711,52.5119606128695,13.387176653116,75.3578279262998,8.54176896407409,0
852,train,1900,131096.099999913,1149251096.1,15,13,1,2,3784291.438983355,900644.7061167454,5037780.66555123,-64589.653549897936,52.5119618779757,13.3872018902761,75.3594375974119,8.66446457019691,0
853,train,1900,131096.299999913,1149251096.3,14,12,1,2,3784285.674132187,900650.8884308825,5037756.632125534,-64616.163548941935,52.5119632967523,13.3872274254985,75.3614504497523,8.75053033116859,0
854,train,1900,131096.499999913,1149251096.5,14,12,1,2,3784283.6744961794,900652.4494486235,5037756.419836338,-64627.53566183853,52.511964781029,13.3872531513557,75.3638393500273,8.79878906294769,0
855,train,1900,131096.699999913,1149251096.6999998,14,12,1,2,3784283.6878368943,900653.8936204935,5037756.601814123,-64637.871501595306,52.5119662506148,13.3872789602536,75.366575021961,8.82000132154683,0
856,train,1900,131096.899999913,1149251096.9,15,13,1,2,3784290.4394294606,900652.3205896204,5037781.321150645,-64630.674476974404,52.5119678790221,13.3873047940444,75.3696257684461,8.8281469126222,0
857,train,1900,131097.099999913,1149251097.1,15,13,1,2,3784289.5165539393,900654.3214059715,5037779.135016194,-64642.815241412376,52.5119695468483,13.3873306435876,75.372957725312,8.83849949119028,0
858,train,1900,131097.299999913,1149251097.3,15,13,1,2,3784290.9992312966,900656.0857523413,5037780.002341869,-64651.83139929861,52.5119711800314,13.387356554295,75.376534045581,8.86618364370574,0
859,train,1900,131097.499999913,1149251097.5,13,11,1,2,3784282.3345048083,900658.6128777042,5037754.390850297,-64682.969849920846,52.5119727683938,13.3873825924586,75.3803158999481,8.9156529110448,0
860,train,1900,131097.699999913,1149251097.6999998,14,12,1,2,3784285.21088623,900664.5628482114,5037752.187504845,-64691.71620446091,52.5119742561125,13.387408817334,75.3842621502982,8.98206902378096,0
861,train,1900,131097.899999913,1149251097.9,13,11,1,2,3784280.384363449,900662.8090560865,5037752.849461181,-64705.394237432134,52.5119757442927,13.3874352656455,75.3883295437946,9.05967229415693,0
862,train,1900,131098.099999913,1149251098.1,14,12,1,2,3784283.1555680935,900667.9038052895,5037752.541707348,-64712.90161998964,52.5119772456081,13.3874619337464,75.3924724005595,9.14103950755682,0
863,train,1900,131098.299999913,1149251098.3,15,13,1,2,3784287.7831048365,900664.5289441223,5037779.752359734,-64704.82162117505,52.5119788025017,13.3874888439646,75.3966431877456,9.22016091616859,0
864,train,1900,131098.499999913,1149251098.5,14,12,1,2,3784283.112046643,900661.5093327867,5037780.835430493,-64718.22257735709,52.5119804970943,13.3875159625852,75.4007924023714,9.29438150568928,0
865,train,1900,131098.699999913,1149251098.6999998,14,12,1,2,3784281.823704196,900663.8841129196,5037777.264014444,-64731.390881778476,52.5119821514584,13.3875432828585,75.4048684683746,9.36482423936157,0
866,train,1900,131098.899999913,1149251098.9,15,13,1,2,3784285.0610464825,900670.5870537284,5037777.997197905,-64737.48151366116,52.5119839286343,13.3875707722323,75.4088180723418,9.43311317711485,0
867,train,1900,131099.099999913,1149251099.1,15,13,1,2,3784282.9368217154,900671.5826514883,5037777.702062537,-64748.923734430544,52.5119859295301,13.3875984445484,75.4125861887979,9.5012129894034,0
868,train,1900,131099.299999913,1149251099.3,14,12,1,2,3784280.146982539,900673.4960195147,5037776.473859565,-64760.80948337965,52.5119878879623,13.3876263307286,75.4161164086246,9.57756472100401,0
869,train,1900,131099.499999913,1149251099.5,14,12,1,2,3784278.4011947676,900675.1220687482,5037776.754377833,-64771.843308540985,52.511989965378,13.3876544485359,75.4193507684474,9.66935421229114,0
870,train,1900,131099.699999913,1149251099.6999998,14,12,1,2,3784281.146758109,900677.607855537,5037778.001915744,-64779.94861629878,52.5119919836121,13.3876828688784,75.4222472089627,9.76932384050106,0
871,train,1900,131099.899999913,1149251099.9,13,11,1,2,3784263.530964613,900673.1660040644,5037774.760833767,-64803.56265952926,52.511993937914,13.3877115823376,75.4247601078719,9.86871873583934,0
872,train,1900,131100.099999913,1149251100.1,13,11,1,2,3784272.3698511007,900686.4526468706,5037750.455139864,-64821.116238157774,52.51199592372,13.3877405842112,75.4268321526101,9.9619653524125,0
873,train,1900,131100.299999913,1149251100.3,13,11,1,2,3784268.498034716,900687.3395697826,5037750.045744532,-64833.85453490013,52.5119979082498,13.3877698433097,75.4284094996461,10.0423801543947,0
874,train,1900,131100.499999913,1149251100.5,14,12,1,2,3784281.579673699,900689.0795926569,5037756.3907263065,-64833.69668647097,52.5119998981998,13.3877993129764,75.4294655815891,10.1004636948559,0
875,train,1900,131100.699999913,1149251100.6999998,14,12,1,2,3784277.5374047044,900690.8235110077,5037755.82279463,-64846.04091810457,52.5120020438725,13.3878289062168,75.4300100381855,10.1251490756146,0
876,train,1900,131100.899999913,1149251100.9,14,12,1,2,3784278.0514900032,900694.0688791405,5037754.28629746,-64856.79736905942,52.5120041626458,13.3878585111517,75.4300827103154,10.1091412697142,0
877,train,1900,131101.099999913,1149251101.1,14,12,1,2,3784275.352495441,900696.0066739243,5037753.206793339,-64869.01975404698,52.5120062008042,13.3878880128125,75.429745203698,10.0519608420673,0
878,train,1900,131101.299999913,1149251101.3,13,11,1,2,3784267.281639483,900698.533075076,5037749.460196352,-64885.2584618197,52.5120081874332,13.3879173001144,75.4290757081816,9.96229401309254,0
879,train,1900,131101.499999913,1149251101.5,13,11,1,2,3784264.8683458217,900699.7399519902,5037749.476435647,-64896.65495880169,52.5120101288464,13.3879462928927,75.4281629565443,9.85490045378893,0
880,train,1900,131101.699999913,1149251101.6999998,12,11,1,2,3784264.9298898075,900701.6069915178,5037750.865904196,-64905.61554168543,52.5120122341526,13.387974937493,75.4270988718418,9.74577822242882,0
881,train,1900,131101.899999913,1149251101.9,12,11,1,2,3784264.5783127574,900703.9512518719,5037750.829559347,-64915.82963675579,52.5120144802956,13.3880032655802,75.4259757146073,9.64300874839941,0
882,train,1900,131102.099999913,1149251102.1,14,13,1,2,3784279.3975391295,900698.5489529514,5037785.95904889,-64898.03181036112,52.512016642534,13.3880313111774,75.4248801458633,9.54443634541351,0
883,train,1900,131102.299999913,1149251102.3,13,12,1,2,3784274.8310294864,900700.392648484,5037783.841808485,-64911.96500814975,52.5120186927319,13.3880590519315,75.4238912940155,9.44309052782319,0
884,train,1900,131102.499999913,1149251102.5,14,13,1,2,3784278.550083905,900701.5776531071,5037785.770306068,-64919.228959368156,52.5120208421527,13.3880864854678,75.4230774843614,9.33659065010748,0
885,train,1900,131102.699999913,1149251102.6999998,14,13,1,2,3784280.129343044,900704.352272351,5037785.37221602,-64928.83487899013,52.5120229553089,13.388113612071,75.4224892238788,9.23111221187633,0
886,train,1900,131102.899999913,1149251102.9,14,13,1,2,3784280.1316787484,900705.6333725178,5037786.213595172,-64938.339270903205,52.512025000422,13.3881404508821,75.4221685436614,9.13383960141138,0
887,train,1900,131103.099999913,1149251103.1,14,13,1,2,3784276.3609844255,900706.6103852359,5037785.6226508515,-64950.81531138297,52.5120268949655,13.3881670328384,75.4221373468378,9.04883628040388,0
888,train,1900,131103.299999913,1149251103.3,14,13,1,2,3784277.777773981,900708.6750095818,5037786.327975355,-64959.80086230524,52.5120287644356,13.3881933932822,75.4223807920703,8.97440226814368,0
889,train,1900,131103.499999913,1149251103.5,14,13,1,2,3784276.4662714642,900710.5496183451,5037786.590110336,-64970.53955822437,52.5120304953021,13.388219552239,75.4228670926492,8.90335520580965,0
890,train,1900,131103.699999913,1149251103.6999998,13,12,1,2,3784269.966277797,900708.5447757052,5037784.09105452,-64986.77927943854,52.5120322362133,13.3882455098986,75.4235610131417,8.8249758568012,0
891,train,1900,131103.899999913,1149251103.9,14,13,1,2,3784275.941770755,900714.8453978131,5037785.0243756985,-64991.94989454239,52.5120339064011,13.3882712261071,75.4244288578881,8.73507746805287,0
892,train,1900,131104.099999913,1149251104.1,14,13,1,2,3784274.893155624,900716.7164331822,5037785.323299474,-65002.23804221632,52.5120356226528,13.3882966658006,75.4254373064573,8.63732602986089,0
893,train,1900,131104.299999913,1149251104.3,12,10,1,3,3784242.167045147,900716.312920824,5037752.22193765,-65050.76799854377,52.5120372071322,13.3883218102186,75.4265532027878,8.53334033567761,0
894,train,1900,131104.499999913,1149251104.5,13,11,1,3,3784260.7932419484,900723.403315389,5037757.928741501,-65045.607957725515,52.5120386495127,13.3883466481905,75.4277422249916,8.4241789352572,0
895,train,1900,131104.699999913,1149251104.6999998,12,11,1,2,3784258.5220874604,900723.5699474815,5037758.922580656,-65056.56982176942,52.512040173756,13.3883711764614,75.4289597232144,8.31405938912604,0
896,train,1900,131104.899999913,1149251104.9,13,12,1,2,3784271.407143812,900723.7936431398,5037767.184457454,-65055.35199529737,52.5120416170222,13.3883953820073,75.4301492501778,8.2073035908711,0
897,train,1900,131105.099999913,1149251105.1,13,12,1,2,3784268.7217766647,900725.2570474637,5037766.053914221,-65067.68529529464,52.5120430799882,13.3884192846969,75.4312492203532,8.10376923741933,0
898,train,1900,131105.299999913,1149251105.3,13,12,1,2,3784269.6618160116,900727.5994568202,5037766.131100743,-65077.18132016477,52.5120444700212,13.3884428915091,75.4321953048606,8.00204023650834,0
899,train,1900,131105.499999913,1149251105.5,11,10,1,3,3784239.4909394393,900723.9608348695,5037755.534313656,-65111.31858632683,52.5120458291993,13.3884662308275,75.4329188328188,7.89973395214981,0
900,train,1900,131105.699999913,1149251105.6999998,13,12,1,3,3784274.2465251824,900731.5399905689,5037767.894632859,-65093.87941133067,52.5120469803974,13.3884892654376,75.4333483934264,7.79728616221562,0
901,train,1900,131105.899999913,1149251105.9,11,10,1,3,3784239.04435527,900727.2817695912,5037755.3371678535,-65132.12604612762,52.5120480049725,13.3885120175875,75.4334128993963,7.69450187852191,0
902,train,1900,131106.099999913,1149251106.1,13,12,1,3,3784278.3233516235,900735.4853847014,5037770.397465421,-65110.13993972949,52.5120490060664,13.3885344746732,75.433044518552,7.59186605197066,0
903,train,1900,131106.299999913,1149251106.3,12,11,1,2,3784263.383720417,900738.8336934038,5037760.653846383,-65133.76868003048,52.5120495877338,13.3885566544161,75.4321834170569,7.48805403663301,0
904,train,1900,131106.499999913,1149251106.5,10,10,1,3,3784238.0413007075,900731.3859721798,5037756.304318055,-65162.61674033095,52.5120499054442,13.3885785544728,75.4307808457872,7.38377961911764,0
905,train,1900,131106.699999913,1149251106.6999998,12,10,1,2,3784237.884935681,900732.7296143532,5037756.43615654,-65172.793841923885,52.5120498561045,13.3886001477259,75.4287984098577,7.28216138173823,0
906,train,1900,131106.899999913,1149251106.9,13,12,1,3,3784278.9594267453,900732.1459562556,5037794.221417058,-65138.51746171016,52.5120494356193,13.3886214624099,75.4262063127379,7.18014575712528,0
907,train,1900,131107.099999913,1149251107.1,14,13,1,2,3784286.540297982,900737.5744390831,5037796.403292215,-65141.96238426283,52.512048916544,13.3886424496395,75.4229909318564,7.07826775322958,0
908,train,1900,131107.299999913,1149251107.3,12,12,1,3,3784268.5242936863,900738.5739148714,5037791.402813189,-65164.48200038273,52.5120483827969,13.3886631103542,75.419168425121,6.9835355203681,0
909,train,1900,131107.499999913,1149251107.5,13,13,1,2,3784280.6491097915,900738.2636706491,5037796.653910008,-65165.37697295049,52.512047577841,13.3886835093331,75.4147887597988,6.9037568054383,0
910,train,1900,131107.699999913,1149251107.6999998,14,12,1,2,3784271.821034023,900741.568171656,5037794.141853221,-65181.39446231785,52.5120466421449,13.3887036923617,75.4099250575282,6.83707147544002,0
911,train,1900,131107.899999913,1149251107.9,15,13,1,2,3784278.212758538,900742.9639877527,5037798.515033958,-65183.98251010673,52.5120457709274,13.3887236695043,75.4046669395098,6.77647306778708,0
912,train,1900,131108.099999913,1149251108.1,14,12,1,2,3784269.6134913727,900747.0902547387,5037774.500134283,-65212.66224080413,52.5120448538553,13.388743484695,75.3991116393797,6.71664903537188,0
913,train,1900,131108.299999913,1149251108.3,13,12,1,2,3784264.178657264,900748.76548678,5037773.242256077,-65225.56307434983,52.5120439270674,13.3887631281635,75.3933600227077,6.65862665311835,0
914,train,1900,131108.499999913,1149251108.5,13,12,1,2,3784263.4487381703,900749.8885114614,5037772.00492419,-65237.27741494127,52.512043167004,13.3887826171518,75.3875103719081,6.60890359529986,0
915,train,1900,131108.699999913,1149251108.6999998,12,11,1,2,3784254.515895886,900745.0009382011,5037774.348212485,-65252.037016508344,52.5120424812021,13.388801985539,75.3816600775414,6.56903069320736,0
916,train,1900,131108.899999913,1149251108.9,14,12,1,2,3784259.2247849214,900750.3909452722,5037772.673509281,-65259.464721304175,52.5120418238503,13.3888212725644,75.3758981155582,6.53639186316388,0
917,train,1900,131109.099999913,1149251109.1,13,11,1,2,3784254.0089253793,900745.8904253818,5037777.047482125,-65270.68484015988,52.5120414287053,13.3888404664135,75.3703123982014,6.50757556001834,0
918,train,1900,131109.299999913,1149251109.3,13,11,1,3,3784230.4790278766,900750.9658414845,5037760.841494601,-65301.44949226328,52.5120411210758,13.3888595788807,75.3649898665629,6.48091470536466,0
919,train,1900,131109.499999913,1149251109.5,13,12,1,3,3784254.0561883934,900750.5549703331,5037774.387670323,-65290.86769313104,52.5120408450452,13.3888786289212,75.3600057206583,6.45548860858297,0
920,train,1900,131109.699999913,1149251109.6999998,14,12,1,2,3784253.998811136,900752.0252773456,5037775.6277711,-65300.2267464857,52.5120407849575,13.388897596998,75.3554202081912,6.42901041563151,0
921,train,1900,131109.899999913,1149251109.9,14,11,1,3,3784230.106134173,900754.8436886417,5037760.469209037,-65332.216745118334,52.5120407599249,13.3889164942627,75.3512770277718,6.39949019862908,0
922,train,1900,131110.099999913,1149251110.1,14,12,1,3,3784253.8495535245,900754.080373672,5037775.374291941,-65321.1178324101,52.512040993823,13.3889352826768,75.3476024549198,6.36185002662293,0
923,train,1900,131110.299999913,1149251110.3,12,11,1,3,3784227.2182864086,900757.5595357963,5037760.821712365,-65353.20988282294,52.5120412059244,13.3889539400218,75.3444112838984,6.31019635140314,0
924,train,1900,131110.499999914,1149251110.5,13,12,1,3,3784251.195015146,900755.616522826,5037778.893091739,-65339.71286634028,52.5120415352005,13.3889724266567,75.3417076495943,6.24243039744313,0
925,train,1900,131110.699999914,1149251110.6999998,13,12,1,2,3784251.6107208715,900756.8030258862,5037779.751903721,-65349.18467209056,52.5120419851644,13.3889906933667,75.339487984558,6.16363138967677,0
926,train,1900,131110.899999914,1149251110.9,12,11,1,3,3784224.44649746,900761.8136525525,5037761.089408771,-65384.52185639036,52.5120424569127,13.3890087099464,75.3377437713417,6.07940813794585,0
927,train,1900,131111.099999914,1149251111.1,13,12,1,3,3784251.1519599776,900758.3190692253,5037780.207501426,-65370.31634273171,52.5120431430283,13.3890264624224,75.336459053157,5.99099112833837,0
928,train,1900,131111.299999914,1149251111.3,13,13,1,2,3784261.7160066064,900761.9928378306,5037782.567132606,-65373.440108556366,52.5120438427082,13.3890439401013,75.3356115263648,5.90252874020775,0
929,train,1900,131111.499999914,1149251111.5,13,13,1,2,3784261.360689048,900762.0238585946,5037784.55366974,-65382.35500305085,52.5120445720158,13.389061154325,75.3351729195289,5.82013229025401,0
930,train,1900,131111.699999914,1149251111.6999998,13,13,1,2,3784261.4246919723,900762.9157389314,5037784.818315062,-65392.02117200926,52.5120453800271,13.3890781201048,75.3351083777612,5.74613243281747,0
931,train,1900,131111.899999914,1149251111.9,12,12,1,3,3784232.3897187375,900759.6797508093,5037790.066574314,-65415.04561585137,52.5120462298023,13.3890948821296,75.335379003516,5.67535931530149,0
932,train,1900,131112.099999914,1149251112.1,13,13,1,3,3784256.869603706,900760.4236151354,5037799.207308005,-65406.82171809531,52.5120471681493,13.3891114185192,75.3359420657039,5.6018924746475,0
933,train,1900,131112.299999914,1149251112.3,11,11,1,3,3784202.853341368,900752.6671622257,5037782.159675949,-65458.85897256026,52.5120480557098,13.3891277280327,75.3367498733382,5.52284115715494,0
934,train,1900,131112.499999914,1149251112.5,12,12,1,3,3784250.7250995073,900758.5416510107,5037799.183365259,-65432.128004714294,52.5120490159271,13.3891437801614,75.3377510168642,5.44045214699029,0
935,train,1900,131112.699999914,1149251112.6999998,13,13,1,2,3784259.191024952,900766.2508278188,5037800.243922879,-65435.10769223802,52.5120499436044,13.389159595009,75.3388902627006,5.35693219627075,0
936,train,1900,131112.899999914,1149251112.9,11,11,1,2,3784254.0381610757,900760.1858960617,5037796.655714917,-65453.78064907067,52.5120509792356,13.3891751546529,75.3401103276603,5.27156580808794,0
937,train,1900,131113.099999914,1149251113.1,12,12,1,2,3784248.1476171236,900761.5444145425,5037794.963203394,-65465.82937895223,52.5120519489317,13.3891904555511,75.3413575234338,5.18126920689007,0
938,train,1900,131113.299999914,1149251113.3,11,11,1,3,3784227.1435769196,900773.5346135931,5037769.639005852,-65500.178049910675,52.5120529307645,13.3892054780561,75.342584639033,5.08088406882263,0
939,train,1900,131113.499999914,1149251113.5,12,12,1,2,3784230.470107044,900771.5541387215,5037783.056855728,-65501.09897996794,52.512054109839,13.389220172049,75.3437515675538,4.96360327287685,0
940,train,1900,131113.699999914,1149251113.6999998,11,11,1,3,3784254.8540205285,900765.5968561617,5037792.224437395,-65496.72215413456,52.5120552257596,13.3892344857524,75.344828931988,4.82337746869003,0
941,train,1900,131113.899999914,1149251113.9,13,13,1,2,3784256.3319911966,900772.7689544158,5037792.225417472,-65502.49039745145,52.5120562611173,13.3892483453474,75.3457966281086,4.65470739498921,0
942,train,1900,131114.099999914,1149251114.1,12,12,1,2,3784239.7712531765,900777.4373166399,5037784.986634394,-65524.368667131675,52.5120573912315,13.3892616562134,75.3466421317746,4.45708355332818,0
943,train,1900,131114.299999914,1149251114.3,12,12,1,2,3784238.0461144457,900778.8962283536,5037783.203353604,-65536.71313651344,52.5120584268741,13.3892743491071,75.3473565116825,4.23357266061736,0
944,train,1900,131114.499999914,1149251114.5,13,13,1,2,3784236.1370161804,900779.7941864217,5037779.220111662,-65550.7129266156,52.5120594411023,13.3892863361397,75.347937215862,3.99115446798893,0
945,train,1900,131114.699999914,1149251114.6999998,12,12,1,2,3784227.9944405667,900777.8097789139,5037777.404790943,-65567.61198385933,52.5120605136277,13.3892975947415,75.348387316939,3.73756277791393,0
946,train,1900,131114.899999914,1149251114.9,14,14,1,3,3784251.1832168153,900775.3540289444,5037784.372530651,-65561.57405913588,52.5120614949232,13.3893080971028,75.3487143584428,3.47683416417797,0
947,train,1900,131115.099999914,1149251115.1,15,14,1,2,3784248.519586578,900775.3029884908,5037784.617409214,-65573.09759310535,52.5120624746538,13.3893178247147,75.348929291669,3.20661554733247,0
948,train,1900,131115.299999914,1149251115.3,15,14,1,2,3784249.589222789,900777.54870538,5037785.041299022,-65582.13925430784,52.5120633098098,13.3893266850386,75.3490452529395,2.92192972067867,0
949,train,1900,131115.499999914,1149251115.5,15,14,1,2,3784247.94648612,900777.6075827625,5037785.672903113,-65593.17227375893,52.5120640225151,13.3893347558611,75.3490763918813,2.61967910697814,0
950,train,1900,131115.699999914,1149251115.6999998,14,14,1,2,3784250.7751166224,900780.0001908287,5037787.426810639,-65599.83493938437,52.5120646143463,13.3893419322316,75.349035479001,2.30303570331812,0
951,train,1900,131115.899999914,1149251115.9,15,15,1,2,3784254.7894315342,900782.0279451816,5037790.58726622,-65607.07283146647,52.5120651272487,13.3893481799553,75.3489311007803,1.982377020509,0
952,train,1900,131116.099999914,1149251116.1,16,15,1,2,3784252.450698447,900785.5507697847,5037790.819321207,-65617.96753728986,52.5120655560497,13.3893535135336,75.3487667734424,1.67492586714583,0
953,train,1900,131116.299999914,1149251116.3,17,15,1,2,3784255.1610440305,900786.4351569321,5037791.386302694,-65626.81642646514,52.512065829425,13.3893580002726,75.3485387041203,1.39562052732949,0
954,train,1900,131116.499999914,1149251116.5,17,15,1,2,3784254.2025889116,900786.4262292405,5037791.766656866,-65637.78596350798,52.5120659795491,13.3893617113894,75.3482361346096,1.14799307469943,0
955,train,1900,131116.699999914,1149251116.6999998,17,15,1,2,3784254.3989389837,900787.0224556015,5037794.154740711,-65646.86982315789,52.5120660959643,13.3893647390795,75.3478406919753,0.924718755316231,0
956,train,1900,131116.899999914,1149251116.9,17,15,1,2,3784252.8293730724,900791.0429266453,5037797.883731096,-65654.58843415641,52.512065910593,13.3893671469459,75.3473276355204,0.718101285498756,0
957,train,1900,131117.099999914,1149251117.1,17,15,1,2,3784252.166642845,900794.5757452055,5037809.509950194,-65656.98514887464,52.5120658772564,13.3893689667109,75.3466660194416,0.526531583001595,0
958,train,1900,131117.299999914,1149251117.3,17,15,1,2,3784253.8155964036,900792.9189381896,5037813.405499601,-65663.07282363402,52.5120658661985,13.3893702494839,75.3458232209167,0.35382534216484,0
959,train,1900,131117.499999914,1149251117.5,17,15,1,2,3784252.1457850276,900793.2688811123,5037815.071505174,-65673.08080695316,52.5120657930684,13.3893710650019,75.3447666470296,0.206376031127054,0
960,train,1900,131117.699999914,1149251117.6999998,16,14,1,2,3784248.99200979,900796.693791467,5037806.152978671,-65688.64702168197,52.5120656665584,13.3893714885011,75.343465796131,0.0927407052999946,1
961,train,1900,131117.899999914,1149251117.9,15,14,1,2,3784249.7113544666,900797.5407344537,5037811.6486170525,-65694.40934287269,52.512065384671,13.3893713961022,75.3418934569141,0.0235072352950432,1
962,train,1900,131118.099999914,1149251118.1,15,14,1,2,3784252.10445999,900799.5290972088,5037816.995901084,-65699.70050308324,52.512065179241,13.3893712187936,75.3400244323813,-0.0054677160097969,1
963,train,1900,131118.299999914,1149251118.3,15,14,1,2,3784252.616759511,900800.0553556458,5037823.015422207,-65705.6059478202,52.5120647619933,13.3893713132066,75.337836901335,-0.0104890518307834,1
964,train,1900,131118.499999914,1149251118.5,15,14,1,2,3784253.392666762,900800.0608117878,5037824.49481686,-65714.923653974,52.5120646934173,13.3893713152188,75.3353130017917,-0.0062170884177614,1
965,train,1900,131118.699999914,1149251118.6999998,15,14,1,2,3784252.9832414635,900801.3525420143,5037827.456547988,-65722.8325286772,52.512064610548,13.389371308006,75.3324393042312,-0.0012327784421832,1
966,train,1900,131118.899999914,1149251118.9,15,14,1,2,3784252.684256884,900801.5377756032,5037825.717479537,-65734.25616991632,52.5120646358659,13.3893712273776,75.329215766238,0.0019480484804579,1
967,train,1900,131119.099999914,1149251119.1,15,14,1,2,3784253.1220311355,900801.9610760844,5037826.726685538,-65743.3286837784,52.5120646405162,13.389371279943,75.3256534712621,0.0045985525099349,1
968,train,1900,131119.299999914,1149251119.3,15,14,1,2,3784252.481351062,900802.3527733969,5037827.347777155,-65753.54036944301,52.5120645681275,13.389371285521,75.321766595169,0.0072206382304612,1
969,train,1900,131119.499999914,1149251119.5,16,14,1,2,3784252.699007389,900803.1574488416,5037826.614824209,-65764.51735013188,52.512064573019,13.3893712851207,75.3175692928057,0.0094828013851873,1
970,train,1900,131119.699999914,1149251119.6999998,16,14,1,2,3784253.542150439,900803.2949641637,5037827.6321686,-65773.8299563583,52.5120648559224,13.3893712977976,75.3130802360206,0.0105903029600454,1
971,train,1900,131119.899999914,1149251119.9,16,14,1,2,3784255.083072798,900803.1270417118,5037825.785236137,-65785.22147008094,52.5120648129915,13.3893713263193,75.3083252968936,0.0097012621467012,1
972,train,1900,131120.099999914,1149251120.1,16,14,1,2,3784253.608682304,900803.2632892681,5037823.917980836,-65797.48933083385,52.5120656214265,13.3893712542703,75.3033420694422,0.0066975286771682,1
973,train,1900,131120.299999914,1149251120.3,16,14,1,2,3784253.6061901757,900803.8713355702,5037822.146367996,-65809.07955185627,52.5120657912831,13.3893713415577,75.2981798179159,0.0040624344932815,1
974,train,1900,131120.499999914,1149251120.5,16,14,1,2,3784252.5900577833,900803.5195895776,5037822.313461023,-65819.91391928136,52.5120658935963,13.3893712910222,75.2928896715848,0.0032204359083172,1
975,train,1900,131120.699999914,1149251120.6999998,16,14,1,2,3784251.6031726943,900803.5730784188,5037823.994528447,-65829.68285365947,52.5120660050578,13.3893713134228,75.2875150719229,0.0048501042339111,1
976,train,1900,131120.899999914,1149251120.9,16,14,1,2,3784251.0691536856,900803.8693631432,5037825.709829956,-65839.47064116855,52.5120660138566,13.3893713173692,75.2820856274503,0.0069510393565841,1
977,train,1900,131121.099999914,1149251121.1,16,14,1,2,3784251.044289341,900804.5598355146,5037828.19863056,-65848.45440976786,52.512064894063,13.3893714123661,75.2766200481049,0.0082441952469841,1
978,train,1900,131121.299999914,1149251121.3,16,14,1,2,3784251.992316705,900805.1973606319,5037830.457098637,-65857.78956278042,52.5120648698165,13.3893717491916,75.2711381098186,0.0078822849826911,1
979,train,1900,131121.499999914,1149251121.5,16,14,1,2,3784251.784001853,900804.8675532915,5037828.725650167,-65869.60035587312,52.5120647475066,13.3893717656957,75.2656699323303,0.0054602617674262,1
980,train,1900,131121.699999914,1149251121.6999998,16,14,1,2,3784251.937622409,900805.345168481,5037827.142911189,-65880.93365735192,52.5120648146236,13.3893717365809,75.2602497218741,0.0015016206627278,1
981,train,1900,131121.899999914,1149251121.9,16,14,1,2,3784252.713407458,900805.8062731257,5037829.0891885385,-65890.30415431282,52.5120664624842,13.3893710941266,75.2549179013099,-0.0034129377258517,1
982,train,1900,131122.099999914,1149251122.1,16,14,1,2,3784252.7496655914,900806.2595609743,5037828.785160345,-65900.80749198148,52.5120670468808,13.3893712434193,75.2497230762738,-0.0084109181072427,1
983,train,1900,131122.299999914,1149251122.3,16,14,1,2,3784252.0113496403,900805.1126413385,5037826.349195372,-65912.88273206583,52.5120671529039,13.3893712058565,75.2447139207815,-0.0109993632856961,1
984,train,1900,131122.499999914,1149251122.5,16,14,1,2,3784252.0262308843,900805.1687608403,5037827.686544951,-65922.4989199108,52.512067543337,13.3893711995734,75.239915672874,-0.0106025870768902,1
985,train,1900,131122.699999914,1149251122.6999998,16,14,1,2,3784253.1148148677,900805.6727158395,5037829.1126404535,-65932.06009320177,52.5120676921913,13.3893712506631,75.2353361886451,-0.0089597263961311,1
986,train,1900,131122.899999914,1149251122.9,16,14,1,2,3784253.233192808,900805.2633326513,5037827.93346478,-65943.18279175702,52.5120677460137,13.3893711406672,75.2309781552116,-0.0073108056850414,1
987,train,1900,131123.099999914,1149251123.1,16,14,1,2,3784253.6414099494,900805.0906674793,5037828.97643061,-65952.69874910911,52.5120678204102,13.3893711843849,75.2268481573001,-0.0058265560024315,1
988,train,1900,131123.299999914,1149251123.3,16,14,1,2,3784253.039664884,900804.9170920842,5037828.474466059,-65964.07162096811,52.5120681754992,13.3893711889647,75.2229595837682,-0.0048329857913387,1
989,train,1900,131123.499999914,1149251123.5,17,14,1,2,3784253.8138710954,900805.1220607355,5037829.568430501,-65973.49010284294,52.5120682085126,13.389371132611,75.2193142365877,-0.0045825176041344,1
990,train,1900,131123.699999914,1149251123.6999998,17,14,1,2,3784253.1695212596,900804.5785742492,5037828.881776766,-65984.76891235341,52.512068201566,13.3893711939565,75.2158911389572,-0.0047558537673225,1
991,train,1900,131123.899999914,1149251123.9,17,14,1,2,3784252.462077282,900804.495312982,5037828.795268679,-65995.60811283116,52.5120681766081,13.3893711793457,75.2126806081375,-0.0045061053823803,1
992,train,1900,131124.099999914,1149251124.1,16,14,1,2,3784252.7168450817,900805.0704349225,5037829.423045581,-66005.5372387162,52.5120682478571,13.3893711945663,75.2096760752101,-0.0033376868358956,1
993,train,1900,131124.299999914,1149251124.3,16,14,1,2,3784252.471800548,900804.8093419744,5037830.373079449,-66015.61838475904,52.5120683345754,13.3893711929104,75.2068708410553,-0.0011103567446564,1
994,train,1900,131124.499999914,1149251124.5,16,14,1,2,3784252.948533911,900804.6175769978,5037831.180861495,-66025.26876780644,52.5120684116929,13.3893711607471,75.2042570735315,-0.0003451859660017,1
995,train,1900,131124.699999914,1149251124.6999998,16,14,1,2,3784254.1954646865,900804.2456550254,5037831.4493691195,-66034.84205559228,52.5120683324958,13.3893711806225,75.2018242481689,0.0007528748319732,1
996,train,1900,131124.899999914,1149251124.9,16,14,1,2,3784252.7840387663,900803.8714677138,5037830.586646501,-66046.59914381529,52.5120682875097,13.3893711758854,75.1995658629864,0.0015901950541233,1
997,train,1900,131125.099999914,1149251125.1,16,14,1,2,3784252.620690414,900803.0295421841,5037830.635788173,-66057.25500212403,52.5120683886933,13.3893711703919,75.1974795057101,0.0023553467650105,1
998,train,1900,131125.299999914,1149251125.3,16,14,1,2,3784251.7779679713,900803.14203153,5037829.714128465,-66068.58660683437,52.5120683544396,13.3893711974106,75.1955568038353,0.0021697369873098,1
999,train,1900,131125.499999914,1149251125.5,16,14,1,2,3784252.7630235087,900803.0574851295,5037830.453102131,-66078.0528218391,52.5120683784089,13.3893712282501,75.1937806935752,0.0016022253334946,1
1000,train,1900,131125.699999914,1149251125.6999998,16,14,1,2,3784251.736322055,900803.4316912822,5037829.626285127,-66089.50626044742,52.5120683868272,13.3893712059166,75.1921351032361,0.0017771248165353,1
1001,train,1900,131125.899999914,1149251125.9,16,14,1,2,3784251.3809856917,900803.4138968077,5037829.494596625,-66100.12543167136,52.5120683866285,13.3893712223086,75.1906053369486,0.0019617933895032,1
1002,train,1900,131126.099999914,1149251126.1,16,14,1,2,3784251.850121042,900803.1398081619,5037829.592489274,-66110.16592727783,52.5120683523756,13.389371212815,75.1891762622311,0.0020720760374708,1
1003,train,1900,131126.299999914,1149251126.3,16,14,1,2,3784252.0957314987,900802.5735772789,5037830.0677014375,-66120.25378695302,52.5120683167982,13.3893711790414,75.1878286577061,0.0023448997871264,1
1004,train,1900,131126.499999914,1149251126.5,16,14,1,2,3784252.514507919,900802.4097467206,5037830.653738614,-66130.13027885578,52.5120682888744,13.389371166598,75.186540671728,0.0010204666011931,1
1005,train,1900,131126.699999914,1149251126.6999998,16,14,1,2,3784252.161072506,900802.5453749179,5037830.101289298,-66140.94717367426,52.5120682889478,13.3893711794632,75.1852993576626,-0.0024512478820907,1
1006,train,1900,131126.899999914,1149251126.9,16,14,1,2,3784253.4747044877,900802.2599296395,5037830.612936821,-66150.27367613245,52.5120682920896,13.3893711996321,75.184097659811,-0.0081381097799577,1
1007,train,1900,131127.099999914,1149251127.1,16,14,1,2,3784254.0530237285,900801.969474988,5037830.549284759,-66160.29087927545,52.5120682847375,13.3893711629501,75.1829388076531,-0.0133335645330196,1
1008,train,1900,131127.299999914,1149251127.3,16,14,1,2,3784254.324345783,900801.7851965538,5037830.270932999,-66170.63117349283,52.5120684030994,13.3893712936706,75.1818292292968,-0.0099624650745608,1
1009,train,1900,131127.499999914,1149251127.5,16,14,1,2,3784255.6975775952,900801.1974155268,5037830.403246218,-66180.02352121093,52.512068368373,13.3893712935222,75.1807777194737,0.0114234058695033,1
1010,train,1900,131127.699999915,1149251127.6999998,16,14,1,2,3784254.359108181,900801.2473155292,5037828.659916552,-66191.9840005098,52.5120684062787,13.3893714766531,75.1798001550214,0.0701374017343182,1
1011,train,1900,131127.899999915,1149251127.9,16,14,1,2,3784252.9583893428,900801.5930840233,5037826.315287423,-66204.2366490591,52.5120684021008,13.3893718372819,75.1789144053438,0.191383195596785,0
1012,train,1900,131128.099999915,1149251128.1,16,14,1,2,3784253.1048702854,900801.4720356438,5037824.508252866,-66215.1667822044,52.5120684486989,13.3893726699039,75.1781341762716,0.388863123240092,0
1013,train,1900,131128.299999915,1149251128.3,16,14,1,2,3784255.1193604716,900800.495198581,5037823.327830915,-66225.46017582204,52.5120686472482,13.3893741587433,75.177478772796,0.635352166474815,0
1014,train,1900,131128.499999915,1149251128.5,16,14,1,2,3784254.2913989536,900800.5490275684,5037819.56525354,-66238.53790704359,52.5120688529028,13.3893763887737,75.1769837887405,0.896772105221943,0
1015,train,1900,131128.699999915,1149251128.6999998,17,15,1,2,3784249.3792011086,900805.4072300575,5037793.647827616,-66266.95625843036,52.5120691007771,13.3893794005309,75.1766848196065,1.15863520612148,0
1016,train,1900,131128.899999915,1149251128.9,16,14,1,2,3784254.914187178,900800.5005746266,5037815.3773594145,-66262.31053883843,52.5120693114887,13.3893831859979,75.1766072484802,1.42703632162097,0
1017,train,1900,131129.099999915,1149251129.1,16,14,1,2,3784252.6398817557,900800.512928862,5037803.0033437805,-66282.10458393462,52.5120696131415,13.3893877914342,75.1767607617444,1.71196156585128,0
1018,train,1900,131129.299999915,1149251129.3,17,15,1,2,3784249.28996954,900802.691618924,5037788.364072517,-66303.09610775324,52.5120699612937,13.3893932598781,75.1771393230616,2.01702027159725,0
1019,train,1900,131129.499999915,1149251129.5,17,15,1,2,3784249.73811162,900800.0397080486,5037785.99153,-66315.53187842281,52.5120703543098,13.3893996356493,75.1777193673451,2.34479614899688,0
1020,train,1900,131129.699999915,1149251129.6999998,17,15,1,2,3784251.9897991824,900799.832174309,5037786.540615515,-66325.87797316852,52.5120707749817,13.3894070092558,75.1784609266414,2.69209462062554,0
1021,train,1900,131129.899999915,1149251129.9,17,15,1,2,3784255.8102908935,900798.1771892038,5037786.500974604,-66335.61015740466,52.5120713174429,13.3894154168802,75.1793065448771,3.04666830794136,0
1022,train,1900,131130.099999915,1149251130.1,17,15,1,2,3784255.460601329,900799.5536553359,5037786.76459141,-66345.71252794123,52.5120718767471,13.3894248717987,75.1801869948299,3.39004487437795,0
1023,train,1900,131130.299999915,1149251130.3,17,15,1,2,3784254.2748094792,900799.3576311234,5037783.195694435,-66359.1457748666,52.5120725009273,13.3894351292288,75.1810225741142,3.69764989372234,0
1024,train,1900,131130.499999915,1149251130.5,17,15,1,2,3784253.149816258,900800.062575191,5037783.345354451,-66369.85491120837,52.5120731641436,13.3894463505303,75.1817291879184,3.95104126320666,0
1025,train,1900,131130.699999915,1149251130.6999998,16,14,1,2,3784251.272908075,900799.7125984996,5037781.420659592,-66383.15637930683,52.5120739953218,13.3894582319858,75.18223488556,4.14880814393079,0
1026,train,1900,131130.899999915,1149251130.9,16,14,1,2,3784252.4057880393,900802.3286537403,5037786.324237924,-66389.57620347234,52.5120747440086,13.3894706373262,75.1824759020311,4.3139868248333,0
1027,train,1900,131131.099999915,1149251131.1,17,15,1,2,3784252.401076763,900807.2195044298,5037797.238167826,-66392.22649915225,52.5120754602521,13.3894835250893,75.1823872710256,4.47683661030753,0
1028,train,1900,131131.299999915,1149251131.3,17,15,1,2,3784250.0717720054,900810.1441966193,5037801.311477481,-66401.8497617611,52.5120761941521,13.3894969035205,75.1819354267005,4.65784958204157,0
1029,train,1900,131131.499999915,1149251131.5,17,15,1,2,3784249.9241920826,900812.7406523497,5037804.189947572,-66410.82975683357,52.5120768585607,13.3895108687082,75.1810959804528,4.86297691551844,0
1030,train,1900,131131.699999915,1149251131.6999998,15,14,1,2,3784249.3440366345,900816.3479230003,5037805.910219456,-66420.16363919298,52.5120775742564,13.3895254535498,75.1798467674115,5.08357004471266,0
1031,train,1900,131131.899999915,1149251131.9,15,14,1,2,3784245.9738648105,900815.3790840664,5037801.171468523,-66435.02980555687,52.512078406709,13.3895407057469,75.1781656867227,5.30890740777202,0
1032,train,1900,131132.099999915,1149251132.1,14,14,1,2,3784242.330632289,900811.5141172359,5037794.202586833,-66452.55491629275,52.5120792300811,13.3895566260455,75.1760347115619,5.5339547919807,0
1033,train,1900,131132.299999915,1149251132.3,15,14,1,2,3784240.6353335497,900807.9062174198,5037787.661804111,-66469.48967487481,52.5120800273857,13.3895731944694,75.1734446928459,5.75794864165275,0
1034,train,1900,131132.499999915,1149251132.5,14,14,1,2,3784239.0908119683,900805.8507864501,5037781.577525435,-66484.7816672049,52.5120808627788,13.3895904336176,75.1704043795233,5.97404155064385,0
1035,train,1900,131132.699999915,1149251132.6999998,15,15,1,2,3784243.945894624,900806.0136892321,5037782.69809981,-66493.48174424552,52.5120815617572,13.3896082799324,75.1669437240625,6.16750784596021,0
1036,train,1900,131132.899999915,1149251132.9,14,14,1,2,3784241.670680098,900802.7655002411,5037781.166881342,-66506.79388802347,52.5120821748121,13.389626647403,75.1631105049984,6.32004444430764,0
1037,train,1900,131133.099999915,1149251133.1,12,12,1,2,3784238.22349953,900802.7863600884,5037778.222941953,-66521.20697063449,52.5120827809658,13.3896453839161,75.1589660414349,6.42177336881193,0
1038,train,1900,131133.299999915,1149251133.3,13,13,1,2,3784237.203290361,900801.7162028617,5037787.594541853,-66526.95047959124,52.5120834106947,13.3896643710952,75.1545816671807,6.47948255464079,0
1039,train,1900,131133.499999915,1149251133.5,12,12,1,2,3784238.5381981838,900805.2494190539,5037780.747658008,-66540.81258073133,52.5120840035867,13.3896834787343,75.1500397396053,6.50825710192781,0
1040,train,1900,131133.699999915,1149251133.6999998,14,14,1,2,3784243.32809657,900809.4230955632,5037791.498505889,-66540.34628674711,52.512084631654,13.3897026509463,75.1454375613226,6.52496942275666,0
1041,train,1900,131133.899999915,1149251133.9,13,13,1,2,3784238.458672688,900810.414426523,5037774.288590292,-66563.86201168016,52.5120852631864,13.3897218705703,75.1408823667396,6.54627950416511,0
1042,train,1900,131134.099999915,1149251134.1,14,14,1,2,3784245.3421167145,900808.0570420204,5037790.086025165,-66560.81341186108,52.5120859450048,13.3897411628838,75.1364861212841,6.58536148365455,0
1043,train,1900,131134.299999915,1149251134.3,14,14,1,2,3784245.8347184164,900809.8785350876,5037789.303381192,-66571.65868731558,52.5120866161448,13.3897606039921,75.1323601914046,6.64516942682397,0
1044,train,1900,131134.499999915,1149251134.5,14,13,1,2,3784241.395666002,900811.2128968696,5037795.0424748175,-66580.44932348965,52.5120873809481,13.3897802432428,75.1286124810535,6.72238280882948,0
1045,train,1900,131134.699999915,1149251134.6999998,13,12,1,2,3784240.717905973,900802.5530771947,5037791.469570573,-66596.99843421188,52.5120882743724,13.3898001050737,75.1253484980187,6.80582541627119,0
1046,train,1900,131134.899999915,1149251134.9,11,11,1,2,3784237.519517318,900808.5494602926,5037770.648547026,-66620.10594702009,52.5120891191476,13.3898202026596,75.1226733853005,6.8770310779649,0
1047,train,1900,131135.099999915,1149251135.1,14,14,1,3,3784247.5128570558,900831.4554250804,5037813.421147717,-66591.92622630355,52.5120900320578,13.3898404593784,75.1206903663256,6.91200382152617,0
1048,train,1900,131135.299999915,1149251135.3,14,13,1,2,3784246.1731303697,900825.1488370544,5037807.631562103,-66609.29353396875,52.5120911589164,13.3898607234701,75.1194926683072,6.90020155423655,0
1049,train,1900,131135.499999915,1149251135.5,14,13,1,2,3784246.6840382554,900826.3794448796,5037800.040106525,-66623.79137400532,52.5120922871057,13.3898808712314,75.119157389923,6.84663820845995,0
1050,train,1900,131135.699999915,1149251135.6999998,15,14,1,2,3784248.930328239,900824.0387659746,5037809.477627827,-66627.233805685,52.5120936765301,13.3899007767884,75.119740111836,6.76806029529548,0
1051,train,1900,131135.899999915,1149251135.9,13,13,1,2,3784263.407568904,900827.5262704182,5037814.533735398,-66626.97021400642,52.5120949332328,13.3899204220709,75.1212743610625,6.68177428767978,0
1052,train,1900,131136.099999915,1149251136.1,12,12,1,3,3784230.0751842037,900824.4250234795,5037796.693097249,-66666.59804983265,52.5120966507112,13.3899397461528,75.1237698124962,6.59747357007103,0
1053,train,1900,131136.299999915,1149251136.3,11,11,1,2,3784217.2296752757,900827.3525736879,5037774.601048214,-66695.54394085977,52.5120985858951,13.3899587355807,75.1272114175314,6.51822721308387,0
1054,train,1900,131136.499999915,1149251136.5,14,13,1,3,3784251.367746157,900829.070744026,5037799.954846937,-66671.67178908669,52.5121008120148,13.389977409147,75.1315594925726,6.43748559125945,0
1055,train,1900,131136.699999915,1149251136.6999998,13,13,1,2,3784248.8488236545,900830.5008889623,5037797.658041088,-66684.37705318113,52.5121033536242,13.3899957294548,75.1367503759607,6.35024872926681,0
1056,train,1900,131136.899999915,1149251136.9,13,12,1,3,3784219.497201094,900832.3241750025,5037789.1865216205,-66714.50163958869,52.5121064646405,13.3900136860798,75.1427047288543,6.26445109705416,0
1057,train,1900,131137.099999915,1149251137.1,13,12,1,2,3784212.8800602066,900829.4127219849,5037786.433526504,-66731.05726621089,52.5121096015644,13.3900313616624,75.1493267983154,6.19868650260542,0
1058,train,1900,131137.299999915,1149251137.3,13,13,1,3,3784234.894007976,900829.6858307935,5037797.426768602,-66723.03493972785,52.5121127954657,13.3900488774794,75.1565082888037,6.16530869312058,0
1059,train,1900,131137.499999915,1149251137.5,14,13,1,2,3784228.90319452,900829.4887610504,5037798.401789301,-66735.69396927177,52.5121157458591,13.3900663954761,75.164135261488,6.16102147605351,0
1060,train,1900,131137.699999915,1149251137.6999998,14,13,1,2,3784228.061789271,900831.6715790634,5037796.838215133,-66746.98444792537,52.5121185425521,13.390084001419,75.1720924513553,6.17473022509442,0
1061,train,1900,131137.899999915,1149251137.9,13,13,1,2,3784234.830263476,900831.2045192197,5037799.115567856,-66753.17575837304,52.5121211660944,13.3901017171803,75.180266003024,6.19876999626358,0
1062,train,1900,131138.099999915,1149251138.1,13,13,1,2,3784238.5643037134,900830.1660333289,5037800.604578809,-66760.86959276129,52.5121236157662,13.3901195814046,75.1885462092335,6.22855688172252,0
1063,train,1900,131138.299999915,1149251138.3,14,13,1,2,3784240.781729413,900831.4688811379,5037802.778618625,-66768.39652464424,52.5121258397137,13.3901376071462,75.1968297706395,6.26034268630093,0
1064,train,1900,131138.499999915,1149251138.5,14,13,1,2,3784239.7485810444,900832.4592833619,5037803.861584426,-66778.42161179411,52.512128000141,13.3901557739636,75.2050220257883,6.29014493436645,0
1065,train,1900,131138.699999915,1149251138.6999998,13,12,1,2,3784228.8420941425,900835.6095754767,5037801.956340975,-66796.170792544,52.5121298896388,13.3901740694434,75.2130381458093,6.31188525597689,0
1066,train,1900,131138.899999915,1149251138.9,12,11,1,2,3784222.2349432628,900840.0767458739,5037778.823552621,-66823.90846797172,52.5121316019102,13.390192438918,75.2208045171508,6.31861069658085,0
1067,train,1900,131139.099999915,1149251139.1,14,12,1,3,3784241.4839346306,900837.6474098641,5037789.348073478,-66817.94306503366,52.5121333049125,13.3902108068277,75.2282585947668,6.30560170988334,0
1068,train,1900,131139.299999915,1149251139.3,15,13,1,2,3784244.220862034,900837.1572530698,5037811.35979726,-66814.09522964983,52.5121348560827,13.3902291345765,75.2353494833622,6.27296832087295,0
1069,train,1900,131139.499999915,1149251139.5,15,13,1,2,3784240.445444385,900838.6050013558,5037812.945038043,-66824.8415307661,52.5121364566614,13.3902473523383,75.2420351440458,6.22922427032894,0
1070,train,1900,131139.699999915,1149251139.6999998,15,13,1,2,3784240.0321652666,900839.6630543241,5037812.03783894,-66836.56277438492,52.5121380699234,13.3902654310849,75.2482813073527,6.18729656642293,0
1071,train,1900,131139.899999915,1149251139.9,14,12,1,2,3784229.5119667957,900839.9260167439,5037809.765253095,-66854.02641222478,52.5121397261025,13.3902833937169,75.2540602394513,6.15662323194753,0
1072,train,1900,131140.099999915,1149251140.1,15,13,1,2,3784240.5892445543,900839.317166553,5037816.912373589,-66855.41746522322,52.5121414138597,13.3903012714346,75.2593508285228,6.14338549719328,0
1073,train,1900,131140.299999915,1149251140.3,13,12,1,2,3784244.404698857,900849.8049414641,5037788.640885557,-66879.25160629168,52.5121432347637,13.3903191178693,75.2641370012147,6.14964543112118,0
1074,train,1900,131140.499999915,1149251140.5,13,13,1,2,3784250.68510392,900849.8588044142,5037790.38556522,-66886.33128330648,52.5121451317387,13.3903369785617,75.2684053756822,6.17197238474271,0
1075,train,1900,131140.699999915,1149251140.6999998,13,12,1,2,3784249.027702067,900853.8095601447,5037785.40165356,-66899.4460132906,52.5121471574863,13.3903548748608,75.2721441310998,6.20506016484532,0
1076,train,1900,131140.899999915,1149251140.9,13,12,1,2,3784236.8526978577,900852.2002626862,5037780.550356211,-66919.47399850695,52.5121493449755,13.3903728333341,75.2753433453875,6.24301507225556,0
1077,train,1900,131141.099999915,1149251141.1,13,12,1,2,3784249.773716928,900855.8118516428,5037784.247400335,-66920.68958551291,52.5121517820556,13.3903908574952,75.27799510682,6.28292469552474,0
1078,train,1900,131141.299999915,1149251141.3,15,13,1,2,3784247.7048071427,900858.1612672505,5037783.553249181,-66932.22189294605,52.5121542824366,13.3904089618404,75.2800926429808,6.32393079493206,0
1079,train,1900,131141.499999915,1149251141.5,12,12,1,2,3784231.9682811266,900856.5864078609,5037778.301794093,-66954.09984997236,52.5121569078781,13.3904271494982,75.2816306512006,6.36456944513121,0
1080,train,1900,131141.699999915,1149251141.6999998,12,12,1,2,3784228.5834209784,900856.8060374808,5037778.390136662,-66965.84711545751,52.512159637356,13.3904454254518,75.2826039288838,6.40453481582523,0
1081,train,1900,131141.899999915,1149251141.9,12,12,1,2,3784230.4275606964,900859.2356362845,5037775.007485936,-66976.47724688251,52.5121623809298,13.3904637907847,75.2830065521325,6.44484238548923,0
1082,train,1900,131142.099999915,1149251142.1,13,13,1,2,3784237.600982386,900853.1125215838,5037817.875458057,-66957.50173999301,52.5121651501898,13.3904822840974,75.2828316225255,6.4843751728088,0
1083,train,1900,131142.299999915,1149251142.3,15,14,1,2,3784250.5292256894,900858.4274077179,5037819.923984349,-66959.06700953627,52.5121678515851,13.3905008933868,75.2820711155906,6.51858825096033,0
1084,train,1900,131142.499999915,1149251142.5,15,14,1,2,3784249.1788854045,900860.6729064292,5037821.101474831,-66969.39576072141,52.5121705534889,13.3905196402266,75.2807172071421,6.54055302887047,0
1085,train,1900,131142.699999915,1149251142.6999998,15,14,1,2,3784246.4678266076,900861.700099359,5037820.223801879,-66981.32483711676,52.5121730493861,13.390538482187,75.2787624820652,6.54894064235594,0
1086,train,1900,131142.899999915,1149251142.9,14,13,1,2,3784244.988156739,900858.6269048513,5037825.308216967,-66990.7251074458,52.5121753708413,13.390557405036,75.2761997545975,6.55094302670313,0
1087,train,1900,131143.099999915,1149251143.1,14,13,1,2,3784244.420923192,900859.1117536499,5037826.085380846,-67000.51615738438,52.5121774601182,13.3905763986465,75.2730226431261,6.56026138750161,0
1088,train,1900,131143.299999915,1149251143.3,14,13,1,2,3784242.66930534,900860.3516525015,5037822.680133499,-67013.1115227615,52.5121793412455,13.3905955051897,75.2692259443784,6.58831988864277,0
1089,train,1900,131143.499999915,1149251143.5,15,14,1,2,3784243.4349062513,900866.858169859,5037822.872681154,-67021.03309832186,52.5121811231459,13.3906147636846,75.2648075718284,6.638167121983,0
1090,train,1900,131143.699999915,1149251143.6999998,13,13,1,2,3784238.960482182,900861.4637804314,5037823.965164641,-67034.6247918022,52.5121826209022,13.3906342466705,75.2597688006073,6.70597427334354,0
1091,train,1900,131143.899999915,1149251143.9,14,14,1,2,3784241.727364849,900866.9274593128,5037823.75464592,-67041.88626792024,52.5121840025993,13.3906539950453,75.2541147904706,6.78567779635943,0
1092,train,1900,131144.099999915,1149251144.1,14,14,1,2,3784239.6633887254,900869.0569212158,5037823.289099002,-67053.25379669308,52.5121851100974,13.3906740324315,75.2478551666644,6.87308647734542,0
1093,train,1900,131144.299999915,1149251144.3,13,13,1,2,3784237.737013788,900866.1742555229,5037823.890998063,-67065.74226099144,52.5121859471668,13.3906943533307,75.2410046824635,6.96325286628768,0
1094,train,1900,131144.499999915,1149251144.5,14,13,1,2,3784229.8013300523,900867.1499290162,5037820.788331246,-67080.97036601917,52.5121866349637,13.390714964159,75.2335847506524,7.05008505699432,0
1095,train,1900,131144.699999915,1149251144.6999998,14,13,1,2,3784226.926962432,900866.4498122757,5037818.444760637,-67094.0907225029,52.5121870576673,13.3907358429199,75.2256229089865,7.13356327998019,0
1096,train,1900,131144.899999916,1149251144.9,13,12,1,2,3784218.0332055767,900862.0181942726,5037815.378923926,-67112.68521290702,52.5121872841575,13.3907569662233,75.2171537988951,7.21712514384818,0
1097,train,1900,131145.099999916,1149251145.1,14,13,1,2,3784226.156723105,900869.5934638691,5037819.128417064,-67115.1372765908,52.5121871514482,13.3907783675489,75.208220794797,7.30410590593627,0
1098,train,1900,131145.299999916,1149251145.3,13,12,1,2,3784216.465984172,900876.8178049577,5037783.836939784,-67150.21233109648,52.51218701103,13.3908000185365,75.1988795308562,7.39373782022263,0
1099,train,1900,131145.499999916,1149251145.5,13,12,1,2,3784209.7768113106,900877.5193150158,5037786.500488661,-67162.30197527452,52.5121867006682,13.3908219249147,75.1891988762042,7.47874258098826,0
1100,train,1900,131145.699999916,1149251145.6999998,14,12,1,2,3784206.765924254,900877.6152086627,5037783.713453369,-67175.47866639777,52.5121863417219,13.3908440595058,75.179262634212,7.55239924839488,0
1101,train,1900,131145.899999916,1149251145.9,14,12,1,2,3784205.9737449377,900880.5384470631,5037782.9417790165,-67186.09535415133,52.5121858302319,13.3908664029702,75.1691703151903,7.60794217165143,0
1102,train,1900,131146.099999916,1149251146.1,15,13,1,2,3784222.4332340173,900886.7256897544,5037789.967627434,-67183.24671412836,52.5121852030466,13.3908888759526,75.1590387677066,7.63619148950082,0
1103,train,1900,131146.299999916,1149251146.3,15,13,1,2,3784208.9218606763,900878.6939537971,5037808.257561736,-67190.95710131485,52.5121848450984,13.3909113775352,75.14899989382,7.6388182201365,0
1104,train,1900,131146.499999916,1149251146.5,16,14,1,2,3784224.380535933,900885.3619021982,5037814.466223342,-67189.52112965222,52.5121845648827,13.3909338755685,75.1391736077041,7.63007440653972,0
1105,train,1900,131146.699999916,1149251146.6999998,15,14,1,2,3784225.507885715,900887.2905227408,5037813.721559342,-67199.31566427767,52.5121844318159,13.39095633311,75.1296534912068,7.61567444549868,0
1106,train,1900,131146.899999916,1149251146.9,14,13,1,2,3784218.0646026763,900894.3684440289,5037784.451908561,-67229.84278965459,52.5121843911549,13.3909787351256,75.120510177886,7.59319574262067,0
1107,train,1900,131147.099999916,1149251147.1,13,12,1,3,3784199.298791005,900890.5269202051,5037777.334470462,-67254.1077317254,52.512184498016,13.3910010576779,75.1117992096212,7.5568215795198,0
1108,train,1900,131147.299999916,1149251147.3,15,13,1,2,3784204.6868327353,900889.413034094,5037803.040833156,-67246.56312636584,52.5121848273149,13.391023235715,75.103563179014,7.50515290628374,0
1109,train,1900,131147.499999916,1149251147.5,15,13,1,2,3784207.2582562077,900892.3820920954,5037801.97946054,-67256.52887968151,52.5121852285764,13.3910452481809,75.095810021708,7.44101854833091,0
1110,train,1900,131147.699999916,1149251147.6999998,14,13,1,2,3784205.3443254624,900893.8072147808,5037799.516576247,-67268.98049739405,52.5121857873997,13.3910670300088,75.0885433242582,7.36798140947385,0
1111,train,1900,131147.899999916,1149251147.9,14,13,1,2,3784204.7555482704,900895.5236313213,5037800.03412968,-67279.28436437923,52.5121863706508,13.3910885934243,75.0817868437095,7.28612844016325,0
1112,train,1900,131148.099999916,1149251148.1,14,12,1,2,3784208.432211136,900897.0168152984,5037797.483488603,-67290.60961668256,52.5121870624633,13.39110989514,75.0755634459894,7.19731231037011,0
1113,train,1900,131148.299999916,1149251148.3,15,13,1,2,3784204.3605336896,900898.3967214063,5037797.229337521,-67301.97750087976,52.5121878527702,13.3911309249318,75.0698913295622,7.10614524732922,0
1114,train,1900,131148.499999916,1149251148.5,15,13,1,2,3784203.5980119375,900900.0273721768,5037797.843817662,-67312.13425343506,52.5121886027251,13.3911516894548,75.0647863572251,7.0177372049279,0
1115,train,1900,131148.699999916,1149251148.6999998,15,13,1,2,3784200.2245847424,900902.691116906,5037793.413947518,-67326.43558302269,52.5121893994601,13.3911721997331,75.0602662725904,6.93177234547704,0
1116,train,1900,131148.899999916,1149251148.9,14,13,1,2,3784195.862033455,900903.6302913618,5037789.332626316,-67341.1667596863,52.5121901505649,13.3911924576196,75.0563498900999,6.84019420258283,0
1117,train,1900,131149.099999916,1149251149.1,15,13,1,2,3784194.4411327615,900905.0066217253,5037787.276435316,-67354.01359889588,52.5121909147613,13.3912124091924,75.0530547456284,6.72619248785066,0
1118,train,1900,131149.299999916,1149251149.3,13,13,1,2,3784193.383211196,900905.68785735,5037789.807905185,-67363.3103681261,52.5121917031081,13.3912319637386,75.0503972890612,6.56941916561063,0
1119,train,1900,131149.499999916,1149251149.5,14,13,1,2,3784193.5097734737,900908.672498436,5037788.818418851,-67374.16131576464,52.5121924741858,13.3912509684203,75.0483916592065,6.35823001502625,0
1120,train,1900,131149.699999916,1149251149.6999998,14,13,1,2,3784192.3672114504,900909.6611221097,5037786.137033155,-67387.30444762911,52.5121934011548,13.3912692755384,75.0470455112635,6.09590453673632,0
1121,train,1900,131149.899999916,1149251149.9,14,13,1,2,3784192.2127575437,900910.9355999607,5037789.20538677,-67395.82834779324,52.5121943664761,13.3912867447734,75.0463559000778,5.79759805043957,0
1122,train,1900,131150.099999916,1149251150.1,14,13,1,2,3784192.759536117,900914.0918087278,5037790.378667459,-67403.94166188117,52.5121952893997,13.3913032898169,75.046309425563,5.48223739349617,0
1123,train,1900,131150.299999916,1149251150.3,14,13,1,2,3784190.0772839356,900916.0472475115,5037791.252213877,-67413.73393828365,52.512196321924,13.3913188984527,75.0468809065254,5.16427138287695,0
1124,train,1900,131150.499999916,1149251150.5,14,13,1,2,3784191.781992918,900916.9549075637,5037795.401055464,-67421.30137096977,52.5121971333952,13.3913335764443,75.0480305356292,4.84423667872672,0
1125,train,1900,131150.699999916,1149251150.6999998,14,13,1,2,3784190.7277051625,900916.0827623822,5037793.441751162,-67433.98104792846,52.512197856928,13.391347310899,75.0497073992774,4.50990661247164,0
1126,train,1900,131150.999999916,1149251151.0,14,13,1,2,3784190.414076617,900918.5262676257,5037788.801925422,-67452.13287268797,52.5121988504766,13.3913659770717,75.0530825655254,3.95623519331972,0
1127,train,1900,131151.199999916,1149251151.1999998,14,12,1,2,3784188.0982755944,900924.1943210845,5037768.802512021,-67475.73231328932,52.5121994255677,13.3913770052566,75.0558140088627,3.55366216335077,0
1128,train,1900,131151.399999916,1149251151.4,14,13,1,2,3784189.6825505057,900921.1502202573,5037789.132922615,-67473.43433240861,52.512199768255,13.3913868443143,75.0588563389992,3.14003579983827,0
1129,train,1900,131151.599999916,1149251151.6,14,13,1,2,3784188.241609358,900921.0968698373,5037790.518582428,-67484.16712387829,52.5122000932488,13.3913954716216,75.0621498715542,2.73415003996603,0
1130,train,1900,131151.799999916,1149251151.8,14,13,1,2,3784191.660785948,900922.4269767862,5037793.021613868,-67491.54328956464,52.5122002398624,13.3914029316144,75.0656402884713,2.35190876168084,0
1131,train,1900,131151.999999916,1149251152.0,15,14,1,2,3784207.844790573,900925.447531159,5037798.687370531,-67490.07890854427,52.5122002012631,13.3914093296374,75.0692796191791,1.99530257764371,0
1132,train,1900,131152.199999916,1149251152.1999998,16,14,1,2,3784204.2720898795,900924.0428446487,5037795.473930524,-67504.24424555952,52.5122001300078,13.3914146887147,75.0730266849079,1.65429289483103,0
1133,train,1900,131152.399999916,1149251152.4,15,14,1,2,3784200.805642782,900923.1809779549,5037793.205807139,-67518.21894388019,52.5121999528194,13.3914190551334,75.0768468191741,1.31830778323659,0
1134,train,1900,131152.599999916,1149251152.6,15,14,1,2,3784198.43803348,900925.0109533055,5037791.443650838,-67530.18111043244,52.5121998768791,13.391422430349,75.080712382943,0.991646392441532,0
1135,train,1900,131152.799999916,1149251152.8,14,13,1,2,3784197.401266391,900924.4321953688,5037789.387833144,-67543.05963405585,52.5121997818157,13.3914248884114,75.0846019483207,0.693044693967414,0
1136,train,1900,131152.999999916,1149251153.0,15,13,1,2,3784197.925599055,900923.236769879,5037787.410909217,-67555.4383120269,52.5121997161378,13.3914265303346,75.0884986076583,0.441449037479914,0
1137,train,1900,131153.199999916,1149251153.1999998,15,13,1,2,3784195.8538930374,900923.6738334987,5037782.523051889,-67570.04717825651,52.5121997299357,13.3914275176198,75.0923888350027,0.245874189216871,0
1138,train,1900,131153.399999916,1149251153.4,14,13,1,2,3784192.1863622507,900923.4845101673,5037781.680195016,-67582.53679935697,52.5121996417211,13.3914280202436,75.096260844075,0.107638810984269,0
1139,train,1900,131153.599999916,1149251153.6,14,13,1,2,3784190.339907529,900923.6266410315,5037782.227397471,-67593.19921351295,52.5121997101698,13.3914275529191,75.1001046135233,0.0273030243782042,1
1140,train,1900,131153.799999916,1149251153.8,15,14,1,2,3784188.155128701,900922.950526586,5037782.036240819,-67605.0928021642,52.5121997761445,13.3914274979693,75.1039102137263,-0.0061474297254431,1
1141,train,1900,131153.999999916,1149251154.0,15,14,1,2,3784186.59548771,900923.0953816274,5037782.736055265,-67615.92799169754,52.5121997282539,13.3914275089377,75.1076776122277,-0.0151905015201487,1
1142,train,1900,131154.199999916,1149251154.1999998,15,14,1,2,3784184.929656733,900922.9244126488,5037779.382074284,-67629.10987347979,52.5121997168065,13.3914275643573,75.1114127018877,-0.0140927372053699,1
1143,train,1900,131154.399999916,1149251154.4,15,14,1,2,3784185.606159444,900923.2850873062,5037778.95779755,-67639.71920473324,52.5121996909379,13.3914274718883,75.115128527898,-0.0126558720106912,1
1144,train,1900,131154.599999916,1149251154.6,15,14,1,2,3784184.5728442636,900923.5255924535,5037777.833355247,-67650.85250413883,52.512199691001,13.3914275031604,75.1188558878923,-0.0122727157483525,1
1145,train,1900,131154.799999916,1149251154.8,15,14,1,2,3784184.2715746807,900923.6409734639,5037776.04138038,-67662.63100786471,52.5121996418135,13.3914275438678,75.1226252158141,-0.0115705502943176,1
1146,train,1900,131154.999999916,1149251155.0,15,14,1,2,3784183.6841261103,900924.1323700119,5037774.492067995,-67674.33247063831,52.5121996508299,13.3914274807381,75.1264590359063,-0.0094865912752137,1
1147,train,1900,131155.199999916,1149251155.1999998,15,14,1,2,3784183.451888695,900923.7605607973,5037774.663656449,-67684.75404305376,52.5121995791929,13.3914276171657,75.1303762368231,-0.0064442901144508,1
1148,train,1900,131155.399999916,1149251155.4,15,14,1,2,3784183.591593354,900923.9051883148,5037776.067621461,-67694.0889556215,52.5121996756795,13.3914274958245,75.1343929091473,-0.0037892613232317,1
1149,train,1900,131155.599999916,1149251155.6,15,14,1,2,3784182.8270626683,900923.7693041177,5037776.222565509,-67704.51217422237,52.5121996328777,13.3914274687656,75.1385161083391,-0.001590761761677,1
1150,train,1900,131155.799999916,1149251155.8,15,14,1,2,3784184.332660419,900924.163896412,5037778.751143022,-67712.86511606837,52.51219960846,13.3914275397653,75.1427384860469,0.0001854071458935,1
1151,train,1900,131155.999999916,1149251156.0,15,14,1,2,3784185.029025281,900924.3515778439,5037778.579079796,-67722.72443647115,52.5121996204472,13.3914275851631,75.1470440698798,0.0009869177639162,1
1152,train,1900,131156.199999916,1149251156.1999998,15,14,1,2,3784184.7170458753,900924.7124486178,5037777.390954074,-67733.67417162734,52.5121996074335,13.3914275023646,75.1514151921412,1.54452800648045e-05,1
1153,train,1900,131156.399999916,1149251156.4,15,14,1,2,3784184.5987248933,900924.6725566054,5037777.044701409,-67744.07209532101,52.5121995819429,13.3914275168443,75.1558274250958,-0.0025885428078738,1
1154,train,1900,131156.599999916,1149251156.6,15,14,1,2,3784184.919901222,900924.9241711644,5037778.283728692,-67753.63355151491,52.5121995690617,13.3914275038627,75.1602472841166,-0.0066350854273128,1
1155,train,1900,131156.799999916,1149251156.8,15,14,1,2,3784185.0808900916,900925.3088217037,5037777.8871452985,-67764.00398149277,52.5121996133587,13.3914274290338,75.1646278964059,-0.011289065344881,1
1156,train,1900,131156.999999916,1149251157.0,15,14,1,2,3784185.8848536583,900925.0872516204,5037778.981955002,-67773.74459072218,52.5121994269587,13.3914271979901,75.1689152175881,-0.0149931172978691,1
1157,train,1900,131157.199999916,1149251157.1999998,15,14,1,2,3784186.3960817014,900925.7728154318,5037780.0451693935,-67783.26765068504,52.5121994623591,13.3914270732627,75.1730464957944,-0.0160247481591055,1
1158,train,1900,131157.399999916,1149251157.4,15,14,1,2,3784186.855307009,900925.6433282156,5037781.358336508,-67792.69749008035,52.5121994478512,13.3914270717192,75.1769689836185,-0.0151113719543033,1
1159,train,1900,131157.599999916,1149251157.6,15,14,1,2,3784187.7381448476,900925.5939312062,5037783.229766219,-67801.2609806711,52.5121994314747,13.3914269508873,75.1806507333027,-0.0130962963036185,1
1160,train,1900,131157.799999916,1149251157.8,15,14,1,2,3784188.3147317288,900925.0338549681,5037783.552667904,-67811.36570631545,52.512199421408,13.3914268246298,75.1840681152578,-0.0104791320439158,1
1161,train,1900,131157.999999916,1149251158.0,15,14,1,2,3784188.9339476572,900925.3401989543,5037785.3363629365,-67820.25786832502,52.5121993580258,13.3914270008667,75.187205926806,-0.0072826757002447,1
1162,train,1900,131158.199999916,1149251158.1999998,15,14,1,2,3784189.0956159495,900925.233344194,5037784.446856814,-67831.22699807225,52.5121994276942,13.3914269434171,75.1900572928832,-0.0035473851880612,1
1163,train,1900,131158.399999916,1149251158.4,15,14,1,2,3784189.1721787816,900925.3842765121,5037784.27290091,-67841.71167659886,52.5121995229778,13.3914270386682,75.1926209796831,5.4575069679679e-05,1
1164,train,1900,131158.599999916,1149251158.6,15,14,1,2,3784188.8602935136,900924.6015544768,5037784.47822885,-67852.2314780223,52.5121995377904,13.3914269464674,75.1948999208691,0.0021790300971594,1
1165,train,1900,131158.799999916,1149251158.8,15,14,1,2,3784188.9345567063,900924.387538402,5037785.745126857,-67861.89909573764,52.5121995356025,13.3914269732534,75.1968997775805,0.0024855091707249,1
1166,train,1900,131158.999999916,1149251159.0,15,14,1,2,3784188.821042637,900924.645083025,5037786.005601431,-67872.1726302992,52.5121994274899,13.3914269684088,75.1986148878339,0.0021365267926421,1
1167,train,1900,131159.199999916,1149251159.1999998,15,14,1,2,3784189.6426875414,900924.4557813907,5037787.911613466,-67880.93565095594,52.5121993959298,13.3914269813818,75.2000289515715,0.0022285373196288,1
1168,train,1900,131159.399999916,1149251159.4,15,14,1,2,3784189.833540755,900925.1656352202,5037789.465735142,-67890.08231905007,52.5121994353,13.3914269824196,75.2011455329712,0.0030558882666284,1
1169,train,1900,131159.599999916,1149251159.6,15,14,1,2,3784189.4860971663,900925.5516661751,5037788.90019244,-67900.81079721697,52.5121994763673,13.3914270077766,75.2019707411405,0.0051112139426469,1
1170,train,1900,131159.799999916,1149251159.8,15,14,1,2,3784188.855841865,900926.189848547,5037785.850533313,-67913.28386539416,52.5121995411703,13.3914270481263,75.2025121331403,0.0087466132779111,1
1171,train,1900,131159.999999916,1149251160.0,15,14,1,2,3784188.737610911,900926.5387495803,5037784.259408942,-67924.82837281097,52.5121994902147,13.3914270688688,75.202778111776,0.014385019649962,1
1172,train,1900,131160.199999916,1149251160.1999998,15,14,1,2,3784188.7127898475,900926.3507070141,5037784.209850903,-67935.25786643963,52.51219951177,13.3914271286748,75.2027749201768,0.0216500483722889,1
1173,train,1900,131160.399999916,1149251160.4,15,14,1,2,3784188.274109382,900926.5665946319,5037782.571227416,-67946.77490534754,52.5121994326195,13.3914272555483,75.2025138365219,0.0301168319991135,1
1174,train,1900,131160.599999916,1149251160.6,15,14,1,2,3784188.2249910566,900926.5229868995,5037782.138581756,-67957.44374423074,52.512199468509,13.3914273717361,75.2020079497476,0.0390740469729019,1
1175,train,1900,131160.799999916,1149251160.8,15,14,1,2,3784187.998815451,900926.7727569229,5037781.353083645,-67968.32112645988,52.5121994714095,13.3914275439174,75.2012666585926,0.0473664152260211,1
1176,train,1900,131160.999999916,1149251161.0,15,14,1,2,3784187.9621185083,900926.8178734771,5037781.262929885,-67978.7465465889,52.5121995481032,13.3914277074487,75.2002989470981,0.0543271970874361,1
1177,train,1900,131161.199999916,1149251161.1999998,15,14,1,2,3784187.96919568,900926.8684077789,5037781.804314016,-67988.84207903454,52.5121995920305,13.3914279175573,75.1991191688137,0.060851773646297,1
1178,train,1900,131161.399999916,1149251161.4,15,14,1,2,3784188.263839243,900926.4328054423,5037783.9780474175,-67997.83189082683,52.512199540611,13.3914280892579,75.197744758211,0.0717331068643371,1
1179,train,1900,131161.599999916,1149251161.6,15,14,1,2,3784188.817469385,900925.90145667,5037786.950700131,-68006.26476901735,52.5121995523569,13.3914283473787,75.1961929575057,0.0971788751329469,1
1180,train,1900,131161.799999916,1149251161.8,16,14,1,2,3784189.6274510403,900925.2132023744,5037790.858479797,-68014.02846287256,52.5121995145488,13.3914287034224,75.1944792499543,0.147103582635494,0
1181,train,1900,131161.999999916,1149251162.0,16,14,1,2,3784189.959809007,900924.9149972601,5037792.793723686,-68023.15437587112,52.5121994911729,13.3914292389681,75.1926150986076,0.218370886664442,0
1182,train,1900,131162.199999916,1149251162.1999998,15,14,1,2,3784189.567207713,900924.8410019951,5037792.512408024,-68033.8380851606,52.5121994913073,13.391429988227,75.1906055393044,0.293761845933324,0
1183,train,1900,131162.399999916,1149251162.4,15,14,1,2,3784189.061947729,900925.1267504065,5037791.429823677,-68045.13218920659,52.5121994478873,13.3914309386971,75.1884575401165,0.352796222084542,0
1184,train,1900,131162.599999917,1149251162.6,14,13,1,2,3784182.8768768404,900929.7626658499,5037761.828569714,-68075.88961242164,52.5121993197831,13.3914320225584,75.1861816820477,0.384292229522475,0
1185,train,1900,131162.799999917,1149251162.8,14,13,1,2,3784182.3810060243,900928.3433816675,5037762.876001839,-68086.28173901507,52.5121992669358,13.3914331459038,75.1837937693726,0.378953941563295,0
1186,train,1900,131162.999999917,1149251163.0,14,13,1,2,3784182.699693737,900929.276150968,5037761.665127409,-68096.93456515083,52.5121992793235,13.3914341803974,75.1813148702674,0.329097567564519,0
1187,train,1900,131163.199999917,1149251163.1999998,14,13,1,2,3784182.124233407,900927.5883047536,5037762.705026345,-68107.39869800779,52.512199226065,13.3914350141999,75.1787732825384,0.239662785038728,0
1188,train,1900,131163.399999917,1149251163.4,15,14,1,2,3784186.55480717,900922.5104749603,5037787.867051355,-68101.25367300649,52.5121991954312,13.3914355619589,75.1762003804794,0.13605436054148,0
1189,train,1900,131163.599999917,1149251163.6,15,14,1,2,3784185.6925626528,900922.8423375642,5037785.518777755,-68113.36805368117,52.5121992931305,13.3914357442032,75.1736237132888,0.0549705521653374,1
1190,train,1900,131163.799999917,1149251163.8,15,14,1,2,3784185.000020772,900922.4620898071,5037784.6229793355,-68124.90738080324,52.5121993414824,13.3914354927177,75.1710629848007,0.0110828465800783,1
1191,train,1900,131163.999999917,1149251164.0,15,14,1,2,3784185.141781952,900923.1365861661,5037784.913032423,-68134.99010589613,52.5121993787449,13.3914357089328,75.168545191534,-0.0042203744237764,1
1192,train,1900,131164.199999917,1149251164.1999998,15,14,1,2,3784185.223548983,900923.3849229055,5037786.468932074,-68144.69067671151,52.5121994285615,13.391435725596,75.1660960714968,-0.0057051679212159,1
1193,train,1900,131164.399999917,1149251164.4,15,14,1,2,3784184.839650494,900923.5805068505,5037786.466298786,-68155.64560022221,52.5121994264555,13.3914356304146,75.16373785079,-0.0048057623846821,1
1194,train,1900,131164.599999917,1149251164.6,15,14,1,2,3784184.091159858,900923.4969065121,5037784.9210384125,-68167.58886920805,52.5121993867744,13.391435654068,75.1614746835417,-0.0042734219654992,1
1195,train,1900,131164.799999917,1149251164.8,15,14,1,2,3784183.7304616873,900924.1234431699,5037782.722436196,-68179.34082775183,52.512199348559,13.3914357521533,75.1592931865632,-0.0038519428992265,1
1196,train,1900,131164.999999917,1149251165.0,16,15,1,2,3784180.746581414,900920.5597123204,5037781.04039162,-68193.19434736251,52.5121995328992,13.3914356909743,75.1571853391625,-0.0032199795107725,1
1197,train,1900,131165.199999917,1149251165.1999998,16,15,1,2,3784180.5671018115,900921.2208195975,5037779.68057278,-68204.75221931255,52.5121996009478,13.391435702076,75.155147711955,-0.0015172539931071,1
1198,train,1900,131165.399999917,1149251165.4,16,15,1,2,3784180.761364485,900921.1560250123,5037779.07510388,-68215.35533271992,52.5121995186257,13.3914356890391,75.15317842375,0.0025700619028861,1
1199,train,1900,131165.599999917,1149251165.6,16,15,1,2,3784181.0944916,900922.1863926,5037780.891787451,-68224.19081751352,52.512199496266,13.3914357016006,75.1512745910334,0.0103305299586614,1
1200,train,1900,131165.799999917,1149251165.8,16,15,1,2,3784181.3792462,900922.8587391232,5037781.235207504,-68234.19027381315,52.5121995857145,13.3914357687516,75.1494336681322,0.0222770028343383,1
1201,train,1900,131165.999999917,1149251166.0,16,15,1,2,3784182.0890044733,900923.3384238189,5037781.09070569,-68243.91374336308,52.5121998585453,13.3914359086058,75.1476565900796,0.038225907078357,1
1202,train,1900,131166.199999917,1149251166.1999998,16,15,1,2,3784182.6333429012,900923.1902066378,5037782.945090754,-68253.00517412262,52.5121998696071,13.3914360173261,75.1459410196041,0.0586629630622633,1
1203,train,1900,131166.399999917,1149251166.4,16,15,1,2,3784182.9138570703,900922.7628091483,5037783.425245214,-68262.62963532662,52.5121999188929,13.3914362430549,75.1442749890103,0.0886115953597226,1
1204,train,1900,131166.599999917,1149251166.6,16,15,1,2,3784183.5895323767,900922.6177265904,5037786.516849989,-68270.54136095109,52.5121998398811,13.3914365678387,75.1426297715752,0.137395836514391,0
1205,train,1900,131166.799999917,1149251166.8,16,15,1,2,3784183.602602332,900923.4897602064,5037785.818859435,-68280.19019173397,52.5121998241094,13.3914370671178,75.1409697725039,0.207157149087835,0
1206,train,1900,131166.999999917,1149251167.0,15,14,1,2,3784184.483630255,900924.7216977134,5037782.261099765,-68292.00664972478,52.5121998229126,13.391437773859,75.1392732884118,0.279591187269115,0
1207,train,1900,131167.199999917,1149251167.1999998,15,14,1,2,3784183.169410564,900925.6882411932,5037775.590354291,-68306.72831932055,52.5121997619531,13.3914386609628,75.1375382723527,0.325705862485639,0
1208,train,1900,131167.399999917,1149251167.4,15,14,1,2,3784183.359101801,900925.5115857548,5037775.850720178,-68316.81603254231,52.5121998061158,13.3914396299091,75.1357673896062,0.333563269441245,0
1209,train,1900,131167.599999917,1149251167.6,15,14,1,2,3784184.157265589,900923.2158105643,5037780.727954025,-68324.78705882376,52.5121997971245,13.3914405736921,75.1339642366543,0.311783423030532,0
1210,train,1900,131167.799999917,1149251167.8,15,14,1,2,3784185.4151376993,900924.5360300033,5037780.658927561,-68333.89596014522,52.5121996574632,13.3914414329637,75.1321346796136,0.278269804671999,0
1211,train,1900,131167.999999917,1149251168.0,15,14,1,2,3784185.759265096,900922.9235465169,5037785.117827889,-68341.78514844553,52.5121995777776,13.3914422047574,75.1302862285778,0.247891090479184,0
1212,train,1900,131168.199999917,1149251168.1999998,16,14,1,2,3784187.0009315764,900924.1933292078,5037790.290487609,-68348.74899195909,52.5121995280097,13.3914428908193,75.128428843012,0.230128715644922,0
1213,train,1900,131168.399999917,1149251168.4,16,14,1,2,3784186.6879516994,900924.5203985526,5037786.996243558,-68360.67890941467,52.5121995351179,13.3914435487618,75.1265737695057,0.228506253130765,0
1214,train,1900,131168.599999917,1149251168.6,16,14,1,2,3784185.334327365,900922.4855563599,5037785.96702764,-68373.43800374806,52.5121995602292,13.3914442300501,75.1247332118654,0.240565750722264,0
1215,train,1900,131168.799999917,1149251168.8,15,14,1,2,3784185.254389378,900925.1982831805,5037783.52112296,-68384.70916994759,52.5121996046857,13.3914449426199,75.1229199660493,0.264523431237164,0
1216,train,1900,131168.999999917,1149251169.0,15,14,1,2,3784184.5378338345,900924.8413945716,5037781.836046251,-68396.55380988577,52.512199627635,13.3914457522138,75.1211480523849,0.298308262257206,0
1217,train,1900,131169.199999917,1149251169.1999998,15,14,1,2,3784185.7015955015,900926.9131677856,5037785.622665442,-68403.64030980186,52.512199527211,13.3914466876626,75.119433362392,0.339224949247761,0
1218,train,1900,131169.399999917,1149251169.4,16,14,1,2,3784185.5246801632,900925.0372236889,5037784.236444951,-68415.52149374447,52.5121993968189,13.3914477383465,75.1177933202181,0.384865671584669,0
1219,train,1900,131169.599999917,1149251169.6,16,14,1,2,3784185.4840099574,900926.9522334683,5037784.514531555,-68425.3181356947,52.512199324097,13.3914489280838,75.1162467662273,0.432370144785054,0
1220,train,1900,131169.799999917,1149251169.8,17,15,1,2,3784184.711381395,900927.2449929545,5037786.275595805,-68434.74457691563,52.5121991790418,13.3914502691347,75.1148126603808,0.484168020864401,0
1221,train,1900,131169.999999917,1149251170.0,17,15,1,2,3784185.062207657,900928.9449005825,5037787.285136577,-68443.8817474316,52.5121990305451,13.391451770336,75.1135096461389,0.550625603944051,0
1222,train,1900,131170.199999917,1149251170.1999998,16,14,1,2,3784186.125723927,900932.433992354,5037785.997549621,-68453.3424115164,52.5121989147457,13.3914535024721,75.112355147764,0.642775322568655,0
1223,train,1900,131170.399999917,1149251170.4,16,14,1,2,3784185.258142763,900930.5146736732,5037783.46853398,-68466.18132487655,52.5121987023171,13.3914555494537,75.1113645887194,0.764447919382199,0
1224,train,1900,131170.599999917,1149251170.6,15,14,1,2,3784185.483679471,900930.5945913967,5037785.692669298,-68474.7834569485,52.512198427375,13.3914579928293,75.1105508875933,0.909686411047618,0
1225,train,1900,131170.799999917,1149251170.8,15,14,1,2,3784185.769652979,900930.2662603923,5037786.44713495,-68484.8871512713,52.5121981918008,13.3914608783765,75.10992314544,1.06678470665374,0
1226,train,1900,131171.099999917,1149251171.1,15,14,1,2,3784187.6877523614,900927.1622840299,5037793.856679004,-68496.30129258502,52.5121978709688,13.3914660945789,75.1093371926915,1.30875543703959,0
1227,train,1900,131171.299999917,1149251171.3,15,14,1,2,3784187.6065699994,900926.3034127414,5037792.876252646,-68507.50200363883,52.5121976439113,13.3914701800905,75.1091753608322,1.48013635850422,0
1228,train,1900,131171.499999917,1149251171.5,15,14,1,2,3784186.522740855,900926.0041852194,5037795.925196846,-68516.88445741269,52.5121975576333,13.3914748150601,75.1091707680769,1.67134194626339,0
1229,train,1900,131171.699999917,1149251171.6999998,16,14,1,2,3784186.3343795897,900925.8439485502,5037796.664400185,-68526.88954739264,52.5121975718606,13.3914800403361,75.1093031995186,1.89089192640553,0
1230,train,1900,131171.899999917,1149251171.9,16,14,1,2,3784185.5049795667,900923.6057335539,5037796.627877797,-68538.12410078844,52.51219765995,13.3914859496504,75.1095468257055,2.13446618830048,0
1231,train,1900,131172.099999917,1149251172.1,16,14,1,2,3784186.726140877,900927.4779187075,5037795.505436655,-68546.90004075092,52.5121981477511,13.3914925283911,75.1098670777435,2.38178107178034,0
1232,train,1900,131172.299999917,1149251172.3,16,14,1,2,3784185.0340335397,900927.6211948128,5037790.149859627,-68561.27181460492,52.5121989329602,13.3914996738499,75.1102214808829,2.60368816265804,0
1233,train,1900,131172.499999917,1149251172.5,16,14,1,2,3784184.772092514,900929.7942454708,5037784.297759033,-68575.00148304086,52.5122003710057,13.3915071743092,75.110559851598,2.77363488983402,0
1234,train,1900,131172.699999917,1149251172.6999998,16,14,1,2,3784182.356957259,900930.1452335047,5037779.570297152,-68589.03258110999,52.5122023014692,13.3915147328446,75.1108236318194,2.88183731001572,0
1235,train,1900,131172.999999917,1149251173.0,16,14,1,2,3784179.4983701985,900928.8247190777,5037778.517792962,-68607.03396974439,52.5122061735248,13.3915255561873,75.1109419878007,2.9616130158854,0
1236,train,1900,131173.199999917,1149251173.1999998,16,14,1,2,3784178.536636576,900928.8132840563,5037780.521866776,-68616.24369097968,52.512209280642,13.39153220944,75.1107510198281,3.0113469589094,0
1237,train,1900,131173.399999917,1149251173.4,16,14,1,2,3784176.8811026164,900926.4687111423,5037779.180239678,-68628.85433344245,52.5122129976969,13.3915382671561,75.1102889790932,3.09399826253023,0
1238,train,1900,131173.599999917,1149251173.6,16,14,1,2,3784178.03810222,900926.301341867,5037784.166778256,-68635.6701886701,52.5122172253286,13.3915437167794,75.109523778989,3.21682237229006,0
1239,train,1900,131173.799999917,1149251173.8,16,14,1,2,3784179.7208049046,900925.723540935,5037787.878815001,-68643.57271622062,52.5122220331526,13.3915484886876,75.1084392874935,3.36879727712298,0
1240,train,1900,131173.999999917,1149251174.0,16,14,1,2,3784178.9744894495,900924.7581870178,5037786.570869271,-68655.8451551671,52.5122274756769,13.3915524581584,75.1070343938325,3.53109627235186,0
1241,train,1900,131174.199999917,1149251174.1999998,15,14,1,2,3784178.5513273343,900924.1380767555,5037784.787593514,-68667.86957472617,52.5122333265231,13.3915555260729,75.105322473272,3.69054361926749,0
1242,train,1900,131174.399999917,1149251174.4,15,14,1,2,3784177.8356751176,900923.349124523,5037784.757962656,-68678.87329511998,52.5122396416225,13.39155760911,75.1033287243733,3.83737934450081,0
1243,train,1900,131174.599999917,1149251174.6,15,14,1,2,3784179.654096633,900924.206224476,5037787.936024564,-68686.26355810922,52.5122463107121,13.3915586566377,75.1010875533929,3.96550444788277,0
1244,train,1900,131174.799999917,1149251174.8,15,14,1,2,3784178.8893884104,900924.5210953676,5037789.531160549,-68695.8118460682,52.5122533617167,13.3915587288067,75.0986411729115,4.07325738104853,0
1245,train,1900,131174.999999917,1149251175.0,15,14,1,2,3784178.619096717,900922.6204405004,5037791.804038651,-68705.19123834978,52.5122604796428,13.3915579769178,75.0960381414788,4.16391196341595,0
1246,train,1900,131175.199999917,1149251175.1999998,15,14,1,2,3784179.021564712,900921.4320348385,5037791.5093128905,-68716.36662987713,52.5122679675764,13.3915565855552,75.0933313167466,4.24460284010365,0
1247,train,1900,131175.399999917,1149251175.4,14,14,1,2,3784178.335279161,900921.1614537972,5037787.711744438,-68729.29270316799,52.512275292821,13.3915548041062,75.0905756550715,4.32997314129577,0
1248,train,1900,131175.599999917,1149251175.6,15,14,1,2,3784178.6359056532,900921.1776169012,5037790.52523608,-68738.09173731522,52.512282899728,13.3915528020709,75.0878260475022,4.43002798562103,0
1249,train,1900,131175.799999917,1149251175.8,15,14,1,2,3784180.2093114927,900920.9735325128,5037793.167337868,-68746.06950535763,52.5122907364569,13.3915507369239,75.0851364684046,4.54895766135763,0
1250,train,1900,131175.999999917,1149251176.0,15,14,1,2,3784179.027350362,900923.5736207619,5037790.339743351,-68758.87031892626,52.5122987312915,13.391548688739,75.0825588124061,4.68390467279156,0
1251,train,1900,131176.199999917,1149251176.1999998,14,14,1,2,3784176.4616581923,900923.1534653249,5037786.260539227,-68772.42645310258,52.5123071391112,13.391546698953,75.0801399939033,4.82893147280434,0
1252,train,1900,131176.399999917,1149251176.4,15,14,1,2,3784176.3740380867,900923.0722108742,5037786.947043106,-68782.6745372666,52.512315660265,13.391544759196,75.0779202967376,4.97806783842842,0
1253,train,1900,131176.599999917,1149251176.6,15,14,1,2,3784175.841383332,900923.4427299427,5037785.825696245,-68793.69101536683,52.5123244943213,13.3915428640191,75.0759325604725,5.12524938220469,0
1254,train,1900,131176.799999917,1149251176.8,15,14,1,2,3784175.1832109108,900923.0186959252,5037784.419815395,-68804.88270031362,52.5123336283658,13.3915410007749,75.0742020205435,5.26144782811928,0
1255,train,1900,131176.999999917,1149251177.0,16,14,1,2,3784175.1621610452,900921.3323291519,5037788.356323392,-68813.09684349473,52.5123429957443,13.3915391726764,75.0727469840177,5.37768927084493,0
1256,train,1900,131177.199999917,1149251177.1999998,16,14,1,2,3784174.1326174173,900923.373642149,5037786.3843358755,-68825.36238556409,52.512352521159,13.3915373771337,75.0715787751741,5.46809127601497,0
1257,train,1900,131177.399999917,1149251177.4,16,14,1,2,3784173.199503359,900923.3755555038,5037784.799277228,-68836.06887972965,52.5123622523321,13.3915355948378,75.0707038094022,5.53059919159507,0
1258,train,1900,131177.599999917,1149251177.6,16,14,1,2,3784172.515100074,900926.0410322718,5037784.474289761,-68846.42962980625,52.5123720461174,13.3915338386558,75.0701255448775,5.569122205979,0
1259,train,1900,131177.799999917,1149251177.8,15,14,1,2,3784172.284373174,900925.9810288658,5037787.115693153,-68855.48665596837,52.5123818164961,13.3915321015357,75.0698464161839,5.59279605020139,0
1260,train,1900,131177.999999917,1149251178.0,15,14,1,2,3784171.3231683834,900927.6327641207,5037786.961012196,-68864.82585370602,52.5123916814386,13.3915303984519,75.0698692692453,5.61306550975461,0
1261,train,1900,131178.199999917,1149251178.1999998,13,13,1,2,3784170.2773525086,900931.4182838261,5037787.463584645,-68874.4401011138,52.5124015270474,13.3915287040885,75.0701981244858,5.64225457881444,0
1262,train,1900,131178.399999917,1149251178.4,14,13,1,2,3784171.0077368,900933.1534749483,5037790.230571734,-68880.73221255813,52.5124113459107,13.3915275534428,75.0708393655845,5.69749285809296,0
1263,train,1900,131178.599999917,1149251178.6,14,13,1,2,3784171.1266444237,900932.5319427606,5037795.381134224,-68887.82544907555,52.5124213392708,13.3915258296262,75.0718005599387,5.78186843727651,0
1264,train,1900,131178.799999917,1149251178.8,14,13,1,2,3784168.3374010343,900935.2749055978,5037795.286008106,-68899.22680120874,52.5124316742822,13.3915240588707,75.0730914577183,5.89062645946658,0
1265,train,1900,131178.999999917,1149251179.0,14,13,1,2,3784170.088804354,900934.5692812749,5037801.908235537,-68904.44126531649,52.5124421299311,13.3915222412643,75.0747227304897,6.0168902397185,0
1266,train,1900,131179.199999917,1149251179.1999998,14,13,1,2,3784168.612192487,900937.4956867825,5037802.745980601,-68914.4427130221,52.5124528486165,13.3915203820531,75.0767040951372,6.15201185942926,0
1267,train,1900,131179.399999917,1149251179.4,14,13,1,2,3784167.84518468,900940.0946981015,5037804.914916119,-68922.96703256441,52.5124637405032,13.3915185720037,75.0790437211914,6.29088700077471,0
1268,train,1900,131179.599999917,1149251179.6,14,13,1,2,3784169.01335981,900941.6600889057,5037809.315850539,-68929.24895150772,52.5124749835068,13.3915166055248,75.0817467877095,6.42966255079424,0
1269,train,1900,131179.799999917,1149251179.8,13,13,1,2,3784168.172082285,900945.847336984,5037809.447481181,-68938.72118697295,52.5124862360507,13.3915147194535,75.0848137618407,6.56295245712742,0
1270,train,1900,131179.999999917,1149251180.0,13,13,1,2,3784165.4015799207,900946.8063260083,5037813.267768308,-68948.31134923206,52.5124979033486,13.3915126555763,75.0882383776273,6.68555913746079,0
1271,train,1900,131180.199999917,1149251180.1999998,13,13,1,2,3784165.593779997,900947.0350404261,5037816.706710224,-68955.77817142528,52.5125098529798,13.3915105430058,75.0920067692373,6.7917526478974,0
1272,train,1900,131180.399999917,1149251180.4,13,13,1,2,3784164.902299041,900949.6329969413,5037818.373086064,-68964.57415470883,52.5125218362496,13.3915084418075,75.096096884668,6.87811917072438,0
1273,train,1900,131180.599999917,1149251180.6,13,13,1,2,3784164.6614341293,900952.52551204,5037820.16178002,-68973.42766828206,52.5125340427758,13.391506244059,75.1004786850551,6.94192599251077,0
1274,train,1900,131180.799999918,1149251180.8,12,12,1,3,3784156.3886014093,900936.0001227265,5037819.339524965,-68994.33614307031,52.512546401471,13.3915040409766,75.1051136813707,6.9842871624652,0
1275,train,1900,131180.999999918,1149251181.0,12,11,1,2,3784156.9120743284,900935.69344688,5037830.863424017,-68997.50605814214,52.5125586878729,13.3915018430306,75.1099544019904,7.01140325920366,0
1276,train,1900,131181.199999918,1149251181.1999998,12,12,1,2,3784152.6455092803,900938.1842133935,5037821.592965424,-69015.38616718494,52.5125709054646,13.3914997293099,75.114944238344,7.03062137245396,0
1277,train,1900,131181.399999918,1149251181.4,12,12,1,2,3784151.449077095,900939.9415616619,5037821.629097115,-69026.03170258712,52.5125831991519,13.3914975165509,75.1200221266343,7.04490500823512,0
1278,train,1900,131181.599999918,1149251181.6,12,11,1,3,3784147.1554424786,900905.9666524392,5037801.678533388,-69062.0648181498,52.5125955733815,13.3914952978778,75.1251334020614,7.05508333526489,0
1279,train,1900,131181.799999918,1149251181.8,12,11,1,2,3784146.6813928545,900907.2097996002,5037805.553897145,-69070.10311533585,52.5126081559651,13.3914930770782,75.1302301605012,7.06060008674675,0
1280,train,1900,131181.999999918,1149251182.0,12,11,1,2,3784145.9119324517,900904.2659119809,5037806.2838435965,-69080.6156606672,52.5126205185631,13.3914908549076,75.1352704430321,7.06092549062067,0
1281,train,1900,131182.199999918,1149251182.1999998,12,11,1,2,3784145.8937946833,900902.4906522706,5037808.580539639,-69089.65037540217,52.5126330351148,13.3914886391706,75.1402191785723,7.05710543576244,0
1282,train,1900,131182.399999918,1149251182.4,12,11,1,2,3784144.3065828662,900902.0082282689,5037807.474014817,-69101.07785542711,52.5126454591734,13.3914864505981,75.1450511878006,7.05170981615106,0
1283,train,1900,131182.599999918,1149251182.6,13,11,1,2,3784143.539060419,900898.6309699131,5037805.898828918,-69113.02555121391,52.512657858241,13.3914842619618,75.1497506743252,7.04264044574466,0
1284,train,1900,131182.799999918,1149251182.8,14,12,1,3,3784154.8485305468,900941.3248342046,5037821.7320316415,-69091.9102626554,52.512670355061,13.3914820679267,75.1543127883494,7.02278145589033,0
1285,train,1900,131182.999999918,1149251183.0,14,12,1,2,3784154.2555491948,900938.1518277556,5037821.843016537,-69103.014060838,52.5126827887161,13.3914799018925,75.1587411075102,6.98553631622728,0
1286,train,1900,131183.199999918,1149251183.1999998,13,11,1,3,3784141.1166362665,900898.5857789066,5037806.72994875,-69145.25845401901,52.5126951870397,13.391477757056,75.1630412003309,6.92768562264904,0
1287,train,1900,131183.399999918,1149251183.4,14,12,1,3,3784154.586853293,900943.6730810223,5037823.478573849,-69121.73584050023,52.5127074255543,13.3914756492242,75.1672182624846,6.84885269262881,0
1288,train,1900,131183.599999918,1149251183.6,14,12,1,2,3784154.0316606695,900944.4826097947,5037824.275242041,-69132.07491381383,52.5127194262822,13.3914735884564,75.1712720491383,6.753327764315,0
1289,train,1900,131183.799999918,1149251183.8,14,12,1,2,3784152.3039855263,900944.5770396737,5037824.657567482,-69142.78040103895,52.5127311883863,13.3914715748296,75.1751935560453,6.64976024855323,0
1290,train,1900,131183.999999918,1149251184.0,14,12,1,2,3784151.2589294245,900945.5190266618,5037825.7507196665,-69152.59655255677,52.5127428740403,13.39146960745,75.1789666313377,6.54575067717403,0
1291,train,1900,131184.199999918,1149251184.1999998,14,12,1,2,3784149.9744523787,900944.7925121896,5037825.885600238,-69163.44483589682,52.5127542235246,13.391467689442,75.1825689934257,6.4492280947706,0
1292,train,1900,131184.399999918,1149251184.4,14,12,1,2,3784148.822391316,900947.0598656305,5037830.87884481,-69170.4231306408,52.5127654940688,13.3914657978078,75.1859750985707,6.36472386428259,0
1293,train,1900,131184.599999918,1149251184.6,13,11,1,3,3784132.8989797416,900893.8396058746,5037817.238238346,-69215.8385165577,52.512776712428,13.3914639229669,75.1891642316694,6.28798553788741,0
1294,train,1900,131184.799999918,1149251184.8,13,11,1,2,3784131.6530897375,900897.0675940817,5037819.829626286,-69224.89223926002,52.5127878203255,13.3914620797231,75.1921244809835,6.21381630871514,0
1295,train,1900,131184.999999918,1149251185.0,13,11,1,2,3784131.5979417767,900896.3836321763,5037822.146937624,-69234.45028942464,52.5127987343625,13.3914603359188,75.1948485369467,6.14355032588927,0
1296,train,1900,131185.199999918,1149251185.1999998,13,11,1,2,3784130.9266542383,900894.7343985055,5037825.156694608,-69243.31854004126,52.5128094245052,13.3914585839729,75.1973331327041,6.08435574830424,0
1297,train,1900,131185.399999918,1149251185.4,13,11,1,2,3784129.842941467,900891.4796088585,5037825.367666912,-69254.15511531977,52.5128199938471,13.391456814476,75.1995785129302,6.04657560208133,0
1298,train,1900,131185.599999918,1149251185.6,13,11,1,2,3784128.734810026,900890.2973214064,5037823.243119845,-69266.46839445295,52.5128304731347,13.3914551292872,75.201592884656,6.03346671536857,0
1299,train,1900,131185.799999918,1149251185.8,13,11,1,2,3784126.675001521,900892.5256752596,5037822.0573542835,-69278.0363874201,52.5128411452873,13.391453376557,75.2033961095354,6.04042612943589,0
1300,train,1900,131185.999999918,1149251186.0,13,11,1,2,3784125.9708947428,900893.392832736,5037820.264220186,-69290.19208659341,52.512851966994,13.3914516164492,75.2050212785861,6.05819218845195,0
1301,train,1900,131186.199999918,1149251186.1999998,13,11,1,2,3784124.417905461,900891.7824852685,5037820.345116151,-69300.8076063146,52.512862792956,13.3914498567823,75.2065155756459,6.07957125379752,0
1302,train,1900,131186.399999918,1149251186.4,13,10,1,2,3784119.990070713,900890.6591811193,5037800.240406931,-69326.91882316623,52.5128735922,13.3914480914083,75.207932292895,6.10042986196453,0
1303,train,1900,131186.599999918,1149251186.6,12,10,1,2,3784119.6154396203,900889.9723121122,5037804.4174891,-69334.50812740714,52.5128842626176,13.3914463204617,75.2093187962659,6.12049327595538,0
1304,train,1900,131186.799999918,1149251186.8,12,10,1,2,3784118.895075216,900889.3787125708,5037807.604257034,-69343.00008493195,52.5128951808523,13.391444545858,75.2107113702656,6.13873541734898,0
1305,train,1900,131186.999999918,1149251187.0,14,12,1,3,3784132.610089674,900936.8710024098,5037826.701635378,-69317.79429595705,52.5129060301532,13.3914427775908,75.2121351115183,6.15735696608591,0
1306,train,1900,131187.199999918,1149251187.1999998,14,12,1,2,3784130.1525470666,900929.0591677428,5037825.332990737,-69333.18298361084,52.5129168297835,13.3914410165674,75.2136055650402,6.17671495340459,0
1307,train,1900,131187.399999918,1149251187.4,14,12,1,2,3784127.57241753,900918.7041184021,5037822.394345231,-69350.59875135911,52.5129277408278,13.3914392481601,75.2151249867308,6.19827140835587,0
1308,train,1900,131187.599999918,1149251187.6,14,12,1,2,3784126.4251082293,900906.7443248656,5037823.208096683,-69365.81909134476,52.5129386968294,13.3914374832762,75.2166885514433,6.22229451683148,0
1309,train,1900,131187.799999918,1149251187.8,14,12,1,2,3784123.5470943972,900898.510994945,5037821.074494176,-69381.61432180277,52.5129496954228,13.3914357092213,75.2182873676882,6.24748027768519,0
1310,train,1900,131187.999999918,1149251188.0,14,12,1,2,3784122.55692826,900895.1789490068,5037817.478883943,-69395.53767766414,52.5129606702348,13.3914340523174,75.2199086229059,6.27188042786799,0
1311,train,1900,131188.199999918,1149251188.1999998,14,12,1,2,3784122.9041278353,900893.0047246007,5037816.375891582,-69407.10409324613,52.5129717339576,13.3914322584409,75.2215345480392,6.29339071134936,0
1312,train,1900,131188.399999918,1149251188.4,14,12,1,2,3784121.9632697334,900893.9574122868,5037814.0300342785,-69419.46933258427,52.5129828573895,13.3914304341879,75.223143276652,6.30821892796265,0
1313,train,1900,131188.599999918,1149251188.6,14,12,1,2,3784123.6118891053,900894.5740332089,5037818.072077111,-69426.23233576665,52.5129939543013,13.3914285949712,75.2247122013978,6.3156119975325,0
1314,train,1900,131188.799999918,1149251188.8,14,13,1,3,3784123.1396854576,900920.6123476644,5037848.494825935,-69408.49298065894,52.5130051322274,13.3914267173533,75.2262218055321,6.31230576497842,0
1315,train,1900,131188.999999918,1149251189.0,14,13,1,2,3784124.8553474103,900919.6124403517,5037848.257786232,-69418.71233392278,52.5130162282094,13.3914248034746,75.2276574371459,6.29021148800603,0
1316,train,1900,131189.199999918,1149251189.1999998,14,13,1,2,3784123.842609233,900917.7711531515,5037848.22319342,-69429.79152971727,52.5130273195656,13.3914228765292,75.2290072421967,6.2404033800455,0
1317,train,1900,131189.399999918,1149251189.4,14,13,1,2,3784125.3988664676,900916.0984832493,5037849.989859705,-69438.62683278455,52.5130383479913,13.391420926152,75.2302599580741,6.16607614817529,0
1318,train,1900,131189.599999918,1149251189.6,15,14,1,2,3784125.163427682,900908.4936915047,5037845.473003347,-69454.44916855119,52.5130490906759,13.391418971418,75.231399651784,6.08026245465864,0
1319,train,1900,131189.799999918,1149251189.8,15,14,1,2,3784124.6565340734,900902.0230171438,5037840.520809494,-69470.36170713186,52.5130596995692,13.3914170244539,75.2324078337364,5.99462640154475,0
1320,train,1900,131189.999999918,1149251190.0,14,14,1,2,3784122.508335745,900901.5003027385,5037837.424187899,-69483.7094977954,52.5130702250067,13.3914150827454,75.2332663839467,5.92077777464994,0
1321,train,1900,131190.199999918,1149251190.1999998,14,14,1,2,3784121.4179289504,900900.2632339797,5037834.090350989,-69497.43501023465,52.5130805822788,13.3914131459648,75.2339579388907,5.86604242292874,0
1322,train,1900,131190.399999918,1149251190.4,14,14,1,2,3784120.29249175,900897.8746687403,5037833.115755812,-69509.14940879968,52.5130907966335,13.3914112005012,75.2344669664253,5.8380715573119,0
1323,train,1900,131190.599999918,1149251190.6,15,14,1,2,3784119.7532681986,900896.0576214434,5037831.090560872,-69521.744207862,52.513101015932,13.3914092333737,75.2347824220163,5.83553362495858,0
1324,train,1900,131190.799999918,1149251190.8,15,14,1,2,3784120.434155115,900893.273529649,5037828.379782572,-69534.41759114394,52.5131112647067,13.3914072603897,75.234900519965,5.8519546868298,0
1325,train,1900,131190.999999918,1149251191.0,15,14,1,2,3784122.203959342,900894.3966694262,5037830.614388702,-69542.1710633587,52.5131216760011,13.3914052763716,75.2348254950424,5.88607867054945,0
1326,train,1900,131191.199999918,1149251191.1999998,14,13,1,2,3784120.45205937,900890.3505632044,5037832.670130137,-69554.00284992404,52.5131320245217,13.3914032554534,75.2345675154052,5.9404549649845,0
1327,train,1900,131191.399999918,1149251191.4,14,13,1,2,3784119.631306399,900889.2929125562,5037833.763859175,-69564.221457882,52.5131425352296,13.3914012175597,75.2341423693111,6.01704746856059,0
1328,train,1900,131191.599999918,1149251191.6,13,13,1,2,3784122.789963674,900887.2760827381,5037837.655861338,-69571.16263212779,52.5131532855867,13.3913990240458,75.2335743343613,6.11473416141076,0
1329,train,1900,131191.899999918,1149251191.9,14,14,1,2,3784121.8459283523,900892.1145904996,5037839.167775327,-69583.9017052307,52.5131696711023,13.3913958534927,75.2325356294912,6.29354820632178,0
1330,train,1900,131192.099999918,1149251192.1,14,14,1,2,3784121.65140968,900893.5665439079,5037840.899753268,-69592.71361510397,52.5131809230706,13.3913935607557,75.231796600493,6.41814446966115,0
1331,train,1900,131192.299999918,1149251192.3,14,14,1,2,3784121.9034631927,900891.2613091792,5037841.699062238,-69603.69464250385,52.5131924313589,13.3913913561971,75.2311050108251,6.53513543335901,0
1332,train,1900,131192.499999918,1149251192.5,14,14,1,2,3784121.688998722,900892.5924489847,5037841.869374294,-69613.40454258324,52.5132041069446,13.3913891321908,75.2305630096616,6.64239474856773,0
1333,train,1900,131192.799999918,1149251192.8,14,14,1,2,3784121.273951324,900892.9861043334,5037847.038445499,-69625.9061239817,52.5132217895486,13.3913857672366,75.2303202659701,6.78295059666119,0
1334,train,1900,131192.999999918,1149251193.0,14,14,1,2,3784121.465782123,900892.2442262502,5037845.521124223,-69635.68142148323,52.5132336732477,13.3913835259752,75.2307419417399,6.85480468589249,0
1335,train,1900,131193.199999918,1149251193.1999998,14,14,1,2,3784124.031268931,900893.462630767,5037844.217607951,-69644.30522242755,52.5132456145023,13.3913813943455,75.2317775512179,6.90610239805639,0
1336,train,1900,131193.399999918,1149251193.4,14,13,1,2,3784126.6360327564,900889.3391166712,5037850.048023281,-69648.93113683807,52.51325787203,13.3913791286214,75.2335230208134,6.94357513702977,0
1337,train,1900,131193.599999918,1149251193.6,14,13,1,2,3784122.3453666056,900883.5589002885,5037854.655844092,-69661.81354170942,52.5132701858669,13.3913768757334,75.2360361977743,6.98192365279984,0
1338,train,1900,131193.799999918,1149251193.8,13,12,1,2,3784123.5286933417,900882.4539582386,5037859.248730912,-69667.59364566882,52.5132824792,13.3913746273746,75.2393370698692,7.03570501409988,0
1339,train,1900,131193.999999918,1149251194.0,15,13,1,2,3784122.6581961163,900886.2282599086,5037859.986416355,-69677.38682830207,52.5132950192634,13.391372367706,75.2434267364971,7.11026106896537,0
1340,train,1900,131194.199999918,1149251194.1999998,16,14,1,2,3784123.2372960486,900891.0517604961,5037859.361569512,-69685.75799342038,52.5133076905882,13.3913701045444,75.2482980021333,7.20425029316116,0
1341,train,1900,131194.399999918,1149251194.4,15,14,1,2,3784122.280368995,900890.599371044,5037863.078280463,-69694.31235567793,52.5133204053543,13.3913679451778,75.2539301146046,7.30803349185232,0
1342,train,1900,131194.599999918,1149251194.6,14,13,1,3,3784091.3836634024,900900.6378758864,5037851.703472598,-69726.16918783156,52.5133334076861,13.3913656473659,75.2602859466889,7.40435498191991,0
1343,train,1900,131194.799999918,1149251194.8,15,14,1,3,3784123.5883649755,900892.6740255972,5037864.331748016,-69711.46489301509,52.5133466649158,13.3913633454379,75.2673115730263,7.48051662732514,0
1344,train,1900,131194.999999918,1149251195.0,13,12,1,3,3784083.6261205697,900892.536721952,5037851.961408213,-69752.68779017145,52.5133599547484,13.3913610289499,75.2749339612536,7.531999045764,0
1345,train,1900,131195.199999918,1149251195.1999998,13,12,1,2,3784080.3956666477,900893.9807270103,5037853.619846363,-69763.48829801544,52.5133731899671,13.391358737194,75.2830573863068,7.56065126269567,0
1346,train,1900,131195.399999918,1149251195.4,14,13,1,2,3784085.071048321,900900.516578483,5037853.166271753,-69769.09898119982,52.5133865065157,13.3913564367931,75.2915495097968,7.56966103415471,0
1347,train,1900,131195.599999918,1149251195.6,14,13,1,2,3784083.3330267235,900899.0066064468,5037853.62392854,-69780.04003514051,52.5133998997402,13.3913540946797,75.3002989247361,7.55657785317438,0
1348,train,1900,131195.799999918,1149251195.8,14,13,1,2,3784080.421153454,900897.6302531209,5037854.032643176,-69792.04606266305,52.5134133131042,13.3913517480587,75.3091937574451,7.52250513626577,0
1349,train,1900,131195.999999918,1149251196.0,14,13,1,3,3784108.0178559935,900886.6306812689,5037868.458195829,-69781.33097438006,52.5134265797025,13.3913493856393,75.3181143194466,7.47096579782685,0
1350,train,1900,131196.199999918,1149251196.1999998,14,13,1,3,3784078.7336474666,900894.7679770178,5037857.660440308,-69811.8585071958,52.5134396285044,13.3913470471628,75.3269336390742,7.40134075270395,0
1351,train,1900,131196.399999918,1149251196.4,14,12,1,2,3784073.9434850398,900889.2012171502,5037858.409596422,-69825.45156578739,52.5134525509013,13.3913447302475,75.3355170935851,7.31670930825989,0
1352,train,1900,131196.599999918,1149251196.6,15,13,1,2,3784076.669865968,900890.7278339071,5037858.384641203,-69832.00654297021,52.5134651913372,13.391342426673,75.3437195267711,7.23001419310404,0
1353,train,1900,131196.799999918,1149251196.8,13,11,1,3,3784092.980477003,900874.4974235737,5037884.653594494,-69821.58721203837,52.5134779015719,13.3913401414645,75.3513840281402,7.1469377487554,0
1354,train,1900,131196.999999918,1149251197.0,16,14,1,2,3784085.46162402,900887.1643689334,5037862.545769223,-69845.35403996769,52.5134905896395,13.3913378825504,75.3583530295601,7.06666698928035,0
1355,train,1900,131197.199999918,1149251197.1999998,16,14,1,2,3784082.3129750784,900887.1270271398,5037862.8567522615,-69857.3380154459,52.5135029856198,13.3913356417846,75.3644750539047,6.99048974282799,0
1356,train,1900,131197.399999918,1149251197.4,14,12,1,2,3784080.3364584153,900879.5748691632,5037878.012938037,-69862.45812363693,52.5135152942378,13.3913334260987,75.3696102899593,6.91572284710267,0
1357,train,1900,131197.599999918,1149251197.6,16,14,1,2,3784076.229627496,900884.783020357,5037861.263604591,-69881.87569746854,52.5135274458362,13.3913312189944,75.3736374090997,6.83983859990484,0
1358,train,1900,131197.799999918,1149251197.8,13,12,1,2,3784076.3178249733,900884.4243667069,5037870.350353641,-69887.18163460871,52.5135395754012,13.3913290263516,75.3764565518588,6.76104816389144,0
1359,train,1900,131197.999999918,1149251198.0,12,11,1,2,3784074.031978915,900879.9719592311,5037875.784586634,-69897.79770296048,52.5135515390896,13.3913268814553,75.3779933461501,6.67909958154197,0
1360,train,1900,131198.199999918,1149251198.1999998,13,12,1,2,3784074.0236715586,900886.0192549936,5037868.378313346,-69910.95146702757,52.5135633289484,13.3913247569151,75.3782043260341,6.59502320697197,0
1361,train,1900,131198.399999918,1149251198.4,16,13,1,2,3784074.8501349837,900881.9698145352,5037874.279961256,-69916.84493723726,52.5135747459247,13.3913227992165,75.3770770305571,6.51094086939126,0
1362,train,1900,131198.599999918,1149251198.6,16,14,1,2,3784075.5198932528,900880.4694795649,5037882.158274478,-69921.4761174807,52.5135861916264,13.3913207456253,75.3746262647288,6.42780219186364,0
1363,train,1900,131198.799999918,1149251198.8,16,13,1,2,3784072.3645032323,900884.8520715885,5037879.117948851,-69935.9003461459,52.5135974129343,13.3913187199833,75.37089043878,6.34746431212255,0
1364,train,1900,131199.099999918,1149251199.1,17,14,1,2,3784069.7745351573,900883.0990873246,5037875.407636684,-69954.42066747343,52.513614071739,13.3913157260602,75.3630040424349,6.23528072800642,0
1365,train,1900,131199.399999918,1149251199.4,16,13,1,2,3784067.7147596665,900881.4358815096,5037872.090824955,-69973.8119886362,52.5136303353023,13.391312769032,75.3525984359858,6.13930457055544,0
1366,train,1900,131199.599999918,1149251199.6,16,13,1,2,3784065.4724839837,900879.038252321,5037873.097253125,-69984.71029588331,52.5136411318717,13.3913108289936,75.3444000940274,6.08796512417708,0
1367,train,1900,131199.799999918,1149251199.8,16,13,1,2,3784064.502558961,900879.4408164647,5037875.173468607,-69994.64841769176,52.5136519066275,13.3913089251211,75.3352970167275,6.0471887207554,0
1368,train,1900,131199.999999919,1149251200.0,15,12,1,2,3784065.3890975104,900876.5337635934,5037885.566429037,-69998.93260822764,52.5136626199138,13.3913070190368,75.3253812433786,6.01410670070477,0
1369,train,1900,131200.199999919,1149251200.1999998,16,13,1,2,3784061.187130595,900878.8782206762,5037875.706970565,-70015.89548954875,52.5136732828685,13.3913051170108,75.314743676084,5.98461332318695,0
1370,train,1900,131200.399999919,1149251200.4,15,13,1,2,3784061.2667491916,900878.6561444026,5037874.757734498,-70027.23052907405,52.513683781909,13.3913032210513,75.303472626943,5.95182851599333,0
1371,train,1900,131200.599999919,1149251200.6,16,14,1,2,3784061.2103628437,900880.6919329293,5037881.483508432,-70033.2385666455,52.5136943073536,13.391301328021,75.2916528907561,5.91339866512925,0
1372,train,1900,131200.799999919,1149251200.8,16,14,1,2,3784058.8361214725,900882.1758178105,5037880.493829903,-70045.5694516616,52.51370477225,13.3912994474514,75.2793637507193,5.87249217483774,0
1373,train,1900,131200.999999919,1149251201.0,16,14,1,2,3784059.8187068547,900881.8644561769,5037883.107721761,-70053.74014071381,52.5137151477528,13.3912975873302,75.2666777354515,5.8356707945161,0
1374,train,1900,131201.199999919,1149251201.1999998,15,13,1,2,3784059.4109037095,900879.1949020418,5037884.250650249,-70064.87219967463,52.5137255568337,13.3912959255493,75.253662093526,5.8122774066236,0
1375,train,1900,131201.499999919,1149251201.5,16,14,1,2,3784056.779659949,900883.2140078609,5037886.774988055,-70078.2894507659,52.5137409273099,13.391293231516,75.2336625310214,5.8171143613295,0
1376,train,1900,131201.699999919,1149251201.6999998,15,13,1,2,3784056.0995154073,900878.9215831158,5037888.253073144,-70089.27051179885,52.5137511453746,13.3912913852172,75.2201065495915,5.84691308990626,0
1377,train,1900,131201.899999919,1149251201.9,14,12,1,2,3784052.731237188,900882.4158205742,5037887.906984388,-70101.66906153412,52.513761613034,13.3912895000335,75.2064481583423,5.88858670701577,0
1378,train,1900,131202.099999919,1149251202.1,15,13,1,2,3784051.4761087694,900879.722942633,5037886.948951021,-70112.19255854088,52.513771963219,13.3912875719396,75.1927521420748,5.93414279214505,0
1379,train,1900,131202.299999919,1149251202.3,15,13,1,2,3784051.773781808,900880.2670596876,5037887.850334558,-70122.0199170369,52.5137824390578,13.3912855899596,75.179079759413,5.97925986994739,0
1380,train,1900,131202.499999919,1149251202.5,15,13,1,2,3784050.813278651,900880.6449354137,5037889.081126862,-70132.82413204623,52.5137929201332,13.3912835708453,75.1654879784691,6.02287507037704,0
1381,train,1900,131202.699999919,1149251202.6999998,15,13,1,2,3784047.2771869698,900882.9595793765,5037888.5684674885,-70144.44072513322,52.513803552954,13.3912814801113,75.1520282660041,6.06555344876843,0
1382,train,1900,131202.899999919,1149251202.9,15,13,1,2,3784042.1114487424,900879.7120827722,5037887.312951313,-70159.1348541528,52.513814342963,13.3912793197222,75.1387455113525,6.10867210594102,0
1383,train,1900,131203.099999919,1149251203.1,15,13,1,2,3784039.3556416943,900877.4520421273,5037888.779563315,-70170.39493367854,52.5138251664014,13.3912771124521,75.1256783078182,6.14910314465627,0
1384,train,1900,131203.299999919,1149251203.3,15,13,1,2,3784039.1674874765,900875.8104417155,5037890.890518318,-70180.17091505241,52.5138361034607,13.3912748907663,75.1128607672406,6.17379385692253,0
1385,train,1900,131203.499999919,1149251203.5,15,13,1,2,3784038.524306275,900873.6222525747,5037891.063193014,-70190.98308699751,52.5138470804122,13.3912726613213,75.1003237659724,6.16755122056148,0
1386,train,1900,131203.699999919,1149251203.6999998,15,13,1,2,3784037.293684473,900874.3105367351,5037893.904433012,-70199.87952214634,52.5138579398716,13.3912704871348,75.0880964530074,6.12216254611528,0
1387,train,1900,131203.899999919,1149251203.9,15,14,1,2,3784036.5641426085,900877.3348757601,5037898.360206376,-70206.25941104339,52.5138687481019,13.3912683689426,75.076205607917,6.0429753064053,0
1388,train,1900,131204.099999919,1149251204.1,15,14,1,2,3784035.1852971073,900877.221120507,5037898.379181956,-70217.44699988485,52.5138793188186,13.3912663166182,75.0646738390732,5.944187769306,0
1389,train,1900,131204.299999919,1149251204.3,15,14,1,2,3784034.3334640516,900877.9128706217,5037899.083250957,-70227.64591593119,52.5138897791324,13.3912643397509,75.0535196031566,5.83806706902991,0
1390,train,1900,131204.499999919,1149251204.5,15,14,1,2,3784033.591894195,900876.2631762248,5037898.456166421,-70238.90453142466,52.5139000550259,13.3912624128778,75.0427568880725,5.73000616926084,0
1391,train,1900,131204.699999919,1149251204.6999998,15,14,1,2,3784035.1777859903,900872.7541182999,5037900.065910409,-70248.82838432126,52.5139100899858,13.3912605569408,75.0323965104052,5.6183783691999,0
1392,train,1900,131204.899999919,1149251204.9,15,14,1,2,3784034.118542381,900872.1164291913,5037898.147743708,-70262.31857061374,52.5139198441459,13.3912587814902,75.0224465506444,5.50011953303951,0
1393,train,1900,131205.099999919,1149251205.1,15,14,1,2,3784033.7167704017,900872.2603382394,5037898.043453106,-70274.17838860079,52.5139294978173,13.3912570581529,75.0129125654047,5.37220432004481,0
1394,train,1900,131205.299999919,1149251205.3,13,12,1,2,3784031.46534318,900868.7282653804,5037899.362327871,-70286.95883126586,52.5139388888242,13.3912553890106,75.0037973688401,5.23707585749805,0
1395,train,1900,131205.499999919,1149251205.5,15,14,1,2,3784033.1745777195,900872.9729779229,5037899.25873529,-70295.69976362179,52.513948047231,13.3912537836258,74.995101824882,5.09995623940332,0
1396,train,1900,131205.699999919,1149251205.6999998,15,14,1,2,3784032.5986931403,900872.070213671,5037896.426076015,-70307.65633098573,52.5139569417554,13.3912522321991,74.9868255465915,4.96972965727396,0
1397,train,1900,131205.899999919,1149251205.9,15,14,1,2,3784030.893916352,900871.9743714782,5037894.585231268,-70321.13855144764,52.5139656597448,13.3912507329114,74.978967009243,4.85845415634154,0
1398,train,1900,131206.099999919,1149251206.1,15,14,1,2,3784029.0791129326,900870.3221295708,5037891.74008758,-70334.0994063983,52.5139741581497,13.3912492758928,74.9715231403034,4.77485861957377,0
1399,train,1900,131206.299999919,1149251206.3,15,14,1,2,3784028.4931448787,900870.2594349701,5037894.249580626,-70343.46176736365,52.5139825157452,13.3912478237614,74.9644896057051,4.72409255629154,0
1400,train,1900,131206.499999919,1149251206.5,15,14,1,2,3784028.096193863,900868.9695846098,5037893.607217913,-70354.2246842932,52.5139909159795,13.3912463885823,74.9578611570793,4.7069466017028,0
1401,train,1900,131206.699999919,1149251206.6999998,15,14,1,2,3784026.8597103013,900869.2420352258,5037892.752310635,-70365.88039934951,52.5139993274492,13.3912449652526,74.9516321458577,4.7206602215592,0
1402,train,1900,131206.899999919,1149251206.9,15,14,1,2,3784026.3659917265,900868.3359307264,5037893.079395592,-70375.78420389415,52.5140076986208,13.3912435117633,74.9457946894614,4.7552070775075,0
1403,train,1900,131207.099999919,1149251207.1,15,14,1,2,3784025.765619353,900866.8786917905,5037892.8799880035,-70387.26525969895,52.514016151927,13.3912420313755,74.9403391057922,4.79239853453525,0
1404,train,1900,131207.299999919,1149251207.3,15,14,1,2,3784025.1996745053,900865.9010511265,5037894.129349573,-70396.61365447834,52.5140245544188,13.3912405436463,74.9352537558661,4.81134050864507,0
1405,train,1900,131207.499999919,1149251207.5,14,13,1,2,3784025.347920836,900864.4002277565,5037895.271144211,-70406.9098787217,52.5140331256137,13.3912390865925,74.9305262969844,4.79889147673283,0
1406,train,1900,131207.699999919,1149251207.6999998,15,14,1,2,3784025.075069394,900865.3564834043,5037895.85077554,-70417.33849116947,52.5140416504116,13.391237672974,74.9261438776014,4.75447739127585,0
1407,train,1900,131207.899999919,1149251207.9,15,14,1,2,3784026.4113300215,900865.4515440424,5037896.516553769,-70426.8813587869,52.5140500382775,13.3912362973626,74.9220932031091,4.68561733990388,0
1408,train,1900,131208.099999919,1149251208.1,15,14,1,2,3784026.794490264,900866.6345890214,5037897.082769914,-70437.13099088895,52.5140582563128,13.3912349749155,74.9183600539958,4.60350133592739,0
1409,train,1900,131208.299999919,1149251208.3,15,14,1,2,3784026.4684454463,900867.302616928,5037897.298320646,-70447.54866304956,52.5140662683512,13.3912337103815,74.9149297833606,4.51690969864907,0
1410,train,1900,131208.499999919,1149251208.5,14,13,1,2,3784023.95756938,900868.2885739972,5037888.7403086275,-70464.27162953801,52.5140741074963,13.3912324991306,74.9117863200779,4.43198409805279,0
1411,train,1900,131208.699999919,1149251208.6999998,14,13,1,2,3784023.684570841,900868.9010012262,5037887.662452396,-70474.91334426441,52.5140819052365,13.3912313212307,74.9089124603259,4.34979831719636,0
1412,train,1900,131208.899999919,1149251208.9,15,14,1,2,3784025.7543067215,900867.4903468274,5037901.637516943,-70475.55780978163,52.5140895431573,13.391230192864,74.9062903403149,4.27018552185734,0
1413,train,1900,131209.099999919,1149251209.1,15,14,1,2,3784026.301991871,900867.4226525086,5037899.799578525,-70486.60193591438,52.5140970278397,13.3912290925622,74.9039019711918,4.19100356737834,0
1414,train,1900,131209.299999919,1149251209.3,16,14,1,2,3784025.5668938146,900866.25107922,5037900.763972617,-70496.23699348955,52.5141042628371,13.3912280176291,74.9017290447557,4.10954179419116,0
1415,train,1900,131209.499999919,1149251209.5,16,14,1,2,3784023.888901144,900868.1721628617,5037900.980732456,-70507.16096094323,52.5141114418129,13.3912269832303,74.8997534699926,4.02378901807207,0
1416,train,1900,131209.699999919,1149251209.6999998,16,14,1,2,3784025.403246001,900868.9895338455,5037907.701438265,-70512.87728012803,52.5141183671516,13.3912259831612,74.8979573132569,3.93826207272529,0
1417,train,1900,131209.899999919,1149251209.9,15,13,1,2,3784020.7536674617,900872.1611890589,5037886.71980606,-70537.50545148256,52.5141252672015,13.3912250072899,74.8963230401659,3.86167036068279,0
1418,train,1900,131210.099999919,1149251210.1,15,13,1,2,3784019.561658366,900873.8914256156,5037889.110360737,-70546.23994848739,52.5141320520459,13.3912240603393,74.8948336628954,3.80852474988965,0
1419,train,1900,131210.299999919,1149251210.3,13,12,1,2,3784017.7810074342,900865.7582140804,5037899.808818973,-70554.25715918327,52.5141387122334,13.391223133942,74.8934725225294,3.79347655792413,0
1420,train,1900,131210.499999919,1149251210.5,14,13,1,2,3784018.6223530555,900864.3244305571,5037909.229623882,-70558.23590055743,52.5141454585173,13.3912221886844,74.8922232602517,3.82151897617018,0
1421,train,1900,131210.699999919,1149251210.6999998,15,13,1,2,3784016.950120656,900867.9318518208,5037910.283203494,-70568.33851648316,52.5141522139747,13.3912212433104,74.8910693208725,3.88399564376102,0
1422,train,1900,131210.899999919,1149251210.9,15,13,1,2,3784022.397454557,900873.6490926802,5037914.242354204,-70571.07709947934,52.5141591982477,13.3912202690406,74.8899949989241,3.96129020106312,0
1423,train,1900,131211.099999919,1149251211.1,14,13,1,2,3784021.78188208,900874.7225688506,5037914.317309461,-70581.6041427115,52.5141662548416,13.3912192586839,74.8889841269975,4.03075667755028,0
1424,train,1900,131211.299999919,1149251211.3,13,12,1,2,3784015.6226750654,900863.3350083914,5037910.885451635,-70601.09877594293,52.5141734515504,13.3912182176502,74.8880211237522,4.0736598806894,0
1425,train,1900,131211.499999919,1149251211.5,13,12,1,2,3784014.869171618,900864.5663979013,5037912.286418593,-70610.4776869381,52.5141807160025,13.3912171453229,74.887090452657,4.08079171407817,0
1426,train,1900,131211.699999919,1149251211.6999998,13,12,1,2,3784014.249479927,900864.8162706275,5037912.335445962,-70620.97216247892,52.5141878082974,13.3912160729341,74.8861768040051,4.0557917789541,0
1427,train,1900,131211.899999919,1149251211.9,13,12,1,2,3784012.4431705913,900864.1466953405,5037916.696443407,-70630.03520135973,52.5141949173579,13.3912149826054,74.8852656373793,4.01070086838828,0
1428,train,1900,131212.099999919,1149251212.1,12,11,1,2,3784013.195031123,900865.4996209283,5037908.609981357,-70643.78944345345,52.5142019217594,13.3912138881153,74.8843426636222,3.95949620785749,0
1429,train,1900,131212.299999919,1149251212.3,13,11,1,2,3784012.2458036137,900866.5874474657,5037911.926809841,-70652.08274824433,52.5142088184906,13.3912127875796,74.8833954854632,3.9148374897967,0
1430,train,1900,131212.499999919,1149251212.5,12,11,1,2,3784011.0676511796,900865.2572404407,5037912.270917085,-70662.80701827155,52.5142156073561,13.3912116746334,74.8824123014629,3.88411811606319,0
1431,train,1900,131212.699999919,1149251212.6999998,12,11,1,2,3784010.196230428,900866.7484284422,5037912.336552109,-70673.47177535693,52.5142224646319,13.3912105343972,74.8813819809413,3.87080314501893,0
1432,train,1900,131212.899999919,1149251212.9,12,10,1,2,3784007.317273625,900853.1700632024,5037894.447280218,-70700.93918588736,52.5142293596774,13.3912093629844,74.8802951248215,3.87405778725089,0
1433,train,1900,131213.099999919,1149251213.1,13,11,1,2,3784010.2199843638,900852.8208588333,5037915.337720813,-70696.62130221426,52.5142361063173,13.3912081653642,74.8791429716285,3.88674477433133,0
1434,train,1900,131213.299999919,1149251213.3,14,12,1,3,3784017.3865534863,900881.0782650547,5037927.175302004,-70686.36178598371,52.5142429559264,13.3912069213866,74.8779181041615,3.89839564518712,0
1435,train,1900,131213.499999919,1149251213.5,14,12,1,2,3784020.653080732,900878.0373849532,5037940.850291706,-70686.57516668357,52.5142497169429,13.3912056511155,74.8766136364943,3.90132127561131,0
1436,train,1900,131213.699999919,1149251213.6999998,14,12,1,2,3784020.913905369,900877.6043116876,5037949.487096612,-70691.74874974224,52.5142565034412,13.3912043600802,74.875223803069,3.89302445167,0
1437,train,1900,131213.899999919,1149251213.9,13,11,1,2,3784013.1357738683,900880.082055202,5037908.6249190075,-70731.84711815864,52.514263193907,13.3912030703631,74.8737435950569,3.87443144732609,0
1438,train,1900,131214.099999919,1149251214.1,14,12,1,2,3784016.424869239,900879.6910705385,5037930.572507761,-70726.0511602691,52.5142699519868,13.3912017604114,74.8721692218955,3.84641556521068,0
1439,train,1900,131214.299999919,1149251214.3,13,11,1,3,3784007.7655566847,900851.6476509126,5037917.481708708,-70758.8284465853,52.514276622403,13.3912004427388,74.870497580329,3.80835088659709,0
1440,train,1900,131214.499999919,1149251214.5,13,11,1,2,3784006.412127261,900853.5735327298,5037918.337642541,-70769.02525584277,52.5142832396756,13.3911991159787,74.8687265235765,3.75691567869958,0
1441,train,1900,131214.699999919,1149251214.6999998,12,10,1,2,3784001.696067716,900854.2520465638,5037896.108650173,-70795.9174657588,52.5142897716529,13.3911977765038,74.8668547445671,3.69059050469796,0
1442,train,1900,131214.899999919,1149251214.9,12,10,1,2,3784002.066641153,900852.8726200615,5037895.966718687,-70806.35274357795,52.5142962103645,13.3911964533492,74.8648818450637,3.61064896054826,0
1443,train,1900,131215.099999919,1149251215.1,12,10,1,2,3784001.2347416556,900851.2427039238,5037896.475281713,-70816.76939378506,52.5143024800982,13.3911951311039,74.8628068492897,3.52107379007518,0
1444,train,1900,131215.299999919,1149251215.3,12,10,1,2,3784000.5779933743,900850.6469343585,5037896.843132603,-70827.04151663551,52.5143084889443,13.3911938205005,74.8606247034957,3.42796545591268,0
1445,train,1900,131215.499999919,1149251215.5,13,11,1,2,3784004.3056931957,900851.609546093,5037923.078764807,-70818.5919403549,52.5143142445132,13.3911925131692,74.8583370661095,3.33852457015756,0
1446,train,1900,131215.699999919,1149251215.6999998,13,11,1,2,3784004.047422401,900853.2224771042,5037925.99842023,-70827.28488133638,52.514319897865,13.3911912123423,74.8559465832955,3.25707326902524,0
1447,train,1900,131215.899999919,1149251215.9,13,11,1,2,3784003.000087936,900853.5816875494,5037924.57669505,-70839.07965613091,52.5143255179681,13.3911899084374,74.8534577009406,3.18291821177028,0
1448,train,1900,131216.099999919,1149251216.1,12,10,1,2,3783999.8850666056,900851.9363943482,5037901.556104966,-70865.851839035,52.5143309920528,13.3911886231334,74.8508751745336,3.11429091185836,0
1449,train,1900,131216.299999919,1149251216.3,13,11,1,2,3784004.764378704,900851.4620660992,5037928.330856728,-70856.67750556627,52.5143362868828,13.3911873305737,74.8482053943973,3.05108981222268,0
1450,train,1900,131216.499999919,1149251216.5,13,11,1,2,3784004.8240129957,900850.8691045202,5037932.243649601,-70864.45816104866,52.5143415455056,13.391186035415,74.8454552505412,2.99339450615255,0
1451,train,1900,131216.699999919,1149251216.6999998,12,10,1,2,3783998.108089959,900851.4634738632,5037903.811744712,-70896.08759852509,52.514346741664,13.3911847661832,74.8426334391933,2.94123081684511,0
1452,train,1900,131216.899999919,1149251216.9,12,10,1,2,3783998.6896899627,900848.1036821053,5037903.854675003,-70906.76735241183,52.5143518688493,13.3911834972752,74.8397495765817,2.8944385593657,0
1453,train,1900,131217.099999919,1149251217.1,12,10,1,2,3783998.7024366464,900847.6914542684,5037906.91470028,-70914.931670231,52.5143567360646,13.3911822614985,74.8368149211616,2.854257510996,0
1454,train,1900,131217.299999919,1149251217.3,12,11,1,3,3784009.0576066202,900877.7042002236,5037958.709012342,-70877.5331869079,52.5143615334905,13.3911809994133,74.8338423674702,2.82034996212451,0
1455,train,1900,131217.499999919,1149251217.5,13,12,1,2,3784009.1955330027,900878.7989664759,5037963.677579792,-70884.96150866714,52.5143662777741,13.3911797642192,74.8308458727324,2.79136978675729,0
1456,train,1900,131217.69999992,1149251217.6999998,13,12,1,2,3784009.2626512228,900878.778977089,5037968.834151676,-70891.68419272148,52.5143709444587,13.3911785228289,74.8278415865647,2.76570693626007,0
1457,train,1900,131217.89999992,1149251217.9,13,12,1,2,3784010.488299243,900877.5806047177,5037976.763390255,-70896.69318483486,52.5143754744431,13.3911772792032,74.8248471387588,2.74144959561811,0
1458,train,1900,131218.09999992,1149251218.1,13,12,1,2,3784010.320705162,900876.7575230758,5037980.756057665,-70904.30072138253,52.514379866221,13.3911760443123,74.8218820808436,2.71201356481323,0
1459,train,1900,131218.29999992,1149251218.3,13,12,1,2,3784009.9681525547,900876.0169171524,5037978.301887081,-70916.36065600623,52.514384609605,13.3911747947257,74.8189668684383,2.66587882054341,0
1460,train,1900,131218.49999992,1149251218.5,12,11,1,2,3784006.3434063825,900880.013624278,5037965.983876184,-70934.75419357706,52.5143892228328,13.3911735731689,74.8161238174546,2.59516217838889,0
1461,train,1900,131218.69999992,1149251218.6999998,13,12,1,2,3784007.9557043053,900880.4813897819,5037975.510470956,-70938.8428149424,52.5143936737432,13.3911723810484,74.8133833977004,2.49701471330916,0
1462,train,1900,131218.89999992,1149251218.9,13,12,1,2,3784007.736761102,900881.3436445416,5037973.691725564,-70950.1768326803,52.5143978781815,13.3911712357092,74.810787164552,2.37537208651582,0
1463,train,1900,131219.09999992,1149251219.1,13,12,1,2,3784008.1106041665,900882.2655935073,5037974.83119117,-70959.21282365485,52.5144019303558,13.3911701472321,74.8083878992637,2.23662142022245,0
1464,train,1900,131219.29999992,1149251219.3,13,12,1,2,3784006.489144008,900882.9840630739,5037972.280331437,-70971.40098203826,52.5144058874823,13.3911692983709,74.8062264585139,2.08725683618679,0
1465,train,1900,131219.49999992,1149251219.5,14,13,1,2,3784006.248384389,900897.3945808964,5037979.49083123,-70970.97089241131,52.5144095211745,13.3911682881311,74.8043511008308,1.93112577724339,0
1466,train,1900,131219.69999992,1149251219.6999998,13,13,1,2,3784007.0342043424,900895.7380290045,5037980.832473075,-70980.34733692679,52.5144126947356,13.3911677877025,74.8028088626225,1.77141974310147,0
1467,train,1900,131219.89999992,1149251219.9,13,13,1,2,3784005.8891540077,900895.8235247609,5037978.873058739,-70993.66181488137,52.5144157007857,13.3911671559383,74.8016299728664,1.61740422866668,0
1468,train,1900,131220.09999992,1149251220.1,13,13,1,2,3784008.8459316334,900896.3684621614,5037970.55777427,-71007.85711884337,52.5144183271612,13.3911664536846,74.8008266198164,1.48172388217562,0
1469,train,1900,131220.29999992,1149251220.3,12,12,1,2,3784004.0327588813,900883.6701878555,5037971.292276674,-71026.12550807593,52.5144208875785,13.3911658450938,74.8003943141579,1.37303751731939,0
1470,train,1900,131220.49999992,1149251220.5,12,12,1,2,3784001.6331062983,900884.7275984085,5037966.554404535,-71039.68623779083,52.5144232722608,13.391165232509,74.800321822141,1.29414978027468,0
1471,train,1900,131220.69999992,1149251220.6999998,13,13,1,2,3784009.356127306,900898.1084961906,5037966.713101959,-71040.57358431861,52.5144253640689,13.3911646559857,74.8006007033694,1.243676267981,0
1472,train,1900,131220.89999992,1149251220.9,12,12,1,2,3783998.0604461995,900902.2967098659,5037969.2635828005,-71049.22283859171,52.514427570385,13.3911640954381,74.8012220060113,1.21725779520899,0
1473,train,1900,131221.09999992,1149251221.1,12,12,1,2,3783992.7106051315,900906.0866249568,5037977.666692236,-71055.87066339713,52.514429699653,13.391163551511,74.8021809400949,1.20759153845743,0
1474,train,1900,131221.29999992,1149251221.3,13,13,1,2,3783999.988829793,900903.4812802355,5037979.82163512,-71064.65287701499,52.5144319369318,13.3911630066986,74.8034762942698,1.20868562748257,0
1475,train,1900,131221.49999992,1149251221.5,14,14,1,2,3784006.1703618495,900907.9153926409,5037981.522148491,-71069.15653799757,52.5144342559808,13.391162478504,74.8051090136635,1.21696562916621,0
1476,train,1900,131221.69999992,1149251221.6999998,14,14,1,2,3784004.509676824,900907.694941391,5037978.343367295,-71082.09746649642,52.5144364852721,13.3911619449545,74.8070738311901,1.22835627011315,0
1477,train,1900,131221.89999992,1149251221.9,14,14,1,2,3784004.9999721413,900906.8781733196,5037976.072283157,-71093.21006292774,52.5144387219052,13.3911614045035,74.8093488520306,1.23952620876797,0
1478,train,1900,131222.09999992,1149251222.1,14,14,1,2,3784006.972015405,900906.4271019594,5037974.087705222,-71105.46237393125,52.5144410422888,13.3911608705429,74.8118952047551,1.25297934457512,0
1479,train,1900,131222.29999992,1149251222.3,14,14,1,2,3784007.817870768,900907.565772795,5037972.072055641,-71116.99063255651,52.5144432076928,13.3911603375107,74.8146594644716,1.27540436689708,0
1480,train,1900,131222.49999992,1149251222.5,14,14,1,2,3784005.159367487,900908.549075301,5037965.745394384,-71133.08237356009,52.5144454760587,13.3911597957501,74.817581689733,1.30911455313839,0
1481,train,1900,131222.69999992,1149251222.6999998,13,13,1,2,3784006.928622595,900899.6750958931,5037960.30636446,-71148.79655634126,52.5144479437022,13.3911592239361,74.8205956713572,1.34879374857757,0
1482,train,1900,131222.89999992,1149251222.9,12,12,1,3,3784000.204540328,900879.9264992841,5037965.019921564,-71167.61375836901,52.5144506347505,13.3911586178722,74.8236231336587,1.38810371772087,0
1483,train,1900,131223.09999992,1149251223.1,12,12,1,2,3783999.952432531,900880.542399648,5037969.641301057,-71174.60910957036,52.5144530836788,13.3911580392556,74.8265772289045,1.42576104987502,0
1484,train,1900,131223.29999992,1149251223.3,13,13,1,3,3784009.7256570375,900898.9005510882,5037971.35169657,-71170.06167592238,52.5144558910943,13.3911574183552,74.8293663524406,1.46027704707078,0
1485,train,1900,131223.49999992,1149251223.5,13,13,1,2,3784010.141239155,900899.4700950552,5037971.579171544,-71180.11714975032,52.5144585025205,13.3911568152265,74.8318996628408,1.49643542287853,0
1486,train,1900,131223.69999992,1149251223.6999998,13,13,1,2,3784007.6674708314,900902.7903494154,5037967.875899542,-71194.21265220473,52.5144611975308,13.3911561730251,74.8340981404363,1.53402712610805,0
1487,train,1900,131223.89999992,1149251223.9,13,13,1,2,3784008.827637517,900903.0016640098,5037975.426251446,-71198.67106441951,52.5144639190408,13.3911555173887,74.8358903596108,1.56976085150527,0
1488,train,1900,131224.09999992,1149251224.1,13,13,1,2,3784011.9675670275,900902.3682241102,5037984.657299316,-71202.4790022395,52.5144666581988,13.3911548685586,74.8372108577751,1.60443355892494,0
1489,train,1900,131224.29999992,1149251224.3,13,13,1,2,3784011.223663976,900901.2772900444,5037989.106912792,-71210.668990656,52.51446952311,13.3911542087129,74.8380028371121,1.63615669037021,0
1490,train,1900,131224.49999992,1149251224.5,13,13,1,2,3784009.4439677475,900901.4568175592,5037991.63431999,-71220.4672687631,52.514472501957,13.3911535434728,74.8382492218498,1.66442889897731,0
1491,train,1900,131224.69999992,1149251224.6999998,13,13,1,2,3784011.5311695775,900902.8241899863,5037989.0729490435,-71230.57730693885,52.5144754330817,13.391152883668,74.837955585097,1.69075327786411,0
1492,train,1900,131224.89999992,1149251224.9,12,12,1,2,3784000.270579166,900908.529187507,5037984.413518435,-71242.44871686262,52.5144784514939,13.3911522220825,74.8371585545611,1.71290770558342,0
1493,train,1900,131225.09999992,1149251225.1,12,12,1,2,3783996.165925766,900904.0028591834,5037976.74896863,-71261.02129349468,52.5144814455612,13.3911515849783,74.8359136182825,1.72928256200037,0
1494,train,1900,131225.29999992,1149251225.3,12,12,1,2,3783996.152689288,900901.5161588303,5037974.51882832,-71273.86695644096,52.5144845595341,13.3911509743657,74.8342865641654,1.73966390123531,0
1495,train,1900,131225.49999992,1149251225.5,12,12,1,2,3783995.4524801983,900899.3775308392,5037972.286669442,-71286.73261099678,52.5144875794119,13.3911504306735,74.832342157744,1.74766197208708,0
1496,train,1900,131225.69999992,1149251225.6999998,12,12,1,2,3783996.236949951,900902.6905772559,5037974.319621245,-71294.0585976673,52.5144906847707,13.3911499280638,74.8301322903721,1.75519435909389,0
1497,train,1900,131225.89999992,1149251225.9,12,12,1,2,3783998.7575952187,900904.5913087267,5037981.576541908,-71297.51474473566,52.5144938725213,13.3911494704154,74.8276977489925,1.76173727516281,0
1498,train,1900,131226.09999992,1149251226.1,12,12,1,2,3783995.5406428366,900905.3159072391,5037977.833749732,-71310.92487360387,52.5144970044983,13.3911490718814,74.8250738001817,1.76818274230438,0
1499,train,1900,131226.29999992,1149251226.3,14,14,1,2,3784002.86841356,900909.6233327937,5037971.956045383,-71323.60118506357,52.5145001580484,13.3911487166462,74.8222932237922,1.7714379411598,0
1500,train,1900,131226.49999992,1149251226.5,13,13,1,2,3784001.6794903763,900905.5173855034,5037965.4372850275,-71340.52283075213,52.5145032911831,13.3911484099452,74.8193914727849,1.76618346736302,0
1501,train,1900,131226.69999992,1149251226.6999998,13,13,1,2,3783998.05500376,900905.7770401369,5037961.850648772,-71354.6874367708,52.5145063461914,13.3911481513507,74.816416792159,1.7483284642331,0
1502,train,1900,131226.89999992,1149251226.9,12,12,1,3,3783990.196946892,900883.7322454798,5037958.051058988,-71379.29658436838,52.5145095060359,13.3911479110239,74.8134282778021,1.7111493310799,0
1503,train,1900,131227.09999992,1149251227.1,12,12,1,2,3783988.926117977,900885.2331807849,5037958.954459533,-71388.87630872875,52.5145124648075,13.3911476906043,74.8104955076608,1.652556107591,0
1504,train,1900,131227.29999992,1149251227.3,12,12,1,2,3783988.099773051,900883.2998937347,5037959.417032004,-71400.11841571808,52.514515227043,13.3911474736945,74.8077061853158,1.57579546464855,0
1505,train,1900,131227.49999992,1149251227.5,12,12,1,2,3783991.0571927205,900882.2004149096,5037964.858611064,-71406.22502034213,52.5145179101781,13.3911472484277,74.8051565346668,1.48503887655525,0
1506,train,1900,131227.69999992,1149251227.6999998,13,13,1,3,3783999.2608255413,900904.1305334223,5037970.526712668,-71400.34061856443,52.5145203566547,13.3911470352516,74.8029335881652,1.38430311223267,0
1507,train,1900,131227.89999992,1149251227.9,12,12,1,2,3783991.7612557677,900906.6995141275,5037975.482938615,-71407.48540730156,52.5145226624707,13.3911468209847,74.8011020117584,1.27846387301095,0
1508,train,1900,131228.09999992,1149251228.1,12,12,1,2,3783993.5915791867,900907.0567491718,5037984.123861898,-71412.04854227236,52.5145248584348,13.3911466140749,74.7996959037873,1.16981946669024,0
1509,train,1900,131228.29999992,1149251228.3,13,13,1,2,3784001.790499604,900899.6853714123,5037986.0328213535,-71421.34760928157,52.5145268964806,13.3911464130522,74.7987170982421,1.05892449534284,0
1510,train,1900,131228.49999992,1149251228.5,13,13,1,2,3784000.5636946345,900898.5488239536,5037992.293692416,-71427.79250481435,52.5145288327178,13.3911462283586,74.7981391115607,0.949213225606199,0
1511,train,1900,131228.69999992,1149251228.6999998,13,13,1,2,3784000.5080931853,900897.6454712333,5037995.018051395,-71436.7930430288,52.5145303843656,13.3911460610363,74.7979250752342,0.850626322743042,0
1512,train,1900,131228.89999992,1149251228.9,13,13,1,2,3784002.4168391693,900896.8899383963,5037996.694168236,-71446.1809199655,52.5145317639965,13.3911459193184,74.7980459532443,0.767339933729508,0
1513,train,1900,131229.09999992,1149251229.1,13,13,1,2,3784000.7293496933,900899.3507516175,5037987.765167001,-71461.961165123,52.5145329846646,13.3911457932671,74.7984836063171,0.698249952007838,0
1514,train,1900,131229.29999992,1149251229.3,13,13,1,2,3783995.0379509996,900903.0153196433,5037973.665910727,-71481.63897365585,52.5145342062393,13.3911456554912,74.7992284689161,0.640484195407556,0
1515,train,1900,131229.49999992,1149251229.5,13,13,1,2,3783994.399352442,900904.1584971506,5037964.705131836,-71499.03049512795,52.5145352528941,13.391145539311,74.800271426749,0.590972900291356,0
1516,train,1900,131229.69999992,1149251229.6999998,12,12,1,3,3783985.811093931,900886.73666391,5037962.805436631,-71521.06265320256,52.5145362656192,13.3911454319362,74.8015991205973,0.545495909134626,0
1517,train,1900,131229.89999992,1149251229.9,12,12,1,2,3783983.2047186233,900887.3658480159,5037960.593386845,-71533.32149968825,52.514537210279,13.3911453293506,74.8031924636706,0.501607625201197,0
1518,train,1900,131230.09999992,1149251230.1,12,12,1,2,3783982.23635653,900886.8488346457,5037958.843259137,-71545.34992066448,52.5145381269644,13.3911452316295,74.805029016004,0.4601223149819,0
1519,train,1900,131230.29999992,1149251230.3,13,13,1,3,3783989.7657647673,900904.940023236,5037956.339002182,-71546.24514381905,52.5145388876882,13.3911451362874,74.8070852811239,0.425724739050126,0
1520,train,1900,131230.49999992,1149251230.5,12,12,1,3,3783981.2016426753,900886.1414936562,5037955.540115679,-71568.12116876435,52.5145396279813,13.3911450492716,74.8093355900335,0.404029364550503,0
1521,train,1900,131230.69999992,1149251230.6999998,12,12,1,2,3783981.2542826,900888.0739447251,5037956.815699225,-71578.25734187778,52.5145403655182,13.3911449801053,74.8117523677116,0.401418892382084,0
1522,train,1900,131230.89999992,1149251230.9,12,12,1,2,3783982.837330689,900887.6149162863,5037955.5663632555,-71589.1023875431,52.5145410826208,13.3911448952366,74.8143031243256,0.419081576307773,0
1523,train,1900,131231.09999992,1149251231.1,12,12,1,2,3783981.726714608,900888.3678534793,5037952.192961544,-71602.37818146644,52.5145419540405,13.391144808208,74.8169469386289,0.451359340986557,0
1524,train,1900,131231.29999992,1149251231.3,13,13,1,3,3783989.7259431775,900905.4284979876,5037954.091882742,-71600.78550519417,52.5145428970401,13.3911447067361,74.8196340171461,0.493523032135331,0
1525,train,1900,131231.49999992,1149251231.5,12,12,1,2,3783986.203148982,900906.672008937,5037955.57589883,-71609.74317986536,52.5145438128069,13.3911445976858,74.822305783713,0.547959329799312,0
1526,train,1900,131231.69999992,1149251231.6999998,13,13,1,2,3783990.2852726644,900903.7820677273,5037957.45793878,-71619.91489988955,52.5145449037019,13.3911444621093,74.8249006027274,0.62474032972821,0
1527,train,1900,131231.89999992,1149251231.9,13,13,1,2,3783990.279059027,900902.3558713553,5037958.165998358,-71630.09130993627,52.5145460838433,13.3911442990688,74.8273563361294,0.735404835478933,0
1528,train,1900,131232.09999992,1149251232.1,12,12,1,3,3783984.180468694,900883.6218101905,5037958.797245581,-71651.18397051994,52.5145475274418,13.3911441173368,74.8296089030107,0.883599916178813,0
1529,train,1900,131232.29999992,1149251232.3,11,11,1,2,3783980.2172859358,900886.0781948412,5037958.371593722,-71661.93245958601,52.514549418321,13.391143908366,74.8315901048658,1.06691045788908,0
1530,train,1900,131232.49999992,1149251232.5,11,11,1,2,3783981.325059689,900886.8212510399,5037958.431735708,-71671.97416855692,52.514551620368,13.3911436386056,74.8332362727537,1.28028968022517,0
1531,train,1900,131232.69999992,1149251232.6999998,11,11,1,2,3783981.549909491,900886.9604316233,5037958.059787037,-71682.7306487647,52.5145540590618,13.3911433116737,74.834490305717,1.51530784563834,0
1532,train,1900,131232.89999992,1149251232.9,11,11,1,2,3783980.2982437504,900885.5909707176,5037958.780699019,-71692.99179849213,52.5145569984217,13.3911429274368,74.8353013766905,1.75890124020245,0
1533,train,1900,131233.09999992,1149251233.1,11,11,1,2,3783980.2167101144,900884.2013526155,5037964.084981015,-71699.96331889585,52.5145603480202,13.3911424697582,74.8356245377862,1.99592912956059,0
1534,train,1900,131233.29999992,1149251233.3,12,12,1,2,3783987.251936595,900880.6655156225,5037971.471684969,-71706.8102078898,52.5145641754756,13.3911419551746,74.8354206380585,2.21159600169221,0
1535,train,1900,131233.49999992,1149251233.5,11,11,1,2,3783981.794853557,900882.9604763456,5037978.512871544,-71711.05596344628,52.5145682727466,13.3911413708697,74.8346556390991,2.39029003877803,0
1536,train,1900,131233.69999992,1149251233.6999998,11,11,1,2,3783979.720746901,900883.9770751582,5037974.322012682,-71724.86730848115,52.5145726695722,13.3911407447723,74.833301731784,2.52011349122005,0
1537,train,1900,131233.89999992,1149251233.9,11,11,1,2,3783979.5259801047,900885.5889794374,5037968.229174303,-71739.12021580462,52.5145772323586,13.3911400688738,74.8313414266539,2.59802420825321,0
1538,train,1900,131234.09999992,1149251234.1,11,11,1,2,3783979.0215003775,900885.9357836896,5037966.853196574,-71750.4286580428,52.5145820157908,13.3911393723667,74.8287727348406,2.63264669305313,0
1539,train,1900,131234.29999992,1149251234.3,12,12,1,3,3783983.220575515,900906.1749971348,5037962.573688873,-71753.0233058766,52.5145866814163,13.3911386471588,74.8256141552249,2.6381785704297,0
1540,train,1900,131234.49999992,1149251234.5,12,12,1,2,3783983.058181954,900906.6313015755,5037960.321753198,-71764.80438538751,52.51459141211,13.3911379069073,74.8219059278623,2.6274957806634,0
1541,train,1900,131234.699999921,1149251234.6999998,13,13,1,2,3783986.4314444805,900906.0545681216,5037959.820014786,-71775.79378463479,52.5145960112979,13.3911371562786,74.8177135448708,2.61132422688906,0
1542,train,1900,131234.899999921,1149251234.9,13,13,1,2,3783988.534560227,900903.3245018821,5037963.029583429,-71783.19945595412,52.5146005190135,13.3911363960586,74.8131328836706,2.59518739123187,0
1543,train,1900,131235.099999921,1149251235.1,12,12,1,3,3783980.1945766113,900886.7333600128,5037962.543469067,-71804.526600347,52.5146049153204,13.3911356300464,74.8082947435278,2.57775322423244,0
1544,train,1900,131235.299999921,1149251235.3,12,12,1,2,3783980.2998522455,900886.3449057584,5037964.717868513,-71813.87624244014,52.514609422624,13.391134863856,74.8033619258633,2.55080352486633,0
1545,train,1900,131235.499999921,1149251235.5,11,11,1,2,3783976.0905951466,900890.0390865951,5037965.223494619,-71823.98057405256,52.5146138985127,13.3911341077582,74.7984929708023,2.50383053110692,0
1546,train,1900,131235.699999921,1149251235.6999998,12,12,1,3,3783981.377126777,900906.8450614389,5037962.4071473405,-71825.03053764612,52.5146182564288,13.3911333645538,74.7938278494322,2.43211651882745,0
1547,train,1900,131235.899999921,1149251235.9,12,12,1,2,3783980.7436029795,900906.4786959726,5037966.227161624,-71833.32193810117,52.5146225568788,13.3911326179708,74.7894913111679,2.34249062659781,0
1548,train,1900,131236.099999921,1149251236.1,12,12,1,2,3783980.87636333,900904.6599905615,5037964.110444844,-71844.52935883902,52.5146265887993,13.3911320755994,74.7855910686922,2.249148704059,0
1549,train,1900,131236.299999921,1149251236.3,12,12,1,2,3783982.036414731,900905.7573698154,5037964.018165702,-71855.30416485794,52.5146304018661,13.3911313555888,74.782219645508,2.16812881182817,0
1550,train,1900,131236.499999921,1149251236.5,12,12,1,3,3783980.091605709,900884.75004944,5037963.881134912,-71877.20700687649,52.5146340790718,13.3911308744173,74.7794563020395,2.10629642434593,0
1551,train,1900,131236.699999921,1149251236.6999998,12,12,1,2,3783978.2930816417,900883.5483964034,5037965.48717837,-71887.81971855894,52.5146378332224,13.3911302806774,74.777363049339,2.06360471145252,0
1552,train,1900,131236.899999921,1149251236.9,12,12,1,2,3783977.1481728046,900886.2358416083,5037966.114297956,-71898.03138066424,52.5146413793887,13.3911297154501,74.7759895249249,2.04064708404863,0
1553,train,1900,131237.099999921,1149251237.1,12,12,1,2,3783977.150618365,900886.6155012703,5037965.283677269,-71909.22840660783,52.514644959465,13.3911290899374,74.7753737949559,2.03967361801448,0
1554,train,1900,131237.299999921,1149251237.3,12,12,1,2,3783975.635052216,900885.8321917126,5037964.556928738,-71920.76074066648,52.5146485213692,13.3911284648627,74.7755428507765,2.06561029098112,0
1555,train,1900,131237.499999921,1149251237.5,12,12,1,2,3783974.980276783,900885.6483935238,5037962.591718326,-71933.40077348486,52.5146521378689,13.3911278264535,74.7765098884161,2.12027131538417,0
1556,train,1900,131237.699999921,1149251237.6999998,12,12,1,3,3783975.6689143823,900906.6486969417,5037964.198952884,-71930.81294620907,52.5146559894703,13.3911272205783,74.7782703894796,2.19913501071269,0
1557,train,1900,131237.899999921,1149251237.9,12,12,1,2,3783975.1131384377,900908.2045814547,5037963.128955729,-71941.67275094327,52.5146599903498,13.3911265189055,74.7808039456248,2.29321692825221,0
1558,train,1900,131238.099999921,1149251238.1,13,13,1,2,3783974.8152546235,900908.6582991066,5037963.391864294,-71951.28420074223,52.5146641528663,13.3911256090969,74.7840793478982,2.38834815829594,0
1559,train,1900,131238.299999921,1149251238.3,13,12,1,3,3783968.504217527,900889.8079529492,5037965.124251132,-71972.1413406722,52.5146684367091,13.3911248405682,74.7880575088869,2.47629292878161,0
1560,train,1900,131238.499999921,1149251238.5,13,12,1,2,3783967.81348043,900890.0322302419,5037966.67191894,-71981.38614524146,52.5146730230307,13.3911240392011,74.7926903080917,2.55469927189349,0
1561,train,1900,131238.699999921,1149251238.6999998,13,12,1,2,3783968.2945144465,900889.567539223,5037968.430068112,-71990.63754252889,52.514677585111,13.3911232338783,74.7979081712288,2.62580207250718,0
1562,train,1900,131238.899999921,1149251238.9,13,12,1,2,3783968.959486633,900890.1992957871,5037966.963205747,-72001.45622700387,52.5146821396848,13.391122092174,74.8036017920528,2.68770259736404,0
1563,train,1900,131239.099999921,1149251239.1,13,12,1,2,3783969.5181253753,900887.7178970368,5037965.849056464,-72013.71253372393,52.5146869854954,13.3911212413694,74.8096203455542,2.73565546754332,0
1564,train,1900,131239.299999921,1149251239.3,13,13,1,3,3783977.012952038,900903.399370331,5037963.112655504,-72014.45817891828,52.5146918419064,13.3911203845232,74.8157828848519,2.76495877043052,0
1565,train,1900,131239.499999921,1149251239.5,13,13,1,2,3783976.7990371925,900902.747801293,5037964.422979533,-72024.46039786215,52.5146967750905,13.3911195253107,74.821918999422,2.77307515312008,0
1566,train,1900,131239.699999921,1149251239.6999998,12,12,1,3,3783969.30070505,900878.3292827904,5037964.0531641515,-72046.84988744424,52.5147016815749,13.3911186764504,74.8278869129481,2.76344501975516,0
1567,train,1900,131239.899999921,1149251239.9,13,13,1,3,3783980.426697558,900895.2542873698,5037959.880544641,-72047.5918120718,52.5147064653194,13.3911178444606,74.8335768359559,2.74530903739302,0
1568,train,1900,131240.099999921,1149251240.1,13,13,1,2,3783978.4932703064,900889.4702338236,5037952.721955122,-72064.01335387051,52.51471126798,13.391117032711,74.8389125744978,2.72417598906605,0
1569,train,1900,131240.299999921,1149251240.3,13,13,1,3,3783968.776816654,900856.229220341,5037949.82360918,-72095.91569626317,52.5147161421982,13.3911162233695,74.8438543134493,2.70082913041856,0
1570,train,1900,131240.499999921,1149251240.5,13,13,1,3,3783975.6029987703,900874.554491075,5037947.444414319,-72096.56536244386,52.514720897123,13.3911154360841,74.8483949359753,2.67800138675496,0
1571,train,1900,131240.699999921,1149251240.6999998,13,13,1,2,3783973.531164997,900866.5708989209,5037949.802099502,-72109.69750729034,52.5147256285097,13.3911146671842,74.8525602411533,2.65692742877733,0
1572,train,1900,131240.899999921,1149251240.9,13,13,1,2,3783969.419500646,900860.7571036805,5037945.967826173,-72125.49752895863,52.5147300589563,13.3911139300424,74.8564104814339,2.63748426253824,0
1573,train,1900,131241.099999921,1149251241.1,13,13,1,2,3783969.229842206,900859.2155005847,5037946.291283898,-72136.72072629594,52.514734555762,13.391113213813,74.8600435049882,2.61931051273725,0
1574,train,1900,131241.299999921,1149251241.3,13,13,1,2,3783968.135851994,900860.2467608963,5037949.068168093,-72145.53344991358,52.5147391234762,13.3911125546098,74.8635870972313,2.60022692837857,0
1575,train,1900,131241.499999921,1149251241.5,13,13,1,2,3783970.049129896,900857.6687635786,5037948.38237357,-72157.46279354318,52.5147436772446,13.3911119129556,74.8671619031244,2.57742339758211,0
1576,train,1900,131241.699999921,1149251241.6999998,13,13,1,2,3783969.9319987344,900857.04552853,5037947.8515742365,-72167.5207818218,52.5147481304087,13.3911113235268,74.8708578593933,2.55159847402209,0
1577,train,1900,131241.899999921,1149251241.9,13,13,1,2,3783970.760736535,900855.6609050549,5037947.716676085,-72179.0491447278,52.5147526818533,13.3911107568897,74.8747361862559,2.52649318576405,0
1578,train,1900,131242.099999921,1149251242.1,13,13,1,2,3783970.7196743083,900855.8681602095,5037950.380807052,-72187.32881825285,52.5147571455456,13.3911102318792,74.8788274972538,2.50572366430879,0
1579,train,1900,131242.299999921,1149251242.3,13,13,1,2,3783969.7239105967,900853.8784685904,5037951.570251891,-72199.02017804013,52.5147616561196,13.391109740686,74.8831310717469,2.49600399011582,0
1580,train,1900,131242.499999921,1149251242.5,13,13,1,2,3783967.8510807967,900849.8648125101,5037950.8898373265,-72211.36005983489,52.5147660878256,13.3911092792423,74.8876391029642,2.50967732520929,0
1581,train,1900,131242.699999921,1149251242.6999998,13,13,1,2,3783966.8425343703,900850.5429699168,5037949.048874168,-72223.55387457933,52.5147705182581,13.3911088222748,74.8923512154234,2.55320537753808,0
1582,train,1900,131242.899999921,1149251242.9,14,14,1,2,3783966.7055253005,900849.7841035904,5037948.622121563,-72234.60941766702,52.5147751379303,13.3911083373737,74.8972747171623,2.62329011943991,0
1583,train,1900,131243.099999921,1149251243.1,14,14,1,2,3783967.6884787236,900849.6883617135,5037947.765994086,-72244.53334124602,52.5147798960415,13.3911077936445,74.9024166228111,2.71114657903504,0
1584,train,1900,131243.299999921,1149251243.3,14,14,1,2,3783968.123566795,900851.3253412498,5037949.04698996,-72253.55930538136,52.5147847328036,13.3911071730291,74.9077953515743,2.81242645754826,0
1585,train,1900,131243.499999921,1149251243.5,13,13,1,2,3783955.1726113562,900854.2821062237,5037943.4374734545,-72274.15877288878,52.514789700589,13.3911064307807,74.9134357169321,2.9304168303402,0
1586,train,1900,131243.699999921,1149251243.6999998,13,13,1,2,3783954.610008772,900851.6716291778,5037942.17506579,-72286.07415518833,52.5147948983314,13.3911054777867,74.9193485755113,3.06966944032868,0
1587,train,1900,131243.899999921,1149251243.9,13,13,1,2,3783953.979425053,900849.9620600638,5037944.097708505,-72295.72647508493,52.5148003381798,13.3911041768161,74.9255319826496,3.22586393775455,0
1588,train,1900,131244.099999921,1149251244.1,14,14,1,2,3783967.1920867884,900844.1348643134,5037949.7479805825,-72296.98233609388,52.5148060830911,13.3911023645196,74.9319673561002,3.38184684205272,0
1589,train,1900,131244.299999921,1149251244.3,14,14,1,2,3783966.4950837134,900843.6232181066,5037949.783075565,-72307.62071189763,52.5148120996426,13.3910999064887,74.9386140533236,3.51703144206572,0
1590,train,1900,131244.499999921,1149251244.5,14,14,1,2,3783966.206140535,900845.7879310434,5037949.380921656,-72318.3859901746,52.5148181648576,13.3910967163193,74.945406321964,3.61611235539094,0
1591,train,1900,131244.699999921,1149251244.6999998,14,14,1,2,3783968.862683335,900842.3188492584,5037951.355869955,-72327.27334668474,52.5148242212627,13.3910927926858,74.9522565932297,3.67891079666254,0
1592,train,1900,131244.899999921,1149251244.9,14,14,1,2,3783969.943304221,900843.6908106314,5037951.030742884,-72337.2203869249,52.5148302650888,13.3910881342359,74.9590642901499,3.71758269938849,0
1593,train,1900,131245.099999921,1149251245.1,14,14,1,2,3783969.575563638,900842.1467131968,5037951.48404183,-72348.5247628223,52.5148361008562,13.3910827692646,74.965728265567,3.752505954674,0
1594,train,1900,131245.299999921,1149251245.3,14,14,1,2,3783968.9335291204,900841.3519093456,5037950.991470953,-72359.52487020472,52.514841868314,13.3910766847497,74.9721550747112,3.80054660080322,0
1595,train,1900,131245.499999921,1149251245.5,14,14,1,2,3783968.2266943743,900840.9887661269,5037952.339410818,-72369.65436182926,52.5148473675116,13.3910698077109,74.9782566693091,3.86705319887319,0
1596,train,1900,131245.699999921,1149251245.6999998,14,14,1,2,3783967.3533881353,900839.7262058131,5037952.612050191,-72380.43871248222,52.5148526887002,13.3910621616016,74.9839531565811,3.95292134232312,0
1597,train,1900,131245.899999921,1149251245.9,14,14,1,2,3783964.649514628,900838.7481096026,5037950.124382317,-72393.60252867838,52.5148578697545,13.3910536776537,74.989178083349,4.05547039955899,0
1598,train,1900,131246.099999921,1149251246.1,14,14,1,2,3783966.254642672,900838.0424893999,5037952.424652884,-72402.35522753651,52.5148626846122,13.391044349691,74.9938834273226,4.17313070147762,0
1599,train,1900,131246.299999921,1149251246.3,14,14,1,2,3783965.575698431,900838.4430214589,5037953.709757272,-72412.10253905562,52.5148671299793,13.3910341484225,74.9980395739677,4.30456369192,0
1600,train,1900,131246.499999921,1149251246.5,14,14,1,2,3783966.4076504307,900837.0165064114,5037951.993795443,-72423.80583609562,52.5148712929889,13.3910230198887,75.0016330035607,4.4476561812042,0
1601,train,1900,131246.699999921,1149251246.6999998,14,14,1,2,3783965.215499255,900836.6302641315,5037949.738586954,-72435.79560676616,52.514874855175,13.3910109792738,75.0046641637756,4.60107696753443,0
1602,train,1900,131246.899999921,1149251246.9,14,14,1,2,3783965.900325371,900834.2024552997,5037950.020213918,-72445.64258146506,52.5148779050737,13.3909980659452,75.0071455241286,4.76268621323224,0
1603,train,1900,131247.099999921,1149251247.1,14,14,1,2,3783966.6506520067,900834.5776812078,5037949.582650458,-72456.2570177367,52.5148804312349,13.3909843209777,75.0090987656373,4.93289309593572,0
1604,train,1900,131247.299999921,1149251247.3,14,14,1,2,3783966.5349373124,900833.2938716824,5037952.205527501,-72465.57053549985,52.5148821778308,13.3909697985942,75.0105527039005,5.11254801315132,0
1605,train,1900,131247.499999921,1149251247.5,14,14,1,2,3783970.9999521137,900830.639223316,5037952.264189971,-72474.67416640853,52.5148833894657,13.3909545679086,75.0115488746247,5.30070228504223,0
1606,train,1900,131247.699999921,1149251247.6999998,13,13,1,2,3783955.6190436054,900832.8544521539,5037945.265690546,-72496.89455573329,52.5148839587366,13.3909386780519,75.0121405075103,5.49469316507046,0
1607,train,1900,131247.899999921,1149251247.9,14,14,1,2,3783972.9050336913,900829.5075115085,5037952.143384577,-72494.21025825545,52.514883867594,13.3909221940186,75.0123856718846,5.69061352843807,0
1608,train,1900,131248.099999921,1149251248.1,13,13,1,3,3783954.2160229357,900833.2908628144,5037944.668447759,-72517.45350272767,52.5148835029852,13.3909051451028,75.0123439470371,5.88475274018518,0
1609,train,1900,131248.299999921,1149251248.3,14,14,1,2,3783970.6483148555,900827.7793915482,5037951.978998926,-72515.32605385911,52.5148828615229,13.3908875475956,75.0120747003512,6.07551295500995,0
1610,train,1900,131248.499999921,1149251248.5,14,14,1,2,3783970.7313991245,900826.4938611904,5037952.961717111,-72525.67513736474,52.5148821426035,13.3908694012988,75.0116363404113,6.26222782189142,0
1611,train,1900,131248.699999921,1149251248.6999998,14,14,1,2,3783971.856402443,900825.0766964422,5037959.167512007,-72531.2796671117,52.5148813135897,13.390850716478,75.0110843789472,6.44370856780222,0
1612,train,1900,131248.899999921,1149251248.9,14,14,1,2,3783973.336893291,900823.5731757734,5037962.619793726,-72539.21880074605,52.5148804234456,13.3908315116191,75.0104695904523,6.61485822858061,0
1613,train,1900,131249.099999921,1149251249.1,14,14,1,2,3783972.1211077906,900822.054806782,5037962.5100782225,-72549.51108614038,52.5148794214568,13.3908118427559,75.009836583195,6.76784198950007,0
1614,train,1900,131249.299999921,1149251249.3,13,13,1,2,3783961.9702170575,900824.3078155285,5037957.839747685,-72568.70568251458,52.514878357263,13.3907917667457,75.009223798039,6.89688922239901,0
1615,train,1900,131249.499999921,1149251249.5,13,12,1,2,3783975.9483558615,900822.795551541,5037963.88721416,-72569.47577857165,52.5148772607208,13.390771357078,75.00866281572,7.00405519237623,0
1616,train,1900,131249.699999921,1149251249.6999998,12,11,1,2,3783970.7433641274,900826.0736608618,5037942.976166866,-72594.13327857183,52.5148760944149,13.390750655854,75.0081761617072,7.09776215104392,0
1617,train,1900,131249.899999921,1149251249.9,13,12,1,2,3783979.683258736,900820.1736969389,5037967.726455467,-72585.69886642949,52.5148748662489,13.3907296933634,75.0077781316915,7.19043545303179,0
1618,train,1900,131250.099999921,1149251250.1,12,12,1,2,3783974.9328651996,900816.4731561037,5037968.209849798,-72598.71311336778,52.5148735577048,13.3907084465368,75.0074742183883,7.29669913194989,0
1619,train,1900,131250.299999921,1149251250.3,13,12,1,2,3783978.4151859083,900815.8884991156,5037970.130894255,-72606.25395800556,52.5148722831689,13.3906868588211,75.0072616291704,7.42811452491563,0
1620,train,1900,131250.499999921,1149251250.5,13,12,1,2,3783981.139115695,900813.8164500225,5037970.597605706,-72615.34348379697,52.5148709046666,13.3906648440313,75.0071308881963,7.58740307989645,0
1621,train,1900,131250.699999921,1149251250.6999998,12,12,1,2,3783981.8947072704,900813.4315625471,5037973.29261958,-72623.12174361553,52.5148694355041,13.3906423400103,75.007067667969,7.77172395065484,0
1622,train,1900,131250.899999921,1149251250.9,12,12,1,2,3783983.451303631,900810.22682778,5037975.808185715,-72632.30012072239,52.5148681272184,13.3906192640496,75.0070547450167,7.97276285730063,0
1623,train,1900,131251.099999921,1149251251.1,12,12,1,2,3783987.998935079,900812.3522938525,5037956.4255601,-72651.79820882574,52.5148665719155,13.3905955755451,75.0070728503444,8.18076437886317,0
1624,train,1900,131251.299999921,1149251251.3,14,13,1,2,3783992.2690575286,900806.1568692168,5037983.714939471,-72644.22891226878,52.5148650796551,13.3905712774435,75.0071022753147,8.38863172918053,0
1625,train,1900,131251.499999921,1149251251.5,14,13,1,2,3783993.7310757767,900804.9285484374,5037982.133871539,-72654.2631200915,52.5148635955247,13.390546376369,75.007125060037,8.59263865783613,0
1626,train,1900,131251.699999921,1149251251.6999998,14,13,1,2,3783991.9197571543,900804.143974252,5037980.790929608,-72666.2163270192,52.514862198311,13.3905208649322,75.0071270998153,8.7930470923644,0
1627,train,1900,131251.899999922,1149251251.9,13,12,1,2,3783980.0600316925,900793.9030956734,5037978.951720793,-72686.7533903144,52.5148606303844,13.3904947933372,75.0071005322642,8.99341930748993,0
1628,train,1900,131252.099999922,1149251252.1,14,13,1,2,3783988.5356489117,900799.4884562658,5037980.435366955,-72690.27332271884,52.514859186431,13.3904681093036,75.0070464663274,9.19091230603887,0
1629,train,1900,131252.299999922,1149251252.3,14,13,1,2,3783988.9912208263,900798.3694846511,5037981.444156683,-72700.26044800483,52.5148575590277,13.3904408738794,75.006975066582,9.3817304873345,0
1630,train,1900,131252.499999922,1149251252.5,14,13,1,2,3783985.1745814765,900795.2830595229,5037980.272765118,-72713.8027756455,52.5148558482199,13.390413102232,75.0068970015857,9.55912088192132,0
1631,train,1900,131252.699999922,1149251252.6999998,14,13,1,2,3783987.6027616784,900793.3946859931,5037982.14428845,-72721.88083424182,52.5148541496573,13.3903848302297,75.0068214814367,9.71403982963,0
1632,train,1900,131252.899999922,1149251252.9,13,12,1,2,3783984.618696453,900795.7761710716,5037954.7044234,-72750.26825578893,52.5148524046488,13.3903561425278,75.0067581716207,9.84295501875679,0
1633,train,1900,131253.099999922,1149251253.1,13,12,1,2,3783985.396250397,900793.8241985287,5037954.783758297,-72760.47547923666,52.5148507746428,13.3903270996325,75.0067195126641,9.95063183613713,0
1634,train,1900,131253.299999922,1149251253.3,13,12,1,2,3783987.701979985,900790.8585015152,5037955.425198604,-72769.81351853067,52.5148491547924,13.3902977608242,75.0067207741067,10.0441230912152,0
1635,train,1900,131253.499999922,1149251253.5,13,12,1,2,3783990.326382409,900790.9681095554,5037955.259086508,-72778.58942020942,52.5148474413009,13.390268162995,75.0067796921127,10.1269112327731,0
1636,train,1900,131253.699999922,1149251253.6999998,13,12,1,2,3783990.1199914054,900789.3840752882,5037956.785942768,-72787.49190869591,52.514845697406,13.3902383439789,75.0069129341407,10.2015069841892,0
1637,train,1900,131253.899999922,1149251253.9,13,12,1,2,3783989.25147888,900786.8063437061,5037955.772053244,-72799.26812956903,52.5148440841081,13.3902083251416,75.0071343476723,10.2681351434165,0
1638,train,1900,131254.099999922,1149251254.1,13,12,1,2,3783988.6472811354,900784.7620309446,5037951.728260718,-72813.0800463671,52.5148421342717,13.3901781328399,75.0074528821651,10.3208192002805,0
1639,train,1900,131254.299999922,1149251254.3,13,12,1,2,3783989.191322276,900783.2367455357,5037951.678154341,-72822.94820723726,52.5148402865007,13.3901478109963,75.0078696206807,10.3537894259508,0
1640,train,1900,131254.499999922,1149251254.5,13,12,1,2,3783992.1628064928,900780.2990984344,5037953.344946542,-72831.50515678352,52.5148384958912,13.3901174213218,75.0083758744719,10.3688842700492,0
1641,train,1900,131254.699999922,1149251254.6999998,13,12,1,2,3783992.4276148486,900777.3591903449,5037955.189527948,-72840.20757271493,52.5148365629553,13.3900870146128,75.0089555670092,10.3721139175611,0
1642,train,1900,131254.899999922,1149251254.9,12,11,1,2,3783978.879991957,900776.6320592731,5037945.4715943355,-72863.56229126644,52.5148346981779,13.3900566266541,75.0095872911484,10.3695694730014,0
1643,train,1900,131255.099999922,1149251255.1,13,12,1,2,3783993.565092425,900773.9965944103,5037952.653906444,-72862.14646628618,52.5148325685374,13.3900262657681,75.0102467202603,10.3621356198855,0
1644,train,1900,131255.299999922,1149251255.3,12,11,1,2,3783979.5976446243,900773.7398552106,5037944.207234049,-72884.72194833883,52.5148305605068,13.3899959378953,75.0109082191358,10.3469692842355,0
1645,train,1900,131255.599999922,1149251255.6,14,13,1,3,3784001.0023075533,900763.8790180536,5037986.041362152,-72865.89809013624,52.5148274176016,13.3899506030837,75.0118558119065,10.3047426198532,0
1646,train,1900,131255.799999922,1149251255.8,13,12,1,2,3783995.3790260362,900767.5301692046,5037952.048503834,-72899.17035228889,52.5148252914562,13.3899204955759,75.0124350798329,10.2626132398649,0
1647,train,1900,131255.999999922,1149251256.0,14,13,1,2,3784002.2388397814,900759.5909112336,5037986.870662722,-72886.27220963628,52.5148232334401,13.3898905255872,75.0129644096887,10.2137184188782,0
1648,train,1900,131256.199999922,1149251256.1999998,14,13,1,2,3784002.5852831453,900758.4050951928,5037986.784925239,-72896.17352781295,52.5148211476054,13.3898607208405,75.0134430887957,10.1665259466731,0
1649,train,1900,131256.399999922,1149251256.4,14,13,1,2,3784004.919610114,900756.2452464395,5037987.35297944,-72905.57829749816,52.5148190424998,13.3898310436659,75.0138728101032,10.1209161848462,0
1650,train,1900,131256.599999922,1149251256.6,14,13,1,2,3784006.957925391,900755.1023929174,5037988.41639695,-72914.11050528326,52.514816888036,13.3898014975434,75.0142490454505,10.0749026956778,0
1651,train,1900,131256.799999922,1149251256.8,14,13,1,2,3784009.3265694706,900752.4713793156,5037991.337743616,-72921.74176229253,52.5148147354859,13.3897720959322,75.014556446052,10.0288863741071,0
1652,train,1900,131256.999999922,1149251257.0,16,13,1,2,3784008.80046577,900750.3216437749,5037992.180483158,-72931.46367573053,52.5148125365093,13.3897428279587,75.0147649340807,9.98708125739686,0
1653,train,1900,131257.199999922,1149251257.1999998,16,14,1,3,3784047.526344093,900769.2282934854,5038007.71071585,-72909.05670180402,52.5148103888718,13.3897136615859,75.0148315304182,9.95730319465771,0
1654,train,1900,131257.399999922,1149251257.4,15,13,1,3,3784070.3120967695,900762.2925027113,5038016.762394808,-72903.5268383035,52.5148083445557,13.3896845534564,75.0147047951887,9.94890392595603,0
1655,train,1900,131257.599999922,1149251257.6,15,13,1,3,3784015.6792341038,900743.612385067,5037998.402603646,-72957.4249610426,52.5148062983099,13.3896554450514,75.0143285102834,9.96498839522798,0
1656,train,1900,131257.799999922,1149251257.8,15,13,1,2,3784018.2721319036,900741.895174352,5037999.538706948,-72966.3230590539,52.5148043513987,13.3896262804652,75.0136457522867,9.99182378370491,0
1657,train,1900,131257.999999922,1149251258.0,15,13,1,2,3784016.7304014135,900738.9591277253,5038000.50438604,-72976.68775034003,52.5148022621485,13.3895970333841,75.0126001852816,9.99571180499551,0
1658,train,1900,131258.199999922,1149251258.1999998,15,13,1,2,3784018.7584082275,900736.0240285095,5038003.398271963,-72984.48241785241,52.514800265444,13.3895685821591,75.0111415366245,9.95735108677867,0
1659,train,1900,131258.399999922,1149251258.4,14,13,1,2,3784023.008216648,900734.4729647913,5038001.542608699,-72994.22771638974,52.5147980941398,13.3895395653797,75.0092266029816,9.88784082200316,0
1660,train,1900,131258.599999922,1149251258.6,13,12,1,2,3784017.8887775093,900733.5023481167,5037997.586587478,-73009.9501173333,52.5147959301437,13.3895107609061,75.0068271487067,9.81856210364512,0
1661,train,1900,131258.799999922,1149251258.8,13,12,1,2,3784018.90457912,900731.3178486029,5037996.957103032,-73020.95532781145,52.5147940582416,13.3894820970528,75.0039347335341,9.77613444490637,0
1662,train,1900,131258.999999922,1149251259.0,13,12,1,2,3784018.859393969,900728.5923866018,5037996.957300347,-73032.96802274472,52.5147920139317,13.3894534954287,75.0005691068697,9.76742432533473,0
1663,train,1900,131259.199999922,1149251259.1999998,14,13,1,2,3784031.347514552,900725.9888742685,5038001.324993213,-73034.04592050049,52.5147900470845,13.3894248981275,74.9967791980313,9.78271413875526,0
1664,train,1900,131259.399999922,1149251259.4,14,13,1,2,3784027.4223159314,900725.2101603552,5037998.226158885,-73048.36091162312,52.5147880032924,13.3893962211299,74.9926398271679,9.80862246758326,0
1665,train,1900,131259.599999922,1149251259.6,14,13,1,2,3784023.65944289,900725.0371278976,5037993.780125839,-73063.3729329591,52.5147860062268,13.3893674815397,74.9882466414618,9.83876757930669,0
1666,train,1900,131259.799999922,1149251259.8,13,12,1,2,3784014.4488538257,900731.8715935131,5037946.855689842,-73105.43229231694,52.5147841984602,13.389338627104,74.9837083203337,9.87326210612776,0
1667,train,1900,131259.999999922,1149251260.0,14,14,1,2,3784020.501842535,900720.7489428021,5037992.490795326,-73086.58848857251,52.5147821903967,13.3893096874893,74.9791306491037,9.91408525268849,0
1668,train,1900,131260.199999922,1149251260.1999998,13,13,1,2,3784012.2254270413,900727.2407607673,5037944.75040285,-73129.0725063939,52.5147803351195,13.3892806180858,74.9746051246039,9.96318218015992,0
1669,train,1900,131260.399999922,1149251260.4,13,13,1,3,3784023.963273796,900713.3072123209,5037988.663969407,-73107.15683684676,52.5147783798455,13.3892513697297,74.9702038981864,10.0149633025651,0
1670,train,1900,131260.599999922,1149251260.6,14,14,1,2,3784022.4323050957,900718.4116919639,5037980.634445143,-73124.6691815809,52.5147761065488,13.3892222944894,74.9659825112871,10.0612121576723,0
1671,train,1900,131260.799999922,1149251260.8,13,13,1,2,3784017.958152266,900710.4609644982,5037976.94413567,-73142.30322036956,52.5147741470436,13.3891927632328,74.9619860798443,10.1018482867056,0
1672,train,1900,131260.999999922,1149251261.0,11,11,1,2,3784014.9234321504,900708.7992538213,5037955.768370955,-73165.6462168899,52.5147721784695,13.3891631279502,74.9582549289162,10.1423622175861,0
1673,train,1900,131261.199999922,1149251261.1999998,12,12,1,2,3784015.0083264695,900710.697863186,5037951.607024487,-73179.20545374778,52.5147702563675,13.3891333532686,74.9548328770498,10.185842359832,0
1674,train,1900,131261.399999922,1149251261.4,13,13,1,2,3784009.2639393103,900715.5734899295,5037957.94710522,-73186.05499360291,52.5147683484942,13.3891034541913,74.9517681472041,10.2249116119723,0
1675,train,1900,131261.599999922,1149251261.6,11,11,1,2,3784011.826680266,900707.0550049287,5037950.344250479,-73202.17944902477,52.5147664282665,13.3890734761551,74.9491054553192,10.2500630817844,0
1676,train,1900,131261.799999922,1149251261.8,11,11,1,2,3784001.476392409,900720.8080730817,5037923.891456295,-73231.89685803553,52.514764502623,13.389043450249,74.9468795657755,10.2571050536157,0
1677,train,1900,131261.999999922,1149251262.0,11,11,1,3,3784015.2857281463,900702.3667472594,5037951.570587069,-73221.26194732283,52.5147626539703,13.3890134426057,74.9451132198175,10.2434273805204,0
1678,train,1900,131262.199999922,1149251262.1999998,14,14,1,3,3784044.3756617834,900724.9309629156,5037971.259048388,-73201.49581553208,52.5147606776724,13.3889835070127,74.9438214102779,10.2014571149742,0
1679,train,1900,131262.399999922,1149251262.4,13,13,1,3,3784023.3904975,900701.449606663,5037963.072491905,-73232.98236548978,52.5147586119111,13.3889537465765,74.9430152895115,10.1309390464351,0
1680,train,1900,131262.599999922,1149251262.6,14,14,1,2,3784027.6879764553,900705.7585049674,5037962.356778633,-73238.4568003152,52.5147565615967,13.3889242096942,74.9427017650768,10.0464328003301,0
1681,train,1900,131262.799999922,1149251262.8,15,15,1,3,3784044.7440803847,900720.9053110142,5037968.874401291,-73231.90852683474,52.5147547512987,13.3888949174836,74.9428818781347,9.95953627458683,0
1682,train,1900,131262.999999922,1149251263.0,15,15,1,2,3784044.9298550645,900720.2949973807,5037970.296573842,-73240.56088088811,52.5147528517841,13.3888658732128,74.9435508465297,9.87480739361281,0
1683,train,1900,131263.199999922,1149251263.1999998,14,14,1,2,3784038.557360842,900724.613621714,5037935.901676694,-73273.54793219299,52.5147508124982,13.3888370863996,74.9446958525365,9.79358420640209,0
1684,train,1900,131263.399999922,1149251263.4,15,14,1,3,3784068.7194934315,900719.7307983245,5037981.928879178,-73241.96291877962,52.5147489284968,13.3888085258668,74.9462962228897,9.70936139954713,0
1685,train,1900,131263.599999922,1149251263.6,12,11,1,2,3784080.2763505126,900721.283490896,5037956.9084159685,-73260.3723570988,52.5147469266162,13.3887818296168,74.9483220484062,9.61203724852513,0
1686,train,1900,131263.799999922,1149251263.8,15,13,1,2,3784087.494636082,900707.1042645777,5037990.483313229,-73251.65555935905,52.5147460613078,13.3887546199572,74.9507335819592,9.49771256265023,0
1687,train,1900,131263.999999922,1149251264.0,15,13,1,2,3784088.7371252403,900704.694707291,5037991.665002729,-73261.03595673309,52.5147442836097,13.388727122299,74.95347923933,9.3711855011182,0
1688,train,1900,131264.199999922,1149251264.1999998,15,13,1,2,3784091.5945287896,900703.4469056315,5037991.332462556,-73270.13209116299,52.5147423002733,13.3886998843799,74.9564962300163,9.24699350540865,0
1689,train,1900,131264.399999922,1149251264.4,15,13,1,2,3784094.645510757,900700.8687780042,5037994.828428443,-73276.57879739434,52.5147404565882,13.3886729702089,74.9597156561343,9.13861222935576,0
1690,train,1900,131264.599999922,1149251264.6,15,13,1,2,3784097.9420442074,900699.1589280703,5037995.8356427895,-73285.71338441983,52.5147387025365,13.3886463314688,74.9630727606937,9.04808800485197,0
1691,train,1900,131264.799999922,1149251264.8,13,11,1,3,3784018.824408045,900686.1348280379,5037939.795696172,-73372.64389358954,52.5147368654298,13.3886199491986,74.9665131368504,8.97090731980978,0
1692,train,1900,131264.999999922,1149251265.0,12,10,1,2,3784020.280019237,900690.681353352,5037927.049051232,-73391.51797803078,52.5147350276537,13.3885938070555,74.9699940241421,8.90433928098027,0
1693,train,1900,131265.199999922,1149251265.1999998,14,12,1,2,3784029.940308621,900676.9590988698,5037971.577986348,-73369.93340808358,52.5147331671178,13.3885678358409,74.9734828771863,8.84574895192565,0
1694,train,1900,131265.399999922,1149251265.4,14,12,1,2,3784033.197507596,900674.3391721203,5037973.566773014,-73377.25081466026,52.5147314073093,13.3885420110894,74.9769494558002,8.79546087798694,0
1695,train,1900,131265.599999922,1149251265.6,14,12,1,2,3784036.472392352,900672.8019258075,5037976.201802107,-73384.18585455784,52.514729749715,13.3885163269321,74.9803564897926,8.75087885827972,0
1696,train,1900,131265.899999922,1149251265.9,15,13,1,3,3784062.7040910474,900670.7198556854,5037981.87648487,-73383.0242128605,52.5147269127712,13.3884780682697,74.9852509218474,8.68605556707741,0
1697,train,1900,131266.099999922,1149251266.1,15,13,1,2,3784064.0855351645,900668.4654753845,5037981.514395771,-73393.89919631477,52.5147249714481,13.3884527169811,74.9882836167973,8.64309176959831,0
1698,train,1900,131266.299999922,1149251266.3,15,13,1,2,3784061.9106507776,900667.3875356036,5037981.190449619,-73405.23379617905,52.5147231562018,13.3884275066853,74.9910541149769,8.59705938899907,0
1699,train,1900,131266.499999922,1149251266.5,14,12,1,3,3784035.434036941,900665.873238899,5037970.602787421,-73436.21238997387,52.5147213343823,13.3884024362687,74.9935108598378,8.54155083408798,0
1700,train,1900,131266.699999922,1149251266.6999998,14,12,1,2,3784036.696523798,900664.8719330605,5037970.595660196,-73446.27866934086,52.5147197019964,13.3883777576736,74.9956270403897,8.48327262799706,0
1701,train,1900,131266.899999922,1149251266.9,15,13,1,2,3784052.040151358,900663.696552005,5037975.191392413,-73446.02839562592,52.5147178757627,13.3883532041238,74.9973958055161,8.40680986583789,0
1702,train,1900,131267.099999922,1149251267.1,14,12,1,2,3784037.53214102,900661.4352942171,5037970.870151177,-73466.6579784404,52.514716493138,13.3883292010763,74.9988435016068,8.30855940826834,0
1703,train,1900,131267.299999922,1149251267.3,14,12,1,2,3784039.374512319,900659.9856550776,5037972.383504743,-73475.33033646875,52.5147149919578,13.3883055748552,74.9999924930746,8.19384154403618,0
1704,train,1900,131267.499999922,1149251267.5,14,12,1,2,3784038.1471812,900657.2404554449,5037972.371620432,-73486.70130531432,52.514713298605,13.3882817734027,75.000867645162,8.07471157387237,0
1705,train,1900,131267.699999922,1149251267.6999998,14,12,1,2,3784051.755054299,900657.9278923412,5037976.291807199,-73488.168991002,52.5147118940129,13.3882584425918,75.0015026748775,7.95889644599989,0
1706,train,1900,131267.899999922,1149251267.9,14,12,1,2,3784043.575746782,900655.7612067676,5037971.408654733,-73505.32895419252,52.5147103236001,13.3882353071158,75.0019400606852,7.85151673392595,0
1707,train,1900,131268.099999922,1149251268.1,15,13,1,2,3784051.7698411536,900654.6924916385,5037972.983364737,-73510.76603346031,52.514708775921,13.3882124899174,75.0022274343318,7.75135259327751,0
1708,train,1900,131268.299999922,1149251268.3,15,13,1,2,3784048.08460301,900651.5601344272,5037973.959969732,-73522.90475995145,52.5147071556716,13.3881899433403,75.0024142129656,7.65259433601255,0
1709,train,1900,131268.499999922,1149251268.5,13,11,1,2,3784047.0048184036,900651.8540161029,5037972.74117559,-73535.39147930179,52.5147055983249,13.3881676960575,75.0025548447914,7.55302059637513,0
1710,train,1900,131268.699999922,1149251268.6999998,14,12,1,2,3784048.9277416007,900648.7221819224,5037974.97418695,-73543.06393956108,52.5147043951843,13.3881457567422,75.0027070647812,7.45446729474615,0
1711,train,1900,131268.899999922,1149251268.9,15,13,1,2,3784050.0021134396,900647.3308877851,5037974.691457186,-73552.96642637701,52.5147029502474,13.3881240929226,75.0029253664669,7.35557961180074,0
1712,train,1900,131269.099999922,1149251269.1,13,11,1,2,3784039.6033614064,900651.9164088784,5037943.193767183,-73587.23651518117,52.5147014002893,13.3881027287853,75.0032587963023,7.25579034975551,0
1713,train,1900,131269.299999922,1149251269.3,13,11,1,2,3784036.354669495,900650.6662182099,5037940.767135231,-73600.84686798505,52.5146999490952,13.3880816451779,75.0037486951085,7.16029578704279,0
1714,train,1900,131269.499999922,1149251269.5,15,13,1,3,3784056.7178470707,900643.5911123367,5037980.59985154,-73577.92834067659,52.5146986179328,13.3880608461248,75.0044262988383,7.07644166621657,0
1715,train,1900,131269.699999922,1149251269.6999998,15,13,1,2,3784056.7517180736,900643.4129105167,5037978.887573381,-73589.457589917,52.5146972985438,13.3880402354375,75.0053071152551,7.00400049848927,0
1716,train,1900,131269.899999922,1149251269.9,14,12,1,2,3784051.4073221767,900650.3898670606,5037941.705522186,-73623.67561979516,52.5146958707608,13.3880198419415,75.0063907324199,6.93995744355666,0
1717,train,1900,131270.099999923,1149251270.1,14,12,1,3,3784045.8339182828,900632.7842920963,5037978.696643959,-73618.55465987696,52.5146943280299,13.3879996788906,75.0076648440029,6.87391755439543,0
1718,train,1900,131270.299999923,1149251270.3,13,11,1,3,3784018.8229371966,900629.1709051906,5037967.933681591,-73649.6025988672,52.5146929871372,13.3879801684469,75.0091059529039,6.79738093208459,0
1719,train,1900,131270.499999923,1149251270.5,13,11,1,2,3784017.4675263157,900627.4284084052,5037966.912429024,-73661.25780846998,52.5146916992381,13.3879603970413,75.0106782666156,6.72132344234156,0
1720,train,1900,131270.699999923,1149251270.6999998,14,12,1,3,3784048.726505201,900637.7409947759,5037972.566805234,-73647.821752015,52.5146901833357,13.387940846729,75.0123350810784,6.65721458598953,0
1721,train,1900,131270.899999923,1149251270.9,15,13,1,2,3784053.6899014413,900636.3368645515,5037973.901994683,-73654.90792488755,52.5146887286618,13.3879214540977,75.0140168224059,6.60802942620008,0
1722,train,1900,131271.099999923,1149251271.1,14,12,1,2,3784045.702357867,900639.2194585681,5037945.685370674,-73686.00514785643,52.514687277833,13.3879022141704,75.0156526236357,6.57009541469963,0
1723,train,1900,131271.299999923,1149251271.3,15,13,1,2,3784050.6160735823,900632.9275220888,5037974.481716068,-73677.66051765678,52.5146856987567,13.3878830997479,75.0171683750878,6.53537790258298,0
1724,train,1900,131271.499999923,1149251271.5,14,12,1,2,3784047.6584549886,900632.4333396654,5037974.144566389,-73689.36099366465,52.514684048714,13.3878641422621,75.0184884944854,6.50169754071156,0
1725,train,1900,131271.699999923,1149251271.6999998,15,13,1,2,3784054.4989774474,900632.2030729045,5037975.191282574,-73695.39998947295,52.5146821023471,13.3878453255692,75.019547644735,6.46922865592424,0
1726,train,1900,131271.899999923,1149251271.9,14,12,1,2,3784051.4231746895,900630.7242288449,5037974.062855478,-73708.57985692816,52.5146802040549,13.3878266590893,75.0202910003373,6.43943005739965,0
1727,train,1900,131272.099999923,1149251272.1,14,12,1,2,3784047.2750086263,900633.5958699369,5037944.491185506,-73738.10991538856,52.514677790734,13.3878081199109,75.0206809842461,6.41300917217324,0
1728,train,1900,131272.299999923,1149251272.3,14,12,1,2,3784047.242295593,900632.045314993,5037945.577212314,-73747.70255456133,52.5146753186476,13.3877897231331,75.0206989735552,6.38934262655611,0
1729,train,1900,131272.499999923,1149251272.5,14,12,1,2,3784048.9303918313,900632.0275623001,5037944.948722575,-73757.46142085429,52.5146727963582,13.3877714278817,75.020343894824,6.3661110115517,0
1730,train,1900,131272.699999923,1149251272.6999998,15,13,1,2,3784056.1025802153,900626.0300985619,5037977.304096752,-73745.50766591867,52.5146702803294,13.3877532616214,75.0196340118419,6.34365381701031,0
1731,train,1900,131272.899999923,1149251272.9,15,13,1,2,3784058.7047240157,900625.9638510076,5037977.891155125,-73753.9232164693,52.5146673578885,13.3877352188341,75.0186032190344,6.32107299699003,0
1732,train,1900,131273.099999923,1149251273.1,13,11,1,2,3784042.4332864536,900619.83998792,5037949.956723628,-73792.26773654138,52.5146645905776,13.3877172441622,75.0172879946401,6.28895863825639,0
1733,train,1900,131273.299999923,1149251273.3,14,12,1,2,3784053.0884046312,900630.1134374244,5037942.377322323,-73798.18455403352,52.5146617937464,13.3876993638334,75.0157218785458,6.23223906261971,0
1734,train,1900,131273.499999923,1149251273.5,13,11,1,2,3784042.459971156,900618.0213110582,5037948.622418267,-73813.54987023302,52.5146590742787,13.3876816615484,75.0139379580463,6.15114309509866,0
1735,train,1900,131273.699999923,1149251273.6999998,15,13,1,2,3784056.3374943207,900618.1511373632,5037975.769468429,-73799.7361285558,52.5146565478821,13.3876641673994,75.0119698751373,6.05444782502263,0
1736,train,1900,131273.899999923,1149251273.9,13,11,1,3,3784030.8649780815,900622.6619596787,5037932.753926715,-73848.68073965379,52.51465416152,13.3876469160668,75.0098584545984,5.9537817044653,0
1737,train,1900,131274.099999923,1149251274.1,14,12,1,2,3784042.8508687057,900614.3206086262,5037969.530382577,-73832.0360732806,52.5146519855215,13.3876299068595,75.007653560996,5.85894208743894,0
1738,train,1900,131274.299999923,1149251274.3,14,12,1,2,3784043.4057452185,900613.4590879044,5037969.821055358,-73841.9172291129,52.5146500144305,13.3876131148504,75.0054102156555,5.77377728111686,0
1739,train,1900,131274.499999923,1149251274.5,13,12,1,2,3784041.59951721,900612.4273063866,5037968.882905956,-73853.84596094124,52.5146481979537,13.3875964909899,75.0031893926535,5.69671777704253,0
1740,train,1900,131274.699999923,1149251274.6999998,14,13,1,2,3784050.713262629,900611.1297562171,5037971.828486941,-73858.01967647694,52.5146465101481,13.387580059497,75.0010529869436,5.62685852044776,0
1741,train,1900,131274.899999923,1149251274.9,13,12,1,2,3784040.350634457,900610.1403122174,5037967.875856078,-73875.85255890485,52.5146451533111,13.3875637505387,74.9990655679698,5.56913187725432,0
1742,train,1900,131275.099999923,1149251275.1,14,13,1,2,3784052.0524056866,900609.9269374798,5037971.618864508,-73877.59912726324,52.5146437309456,13.3875475856943,74.9972952354879,5.53207592953299,0
1743,train,1900,131275.299999923,1149251275.3,13,12,1,2,3784043.6267025503,900602.4311943712,5037970.138286712,-73895.38313842256,52.5146423445325,13.3875314928151,74.9958166047453,5.51345694641065,0
1744,train,1900,131275.499999923,1149251275.5,14,13,1,2,3784051.4145708564,900607.2676413002,5037970.649009004,-73900.3013974259,52.5146409454074,13.3875154132205,74.994698883348,5.50618421409491,0
1745,train,1900,131275.699999923,1149251275.6999998,14,13,1,2,3784052.4308688133,900606.7090308885,5037970.112793727,-73910.27986964933,52.5146396707749,13.3874993398779,74.9939972158263,5.50426738536993,0
1746,train,1900,131275.899999923,1149251275.9,13,12,1,2,3784043.2700358797,900609.3462561221,5037938.804933439,-73944.22382962554,52.5146384153387,13.3874832563112,74.9937522032381,5.50274282227317,0
1747,train,1900,131276.099999923,1149251276.1,14,13,1,2,3784052.1108614174,900603.7440654407,5037969.370165592,-73932.7246657942,52.5146371990642,13.3874671761394,74.9939874985209,5.50026183150504,0
1748,train,1900,131276.399999923,1149251276.4,14,13,1,2,3784055.389859675,900602.0236764685,5037969.926886354,-73948.03488292503,52.5146354442924,13.3874430617411,74.995251371791,5.49575455710267,0
1749,train,1900,131276.599999923,1149251276.6,13,12,1,2,3784051.1823479566,900607.3674316889,5037936.90873444,-73979.4945360435,52.514634323983,13.3874269808948,74.9966802162343,5.49109564955593,0
1750,train,1900,131276.799999923,1149251276.8,13,12,1,2,3784052.422153859,900601.2040187899,5037968.503081973,-73970.66437950701,52.5146333138417,13.3874109128549,74.9985390716392,5.48201954267314,0
1751,train,1900,131276.999999923,1149251277.0,13,12,1,2,3784055.1776162875,900600.1084620653,5037969.139890202,-73979.74661868757,52.5146320817533,13.3873948996164,75.000773676447,5.46282369745608,0
1752,train,1900,131277.199999923,1149251277.1999998,13,12,1,2,3784055.173730072,900605.334153508,5037936.174112732,-74009.16623636863,52.5146310250694,13.3873789626573,75.0033121795383,5.42353662250428,0
1753,train,1900,131277.399999923,1149251277.4,12,11,1,2,3784038.8089792402,900604.5562521797,5037929.465779186,-74031.4654158591,52.5146299210804,13.3873631841954,75.0060724687417,5.35166885542557,0
1754,train,1900,131277.599999923,1149251277.6,12,11,1,2,3784038.906125626,900602.9318059721,5037931.096045629,-74040.97014159728,52.5146287712434,13.3873476774729,75.0089742083235,5.24393695686722,0
1755,train,1900,131277.799999923,1149251277.8,12,11,1,2,3784039.337559334,900602.0330710403,5037931.616868759,-74051.03883234256,52.5146276521371,13.3873325249768,75.0119403038675,5.11241706049609,0
1756,train,1900,131277.999999923,1149251278.0,12,11,1,2,3784038.2881883583,900599.0021825084,5037933.927964998,-74060.96065385822,52.5146265190794,13.3873177735171,75.0148975762208,4.97440127978168,0
1757,train,1900,131278.199999923,1149251278.1999998,12,11,1,2,3784043.368075353,900598.861044888,5037934.812589527,-74068.60020947858,52.5146254422162,13.3873034147976,75.0177802536508,4.84662245564836,0
1758,train,1900,131278.399999923,1149251278.4,12,11,1,2,3784048.2884302502,900598.366116482,5037937.838873531,-74074.28466810907,52.5146244086087,13.3872894159211,75.0205302123775,4.73979771617141,0
1759,train,1900,131278.599999923,1149251278.6,12,11,1,2,3784043.521236832,900595.4273905288,5037937.906113629,-74087.30737701753,52.5146233758589,13.3872756791042,75.0230963409349,4.65525512547218,0
1760,train,1900,131278.799999923,1149251278.8,13,12,1,2,3784056.222506433,900593.6893286419,5037945.266717615,-74086.53675674566,52.5146223741343,13.3872621637678,75.0254343663722,4.5946861204041,0
1761,train,1900,131278.999999923,1149251279.0,13,12,1,2,3784055.422380773,900592.2075621285,5037946.080701172,-74096.8220410307,52.5146214090723,13.3872487937345,75.0275061386197,4.55911729655131,0
1762,train,1900,131279.199999923,1149251279.1999998,13,12,1,2,3784057.219150809,900592.6861473208,5037945.355503172,-74106.57584412073,52.5146203811335,13.38723549741,75.0292801224619,4.54563234184246,0
1763,train,1900,131279.399999923,1149251279.4,14,13,1,2,3784060.968022177,900587.4706492092,5037970.020827459,-74100.76070190681,52.5146194178912,13.3872222116404,75.0307294345143,4.54695545264627,0
1764,train,1900,131279.599999923,1149251279.6,14,13,1,2,3784062.787365312,900587.5015383783,5037969.608797916,-74110.54898103648,52.51461841659,13.3872089152487,75.0318313382407,4.5555699977609,0
1765,train,1900,131279.799999923,1149251279.8,14,13,1,2,3784063.0612672796,900586.0660093884,5037971.244219646,-74120.08171197929,52.5146173093243,13.3871955871141,75.0325669802301,4.56715841436755,0
1766,train,1900,131279.999999923,1149251280.0,13,12,1,2,3784062.5104803517,900584.66106223,5037972.004094591,-74130.653978795,52.5146163652306,13.3871822191663,75.0329230720896,4.58103615499981,0
1767,train,1900,131280.199999923,1149251280.1999998,13,12,1,2,3784059.987389174,900584.7110508216,5037971.385865708,-74142.52155344594,52.5146152349767,13.3871688190444,75.0328940725618,4.59734176931167,0
1768,train,1900,131280.399999923,1149251280.4,13,12,1,2,3784062.0346024875,900583.8941070873,5037973.313670059,-74150.7594341482,52.5146142745302,13.3871553743645,75.0324843410653,4.61523473518001,0
1769,train,1900,131280.599999923,1149251280.6,13,12,1,2,3784058.605913689,900582.8842771277,5037971.548258553,-74163.70301407129,52.5146133031434,13.3871418656792,75.0317094462002,4.63264103490656,0
1770,train,1900,131280.799999923,1149251280.8,13,12,1,2,3784057.724196131,900581.9931380526,5037971.994807061,-74174.0128806587,52.5146122905632,13.3871283171322,75.0305948483635,4.64815658035028,0
1771,train,1900,131280.999999923,1149251281.0,13,12,1,2,3784062.2891151425,900581.3697126958,5037974.227109023,-74179.95902286204,52.5146112663765,13.3871147066499,75.0291756335511,4.66108598140217,0
1772,train,1900,131281.199999923,1149251281.1999998,13,12,1,2,3784063.000813138,900578.9538632216,5037975.564631566,-74190.3004214168,52.5146102828653,13.3871010623789,75.0274988287873,4.67619560959367,0
1773,train,1900,131281.499999923,1149251281.5,14,13,1,2,3784066.9716978045,900577.6594244037,5037975.17270855,-74203.77171915353,52.5146087565432,13.3870804822439,75.0246284105102,4.71871790675134,0
1774,train,1900,131281.699999923,1149251281.6999998,13,12,1,2,3784063.9557900503,900576.259097249,5037975.500320522,-74215.90634461545,52.5146076377868,13.3870666132155,75.0225600284313,4.7650181252204,0
1775,train,1900,131281.899999923,1149251281.9,12,11,1,2,3784063.3841533167,900577.0680932814,5037974.834049108,-74227.2399856605,52.5146066690605,13.3870525714268,75.0204200217175,4.81915075050197,0
1776,train,1900,131282.099999923,1149251282.1,14,13,1,2,3784070.008378645,900574.9327681245,5037978.7584610935,-74231.19596950404,52.5146058325481,13.3870383538822,75.0182411623532,4.87390496292237,0
1777,train,1900,131282.299999923,1149251282.3,12,11,1,3,3784032.7295346404,900562.0911885742,5037968.725334017,-74270.82508977887,52.5146051394459,13.3870239539372,75.0160526072194,4.92696219979048,0
1778,train,1900,131282.499999923,1149251282.5,12,11,1,3,3784065.04025952,900572.5174627862,5037973.337804907,-74258.94798529742,52.5146046280743,13.3870093874123,75.0138862434232,4.97930571264177,0
1779,train,1900,131282.699999923,1149251282.6999998,13,12,1,2,3784058.865386606,900570.8838686432,5037970.031520929,-74274.25014723126,52.5146043211559,13.3869946369406,75.0117784576834,5.02800378770091,0
1780,train,1900,131282.899999923,1149251282.9,13,12,1,2,3784058.166132089,900563.5123637032,5037971.979137434,-74285.42392021616,52.5146040736538,13.3869797588049,75.0097648378634,5.07172165979132,0
1781,train,1900,131283.099999923,1149251283.1,12,11,1,2,3784043.619810267,900572.8613554465,5037941.096603907,-74319.26815734376,52.5146039882913,13.3869647596487,75.0078818455304,5.10923521686008,0
1782,train,1900,131283.299999923,1149251283.3,11,10,1,3,3784021.771664972,900561.7109388009,5037938.8933463935,-74344.98531123593,52.5146041058861,13.3869496275007,75.0061639760928,5.13975278553028,0
1783,train,1900,131283.499999923,1149251283.5,12,11,1,3,3784064.338481679,900576.3198071284,5037935.243058635,-74333.9439786783,52.514604224724,13.3869344340039,75.0046358674226,5.16432768907886,0
1784,train,1900,131283.699999923,1149251283.6999998,11,10,1,2,3784062.215436071,900571.7271349628,5037940.233251033,-74344.36729774534,52.5146042029821,13.3869191782633,75.0033074833025,5.18477921303822,0
1785,train,1900,131283.899999923,1149251283.9,13,12,1,2,3784064.3371001706,900568.645750654,5037950.076463666,-74345.66638954758,52.5146043353658,13.3869038663839,75.0021754965404,5.20337258718641,0
1786,train,1900,131284.099999923,1149251284.1,12,11,1,2,3784058.946160947,900562.7541019709,5037953.8852866385,-74358.05477496225,52.5146044188534,13.3868885062285,75.00122221915,5.2239277683369,0
1787,train,1900,131284.299999923,1149251284.3,13,12,1,2,3784064.829427717,900566.9242632607,5037947.362028633,-74369.02733096492,52.5146045993521,13.386873070911,75.0004170977888,5.25292476242382,0
1788,train,1900,131284.499999923,1149251284.5,11,10,1,3,3784028.0203014603,900559.981932862,5037935.4290505545,-74408.16720108375,52.5146047643561,13.3868575326298,74.9997178699986,5.30074570486835,0
1789,train,1900,131284.699999923,1149251284.6999998,12,11,1,3,3784052.193330528,900567.1878968953,5037936.391251471,-74404.16463164275,52.5146049655254,13.3868418052074,74.9990706025605,5.37603124860113,0
1790,train,1900,131284.899999923,1149251284.9,13,12,1,2,3784068.2759259134,900564.994087165,5037945.301622387,-74400.9306391995,52.5146050196849,13.3868258247752,74.998409707115,5.47901732649917,0
1791,train,1900,131285.099999923,1149251285.1,12,11,1,2,3784054.5516828033,900565.7088653465,5037937.404506658,-74422.95008504915,52.5146050822136,13.3868095058636,74.9976585494241,5.60100475536316,0
1792,train,1900,131285.299999923,1149251285.3,12,11,1,2,3784054.5372134373,900566.5354390037,5037934.688247189,-74434.1871204104,52.5146052639648,13.3867928050993,74.996730269711,5.7318136018302,0
1793,train,1900,131285.499999923,1149251285.5,13,12,1,2,3784064.7249912187,900558.9054086925,5037966.798567678,-74421.32859341317,52.5146054660478,13.3867757073963,74.995539541233,5.86431882220519,0
1794,train,1900,131285.699999923,1149251285.6999998,14,13,1,2,3784073.094760962,900557.7954406603,5037970.012306079,-74425.35985310886,52.5146055751743,13.3867582112992,74.9940156635365,5.99433594525658,0
1795,train,1900,131285.899999923,1149251285.9,13,12,1,2,3784061.247934996,900556.2285021906,5037964.305735179,-74445.70551372919,52.5146055388488,13.3867403652495,74.9921065313119,6.12259981012274,0
1796,train,1900,131286.099999923,1149251286.1,13,12,1,2,3784061.505358762,900554.5745781879,5037964.9299467,-74455.676151544,52.5146052596819,13.3867221387755,74.9897786552151,6.25125706577127,0
1797,train,1900,131286.299999923,1149251286.3,12,11,1,2,3784054.207065762,900560.2924496066,5037932.91338285,-74488.18849887929,52.5146049269104,13.3867035330005,74.9870138762519,6.38203304682601,0
1798,train,1900,131286.499999923,1149251286.5,14,13,1,3,3784076.697116814,900554.7256885591,5037967.815810597,-74466.12437627961,52.5146045007658,13.3866845549804,74.9838067710082,6.51085694179761,0
1799,train,1900,131286.699999923,1149251286.6999998,13,12,1,2,3784071.3933070274,900553.6893034523,5037965.445682393,-74481.7289877357,52.5146039978265,13.386665215907,74.9801676347215,6.62620922613723,0
1800,train,1900,131286.899999923,1149251286.9,13,12,1,2,3784069.0139561845,900551.2575121243,5037965.066029773,-74494.2471129474,52.5146034493209,13.3866455708839,74.9761197357239,6.71114470590711,0
1801,train,1900,131287.099999923,1149251287.1,14,13,1,2,3784078.343989772,900550.4057356768,5037967.762420252,-74498.6411905158,52.5146029551222,13.3866257384264,74.9716943027201,6.7487806321501,0
1802,train,1900,131287.299999923,1149251287.3,13,12,1,2,3784069.3217587858,900550.4862822524,5037963.12400463,-74515.49967995481,52.5146024306267,13.3866058933988,74.966926326296,6.73386166504834,0
1803,train,1900,131287.499999923,1149251287.5,13,13,1,2,3784074.4895900977,900553.2528309856,5037939.397267423,-74537.96064889723,52.5146018999882,13.386586154119,74.9618537084342,6.67189397301089,0
1804,train,1900,131287.699999923,1149251287.6999998,12,12,1,2,3784070.3647514316,900552.962489945,5037936.319122312,-74552.91493389897,52.5146012644801,13.3865666597913,74.9565156715699,6.57605954605528,0
1805,train,1900,131287.899999923,1149251287.9,14,13,1,2,3784080.050275828,900545.9548936794,5037965.532486464,-74541.76976370654,52.5146006025855,13.3865474780591,74.9509516365287,6.4632790625031,0
1806,train,1900,131288.099999923,1149251288.1,14,14,1,2,3784082.8339734655,900545.0144436972,5037965.919694176,-74550.89553750072,52.5145999215485,13.3865286667809,74.945200252065,6.34172697059774,0
1807,train,1900,131288.299999924,1149251288.3,14,14,1,2,3784082.171290899,900544.8597045151,5037965.1415832415,-74561.0884830282,52.5145991367165,13.3865101947385,74.9392976203132,6.20985671889893,0
1808,train,1900,131288.499999924,1149251288.5,13,13,1,2,3784076.7590101194,900548.2767606606,5037938.131010465,-74589.83062814576,52.5145982204414,13.386492156675,74.9332760207309,6.06803779136552,0
1809,train,1900,131288.699999924,1149251288.6999998,12,12,1,2,3784072.8285549204,900549.1571303196,5037933.039940677,-74605.40068819321,52.5145972558566,13.3864745538138,74.9271612797006,5.92165810836018,0
1810,train,1900,131288.899999924,1149251288.9,14,14,1,2,3784084.3249794585,900542.3461749996,5037963.48363553,-74592.41625875582,52.5145963403493,13.3864573865929,74.9209757816109,5.78164836025648,0
1811,train,1900,131289.099999924,1149251289.1,14,14,1,2,3784084.7879027002,900541.2431745548,5037962.860373145,-74603.38998836649,52.5145953249322,13.3864406191003,74.9147433486343,5.66098191893831,0
1812,train,1900,131289.299999924,1149251289.3,14,14,1,2,3784085.6504546367,900540.5144736278,5037961.712819999,-74614.1462153833,52.5145941900815,13.3864242022455,74.908489928469,5.56892329420849,0
1813,train,1900,131289.499999924,1149251289.5,14,14,1,2,3784087.4207491344,900539.6156092928,5037962.261943248,-74623.60983987394,52.5145928766235,13.3864080725516,74.9022482327231,5.5046203570459,0
1814,train,1900,131289.699999924,1149251289.6999998,13,13,1,2,3784082.222682711,900543.0242541914,5037934.811541959,-74652.90742331564,52.5145912980216,13.3863922012404,74.8960605197212,5.45894807465699,0
1815,train,1900,131289.899999924,1149251289.9,14,14,1,2,3784088.383782137,900538.2886305581,5037961.845032667,-74644.31996976411,52.5145892511713,13.3863766204453,74.8899775764595,5.42628623094876,0
1816,train,1900,131290.099999924,1149251290.1,13,13,1,2,3784082.615087231,900541.3669263389,5037934.227370613,-74673.69033161258,52.5145865073236,13.3863613607337,74.8840547853288,5.40853685930574,0
1817,train,1900,131290.299999924,1149251290.3,14,14,1,2,3784086.843609102,900536.0501520686,5037958.599499238,-74667.9734250498,52.5145830599924,13.3863464700942,74.8783404256495,5.41000514672684,0
1818,train,1900,131290.499999924,1149251290.5,13,13,1,2,3784077.96833283,900538.1346888454,5037931.929033068,-74698.4065715039,52.5145793071809,13.3863319697967,74.8728731334436,5.43139927227627,0
1819,train,1900,131290.699999924,1149251290.6999998,12,12,1,2,3784071.896095535,900527.8287370102,5037954.964184659,-74701.21605672895,52.5145748304088,13.3863179248092,74.8676816657594,5.46788388403241,0
1820,train,1900,131290.899999924,1149251290.9,13,13,1,2,3784072.0626202403,900532.6877127341,5037950.196086063,-74711.72016744321,52.5145695067698,13.3863043891385,74.8627782215184,5.51587424021997,0
1821,train,1900,131291.099999924,1149251291.1,13,13,1,2,3784071.415182339,900531.9211880668,5037949.863960102,-74722.52761290189,52.5145634670784,13.3862914557718,74.858155727602,5.57851837357436,0
1822,train,1900,131291.299999924,1149251291.3,14,14,1,2,3784077.684260693,900529.2181277579,5037950.958429862,-74729.39969051324,52.5145573123323,13.38627916674,74.8538139010252,5.66310884033362,0
1823,train,1900,131291.499999924,1149251291.5,12,12,1,2,3784070.685925441,900530.5918680828,5037946.732284335,-74746.64628392961,52.5145498710795,13.3862676375357,74.8497467057424,5.76956122261057,0
1824,train,1900,131291.699999924,1149251291.6999998,14,14,1,2,3784076.2810492064,900526.1557474865,5037948.5760487085,-74752.86731132626,52.514541989761,13.3862569570353,74.8459428027078,5.8913140706366,0
1825,train,1900,131291.899999924,1149251291.9,12,12,1,2,3784060.833651683,900530.8475103367,5037923.193894861,-74785.61831132852,52.5145331758668,13.3862472640914,74.8423874930509,6.02201916948811,0
1826,train,1900,131292.099999924,1149251292.1,13,13,1,2,3784066.95159797,900526.8149616949,5037940.318953006,-74782.97170184129,52.5145240383298,13.3862386737872,74.8390644594013,6.15848655832083,0
1827,train,1900,131292.299999924,1149251292.3,14,14,1,2,3784075.174041809,900524.4430630909,5037942.824463187,-74787.04046626754,52.5145139891048,13.3862314062786,74.8359581269489,6.29552075161905,0
1828,train,1900,131292.499999924,1149251292.5,14,14,1,2,3784075.809628708,900524.7707238512,5037940.280677917,-74798.33112910813,52.5145035124078,13.3862255771027,74.8330536559418,6.4295458364713,0
1829,train,1900,131292.699999924,1149251292.6999998,13,13,1,2,3784067.9708147696,900527.49432884,5037932.418156457,-74817.41131692454,52.5144923728048,13.3862213378136,74.8303387760164,6.55968546507656,0
1830,train,1900,131292.899999924,1149251292.9,13,13,1,2,3784068.5212248755,900527.0889500056,5037930.50183314,-74828.05243428424,52.5144807539896,13.3862186636188,74.8278020960803,6.68612622777984,0
1831,train,1900,131293.099999924,1149251293.1,11,11,1,2,3784067.115127639,900535.010972827,5037914.762627589,-74849.30944161577,52.5144689532644,13.386217528472,74.8254335885839,6.80860253011268,0
1832,train,1900,131293.299999924,1149251293.3,11,11,1,2,3784068.262959396,900535.5160839603,5037919.704691452,-74855.00132019362,52.5144567929537,13.3862177077732,74.8232248156298,6.92276013500493,0
1833,train,1900,131293.499999924,1149251293.5,11,11,1,2,3784069.7734657233,900535.5094805906,5037923.541273071,-74861.2763111296,52.5144444123582,13.3862189188225,74.8211738471663,7.02522483523131,0
1834,train,1900,131293.699999924,1149251293.6999998,12,12,1,2,3784073.074520226,900535.104726235,5037929.984044283,-74865.22446357623,52.5144319469227,13.3862207105659,74.8192842640447,7.12007384375867,0
1835,train,1900,131293.899999924,1149251293.9,12,12,1,2,3784073.7877551084,900535.0920657685,5037928.906297367,-74874.81465385178,52.5144196441908,13.3862227800967,74.817563079804,7.21712853979984,0
1836,train,1900,131294.099999924,1149251294.1,12,12,1,2,3784073.633321245,900537.2652728178,5037925.569798905,-74886.0243777352,52.5144071288767,13.3862249305428,74.8160205403159,7.32375676352659,0
1837,train,1900,131294.299999924,1149251294.3,12,12,1,2,3784074.409369555,900536.5771737106,5037923.201294079,-74898.25382393072,52.5143942231314,13.3862271324689,74.8146687786737,7.44013771206177,0
1838,train,1900,131294.499999924,1149251294.5,12,12,1,2,3784074.6299165008,900538.0211647658,5037923.282187831,-74908.77508763805,52.5143809815057,13.386229370411,74.8135179636597,7.57241513216977,0
1839,train,1900,131294.699999924,1149251294.6999998,12,12,1,2,3784076.9559279713,900537.2395490111,5037924.575742913,-74917.32626913273,52.5143675802005,13.3862316402508,74.812574277651,7.72441145211962,0
1840,train,1900,131294.899999924,1149251294.9,11,11,1,2,3784078.476161702,900536.1771389237,5037929.771826608,-74923.77329353668,52.514353916326,13.38623399669,74.8118393694926,7.89344172128162,0
1841,train,1900,131295.099999924,1149251295.1,12,12,1,2,3784077.577907312,900538.7621288112,5037921.355141627,-74939.87367313048,52.5143397651295,13.3862363979169,74.81131170094,8.07249619707841,0
1842,train,1900,131295.299999924,1149251295.3,12,12,1,2,3784078.917909072,900539.504090882,5037918.728390683,-74951.20119066155,52.5143253667005,13.3862389498857,74.810986256374,8.25376075728093,0
1843,train,1900,131295.499999924,1149251295.5,12,12,1,2,3784079.3598151496,900539.0983455995,5037918.097846267,-74960.83258502895,52.5143105645611,13.3862416210297,74.8108547879225,8.4308000860332,0
1844,train,1900,131295.699999924,1149251295.6999998,12,12,1,2,3784080.274286462,900541.1682889382,5037919.7252807245,-74970.23676887657,52.5142955287412,13.3862443443202,74.8109068998546,8.60376734814603,0
1845,train,1900,131295.899999924,1149251295.9,12,12,1,2,3784081.9129146016,900541.7654870875,5037919.280287727,-74979.72594428976,52.514280412814,13.3862470944709,74.8111303990417,8.77675393572983,0
1846,train,1900,131296.099999924,1149251296.1,12,12,1,2,3784083.358624595,900541.7976861623,5037917.922994141,-74990.21516891048,52.5142648115658,13.3862498903688,74.8115111647855,8.95037330912349,0
1847,train,1900,131296.299999924,1149251296.3,12,12,1,2,3784085.4071410983,900543.3041402448,5037916.965919046,-74999.37095274647,52.51424895269,13.3862526983582,74.8120335338719,9.11874351525389,0
1848,train,1900,131296.499999924,1149251296.5,11,11,1,2,3784089.536357623,900539.498843408,5037929.731440559,-74999.66880858465,52.5142327805452,13.3862555453141,74.8126819141537,9.27579177761317,0
1849,train,1900,131296.699999924,1149251296.6999998,11,11,1,2,3784091.076099418,900539.4244361635,5037930.803446931,-75008.53124605278,52.5142165210896,13.3862584235968,74.8134401585536,9.41583160362647,0
1850,train,1900,131296.899999924,1149251296.9,11,11,1,2,3784090.992279715,900541.4702743731,5037928.033423528,-75021.24591996698,52.5141999287079,13.3862612680745,74.8142921286466,9.53324005221541,0
1851,train,1900,131297.099999924,1149251297.1,12,12,1,2,3784101.733310412,900539.5211051059,5037934.828101364,-75022.81740140784,52.514182914888,13.3862641292332,74.815221721202,9.62318766520265,0
1852,train,1900,131297.299999924,1149251297.3,12,12,1,2,3784103.1651209253,900540.9674788467,5037933.9946922595,-75033.29365875854,52.5141658238974,13.3862669976325,74.8162139375981,9.67817468924339,0
1853,train,1900,131297.499999924,1149251297.5,11,11,1,2,3784096.176172066,900543.5086446501,5037923.793820526,-75053.48083160334,52.5141486567889,13.3862698122864,74.8172551169756,9.69233337541708,0
1854,train,1900,131297.699999924,1149251297.6999998,11,11,1,2,3784097.1532627284,900544.3245310765,5037923.613867043,-75062.62974944703,52.5141315512923,13.3862725946147,74.8183335351562,9.66885871963069,0
1855,train,1900,131297.899999924,1149251297.9,11,10,1,2,3784099.3069287958,900543.671736464,5037920.90008764,-75074.5375907861,52.5141146416392,13.3862752374743,74.8194395269572,9.61581475314172,0
1856,train,1900,131298.099999924,1149251298.1,11,11,1,2,3784105.4176097754,900533.4409880473,5037944.274232845,-75065.21254179563,52.5140976983546,13.3862777487974,74.8205664819513,9.54287305604553,0
1857,train,1900,131298.299999924,1149251298.3,11,11,1,2,3784105.850617672,900533.7977962431,5037939.819546215,-75078.09160493485,52.5140807815726,13.3862801774402,74.8217105129196,9.45894807134661,0
1858,train,1900,131298.499999924,1149251298.5,11,11,1,2,3784105.991171477,900534.4980176857,5037937.8065483235,-75089.50898131813,52.5140641218189,13.386282521441,74.8228707375939,9.3690005784591,0
1859,train,1900,131298.699999924,1149251298.6999998,11,11,1,2,3784108.049921225,900534.653106377,5037937.353892976,-75098.58943108925,52.5140476474032,13.3862848102811,74.8240480828541,9.27496402063916,0
1860,train,1900,131298.899999924,1149251298.9,11,11,1,2,3784109.228133438,900535.1521765629,5037936.044688629,-75109.86169895029,52.5140314193645,13.3862870728925,74.8252444803907,9.17884157732008,0
1861,train,1900,131299.099999924,1149251299.1,10,10,1,2,3784105.847463541,900546.3648215479,5037906.683898143,-75142.17882617845,52.514015107088,13.3862893336999,74.8264629341449,9.08239523198266,0
1862,train,1900,131299.299999924,1149251299.3,10,10,1,2,3784107.102783611,900545.8825422844,5037902.614990897,-75155.24045538175,52.5139993320078,13.3862915552926,74.827706876034,8.98884642164763,0
1863,train,1900,131299.499999924,1149251299.5,10,10,1,2,3784108.3886015937,900545.7835678986,5037901.416936802,-75165.53361008532,52.5139835618068,13.3862937779307,74.8289814158912,8.89551571447863,0
1864,train,1900,131299.699999924,1149251299.6999998,10,10,1,2,3784109.8196830233,900546.1161374835,5037900.817655719,-75175.32283563586,52.5139679414167,13.3862959445794,74.8302895769296,8.79743345846419,0
1865,train,1900,131299.899999924,1149251299.9,9,9,1,2,3784117.9440461807,900541.5542901068,5037899.924407058,-75183.63780055326,52.5139525196178,13.3862980677744,74.8316336888431,8.69045451822984,0
1866,train,1900,131300.099999924,1149251300.1,11,10,1,2,3784114.8112781798,900549.8724637857,5037913.534803052,-75184.8804347468,52.5139371755645,13.3863001187642,74.8330144600102,8.57036399037213,0
1867,train,1900,131300.299999924,1149251300.3,10,9,1,2,3784114.009681296,900544.0827286178,5037893.186627185,-75210.53186055392,52.5139222026203,13.3863021019257,74.8344310837248,8.43313410560817,0
1868,train,1900,131300.499999924,1149251300.5,12,11,1,2,3784123.083131934,900548.0321394627,5037915.448510965,-75200.51677898207,52.513907399895,13.386304026775,74.8358814083882,8.27463310915877,0
1869,train,1900,131300.699999924,1149251300.6999998,12,11,1,2,3784124.41856005,900535.4122601117,5037929.514497298,-75200.94953593475,52.5138928807411,13.3863058849169,74.8373627931013,8.0915511291358,0
1870,train,1900,131300.899999924,1149251300.9,13,12,1,2,3784123.989813968,900540.2475557377,5037934.738909937,-75207.28346616519,52.513878734593,13.386307646514,74.8388720857093,7.88192280724302,0
1871,train,1900,131301.099999924,1149251301.1,14,13,1,2,3784127.932996419,900540.5703479062,5037933.897073753,-75216.77063394294,52.5138648973762,13.3863093236288,74.8404053994026,7.64440844540603,0
1872,train,1900,131301.299999924,1149251301.3,14,13,1,2,3784129.1022934592,900544.2664568094,5037924.167946355,-75232.77689832039,52.5138515988097,13.386310868051,74.841959147977,7.37779572504514,0
1873,train,1900,131301.499999924,1149251301.5,14,13,1,2,3784132.3311757715,900547.9804454054,5037918.768698907,-75245.57091293576,52.5138385901206,13.3863123159229,74.84352942296,7.08063924636062,0
1874,train,1900,131301.699999924,1149251301.6999998,13,12,1,2,3784126.8163241674,900551.0194129724,5037905.094152887,-75267.00381789808,52.5138262463997,13.3863136458538,74.8451126926818,6.75744348931783,0
1875,train,1900,131301.899999924,1149251301.9,12,11,1,2,3784127.15517211,900550.4037092085,5037895.238003354,-75284.30122680715,52.5138145984608,13.3863148389283,74.8467057257117,6.41932552708458,0
1876,train,1900,131302.099999924,1149251302.1,12,11,1,2,3784126.915899415,900550.1881896232,5037887.60601839,-75299.75698711854,52.5138033543755,13.3863159600369,74.8483059122411,6.08278732833031,0
1877,train,1900,131302.299999924,1149251302.3,14,13,1,2,3784134.0163990813,900550.2732942055,5037889.448208656,-75306.92284384288,52.5137929575677,13.386317040669,74.8499110846,5.7687368720282,0
1878,train,1900,131302.499999924,1149251302.5,14,13,1,2,3784133.9540267936,900551.5464036821,5037878.872309822,-75324.2263761847,52.5137829981653,13.3863182224287,74.8515191082377,5.49705675987489,0
1879,train,1900,131302.699999924,1149251302.6999998,14,13,1,2,3784134.411115334,900553.6456453159,5037873.839269717,-75338.3162893775,52.5137735734991,13.3863196742893,74.8531284575336,5.27763862395603,0
1880,train,1900,131302.899999924,1149251302.9,13,12,1,2,3784122.9442318147,900553.3597926538,5037858.928677158,-75365.21457852676,52.5137643668776,13.3863215891222,74.8547382254441,5.10466292783668,0
1881,train,1900,131303.099999924,1149251303.1,14,13,1,2,3784136.1289127395,900550.0670203611,5037865.972518059,-75364.98094318958,52.5137555130499,13.38632415245,74.8563472834152,4.96283933669031,0
1882,train,1900,131303.299999924,1149251303.3,14,13,1,2,3784137.5803395775,900550.3804369688,5037866.281874062,-75374.1312576593,52.5137471175911,13.3863274617584,74.8579547975681,4.84082998393592,0
1883,train,1900,131303.499999924,1149251303.5,14,14,1,2,3784146.7364719794,900544.4550875792,5037904.499455437,-75357.54079138994,52.5137391457536,13.3863315799936,74.8595597585017,4.73556051069132,0
1884,train,1900,131303.699999924,1149251303.6999998,14,14,1,2,3784145.59046209,900543.9503633654,5037901.244111184,-75371.10802999344,52.5137312603298,13.3863365275389,74.8611613201769,4.6541195383967,0
1885,train,1900,131303.899999924,1149251303.9,13,13,1,2,3784138.664976906,900545.5923415588,5037899.564005836,-75386.21504060252,52.5137238688162,13.386342324758,74.8627589160897,4.60466772260192,0
1886,train,1900,131304.099999924,1149251304.1,13,13,1,2,3784137.3994447407,900546.919949287,5037891.308510814,-75401.48697359426,52.5137167674965,13.3863490108113,74.8643529637799,4.58970227300217,0
1887,train,1900,131304.299999924,1149251304.3,13,13,1,2,3784136.8998847357,900547.6642742248,5037886.859466731,-75414.56260970124,52.5137101236613,13.3863566634268,74.8659447385351,4.60390034988505,0
1888,train,1900,131304.499999924,1149251304.5,14,13,1,2,3784137.247648355,900548.3289589091,5037887.531710134,-75424.15270172573,52.5137038263196,13.3863653353915,74.8675363864333,4.63964122842112,0
1889,train,1900,131304.699999924,1149251304.6999998,15,14,1,2,3784152.052799623,900547.1120423528,5037892.939047643,-75423.50185328793,52.5136979232921,13.386375057639,74.8691311596746,4.69098642509825,0
1890,train,1900,131304.899999924,1149251304.9,14,13,1,2,3784140.0003730855,900550.3673346088,5037891.242015448,-75440.84866298485,52.5136925969951,13.3863858737751,74.8707331066562,4.75772173976635,0
1891,train,1900,131305.099999924,1149251305.1,13,12,1,2,3784131.2900223504,900558.0077478513,5037858.774642884,-75473.4484887018,52.513687975213,13.3863977411913,74.8723469240031,4.84094998535054,0
1892,train,1900,131305.299999924,1149251305.3,15,13,1,2,3784145.0470273634,900554.3062555264,5037870.094290561,-75470.33706370072,52.5136841413967,13.3864106381242,74.8739781562959,4.93347426845866,0
1893,train,1900,131305.499999925,1149251305.5,15,13,1,2,3784145.2464619377,900555.7316478143,5037872.082591998,-75479.04084393282,52.5136812622275,13.3864244560406,74.8756328129644,5.02362275826071,0
1894,train,1900,131305.699999925,1149251305.6999998,14,12,1,2,3784143.517006913,900549.5739535211,5037879.53012611,-75488.1879556872,52.5136793459017,13.3864390020636,74.8773165664288,5.10661961720262,0
1895,train,1900,131305.899999925,1149251305.9,15,13,1,2,3784143.565736139,900555.2285003089,5037873.096784204,-75500.13107494709,52.5136784541108,13.3864540729068,74.8790347788657,5.19003948719283,0
1896,train,1900,131306.099999925,1149251306.1,14,12,1,2,3784142.061779751,900550.2916063858,5037882.028407124,-75507.79349645952,52.5136784351754,13.3864694924137,74.880791976225,5.29126174954666,0
1897,train,1900,131306.299999925,1149251306.3,15,13,1,2,3784145.2867825064,900557.1357118067,5037878.276562241,-75516.36805736022,52.5136792630944,13.3864852018847,74.8825914608045,5.41940624013232,0
1898,train,1900,131306.499999925,1149251306.5,14,12,1,2,3784131.286582785,900563.4347558348,5037865.468494561,-75540.79058079654,52.5136806615654,13.386501234414,74.8844360761821,5.57063241465297,0
1899,train,1900,131306.699999925,1149251306.6999998,16,14,1,3,3784149.818463951,900557.2786326754,5037892.7104165675,-75525.71952204024,52.5136824832851,13.3865176496043,74.8863278892281,5.73459626397026,0
1900,train,1900,131306.899999925,1149251306.9,16,14,1,2,3784148.743270507,900559.4933541671,5037889.153174356,-75538.70561900042,52.5136835930947,13.3865311442753,74.8882685122576,5.90342290398243,0
1901,train,1900,131307.099999925,1149251307.1,15,13,1,2,3784135.769810869,900563.363493261,5037885.526525945,-75557.7362473612,52.5136854466761,13.3865485132311,74.8902593009449,6.07054013037761,0
1902,train,1900,131307.299999925,1149251307.3,16,14,1,2,3784147.0206154874,900560.5101496007,5037890.432695569,-75559.35462302265,52.5136872379335,13.3865663851742,74.8923004590821,6.23160511007349,0
1903,train,1900,131307.499999925,1149251307.5,14,11,1,2,3784141.6245849757,900565.7820144332,5037877.875762959,-75580.45963589363,52.5136891115287,13.3865847250816,74.8943918147846,6.38385763964643,0
1904,train,1900,131307.699999925,1149251307.6999998,14,11,1,2,3784158.748936807,900569.825531074,5037877.985093729,-75583.17792974843,52.5136909081352,13.3866035138273,74.8965322641127,6.52512608532396,0
1905,train,1900,131307.899999925,1149251307.9,14,11,1,3,3784133.73316058,900566.7015673466,5037876.358369549,-75606.524767418,52.5136925959842,13.3866227449568,74.8987197590097,6.6515358306657,0
1906,train,1900,131308.099999925,1149251308.1,14,12,1,2,3784127.7401175112,900567.8368329809,5037875.480220495,-75620.33361457229,52.5136941524347,13.3866423188564,74.9009508745505,6.75742833376599,0
1907,train,1900,131308.299999925,1149251308.3,14,12,1,2,3784126.018415328,900569.6739962171,5037874.441217823,-75631.09130676852,52.5136957181027,13.3866622006364,74.9032218552437,6.8413055422575,0
1908,train,1900,131308.499999925,1149251308.5,14,12,1,2,3784131.7766696224,900574.7421854836,5037866.7514742045,-75643.44420440955,52.5136971197885,13.3866823278505,74.905527641853,6.90739764699149,0
1909,train,1900,131308.699999925,1149251308.6999998,15,13,1,2,3784130.2461821088,900572.3714210908,5037876.057214781,-75647.31001267914,52.5136984720513,13.3867026482845,74.9078627467073,6.96007166101788,0
1910,train,1900,131308.899999925,1149251308.9,14,12,1,2,3784126.2971164067,900576.2195384525,5037870.874980298,-75662.38287588241,52.5136996530218,13.386723134067,74.9102208002178,7.00611081172395,0
1911,train,1900,131309.099999925,1149251309.1,15,13,1,2,3784129.586048365,900577.0372885074,5037872.669091711,-75669.78518644083,52.5137007630138,13.386743753552,74.9125958161228,7.05624503734452,0
1912,train,1900,131309.299999925,1149251309.3,15,13,1,2,3784132.864410755,900576.8666976042,5037878.400064083,-75675.48772280151,52.5137018278501,13.3867645516896,74.9149809671134,7.11936181039009,0
1913,train,1900,131309.499999925,1149251309.5,15,13,1,2,3784131.047672754,900580.2592059689,5037875.325956505,-75687.81335305747,52.5137029372502,13.3867855647528,74.9173702467995,7.20039956541742,0
1914,train,1900,131309.699999925,1149251309.6999998,15,13,1,2,3784129.864270619,900581.5976766599,5037876.497541685,-75697.1938040825,52.5137041399336,13.3868068321067,74.9197575405283,7.29976860504159,0
1915,train,1900,131309.899999925,1149251309.9,15,13,1,2,3784130.9801056213,900582.1488708874,5037878.845863936,-75705.54897351524,52.5137054604704,13.3868284033735,74.9221375754716,7.41523931695115,0
1916,train,1900,131310.099999925,1149251310.1,15,13,1,2,3784130.5658400184,900584.1497624213,5037880.544732982,-75714.7447398546,52.5137068415503,13.3868503370161,74.9245059304767,7.54162721323577,0
1917,train,1900,131310.299999925,1149251310.3,15,14,1,2,3784134.2197342073,900585.5537619635,5037881.400883187,-75722.66296480906,52.5137082300201,13.3868726251646,74.9268592945223,7.67022398513121,0
1918,train,1900,131310.499999925,1149251310.5,14,13,1,2,3784124.1737848157,900591.257218485,5037872.750055704,-75742.63850974989,52.5137097705452,13.3868952636312,74.9291952794959,7.79032364442806,0
1919,train,1900,131310.699999925,1149251310.6999998,15,14,1,2,3784133.612192381,900589.3148924519,5037879.884028333,-75744.60306670413,52.5137113942497,13.386918220867,74.9315131203835,7.88975596577184,0
1920,train,1900,131310.899999925,1149251310.9,14,13,1,2,3784130.6198824253,900590.4091517811,5037879.294131304,-75756.60298481317,52.5137129914015,13.3869414342049,74.9338122433829,7.9638890296272,0
1921,train,1900,131311.099999925,1149251311.1,14,13,1,2,3784129.3860150673,900592.4414072132,5037877.381136023,-75768.10471252564,52.5137146035611,13.3869648208226,74.9360932529051,8.01708235142214,0
1922,train,1900,131311.299999925,1149251311.3,14,13,1,2,3784127.940356628,900594.3113008036,5037877.004404704,-75779.52731757307,52.5137162742034,13.3869883385042,74.9383570488423,8.05455745882899,0
1923,train,1900,131311.499999925,1149251311.5,12,11,1,2,3784123.821255279,900598.1764901004,5037867.766501021,-75798.84461838705,52.5137180070783,13.3870119301155,74.9406050189678,8.07853865229826,0
1924,train,1900,131311.699999925,1149251311.6999998,12,11,1,2,3784123.5850366587,900599.5768498676,5037867.784837023,-75809.34566816875,52.5137197946001,13.3870355651576,74.9428386383398,8.08919158056672,0
1925,train,1900,131311.899999925,1149251311.9,12,11,1,2,3784124.5273589087,900602.3495611715,5037866.057520167,-75819.91433318073,52.5137216523171,13.3870592028241,74.9450599399944,8.08298772928535,0
1926,train,1900,131312.099999925,1149251312.1,15,14,1,2,3784131.9957250925,900598.2533237585,5037899.121662852,-75804.34160520368,52.513723483438,13.3870827697847,74.9472707150638,8.05941313928291,0
1927,train,1900,131312.299999925,1149251312.3,14,13,1,2,3784126.3511930364,900603.6528803454,5037875.037771119,-75831.84985067634,52.5137253915562,13.3871062561296,74.9494728080758,8.02438949100796,0
1928,train,1900,131312.499999925,1149251312.5,14,12,1,2,3784132.586203062,900605.5852826108,5037877.881807802,-75837.4695246658,52.5137273892001,13.3871296354761,74.9516675659391,7.98697285897938,0
1929,train,1900,131312.699999925,1149251312.6999998,14,12,1,2,3784134.227765619,900608.183782414,5037876.766824061,-75847.73607933386,52.5137293427602,13.3871529120304,74.9538566329025,7.95777617990327,0
1930,train,1900,131312.899999925,1149251312.9,13,11,1,2,3784125.6611279864,900610.4624397926,5037871.988280022,-75864.76911046398,52.5137312079129,13.3871761205741,74.9560408880603,7.94629263030784,0
1931,train,1900,131313.099999925,1149251313.1,13,11,1,2,3784122.7921811067,900611.9458221148,5037871.459788077,-75876.8098988167,52.5137330622938,13.3871993205709,74.9582211288997,7.95395760348978,0
1932,train,1900,131313.299999925,1149251313.3,15,12,1,2,3784134.488720085,900612.6613747579,5037876.804250884,-75877.68234863733,52.5137349034104,13.3872225847929,74.9603982990783,7.97734667781675,0
1933,train,1900,131313.499999925,1149251313.5,14,11,1,2,3784119.3958149366,900614.3311684063,5037871.487428064,-75898.24224764478,52.5137367118085,13.3872459467984,74.9625729543792,8.01003324612005,0
1934,train,1900,131313.699999925,1149251313.6999998,14,12,1,2,3784130.418794338,900614.0277146893,5037880.931040747,-75897.29766262953,52.5137384661064,13.3872694305176,74.9647457452932,8.04502756429475,0
1935,train,1900,131313.899999925,1149251313.9,14,12,1,2,3784130.6421844726,900615.6608345308,5037881.931689151,-75906.67063034682,52.5137401072742,13.3872930366901,74.9669174017815,8.07771939433362,0
1936,train,1900,131314.099999925,1149251314.1,14,12,1,2,3784132.1439131843,900618.2086075337,5037880.717808932,-75917.34849501353,52.5137416832306,13.3873167364415,74.9690883735901,8.10594431083593,0
1937,train,1900,131314.299999925,1149251314.3,14,12,1,2,3784131.0816394086,900618.6091469928,5037881.651015089,-75928.11470736233,52.5137431635516,13.387340528616,74.9712592705091,8.12934490204711,0
1938,train,1900,131314.499999925,1149251314.5,14,12,1,2,3784130.2968591196,900620.6991212964,5037880.889551913,-75938.62873720501,52.5137445612496,13.3873643911608,74.9734307217578,8.14981339654786,0
1939,train,1900,131314.699999925,1149251314.6999998,13,11,1,2,3784113.8523238627,900621.6520423555,5037874.094321597,-75960.87780809663,52.5137459652326,13.3873883144651,74.9756030748115,8.17172487076614,0
1940,train,1900,131314.899999925,1149251314.9,13,11,1,2,3784115.7562557296,900623.9916265175,5037873.872017787,-75969.66810269257,52.5137474493462,13.3874123090128,74.9777763653261,8.19973105438782,0
1941,train,1900,131315.099999925,1149251315.1,14,12,1,2,3784128.4764752896,900625.3648713845,5037880.509777249,-75969.28162454086,52.5137489243538,13.3874363898589,74.9799513885469,8.2348584781579,0
1942,train,1900,131315.299999925,1149251315.3,13,12,1,2,3784128.565683513,900626.7012282938,5037880.748908765,-75979.13960102058,52.5137504718068,13.3874605795219,74.9821286802115,8.27320258852694,0
1943,train,1900,131315.499999925,1149251315.5,13,12,1,2,3784129.5910428665,900629.7868717327,5037880.635489853,-75988.5924178212,52.5137519843001,13.3874848656226,74.9843090270244,8.30833361921277,0
1944,train,1900,131315.699999925,1149251315.6999998,13,12,1,2,3784126.956700057,900630.6522664139,5037880.717183749,-76000.12076557302,52.5137535618312,13.3875092260596,74.9864931873697,8.33549493658824,0
1945,train,1900,131315.899999925,1149251315.9,12,12,1,2,3784127.0859249677,900631.9672595309,5037880.452473003,-76010.51454497564,52.5137551659806,13.3875336481111,74.988682021024,8.35065650882397,0
1946,train,1900,131316.099999925,1149251316.1,13,12,1,2,3784127.425911544,900633.1059766904,5037881.780336319,-76019.94040165421,52.513756793987,13.3875580880989,74.9908759130112,8.34829290463726,0
1947,train,1900,131316.299999925,1149251316.3,13,12,1,2,3784126.814433844,900634.3054929423,5037882.323798487,-76029.85006706914,52.5137584529033,13.387582517754,74.993074747957,8.33166909674373,0
1948,train,1900,131316.499999925,1149251316.5,12,11,1,2,3784127.651467678,900638.853620063,5037876.250516554,-76043.93945763602,52.5137599831262,13.3876068924794,74.995278444637,8.3116399873291,0
1949,train,1900,131316.699999925,1149251316.6999998,12,12,1,2,3784128.1488320297,900637.391948947,5037882.573700116,-76049.795425272,52.5137614848282,13.387631216247,74.9974859303634,8.29643134108551,0
1950,train,1900,131316.899999925,1149251316.9,12,11,1,2,3784123.7751752585,900634.121202568,5037886.668837824,-76060.95506134044,52.5137630250203,13.387655507218,74.9996963992914,8.28583535814309,0
1951,train,1900,131317.099999925,1149251317.1,13,12,1,2,3784128.7061248193,900641.2134307004,5037883.143820805,-76069.08475436748,52.5137645632529,13.3876797710861,75.0019083596393,8.27859132559728,0
1952,train,1900,131317.299999925,1149251317.3,13,12,1,2,3784127.768055796,900642.4117328032,5037883.603686173,-76079.75622180445,52.5137660132359,13.3877040196922,75.0041202378209,8.2778580747865,0
1953,train,1900,131317.499999925,1149251317.5,12,11,1,2,3784120.2588282567,900638.3416439462,5037886.4585430585,-76094.05054828554,52.5137675754767,13.3877282801962,75.0063299965102,8.28982843045988,0
1954,train,1900,131317.699999925,1149251317.6999998,12,11,1,2,3784119.920417914,900639.5278282489,5037887.172681705,-76103.51640462752,52.5137692150559,13.3877525920529,75.0085351300371,8.31836599650622,0
1955,train,1900,131317.899999925,1149251317.9,13,12,1,2,3784124.663005555,900648.4485478697,5037882.955439127,-76111.35687857756,52.5137708906473,13.3877769914579,75.0107330518126,8.36224658386538,0
1956,train,1900,131318.099999925,1149251318.1,13,12,1,2,3784120.8030628553,900647.8828604112,5037885.6423316,-76122.13733862509,52.5137725722401,13.3878015323175,75.0129210235777,8.41516368444869,0
1957,train,1900,131318.299999925,1149251318.3,12,11,1,2,3784116.3677151166,900643.0467259816,5037891.691753581,-76132.74363512648,52.5137742180506,13.3878262500771,75.0150959650131,8.47095885940445,0
1958,train,1900,131318.499999925,1149251318.5,13,12,1,2,3784120.1915272684,900652.841311501,5037885.260270582,-76141.44593471543,52.5137759594041,13.387851108244,75.0172550829212,8.52696858303257,0
1959,train,1900,131318.699999925,1149251318.6999998,12,11,1,2,3784111.649146676,900645.131518093,5037890.67353519,-76155.32455749332,52.5137777216879,13.3878761194463,75.0193955596235,8.58341617415215,0
1960,train,1900,131318.899999925,1149251318.9,13,12,1,2,3784121.209580011,900653.2902945247,5037887.7866001725,-76160.35606659533,52.5137795227514,13.387901303377,75.021514772139,8.6423404924633,0
1961,train,1900,131319.099999925,1149251319.1,13,12,1,2,3784119.873893952,900653.7060865464,5037888.669578275,-76170.96978429786,52.5137812708372,13.3879266597934,75.0236104019342,8.70642359484535,0
1962,train,1900,131319.299999925,1149251319.3,13,12,1,2,3784120.4870324694,900655.7519336918,5037887.615950011,-76180.8778951721,52.5137831878513,13.3879522063972,75.0256806042734,8.77677904768518,0
1963,train,1900,131319.499999925,1149251319.5,13,12,1,2,3784119.7218846586,900658.6330228507,5037889.247244674,-76190.5116844858,52.5137850515379,13.3879779663958,75.0277236659678,8.84661978070623,0
1964,train,1900,131319.699999925,1149251319.6999998,11,11,1,3,3784101.127955691,900655.4626668727,5037884.830249487,-76214.81351749087,52.5137869475218,13.3880039096177,75.0297383346503,8.90759771147804,0
1965,train,1900,131319.899999925,1149251319.9,13,13,1,2,3784115.5315656574,900658.0552352556,5037888.8550209245,-76214.30586999816,52.513788935945,13.3880299785617,75.0317235630276,8.95086408787905,0
1966,train,1900,131320.099999925,1149251320.1,13,12,1,2,3784122.9127810406,900662.2369134603,5037891.631404213,-76218.7014506028,52.5137909015942,13.3880561641832,75.0336782740725,8.9725090932134,0
1967,train,1900,131320.299999925,1149251320.3,12,11,1,3,3784103.0609109993,900664.595594439,5037881.7318906225,-76244.73458035773,52.5137929503937,13.3880823906484,75.035601690239,8.97428899564611,0
1968,train,1900,131320.499999925,1149251320.5,12,11,1,2,3784103.546964136,900666.7581410222,5037883.099158844,-76253.50409879636,52.5137949280795,13.3881086062277,75.037492714227,8.96105241171514,0
1969,train,1900,131320.699999925,1149251320.6999998,12,11,1,2,3784103.4577882932,900669.3894906795,5037882.372522213,-76263.5256660352,52.5137968324614,13.3881347726188,75.0393500552386,8.93631165697942,0
1970,train,1900,131320.899999925,1149251320.9,14,12,1,3,3784122.4514142373,900669.2583673869,5037895.533162993,-76255.70010232634,52.5137987312409,13.3881608534111,75.0411724922784,8.90604482035185,0
1971,train,1900,131321.099999925,1149251321.1,13,11,1,3,3784101.1358919,900673.6843298805,5037881.774377739,-76284.6607672229,52.513801211239,13.3881812067876,75.0429578672771,8.87590351107051,0
1972,train,1900,131321.299999925,1149251321.3,13,11,1,3,3784124.7114566816,900677.6949070632,5037885.750553593,-76282.0261350143,52.5138031888649,13.3882070828723,75.044705661418,8.84834995259724,0
1973,train,1900,131321.499999925,1149251321.5,13,12,1,3,3784100.585519795,900675.4824134449,5037883.004019295,-76305.23155508094,52.5138049697397,13.3882329239463,75.0464138095784,8.82398945557731,0
1974,train,1900,131321.699999925,1149251321.6999998,13,12,1,2,3784117.732903575,900671.7397995791,5037894.203587021,-76301.30084735373,52.5138068447148,13.3882587014356,75.0480806518678,8.80592909383819,0
1975,train,1900,131321.899999925,1149251321.9,13,12,1,2,3784115.510567974,900676.4862292331,5037889.885135126,-76314.5003419336,52.5138087315074,13.3882844399753,75.0497049275861,8.7970088601009,0
1976,train,1900,131322.099999925,1149251322.1,13,12,1,2,3784099.161259826,900678.4983398333,5037887.477634564,-76333.31318559326,52.5138104688113,13.3883101788662,75.0512855933915,8.79602492330669,0
1977,train,1900,131322.299999925,1149251322.3,13,12,1,2,3784113.3806421314,900681.5374136375,5037887.428023434,-76337.56302606741,52.5138122080984,13.3883359208148,75.0528220136583,8.80232784055218,0
1978,train,1900,131322.499999925,1149251322.5,14,13,1,2,3784111.6719924593,900677.996462442,5037899.6454103235,-76339.21486829885,52.5138139818812,13.3883616953373,75.0543140436977,8.81740405242412,0
1979,train,1900,131322.699999926,1149251322.6999998,14,13,1,2,3784109.0052735694,900679.4126115664,5037901.692390376,-76349.56531505102,52.513815747619,13.3883875242185,75.0557619494944,8.84068622574286,0
1980,train,1900,131322.899999926,1149251322.9,13,12,1,2,3784105.233089516,900687.9343228482,5037885.90181053,-76372.26789548677,52.5138174990784,13.3884134287196,75.0571664877217,8.8694702837144,0
1981,train,1900,131323.099999926,1149251323.1,12,11,1,2,3784100.091221227,900684.5285417917,5037895.114683117,-76379.73081325824,52.5138193318553,13.3884394094755,75.0585290511377,8.9004295466662,0
1982,train,1900,131323.299999926,1149251323.3,14,13,1,2,3784107.0506742964,900684.7080537656,5037904.001732509,-76379.44314123303,52.5138211311363,13.3884654952837,75.0598510796928,8.92722392754417,0
1983,train,1900,131323.499999926,1149251323.5,12,11,1,3,3784095.0708008204,900698.8845739154,5037873.782859223,-76415.31732655669,52.5138229814819,13.3884916376054,75.0611346513637,8.93846860493629,0
1984,train,1900,131323.699999926,1149251323.6999998,12,11,1,2,3784104.77599177,900689.7651686388,5037898.197777714,-76405.68207958076,52.5138247997087,13.388517777761,75.0623819080426,8.9261611944694,0
1985,train,1900,131323.899999926,1149251323.9,12,11,1,2,3784096.6051933523,900702.6068832246,5037873.475590738,-76435.89675412892,52.5138266400541,13.3885438372466,75.0635946563718,8.89064032488535,0
1986,train,1900,131324.099999926,1149251324.1,12,11,1,2,3784095.4253646997,900703.578054249,5037875.1406275565,-76445.0460373892,52.5138284634956,13.3885697623174,75.06477478878,8.83387775716842,0
1987,train,1900,131324.299999926,1149251324.3,13,12,1,2,3784099.5683110454,900694.4620025227,5037898.684656354,-76436.96841426153,52.5138303404145,13.3885954979121,75.0659242820404,8.75821130086289,0
1988,train,1900,131324.499999926,1149251324.5,12,11,1,2,3784104.288221261,900695.7402879734,5037897.860785063,-76446.79725493283,52.5138320816033,13.3886209912515,75.0670447115427,8.66940930840211,0
1989,train,1900,131324.699999926,1149251324.6999998,13,12,1,2,3784100.390178447,900697.863939725,5037899.22415394,-76456.39157454162,52.5138337860681,13.3886462125399,75.0681379510392,8.57296384676122,0
1990,train,1900,131324.899999926,1149251324.9,11,10,1,2,3784102.7905198745,900711.099203937,5037868.277973628,-76488.82640308388,52.5138356222786,13.3886711194988,75.0692053314436,8.47151946558958,0
1991,train,1900,131325.099999926,1149251325.1,13,12,1,2,3784108.787799281,900700.3910788753,5037901.557243849,-76472.90842340517,52.5138373265869,13.3886957256519,75.0702481075955,8.36528068625144,0
1992,train,1900,131325.299999926,1149251325.3,13,12,1,2,3784109.7097888584,900702.3776944663,5037902.302737919,-76482.35675049416,52.513839121954,13.3887200146592,75.0712673596947,8.25693171948287,0
1993,train,1900,131325.499999926,1149251325.5,14,13,1,2,3784103.29625539,900705.146511231,5037906.069034877,-76489.59050951905,52.5138409875825,13.3887439834736,75.0722636848,8.14932756136325,0
1994,train,1900,131325.699999926,1149251325.6999998,13,12,1,2,3784107.7557221265,900701.7103388577,5037912.197071013,-76496.20648688036,52.5138427942259,13.3887676278622,75.0732373249457,8.04326911747615,0
1995,train,1900,131325.899999926,1149251325.9,11,10,1,3,3784096.451844499,900716.0670358443,5037884.324484684,-76530.0237684377,52.5138445816556,13.38879096505,75.0741883673948,7.93988793120029,0
1996,train,1900,131326.099999926,1149251326.1,13,12,1,2,3784104.4798751064,900713.5436437677,5037900.821062785,-76523.47966698302,52.513846503868,13.3888139995204,75.075116809651,7.83956427912176,0
1997,train,1900,131326.299999926,1149251326.3,12,11,1,2,3784102.6683509336,900709.788711494,5037905.300357763,-76534.80224936653,52.5138483807376,13.3888367222465,75.0760224273238,7.74043010749564,0
1998,train,1900,131326.599999926,1149251326.6,13,12,1,2,3784102.4558942625,900717.8813731942,5037898.451386362,-76551.69060987158,52.5138511003366,13.3888702373555,75.0773378952553,7.57597428955808,0
1999,train,1900,131326.799999926,1149251326.8,14,13,1,2,3784108.4945318564,900717.5007401773,5037903.039976676,-76556.32525199033,52.51385303215,13.388892110089,75.0781861708116,7.43781979053165,0
2000,train,1900,131326.999999926,1149251327.0,14,13,1,2,3784111.457197924,900717.7398610974,5037904.325023044,-76563.89514020561,52.5138549442953,13.3889135296407,75.0790116610525,7.26544044581801,0
2001,test,1900,131327.199999926,1149251327.1999998,13,12,1,2,3784101.230010291,900722.0734800075,5037895.734550561,-76584.55282141008,52.5138567996687,13.3889343917334,75.079814924756,7.05604996079181,0
2002,test,1900,131327.399999926,1149251327.4,13,12,1,2,3784101.912247093,900724.0189694187,5037896.522355124,-76593.77919501314,52.513858587015,13.3889545852359,75.0805956422957,6.81338662114346,0
2003,test,1900,131327.599999926,1149251327.6,14,12,1,2,3784116.7284917017,900722.1767501711,5037898.16991612,-76599.09191373027,52.5138603306129,13.3889740378951,75.0813532340031,6.54320654221275,0
2004,test,1900,131327.799999926,1149251327.8,15,11,1,2,3784116.026951612,900723.654059005,5037896.250378073,-76611.50149801145,52.5138619613821,13.3889926745242,75.0820885172813,6.2535504059163,0
2005,test,1900,131327.999999926,1149251328.0,15,12,1,2,3784117.820271212,900727.4316860889,5037893.512982998,-76622.32846965223,52.5138636136963,13.3890104515383,75.0828026087857,5.95375786398887,0
2006,test,1900,131328.199999926,1149251328.1999998,16,12,1,2,3784109.2772312826,900730.2383463084,5037895.337172542,-76632.96170073206,52.5138649740868,13.3890273639636,75.0834966140613,5.65326352323678,0
2007,test,1900,131328.399999926,1149251328.4,15,13,1,2,3784111.233854678,900734.6724673324,5037894.282989011,-76641.57285214354,52.5138662830614,13.3890434255216,75.084171668453,5.35928800055193,0
2008,test,1900,131328.599999926,1149251328.6,16,13,1,2,3784113.4355616076,900737.9468459883,5037889.049724364,-76654.49652528594,52.5138674957282,13.3890586449395,75.0848292379844,5.07150685581202,0
2009,test,1900,131328.799999926,1149251328.8,17,14,1,2,3784105.824093973,900729.675923595,5037891.644288014,-76669.42527972374,52.5138685756536,13.3890730225812,75.0854707108885,4.78382356114682,0
2010,test,1900,131328.999999926,1149251329.0,16,14,1,2,3784103.4187114574,900731.5473358784,5037891.230671064,-76680.50284517983,52.5138695813117,13.3890865726771,75.086097505243,4.4909938604057,0
2011,test,1900,131329.199999926,1149251329.1999998,16,14,1,2,3784105.956491931,900733.7194582927,5037890.325053915,-76689.56914094492,52.5138704872388,13.3890992772847,75.0867114077591,4.19380966430717,0
2012,test,1900,131329.399999926,1149251329.4,16,14,1,2,3784105.684356656,900735.2994630766,5037889.691350694,-76699.84498806053,52.5138712151304,13.3891111070117,75.087314177302,3.89623593584133,0
2013,test,1900,131329.699999926,1149251329.6999998,17,14,1,2,3784103.5796580496,900736.7056305791,5037891.145920657,-76714.6692454097,52.5138721452768,13.3891272498271,75.0882023374395,3.44863607203869,0
2014,test,1900,131329.899999926,1149251329.9,16,14,1,2,3784105.683039603,900738.8491622794,5037888.552211938,-76726.13318962729,52.5138726476563,13.389136915524,75.0887869184778,3.14363145200704,0
2015,test,1900,131330.099999926,1149251330.1,15,13,1,2,3784111.3649958908,900742.0497175109,5037890.907071281,-76732.06958594886,52.5138730653572,13.3891456971613,75.0893680364098,2.83642492917751,0
2016,test,1900,131330.299999926,1149251330.3,16,14,1,2,3784120.580714629,900734.7332242889,5037929.519758834,-76715.81008856242,52.5138733937677,13.3891535845101,75.0899480884443,2.54084232379511,0
2017,test,1900,131330.499999926,1149251330.5,17,14,1,2,3784119.8953458266,900735.02762647,5037931.168162017,-76726.0149564566,52.5138735405782,13.3891606517763,75.0905292130272,2.2746910704933,0
2018,test,1900,131330.699999926,1149251330.6999998,16,14,1,2,3784118.8393314965,900735.8339429616,5037932.463583036,-76736.30837779373,52.5138736259361,13.3891669966935,75.0911138256798,2.04689630517081,0
2019,test,1900,131330.899999926,1149251330.9,17,15,1,2,3784119.007862022,900734.2968313923,5037932.870893955,-76746.40171764407,52.5138736760029,13.3891727286048,75.091704110997,1.85025782294607,0
2020,test,1900,131331.099999926,1149251331.1,16,14,1,2,3784113.6708992952,900734.6757892902,5037938.8281287365,-76754.68673642183,52.5138738452214,13.3891779008471,75.0923020641716,1.6655139344407,0
2021,test,1900,131331.299999926,1149251331.3,18,15,1,2,3784119.827299875,900733.349919906,5037943.777405227,-76758.95373295542,52.5138738334902,13.3891825295301,75.092909680769,1.4754039570654,0
2022,test,1900,131331.499999926,1149251331.5,18,15,1,2,3784116.8725160803,900734.9129064748,5037939.441632008,-76773.86727101014,52.5138737740041,13.3891865758868,75.0935285605398,1.27381609621991,0
2023,test,1900,131331.699999926,1149251331.6999998,16,14,1,3,3784104.9339497895,900742.7017334907,5037887.633063515,-76819.88050775301,52.5138736935788,13.3891900197484,75.094160308327,1.06580513568406,0
2024,test,1900,131331.899999926,1149251331.9,17,14,1,2,3784111.427093959,900736.5594373452,5037936.405200669,-76799.0416599531,52.513873570977,13.3891928620866,75.0948063211994,0.867690642263724,0
2025,test,1900,131332.099999926,1149251332.1,16,14,1,2,3784119.0380129935,900735.472764647,5037932.3207948,-76810.81237877492,52.5138734448269,13.3891951602323,75.0954679264428,0.703988894499376,0
2026,test,1900,131332.299999926,1149251332.3,17,14,1,2,3784120.286240103,900735.3677568187,5037940.106423144,-76816.56323562034,52.5138734176382,13.3891970487174,75.0961462844715,0.592842327236078,0
2027,test,1900,131332.499999926,1149251332.5,17,14,1,2,3784115.639848952,900736.72105075,5037933.864199347,-76831.8910472685,52.5138733293516,13.389198698969,75.0968423604767,0.536846946037727,0
2028,test,1900,131332.699999926,1149251332.6999998,17,15,1,2,3784112.773041708,900737.4516645957,5037936.053389731,-76840.54511417144,52.5138732036517,13.3892002558275,75.0975570363466,0.528338131383797,0
2029,test,1900,131332.899999926,1149251332.9,17,15,1,2,3784110.8797936733,900737.7505989481,5037936.332521904,-76850.99717447114,52.5138730217872,13.3892018564313,75.0982909073227,0.561984742011412,0
2030,test,1900,131333.099999926,1149251333.1,18,15,1,2,3784119.481888969,900736.2518975695,5037940.283339249,-76858.76361358279,52.5138729791384,13.3892036027476,75.099044192215,0.638994702247574,0
2031,test,1900,131333.299999926,1149251333.3,18,15,1,2,3784120.8998125624,900735.7380499236,5037943.655601553,-76865.78532766148,52.5138729784337,13.3892050910517,75.0998174982903,0.755588216403659,0
2032,test,1900,131333.499999926,1149251333.5,18,15,1,2,3784115.2206572816,900736.6733940744,5037942.883682218,-76878.03337990506,52.5138728227941,13.3892075200464,75.1006108983159,0.891010999976145,0
2033,test,1900,131333.699999926,1149251333.6999998,18,15,1,2,3784111.253750261,900737.5437139446,5037941.578687839,-76890.59698220875,52.5138726959872,13.389210326497,75.1014245270479,1.01394822464063,0
2034,test,1900,131333.899999926,1149251333.9,18,15,1,2,3784113.4190263,900736.766956599,5037941.210250158,-76900.68558239669,52.5138726846544,13.3892134536757,75.1022581718793,1.10209343754063,0
2035,test,1900,131334.099999926,1149251334.1,18,15,1,2,3784109.2136454517,900738.1656718425,5037935.261449386,-76915.24335114825,52.5138725959163,13.3892167797009,75.1031111789605,1.15327428647131,0
2036,test,1900,131334.299999926,1149251334.3,18,15,1,2,3784111.7904624105,900738.321820552,5037932.982506984,-76926.79711976442,52.5138725935235,13.3892202154215,75.1039827839599,1.17825590058762,0
2037,test,1900,131334.499999926,1149251334.5,17,14,1,2,3784107.90472734,900738.5839806639,5037932.896024949,-76937.58668297256,52.513872557159,13.3892237036568,75.1048720086755,1.18798931747704,0
2038,test,1900,131334.699999926,1149251334.6999998,18,15,1,2,3784106.964675028,900738.0129322676,5037935.267182863,-76946.59483981767,52.513872617895,13.3892272009713,75.1057774827464,1.18708078496013,0
2039,test,1900,131334.899999926,1149251334.9,17,15,1,2,3784107.044613061,900737.4075468325,5037933.401845345,-76957.30843548587,52.5138725643979,13.3892306801146,75.1066976092262,1.17449575976334,0
2040,test,1900,131335.099999926,1149251335.1,17,15,1,2,3784104.2973561245,900737.4433896834,5037932.877616698,-76969.30665456112,52.5138725281666,13.3892340990282,75.107630257746,1.1469706789203,0
2041,test,1900,131335.299999926,1149251335.3,17,15,1,2,3784100.986808587,900738.6594435021,5037930.562468234,-76981.45770740959,52.5138724318841,13.3892374169823,75.1085732906248,1.10274141291574,0
2042,test,1900,131335.499999926,1149251335.5,17,15,1,2,3784097.3474564347,900739.8473764799,5037930.372487737,-76992.65910786725,52.5138724991509,13.3892405747286,75.1095241289248,1.04227806547349,0
2043,test,1900,131335.699999926,1149251335.6999998,17,15,1,2,3784101.6361954478,900739.0347568382,5037931.1425688965,-77001.41184605693,52.5138724546942,13.3892435347006,75.1104802771288,0.969183377109766,0
2044,test,1900,131335.899999926,1149251335.9,17,15,1,2,3784103.090875526,900738.1306836576,5037933.338878557,-77010.59039321417,52.5138723958682,13.389246269026,75.1114394623659,0.888559436945099,0
2045,test,1900,131336.099999926,1149251336.1,17,15,1,2,3784104.3702410175,900736.8478706161,5037934.445017827,-77020.4102847391,52.5138723644102,13.389248758298,75.1123990431473,0.80497977018231,0
2046,test,1900,131336.299999926,1149251336.3,17,15,1,2,3784104.1786067705,900735.9186147366,5037934.712424735,-77030.45082158431,52.5138722733465,13.3892510051437,75.1133570943214,0.720447269301386,0
2047,test,1900,131336.499999926,1149251336.5,17,15,1,2,3784105.2623817325,900734.2984322346,5037934.926524843,-77040.59550191039,52.5138723144635,13.3892529926872,75.1143115114729,0.634957080133086,0
2048,test,1900,131336.699999926,1149251336.6999998,16,14,1,2,3784098.4043495785,900731.1715607925,5037931.419095937,-77056.22909310562,52.5138722835868,13.3892547359335,75.1152605410304,0.548707148679451,0
2049,test,1900,131336.899999926,1149251336.9,16,14,1,2,3784093.865328709,900731.2896197475,5037930.9592155535,-77069.38225951018,52.5138722598875,13.389256217459,75.116202435522,0.462343507127619,0
2050,test,1900,131337.099999926,1149251337.1,14,14,1,2,3784087.3215450766,900733.9212128981,5037920.295094066,-77088.2944496693,52.5138722197868,13.3892574448938,75.1171359111281,0.375991368746678,0
2051,test,1900,131337.299999926,1149251337.3,14,14,1,2,3784088.1229333063,900734.6849307335,5037920.999319558,-77098.7740209839,52.5138722287588,13.3892584136625,75.1180598929758,0.288170275882994,0
2052,test,1900,131337.499999926,1149251337.5,16,15,1,2,3784095.2677784786,900739.6151411755,5037922.214170013,-77103.75413333368,52.5138721436928,13.3892591182529,75.1189736258925,0.197480201960748,0
2053,test,1900,131337.699999926,1149251337.6999998,16,15,1,2,3784090.867397836,900740.3432611821,5037914.747074023,-77119.612296794,52.5138716583842,13.3892576174202,75.1198760840123,0.109619522183262,0
2054,test,1900,131337.899999926,1149251337.9,17,15,1,2,3784090.274558394,900740.1612541231,5037912.631897175,-77131.45136104387,52.5138714538971,13.3892587778153,75.1207672989251,0.0438173679434815,1
2055,test,1900,131338.099999926,1149251338.1,17,15,1,2,3784091.5817292645,900739.9301288616,5037911.852751929,-77141.63122451521,52.513871463571,13.3892588641572,75.1216504258433,0.007850362018232,1
2056,test,1900,131338.299999926,1149251338.3,17,14,1,2,3784088.2853132407,900736.839656486,5037908.526668386,-77156.22977709037,52.5138714085957,13.389259479909,75.122524820059,-0.005178119976432,1
2057,test,1900,131338.499999926,1149251338.5,17,14,1,2,3784087.9122659606,900736.2197575785,5037905.821140005,-77168.47996026713,52.5138713491433,13.3892585385547,75.1233914546469,-0.0055770130897181,1
2058,test,1900,131338.699999926,1149251338.6999998,17,14,1,2,3784088.2250227425,900736.7785774232,5037906.677539332,-77178.08980024577,52.5138713432631,13.3892585596715,75.12425287122,-0.0016552543543522,1
2059,test,1900,131338.899999926,1149251338.9,17,14,1,2,3784088.7266875035,900736.2277596388,5037906.430621713,-77188.13383860243,52.5138713213664,13.3892586347024,75.1251178218583,0.002622737531606,1
2060,test,1900,131339.099999926,1149251339.1,17,14,1,2,3784088.0100500192,900736.3614390751,5037906.295677235,-77199.01930497357,52.5138712871927,13.3892586327952,75.1260029679007,0.0067561501652089,1
2061,test,1900,131339.299999926,1149251339.3,17,14,1,2,3784087.464033779,900736.6482840724,5037906.368729442,-77210.19935122441,52.5138712094738,13.3892586586313,75.1269161254827,0.0105552055960831,1
2062,test,1900,131339.499999926,1149251339.5,17,14,1,2,3784087.885414957,900737.3220550091,5037905.23293969,-77221.36789821656,52.5138712862088,13.3892586946911,75.1278615481041,0.0138548111786816,1
2063,test,1900,131339.699999926,1149251339.6999998,17,14,1,2,3784088.3852634397,900738.0762255471,5037905.575174269,-77231.01167489562,52.5138712084681,13.3892587505446,75.1288433458813,0.0165259319043754,1
2064,test,1900,131339.899999926,1149251339.9,17,14,1,2,3784089.3915163996,900737.2909084873,5037906.279016506,-77240.97590372356,52.5138711724343,13.3892587986019,75.1298654832188,0.0182853481314922,1
2065,test,1900,131340.099999926,1149251340.1,17,14,1,2,3784090.0596744395,900736.791534777,5037904.5938161295,-77252.1181133328,52.5138711282119,13.3892588513789,75.130932175522,0.0190058155272653,1
2066,test,1900,131340.299999926,1149251340.3,17,14,1,2,3784089.301424267,900736.9629285631,5037904.713727769,-77262.96444919721,52.513871159096,13.389258891081,75.1320485484809,0.0184416457959147,1
2067,test,1900,131340.499999926,1149251340.5,17,14,1,2,3784089.001134732,900736.92456049,5037903.787879875,-77274.03028539215,52.5138712796146,13.3892589097361,75.1332208132187,0.0167926754193042,1
2068,test,1900,131340.699999926,1149251340.6999998,17,13,1,2,3784080.1415360165,900739.4159506571,5037899.2423559325,-77291.58543212304,52.513871302281,13.3892589796527,75.1344552063437,0.014151082817689,1
2069,test,1900,131340.899999927,1149251340.9,17,14,1,2,3784090.095327685,900737.1910958029,5037902.960014938,-77294.68691056935,52.513871418961,13.3892589402682,75.1357578105579,0.0101277011098173,1
2070,test,1900,131341.099999927,1149251341.1,17,14,1,2,3784089.9509010306,900736.6412355301,5037903.072737674,-77305.15782569666,52.5138714631039,13.3892589019252,75.1371348985569,0.0050990582598157,1
2071,test,1900,131341.299999927,1149251341.3,17,14,1,2,3784090.6529471995,900736.4193715799,5037903.860777537,-77314.63644075571,52.5138714519513,13.3892589350821,75.138592612954,-1.9723466026674e-05,1
2072,test,1900,131341.499999927,1149251341.5,17,14,1,2,3784091.117284987,900736.4694454313,5037903.550246387,-77325.17362736659,52.5138716249979,13.3892589130837,75.1401261543366,-0.0052658735059025,1
2073,test,1900,131341.699999927,1149251341.6999998,17,14,1,2,3784091.3909794465,900736.2974801193,5037902.809396146,-77335.62938995854,52.513871604147,13.3892589267356,75.1417195886971,-0.0103203623780389,1
2074,test,1900,131341.899999927,1149251341.9,17,14,1,2,3784092.0364216645,900736.3453239056,5037904.838759876,-77344.30895335002,52.513871614138,13.3892588476906,75.1433560886026,-0.014493881351411,1
2075,test,1900,131342.099999927,1149251342.1,17,14,1,2,3784091.404495377,900736.4591239989,5037904.074762835,-77355.46592445028,52.5138715062394,13.3892587285476,75.145014097109,-0.0170736337583577,1
2076,test,1900,131342.299999927,1149251342.3,17,14,1,2,3784091.599577296,900735.9505953825,5037904.461906495,-77365.43786239755,52.513871091111,13.389258723112,75.1466653769214,-0.0186537732171361,1
2077,test,1900,131342.499999927,1149251342.5,17,14,1,2,3784092.333614661,900735.699599462,5037905.224163976,-77375.06812668488,52.5138710601169,13.3892586531685,75.148276825851,-0.0196400672444575,1
2078,test,1900,131342.699999927,1149251342.6999998,17,14,1,2,3784092.1857253104,900735.811142885,5037904.826004888,-77385.59126263371,52.5138709827618,13.3892585856937,75.1498092299094,-0.017769614317432,1
2079,test,1900,131342.899999927,1149251342.9,17,14,1,2,3784092.02899737,900735.4022710848,5037905.734637307,-77395.4992511257,52.5138709482282,13.3892585287438,75.1512164299954,-0.0135509813323491,1
2080,test,1900,131343.099999927,1149251343.1,17,13,1,2,3784083.447870718,900737.5695590058,5037902.877575656,-77411.85196140374,52.5138700686474,13.389258487474,75.1524459798083,-0.0079297907937896,1
2081,test,1900,131343.299999927,1149251343.3,17,13,1,2,3784083.698034375,900737.3119368019,5037903.395798511,-77421.71575573558,52.5138700303029,13.3892584785181,75.1534474889203,-0.0010668272722555,1
2082,test,1900,131343.499999927,1149251343.5,17,13,1,2,3784084.047741765,900737.018938297,5037904.983353886,-77430.85438935031,52.513870037489,13.389258470533,75.1542031217782,0.0045648846473621,1
2083,test,1900,131343.699999927,1149251343.6999998,17,14,1,2,3784092.2135456307,900734.8936367009,5037907.490219451,-77435.43934560458,52.5138700138233,13.3892585603848,75.1547225067089,0.0083609478017173,1
2084,test,1900,131343.899999927,1149251343.9,17,14,1,2,3784092.321805645,900734.9877259196,5037907.521603316,-77445.63927771348,52.5138699118992,13.3892586342485,75.155035967359,0.0083685862641402,1
2085,test,1900,131344.099999927,1149251344.1,17,14,1,2,3784092.1290941536,900734.8696903891,5037906.7515198635,-77456.5581383423,52.513869920966,13.3892586513212,75.1551821561073,0.0066972523703317,1
2086,test,1900,131344.299999927,1149251344.3,17,14,1,2,3784092.199275362,900734.7098514149,5037907.153185004,-77466.67529838743,52.5138698989788,13.3892586223553,75.1552033206237,0.005526275417594,1
2087,test,1900,131344.499999927,1149251344.5,17,14,1,2,3784092.230866776,900734.4834618506,5037906.327912744,-77477.50818559591,52.513869887497,13.389258671663,75.1551446136917,0.0040144206185999,1
2088,test,1900,131344.699999927,1149251344.6999998,17,13,1,2,3784082.9273199607,900736.683879484,5037902.122227998,-77495.00709077394,52.513869856967,13.3892585824512,75.155048721057,0.0020691600766479,1
2089,test,1900,131344.899999927,1149251344.9,17,14,1,2,3784092.172274373,900734.5198455015,5037904.986164524,-77498.94010454338,52.5138698260696,13.3892586359394,75.1549542681829,0.0010727240885723,1
2090,test,1900,131345.099999927,1149251345.1,17,14,1,2,3784092.4006674667,900734.2545893944,5037906.257961726,-77508.44554232784,52.5138698518817,13.3892586432211,75.1548952394039,0.0015449838851672,1
2091,test,1900,131345.299999927,1149251345.3,17,14,1,2,3784092.221719947,900734.2988558422,5037905.864965635,-77519.11598985377,52.5138698553262,13.389258667449,75.1548987412045,0.0021941187413677,1
2092,test,1900,131345.499999927,1149251345.5,16,13,1,2,3784082.3592740665,900736.778468272,5037900.868473979,-77537.39784250628,52.5138698452966,13.3892586682759,75.1549841061072,0.0030539829616588,1
2093,test,1900,131345.699999927,1149251345.6999998,16,13,1,2,3784082.4245547554,900736.6329346932,5037901.419735829,-77547.40504482569,52.5138697846937,13.3892586686804,75.1551643521336,0.0045803310782142,1
2094,test,1900,131345.899999927,1149251345.9,16,13,1,2,3784082.870200525,900736.2535467932,5037903.068203743,-77556.61579408488,52.5138698269292,13.3892586269323,75.1554484940934,0.0045418228093584,1
2095,test,1900,131346.099999927,1149251346.1,16,13,1,2,3784082.859195354,900736.2207486698,5037902.976067249,-77567.02579261201,52.5138698397596,13.3892586120177,75.1558407770361,0.0022986226741165,1
2096,test,1900,131346.299999927,1149251346.3,16,13,1,2,3784083.0385957425,900736.0935712093,5037903.87187459,-77576.73733336754,52.5138697785923,13.3892586252175,75.1563437414217,-0.0004475998339206,1
2097,test,1900,131346.499999927,1149251346.5,16,13,1,2,3784083.0277145193,900736.0923790372,5037904.016649547,-77587.04480477743,52.5138698051165,13.3892586501104,75.1569602570951,-0.0021654615308796,1
2098,test,1900,131346.699999927,1149251346.6999998,16,13,1,2,3784083.0028848494,900735.9428488258,5037904.72637152,-77596.9203543624,52.5138698283927,13.3892586574744,75.1576893160885,-0.0032351923552396,1
2099,test,1900,131346.899999927,1149251346.9,16,13,1,2,3784082.9129999448,900735.9608456357,5037904.816760659,-77607.23682310041,52.5138697585132,13.3892586338002,75.158529676766,-0.0049332254308187,1
2100,test,1900,131347.099999927,1149251347.1,16,13,1,2,3784083.2659841855,900735.6827462052,5037906.396494824,-77616.45117351721,52.5138697737944,13.3892585934652,75.1594866322571,-0.0081292688536466,1
2101,test,1900,131347.299999927,1149251347.3,16,13,1,2,3784083.3912453544,900735.5888948259,5037907.270747546,-77626.20617707807,52.5138696631663,13.3892585992941,75.1605697452785,-0.0121258399075705,1
2102,test,1900,131347.499999927,1149251347.5,16,13,1,2,3784083.5283245943,900735.36352847,5037908.149673612,-77635.97113783754,52.5138697381785,13.3892585899243,75.161781272697,-0.0169640485080325,1
2103,test,1900,131347.699999927,1149251347.6999998,16,13,1,2,3784083.481940803,900735.30620037,5037908.351492614,-77646.21596788664,52.5138697757735,13.3892586029294,75.1631199414247,-0.0189644710783801,1
2104,test,1900,131347.899999927,1149251347.9,16,13,1,2,3784083.275210035,900735.2606083794,5037908.434753809,-77656.57447448451,52.513869741792,13.3892585677398,75.1645877420613,-0.0069032822121028,1
2105,test,1900,131348.099999927,1149251348.1,16,13,1,2,3784082.5235691383,900735.6873497225,5037906.343056312,-77668.47827607366,52.51386983996,13.3892586824937,75.1661878230065,0.0356336872368623,1
2106,test,1900,131348.299999927,1149251348.3,17,14,1,2,3784091.708168678,900733.4532211316,5037910.152781799,-77671.93790573796,52.5138698263218,13.389258874733,75.1679214719686,0.125998881580557,0
2107,test,1900,131348.499999927,1149251348.5,16,14,1,2,3784091.9168822872,900733.2415830276,5037912.984482486,-77680.523811314,52.5138699051458,13.3892594492505,75.1697894261792,0.272360785253542,0
2108,test,1900,131348.699999927,1149251348.6999998,16,14,1,2,3784093.994259652,900731.882977246,5037921.284144021,-77685.0489792215,52.5138699045286,13.3892605211011,75.1717940837941,0.455366967501941,0
2109,test,1900,131348.899999927,1149251348.9,17,15,1,2,3784097.0952990297,900734.3838640389,5037919.104170926,-77694.54144512175,52.5138699239232,13.3892621300143,75.1739215490896,0.638788977191224,0
2110,test,1900,131349.099999927,1149251349.1,17,15,1,2,3784097.0135312434,900734.8326504795,5037919.828197125,-77704.26071292114,52.5138700337893,13.3892642598753,75.1761487942275,0.807492435999738,0
2111,test,1900,131349.299999927,1149251349.3,17,15,1,2,3784097.983728638,900735.7255525689,5037920.556259707,-77713.34652958656,52.5138700481371,13.3892668696068,75.1784384140692,0.968850340011303,0
2112,test,1900,131349.499999927,1149251349.5,16,14,1,2,3784097.3232852435,900733.7283319177,5037921.517779113,-77723.77308611144,52.5138701463642,13.389269963048,75.1807360611509,1.13789281523246,0
2113,test,1900,131349.699999927,1149251349.6999998,16,14,1,2,3784098.2588624693,900732.5963702132,5037928.156995632,-77729.75960793339,52.5138703737892,13.3892735717215,75.1829684747432,1.3254544438436,0
2114,test,1900,131349.899999927,1149251349.9,16,14,1,2,3784098.914361062,900731.2467633518,5037933.763890685,-77736.86912176064,52.5138704519802,13.3892777715237,75.1850567328861,1.53229222238614,0
2115,test,1900,131350.099999927,1149251350.1,16,14,1,2,3784092.052434817,900737.0055900173,5037929.94401886,-77752.4491767642,52.51387064481,13.3892825794562,75.1869126966606,1.7400139484774,0
2116,test,1900,131350.299999927,1149251350.3,16,14,1,2,3784090.1041683573,900738.0737219761,5037927.095697405,-77765.46254816519,52.5138709307827,13.3892879577099,75.1884340676802,1.91619860315615,0
2117,test,1900,131350.499999927,1149251350.5,17,15,1,2,3784097.391297302,900733.6594630943,5037931.029959749,-77770.29671555264,52.5138711550768,13.3892937839055,75.1895117895673,2.03089173869645,0
2118,test,1900,131350.699999927,1149251350.6999998,16,15,1,2,3784098.4341697507,900733.6982243791,5037930.729619548,-77779.99784886854,52.5138714670485,13.3892998321927,75.1900424077812,2.08115326900149,0
2119,test,1900,131350.899999927,1149251350.9,16,15,1,2,3784098.174107553,900733.8258734465,5037933.111503498,-77789.18550603988,52.5138717619304,13.3893059494035,75.18993297344,2.08873757434175,0
2120,test,1900,131351.099999927,1149251351.1,16,15,1,2,3784099.493466389,900735.0649601755,5037939.857096887,-77794.10085883143,52.5138720614624,13.3893120657295,75.1891067425115,2.07673618637505,0
2121,test,1900,131351.299999927,1149251351.3,15,14,1,2,3784099.615652756,900735.9109089035,5037940.352289228,-77804.70287100735,52.5138723702246,13.3893181279084,75.1875075133333,2.06372314880871,0
2122,test,1900,131351.499999927,1149251351.5,15,13,1,2,3784095.5904605435,900734.2894926147,5037932.946568235,-77823.03793501828,52.5138727189836,13.3893241834933,75.1851020668181,2.07046806003261,0
2123,test,1900,131351.699999927,1149251351.6999998,14,13,1,2,3784094.2007196,900735.2204514899,5037929.80595293,-77836.18373841648,52.513873067177,13.3893303076005,75.1818807831777,2.11313552453197,0
2124,test,1900,131351.899999927,1149251351.9,15,13,1,2,3784092.2850818355,900738.0165278512,5037928.513197224,-77847.79717795177,52.5138733959092,13.3893366050143,75.17785727783,2.19419364107626,0
2125,test,1900,131352.099999927,1149251352.1,15,13,1,2,3784093.8840726526,900739.0735197384,5037927.549376614,-77857.94558570196,52.5138738630802,13.3893431807703,75.1730643093523,2.30926567283105,0
2126,test,1900,131352.299999927,1149251352.3,15,13,1,2,3784091.3334987652,900740.8680999993,5037916.311221048,-77876.13027083779,52.5138742831963,13.3893501253849,75.1675471229223,2.45746781681829,0
2127,test,1900,131352.499999927,1149251352.5,16,13,1,2,3784089.376510499,900741.7480682199,5037915.03886481,-77888.37951957129,52.5138748348714,13.3893575429766,75.1613588888415,2.63747240227922,0
2128,test,1900,131352.699999927,1149251352.6999998,16,15,1,2,3784093.6407204573,900745.3209633948,5037913.465095439,-77897.6332852608,52.5138755723643,13.3893655036076,75.1545613473456,2.8439896309511,0
2129,test,1900,131352.899999927,1149251352.9,15,14,1,2,3784093.519248346,900741.5958643245,5037914.570195289,-77908.60833645072,52.5138765032011,13.3893740587033,75.1472308807618,3.06351064335855,0
2130,test,1900,131353.099999927,1149251353.1,15,14,1,2,3784091.2560704905,900743.7071469426,5037916.07029439,-77918.2002708476,52.5138775875501,13.3893832367342,75.1394610698748,3.28393024997722,0
2131,test,1900,131353.299999927,1149251353.3,16,14,1,2,3784089.531153868,900744.4989761827,5037915.57715935,-77929.04569212656,52.5138787615611,13.3893930547477,75.1313557095895,3.50512571963416,0
2132,test,1900,131353.499999927,1149251353.5,16,14,1,2,3784089.4831780903,900746.4484581753,5037909.603028568,-77943.0529790498,52.5138799216009,13.3894035442481,75.1230242149502,3.73355500321284,0
2133,test,1900,131353.699999927,1149251353.6999998,16,14,1,2,3784090.060012784,900748.7039660774,5037901.881167283,-77957.54889473454,52.5138810193025,13.389414758926,75.1145804066169,3.97727668384078,0
2134,test,1900,131353.899999927,1149251353.9,16,14,1,2,3784085.3918979173,900750.5823914092,5037895.372947578,-77973.70690650509,52.5138820440966,13.3894267430054,75.1061412664152,4.23921981334205,0
2135,test,1900,131354.099999927,1149251354.1,16,14,1,2,3784083.5744610205,900752.8973996091,5037892.691796527,-77986.2602494903,52.5138831105838,13.3894395493724,75.0978240735027,4.51407913048435,0
2136,test,1900,131354.299999927,1149251354.3,15,14,1,2,3784081.268832621,900754.9921016481,5037888.347492636,-77999.63436746734,52.5138838343043,13.3894532029032,75.0897418919,4.79614189554963,0
2137,test,1900,131354.499999927,1149251354.5,14,13,1,2,3784080.314821863,900757.893116494,5037879.414374022,-78015.93435823628,52.5138844134258,13.3894677167475,75.081999992968,5.0810016197036,0
2138,test,1900,131354.699999927,1149251354.6999998,13,13,1,2,3784077.366791478,900758.3632211555,5037891.574139619,-78020.84094799658,52.5138847949678,13.389483080046,75.0746769997299,5.36538153050966,0
2139,test,1900,131354.899999927,1149251354.9,15,14,1,2,3784086.4880103315,900759.5304446652,5037894.979199248,-78022.99753118346,52.5138853366178,13.3894992849109,75.0678256715171,5.64646703684626,0
2140,test,1900,131355.099999927,1149251355.1,16,15,1,2,3784091.300820654,900759.1073955619,5037897.641992152,-78030.14165669288,52.5138858126051,13.3895163190953,75.0614792930246,5.92276318779232,0
2141,test,1900,131355.299999927,1149251355.3,16,15,1,2,3784091.4089508634,900758.1945174534,5037901.868653406,-78038.64757051477,52.5138860005348,13.3895341560021,75.055639114718,6.19416745723442,0
2142,test,1900,131355.499999927,1149251355.5,15,14,1,2,3784083.2661854033,900759.8493722822,5037903.7166428985,-78052.60460287699,52.5138862414255,13.3895527647515,75.0502886105498,6.45200280079597,0
2143,test,1900,131355.699999927,1149251355.6999998,15,15,1,2,3784090.0768349622,900756.6490302455,5037911.202937583,-78055.72141180931,52.5138867078499,13.3895720917038,75.0454189879326,6.68396828658265,0
2144,test,1900,131355.899999927,1149251355.9,14,13,1,2,3784092.0017521856,900760.5679857323,5037914.591130468,-78062.22903022991,52.5138874640744,13.3895920394814,75.0409944452352,6.88055649197084,0
2145,test,1900,131356.099999927,1149251356.1,14,14,1,2,3784083.791522551,900761.3208147205,5037913.257597429,-78077.22444099854,52.5138884213395,13.3896124920107,75.0369792400212,7.03816330520797,0
2146,test,1900,131356.299999927,1149251356.3,15,15,1,2,3784094.107406778,900760.2252925426,5037921.844754302,-78076.95601975491,52.5138893581362,13.3896333529569,75.0333306325235,7.15843870983524,0
2147,test,1900,131356.499999927,1149251356.5,15,14,1,2,3784089.2085388014,900758.0534485052,5037920.94910659,-78090.06857407192,52.5138904955281,13.3896544968939,75.030008315386,7.2480261496143,0
2148,test,1900,131356.699999927,1149251356.6999998,14,13,1,2,3784078.9938587514,900762.2008170338,5037919.735497759,-78105.7359584293,52.5138916137342,13.3896758725582,75.0269792073516,7.32359976373229,0
2149,test,1900,131356.899999927,1149251356.9,16,14,1,2,3784086.857705996,900762.6281632333,5037925.120135815,-78107.74694346203,52.5138926985266,13.389697473261,75.0242181410288,7.40661219869964,0
2150,test,1900,131357.099999927,1149251357.1,14,13,1,2,3784081.9246993535,900767.1313068903,5037926.920070711,-78118.76261061024,52.5138938470806,13.3897193339467,75.0217047052956,7.5100385334592,0
2151,test,1900,131357.299999927,1149251357.3,14,14,1,2,3784089.4151513227,900767.3596225737,5037929.633480935,-78122.22850899033,52.5138950410844,13.3897415320425,75.0194229378813,7.63232486432269,0
2152,test,1900,131357.499999927,1149251357.5,14,14,1,2,3784089.30556738,900769.524916972,5037929.543281707,-78131.95321845943,52.5138964566413,13.3897640955597,75.0173613093475,7.76566948544315,0
2153,test,1900,131357.699999927,1149251357.6999998,14,13,1,2,3784082.0964786983,900774.0276941725,5037928.003969272,-78146.7785102047,52.5138980499464,13.3897870349595,75.0155091383137,7.90121973344215,0
2154,test,1900,131357.899999927,1149251357.9,14,13,1,2,3784080.232868471,900774.3639214084,5037927.960618,-78157.63789503746,52.5138995206991,13.3898103705156,75.0138584782908,8.03175831646412,0
2155,test,1900,131358.099999928,1149251358.1,14,14,1,2,3784087.024133816,900774.924471884,5037929.987897657,-78163.01837959014,52.5139009812491,13.3898340721074,75.0123996540077,8.15084139189315,0
2156,test,1900,131358.299999928,1149251358.3,14,14,1,2,3784080.976824221,900782.3463953467,5037894.421582834,-78196.37211307068,52.513902588137,13.3898580894741,75.0111234410379,8.25293745818364,0
2157,test,1900,131358.499999928,1149251358.5,14,14,1,2,3784081.4584233705,900785.2297965692,5037893.154876346,-78207.2334370966,52.5139042754218,13.3898823646665,75.010022508454,8.33749706230763,0
2158,test,1900,131358.699999928,1149251358.6999998,15,14,1,2,3784081.535506483,900786.8762289771,5037892.437593656,-78218.57913613845,52.5139059324505,13.3899068682591,75.0090901941687,8.40813647879656,0
2159,test,1900,131358.899999928,1149251358.9,14,14,1,2,3784081.2742775627,900788.6865042149,5037890.910857307,-78229.3584211185,52.513907659566,13.3899315574502,75.0083153297808,8.46983486944812,0
2160,test,1900,131359.099999928,1149251359.1,13,13,1,2,3784078.2046687244,900792.1169902489,5037889.280316242,-78242.72687265268,52.5139093822138,13.3899564250551,75.0076789637571,8.52629735016378,0
2161,test,1900,131359.299999928,1149251359.3,15,13,1,2,3784076.4851444676,900790.2672531573,5037890.691008224,-78253.06052275831,52.5139112007704,13.3899814368559,75.0071570336023,8.57378813919805,0
2162,test,1900,131359.499999928,1149251359.5,14,12,1,2,3784063.9810197204,900795.8103779556,5037879.941570726,-78275.42221700019,52.5139129933473,13.3900065616747,75.0067232303791,8.60211937766591,0
2163,test,1900,131359.699999928,1149251359.6999998,15,12,1,2,3784078.7320718616,900796.3116545734,5037888.932487583,-78272.71784624513,52.5139146716642,13.3900317362779,75.006353092257,8.60284659309895,0
2164,test,1900,131359.899999928,1149251359.9,14,12,1,2,3784073.355213248,900797.7785252171,5037886.7474161815,-78287.0890059905,52.5139164572738,13.3900568695625,75.0060239180053,8.58029409316266,0
2165,test,1900,131360.099999928,1149251360.1,14,12,1,2,3784072.781959892,900799.2969475859,5037886.778729017,-78298.08835914606,52.5139182478308,13.3900819231613,75.005710811374,8.54641752475293,0
2166,test,1900,131360.299999928,1149251360.3,14,12,1,2,3784076.3607675424,900800.906793577,5037888.655501405,-78305.37472918037,52.5139199570688,13.3901068844172,75.0053832233052,8.51118922947581,0
2167,test,1900,131360.499999928,1149251360.5,15,13,1,2,3784074.5254112836,900801.279056315,5037889.0608314,-78316.4201002465,52.5139216482783,13.3901317501427,75.0050117659425,8.47541136384581,0
2168,test,1900,131360.699999928,1149251360.6999998,14,12,1,2,3784061.3896841714,900805.8915501471,5037880.640384275,-78337.55391935668,52.5139231415158,13.3901565021978,75.0045758924541,8.43654218687778,0
2169,test,1900,131360.899999928,1149251360.9,15,13,1,2,3784071.161823335,900805.5167988089,5037887.443603365,-78339.29032512946,52.5139248080072,13.3901811365692,75.004064602444,8.39503569067638,0
2170,test,1900,131361.099999928,1149251361.1,14,12,1,2,3784062.01004921,900809.7250494254,5037880.815130889,-78357.86239220062,52.5139264368989,13.3902056420849,75.0034768980613,8.35257757220745,0
2171,test,1900,131361.299999928,1149251361.3,14,12,1,2,3784068.754261513,900808.8064308532,5037885.781394651,-78361.71582083438,52.5139279921851,13.3902300116959,75.0028206027844,8.30922616933101,0
2172,test,1900,131361.499999928,1149251361.5,12,12,1,2,3784075.668809692,900812.6816892959,5037888.907398189,-78367.01894055898,52.5139296597412,13.3902542183617,75.0021026373391,8.26448927615275,0
2173,test,1900,131361.699999928,1149251361.6999998,15,12,1,2,3784068.556164381,900811.9464001022,5037887.781170107,-78381.17746307746,52.5139313437114,13.3902783301745,75.0013252607576,8.21817440486103,0
2174,test,1900,131361.899999928,1149251361.9,13,11,1,2,3784054.643906408,900815.5060819825,5037880.802018974,-78402.3856427572,52.5139331210423,13.39030230814,75.0004864161904,8.17409292184806,0
2175,test,1900,131362.099999928,1149251362.1,15,12,1,2,3784069.293482571,900814.5632204729,5037891.117446897,-78399.09588096206,52.5139348328207,13.3903261754556,74.9995816967606,8.13835248362517,0
2176,test,1900,131362.299999928,1149251362.3,14,12,1,2,3784068.541398773,900814.878754703,5037893.792706706,-78407.09615117151,52.5139366121269,13.3903499500928,74.9986068189414,8.11490800250846,0
2177,test,1900,131362.499999928,1149251362.5,14,12,1,2,3784067.610603888,900814.8297419038,5037894.76146224,-78418.18836162024,52.5139383362061,13.3903736706767,74.9975611816074,8.10421455327126,0
2178,test,1900,131362.699999928,1149251362.6999998,15,12,1,2,3784065.248695662,900815.9093821037,5037897.344612322,-78427.7154924494,52.5139401060332,13.3903973772921,74.9964531886204,8.10146567032307,0
2179,test,1900,131362.899999928,1149251362.9,14,11,1,3,3784047.127334801,900820.0417545765,5037886.865657407,-78452.40464813104,52.513941765658,13.3904210771437,74.9952961727156,8.1017419675891,0
2180,test,1900,131363.099999928,1149251363.1,14,11,1,2,3784063.75995839,900822.0692384222,5037890.700239973,-78452.08329067926,52.513943480613,13.3904447271452,74.9941073015944,8.10479663823907,0
2181,test,1900,131363.299999928,1149251363.3,15,12,1,2,3784069.561522674,900818.947066954,5037902.934950234,-78451.15361424728,52.5139450544078,13.3904684493889,74.992907917633,8.11221082339849,0
2182,test,1900,131363.499999928,1149251363.5,13,10,1,3,3784039.585370493,900826.1133607934,5037878.287746449,-78492.7936834739,52.5139467076248,13.3904921931566,74.9917237898157,8.12012748835467,0
2183,test,1900,131363.699999928,1149251363.6999998,14,12,1,3,3784076.8702696417,900821.6223819512,5037909.457173451,-78465.68832722066,52.5139484451728,13.3905159534604,74.9905834649674,8.12687285428363,0
2184,test,1900,131363.899999928,1149251363.9,13,11,1,3,3784048.6116830125,900823.8469630241,5037897.137474187,-78497.16638488685,52.5139502015417,13.3905397274774,74.989514953989,8.13227002325766,0
2185,test,1900,131364.099999928,1149251364.1,12,10,1,3,3784028.2755590477,900816.4971203067,5037897.627550487,-78520.42645551142,52.5139519504618,13.3905635101659,74.9885439551226,8.135522526638,0
2186,test,1900,131364.299999928,1149251364.3,13,11,1,3,3784078.3359830775,900829.5179571413,5037908.740902422,-78495.62091712627,52.5139536098586,13.3905872935443,74.9876937012605,8.13461178695564,0
2187,test,1900,131364.499999928,1149251364.5,14,12,1,2,3784081.2806152217,900825.687939172,5037921.482294468,-78496.51660521368,52.5139553723992,13.3906110669629,74.9869845548475,8.12494429858855,0
2188,test,1900,131364.699999928,1149251364.6999998,12,10,1,3,3784047.2076591854,900837.2744760329,5037883.624400651,-78549.52124262274,52.5139571433311,13.390634791974,74.9864341732568,8.10270101574436,0
2189,test,1900,131364.899999928,1149251364.9,13,11,1,2,3784049.9041619464,900831.829879798,5037899.115463433,-78547.09992362028,52.5139590288468,13.3906584320912,74.9860563942433,8.06643517962647,0
2190,test,1900,131365.099999928,1149251365.1,14,12,1,3,3784075.065948204,900832.4921559282,5037915.396361982,-78534.72653385023,52.5139607075328,13.3906819563783,74.9858619775146,8.01401235039046,0
2191,test,1900,131365.299999928,1149251365.3,12,10,1,3,3784046.838347514,900835.821364225,5037901.229837236,-78567.21280432236,52.5139622209173,13.3907053342194,74.9858575964161,7.94535532750606,0
2192,test,1900,131365.499999928,1149251365.5,13,11,1,3,3784074.104170487,900837.193094406,5037921.13198677,-78550.61584484144,52.5139636868111,13.3907285015217,74.9860471862021,7.86358116607709,0
2193,test,1900,131365.699999928,1149251365.6999998,11,9,1,3,3784043.638826382,900845.8523979853,5037885.106110311,-78600.25209190161,52.5139649357146,13.3907514377507,74.9864317021725,7.77242142373315,0
2194,test,1900,131365.899999928,1149251365.9,14,12,1,2,3784056.5324456566,900837.1226265917,5037905.51408465,-78590.90913726091,52.5139661616988,13.3907741011718,74.9870087497526,7.67458302125663,0
2195,test,1900,131366.099999928,1149251366.1,14,12,1,2,3784053.097618076,900836.9017610123,5037903.510429091,-78604.57397451387,52.513967203422,13.3907964924692,74.9877733304241,7.56605740004153,0
2196,test,1900,131366.299999928,1149251366.3,14,12,1,2,3784053.978846297,900840.8181584598,5037904.070352007,-78613.7609174832,52.5139680947085,13.3908185524197,74.9887162056951,7.43875664417742,0
2197,test,1900,131366.499999928,1149251366.5,13,11,1,2,3784053.718112048,900845.6747468257,5037912.109704546,-78617.58016070334,52.5139689769381,13.3908401994288,74.989824478764,7.28875131279159,0
2198,test,1900,131366.699999928,1149251366.6999998,14,12,1,2,3784050.161373575,900844.8003348147,5037903.925246141,-78635.21037071702,52.5139697116951,13.3908613907006,74.991080703047,7.11481102136523,0
2199,test,1900,131366.899999928,1149251366.9,12,11,1,2,3784051.685994192,900852.1104130474,5037894.497723816,-78651.59197029447,52.5139702804644,13.3908820381797,74.9924636567807,6.91574997828215,0
2200,test,1900,131367.099999928,1149251367.1,13,12,1,2,3784049.02900885,900848.0070499532,5037903.075399463,-78657.0573734727,52.5139708683856,13.3909020654705,74.9939496888909,6.69055499693607,0
2201,test,1900,131367.299999928,1149251367.3,12,12,1,2,3784044.8133905777,900849.5373836599,5037898.783024579,-78672.17685315524,52.5139714458234,13.390921382443,74.9955132585803,6.43853665308922,0
2202,test,1900,131367.499999928,1149251367.5,12,12,1,2,3784044.786475938,900851.674281381,5037898.445362836,-78682.78874839103,52.5139718575851,13.3909399159118,74.9971279682887,6.16141836338314,0
2203,test,1900,131367.699999928,1149251367.6999998,12,12,1,2,3784043.969543732,900852.5256893995,5037896.675890331,-78694.82504864874,52.5139722953493,13.3909576256017,74.9987665555664,5.86572481721724,0
2204,test,1900,131367.899999928,1149251367.9,12,12,1,2,3784042.2378580132,900855.9451914735,5037893.083318854,-78708.95087623257,52.5139726537976,13.3909744403248,75.0004013188457,5.55901316729609,0
2205,test,1900,131368.099999928,1149251368.1,12,12,1,2,3784038.896611871,900857.7825024736,5037890.269751032,-78722.55830302514,52.5139729095094,13.3909903456535,75.0020035473171,5.24840283582788,0
2206,test,1900,131368.299999928,1149251368.3,13,12,1,2,3784038.0658841846,900859.4526738514,5037888.797839449,-78734.15683859917,52.5139732003637,13.3910053413102,75.0035438533822,4.93873372043413,0
2207,test,1900,131368.499999928,1149251368.5,13,12,1,2,3784037.1815403155,900861.2707347583,5037887.369598947,-78745.23723904345,52.5139733990411,13.3910194297148,75.0049922734174,4.63124785570312,0
2208,test,1900,131368.699999928,1149251368.6999998,13,12,1,2,3784036.9304282195,900860.1729958858,5037886.136439363,-78756.49874371367,52.5139733683053,13.3910310486234,75.0063193933961,4.32485160695248,0
2209,test,1900,131368.899999928,1149251368.9,13,13,1,3,3784056.9799908283,900868.495016791,5037890.380240523,-78753.4075325254,52.5139735119174,13.3910433313881,75.0074954679526,4.01922018592276,0
2210,test,1900,131369.099999928,1149251369.1,13,13,1,2,3784057.926923581,900869.7125612764,5037886.8912454415,-78765.42266184514,52.5139737016883,13.3910547169008,75.008493822905,3.71475725808973,0
2211,test,1900,131369.299999928,1149251369.3,13,13,1,2,3784056.378447124,900870.526361002,5037891.904536976,-78773.0823889081,52.5139738887199,13.3910652082254,75.0092890548783,3.41269182716592,0
2212,test,1900,131369.499999928,1149251369.5,13,13,1,2,3784057.243641177,900871.2318317904,5037889.19344556,-78785.362614473,52.5139742043058,13.3910748112796,75.0098585451315,3.1212186243773,0
2213,test,1900,131369.699999928,1149251369.6999998,13,13,1,2,3784055.209484737,900871.6751650802,5037889.718651422,-78795.60635683758,52.5139744691551,13.3910835933114,75.0101829088437,2.85740144520569,0
2214,test,1900,131369.899999928,1149251369.9,13,13,1,2,3784055.0837431224,900871.2598996738,5037890.228405922,-78805.14191024308,52.5139747987737,13.3910916654815,75.0102463698917,2.63929762038972,0
2215,test,1900,131370.099999928,1149251370.1,13,13,1,2,3784053.2050843,900871.5474801391,5037889.577320064,-78816.2393653753,52.5139751265982,13.3910991596249,75.0100377767252,2.47655348167319,0
2216,test,1900,131370.299999928,1149251370.3,12,12,1,2,3784057.895376518,900871.0105284199,5037885.988054741,-78829.51260802078,52.5139754388944,13.3911062499975,75.0095507168778,2.37015620623219,0
2217,test,1900,131370.499999928,1149251370.5,12,12,1,2,3784059.348532636,900873.0945728497,5037882.741344921,-78841.26126792644,52.5139757995226,13.3911130960381,75.0087829931628,2.31549688866182,0
2218,test,1900,131370.699999928,1149251370.6999998,12,12,1,2,3784060.244482827,900874.9424352245,5037884.0234688455,-78850.65880799486,52.5139761968849,13.3911198457766,75.0077373690524,2.30693419239082,0
2219,test,1900,131370.899999928,1149251370.9,13,12,1,2,3784059.4828553605,900875.0877496491,5037882.319472564,-78862.98910395685,52.5139767618105,13.3911266108336,75.0064210572378,2.33813763599544,0
2220,test,1900,131371.099999928,1149251371.1,13,12,1,2,3784057.746866416,900875.2982614138,5037882.4056790285,-78873.94864461146,52.5139774871107,13.3911334777451,75.004846246744,2.39929346966243,0
2221,test,1900,131371.299999928,1149251371.3,14,13,1,2,3784054.938641481,900877.1420666508,5037891.639264796,-78877.38539913647,52.5139782726843,13.3911404960637,75.0030297445626,2.47446455438888,0
2222,test,1900,131371.499999928,1149251371.5,13,12,1,2,3784059.7734430004,900876.9711322774,5037888.853810344,-78888.98221562446,52.5139793928543,13.3911476430912,75.0009928222475,2.54399914431639,0
2223,test,1900,131371.699999928,1149251371.6999998,13,12,1,2,3784058.1785701034,900876.5104507894,5037885.460645759,-78903.35999374706,52.5139807226063,13.391154861427,74.998760307015,2.59051415559429,0
2224,test,1900,131371.899999928,1149251371.9,14,13,1,2,3784062.8786314465,900871.7839359418,5037912.249442736,-78895.04933406581,52.5139823193995,13.3911620088664,74.9963610887808,2.59907831505622,0
2225,test,1900,131372.099999928,1149251372.1,14,13,1,2,3784061.6110906764,900874.226140899,5037907.554003989,-78908.24267373225,52.5139840909459,13.3911689309662,74.9938265038998,2.55708518605363,0
2226,test,1900,131372.299999928,1149251372.3,14,13,1,2,3784061.116328219,900875.7569153279,5037904.78481384,-78920.04263124088,52.5139860676758,13.3911754682416,74.9911901862374,2.45551841026879,0
2227,test,1900,131372.499999928,1149251372.5,14,13,1,2,3784060.4092845367,900876.7900432295,5037901.66662424,-78932.55686056623,52.5139880567657,13.391181442734,74.9884863688452,2.29972755684568,0
2228,test,1900,131372.699999928,1149251372.6999998,15,14,1,2,3784045.802925802,900879.6832840457,5037895.4949927,-78947.9821382132,52.5139902593093,13.3911867542418,74.9857487486094,2.10865754701782,0
2229,test,1900,131372.899999928,1149251372.9,14,12,1,2,3784055.108548748,900879.7900085725,5037880.44291909,-78968.66291976166,52.5139924349931,13.3911913777566,74.9830101913857,1.90802922201557,0
2230,test,1900,131373.099999928,1149251373.1,14,12,1,2,3784056.78407321,900879.8839327182,5037878.005841963,-78980.64527686573,52.5139943218553,13.3911953656509,74.9803012250672,1.72403408028838,0
2231,test,1900,131373.299999928,1149251373.3,14,13,1,2,3784056.433177479,900877.3073322923,5037896.541285155,-78979.261141694,52.5139962196358,13.3911988207153,74.9776508642351,1.57867315969469,0
2232,test,1900,131373.499999928,1149251373.5,14,13,1,2,3784054.6098720618,900876.9798206919,5037893.745895624,-78992.11677334437,52.5139980911742,13.3912018457456,74.9750882379374,1.47649795938981,0
2233,test,1900,131373.699999928,1149251373.6999998,13,13,1,2,3784050.8617889956,900878.4025803033,5037894.321451777,-79002.96278279224,52.5139999869347,13.3912045331694,74.9726378748119,1.40328219125468,0
2234,test,1900,131373.899999928,1149251373.9,13,13,1,2,3784045.8429021174,900876.5386472499,5037895.14075226,-79014.85100570598,52.5140018249336,13.3912069404671,74.9703159487068,1.3421504095923,0
2235,test,1900,131374.099999928,1149251374.1,13,13,1,2,3784042.1055289777,900876.1803451977,5037895.102276289,-79026.684339192,52.5140037610642,13.3912090859543,74.9681303851912,1.2829799315265,0
2236,test,1900,131374.299999928,1149251374.3,12,12,1,2,3784035.9542639833,900878.3898634819,5037879.063222798,-79049.49613181586,52.5140054896696,13.3912109990521,74.9660794114924,1.22061807508655,0
2237,test,1900,131374.499999928,1149251374.5,12,12,1,2,3784033.1358470377,900875.0252039222,5037882.559363033,-79059.22871425148,52.5140072549238,13.3912126786935,74.9641471028633,1.15351523591188,0
2238,test,1900,131374.699999928,1149251374.6999998,12,12,1,2,3784030.753081213,900872.3780701597,5037883.520516692,-79071.08225134684,52.5140089524157,13.3912141301769,74.9623032453514,1.09225184722252,0
2239,test,1900,131374.899999928,1149251374.9,12,12,1,2,3784030.719976038,900870.8544562273,5037883.848493128,-79081.77450620885,52.5140106115996,13.3912154121284,74.960505865961,1.05121716928999,0
2240,test,1900,131375.099999928,1149251375.1,12,12,1,2,3784031.1972296494,900870.1324446728,5037886.505221908,-79090.09602219019,52.5140122838887,13.3912165655958,74.9587031412416,1.04042500125095,0
2241,test,1900,131375.299999929,1149251375.3,14,13,1,2,3784031.459276457,900868.090566114,5037895.978997815,-79094.19945150596,52.5140139863191,13.3912176134558,74.9568333056143,1.06412391036114,0
2242,test,1900,131375.499999929,1149251375.5,15,14,1,2,3784031.1627860293,900868.4714991766,5037895.50403274,-79104.40836650287,52.514015652032,13.3912185915632,74.9548329366263,1.12437680493622,0
2243,test,1900,131375.699999929,1149251375.7,15,14,1,2,3784028.3767922465,900867.8340921142,5037895.415540932,-79115.63181473236,52.5140175148686,13.3912195402946,74.9526479501013,1.22545256374606,0
2244,test,1900,131375.899999929,1149251375.9,14,14,1,2,3784027.873209759,900867.3841135403,5037893.545826322,-79127.7526524388,52.5140197094733,13.3912204606409,74.9502383353172,1.3777452984678,0
2245,test,1900,131376.099999929,1149251376.1,14,14,1,2,3784027.3627494643,900866.617504771,5037894.753236007,-79137.64579726873,52.5140220690228,13.3912213638583,74.9475766359121,1.59457871794727,0
2246,test,1900,131376.299999929,1149251376.3,14,14,1,2,3784027.0566886268,900865.7688505905,5037892.955744696,-79149.97582068483,52.5140247312837,13.391222240795,74.9446440786164,1.88433526946637,0
2247,test,1900,131376.499999929,1149251376.5,14,14,1,2,3784027.1536839027,900867.103709696,5037892.299778356,-79160.1843402079,52.5140280187878,13.391223042247,74.9414322628898,2.23783510390956,0
2248,test,1900,131376.699999929,1149251376.7,14,14,1,2,3784027.4523455896,900867.4247466164,5037893.212060526,-79170.02544748754,52.5140323586743,13.3912236948474,74.9379500139362,2.62756806082105,0
2249,test,1900,131376.899999929,1149251376.9,14,14,1,2,3784027.7917909883,900867.5425229494,5037894.295486551,-79179.79238790042,52.5140373176069,13.3912241280063,74.9342170221864,3.02735776001766,0
2250,test,1900,131377.099999929,1149251377.1,14,14,1,2,3784028.365810286,900867.4168263742,5037896.1494625155,-79188.83260234751,52.5140431376688,13.3912243154477,74.9302626342542,3.4122368760025,0
2251,test,1900,131377.299999929,1149251377.3,14,14,1,2,3784028.1682914495,900866.9072085565,5037896.1684209155,-79199.2173093326,52.5140496176448,13.3912242281534,74.926118829431,3.76121020609846,0
2252,test,1900,131377.499999929,1149251377.5,14,14,1,2,3784027.372841021,900867.0783655726,5037896.202724604,-79209.49587602273,52.5140566763168,13.3912239129794,74.9218206895296,4.05518817422562,0
2253,test,1900,131377.699999929,1149251377.7,14,13,1,2,3784027.1524553555,900866.886448582,5037892.431940566,-79222.259547582,52.5140641102276,13.3912233682054,74.9174109862039,4.29001957249595,0
2254,test,1900,131377.899999929,1149251377.9,13,13,1,2,3784024.973625069,900866.1273214245,5037891.515117231,-79234.54078990493,52.5140719623082,13.3912226435679,74.9129346487542,4.48287050400228,0
2255,test,1900,131378.099999929,1149251378.1,12,12,1,2,3784023.241062298,900857.8773065738,5037902.404494555,-79242.32574088954,52.5140800334838,13.3912217538966,74.9084492117724,4.66185027959573,0
2256,test,1900,131378.299999929,1149251378.3,14,14,1,2,3784029.992861524,900862.9821907193,5037903.92888948,-79245.65132260391,52.5140882465016,13.3912207422705,74.9040285353172,4.85616148743787,0
2257,test,1900,131378.499999929,1149251378.5,14,14,1,2,3784027.2605480864,900864.5127362866,5037901.888659677,-79258.4594213871,52.514096830552,13.3912196213608,74.8997315288432,5.08046591313023,0
2258,test,1900,131378.699999929,1149251378.7,12,12,1,2,3784026.300101664,900867.3706315338,5037898.842327418,-79271.76190749688,52.5141061230333,13.3912183837242,74.8955896984621,5.32836431527325,0
2259,test,1900,131378.899999929,1149251378.9,14,14,1,2,3784025.8980193157,900865.3302856557,5037900.719490161,-79279.81570637772,52.5141158173409,13.3912169983484,74.8916255444542,5.58892663641467,0
2260,test,1900,131379.099999929,1149251379.1,14,14,1,2,3784025.0852425154,900867.2302101086,5037903.304904334,-79288.52589397677,52.5141259092257,13.3912154581464,74.8878591358697,5.85269088986844,0
2261,test,1900,131379.299999929,1149251379.3,13,12,1,2,3784024.468998518,900872.265590303,5037904.429267772,-79297.40420423629,52.514136320025,13.3912137891747,74.8843138437326,6.11074700686817,0
2262,test,1900,131379.499999929,1149251379.5,13,13,1,2,3784019.806793465,900871.8010081787,5037906.576693935,-79307.85213314569,52.514147419359,13.3912120153857,74.8810081045028,6.35145749109886,0
2263,test,1900,131379.699999929,1149251379.7,13,12,1,2,3784019.3058161153,900874.8081133491,5037906.218870813,-79319.29780231406,52.5141587922095,13.3912101645503,74.8779400155344,6.5669134209972,0
2264,test,1900,131379.899999929,1149251379.9,13,12,1,2,3784016.80271253,900876.0774900978,5037905.162831647,-79331.28008006413,52.514170586523,13.3912082422743,74.8750840671031,6.74752212089478,0
2265,test,1900,131380.099999929,1149251380.1,13,12,1,2,3784015.0037677228,900875.0577525462,5037911.122446159,-79337.15114190843,52.5141825817858,13.3912064631424,74.872395197917,6.88422024928807,0
2266,test,1900,131380.299999929,1149251380.3,13,12,1,2,3784012.974932984,900877.6208778817,5037911.676447867,-79347.21174439722,52.5141949151949,13.3912044731022,74.8698202525218,6.97528093551832,0
2267,test,1900,131380.499999929,1149251380.5,11,10,1,3,3784008.5519998968,900854.1622189719,5037905.683336036,-79373.31179291257,52.5142073301918,13.3912024467146,74.8673097504792,7.02978701094607,0
2268,test,1900,131380.699999929,1149251380.7,11,10,1,2,3784007.581639971,900852.1580508531,5037905.722280023,-79384.124943771,52.5142197908124,13.3912004162629,74.8648235401446,7.06042653448679,0
2269,test,1900,131380.899999929,1149251380.9,11,10,1,2,3784005.2191175446,900848.2075570511,5037904.038477406,-79396.45476412683,52.5142322300581,13.3911983232684,74.8623314184235,7.08095472683743,0
2270,test,1900,131381.099999929,1149251381.1,11,10,1,2,3784004.227371567,900846.3318847566,5037903.228955524,-79408.0443935088,52.5142446795525,13.3911961491887,74.8598134877168,7.10055730206942,0
2271,test,1900,131381.299999929,1149251381.3,12,11,1,2,3784005.780092167,900846.0537656987,5037910.992374296,-79412.53126327317,52.5142572206615,13.3911938869825,74.8572567246138,7.12125323748923,0
2272,test,1900,131381.499999929,1149251381.5,12,11,1,2,3784004.61226808,900846.2983346572,5037912.029056523,-79422.82043470036,52.5142697842972,13.3911915246172,74.8546554385972,7.14081038241657,0
2273,test,1900,131381.699999929,1149251381.7,11,10,1,2,3784002.151994401,900848.0493009167,5037903.214272563,-79440.09532012095,52.5142823575467,13.3911890851085,74.8520137244181,7.1545276090233,0
2274,test,1900,131381.899999929,1149251381.9,11,10,1,2,3784001.045229521,900848.4326252219,5037903.723813655,-79450.80328921808,52.5142949135723,13.3911866144706,74.8493425240069,7.15544951080427,0
2275,test,1900,131382.099999929,1149251382.1,12,11,1,2,3784000.881249446,900849.1733780236,5037912.895011799,-79455.16860237475,52.5143075095156,13.3911840934994,74.8466549268932,7.13587064314887,0
2276,test,1900,131382.299999929,1149251382.3,11,10,1,2,3783998.013300794,900849.0583955651,5037903.950278765,-79472.5339158795,52.5143199515188,13.3911815546323,74.8439640152612,7.0939119990442,0
2277,test,1900,131382.499999929,1149251382.5,12,11,1,2,3784000.5470571583,900849.4460242916,5037917.108391236,-79473.35038867846,52.5143324850115,13.3911789934229,74.8412869193384,7.03163471639673,0
2278,test,1900,131382.699999929,1149251382.7,11,10,1,2,3783997.531978896,900848.3406414023,5037915.911583075,-79486.055229275,52.5143447595678,13.3911764919828,74.8386492420031,6.95400890604599,0
2279,test,1900,131382.899999929,1149251382.9,12,11,1,2,3783999.8383762306,900847.5818136152,5037916.852920549,-79494.76350775163,52.5143568936399,13.3911739950913,74.8360844546643,6.86679223958885,0
2280,test,1900,131383.099999929,1149251383.1,12,11,1,2,3784000.4550763597,900847.6492766666,5037919.597319037,-79503.13013396187,52.5143690034912,13.3911715736319,74.8336322035308,6.77404166653295,0
2281,test,1900,131383.299999929,1149251383.3,12,11,1,2,3783997.9969972163,900847.2815035408,5037918.524677845,-79515.41097987605,52.5143809301692,13.3911691351226,74.8313349296516,6.67760950868834,0
2282,test,1900,131383.499999929,1149251383.5,11,10,1,2,3783995.797573741,900844.8765872747,5037908.138759807,-79533.50935638271,52.5143926534175,13.3911667268786,74.8292401312308,6.58046475343147,0
2283,test,1900,131383.699999929,1149251383.7,12,11,1,2,3783997.0073763966,900848.3657396309,5037927.09826086,-79530.47253377615,52.5144041521493,13.3911643539748,74.8273967439998,6.48699679763735,0
2284,test,1900,131383.899999929,1149251383.9,12,11,1,2,3783998.0913763046,900848.6468803372,5037939.0243938295,-79533.50003850815,52.5144155076727,13.3911620491752,74.8258120054218,6.39561005908538,0
2285,test,1900,131384.099999929,1149251384.1,12,11,1,2,3783996.8166596396,900848.6841479854,5037950.659062574,-79536.2386108767,52.5144267191049,13.3911598756661,74.824463653807,6.30796818542234,0
2286,test,1900,131384.299999929,1149251384.3,12,11,1,2,3783997.3591644317,900846.0315836481,5037945.86383956,-79549.86112197547,52.5144375235418,13.3911578916519,74.8233058154039,6.22693299196796,0
2287,test,1900,131384.499999929,1149251384.5,12,11,1,2,3783995.905980793,900845.4374132755,5037946.12103957,-79559.90388229056,52.5144485049112,13.3911560694967,74.8222738121053,6.15169915015557,0
2288,test,1900,131384.699999929,1149251384.7,12,11,1,2,3783994.116888707,900845.6078386124,5037950.303232569,-79568.5392372741,52.5144593337534,13.3911544310802,74.8213009014999,6.08109005141983,0
2289,test,1900,131384.899999929,1149251384.9,12,11,1,2,3783990.808626601,900845.9983032536,5037954.620102326,-79577.90101319512,52.5144699782645,13.3911529771041,74.820331231497,6.01466149515695,0
2290,test,1900,131385.099999929,1149251385.1,11,11,1,2,3783994.167833836,900846.563154694,5037965.406861976,-79579.19022650878,52.5144805502062,13.3911516748417,74.8193289950366,5.95012111394246,0
2291,test,1900,131385.299999929,1149251385.3,10,10,1,3,3783993.5582653256,900883.8107172553,5037913.046265302,-79610.15285497897,52.5144910045798,13.3911505330629,74.8182759862296,5.87924333282038,0
2292,test,1900,131385.499999929,1149251385.5,10,10,1,2,3783990.3642728925,900889.1499634224,5037950.9151986195,-79591.57083130213,52.5145014570513,13.39114954882,74.8171597486883,5.79081361680299,0
2293,test,1900,131385.699999929,1149251385.7,8,8,1,3,3783983.3921112358,900838.1940913233,5037900.33175304,-79660.48844593488,52.5145117097307,13.3911487047556,74.8159728243535,5.68019789432238,0
2294,test,1900,131385.899999929,1149251385.9,10,10,1,3,3783987.1403185213,900849.0992270563,5037966.775684309,-79619.69984391202,52.5145216299949,13.3911479869934,74.8147135090914,5.54685452208411,0
2295,test,1900,131386.099999929,1149251386.1,10,10,1,2,3783987.9640799756,900847.5567292655,5037969.546064642,-79627.93892676376,52.5145313691181,13.3911473339661,74.8133854862184,5.39373860953323,0
2296,test,1900,131386.299999929,1149251386.3,9,9,1,3,3783981.7424151683,900837.1880054523,5037918.3914612625,-79679.1851438015,52.514540773202,13.3911467368492,74.8119967621069,5.22776960480135,0
2297,test,1900,131386.499999929,1149251386.5,10,10,1,3,3783987.7748370077,900841.6028729383,5037977.994983242,-79645.04698264778,52.5145498559594,13.3911461443156,74.8105574414244,5.05131402454622,0
2298,test,1900,131386.699999929,1149251386.7,11,11,1,2,3783987.4801544924,900845.5152263452,5037976.139693282,-79656.46304844254,52.514558595656,13.3911454988777,74.8090784023233,4.86622107655441,0
2299,test,1900,131386.899999929,1149251386.9,11,11,1,2,3783986.0545944143,900846.1681467211,5037975.253353467,-79667.88030391597,52.5145670452379,13.3911447654047,74.8075656136301,4.67014209389077,0
2300,test,1900,131387.099999929,1149251387.1,11,11,1,2,3783981.3680635155,900842.00577704,5037960.7122712,-79690.74117300448,52.51457514564,13.3911439525361,74.8060227894697,4.45667388755309,0
2301,test,1900,131387.299999929,1149251387.3,11,11,1,2,3783979.6810934483,900846.0526314033,5037955.735714823,-79704.44241024954,52.5145828401464,13.3911430984036,74.8044507678527,4.22051819569378,0
2302,test,1900,131387.499999929,1149251387.5,10,10,1,2,3783981.7785525895,900842.4829135376,5037965.352039082,-79708.14922992521,52.5145899516124,13.3911422340588,74.8028490973849,3.95967368396893,0
2303,test,1900,131387.699999929,1149251387.7,11,11,1,2,3783980.1927345786,900845.6414240947,5037965.699605817,-79718.04782218204,52.5145967177383,13.3911413860334,74.8012152181997,3.67689899612337,0
2304,test,1900,131387.899999929,1149251387.9,11,11,1,2,3783978.6541018584,900844.2452445668,5037957.671837365,-79734.28765310493,52.5146029611536,13.3911405677117,74.7995449907966,3.37941966743364,0
2305,test,1900,131388.099999929,1149251388.1,11,11,1,2,3783977.337851107,900841.7298251147,5037950.262856389,-79750.12564731903,52.5146087323976,13.3911397873581,74.7978322471543,3.07870023839596,0
2306,test,1900,131388.299999929,1149251388.3,11,11,1,2,3783976.202329467,900843.6717534155,5037945.695059973,-79764.0663825932,52.5146139187818,13.391139072481,74.796071008344,2.78643415556859,0
2307,test,1900,131388.499999929,1149251388.5,11,11,1,2,3783974.778054087,900843.1172187906,5037944.850804552,-79776.04084151203,52.5146186111188,13.3911384115365,74.7942606238531,2.51387972256348,0
2308,test,1900,131388.699999929,1149251388.7,11,11,1,2,3783975.6784916306,900839.5646778201,5037941.59037283,-79788.89171859353,52.5146227771469,13.3911378051236,74.7924080193558,2.26946032280209,0
2309,test,1900,131388.899999929,1149251388.9,11,11,1,2,3783976.2256924137,900842.8238132562,5037946.014618717,-79794.92175766728,52.5146265215514,13.3911372522095,74.7905271941715,2.05487404053103,0
2310,test,1900,131389.099999929,1149251389.1,11,11,1,2,3783981.0062902807,900841.6454116289,5037965.897803339,-79790.68573749003,52.5146299291264,13.3911367274804,74.7886386634523,1.86604431008544,0
2311,test,1900,131389.299999929,1149251389.3,11,11,1,2,3783983.336989612,900840.7735025658,5037970.236342664,-79797.29404476008,52.5146329835565,13.3911365656266,74.7867675355125,1.69621211921632,0
2312,test,1900,131389.499999929,1149251389.5,11,11,1,2,3783983.781206254,900838.4369216512,5037965.529461243,-79810.69719716495,52.5146358094163,13.3911361186913,74.7849405073015,1.53436440332967,0
2313,test,1900,131389.699999929,1149251389.7,11,11,1,2,3783981.782870712,900837.6088865162,5037957.05416895,-79827.47936289951,52.5146382892871,13.3911357221737,74.7831843767762,1.37292765342211,0
2314,test,1900,131389.899999929,1149251389.9,11,11,1,2,3783978.6916399705,900838.837077266,5037952.628621213,-79841.75057749485,52.5146405613882,13.3911353641735,74.7815258808815,1.20385093650333,0
2315,test,1900,131390.099999929,1149251390.1,11,11,1,2,3783978.968663345,900840.2407885669,5037950.611096568,-79853.36773097771,52.5146425061359,13.391135063427,74.7799901304357,1.02305625801024,0
2316,test,1900,131390.299999929,1149251390.3,11,11,1,2,3783977.6574367546,900840.678436818,5037949.400872452,-79865.3058349058,52.5146441017519,13.391134820215,74.7786007235926,0.837282496254381,0
2317,test,1900,131390.499999929,1149251390.5,12,12,1,3,3783981.216907509,900870.0648293021,5037976.092085079,-79846.90296829578,52.5146453351962,13.391134657343,74.7773798409408,0.661927017535563,0
2318,test,1900,131390.699999929,1149251390.7,12,12,1,2,3783978.763912754,900873.3678369144,5037970.159023003,-79861.654885446,52.5146462196591,13.3911345091736,74.7763447510737,0.506622810991312,0
2319,test,1900,131390.899999929,1149251390.9,12,12,1,2,3783985.0265938286,900881.2335544062,5037954.629521467,-79874.38381363603,52.5146469190653,13.3911343924711,74.7755063020084,0.372861441047123,0
2320,test,1900,131391.099999929,1149251391.1,12,12,1,2,3783983.180024747,900879.4077061316,5037953.7855576575,-79885.60589741355,52.5146474571168,13.3911342555078,74.7748686054768,0.25767248902174,0
2321,test,1900,131391.299999929,1149251391.3,12,12,1,2,3783978.591586329,900879.1499521736,5037945.435309027,-79902.2415681083,52.5146477239315,13.3911342282573,74.7744310356833,0.159040675443173,0
2322,test,1900,131391.499999929,1149251391.5,12,12,1,2,3783974.7388145365,900884.5979367613,5037947.400730872,-79910.46291257272,52.5146478970837,13.3911341745158,74.7741855580065,0.0805333436438585,1
2323,test,1900,131391.699999929,1149251391.7,12,12,1,2,3783971.8577419464,900888.825067227,5037954.902889276,-79914.39816659052,52.5146478645339,13.3911342200129,74.7741083221299,0.0294385205457274,1
2324,test,1900,131391.899999929,1149251391.9,12,12,1,2,3783970.471164861,900890.6874814461,5037953.770805388,-79925.0585014438,52.5146478590564,13.3911342749258,74.7741699594247,0.0038217159363874,1
2325,test,1900,131392.099999929,1149251392.1,12,12,1,2,3783970.1552924844,900891.0372762608,5037953.233070076,-79935.33716574068,52.5146478429722,13.3911341595577,74.7743367674251,-0.0044870433380006,1
2326,test,1900,131392.299999929,1149251392.3,12,12,1,2,3783969.0659589735,900892.2601606204,5037956.768070536,-79942.79190727654,52.5146479013451,13.3911342177173,74.7745678620645,-0.0053844714086665,1
2327,test,1900,131392.49999993,1149251392.5,12,12,1,2,3783969.5444265297,900892.9593053294,5037956.95676104,-79952.59310295134,52.5146478760619,13.3911342049604,74.774823517121,-0.0038930486424551,1
2328,test,1900,131392.69999993,1149251392.7,12,12,1,2,3783967.9829116752,900893.0096378865,5037955.46743102,-79964.12697766321,52.5146479193816,13.391134194144,74.7750603443095,-0.002616049610655,1
2329,test,1900,131392.89999993,1149251392.9,12,12,1,2,3783968.405036958,900891.9551437258,5037955.324212819,-79974.50355475416,52.514647875672,13.3911342471246,74.7752394459942,-0.0015498243600689,1
2330,test,1900,131393.09999993,1149251393.1,12,12,1,2,3783968.1344214045,900892.4581282214,5037955.828443906,-79984.6752283932,52.5146478999995,13.3911341214723,74.7753358225803,-0.0009787890941581,1
2331,test,1900,131393.29999993,1149251393.3,12,12,1,2,3783968.5070439507,900893.452735058,5037956.33389374,-79994.24316531495,52.5146478760637,13.3911341385019,74.7753380772831,0.0002266843336409,1
2332,test,1900,131393.49999993,1149251393.5,12,12,1,2,3783969.028038635,900892.4185792108,5037954.964498102,-80005.62677220411,52.5146478448456,13.3911341382456,74.7752433707475,0.0018994959145972,1
2333,test,1900,131393.69999993,1149251393.7,12,12,1,2,3783970.3722729823,900892.1458645961,5037955.356766887,-80015.06530176537,52.5146478319555,13.3911341312441,74.7750620864462,0.0030448902598809,1
2334,test,1900,131393.89999993,1149251393.9,12,12,1,2,3783971.8595174747,900891.2577107397,5037954.594358935,-80025.47233845304,52.5146478763729,13.3911341298874,74.7748100971964,0.0029287156272946,1
2335,test,1900,131394.09999993,1149251394.1,12,12,1,2,3783969.805791447,900892.5425063779,5037953.758155757,-80036.94954214199,52.5146478454823,13.3911341635305,74.7745093660513,0.0022685236114177,1
2336,test,1900,131394.29999993,1149251394.3,12,12,1,2,3783969.5614629798,900893.7785728537,5037952.918332617,-80047.47604929683,52.5146479225727,13.3911341528628,74.7741916991848,0.001054010263466,1
2337,test,1900,131394.49999993,1149251394.5,12,12,1,2,3783968.7287742095,900894.4056858376,5037951.640134148,-80058.9404386836,52.5146478875552,13.3911341632904,74.7738860034715,0.0002318857921081,1
2338,test,1900,131394.69999993,1149251394.7,12,12,1,2,3783968.692074143,900894.0974797622,5037952.843169348,-80068.84316534243,52.514647956014,13.3911341816008,74.7736107132987,-3.8146001232414e-05,1
2339,test,1900,131394.89999993,1149251394.9,12,12,1,2,3783968.058423363,900894.7175752831,5037952.617133629,-80079.08857192977,52.5146479572374,13.3911341562406,74.7733755346907,-0.0001694743969624,1
2340,test,1900,131395.09999993,1149251395.1,12,12,1,2,3783968.907953243,900894.2104016104,5037953.008151737,-80089.1581561969,52.5146479632654,13.3911341778538,74.7731873603714,-0.0001292637337903,1
2341,test,1900,131395.29999993,1149251395.3,12,12,1,2,3783969.2838359107,900894.5488436259,5037953.138955467,-80099.32814673803,52.5146479552472,13.3911341591531,74.7730449167592,-0.0005928638105989,1
2342,test,1900,131395.49999993,1149251395.5,12,12,1,2,3783969.0279733147,900895.4194581802,5037953.626153681,-80109.43670341192,52.5146479200272,13.3911341760924,74.7729447253197,-0.0005307447523852,1
2343,test,1900,131395.69999993,1149251395.7,12,11,1,3,3783961.4776560953,900862.6405771576,5037943.55076763,-80142.32190615109,52.5146479727809,13.3911341468655,74.7728870066963,-0.0004934769042763,1
2344,test,1900,131395.89999993,1149251395.9,12,11,1,2,3783962.3752858522,900862.0123479564,5037944.159461261,-80151.88078161007,52.5146479099206,13.3911342072638,74.7728699887382,-0.0006003275388405,1
2345,test,1900,131396.09999993,1149251396.1,11,11,1,2,3783962.9151478196,900861.8767789529,5037943.750612423,-80162.09169045169,52.5146479240892,13.3911342136255,74.7728874170815,-0.000845355976801,1
2346,test,1900,131396.29999993,1149251396.3,11,11,1,2,3783962.4283937155,900862.0596751845,5037942.726623008,-80173.69318437831,52.5146479612705,13.3911341810712,74.7729305193116,-0.0009979858919605,1
2347,test,1900,131396.49999993,1149251396.5,11,11,1,2,3783962.9310870245,900861.7767733565,5037942.8943817075,-80183.86177328035,52.514647944709,13.3911341391031,74.7729939359957,-0.0010982785723492,1
2348,test,1900,131396.69999993,1149251396.7,11,11,1,2,3783963.9867493366,900861.3808861716,5037943.030412421,-80194.17381480876,52.5146479272726,13.3911342034533,74.7730735652466,-0.0011188468167702,1
2349,test,1900,131396.89999993,1149251396.9,11,11,1,2,3783964.0990651995,900861.4405993583,5037942.872875126,-80204.48273149677,52.5146479242274,13.3911342066936,74.7731656438204,-0.0004682411712968,1
2350,test,1900,131397.09999993,1149251397.1,11,11,1,2,3783964.4177240967,900861.2326209329,5037942.746036308,-80214.93977773393,52.5146479224024,13.3911341944494,74.7732670803835,-0.0005559883584326,1
2351,test,1900,131397.29999993,1149251397.3,11,11,1,2,3783964.4978652713,900861.3766856394,5037943.113339054,-80224.83306434694,52.5146479123489,13.3911341933976,74.7733750279152,-0.0004782891837601,1
2352,test,1900,131397.49999993,1149251397.5,11,11,1,2,3783964.8265823936,900860.6992950314,5037942.746043981,-80235.58868607986,52.5146479094889,13.391134220847,74.773487666332,-0.0004138915417763,1
2353,test,1900,131397.69999993,1149251397.7,11,11,1,2,3783964.8751951866,900860.7043382126,5037942.440754918,-80246.13037660722,52.5146478859262,13.3911342141602,74.7736042262741,-0.0003333968818759,1
2354,test,1900,131397.89999993,1149251397.9,11,11,1,2,3783965.138511107,900860.2369487263,5037942.202615522,-80256.7109278001,52.5146478987607,13.3911342272082,74.773723970612,-0.000356991263749,1
2355,test,1900,131398.09999993,1149251398.1,11,11,1,2,3783964.8225505254,900860.6859810624,5037942.176170386,-80267.06801905432,52.5146478918263,13.3911342401791,74.7738465224062,-0.0002295525039231,1
2356,test,1900,131398.29999993,1149251398.3,11,11,1,2,3783964.617439765,900861.0481566996,5037942.091741721,-80277.43923516279,52.5146478980241,13.3911341981244,74.773971723756,-0.0003431434564005,1
2357,test,1900,131398.49999993,1149251398.5,11,11,1,2,3783964.664594331,900861.2070070987,5037942.159178804,-80287.69149106742,52.5146478845437,13.391134245429,74.7740989828843,-0.0003374758066111,1
2358,test,1900,131398.69999993,1149251398.7,11,11,1,2,3783964.6663925746,900861.0427966871,5037942.073341215,-80298.13352849493,52.5146478596653,13.3911342726805,74.7742277495198,-0.0004563195367496,1
2359,test,1900,131398.89999993,1149251398.9,11,11,1,2,3783964.680303455,900861.0043817953,5037941.935123431,-80308.54633487963,52.5146479148425,13.3911342581456,74.7743574922363,-0.000556681008332,1
2360,test,1900,131399.09999993,1149251399.1,11,11,1,2,3783964.785493501,900860.9515208165,5037941.812831783,-80319.0007751648,52.5146478980504,13.3911342732788,74.7744875837063,-0.0010931018716934,1
2361,test,1900,131399.29999993,1149251399.3,11,11,1,2,3783964.9742105748,900860.9852900271,5037941.841689974,-80329.26214311851,52.5146478554574,13.3911342644792,74.7746174130524,-0.0014267413440468,1
2362,test,1900,131399.49999993,1149251399.5,11,11,1,2,3783965.0958483694,900860.9583946108,5037941.850570797,-80339.60983892753,52.5146478521596,13.391134260915,74.7747450068179,-0.0015198150476476,1
2363,test,1900,131399.69999993,1149251399.7,11,11,1,2,3783965.143853373,900860.9205856638,5037941.853838088,-80349.9754522265,52.5146478193818,13.3911342960838,74.7748675794162,-0.0009764410636959,1
2364,test,1900,131399.89999993,1149251399.9,11,11,1,2,3783965.251934435,900860.9295712117,5037941.902394148,-80360.28958286297,52.5146478428583,13.3911342572211,74.7749826474103,-0.0006859356012893,1
2365,test,1900,131400.09999993,1149251400.1,12,12,1,3,3783968.1478232555,900883.4023735829,5037958.924557662,-80351.01278645471,52.5146478664885,13.3911342758512,74.7750879770769,-0.0007896438512483,1
2366,test,1900,131400.29999993,1149251400.3,12,12,1,2,3783968.281714701,900883.4784503469,5037959.094859182,-80361.18523024555,52.5146478890502,13.3911342803058,74.7751818115587,-0.0010557522642126,1
2367,test,1900,131400.49999993,1149251400.5,12,12,1,2,3783968.3425971186,900884.1618170311,5037959.656664535,-80370.89163230156,52.514647894065,13.3911342678252,74.7752614447319,-0.0013315800624334,1
2368,test,1900,131400.69999993,1149251400.7,12,12,1,2,3783968.273337527,900884.2528685263,5037959.6262812745,-80381.2398333895,52.5146478812688,13.3911342537355,74.7753236594819,-0.0006028188405069,1
2369,test,1900,131400.89999993,1149251400.9,12,12,1,2,3783968.288713466,900884.6987566759,5037960.046958638,-80391.15955196356,52.5146478822122,13.3911342587641,74.7753652934137,-0.000105091950436,1
2370,test,1900,131401.09999993,1149251401.1,12,12,1,2,3783968.4306149315,900885.5522539142,5037960.745515743,-80400.7497448097,52.5146478724525,13.3911342754996,74.7753828889594,0.0002076296505631,1
2371,test,1900,131401.29999993,1149251401.3,12,12,1,2,3783968.4698521267,900885.7557702055,5037961.003657336,-80410.84720202991,52.5146478524706,13.3911342438623,74.7753732306041,0.0002845424617197,1
2372,test,1900,131401.49999993,1149251401.5,12,12,1,2,3783968.629358844,900886.233839168,5037961.372345418,-80420.77995154937,52.51464786828,13.3911342668449,74.7753344297344,0.000319203433291,1
2373,test,1900,131401.69999993,1149251401.7,12,12,1,2,3783968.6323584304,900886.3659256143,5037961.333484613,-80431.11405563728,52.5146479054563,13.3911342702469,74.7752649332923,0.0007836707595913,1
2374,test,1900,131401.89999993,1149251401.9,12,12,1,2,3783968.6097915974,900886.4113238438,5037961.390695621,-80441.39128696197,52.5146478865964,13.3911342604601,74.775165001299,0.0015675461789428,1
2375,test,1900,131402.09999993,1149251402.1,12,12,1,2,3783968.6350538703,900886.4777433872,5037961.42272825,-80451.65389291022,52.5146478579715,13.3911342570888,74.7750346056249,0.0017977214030976,1
2376,test,1900,131402.29999993,1149251402.3,12,12,1,2,3783968.643909583,900886.4094723822,5037961.280959156,-80462.11824235039,52.5146479041124,13.3911342368954,74.7748731809587,0.0020036563540031,1
2377,test,1900,131402.49999993,1149251402.5,12,12,1,2,3783968.6734003667,900886.5346407426,5037961.375971088,-80472.3198899748,52.5146478552605,13.3911342483144,74.774680345878,0.0018143546930778,1
2378,test,1900,131402.69999993,1149251402.7,13,12,1,2,3783968.865539185,900886.904231785,5037961.738909094,-80482.32379511115,52.5146479024491,13.391134235885,74.7744562569032,0.0015828698291563,1
2379,test,1900,131402.89999993,1149251402.9,13,12,1,2,3783968.787065847,900886.7221057924,5037961.637297617,-80492.82243722922,52.5146479206675,13.3911342089259,74.7742008411523,0.0014126217539408,1
2380,test,1900,131403.09999993,1149251403.1,13,12,1,2,3783968.863195407,900886.7292325611,5037961.714029908,-80503.11191897641,52.5146479489,13.3911342356359,74.7739122869752,0.0009550205255097,1
2381,test,1900,131403.29999993,1149251403.3,13,12,1,2,3783968.8089399072,900886.2953796927,5037961.377504415,-80513.80591268504,52.5146478935059,13.3911342140697,74.7735892943779,0.0010110320083726,1
2382,test,1900,131403.49999993,1149251403.5,13,12,1,2,3783968.8810489546,900886.3473939196,5037961.401993482,-80524.11869924697,52.5146479413164,13.3911342206861,74.773229978653,0.000754252369989,1
2383,test,1900,131403.69999993,1149251403.7,13,12,1,2,3783968.962776692,900885.947544239,5037961.310283758,-80534.68424969637,52.5146478460575,13.3911342074098,74.7728337819604,0.0008305943960698,1
2384,test,1900,131403.89999993,1149251403.9,13,12,1,2,3783969.110551211,900885.9881747506,5037961.428174243,-80544.89611564483,52.5146478811608,13.3911342185747,74.7724003705169,0.0007468251308898,1
2385,test,1900,131404.09999993,1149251404.1,13,12,1,2,3783969.146409932,900885.5053046617,5037961.06445641,-80555.63815238219,52.5146478735727,13.3911342194179,74.7719289824544,0.000898341541449,1
2386,test,1900,131404.29999993,1149251404.3,13,12,1,2,3783969.1819981746,900885.1393247149,5037960.918623219,-80566.22042753137,52.5146478461403,13.3911342220464,74.7714195255316,0.0010620728514261,1
2387,test,1900,131404.49999993,1149251404.5,13,12,1,2,3783969.258097582,900884.9999276131,5037961.014714721,-80576.54477256454,52.5146479188445,13.3911342241341,74.7708749511717,0.0011505684473752,1
2388,test,1900,131404.69999993,1149251404.7,13,12,1,2,3783969.394730137,900885.1537546734,5037961.191427429,-80586.65372053947,52.514647904745,13.3911342003201,74.7702977919662,0.0015554786900294,1
2389,test,1900,131404.89999993,1149251404.9,13,12,1,2,3783969.3907876797,900885.1082168943,5037961.104277173,-80597.06545668568,52.5146478817576,13.3911342255492,74.769688221381,0.002237239973778,1
2390,test,1900,131405.09999993,1149251405.1,13,12,1,2,3783969.35429454,900884.7627302828,5037960.940771037,-80607.66574153493,52.5146478857755,13.3911341890689,74.7690494188222,0.0021698739621759,1
2391,test,1900,131405.29999993,1149251405.3,13,12,1,2,3783969.3788066227,900884.4138277501,5037960.844741053,-80618.14647770081,52.5146478449938,13.3911342119355,74.7683896458038,0.0009947942170634,1
2392,test,1900,131405.49999993,1149251405.5,12,12,1,2,3783969.422780189,900884.1637463126,5037960.7049680175,-80628.67893333903,52.5146478343946,13.3911341939158,74.7677172611863,-0.0021333152467855,1
2393,test,1900,131405.69999993,1149251405.7,13,12,1,2,3783969.5328565687,900884.0379354514,5037960.750975999,-80638.99424624017,52.514647870975,13.3911342104629,74.7670429813034,-0.0082340148096242,1
2394,test,1900,131405.89999993,1149251405.9,13,12,1,2,3783969.626047448,900884.1096911952,5037960.958081707,-80649.14537481527,52.5146478320052,13.3911341963802,74.7663795827256,-0.0173714900141137,1
2395,test,1900,131406.09999993,1149251406.1,13,12,1,2,3783969.4426800944,900883.1470943321,5037960.0615167795,-80660.46880576153,52.514647937236,13.3911342532644,74.7657458395652,-0.0280710652645778,1
2396,test,1900,131406.29999993,1149251406.3,13,12,1,2,3783969.387996581,900881.7563533488,5037959.060406553,-80671.95881694053,52.5146478405979,13.3911342095721,74.7651655204183,-0.0342728677082171,1
2397,test,1900,131406.49999993,1149251406.5,13,12,1,2,3783969.4341251026,900881.2408302857,5037958.777030498,-80682.64000327777,52.5146478855532,13.3911342162998,74.7646694845607,-0.0266913437447898,1
2398,test,1900,131406.69999993,1149251406.7,14,12,1,2,3783969.5534121413,900881.145577115,5037958.86814858,-80692.9348870966,52.514647894326,13.3911342167789,74.7642954125038,0.0089201159109747,1
2399,test,1900,131406.89999993,1149251406.9,14,12,1,2,3783969.6599880215,900881.1025514612,5037959.291540981,-80702.95996973131,52.5146481197763,13.3911341427873,74.7640858967381,0.0885311802135716,1
2400,test,1900,131407.09999993,1149251407.1,12,12,1,2,3783969.7788744234,900881.1391746278,5037959.668101244,-80712.99750745896,52.5146485332617,13.3911341683978,74.7640895614284,0.22756092238102,0
2401,test,1900,131407.29999993,1149251407.3,12,12,1,2,3783971.0316398717,900880.5306527625,5037959.946229338,-80722.86275692724,52.5146492069075,13.3911340720988,74.7643558248405,0.423454577233153,0
2402,test,1900,131407.49999993,1149251407.5,12,12,1,2,3783973.6217980804,900880.0722962144,5037961.043418502,-80732.20413571005,52.5146502424172,13.391133926793,74.7649473653682,0.661825713317814,0
2403,test,1900,131407.69999993,1149251407.7,12,12,1,2,3783976.4661202524,900877.7731474793,5037961.133006365,-80742.65756792811,52.5146517637925,13.3911337019494,74.7659427166992,0.93232106742391,0
2404,test,1900,131407.89999993,1149251407.9,11,11,1,3,3783971.4643549775,900848.5754921999,5037938.369404021,-80780.54592269614,52.5146536867118,13.3911333987982,74.767429789936,1.2324767781754,0
2405,test,1900,131408.09999993,1149251408.1,11,11,1,2,3783971.0312868473,900847.7470540461,5037939.368223684,-80790.5408485501,52.514656159746,13.3911331362316,74.7695034122506,1.55662453444649,0
2406,test,1900,131408.29999993,1149251408.3,11,11,1,2,3783972.5791493882,900844.6667225366,5037938.380536264,-80801.6217555665,52.5146592660032,13.3911326506079,74.7722591254491,1.89541801848219,0
2407,test,1900,131408.49999993,1149251408.5,11,11,1,2,3783972.23203279,900845.3194760197,5037941.003757505,-80810.26079651139,52.5146629570639,13.3911320410448,74.775787828976,2.24159027398001,0
2408,test,1900,131408.69999993,1149251408.7,12,12,1,3,3783979.822636463,900865.688445126,5037952.11096081,-80802.0896358997,52.514667218577,13.3911313627147,74.780169959501,2.59460405503835,0
2409,test,1900,131408.89999993,1149251408.9,12,12,1,2,3783977.740914133,900866.62680111,5037948.642338201,-80814.81463555335,52.5146721037102,13.3911305655047,74.7854693481868,2.95712753161916,0
2410,test,1900,131409.09999993,1149251409.1,13,13,1,2,3783979.8370692916,900879.1394867137,5037961.859950053,-80811.3368740218,52.5146776322631,13.3911296785896,74.7917300182826,3.32857390723389,0
2411,test,1900,131409.29999993,1149251409.3,13,13,1,2,3783977.7942765853,900878.6126046756,5037956.788584874,-80826.24957919988,52.5146838841381,13.3911287038783,74.7989746960878,3.69691367492472,0
2412,test,1900,131409.499999931,1149251409.5,14,13,1,2,3783977.480068428,900874.6901816265,5037953.2061954085,-80839.93547518938,52.5146907147931,13.3911277198085,74.8072031467516,4.03973953116629,0
2413,test,1900,131409.699999931,1149251409.7,12,12,1,3,3783974.5829830165,900855.8534356153,5037955.322220037,-80858.29657085588,52.5146981884395,13.3911267489342,74.816390947853,4.33986513155681,0
2414,test,1900,131409.899999931,1149251409.9,13,13,1,2,3783980.0719766784,900863.1091757767,5037953.7089804895,-80863.35840979339,52.5147060532817,13.391125833503,74.8264897914972,4.60443781287258,0
2415,test,1900,131410.099999931,1149251410.1,14,13,1,2,3783978.912747782,900855.5255773176,5037954.872769575,-80877.19494441588,52.514714420792,13.3911249799859,74.8374320220382,4.85589219545734,0
2416,test,1900,131410.299999931,1149251410.3,13,12,1,2,3783976.5810071197,900853.197774994,5037954.727370082,-80890.76662182088,52.514723158254,13.3911241976384,74.849133485742,5.11742546138506,0
2417,test,1900,131410.499999931,1149251410.5,14,13,1,2,3783975.949711819,900853.244350453,5037952.247969949,-80902.46668574502,52.5147323427298,13.3911235344402,74.8614607850823,5.39878081744305,0
2418,test,1900,131410.699999931,1149251410.7,14,13,1,2,3783974.12841713,900850.7515562999,5037949.149780746,-80915.84517279349,52.5147421626433,13.3911229656812,74.874283892271,5.69648946917935,0
2419,test,1900,131410.899999931,1149251410.9,14,13,1,2,3783974.9393301834,900847.3360906214,5037948.532573271,-80926.93146914143,52.5147524480157,13.3911225073007,74.8874735966213,6.00182874809705,0
2420,test,1900,131411.099999931,1149251411.1,14,13,1,2,3783973.0629719784,900848.0747503301,5037944.4700301485,-80940.63512943612,52.5147633226138,13.391122158302,74.9008760782235,6.30509748233949,0
2421,test,1900,131411.299999931,1149251411.3,13,13,1,2,3783974.804216877,900852.6512626471,5037950.702816083,-80947.1192070895,52.5147747764549,13.3911218789761,74.9143088525097,6.5956154986346,0
2422,test,1900,131411.499999931,1149251411.5,13,13,1,2,3783973.5022383407,900850.5956905648,5037951.9404634945,-80958.14538669716,52.5147866714714,13.3911216494959,74.9275643029607,6.86059705636194,0
2423,test,1900,131411.699999931,1149251411.7,15,14,1,2,3783971.6969365175,900847.2577182789,5037952.125132197,-80968.88739534657,52.5147990183066,13.391121443574,74.9403864354919,7.08519140738084,0
2424,test,1900,131411.899999931,1149251411.9,15,14,1,2,3783969.2083296673,900844.3194051791,5037946.5301766405,-80984.76607859739,52.5148114398744,13.391121621971,74.952465374318,7.25970639574683,0
2425,test,1900,131412.099999931,1149251412.1,14,13,1,2,3783970.257122197,900846.1822584703,5037947.241032737,-80994.77831082349,52.5148243337803,13.3911214363412,74.9634448044141,7.39137816899091,0
2426,test,1900,131412.299999931,1149251412.3,13,12,1,2,3783966.282696616,900842.0413728437,5037950.968483621,-81006.57549824573,52.5148375610085,13.3911212531722,74.972909893423,7.49394684004989,0
2427,test,1900,131412.499999931,1149251412.5,13,13,1,2,3783968.6688869046,900843.3489236033,5037952.701190649,-81013.93458311122,52.5148509114994,13.3911210602544,74.9804214857514,7.59106508851179,0
2428,test,1900,131412.699999931,1149251412.7,14,14,1,2,3783966.890881371,900841.9756487001,5037954.108615292,-81024.13081837614,52.5148644426716,13.3911208294746,74.9855582114812,7.70923734336265,0
2429,test,1900,131412.899999931,1149251412.9,14,14,1,2,3783964.0338886874,900841.8557118413,5037953.217231503,-81036.18273495689,52.5148782979089,13.3911205418691,74.9879750346481,7.86861697247187,0
2430,test,1900,131413.099999931,1149251413.1,13,13,1,2,3783965.570149764,900842.3527984982,5037954.028759844,-81047.09868132259,52.5148925123617,13.3911201709213,74.9874678971868,8.07229834402035,0
2431,test,1900,131413.299999931,1149251413.3,14,14,1,2,3783964.4759937734,900838.7605746115,5037957.254867901,-81055.18288886861,52.5149070234322,13.3911196925754,74.9840168378417,8.30931910244069,0
2432,test,1900,131413.499999931,1149251413.5,13,13,1,2,3783963.734290528,900841.2304242528,5037956.743372436,-81066.43738141196,52.5149220730926,13.3911189942461,74.977766840746,8.56677583048895,0
2433,test,1900,131413.699999931,1149251413.7,14,14,1,2,3783962.441848526,900837.482895377,5037957.30687776,-81075.68172797568,52.5149373092439,13.3911180562561,74.9689936409959,8.82712998140482,0
2434,test,1900,131413.899999931,1149251413.9,14,14,1,2,3783962.0673012445,900838.3893758637,5037960.126660294,-81084.10732347208,52.514953115119,13.3911168371206,74.9580682834883,9.0654712361207,0
2435,test,1900,131414.099999931,1149251414.1,13,13,1,2,3783962.6483916566,900839.7760854627,5037956.147040369,-81097.22391342749,52.5149693629064,13.3911152799726,74.9454060644308,9.26320970009359,0
2436,test,1900,131414.299999931,1149251414.3,14,14,1,2,3783960.701502485,900838.4098325499,5037957.669215887,-81106.32622063743,52.5149859745289,13.391113369309,74.9314278628665,9.41607163116641,0
2437,test,1900,131414.499999931,1149251414.5,14,14,1,2,3783960.859171005,900837.0280377484,5037958.397486144,-81115.39066905004,52.5150026493434,13.3911111257972,74.9165453408719,9.52506769626921,0
2438,test,1900,131414.699999931,1149251414.7,14,14,1,2,3783959.584430772,900837.9197045082,5037958.904054495,-81124.6934307197,52.5150194124596,13.3911086600454,74.9011442717217,9.59456562446217,0
2439,test,1900,131414.899999931,1149251414.9,12,12,1,2,3783960.37905166,900834.7683895828,5037961.536234366,-81134.21992698165,52.5150362338971,13.3911061124452,74.8855687856225,9.63130189153498,0
2440,test,1900,131415.099999931,1149251415.1,13,13,1,2,3783960.2427395047,900835.8317351071,5037968.613271552,-81138.77664704224,52.5150533834819,13.3911034552029,74.8701135644272,9.64199411973682,0
2441,test,1900,131415.299999931,1149251415.3,13,13,1,2,3783960.337707934,900841.3036493772,5037973.591967791,-81144.04339548392,52.5150704366041,13.3911007244327,74.8550173453775,9.63339667624323,0
2442,test,1900,131415.499999931,1149251415.5,15,14,1,2,3783960.017463306,900841.5564732546,5037977.341944412,-81152.05496401411,52.5150874970528,13.391097901308,74.8404727671657,9.61190023230394,0
2443,test,1900,131415.699999931,1149251415.7,13,12,1,3,3783940.7678715135,900846.7305926238,5037970.209454569,-81175.76935644714,52.5151045701563,13.3910949976572,74.8266417247449,9.57890577482944,0
2444,test,1900,131415.899999931,1149251415.9,15,14,1,2,3783954.6938565737,900842.0759291153,5037977.809056607,-81173.82946870818,52.5151213286122,13.3910920418792,74.8136659600709,9.5294519616629,0
2445,test,1900,131416.099999931,1149251416.1,13,12,1,2,3783953.578391513,900840.9613569544,5037981.1848892,-81183.01890933274,52.5151379042988,13.3910891203984,74.801657437338,9.46359776660983,0
2446,test,1900,131416.299999931,1149251416.3,14,13,1,2,3783951.3500819616,900840.2655505688,5037980.511283357,-81194.30784564302,52.5151545603636,13.3910861382404,74.7906752124393,9.39217746827179,0
2447,test,1900,131416.499999931,1149251416.5,12,11,1,2,3783947.7424368057,900825.3802174261,5037965.535103902,-81220.16470551082,52.5151709448923,13.3910831713661,74.7807351509121,9.32649145225366,0
2448,test,1900,131416.699999931,1149251416.7,13,12,1,2,3783945.3584080823,900826.0384374443,5037969.147371414,-81228.98570308185,52.5151871434022,13.391080260774,74.7718348759809,9.26537179029578,0
2449,test,1900,131416.899999931,1149251416.9,12,11,1,2,3783941.270355403,900830.9708443967,5037978.046406749,-81235.28354014372,52.5152032627292,13.3910774995795,74.7639639892224,9.2072928940468,0
2450,test,1900,131417.099999931,1149251417.1,15,14,1,2,3783942.4756847178,900843.3518798352,5037988.673129242,-81233.56637939569,52.5152196238881,13.3910748593669,74.7571058956273,9.150734676264,0
2451,test,1900,131417.299999931,1149251417.3,15,14,1,2,3783941.5087935426,900843.3994861712,5037991.493951982,-81242.47139060621,52.5152357250574,13.3910723872496,74.7512403712391,9.09352395979033,0
2452,test,1900,131417.499999931,1149251417.5,15,14,1,2,3783939.659206291,900842.8721597941,5037992.443673781,-81252.86068125756,52.5152517773488,13.3910700596711,74.7463461390638,9.03405131012072,0
2453,test,1900,131417.699999931,1149251417.7,14,13,1,2,3783935.1162134283,900834.3557416912,5037983.461721017,-81272.62765459812,52.5152677171979,13.3910678480677,74.7424010253356,8.97142301752438,0
2454,test,1900,131417.899999931,1149251417.9,14,13,1,2,3783931.9556014403,900833.0350929601,5037984.252585871,-81283.70482626984,52.5152833513546,13.3910656966205,74.7393831906142,8.89961660201054,0
2455,test,1900,131418.099999931,1149251418.1,15,14,1,2,3783929.5122514633,900838.0859837425,5037994.951132778,-81286.31659427292,52.5152990999928,13.3910634638694,74.7372669270373,8.81312067527115,0
2456,test,1900,131418.299999931,1149251418.3,15,14,1,2,3783927.9259751607,900840.0189863346,5037996.012930567,-81296.65972746916,52.5153145719902,13.3910612060224,74.7360175567772,8.71987589791429,0
2457,test,1900,131418.499999931,1149251418.5,15,14,1,2,3783928.07186278,900839.7181971824,5038001.905209686,-81302.47756432107,52.5153297758855,13.3910589109864,74.7355970369763,8.63017870115705,0
2458,test,1900,131418.699999931,1149251418.7,14,13,1,2,3783926.767567968,900830.9225729353,5037997.753750573,-81318.22179844673,52.5153449781445,13.3910565703602,74.7359754397725,8.54298192729069,0
2459,test,1900,131418.899999931,1149251418.9,14,13,1,2,3783924.82647875,900830.8512161397,5037998.784169817,-81328.83978023868,52.5153598062378,13.3910542308899,74.7371343179896,8.45667784337275,0
2460,test,1900,131419.099999931,1149251419.1,15,14,1,2,3783924.3578626104,900839.3215182215,5038008.844408595,-81330.36781898825,52.5153746499064,13.3910518981491,74.7390604450516,8.37129059647994,0
2461,test,1900,131419.299999931,1149251419.3,15,14,1,2,3783921.346092301,900838.4627810961,5038007.604977314,-81341.68305797185,52.5153891803971,13.3910495904055,74.7417433904116,8.28595832478793,0
2462,test,1900,131419.499999931,1149251419.5,15,14,1,2,3783919.095800028,900836.1055316494,5038008.070002878,-81352.9932847199,52.5154038359742,13.3910472137582,74.7451726923321,8.19513055682071,0
2463,test,1900,131419.699999931,1149251419.7,15,14,1,2,3783919.173334162,900836.4845017523,5038005.776509578,-81365.85060778394,52.5154181619476,13.3910447948732,74.7493339720972,8.09053555388021,0
2464,test,1900,131419.899999931,1149251419.9,15,14,1,2,3783916.271674363,900835.437487911,5038003.881814355,-81379.2967613001,52.5154321726017,13.3910423797327,74.7542057064969,7.96104685935536,0
2465,test,1900,131420.099999931,1149251420.1,15,14,1,2,3783917.0380417597,900832.2351265235,5038003.452836266,-81389.95782079089,52.5154459176784,13.3910399412413,74.7597532261312,7.80279541355258,0
2466,test,1900,131420.299999931,1149251420.3,15,14,1,2,3783919.197238211,900832.0790531102,5038007.121894568,-81396.74298861758,52.5154595583751,13.3910375195429,74.7659271549871,7.61169678153902,0
2467,test,1900,131420.499999931,1149251420.5,15,13,1,2,3783919.90784618,900833.7161773312,5038013.98081125,-81403.37653070038,52.5154728299864,13.3910351469324,74.7726670416357,7.38844398644183,0
2468,test,1900,131420.699999931,1149251420.7,15,14,1,2,3783918.1784567614,900831.9961653267,5038008.468115439,-81414.21364310259,52.5154853760256,13.391032833516,74.779904544841,7.14132911179553,0
2469,test,1900,131420.899999931,1149251420.9,15,14,1,2,3783916.7440821943,900831.1461533185,5038011.89297553,-81423.2903886162,52.5154977951103,13.3910305937688,74.7875655160117,6.87979643838478,0
2470,test,1900,131421.099999931,1149251421.1,14,13,1,2,3783916.847948894,900831.8590025462,5038013.715766053,-81433.04034624086,52.5155097033274,13.391028440394,74.7955725474445,6.61636851054086,0
2471,test,1900,131421.299999931,1149251421.3,15,14,1,2,3783916.582284839,900830.6103796114,5038013.991527154,-81443.60923577976,52.5155210611426,13.3910263395304,74.8038480005159,6.36232952288081,0
2472,test,1900,131421.499999931,1149251421.5,15,14,1,2,3783916.642648327,900827.7725736271,5038014.297825111,-81454.31279216484,52.5155320870402,13.3910242924664,74.8123171794791,6.12193480257339,0
2473,test,1900,131421.699999931,1149251421.7,14,13,1,2,3783918.604062852,900830.2535125905,5038016.618946554,-81461.41637327442,52.5155426762665,13.3910223691806,74.8209100199117,5.89972857573633,0
2474,test,1900,131421.899999931,1149251421.9,15,14,1,2,3783919.531236448,900827.6465772463,5038020.776443747,-81470.19188167226,52.5155527507618,13.3910205300636,74.8295592710384,5.69752150072339,0
2475,test,1900,131422.099999931,1149251422.1,15,14,1,2,3783918.5838711984,900825.7720312631,5038017.186649457,-81483.65492963651,52.5155626141403,13.3910187758261,74.838202484197,5.51056857049122,0
2476,test,1900,131422.299999931,1149251422.3,14,13,1,2,3783917.9976518196,900818.6642566171,5038019.174667194,-81495.11309445617,52.5155722471321,13.3910171276621,74.8467833725147,5.33672595149065,0
2477,test,1900,131422.499999931,1149251422.5,15,14,1,2,3783917.751730232,900819.3323444092,5038027.488701765,-81499.53247716853,52.5155815220014,13.3910155886892,74.8552523691906,5.1774330909077,0
2478,test,1900,131422.699999931,1149251422.7,15,14,1,2,3783919.0316212983,900817.8867899969,5038027.902645718,-81508.70902037837,52.5155906137177,13.3910141385567,74.86356647485,5.0285493099777,0
2479,test,1900,131422.899999931,1149251422.9,15,14,1,2,3783917.3953592856,900818.583091554,5038026.974945276,-81520.09639784272,52.5155993221774,13.3910127580453,74.8716894281614,4.87849596310928,0
2480,test,1900,131423.099999931,1149251423.1,15,14,1,2,3783916.198646271,900819.4940047924,5038030.571276612,-81529.25451202376,52.5156078393574,13.3910114443878,74.8795919563098,4.7108310762062,0
2481,test,1900,131423.299999931,1149251423.3,15,14,1,2,3783917.043802581,900820.20250264,5038029.309784598,-81539.97774602288,52.515616003346,13.3910102079931,74.8872518355642,4.51216820386193,0
2482,test,1900,131423.499999931,1149251423.5,15,14,1,2,3783918.496832966,900822.6321958067,5038030.290747086,-81549.03321713129,52.5156237425077,13.3910090486286,74.8946529469417,4.27429645249808,0
2483,test,1900,131423.699999931,1149251423.7,15,14,1,2,3783917.602283225,900823.187475456,5038028.866061331,-81560.30420174061,52.515631046067,13.3910079650159,74.9017847234593,3.99712404957931,0
2484,test,1900,131423.899999931,1149251423.9,15,14,1,2,3783916.5540530845,900822.8242407287,5038029.307055559,-81570.17808144433,52.5156378867769,13.3910069722537,74.9086410779727,3.68499475046183,0
2485,test,1900,131424.099999931,1149251424.1,16,14,1,2,3783919.329158225,900818.9166319858,5038029.762111114,-81580.23411467757,52.5156434045735,13.3910074092624,74.9152199973741,3.34450289374839,0
2486,test,1900,131424.299999931,1149251424.3,16,14,1,2,3783918.736357597,900822.0220531595,5038032.597318288,-81588.38157251255,52.5156490088945,13.3910065778567,74.9215227855236,2.98377691651158,0
2487,test,1900,131424.499999931,1149251424.5,16,14,1,2,3783917.5455431375,900822.2915025961,5038032.8275080435,-81597.52759379183,52.5156539437115,13.391005819975,74.9275529576541,2.615027924557,0
2488,test,1900,131424.699999931,1149251424.7,16,14,1,2,3783918.5503538297,900821.0641411879,5038032.581637438,-81606.66923783727,52.5156582037789,13.3910051565131,74.9333160514441,2.25707240168671,0
2489,test,1900,131424.899999931,1149251424.9,15,14,1,2,3783921.65899943,900818.3133435146,5038031.681246903,-81616.8760742555,52.5156618520878,13.3910045797589,74.9388191471295,1.93376715711529,0
2490,test,1900,131425.099999931,1149251425.1,15,14,1,2,3783924.463452074,900822.2346538405,5038032.228737911,-81626.35269626991,52.5156648387106,13.3910040744972,74.9440712857497,1.66461518763597,0
2491,test,1900,131425.299999931,1149251425.3,15,14,1,2,3783924.6401343984,900821.6291046409,5038029.287117227,-81639.28327138236,52.5156675187692,13.3910036221786,74.9490832925026,1.45960993199644,0
2492,test,1900,131425.499999931,1149251425.5,15,14,1,2,3783921.304696991,900821.1556658833,5038024.613251585,-81652.45988455736,52.5156699100945,13.3910032035178,74.9538668077595,1.32058228079429,0
2493,test,1900,131425.699999931,1149251425.7,15,14,1,2,3783917.6739197085,900820.1726928587,5038025.87859016,-81662.82199440777,52.5156720812791,13.3910028241923,74.9584336999182,1.24164657939655,0
2494,test,1900,131425.899999931,1149251425.9,16,14,1,2,3783918.0021169437,900821.8054575823,5038025.290989038,-81672.85516248805,52.5156741978127,13.3910024471038,74.9627953173465,1.21058667383046,0
2495,test,1900,131426.099999931,1149251426.1,16,14,1,2,3783916.989664893,900814.9961958202,5038022.3566467855,-81687.86911206423,52.5156762274386,13.3910020654855,74.9669621626474,1.21571043003614,0
2496,test,1900,131426.299999931,1149251426.3,15,14,1,2,3783918.2624007026,900810.7596085296,5038019.9018815085,-81700.10597598845,52.5156783414152,13.3910016711703,74.9709440136164,1.25025478652721,0
2497,test,1900,131426.499999931,1149251426.5,15,14,1,2,3783915.8908420703,900811.3172006471,5038016.687409674,-81713.87058532659,52.5156805167045,13.3910012282839,74.9747505258946,1.31226256683049,0
2498,test,1900,131426.699999932,1149251426.7,15,14,1,2,3783916.583668139,900814.1084421051,5038022.7651711805,-81722.04413562616,52.5156827507625,13.3910007325364,74.9783914996386,1.39599564969201,0
2499,test,1900,131426.899999932,1149251426.9,15,13,1,2,3783921.1403616234,900813.8750985484,5038038.769874482,-81722.69158858589,52.5156852658432,13.3910001399055,74.9818762043636,1.48002148152794,0
2500,test,1900,131427.099999932,1149251427.1,15,13,1,2,3783918.9950773227,900814.2125981305,5038036.035900516,-81735.99069016236,52.5156878173204,13.3909994458152,74.9852127666082,1.53368308304671,0
2501,test,1900,131427.299999932,1149251427.3,15,13,1,2,3783919.1522970065,900814.7542537089,5038045.587744453,-81739.93672441508,52.5156905341115,13.3909986507903,74.9884079091021,1.5334160293079,0
2502,test,1900,131427.499999932,1149251427.5,15,13,1,2,3783916.7880661422,900815.0740423804,5038042.70656579,-81753.9278525339,52.5156931691115,13.3909977912509,74.9914674966723,1.47196144848968,0
2503,test,1900,131427.699999932,1149251427.7,15,13,1,2,3783916.21883772,900815.1884093507,5038042.957243961,-81763.87187387895,52.5156956331351,13.3909968863514,74.9943976219729,1.35539540249668,0
2504,test,1900,131427.899999932,1149251427.9,16,14,1,2,3783910.049808228,900817.5471778442,5038024.74548142,-81788.95101773595,52.5156977254566,13.3909959922125,74.9972040679738,1.19889366902058,0
2505,test,1900,131428.099999932,1149251428.1,16,14,1,2,3783909.5785466316,900819.0652819326,5038023.519089253,-81799.67168252007,52.515699553014,13.3909951442282,74.9998928404288,1.02044080488704,0
2506,test,1900,131428.299999932,1149251428.3,16,14,1,2,3783909.249670846,900819.8371945021,5038023.568430675,-81810.54356517115,52.515701084235,13.3909943918858,75.0024694424885,0.83990007163159,0
2507,test,1900,131428.499999932,1149251428.5,16,13,1,2,3783907.03585922,900819.0673929864,5038021.170318382,-81822.04997463374,52.5157022648061,13.3909937410083,75.0049399345756,0.677776396059951,0
2508,test,1900,131428.699999932,1149251428.7,16,13,1,3,3783883.897191158,900828.1652227783,5038017.571411899,-81847.84745697046,52.5157032771514,13.3909931969063,75.0073107204041,0.548340378002152,0
2509,test,1900,131428.899999932,1149251428.9,16,14,1,3,3783913.230056499,900818.6867110812,5038034.071658236,-81834.08682534655,52.515704071344,13.3909927313741,75.009588639969,0.457639759797724,0
2510,test,1900,131429.099999932,1149251429.1,16,14,1,2,3783914.1225649845,900814.580004,5038040.58086587,-81839.72721181031,52.5157047935087,13.390992318649,75.011781045962,0.404323900022523,0
2511,test,1900,131429.299999932,1149251429.3,16,14,1,2,3783917.1599657377,900816.5297929923,5038046.04820849,-81842.8353837382,52.5157054168341,13.3909919428643,75.0138950639455,0.382047160673198,0
2512,test,1900,131429.499999932,1149251429.5,16,14,1,2,3783920.816760848,900814.7534151747,5038049.6349167265,-81850.05016118824,52.5157060120919,13.3909915689229,75.0159367909432,0.384268278053448,0
2513,test,1900,131429.699999932,1149251429.7,16,14,1,2,3783919.565506927,900813.2975420015,5038054.860173485,-81859.89645939905,52.5157066265334,13.3909911622434,75.017911486366,0.404987587066225,0
2514,test,1900,131429.899999932,1149251429.9,16,14,1,2,3783912.8699081,900814.8974156404,5038051.432202397,-81876.49063203078,52.5157071911423,13.3909907302388,75.0198239101315,0.43751326733732,0
2515,test,1900,131430.099999932,1149251430.1,15,14,1,2,3783912.13466394,900814.2931465188,5038039.5631567,-81894.8465055136,52.5157078405343,13.3909902487779,75.0216778621618,0.474020201084436,0
2516,test,1900,131430.299999932,1149251430.3,14,14,1,2,3783910.1622450827,900813.4825016184,5038032.468261642,-81909.72486467219,52.5157085652392,13.3909897113298,75.02347645025,0.507812296416074,0
2517,test,1900,131430.499999932,1149251430.5,14,14,1,2,3783913.4618853466,900813.9341357809,5038027.685808591,-81921.00078786223,52.5157094096312,13.390989123549,75.0252223835033,0.538267945947779,0
2518,test,1900,131430.699999932,1149251430.7,13,13,1,2,3783915.3907631496,900812.0236328327,5038025.31076154,-81932.90248821222,52.5157102473595,13.3909884765839,75.0269177081306,0.572910934372347,0
2519,test,1900,131430.899999932,1149251430.9,13,13,1,2,3783914.596084397,900812.2061866085,5038028.009751523,-81942.12515425266,52.5157111859421,13.390987764809,75.0285645561342,0.624689929988872,0
2520,test,1900,131431.099999932,1149251431.1,14,14,1,2,3783909.4051074293,900815.4443745599,5038025.140626297,-81953.80680708357,52.5157122654822,13.3909869477651,75.0301654774862,0.708047353343053,0
2521,test,1900,131431.299999932,1149251431.3,14,14,1,2,3783908.6659328532,900816.1308271307,5038022.515887734,-81966.54847393761,52.5157132981559,13.3909859869796,75.0317231186211,0.832062677088163,0
2522,test,1900,131431.499999932,1149251431.5,14,14,1,2,3783902.4470183575,900821.0961544946,5038019.8334794445,-81980.04085365805,52.5157147735767,13.3909847952671,75.0332401954325,0.995287647095119,0
2523,test,1900,131431.699999932,1149251431.7,14,14,1,2,3783901.650238084,900819.7586921809,5038022.834437239,-81989.85851978473,52.5157164941724,13.3909832874395,75.0347196024651,1.19255551710833,0
2524,test,1900,131431.899999932,1149251431.9,14,14,1,2,3783903.468023105,900814.8430840339,5038024.230313867,-81998.11566168303,52.5157185089238,13.390981380365,75.0361644351152,1.42151961566628,0
2525,test,1900,131432.099999932,1149251432.1,16,15,1,2,3783915.8215251104,900824.2505518721,5038027.4163953,-81999.42555958343,52.5157208376401,13.3909789686582,75.0375784769152,1.67979317694025,0
2526,test,1900,131432.299999932,1149251432.3,16,15,1,2,3783914.2592883944,900824.6633909822,5038026.761371497,-82010.95965203643,52.5157234563098,13.3909759224931,75.0389658020803,1.96086412563704,0
2527,test,1900,131432.499999932,1149251432.5,16,15,1,2,3783915.0830604206,900822.9968343762,5038027.166587121,-82020.97476669242,52.5157263632822,13.3909721199127,75.0403296466477,2.25500595522522,0
2528,test,1900,131432.699999932,1149251432.7,16,15,1,2,3783916.13245751,900822.651416929,5038032.650204261,-82027.55602385585,52.5157295178256,13.3909674469485,75.0416716375974,2.55396804342348,0
2529,test,1900,131432.899999932,1149251432.9,16,15,1,2,3783914.1499153934,900821.6705507438,5038031.781591413,-82040.2307985669,52.5157329128502,13.3909617795961,75.0429924087145,2.85039511785671,0
2530,test,1900,131433.099999932,1149251433.1,15,14,1,2,3783903.7053870186,900811.6560026568,5038028.075367897,-82060.29020988452,52.5157362824867,13.3909550528426,75.0442918225932,3.13457240174526,0
2531,test,1900,131433.299999932,1149251433.3,16,14,1,2,3783902.1071919906,900811.2020636911,5038024.841101946,-82073.56357044725,52.5157397034928,13.3909472028394,75.0455695302542,3.39401837427585,0
2532,test,1900,131433.499999932,1149251433.5,16,14,1,2,3783902.7085485356,900810.8025810001,5038022.943312171,-82084.32683904745,52.5157427856471,13.3909382584651,75.0468252256278,3.61536282771178,0
2533,test,1900,131433.799999932,1149251433.8,16,14,1,2,3783898.454386109,900811.4905016173,5038019.972728876,-82104.55045740963,52.5157467623505,13.3909230430351,75.0486680271254,3.87379238230341,0
2534,test,1900,131434.099999932,1149251434.1,15,14,1,2,3783901.8897216856,900808.8503834942,5038021.605409522,-82118.23980625012,52.5157495089877,13.3909060869137,75.0504649627844,4.09137338414403,0
2535,test,1900,131434.299999932,1149251434.3,13,13,1,2,3783898.6982728345,900806.5606311923,5038022.473129518,-82129.93193090055,52.5157507917729,13.3908940021102,75.0516409689824,4.24181457817511,0
2536,test,1900,131434.499999932,1149251434.5,15,14,1,2,3783899.145211483,900808.0709907123,5038020.930771866,-82139.5611901162,52.5157516060741,13.3908813420426,75.0528035983494,4.40698591070174,0
2537,test,1900,131434.699999932,1149251434.7,13,13,1,2,3783900.3736326937,900807.498112226,5038022.524364424,-82148.9474310333,52.5157520301739,13.3908681091637,75.0539559523274,4.58797225806405,0
2538,test,1900,131434.899999932,1149251434.9,14,14,1,2,3783900.3151985966,900806.7338323725,5038022.226351763,-82159.11631022107,52.515752167967,13.3908543065045,75.0551008389017,4.78185213410841,0
2539,test,1900,131435.099999932,1149251435.1,15,14,1,2,3783902.2327234554,900807.0648108997,5038024.373829719,-82166.84744292386,52.5157519475104,13.3908399176664,75.056241172028,4.98105626230752,0
2540,test,1900,131435.299999932,1149251435.3,15,14,1,2,3783904.1086718594,900804.6330725121,5038024.968490556,-82175.94731051849,52.5157515953735,13.3908249611057,75.057379338547,5.17651879942621,0
2541,test,1900,131435.499999932,1149251435.5,14,14,1,2,3783904.5102523076,900804.8020890147,5038028.161296493,-82183.24843794615,52.5157509723267,13.3908094609745,75.0585173063685,5.35683026184973,0
2542,test,1900,131435.699999932,1149251435.7,14,14,1,2,3783905.08252615,900807.5338584171,5038029.615894244,-82191.7132094913,52.5157502172164,13.3907934705145,75.0596570738275,5.50573249263227,0
2543,test,1900,131435.899999932,1149251435.9,15,13,1,3,3783887.281428003,900810.8657366432,5038025.351212568,-82213.9727459675,52.5157493393165,13.3907771325365,75.060799530108,5.61269100227861,0
2544,test,1900,131436.099999932,1149251436.1,14,13,1,2,3783889.850734698,900809.0548998964,5038022.931180234,-82224.93043336671,52.5157483198199,13.3907605591715,75.0619456770099,5.6769576792313,0
2545,test,1900,131436.299999932,1149251436.3,14,13,1,2,3783891.824607282,900805.6343780884,5038022.024621981,-82235.32977437251,52.5157471530236,13.3907438749543,75.0630959264685,5.70783980898983,0
2546,test,1900,131436.499999932,1149251436.5,13,12,1,2,3783889.7151904725,900805.878294233,5038011.50292969,-82253.1430487225,52.515745685906,13.3907271660692,75.0642504711071,5.71979347572623,0
2547,test,1900,131436.699999932,1149251436.7,13,13,1,3,3783912.6232117047,900801.3994599052,5038025.668876594,-82243.65551871086,52.5157442896422,13.3907104338479,75.0654092416293,5.72902210861951,0
2548,test,1900,131436.899999932,1149251436.9,13,12,1,2,3783913.6475828597,900799.977488657,5038025.936484738,-82254.53581929558,52.5157428887393,13.3906936577927,75.0665720047501,5.75033675351773,0
2549,test,1900,131437.099999932,1149251437.1,16,14,1,2,3783923.410928942,900812.178849771,5038029.071999743,-82253.80631572775,52.5157416400828,13.3906767695784,75.0677382044234,5.79422243832387,0
2550,test,1900,131437.299999932,1149251437.3,14,14,1,2,3783925.9823656636,900811.0393276887,5038028.2170528835,-82264.04821515565,52.5157403316042,13.3906597082494,75.0689067409409,5.8626387394705,0
2551,test,1900,131437.499999932,1149251437.5,14,12,1,2,3783918.6871758085,900798.736578066,5038030.853431134,-82278.39913882491,52.5157390365191,13.3906424204165,75.0700762981448,5.95127988526846,0
2552,test,1900,131437.699999932,1149251437.7,15,13,1,2,3783917.5130326413,900796.7728936003,5038025.467730538,-82292.90316190846,52.5157378041293,13.3906248271726,75.0712450071725,6.05269543183223,0
2553,test,1900,131437.899999932,1149251437.9,13,13,1,2,3783918.6939922273,900796.3598619187,5038034.583924174,-82296.5052132683,52.5157365544102,13.3906069318649,75.072410931115,6.15920807737746,0
2554,test,1900,131438.099999932,1149251438.1,14,13,1,2,3783917.496729478,900797.5307720182,5038036.395652134,-82305.32846262772,52.5157353338712,13.390588729334,75.0735715938563,6.26544603847299,0
2555,test,1900,131438.299999932,1149251438.3,13,13,1,2,3783920.6406366047,900792.7102816956,5038052.585574856,-82304.56212294436,52.5157341546533,13.3905702199329,75.0747246188513,6.36496475979262,0
2556,test,1900,131438.499999932,1149251438.5,14,14,1,2,3783922.1455426486,900792.3473476667,5038055.050092015,-82312.6797428195,52.5157328732225,13.3905514254749,75.0758675394656,6.44769092586201,0
2557,test,1900,131438.699999932,1149251438.7,14,13,1,2,3783910.2155040763,900789.9743745514,5038047.836905802,-82333.80478562789,52.5157316200994,13.3905324195776,75.0769981724466,6.50257998981157,0
2558,test,1900,131438.899999932,1149251438.9,14,14,1,2,3783923.2448595692,900786.3701105935,5038052.536145664,-82335.94119688115,52.5157303708433,13.3905133125978,75.0781141115616,6.52182613733141,0
2559,test,1900,131439.099999932,1149251439.1,14,13,1,2,3783912.1549952882,900787.0782031587,5038047.415288718,-82354.75837438593,52.5157290361717,13.3904942267778,75.0792133275423,6.50555848035807,0
2560,test,1900,131439.299999932,1149251439.3,13,13,1,2,3783922.7651261557,900787.5748848564,5038054.05173687,-82355.0874456782,52.5157280729235,13.3904759905383,75.0802940566642,6.46599492439353,0
2561,test,1900,131439.499999932,1149251439.5,15,14,1,2,3783920.919825301,900783.9180108364,5038047.072271013,-82370.890049244,52.5157273686965,13.3904631882161,75.0813545620601,6.402982898756,0
2562,test,1900,131439.699999932,1149251439.7,13,12,1,2,3783911.0563687715,900787.303176096,5038017.662560598,-82405.05702848,52.5157261798963,13.390444519682,75.0823931915921,6.32575647183715,0
2563,test,1900,131439.899999932,1149251439.9,14,13,1,2,3783919.6036828393,900784.4621543598,5038020.545733881,-82409.6543905701,52.5157249726899,13.3904260859076,75.0834074153439,6.24090073475658,0
2564,test,1900,131440.099999932,1149251440.1,14,13,1,2,3783921.1671109577,900778.6902856397,5038046.91934763,-82404.43053700852,52.5157239225795,13.3904079065762,75.0843964185505,6.14949139237169,0
2565,test,1900,131440.299999932,1149251440.3,14,13,1,2,3783919.1100098067,900778.1268391772,5038045.80528395,-82415.42383514321,52.5157228459034,13.3903900052428,75.0853598860787,6.05039486016601,0
2566,test,1900,131440.499999932,1149251440.5,13,13,1,2,3783918.7765254914,900776.6244389409,5038042.580014526,-82428.72093591915,52.5157216786109,13.3903724107407,75.0862981238821,5.94105557522769,0
2567,test,1900,131440.699999932,1149251440.7,13,12,1,2,3783914.0574646164,900779.3384866562,5038021.591982008,-82453.52992474208,52.5157205089355,13.3903552016955,75.0872116136592,5.82101152952877,0
2568,test,1900,131440.899999932,1149251440.9,13,12,1,2,3783913.5135613084,900778.09005363,5038023.08278283,-82462.97085959605,52.5157193898044,13.3903383083797,75.0881012838161,5.69380168724819,0
2569,test,1900,131441.099999932,1149251441.1,14,13,1,2,3783916.5023777084,900776.8311988076,5038024.4935673345,-82471.08116547794,52.5157183105446,13.3903218058759,75.0889686708428,5.5634030639214,0
2570,test,1900,131441.299999932,1149251441.3,15,15,1,2,3783929.4116730206,900775.0988517322,5038058.178096791,-82454.92972491831,52.5157172897455,13.3903056876752,75.0898154850518,5.43145642950735,0
2571,test,1900,131441.499999932,1149251441.5,15,15,1,2,3783931.0786126773,900772.3854373626,5038057.429866601,-82465.50661547083,52.5157162246065,13.3902899549857,75.0906436596929,5.29865585858257,0
2572,test,1900,131441.699999932,1149251441.7,16,15,1,2,3783931.9273944194,900772.6023733016,5038054.636835546,-82477.20677252628,52.5157152530104,13.3902746057408,75.0914550991375,5.16762399337854,0
2573,test,1900,131441.899999932,1149251441.9,15,13,1,2,3783925.790662923,900766.7111330876,5038049.186379146,-82495.45656814726,52.5157143156457,13.3902596415885,75.0922515680974,5.04344610102865,0
2574,test,1900,131442.099999932,1149251442.1,16,14,1,2,3783931.2137418785,900765.3200909175,5038049.573503084,-82503.24497066872,52.5157133027482,13.390245028434,75.0930345962277,4.9316012306004,0
2575,test,1900,131442.299999932,1149251442.3,16,14,1,2,3783931.427623329,900764.3659652991,5038053.184752129,-82510.7493965745,52.515712272573,13.3902307319277,75.0938057897372,4.83520208775376,0
2576,test,1900,131442.499999932,1149251442.5,17,15,1,2,3783936.474953843,900767.5793718429,5038056.385148344,-82515.78747823485,52.5157114338718,13.390216678694,75.094566373521,4.75780179333671,0
2577,test,1900,131442.699999932,1149251442.7,16,14,1,2,3783931.9124597185,900769.8560634786,5038028.825527936,-82544.70070272709,52.515710507893,13.3902028236867,75.0953175001731,4.70868999263462,0
2578,test,1900,131442.899999932,1149251442.9,13,13,1,2,3783929.5038653887,900765.2864498361,5038026.215483281,-82560.07786533974,52.5157095780714,13.3901890407569,75.0960602355953,4.69900680447113,0
2579,test,1900,131443.099999932,1149251443.1,13,13,1,2,3783928.250763728,900765.6904418217,5038026.547612788,-82569.85629797935,52.5157086959935,13.3901752289083,75.0967952720404,4.7320325607259,0
2580,test,1900,131443.299999932,1149251443.3,15,14,1,2,3783930.443007057,900769.2576844844,5038023.068112733,-82581.04186226283,52.5157078804468,13.3901612634387,75.0975229755287,4.79956851747963,0
2581,test,1900,131443.499999932,1149251443.5,14,13,1,2,3783928.2182678464,900767.6408843013,5038022.740234109,-82593.44152542291,52.5157070478727,13.3901470567591,75.0982436237674,4.88802627782763,0
2582,test,1900,131443.699999932,1149251443.7,14,13,1,2,3783929.9348634006,900765.771101135,5038024.580693806,-82602.23759701969,52.5157062981101,13.3901325712428,75.098956929984,4.98483701874308,0
2583,test,1900,131443.899999932,1149251443.9,13,12,1,2,3783920.8048337023,900766.97220712,5038018.04929542,-82620.78874947132,52.5157054529562,13.3901177891207,75.0996622904538,5.08442437472927,0
2584,test,1900,131444.099999932,1149251444.1,15,13,1,2,3783927.1835218077,900763.8570224884,5038022.718930993,-82624.32745211016,52.5157046081136,13.3901027140053,75.1003584804297,5.18667844233278,0
2585,test,1900,131444.299999932,1149251444.3,16,14,1,2,3783936.893418242,900756.3510992712,5038052.77730202,-82613.62275413137,52.5157037504882,13.3900873369502,75.10104419773,5.29356427453458,0
2586,test,1900,131444.499999932,1149251444.5,16,14,1,2,3783936.5753017454,900755.3687584489,5038054.955269494,-82622.27945776495,52.5157027854256,13.3900716572832,75.1017178942196,5.40580983746856,0
2587,test,1900,131444.699999932,1149251444.7,15,14,1,2,3783935.7236071276,900754.988342917,5038056.650384297,-82632.02982727102,52.5157018315814,13.3900556455618,75.1023783512407,5.51962566036984,0
2588,test,1900,131444.899999933,1149251444.9,15,13,1,2,3783933.589888575,900754.3958381683,5038053.729835649,-82645.78713232715,52.5157007337404,13.3900392946152,75.1030247641457,5.62804068552121,0
2589,test,1900,131445.099999933,1149251445.1,16,15,1,2,3783940.8889199523,900757.1456938162,5038057.180780804,-82649.4216668769,52.515697642162,13.3900274071787,75.103656295859,5.73581043431142,0
2590,test,1900,131445.299999933,1149251445.3,15,14,1,2,3783934.9447930893,900750.7616599065,5038056.856489819,-82664.6931085459,52.5156965866754,13.3900104353561,75.1042724817554,5.84751484611145,0
2591,test,1900,131445.499999933,1149251445.5,15,14,1,2,3783933.603546172,900748.8758092256,5038055.066953505,-82675.78445203944,52.5156955898305,13.3899931440012,75.1048729454185,5.94782948310142,0
2592,test,1900,131445.699999933,1149251445.7,13,12,1,2,3783932.1396092074,900748.0144928675,5038054.563781381,-82687.30125864515,52.5156945641792,13.3899755668979,75.1054573225222,6.04065796362911,0
2593,test,1900,131445.899999933,1149251445.9,15,14,1,2,3783935.045694625,900746.4488005671,5038056.579272142,-82695.52289397403,52.515693499883,13.3899577256427,75.1060253967665,6.12571353035851,0
2594,test,1900,131446.099999933,1149251446.1,15,14,1,2,3783935.898590219,900743.9400932741,5038059.221838273,-82703.59477115993,52.5156924953012,13.3899396399339,75.1065762348561,6.19858604735971,0
2595,test,1900,131446.299999933,1149251446.3,13,13,1,2,3783935.717870472,900742.8142952748,5038056.638763391,-82716.56464098368,52.515691611855,13.389921338979,75.1071093842654,6.2537316935923,0
2596,test,1900,131446.499999933,1149251446.5,14,14,1,2,3783936.3624211526,900742.0743612809,5038056.532345871,-82725.27406947996,52.5156909244369,13.3899028940128,75.107623469351,6.28697303566319,0
2597,test,1900,131446.699999933,1149251446.7,14,14,1,2,3783936.2184593985,900739.0561395918,5038056.706605094,-82736.16177897107,52.5156903403144,13.3898843661912,75.1081171130286,6.29553192045012,0
2598,test,1900,131446.899999933,1149251446.9,15,14,1,2,3783936.818668609,900738.4107735078,5038056.223450746,-82746.30363169961,52.5156898314219,13.3898658592355,75.108588583877,6.27723578560514,0
2599,test,1900,131447.099999933,1149251447.1,15,14,1,2,3783937.135091132,900737.1588405004,5038058.04509857,-82755.97632245607,52.51568924769,13.3898474452968,75.1090357067275,6.23075275326087,0
2600,test,1900,131447.299999933,1149251447.3,14,13,1,2,3783938.842874919,900737.0710465964,5038056.615910593,-82766.32341934965,52.5156885894634,13.3898292053944,75.1094562566431,6.1588867296644,0
2601,test,1900,131447.499999933,1149251447.5,15,14,1,2,3783940.6125059896,900735.8557751569,5038057.456855784,-82776.253957375,52.5156878454847,13.3898112069958,75.109847756719,6.06943015376583,0
2602,test,1900,131447.699999933,1149251447.7,15,14,1,2,3783939.5823434377,900736.9327923792,5038054.785031981,-82787.93387537103,52.5156872178083,13.3897935003719,75.1102078919744,5.97306709611138,0
2603,test,1900,131447.899999933,1149251447.9,14,13,1,2,3783941.7480445956,900737.189090676,5038056.665166041,-82796.92200451274,52.5156866490837,13.3897760612788,75.1105337161461,5.88371809920337,0
2604,test,1900,131448.099999933,1149251448.1,16,14,1,2,3783940.2966596666,900735.2610443616,5038055.605592329,-82809.07222233889,52.5156860432692,13.3897588572098,75.1108227139665,5.81793253454984,0
2605,test,1900,131448.299999933,1149251448.3,16,14,1,2,3783942.5262807193,900733.0238881955,5038053.3936116155,-82819.77097585658,52.5156854035535,13.3897417859505,75.1110721799507,5.79080126110428,0
2606,test,1900,131448.499999933,1149251448.5,16,14,1,2,3783943.3638570285,900732.4194702479,5038050.1029558005,-82831.3299938284,52.5156847534168,13.3897247404469,75.1112791772742,5.81092439054029,0
2607,test,1900,131448.699999933,1149251448.7,15,14,1,2,3783944.1293060197,900731.4931229951,5038052.256373667,-82839.85624740172,52.5156840507952,13.3897075584536,75.1114412334564,5.87592345302814,0
2608,test,1900,131448.899999933,1149251448.9,15,14,1,2,3783944.892434445,900732.0321148378,5038052.45673739,-82850.35990730321,52.5156834410529,13.3896901319604,75.1115555107929,5.97287203535132,0
2609,test,1900,131449.099999933,1149251449.1,17,14,1,2,3783945.971052984,900730.6774659223,5038051.782056553,-82860.22332261101,52.5156826338201,13.3896724226585,75.1116193787976,6.08145273093944,0
2610,test,1900,131449.299999933,1149251449.3,16,14,1,2,3783945.278833519,900729.757526669,5038050.800239243,-82871.58872003263,52.5156817851648,13.3896543972104,75.1116299375928,6.18014679901096,0
2611,test,1900,131449.499999933,1149251449.5,15,14,1,2,3783947.9494032175,900728.5390230834,5038051.637998481,-82880.101661541,52.5156810678264,13.3896361131713,75.1115841844335,6.25076750686145,0
2612,test,1900,131449.699999933,1149251449.7,16,14,1,2,3783949.7479511863,900728.5075094433,5038048.981165321,-82891.12542032826,52.5156802474573,13.3896176833339,75.1114793893876,6.28121456698242,0
2613,test,1900,131449.899999933,1149251449.9,13,13,1,2,3783954.959316203,900727.412955253,5038049.802972756,-82899.91665843649,52.5156793985499,13.3895992346313,75.1113126154455,6.2659068505523,0
2614,test,1900,131450.099999933,1149251450.1,14,13,1,2,3783955.9081960414,900726.6063950154,5038050.118348591,-82910.5161269536,52.5156784511919,13.3895809136948,75.1110809578948,6.2071128610441,0
2615,test,1900,131450.299999933,1149251450.3,14,13,1,2,3783956.6725068046,900725.5352013614,5038049.25803419,-82921.35845520729,52.5156775573946,13.3895628311646,75.1107815025296,6.11398976773629,0
2616,test,1900,131450.499999933,1149251450.5,13,13,1,2,3783957.1760448767,900724.7577769315,5038047.723346463,-82932.9287306308,52.5156764810191,13.3895450768894,75.1104112410571,5.99585499477402,0
2617,test,1900,131450.699999933,1149251450.7,14,13,1,2,3783955.413983556,900723.6938254578,5038047.299869846,-82944.63726160831,52.5156754599448,13.3895276871739,75.1099671623451,5.86295370242788,0
2618,test,1900,131450.899999933,1149251450.9,14,13,1,2,3783956.0139523987,900721.4684757598,5038048.371143653,-82953.03950345737,52.51567448741,13.3895106992002,75.1094468064928,5.72502582620358,0
2619,test,1900,131451.099999933,1149251451.1,14,14,1,2,3783953.997913929,900720.9458375316,5038047.812178067,-82965.87235770018,52.5156734914508,13.3894941152409,75.108847442984,5.59086320821645,0
2620,test,1900,131451.299999933,1149251451.3,13,13,1,2,3783946.1500745276,900726.9209418504,5038013.108446615,-82999.254666146,52.515672613808,13.3894778907013,75.1081663149512,5.46707672439904,0
2621,test,1900,131451.499999933,1149251451.5,15,14,1,2,3783955.378896367,900719.5276000933,5038049.10780678,-82985.28081118794,52.5156717752543,13.3894620185293,75.1074011970573,5.35685536797557,0
2622,test,1900,131451.699999933,1149251451.7,15,13,1,2,3783951.875725146,900724.2942553271,5038014.448024503,-83018.08857199007,52.5156709172795,13.3894464404355,75.1065496255336,5.25841296489175,0
2623,test,1900,131451.899999933,1149251451.9,13,13,1,2,3783952.2719818954,900722.816813664,5038016.061022726,-83027.54514770216,52.5156700886459,13.3894311462502,75.1056092096682,5.16728450620599,0
2624,test,1900,131452.099999933,1149251452.1,14,13,1,2,3783951.6523507163,900722.0167983002,5038014.7738528345,-83038.8374617746,52.5156693424033,13.3894161020415,75.1045777803297,5.07847174063098,0
2625,test,1900,131452.299999933,1149251452.3,15,13,1,2,3783950.8334069303,900721.9426124487,5038013.274069691,-83050.34318104379,52.5156686517444,13.389401316163,75.1034528464224,4.98617962818419,0
2626,test,1900,131452.499999933,1149251452.5,14,13,1,2,3783951.26710444,900721.0798153273,5038012.6892357655,-83060.47401648933,52.5156681580189,13.389386791785,75.1022322551488,4.88423474420017,0
2627,test,1900,131452.699999933,1149251452.7,14,13,1,2,3783953.0789229134,900720.4732377864,5038011.694567341,-83071.3600051057,52.515667608241,13.3893726006496,75.1009140036821,4.76791754219688,0
2628,test,1900,131452.899999933,1149251452.9,14,13,1,2,3783953.277186062,900718.7335763671,5038012.036908691,-83081.8423690447,52.5156671328077,13.3893587632077,75.0994955677736,4.63671356209639,0
2629,test,1900,131453.099999933,1149251453.1,14,13,1,2,3783953.8456396786,900717.3995341907,5038012.664299137,-83091.51826337882,52.5156666437577,13.3893453122688,75.0979748234567,4.49434142208763,0
2630,test,1900,131453.399999933,1149251453.4,15,13,1,2,3783954.966733843,900713.7259618549,5038017.166058983,-83104.37670221964,52.5156662068887,13.3893259436331,75.0954964274574,4.26924092258974,0
2631,test,1900,131453.599999933,1149251453.6,15,13,1,2,3783955.9844336472,900712.0236736974,5038018.353952326,-83114.39014622725,52.515666097102,13.389313587615,75.0937091264826,4.11449267659648,0
2632,test,1900,131453.799999933,1149251453.8,15,13,1,2,3783953.710531483,900711.2585582174,5038018.381848932,-83125.37253593336,52.5156660042067,13.389301687121,75.0918106635796,3.95847058315552,0
2633,test,1900,131453.999999933,1149251454.0,15,13,1,2,3783954.8846301767,900711.6049439489,5038017.036872212,-83135.95715531387,52.5156660979069,13.3892902358463,75.0897981970874,3.8051116771697,0
2634,test,1900,131454.199999933,1149251454.2,15,13,1,2,3783955.708097947,900709.8291241504,5038018.555407899,-83145.37213801731,52.5156661512,13.3892792381189,75.087668991167,3.65962930338294,0
2635,test,1900,131454.499999933,1149251454.5,15,13,1,2,3783956.428133078,900708.8509837328,5038018.12860432,-83160.85732189551,52.5156662629585,13.3892634922634,75.084250010283,3.46584230892623,0
2636,test,1900,131454.699999933,1149251454.7,15,13,1,2,3783955.4269280056,900709.5461674188,5038016.798869044,-83171.59982694678,52.5156663858179,13.3892534252898,75.0818163378635,3.36041148273484,0
2637,test,1900,131454.899999933,1149251454.9,14,13,1,2,3783957.448132855,900709.9172987667,5038015.995120753,-83181.34988321699,52.515666388884,13.3892436479316,75.079255943647,3.27523482236258,0
2638,test,1900,131455.099999933,1149251455.1,15,14,1,2,3783958.6842754553,900708.0210131954,5038023.740017465,-83186.56776222416,52.5156664095933,13.3892340991887,75.0765664035877,3.20512794170569,0
2639,test,1900,131455.299999933,1149251455.3,14,13,1,2,3783958.6262939065,900710.7402109151,5038013.623503127,-83202.47100520413,52.515666594489,13.3892247330643,75.0737454117893,3.13979080081737,0
2640,test,1900,131455.499999933,1149251455.5,14,13,1,2,3783958.644258092,900709.4797234236,5038014.390157094,-83213.01165709732,52.5156666445667,13.3892155631867,75.0707908389041,3.0695420055125,0
2641,test,1900,131455.699999933,1149251455.7,14,13,1,2,3783958.8427328584,900709.4139898771,5038013.298155533,-83223.7289335454,52.515666670137,13.389206623452,75.0677006764134,2.9877463118515,0
2642,test,1900,131455.899999933,1149251455.9,15,14,1,2,3783961.5215472253,900706.1281522168,5038030.4935316555,-83223.08262492242,52.515666574498,13.3891979541011,75.0644733661563,2.89082706083844,0
2643,test,1900,131456.099999933,1149251456.1,14,13,1,2,3783952.7805992593,900708.3835928494,5038009.215660363,-83250.12852182168,52.515666463305,13.389189586608,75.0611074862299,2.77884379550577,0
2644,test,1900,131456.299999933,1149251456.3,13,13,1,2,3783945.3457444,900706.670208326,5038006.162196677,-83266.19458265798,52.515666393096,13.3891815737744,75.0576019780741,2.6561239837596,0
2645,test,1900,131456.499999933,1149251456.5,13,13,1,2,3783944.3466365966,900705.2485627003,5038006.157149088,-83277.01433525603,52.515666272012,13.3891739264316,75.053955797215,2.53297500515632,0
2646,test,1900,131456.699999933,1149251456.7,13,13,1,2,3783945.118025762,900702.4000023792,5038009.046295711,-83285.51246071534,52.515666191222,13.389166619545,75.0501682766006,2.42419449328575,0
2647,test,1900,131456.899999933,1149251456.9,14,13,1,2,3783942.8469658024,900701.8238872319,5038007.089744479,-83297.87319110394,52.5156661594466,13.389159587388,75.0462387901694,2.34327462343642,0
2648,test,1900,131457.099999933,1149251457.1,14,13,1,2,3783939.980883051,900701.5531101689,5038005.718664738,-83310.38333909138,52.5156660435966,13.3891527673647,75.0421669612567,2.29621715539287,0
2649,test,1900,131457.299999933,1149251457.3,14,13,1,2,3783938.6588178473,900700.9189854767,5038004.605829295,-83322.41689628238,52.5156659725534,13.3891460319385,75.0379530014426,2.28333430832631,0
2650,test,1900,131457.499999933,1149251457.5,15,14,1,2,3783939.7099137544,900699.346227448,5038011.655993417,-83327.65677178522,52.515665859252,13.3891392801567,75.0335973146566,2.30181536437622,0
2651,test,1900,131457.699999933,1149251457.7,15,14,1,2,3783940.5461861836,900696.6572248738,5038014.75822139,-83336.0986999968,52.5156658564843,13.3891324375192,75.0291009146812,2.35106777068784,0
2652,test,1900,131457.899999933,1149251457.9,14,13,1,2,3783940.1126679545,900698.0638912113,5038008.380877265,-83349.92702270127,52.5156656859991,13.3891253932047,75.0244649240452,2.43681192229748,0
2653,test,1900,131458.099999933,1149251458.1,14,13,1,2,3783938.3046887587,900695.3325863319,5038009.82105856,-83360.99118534406,52.5156655726569,13.3891180414529,75.019691087143,2.57055831382412,0
2654,test,1900,131458.299999933,1149251458.3,14,13,1,2,3783938.965074924,900693.9503517465,5038011.587574067,-83370.01464430681,52.5156654160574,13.3891102055822,75.0147876746491,2.75971301148311,0
2655,test,1900,131458.499999933,1149251458.5,15,14,1,2,3783939.2843905627,900692.7371665617,5038020.342072529,-83374.80925608515,52.5156652393372,13.3891017378882,75.0097621624039,3.00337550918606,0
2656,test,1900,131458.699999933,1149251458.7,15,14,1,2,3783939.1170036416,900691.7218322303,5038020.42690655,-83385.23491227425,52.515664889915,13.3890924881815,75.0046181196766,3.2962945115427,0
2657,test,1900,131458.899999933,1149251458.9,13,12,1,2,3783925.161856276,900697.7028392622,5037999.201260544,-83414.69513202629,52.5156645600542,13.3890823018822,74.9993587300652,3.62833757443434,0
2658,test,1900,131459.099999933,1149251459.1,14,13,1,2,3783937.7467038687,900693.5451626737,5038007.998962918,-83413.73684992797,52.5156641945379,13.3890710911302,74.9939882530882,3.98589278038289,0
2659,test,1900,131459.299999933,1149251459.3,14,13,1,2,3783937.0272028344,900690.9071400716,5038011.445937787,-83422.61507456166,52.5156637983068,13.3890588168008,74.9885118432378,4.35268911409332,0
2660,test,1900,131459.499999933,1149251459.5,13,12,1,2,3783935.8430597708,900695.7271665769,5037995.8385907635,-83444.83309538977,52.5156632991378,13.3890454799142,74.9829345412298,4.71239674502234,0
2661,test,1900,131459.699999933,1149251459.7,14,13,1,2,3783937.2289278624,900688.3574406428,5038012.149847097,-83443.01513563325,52.5156627888918,13.3890311233963,74.9772626256276,5.05156874998091,0
2662,test,1900,131459.899999933,1149251459.9,13,12,1,2,3783934.990536857,900693.7399897239,5037995.055044975,-83466.59129717296,52.5156621598511,13.389015810832,74.9715023962864,5.3621173243141,0
2663,test,1900,131460.099999933,1149251460.1,14,13,1,2,3783935.2458974374,900682.3344824465,5038017.1742949905,-83462.71714634667,52.515661454589,13.3889996437494,74.9656611294577,5.63968945136444,0
2664,test,1900,131460.299999933,1149251460.3,14,13,1,2,3783935.554516617,900680.9724532334,5038016.858006779,-83473.44437567997,52.5156605404781,13.3889827259825,74.9597467195578,5.88040068778362,0
2665,test,1900,131460.499999933,1149251460.5,14,13,1,2,3783937.3280686582,900681.2449884495,5038016.03513862,-83482.92689865787,52.5156593954315,13.3889651790434,74.9537673419784,6.08168794956269,0
2666,test,1900,131460.699999933,1149251460.7,13,12,1,2,3783938.5760311806,900688.9177232026,5037996.264392506,-83505.84050604382,52.5156583399503,13.3889471188055,74.9477317343382,6.24181489390507,0
2667,test,1900,131460.899999933,1149251460.9,14,12,1,2,3783929.060692811,900681.8204580938,5038009.081484135,-83511.80831102785,52.5156568972791,13.3889287069856,74.9416486444232,6.36223072461168,0
2668,test,1900,131461.099999933,1149251461.1,15,14,1,3,3783948.654659627,900689.949131012,5038012.28066214,-83507.74766199781,52.5156552715216,13.3889100242017,74.9355273910226,6.44823414981002,0
2669,test,1900,131461.299999933,1149251461.3,15,14,1,2,3783949.2861455916,900689.1567526488,5038011.119274832,-83518.73991805388,52.5156534453861,13.3888911881161,74.9293769172758,6.50588675743411,0
2670,test,1900,131461.499999933,1149251461.5,16,14,1,2,3783948.6079671294,900686.9947185233,5038011.571364108,-83529.59612774788,52.5156514915835,13.3888722518234,74.9232061499338,6.54224020881323,0
2671,test,1900,131461.699999933,1149251461.7,16,14,1,2,3783948.3056883467,900685.9385650089,5038009.460015358,-83541.23562847616,52.5156494306802,13.3888532766917,74.9170232176939,6.56447682839913,0
2672,test,1900,131461.899999933,1149251461.9,14,13,1,2,3783941.763988159,900687.2602640423,5038001.348426223,-83560.22712100473,52.515647173803,13.3888342915219,74.9108358073003,6.58006517845598,0
2673,test,1900,131462.099999933,1149251462.1,15,14,1,2,3783948.8920005206,900682.2210514218,5038007.5846508285,-83564.12066148015,52.5156448299912,13.3888152830429,74.9046510943699,6.59766066470409,0
2674,test,1900,131462.299999933,1149251462.3,15,14,1,2,3783947.6242983523,900680.0072951736,5038007.3064336525,-83575.83303737018,52.5156423758018,13.3887962241047,74.8984754695342,6.62614096459957,0
2675,test,1900,131462.499999933,1149251462.5,13,11,1,2,3783958.3617971283,900680.8717986208,5038009.993694793,-83579.91174844366,52.515640031931,13.3887770541486,74.892314480921,6.67404649630295,0
2676,test,1900,131462.699999933,1149251462.7,13,11,1,2,3783959.6143738986,900680.0219416157,5038009.72702378,-83589.86480343645,52.5156376640916,13.3887576877358,74.8861735739165,6.74644137870256,0
2677,test,1900,131462.899999933,1149251462.9,15,12,1,2,3783959.6374538983,900679.0336673807,5038009.307534948,-83600.64328609833,52.5156353521883,13.3887380487895,74.8800570379263,6.84338435626065,0
2678,test,1900,131463.099999934,1149251463.1,15,12,1,2,3783960.974508776,900678.658269434,5038008.661245394,-83610.6582986601,52.5156330916998,13.3887180607799,74.8739692820325,6.95867482283966,0
2679,test,1900,131463.299999934,1149251463.3,13,11,1,2,3783961.2155459784,900678.3583683462,5038006.587193526,-83622.15786801884,52.5156310511263,13.3886976794221,74.8679140076746,7.07922715236762,0
2680,test,1900,131463.499999934,1149251463.5,15,12,1,2,3783964.297535658,900677.1824685201,5038006.395511587,-83631.12299443025,52.5156290276882,13.3886769302674,74.8618945602695,7.18750683818525,0
2681,test,1900,131463.699999934,1149251463.7,14,12,1,2,3783964.991037151,900675.9656743642,5038006.47768188,-83641.04660714213,52.51562708371,13.3886558644229,74.8559142689333,7.26905872965213,0
2682,test,1900,131463.899999934,1149251463.9,14,12,1,2,3783966.6280665244,900674.0762160865,5038008.212138039,-83649.88979607387,52.5156252425614,13.3886345712754,74.8499762776945,7.31915733038133,0
2683,test,1900,131464.099999934,1149251464.1,13,11,1,3,3783946.712449013,900667.6445695934,5038000.1254602065,-83676.594165146,52.5156234331249,13.3886131631992,74.8440835906538,7.3421452883691,0
2684,test,1900,131464.299999934,1149251464.3,14,12,1,3,3783965.6795574445,900671.1093671921,5038007.464778558,-83671.56921296538,52.5156216697585,13.3885916989257,74.8382388949285,7.34843536587869,0
2685,test,1900,131464.499999934,1149251464.5,11,10,1,3,3783943.0517430995,900670.2368700685,5037985.707383864,-83709.20952894288,52.5156199489659,13.3885702086583,74.8324444888648,7.35008257365251,0
2686,test,1900,131464.699999934,1149251464.7,12,11,1,2,3783943.021249093,900662.3075419597,5037999.291630307,-83710.4474979204,52.5156183588483,13.3885487025715,74.8267029324202,7.35587763760741,0
2687,test,1900,131464.899999934,1149251464.9,13,12,1,2,3783953.6870399727,900659.9462167015,5038005.939204982,-83711.24166495216,52.5156167097627,13.3885271525322,74.8210161928348,7.36744022194597,0
2688,test,1900,131465.099999934,1149251465.1,13,11,1,2,3783945.4335436393,900658.857341327,5038001.395705394,-83728.99316620271,52.5156153308093,13.3885055570879,74.815386450435,7.3796767067834,0
2689,test,1900,131465.299999934,1149251465.3,12,11,1,2,3783943.918054116,900657.8666524577,5037999.345989142,-83741.40941497909,52.5156139148663,13.3884839145857,74.8098158130813,7.38495759823397,0
2690,test,1900,131465.499999934,1149251465.5,13,11,1,2,3783943.2868293934,900655.1324451403,5038000.127054374,-83751.28536715968,52.5156125653118,13.3884622680508,74.8043062073986,7.3775593660629,0
2691,test,1900,131465.699999934,1149251465.7,14,12,1,2,3783954.9248852218,900653.0600036952,5038006.431957956,-83752.07826145619,52.5156112556493,13.3884406553546,74.7988595452626,7.35416250863782,0
2692,test,1900,131465.899999934,1149251465.9,13,11,1,2,3783949.209701154,900653.5056387278,5038001.456883147,-83768.21940640143,52.5156100170474,13.3884191240436,74.7934778839864,7.31517497646698,0
2693,test,1900,131466.099999934,1149251466.1,13,12,1,2,3783955.859676973,900651.2057985754,5038005.792767179,-83772.77772588535,52.5156088391153,13.3883977247351,74.7881629409867,7.26458289433049,0
2694,test,1900,131466.299999934,1149251466.3,13,12,1,2,3783954.9512003874,900648.7629493781,5038007.46364202,-83782.78388532798,52.5156076858104,13.3883764746898,74.7829167805767,7.20774264103209,0
2695,test,1900,131466.499999934,1149251466.5,13,12,1,2,3783953.4782825904,900648.2130008489,5038005.691325363,-83794.86154132956,52.5156066190254,13.3883553848308,74.7777412819428,7.14938406431479,0
2696,test,1900,131466.699999934,1149251466.7,13,12,1,2,3783953.9067555107,900646.9916533021,5038004.783296618,-83806.07526060725,52.5156054205484,13.3883344841945,74.7726387549838,7.09246903084565,0
2697,test,1900,131466.899999934,1149251466.9,12,12,1,2,3783955.360961254,900647.3645351288,5038003.797906368,-83815.67023725485,52.515604227935,13.3883137322532,74.7676113560909,7.03848090934113,0
2698,test,1900,131467.099999934,1149251467.1,13,13,1,2,3783958.2032728456,900646.1669711529,5038003.273288736,-83825.5515901578,52.5156030797583,13.3882931393823,74.7626613076425,6.98895201667533,0
2699,test,1900,131467.299999934,1149251467.3,12,12,1,2,3783958.717210309,900645.3063775599,5038002.622940329,-83836.30149768139,52.5156045285159,13.3882810899244,74.7577909281499,6.92844492624765,0
2700,test,1900,131467.499999934,1149251467.5,13,12,1,2,3783955.11016638,900642.7686222842,5038001.465498429,-83849.5889888135,52.5156034532329,13.3882608471476,74.753002998575,6.86356595096349,0
2701,test,1900,131467.699999934,1149251467.7,14,12,1,2,3783956.321405651,900641.1693561912,5038001.697761536,-83859.9180292499,52.515602216828,13.388240779269,74.7483002116924,6.80657476224214,0
2702,test,1900,131467.899999934,1149251467.9,14,12,1,2,3783957.2333324784,900639.5973635094,5038001.875287955,-83869.9566678725,52.5156011582422,13.3882208716405,74.7436896453996,6.75859424631103,0
2703,test,1900,131468.099999934,1149251468.1,14,12,1,2,3783957.634062537,900638.8513802707,5038001.897078241,-83879.9137557749,52.5156001021723,13.3882010892073,74.7391758526923,6.72021876385055,0
2704,test,1900,131468.299999934,1149251468.3,14,12,1,2,3783961.244985494,900637.3631223195,5038003.438139616,-83887.64649103583,52.5155989521584,13.3881814098976,74.7347616825653,6.69140963313177,0
2705,test,1900,131468.499999934,1149251468.5,14,12,1,2,3783960.7537046256,900635.9908525648,5038003.159066209,-83898.65518680675,52.5155977627982,13.388161809879,74.7304501873283,6.67175083114672,0
2706,test,1900,131468.699999934,1149251468.7,13,11,1,2,3783962.6888244357,900639.1557767071,5037993.861775709,-83914.31725761307,52.5155965994571,13.3881422515636,74.7262444115726,6.65987759750966,0
2707,test,1900,131468.899999934,1149251468.9,13,11,1,2,3783961.6925066356,900638.8327813365,5037992.603950079,-83925.56045400175,52.5155953652637,13.3881227363352,74.7221474908462,6.651935889712,0
2708,test,1900,131469.099999934,1149251469.1,13,12,1,2,3783976.1120257615,900637.8841243467,5038007.0117995795,-83918.28279207526,52.5155942429489,13.3881032372367,74.7181623983794,6.64308472092131,0
2709,test,1900,131469.299999934,1149251469.3,14,14,1,2,3783970.177695021,900636.0299997311,5038003.8995214375,-83933.62916275446,52.5155931455962,13.3880837686492,74.7142922220298,6.63006329150254,0
2710,test,1900,131469.499999934,1149251469.5,13,13,1,2,3783968.456245689,900639.3801454955,5037990.850516376,-83954.0689545069,52.5155919136078,13.3880643524043,74.7105398128677,6.61150024332178,0
2711,test,1900,131469.699999934,1149251469.7,13,13,1,2,3783969.306262921,900631.9157634701,5038006.131814168,-83953.68087766226,52.5155908085926,13.3880449833425,74.7069078002665,6.58878681330994,0
2712,test,1900,131469.899999934,1149251469.9,14,13,1,2,3783969.867801315,900630.3527929178,5038005.964143275,-83964.28772482842,52.5155896731987,13.3880256809831,74.7033988639881,6.5690586186214,0
2713,test,1900,131470.099999934,1149251470.1,15,14,1,2,3783972.6156999907,900628.158076738,5038008.032373066,-83972.02625376957,52.515588489603,13.3880064210415,74.7000149363371,6.56045376231693,0
2714,test,1900,131470.299999934,1149251470.3,15,14,1,2,3783973.0779182296,900627.0488056686,5038008.138751241,-83981.95314094657,52.515587335308,13.3879871572301,74.6967578309415,6.5676386199955,0
2715,test,1900,131470.499999934,1149251470.5,13,13,1,2,3783971.3516839016,900625.8378916556,5038006.798562346,-83994.38127099836,52.5155862139789,13.3879678680525,74.6936293739407,6.59100350223129,0
2716,test,1900,131470.699999934,1149251470.7,13,13,1,2,3783972.154749743,900625.0439859929,5038005.577663119,-84005.65357157003,52.5155851391207,13.3879484728636,74.6906306984055,6.62675809754211,0
2717,test,1900,131470.899999934,1149251470.9,15,14,1,2,3783976.121046925,900622.7151511537,5038006.783976248,-84013.74387733979,52.515584027002,13.387928964629,74.6877629572705,6.66926667594946,0
2718,test,1900,131471.099999934,1149251471.1,13,12,1,2,3783977.611066728,900623.7965379563,5037998.807843077,-84029.96380554029,52.5155828989278,13.3879093339739,74.6850268626279,6.71370852755838,0
2719,test,1900,131471.299999934,1149251471.3,12,12,1,2,3783971.9802048206,900619.8697177125,5038004.776349717,-84038.80394127037,52.5155816343358,13.3878895881478,74.6824224515225,6.75709929312083,0
2720,test,1900,131471.499999934,1149251471.5,13,12,1,2,3783972.1791560813,900616.9820122402,5038007.460040045,-84047.87518676746,52.5155803288208,13.3878697187157,74.6799499010675,6.79867506015104,0
2721,test,1900,131471.699999934,1149251471.7,13,12,1,2,3783972.778514585,900613.4724184354,5038009.859225379,-84057.68377999336,52.5155790379342,13.3878497238137,74.6776088870873,6.83980747011463,0
2722,test,1900,131471.899999934,1149251471.9,13,12,1,2,3783973.861559432,900614.0810332614,5038007.6257430175,-84068.29836153127,52.5155777883599,13.3878296084219,74.6753991061257,6.88248403515666,0
2723,test,1900,131472.099999934,1149251472.1,12,12,1,2,3783973.7314551715,900612.262677759,5038008.489805203,-84078.35757447478,52.5155765143168,13.3878093688517,74.6733196189438,6.92790694554364,0
2724,test,1900,131472.299999934,1149251472.3,13,13,1,2,3783974.46823195,900610.2238931744,5038009.796443718,-84087.83779324131,52.515575203177,13.3877890400926,74.6713695069802,6.97597129042131,0
2725,test,1900,131472.499999934,1149251472.5,15,14,1,2,3783980.012502759,900609.5080851571,5038011.80877579,-84093.52748815513,52.5155737803323,13.3877685264124,74.6695477567105,7.02397598106696,0
2726,test,1900,131472.699999934,1149251472.7,15,14,1,2,3783981.4218248213,900608.7737097075,5038010.8129044,-84103.58171819977,52.5155724446238,13.3877478896055,74.6678528450356,7.0685241196916,0
2727,test,1900,131472.899999934,1149251472.9,14,14,1,2,3783981.2563771484,900607.5301046903,5038009.793891893,-84114.48979018425,52.5155710403136,13.3877271769704,74.6662835552223,7.10117844229174,0
2728,test,1900,131473.099999934,1149251473.1,15,14,1,2,3783983.9873177735,900605.3015902855,5038011.89509938,-84122.37345384886,52.5155732629781,13.3877113890413,74.6648384952461,7.10182199698743,0
2729,test,1900,131473.299999934,1149251473.3,15,14,1,2,3783982.5953772245,900604.5565396191,5038010.105602062,-84134.65118488569,52.5155719942711,13.387690928534,74.6635162650377,7.07820857107406,0
2730,test,1900,131473.499999934,1149251473.5,13,13,1,2,3783976.7106754244,900605.3489712359,5038004.884575395,-84151.24324193544,52.5155706364478,13.3876702256081,74.6623156199036,7.0449542291533,0
2731,test,1900,131473.699999934,1149251473.7,14,13,1,2,3783974.4161366653,900603.9980152729,5038003.432870359,-84163.63953973776,52.5155693454945,13.3876496676731,74.6612348687786,7.00561787122373,0
2732,test,1900,131473.899999934,1149251473.9,14,13,1,2,3783970.842798579,900602.304431152,5038001.838645464,-84176.93223047264,52.5155680707412,13.3876291732362,74.6602727403819,6.98287380560245,0
2733,test,1900,131474.099999934,1149251474.1,15,14,1,2,3783975.1900942377,900598.7559348765,5038004.924883375,-84183.7949263102,52.5155667924284,13.3876087023723,74.6594276042677,6.98762348999638,0
2734,test,1900,131474.299999934,1149251474.3,13,13,1,2,3783966.7738315845,900600.2748656652,5037997.844128873,-84202.27625746134,52.5155654696358,13.3875881808525,74.6586982005419,7.01804677908244,0
2735,test,1900,131474.499999934,1149251474.5,14,13,1,2,3783965.958026655,900598.7202533414,5037997.292087797,-84213.61966982018,52.5155641057047,13.3875675509634,74.6580833000956,7.0651759201318,0
2736,test,1900,131474.699999934,1149251474.7,14,13,1,2,3783975.17671159,900594.5143248189,5038005.18523965,-84214.52257213164,52.5155628138602,13.3875467549111,74.6575819798601,7.11785470081254,0
2737,test,1900,131474.899999934,1149251474.9,14,13,1,2,3783978.386400199,900593.290320605,5038005.247412327,-84223.29432605203,52.5155615243526,13.3875258331467,74.6571932493668,7.16751992972342,0
2738,test,1900,131475.099999934,1149251475.1,12,12,1,2,3783970.5906819245,900594.6230262339,5037999.087517123,-84241.2721354672,52.5155602107319,13.3875047739489,74.6569162964361,7.20800299518259,0
2739,test,1900,131475.299999934,1149251475.3,13,12,1,2,3783970.830518363,900593.2562929033,5037999.241297042,-84251.5116968874,52.5155587612228,13.387483621494,74.6567496806001,7.23487260351895,0
2740,test,1900,131475.499999934,1149251475.5,13,12,1,2,3783971.659587151,900591.098030274,5038000.679490483,-84260.8491063112,52.5155573633634,13.3874624070877,74.656692380936,7.2473351410379,0
2741,test,1900,131475.699999934,1149251475.7,14,13,1,2,3783982.200160047,900588.1145657654,5038006.791079519,-84262.35851547819,52.5155560496586,13.3874411823113,74.6567428593206,7.2456445376911,0
2742,test,1900,131475.899999934,1149251475.9,13,12,1,2,3783975.6335683116,900588.9388888486,5038001.511561326,-84279.35239851885,52.5155545790083,13.387420005429,74.6568995873551,7.22771571963407,0
2743,test,1900,131476.099999934,1149251476.1,14,13,1,2,3783987.113817761,900585.3399074273,5038008.515439394,-84279.83976153377,52.5155531265358,13.3873989177214,74.6571605141986,7.18970164286155,0
2744,test,1900,131476.299999934,1149251476.3,14,13,1,2,3783976.661752104,900586.5803823636,5038000.124818616,-84300.75551677623,52.5155515888091,13.38737797835,74.657522672545,7.13089330970038,0
2745,test,1900,131476.499999934,1149251476.5,15,14,1,2,3783979.7529303497,900584.6384364273,5038001.280166864,-84309.07685196417,52.5155499991246,13.3873572254365,74.657978760795,7.05622942390563,0
2746,test,1900,131476.699999934,1149251476.7,15,14,1,2,3783980.5332710394,900583.2612301904,5038000.802934676,-84319.5380226182,52.5155484259369,13.3873367094221,74.6585163267875,6.9761116530988,0
2747,test,1900,131476.899999934,1149251476.9,14,13,1,2,3783975.629103481,900583.6313519531,5037996.37759112,-84335.1842494221,52.5155469092978,13.3873164254402,74.659120516987,6.90072301929357,0
2748,test,1900,131477.099999934,1149251477.1,15,14,1,2,3783982.7439973364,900579.6528035533,5038002.862813841,-84337.95200532397,52.5155454144537,13.3872963380333,74.6597778049732,6.83889169036448,0
2749,test,1900,131477.299999934,1149251477.3,14,13,1,2,3783977.3131526113,900581.6119292383,5037996.321812067,-84354.96352899386,52.5155438968052,13.3872764034287,74.660474123146,6.79479402441646,0
2750,test,1900,131477.499999934,1149251477.5,15,14,1,2,3783986.753877835,900577.4204825396,5038003.168489876,-84356.7954439946,52.5155423699288,13.3872565693728,74.6611943001099,6.76576829765389,0
2751,test,1900,131477.699999934,1149251477.7,14,14,1,2,3783988.8468837054,900575.70157229,5038005.435313634,-84364.4676270557,52.5155409548494,13.3872368115418,74.6619244286642,6.74420858050447,0
2752,test,1900,131477.899999934,1149251477.9,13,13,1,2,3783979.87031154,900578.6796216097,5037996.83862894,-84384.15006126472,52.5155395987782,13.3872171099377,74.6626508424377,6.72048224708804,0
2753,test,1900,131478.099999934,1149251478.1,14,13,1,2,3783980.725724142,900577.3231539016,5037996.938030609,-84394.04269774446,52.5155381513189,13.3871974796491,74.6633581175939,6.68563682816108,0
2754,test,1900,131478.299999934,1149251478.3,15,14,1,2,3783990.9627287393,900573.3469285413,5038003.219929194,-84396.06059081615,52.5155368889481,13.3871779743588,74.6640309172565,6.63623520412339,0
2755,test,1900,131478.499999934,1149251478.5,14,13,1,2,3783984.8251126483,900574.530704761,5037998.415129595,-84412.03071454728,52.5155356874799,13.3871586078402,74.6646616340128,6.5725889189727,0
2756,test,1900,131478.699999934,1149251478.7,14,14,1,2,3783989.960085987,900571.1498992466,5038002.71756922,-84417.3488919464,52.5155344596855,13.3871394671471,74.6652511514375,6.49713674833638,0
2757,test,1900,131478.899999934,1149251478.9,14,13,1,2,3783991.2653057976,900570.8215531907,5038002.495101578,-84427.0175714916,52.5155332354176,13.3871205634241,74.6658078466985,6.41170860929195,0
2758,test,1900,131479.099999934,1149251479.1,13,13,1,2,3783985.948201406,900571.1267814108,5037997.834031772,-84443.05497088352,52.5155320135272,13.3871019116308,74.6663479506323,6.3209119175841,0
2759,test,1900,131479.299999934,1149251479.3,14,13,1,2,3783987.0161991874,900570.4907193263,5037995.9862139,-84454.40266347669,52.5155308550842,13.3870835179779,74.6668918198541,6.23059255350575,0
2760,test,1900,131479.499999934,1149251479.5,14,13,1,2,3783988.457723541,900569.1588050951,5037996.8030446805,-84463.61423513405,52.5155298243949,13.3870653950134,74.6674640024104,6.1444173692877,0
2761,test,1900,131479.699999934,1149251479.7,14,14,1,2,3783993.208017308,900566.8758901233,5037999.497702271,-84470.16231330187,52.5155288681164,13.387047493418,74.6680888625513,6.05934949826345,0
2762,test,1900,131479.899999934,1149251479.9,14,14,1,2,3783993.731701264,900565.0252057737,5038001.308031102,-84479.04944618737,52.5155278224429,13.3870298543494,74.6687873318293,5.9728815561719,0
2763,test,1900,131480.099999934,1149251480.1,15,14,1,2,3783995.154861803,900563.7308533933,5038001.059441792,-84489.08615764012,52.5155267020649,13.3870124726446,74.6695746550783,5.88449080835713,0
2764,test,1900,131480.299999935,1149251480.3,15,14,1,2,3783994.502945183,900563.1422373413,5038000.532216683,-84499.95294962078,52.5155255538277,13.38699535894,74.6704543272532,5.79585701326809,0
2765,test,1900,131480.499999935,1149251480.5,15,14,1,2,3783994.7351279277,900562.329199207,5038000.198901583,-84510.49702018166,52.5155245353867,13.3869784924304,74.6714217657057,5.70971305768315,0
2766,test,1900,131480.699999935,1149251480.7,14,14,1,2,3783995.355273403,900561.2612961218,5038000.437276786,-84520.55206031645,52.5155235763104,13.3869618644804,74.6724682410683,5.62960180247316,0
2767,test,1900,131480.899999935,1149251480.9,15,14,1,2,3783992.47912179,900561.1841890953,5037997.759431526,-84533.72369147676,52.5155226409763,13.3869454462133,74.6735811110142,5.5581066937584,0
2768,test,1900,131481.099999935,1149251481.1,15,14,1,2,3783993.5512132575,900560.0936848199,5037997.631691733,-84543.91312502272,52.5155216808651,13.3869292280141,74.674745531438,5.49546935864106,0
2769,test,1900,131481.299999935,1149251481.3,15,14,1,2,3783994.739966239,900558.862949761,5037997.529108935,-84554.07638868023,52.5155207355349,13.3869131966294,74.6759476452854,5.44158329035907,0
2770,test,1900,131481.499999935,1149251481.5,15,14,1,2,3783995.5998494797,900557.510443764,5037998.374279474,-84563.449443084,52.5155197847945,13.3868973215628,74.6771750796519,5.39436086154452,0
2771,test,1900,131481.699999935,1149251481.7,14,14,1,2,3783998.9466173127,900555.9922099811,5037999.958946926,-84571.43327864328,52.5155187905363,13.3868815677204,74.6784181941778,5.34966316566913,0
2772,test,1900,131481.899999935,1149251481.9,15,14,1,2,3783996.4189878833,900555.887042544,5037997.741011069,-84584.3467756232,52.5155179134416,13.3868659510372,74.6796723900207,5.30682538728683,0
2773,test,1900,131482.099999935,1149251482.1,15,14,1,2,3783996.166377873,900555.3050179558,5037996.738745035,-84595.65041816,52.5155168974114,13.3868504748474,74.6809392124704,5.26532207389402,0
2774,test,1900,131482.299999935,1149251482.3,14,14,1,2,3783995.5014020656,900554.0044675829,5037997.883429159,-84605.5024180943,52.5155158288779,13.3868351217507,74.68222327995,5.22376322995881,0
2775,test,1900,131482.499999935,1149251482.5,14,14,1,2,3783997.256048981,900552.6753221853,5037998.816732292,-84614.55873601252,52.5155149939085,13.3868198965821,74.6835325724291,5.17714893866497,0
2776,test,1900,131482.699999935,1149251482.7,15,14,1,2,3783997.1337545863,900552.4302394233,5037996.819160915,-84626.38562764131,52.5155138581214,13.3868048208682,74.6848758051821,5.11438782481729,0
2777,test,1900,131482.899999935,1149251482.9,14,14,1,2,3783996.877470384,900551.9296649577,5037995.970605443,-84637.24832810918,52.5155129472799,13.38678996335,74.6862588443765,5.02395231455697,0
2778,test,1900,131483.099999935,1149251483.1,14,14,1,2,3783996.542498424,900551.5988004304,5037994.589039282,-84648.49676246528,52.5155119903685,13.3867754227873,74.6876818619646,4.90135795134053,0
2779,test,1900,131483.299999935,1149251483.3,15,14,1,2,3783996.4045173773,900550.490938761,5037993.826726047,-84659.68370070618,52.5155111002412,13.3867612846363,74.6891398808346,4.75030515426972,0
2780,test,1900,131483.499999935,1149251483.5,15,14,1,2,3783994.4636079464,900548.8319266124,5037992.997412981,-84671.75596030575,52.5155101091876,13.3867476207141,74.6906215614065,4.58259576093998,0
2781,test,1900,131483.699999935,1149251483.7,15,14,1,2,3783995.5471718544,900547.7998678295,5037993.1698300075,-84681.49649748509,52.515509195512,13.3867344840069,74.6921093104058,4.41598928778945,0
2782,test,1900,131483.899999935,1149251483.9,15,14,1,2,3783995.0022398857,900547.3493395613,5037992.134681812,-84692.83505976212,52.5155083361084,13.3867217843667,74.6935823017579,4.26198047258695,0
2783,test,1900,131484.099999935,1149251484.1,15,14,1,2,3783994.176662476,900546.181483664,5037991.438720436,-84704.42733185788,52.5155074160775,13.3867095316072,74.6950193456366,4.12047683139273,0
2784,test,1900,131484.299999935,1149251484.3,15,14,1,2,3783993.697483216,900544.8687292063,5037991.897591011,-84715.05767148465,52.5155065291105,13.3866978880907,74.6963993855025,3.98339441923456,0
2785,test,1900,131484.499999935,1149251484.5,14,14,1,2,3783993.578230385,900543.3635218828,5037993.849185038,-84724.12740671297,52.5155057533482,13.3866866652376,74.6977032248917,3.84286745970963,0
2786,test,1900,131484.699999935,1149251484.7,15,14,1,2,3783993.7996589774,900542.108628915,5037994.0914195655,-84734.53817362484,52.5155049757406,13.3866756221414,74.6989164584032,3.69836033635592,0
2787,test,1900,131484.899999935,1149251484.9,14,14,1,2,3783994.5154958502,900540.8679072821,5037994.683968689,-84744.5092341584,52.5155043289009,13.386665279612,74.7000274809497,3.55846021945719,0
2788,test,1900,131485.099999935,1149251485.1,15,14,1,2,3783995.7995780343,900538.8348614143,5037997.663094712,-84752.44241969797,52.5155035518305,13.386655047917,74.7010232703514,3.4355637897479,0
2789,test,1900,131485.299999935,1149251485.3,15,14,1,2,3783993.251192263,900538.65652248,5037995.87210854,-84765.38328217146,52.515502761342,13.3866451286429,74.7018879654737,3.34127234779785,0
2790,test,1900,131485.499999935,1149251485.5,15,14,1,2,3783993.0510587404,900537.5187638177,5037996.576455434,-84775.4767181639,52.5155021510222,13.3866354332708,74.7026020836282,3.28174191910119,0
2791,test,1900,131485.699999935,1149251485.7,14,14,1,2,3783993.9184459196,900536.8462786694,5037997.662384155,-84784.62301942114,52.5155015005906,13.3866258598128,74.703145620075,3.25759535522352,0
2792,test,1900,131485.899999935,1149251485.9,14,14,1,2,3783994.946404638,900535.9001938083,5037998.227797038,-84794.26796631186,52.5155008952375,13.3866163076313,74.7035001484671,3.26729834589629,0
2793,test,1900,131486.099999935,1149251486.1,15,14,1,2,3783995.991351015,900535.077176521,5037998.246549472,-84804.10604315363,52.5155003396116,13.3866066682007,74.7036518027319,3.30981603962388,0
2794,test,1900,131486.299999935,1149251486.3,14,14,1,2,3783998.8905786905,900534.0805287769,5037997.607242172,-84813.74686078021,52.5154997273892,13.3865968569738,74.7035909678076,3.3900407665472,0
2795,test,1900,131486.499999935,1149251486.5,15,14,1,2,3783997.1860104515,900533.4000426101,5037998.945819743,-84824.0711653854,52.5154991076357,13.3865867470557,74.7033110345202,3.51165849581825,0
2796,test,1900,131486.699999935,1149251486.7,15,14,1,2,3783997.3184995484,900532.4236598635,5037998.1331483405,-84835.0336578812,52.5154984764588,13.3865762135833,74.7028075517102,3.66950047089645,0
2797,test,1900,131486.899999935,1149251486.9,15,14,1,2,3783995.666084634,900532.0740070615,5037996.440200421,-84847.34567900344,52.515497811202,13.3865651890921,74.7020780240677,3.84736833470308,0
2798,test,1900,131487.099999935,1149251487.1,14,13,1,2,3783989.7440782245,900533.5957479258,5037990.84861869,-84863.9017770676,52.5154971532738,13.3865536320596,74.7011227257711,4.0206882009888,0
2799,test,1900,131487.299999935,1149251487.3,14,14,1,2,3783996.0582864056,900531.6585185976,5037996.008636464,-84867.9794483395,52.5154964659721,13.386541612295,74.6999447564306,4.16611648618859,0
2800,test,1900,131487.499999935,1149251487.5,15,14,1,2,3783996.359388178,900530.6673370963,5037995.554535983,-84878.61321205198,52.5154958421449,13.3865292114618,74.6985497269242,4.27450422942967,0
2801,test,1900,131487.699999935,1149251487.7,14,13,1,2,3783990.4211627822,900532.4206718907,5037990.890598166,-84894.60117068913,52.5154951441843,13.3865165490407,74.6969450999218,4.34724877512002,0
2802,test,1900,131487.899999935,1149251487.9,13,13,1,2,3783996.5442619002,900529.2984160519,5037996.600122434,-84898.48858339894,52.5154944732977,13.3865039258649,74.6951402399692,4.38785820097413,0
2803,test,1900,131488.099999935,1149251488.1,13,13,1,2,3783996.401401212,900529.314858498,5037995.003739361,-84910.0272378831,52.5154938161377,13.3864914240135,74.693145278888,4.40078075873493,0
2804,test,1900,131488.299999935,1149251488.3,13,13,1,2,3783994.315307691,900528.445526333,5037994.89484483,-84921.5894431693,52.5154930025558,13.3864785213022,74.690970923599,4.39187660630836,0
2805,test,1900,131488.499999935,1149251488.5,12,12,1,2,3783989.6024807515,900528.1605895519,5037990.804858449,-84936.85185144222,52.5154923415547,13.3864656546112,74.6886290361633,4.36708044883275,0
2806,test,1900,131488.699999935,1149251488.7,14,14,1,2,3783998.493172916,900525.3274358696,5037997.521710934,-84938.76431146965,52.5154916510939,13.3864528821157,74.6861331787805,4.32679919717879,0
2807,test,1900,131488.899999935,1149251488.9,14,13,1,2,3783999.6607301473,900523.5065529061,5037999.118907597,-84947.82254411887,52.5154910611929,13.3864402351054,74.683496930296,4.26977129312401,0
2808,test,1900,131489.099999935,1149251489.1,14,13,1,2,3783989.3977908595,900525.9629229304,5037990.40449449,-84968.46012285238,52.5154905570413,13.3864277842248,74.6807313353193,4.19901986888899,0
2809,test,1900,131489.299999935,1149251489.3,13,12,1,2,3783994.861592035,900524.3817667343,5037989.345758173,-84977.59056260892,52.515489921844,13.3864155673917,74.6778398301538,4.12238405488664,0
2810,test,1900,131489.499999935,1149251489.5,14,13,1,2,3783995.185495087,900524.3181081321,5037990.333335571,-84987.11577897286,52.5154893008748,13.3864035602692,74.6748044833881,4.0449031561961,0
2811,test,1900,131489.699999935,1149251489.7,15,14,1,2,3783999.8033647127,900519.573889662,5037997.647644027,-84990.51310925403,52.5154888285979,13.3863917779213,74.6716037637069,3.96718481144902,0
2812,test,1900,131489.899999935,1149251489.9,15,14,1,2,3783997.5687156585,900518.5880776307,5037997.178229619,-85002.35915914217,52.5154883612251,13.3863802181153,74.6682219244544,3.89039288500264,0
2813,test,1900,131490.099999935,1149251490.1,14,14,1,2,3783999.4548841156,900516.4398401792,5037999.314670511,-85010.5586440367,52.5154878765852,13.386368891946,74.6646523503729,3.81424728956597,0
2814,test,1900,131490.299999935,1149251490.3,14,14,1,2,3784002.5160271176,900513.7549988686,5038004.328311534,-85016.52276925668,52.5154874219766,13.3863577931926,74.6608954280222,3.73985927439482,0
2815,test,1900,131490.499999935,1149251490.5,14,13,1,2,3783994.0363956564,900516.1107760151,5037997.585955877,-85035.02359571654,52.515486880638,13.386346906812,74.6569573648575,3.66799744177268,0
2816,test,1900,131490.699999935,1149251490.7,14,14,1,2,3784001.6288427003,900513.285699059,5038004.436730757,-85037.43264785518,52.5154864077055,13.3863362215338,74.6528527379947,3.59725991575592,0
2817,test,1900,131490.899999935,1149251490.9,14,14,1,2,3784001.578365278,900513.6105898704,5038004.394982336,-85047.68476130613,52.5154859777621,13.386325747077,74.6486066475702,3.5289859097343,0
2818,test,1900,131491.099999935,1149251491.1,15,14,1,2,3784001.9861675915,900512.6063707417,5038003.825045344,-85058.15692205659,52.5154854268156,13.3863154747899,74.6442552215034,3.46786535018744,0
2819,test,1900,131491.299999935,1149251491.3,15,14,1,2,3784000.1100517334,900512.0409826586,5038000.463061583,-85071.70506884961,52.5154850124103,13.3863053691504,74.6398438557312,3.41695272171921,0
2820,test,1900,131491.499999935,1149251491.5,15,14,1,2,3784001.6871849974,900510.7872903872,5038002.779841591,-85079.92779471196,52.5154844594883,13.3862953953934,74.63542453433,3.37602431116669,0
2821,test,1900,131491.699999935,1149251491.7,15,14,1,2,3783998.9195654546,900509.9509538278,5038001.324611323,-85092.46815092857,52.5154839918052,13.3862855301623,74.6310522981881,3.34588291561126,0
2822,test,1900,131491.899999935,1149251491.9,15,14,1,2,3783997.707566588,900509.602342766,5037999.574117568,-85104.51016682056,52.5154834449961,13.3862757497215,74.6267814357059,3.32345812710428,0
2823,test,1900,131492.099999935,1149251492.1,13,12,1,2,3783997.6931532715,900513.2251141052,5037989.686166943,-85121.86489574584,52.5154827089083,13.386266045109,74.6226670640293,3.29760243044059,0
2824,test,1900,131492.299999935,1149251492.3,13,12,1,2,3783994.919136062,900512.2828589437,5037988.260155334,-85134.54823468681,52.5154819773459,13.3862564526623,74.6187634193152,3.25378376566241,0
2825,test,1900,131492.499999935,1149251492.5,13,12,1,2,3783995.3059716285,900511.321868515,5037988.889138218,-85144.29798870903,52.5154812297684,13.3862470215416,74.6151212363168,3.17757083527392,0
2826,test,1900,131492.699999935,1149251492.7,14,13,1,2,3783997.4059754577,900504.362914131,5038003.893648536,-85143.590170027,52.5154806355446,13.3862378807416,74.6117882371561,3.06046435902156,0
2827,test,1900,131492.899999935,1149251492.9,14,13,1,2,3783995.7211462962,900504.2964073917,5038003.519126023,-85154.88627560239,52.5154798442186,13.3862291566965,74.6088059521072,2.90706843879185,0
2828,test,1900,131493.099999935,1149251493.1,14,13,1,2,3783997.2582814577,900503.36403913,5038004.961593134,-85163.62612859452,52.5154791305244,13.386220919009,74.6062127973766,2.7335095908361,0
2829,test,1900,131493.299999935,1149251493.3,13,12,1,2,3783995.0740401973,900508.230030048,5037990.525599328,-85184.84459386005,52.5154784358469,13.3862131998236,74.6040429087293,2.56456555624101,0
2830,test,1900,131493.499999935,1149251493.5,14,12,1,2,3783994.4199348018,900506.8262569553,5037990.993699956,-85195.35062173352,52.5154778331939,13.3862059401091,74.6023242990336,2.4275311461383,0
2831,test,1900,131493.699999935,1149251493.7,14,12,1,2,3783993.364796105,900506.5361727646,5037990.048399989,-85206.86695471333,52.5154771833962,13.3861990163135,74.6010774323633,2.33598887259672,0
2832,test,1900,131493.899999935,1149251493.9,16,15,1,2,3783997.4320052527,900502.2171030589,5038003.663364671,-85205.07362980024,52.5154764981777,13.386192311731,74.6003135421701,2.28408577179297,0
2833,test,1900,131494.099999935,1149251494.1,16,15,1,2,3783998.175639924,900502.1752446736,5038003.527424177,-85215.14815720916,52.5154757817496,13.3861857401937,74.6000339289252,2.25610769102745,0
2834,test,1900,131494.299999935,1149251494.3,14,14,1,2,3784000.075678746,900506.1496921914,5038004.057895709,-85225.89569717158,52.5154750792851,13.3861792211251,74.6002317594755,2.2363688464507,0
2835,test,1900,131494.499999935,1149251494.5,15,14,1,2,3783998.939908122,900505.518376694,5038006.440656987,-85235.4580587029,52.5154743165783,13.3861727885561,74.600894443163,2.22057505176489,0
2836,test,1900,131494.699999935,1149251494.7,15,14,1,2,3783995.319748542,900503.8572728899,5038004.489726484,-85248.45531519396,52.5154734885071,13.3861664110583,74.6020048086273,2.2175220978967,0
2837,test,1900,131494.899999935,1149251494.9,15,14,1,2,3783996.2853555093,900503.2933638882,5038005.565584993,-85257.60845427615,52.5154725723666,13.3861600633375,74.6035428765092,2.23963914182006,0
2838,test,1900,131495.099999935,1149251495.1,15,14,1,2,3783994.3348097974,900499.9508987523,5038004.335088068,-85268.26049338446,52.5154713862808,13.3861536575261,74.6054858323691,2.29003816216774,0
2839,test,1900,131495.299999935,1149251495.3,15,14,1,2,3783991.84390569,900499.8307685008,5038002.414373358,-85281.02116740457,52.5154700929306,13.3861471859779,74.6078061246202,2.3619021380801,0
2840,test,1900,131495.499999935,1149251495.5,15,14,1,2,3783991.391770247,900500.287594506,5038002.439277394,-85291.37513848704,52.5154685470311,13.386140596631,74.6104695113711,2.4362668438107,0
2841,test,1900,131495.699999935,1149251495.7,13,12,1,2,3783989.814393409,900502.8519238814,5037988.985642683,-85312.94610482281,52.5154668341097,13.3861339409924,74.6134354954017,2.48923134629814,0
2842,test,1900,131495.899999935,1149251495.9,14,13,1,2,3783992.1578390673,900497.3579870842,5038004.2763259085,-85313.16638309062,52.5154648762805,13.3861273317724,74.6166653083574,2.50644933130324,0
2843,test,1900,131496.099999935,1149251496.1,15,14,1,2,3783991.517346833,900493.5503033357,5038005.21418566,-85321.90073152764,52.5154627903762,13.3861208713687,74.620115132026,2.49575500192357,0
2844,test,1900,131496.299999935,1149251496.3,14,14,1,2,3783993.8330420884,900494.3447940199,5038005.005081683,-85331.16923430222,52.5154605609374,13.38611461301,74.62372630063,2.48433070287532,0
2845,test,1900,131496.499999935,1149251496.5,15,14,1,2,3783993.399562664,900492.9925789034,5038005.072084226,-85341.75476886368,52.5154580415414,13.3861085356864,74.6274394089701,2.49589134053148,0
2846,test,1900,131496.699999935,1149251496.7,15,14,1,2,3783990.447202651,900493.3469461872,5038003.082560342,-85354.69238644882,52.5154555065054,13.3861025795858,74.6311965871205,2.54213171333497,0
2847,test,1900,131496.899999935,1149251496.9,15,14,1,2,3783990.6652847417,900493.6847346425,5038003.843246057,-85364.10285018409,52.5154528077999,13.3860966813046,74.6349463730411,2.61980821644341,0
2848,test,1900,131497.099999935,1149251497.1,15,14,1,2,3783989.0009336676,900493.8586716541,5038003.03114372,-85375.78925493364,52.5154497236254,13.386090822156,74.6386462437754,2.71487858105061,0
2849,test,1900,131497.299999935,1149251497.3,15,14,1,2,3783988.428052571,900492.7373439994,5038001.455641636,-85387.86265788822,52.5154462437785,13.3860850223235,74.6422635499694,2.81479409187171,0
2850,test,1900,131497.499999936,1149251497.5,15,14,1,2,3783989.4793757345,900493.9403585313,5038000.4232924925,-85397.74679333737,52.5154425388102,13.3860793140469,74.6457740775826,2.90945561547539,0
2851,test,1900,131497.699999936,1149251497.7,15,14,1,2,3783989.7978193876,900492.7981991073,5037998.334191356,-85409.70478017426,52.5154383881743,13.386073818264,74.6491648039295,2.9907903621289,0
2852,test,1900,131497.899999936,1149251497.9,15,14,1,2,3783991.2690073554,900494.7488643768,5037998.271926862,-85418.71732136131,52.5154341759765,13.3860686176814,74.6524362201327,3.06057575924865,0
2853,test,1900,131498.099999936,1149251498.1,14,13,1,2,3783992.935009929,900497.8205605682,5037995.286495245,-85431.0371822986,52.5154298714195,13.3860637972257,74.6556060032801,3.13101511301437,0
2854,test,1900,131498.299999936,1149251498.3,13,13,1,2,3783993.2513676044,900496.8433943879,5037997.350671167,-85439.72031760536,52.5154260087951,13.3860593079216,74.6587065826729,3.21744123223628,0
2855,test,1900,131498.499999936,1149251498.5,14,13,1,2,3783997.893898664,900500.5216496546,5037997.06229713,-85447.3403368711,52.5154213064587,13.3860553314167,74.6617813155477,3.33390587856182,0
2856,test,1900,131498.699999936,1149251498.7,14,13,1,2,3783998.413462108,900501.3102520918,5037993.6664403565,-85459.63354299856,52.5154158132645,13.3860518039716,74.6648682174935,3.46805434176763,0
2857,test,1900,131498.899999936,1149251498.9,14,13,1,2,3783999.1422100896,900501.5161962161,5037996.929749648,-85467.2751367978,52.5154096015354,13.3860487606824,74.6679805627608,3.59775690247546,0
2858,test,1900,131499.099999936,1149251499.1,14,12,1,2,3783992.6671006815,900503.1677383633,5037992.129405046,-85483.72220849448,52.5154028129413,13.3860462420256,74.6711051954871,3.70169425377531,0
2859,test,1900,131499.299999936,1149251499.3,15,13,1,2,3783989.929639561,900494.9247297108,5037994.798389171,-85493.40153609753,52.5153962347568,13.3860443224609,74.6742150380469,3.77981907313818,0
2860,test,1900,131499.499999936,1149251499.5,14,12,1,2,3783990.624734536,900494.8564297481,5038000.929052276,-85499.49679745495,52.5153896840081,13.3860430468013,74.6772894629053,3.84474724078438,0
2861,test,1900,131499.699999936,1149251499.7,14,12,1,2,3783990.9034430734,900495.0096386673,5038001.280758355,-85509.10371835412,52.5153829577269,13.3860423749425,74.6803123369209,3.91209651966842,0
2862,test,1900,131499.899999936,1149251499.9,13,12,1,2,3783990.734291629,900494.4282637602,5038000.3747683205,-85520.33563590377,52.5153761168371,13.3860423025173,74.6832648006143,3.98885365937537,0
2863,test,1900,131500.099999936,1149251500.1,13,12,1,2,3783990.838623205,900495.6077783777,5037996.7703749575,-85532.7182322129,52.5153689014644,13.3860427683477,74.6861202603765,4.07691481781807,0
2864,test,1900,131500.299999936,1149251500.3,13,12,1,2,3783991.175562759,900495.7696148182,5037997.917181121,-85542.19830314578,52.5153616285906,13.3860436548152,74.6888464270903,4.17988195527542,0
2865,test,1900,131500.499999936,1149251500.5,13,12,1,2,3783992.72325448,900497.3707251705,5037999.199593463,-85550.4940762422,52.5153542201257,13.3860448681055,74.6914166298724,4.29719903756003,0
2866,test,1900,131500.699999936,1149251500.7,13,12,1,2,3783993.9360576323,900498.3301101164,5037997.418579107,-85561.30775451158,52.5153466308741,13.3860463386076,74.6938142890368,4.4273958289242,0
2867,test,1900,131500.899999936,1149251500.9,13,12,1,2,3783992.5644948054,900499.4405826414,5037995.484462153,-85573.20095878158,52.5153387361259,13.3860479902877,74.6960289463541,4.56613991773451,0
2868,test,1900,131501.099999936,1149251501.1,14,13,1,2,3783992.788917386,900499.536721948,5038000.437863151,-85579.54007208577,52.515330748948,13.3860497656058,74.6980584932932,4.70671688153559,0
2869,test,1900,131501.299999936,1149251501.3,15,14,1,2,3783997.504455797,900502.8031712212,5038002.686953296,-85584.8140150038,52.5153223330414,13.386051681197,74.6999089551763,4.83881346244686,0
2870,test,1900,131501.499999936,1149251501.5,15,14,1,2,3783999.298500544,900501.6168253678,5038003.288262734,-85593.68393128582,52.51531364907,13.3860536354044,74.7015939003177,4.95222475605601,0
2871,test,1900,131501.699999936,1149251501.7,15,14,1,2,3783999.2085381784,900501.1868306717,5038006.232765815,-85601.85892724348,52.5153049176449,13.3860554921589,74.7031332682577,5.03931561203608,0
2872,test,1900,131501.899999936,1149251501.9,15,14,1,2,3783997.8166485275,900500.9567333687,5038008.06695724,-85610.98946871885,52.5152958601995,13.3860571958503,74.7045530212247,5.09247033934567,0
2873,test,1900,131502.099999936,1149251502.1,15,14,1,2,3783997.7355771884,900501.1985063172,5038011.2089708885,-85619.12189097652,52.5152870033401,13.3860586919329,74.7058839797375,5.10688953457743,0
2874,test,1900,131502.299999936,1149251502.3,15,14,1,2,3783999.102239233,900501.9150867094,5038010.105879748,-85629.30590789797,52.5152780243879,13.3860599434539,74.707161124668,5.0885861323591,0
2875,test,1900,131502.499999936,1149251502.5,15,14,1,2,3783998.6314543285,900502.2525234784,5038007.577038879,-85640.77894641328,52.5152690127791,13.3860610267887,74.7084175984271,5.05695137663474,0
2876,test,1900,131502.699999936,1149251502.7,14,14,1,2,3784000.130203829,900502.7910786112,5038004.786844773,-85651.79943351378,52.5152601083681,13.3860620306837,74.7096896759276,5.03526329701586,0
2877,test,1900,131502.899999936,1149251502.9,13,13,1,2,3784001.759911078,900505.85145911,5037999.608522473,-85664.14447259823,52.5152513350958,13.3860629324682,74.7110178363059,5.04094439706457,0
2878,test,1900,131503.099999936,1149251503.1,12,12,1,2,3784004.13173308,900509.882309051,5037996.79354777,-85673.4741925986,52.5152425047371,13.3860637929225,74.7124402652352,5.07715342792265,0
2879,test,1900,131503.299999936,1149251503.3,13,13,1,2,3784007.028782632,900508.6270279841,5037998.930279806,-85680.74399832553,52.5152335244679,13.3860646484783,74.7139928172376,5.13286106862028,0
2880,test,1900,131503.499999936,1149251503.5,13,13,1,2,3784007.734280151,900507.8937511948,5038001.711232609,-85689.8215509569,52.5152244479471,13.386065504478,74.71570657523,5.19687141710435,0
2881,test,1900,131503.699999936,1149251503.7,13,13,1,2,3784010.48172465,900507.2547671674,5038002.545006256,-85698.65948755754,52.5152152502835,13.3860664005838,74.7176058339096,5.26269340896519,0
2882,test,1900,131503.899999936,1149251503.9,12,12,1,2,3784011.140569802,900507.2530719126,5038003.523229893,-85707.56096425989,52.5152059704778,13.3860673547048,74.7197071218351,5.32566873703955,0
2883,test,1900,131504.099999936,1149251504.1,13,13,1,2,3784013.362919528,900506.0017687648,5038003.377051166,-85717.20782822356,52.5151965226238,13.3860683591935,74.7220192110975,5.38135666647081,0
2884,test,1900,131504.299999936,1149251504.3,13,13,1,2,3784015.305300464,900506.2938501233,5038004.337388627,-85726.11677918736,52.5151869101999,13.3860694381034,74.7245431140101,5.42392959068871,0
2885,test,1900,131504.499999936,1149251504.5,13,13,1,2,3784016.477684367,900507.7782219823,5038005.247932217,-85735.27666548888,52.5151771856944,13.3860705652793,74.7272733727939,5.44621167327612,0
2886,test,1900,131504.699999936,1149251504.7,13,13,1,2,3784017.3744512545,900508.7230188871,5038004.643105433,-85745.1904325386,52.5151675374649,13.3860717538893,74.730199224095,5.44524974739668,0
2887,test,1900,131504.899999936,1149251504.9,12,12,1,2,3784017.9166996866,900508.3121023818,5038004.74005125,-85755.18369052328,52.5151578862451,13.3860730001076,74.7333058328866,5.42218260763579,0
2888,test,1900,131505.099999936,1149251505.1,12,12,1,2,3784018.1252670707,900508.6644845211,5038005.609805504,-85765.01151649294,52.5151482118964,13.3860742812755,74.7365749355652,5.37909964600995,0
2889,test,1900,131505.299999936,1149251505.3,13,12,1,2,3784019.199659986,900509.8364236661,5038002.367783617,-85776.69460276517,52.5151388327017,13.3860755810129,74.7399858942259,5.31887234744179,0
2890,test,1900,131505.499999936,1149251505.5,13,12,1,2,3784021.110416834,900511.3355518742,5038001.835052612,-85786.34949264981,52.5151294488821,13.3860768939936,74.7435171607148,5.24194774666423,0
2891,test,1900,131505.699999936,1149251505.7,12,11,1,2,3784019.8480927283,900507.849863934,5037992.675184505,-85803.22528901335,52.5151202264455,13.3860781868654,74.7471459517644,5.15305045218651,0
2892,test,1900,131505.899999936,1149251505.9,12,11,1,2,3784019.2476075795,900508.9218376665,5038000.230757552,-85807.85541485109,52.5151111830471,13.3860794866304,74.7508495599226,5.05743712800451,0
2893,test,1900,131506.099999936,1149251506.1,13,12,1,2,3784022.8711097334,900508.4586681302,5038001.794141526,-85815.03743871688,52.5151022878464,13.3860807342769,74.7546026703094,4.95890719474568,0
2894,test,1900,131506.299999936,1149251506.3,13,12,1,2,3784025.359217524,900507.3700771467,5038001.56228652,-85824.44953285015,52.5150935705223,13.3860818471485,74.758382069162,4.85955407939951,0
2895,test,1900,131506.499999936,1149251506.5,11,11,1,2,3784021.820860247,900512.3861716398,5038006.878295077,-85830.82348117801,52.5150852720524,13.3860830704351,74.7621665390342,4.7620738013382,0
2896,test,1900,131506.699999936,1149251506.7,12,12,1,2,3784024.097780996,900512.0455564184,5038009.524242413,-85840.15542358822,52.5150767757564,13.3860842577558,74.7659356062471,4.6671713510171,0
2897,test,1900,131506.899999936,1149251506.9,13,13,1,2,3784030.8418100616,900508.4523085364,5038011.260375756,-85846.46784159374,52.5150686060962,13.3860854350195,74.7696694708543,4.57545803565588,0
2898,test,1900,131507.099999936,1149251507.1,14,13,1,2,3784032.647745836,900508.587539186,5038012.957851518,-85854.29956604287,52.5150604439021,13.386086612457,74.7733492526246,4.48478841555437,0
2899,test,1900,131507.299999936,1149251507.3,13,13,1,2,3784034.2580534937,900507.4527006275,5038012.7018828355,-85864.26860948278,52.5150525936211,13.3860877778569,74.7769571025264,4.39312539453306,0
2900,test,1900,131507.499999936,1149251507.5,12,12,1,2,3784034.7572139753,900508.5030281461,5038010.102518932,-85875.31976536794,52.5150447991237,13.3860889341625,74.7804766320856,4.29684672386579,0
2901,test,1900,131507.699999936,1149251507.7,14,13,1,2,3784036.53708719,900508.3776067329,5038011.11020397,-85884.12208968648,52.5150372605349,13.386090069698,74.7838926540433,4.19265344930161,0
2902,test,1900,131507.999999936,1149251508.0,14,13,1,2,3784036.6820004857,900509.7344929127,5038012.69171227,-85899.10535400308,52.515026239602,13.3860917414506,74.7887941191025,4.01495096303977,0
2903,test,1900,131508.199999936,1149251508.2,14,13,1,2,3784036.450560775,900511.3243566125,5038009.853100435,-85911.0417279221,52.5150191678801,13.3860928236661,74.7918973327627,3.88509972393848,0
2904,test,1900,131508.399999936,1149251508.4,14,13,1,2,3784038.8457052354,900512.132421201,5038007.5933663035,-85921.40010604805,52.5150123381683,13.3860938783767,74.7948592359065,3.75429429974408,0
2905,test,1900,131508.599999936,1149251508.6,13,12,1,2,3784031.336039567,900515.0309377495,5037998.780476638,-85940.42065238021,52.515006238445,13.3860949893403,74.7976735434451,3.63119597845363,0
2906,test,1900,131508.799999936,1149251508.8,14,13,1,2,3784037.385046897,900512.9576693157,5038006.945759517,-85943.18271782919,52.5149997240844,13.3860959882962,74.8003372256131,3.52295592380895,0
2907,test,1900,131508.999999936,1149251509.0,13,12,1,2,3784037.947190796,900513.4183958514,5038003.323530361,-85955.40789037531,52.5149934698189,13.3860969572417,74.8028493533565,3.43287103260345,0
2908,test,1900,131509.199999936,1149251509.2,13,12,1,2,3784037.183511328,900511.9978682358,5038005.038647033,-85964.83731565108,52.5149873474457,13.3860979143438,74.8052116344435,3.3593954600732,0
2909,test,1900,131509.399999936,1149251509.4,11,10,1,2,3784025.151091983,900523.3867679723,5037991.841871397,-85990.74344145403,52.51498133441,13.386098856922,74.8074287905316,3.29837549781213,0
2910,test,1900,131509.599999936,1149251509.6,13,12,1,2,3784032.7018388878,900514.5480658738,5037998.950090722,-85991.03877176745,52.5149754225768,13.3860997584019,74.8095068555152,3.24302617400413,0
2911,test,1900,131509.799999936,1149251509.8,13,12,1,2,3784033.972587085,900515.7302529907,5037999.57158147,-85999.82862546749,52.5149705493773,13.3861007470589,74.8114535667294,3.186086886128,0
2912,test,1900,131509.999999936,1149251510.0,13,13,1,2,3784040.389336747,900514.1593081125,5038004.408217095,-86003.97976915354,52.514964917695,13.3861016187019,74.8132773890144,3.11967623408322,0
2913,test,1900,131510.199999936,1149251510.2,13,13,1,2,3784041.533360794,900515.8404887037,5038002.930159662,-86014.10607252669,52.5149593606711,13.3861024763241,74.8149871692699,3.0395123162232,0
2914,test,1900,131510.399999936,1149251510.4,11,11,1,2,3784035.9118250143,900516.9129266994,5037997.187499461,-86031.09859824863,52.5149539439841,13.3861033174893,74.8165920038756,2.93959731366851,0
2915,test,1900,131510.599999936,1149251510.6,13,12,1,2,3784041.9375377046,900515.4850747072,5038000.125099088,-86037.42575168613,52.5149487592673,13.3861041816555,74.818101061426,2.81404177585594,0
2916,test,1900,131510.799999936,1149251510.8,14,13,1,2,3784042.214591049,900514.1143608493,5038000.40773269,-86047.18155937418,52.5149437951564,13.3861049554171,74.8195227339741,2.65912687824266,0
2917,test,1900,131510.999999936,1149251511.0,13,13,1,2,3784043.8032280724,900515.4192788653,5038000.835037366,-86055.82629539519,52.5149392005426,13.3861056812924,74.8208652610612,2.47593225272357,0
2918,test,1900,131511.199999936,1149251511.2,12,12,1,2,3784045.390397968,900516.6690428434,5038001.823569548,-86064.6010403046,52.5149348619033,13.386106353582,74.8221356817262,2.27129605368009,0
2919,test,1900,131511.399999936,1149251511.4,12,12,1,2,3784046.3387641776,900516.6501129029,5038002.961535275,-86073.22862052039,52.5149309802023,13.3861069899262,74.8233405110158,2.05455394879109,0
2920,test,1900,131511.599999936,1149251511.6,12,12,1,2,3784037.180868097,900517.7713708114,5037998.292343305,-86091.12812788012,52.5149274347304,13.3861075416809,74.8244848703767,1.83526872315722,0
2921,test,1900,131511.799999936,1149251511.8,13,13,1,2,3784046.917505148,900513.6298313502,5038006.920266105,-86091.3488633521,52.5149248804042,13.3861075438235,74.8255731480904,1.62281508091201,0
2922,test,1900,131511.999999936,1149251512.0,13,13,1,2,3784049.2817763668,900513.992731591,5038007.050052075,-86100.82851751582,52.514922117484,13.3861079794033,74.8266086763743,1.42675148109502,0
2923,test,1900,131512.299999936,1149251512.3,12,12,1,2,3784050.9688707036,900509.5276100651,5038000.056154268,-86120.99578026423,52.5149185132496,13.3861085451667,74.8280669536894,1.1817548242412,0
2924,test,1900,131512.499999936,1149251512.5,13,12,1,2,3784053.8734458187,900511.148921365,5038010.23503655,-86122.9222208933,52.5149164189814,13.3861088648029,74.828977075044,1.05387181057499,0
2925,test,1900,131512.699999936,1149251512.7,13,12,1,2,3784055.544388283,900510.6146947081,5038008.267000949,-86133.79516745705,52.5149145250553,13.3861089868666,74.8298372887103,0.947298523625753,0
2926,test,1900,131512.899999936,1149251512.9,13,12,1,2,3784053.940660631,900512.9718632798,5038006.491488706,-86146.02417526398,52.5149143749402,13.3861095545282,74.8306468840719,0.851908728060839,0
2927,test,1900,131513.099999936,1149251513.1,13,12,1,2,3784051.2678113994,900512.2798361212,5038007.385069137,-86156.80497678957,52.5149127816273,13.3861102497339,74.8314042092413,0.762348319915802,0
2928,test,1900,131513.299999936,1149251513.3,12,12,1,2,3784051.1365170456,900513.6281122827,5038004.348965781,-86168.72531398773,52.5149114199304,13.3861104549617,74.8321070503451,0.676353113226408,0
2929,test,1900,131513.499999936,1149251513.5,13,13,1,2,3784047.5927182096,900515.1207017045,5038004.064764516,-86181.0558633992,52.5149101498406,13.3861106362623,74.8327528940879,0.593994428466685,0
2930,test,1900,131513.699999936,1149251513.7,13,13,1,2,3784048.43431944,900516.9615707103,5038008.049969122,-86189.29699906599,52.5149091876448,13.386110745991,74.8333390293049,0.516281966191884,0
2931,test,1900,131513.899999936,1149251513.9,12,12,1,2,3784049.8746161684,900514.7481535365,5038007.089029208,-86199.62595307209,52.5149083317988,13.3861106375276,74.833862490389,0.443374704412756,0
2932,test,1900,131514.099999936,1149251514.1,13,11,1,2,3784049.8175060046,900512.7242762082,5038000.729148351,-86214.68658786276,52.5149075492908,13.3861107654042,74.8343200524223,0.373555804927354,0
2933,test,1900,131514.299999936,1149251514.3,13,12,1,2,3784041.6024850146,900515.0100348095,5037991.578493745,-86234.01069771037,52.5149068637468,13.3861108562476,74.8347085862762,0.302725249711885,0
2934,test,1900,131514.499999936,1149251514.5,12,12,1,2,3784048.763678555,900519.6591202313,5037999.948936126,-86233.7215527575,52.5149063101681,13.3861109580886,74.8350246703718,0.226637202269709,0
2935,test,1900,131514.699999936,1149251514.7,13,13,1,2,3784049.088083089,900520.5831616628,5038001.97191821,-86241.74859332039,52.5149059094192,13.386111152554,74.8352647275858,0.145742145407129,0
2936,test,1900,131514.899999936,1149251514.9,12,12,1,2,3784049.050238328,900520.2430151713,5037998.250367195,-86254.50412583436,52.5149065367081,13.386111279782,74.8354249381533,0.0723067908795954,1
2937,test,1900,131515.099999936,1149251515.1,13,12,1,2,3784050.6758557283,900520.4136451054,5037998.8251572745,-86263.42078575645,52.5149060483191,13.386111456877,74.8355044136043,0.0229017805892436,1
2938,test,1900,131515.299999936,1149251515.3,13,12,1,2,3784050.524617866,900520.3341860354,5037995.670456745,-86276.49152355571,52.5149057411412,13.3861120763535,74.8355028613732,-0.0019602560190142,1
2939,test,1900,131515.499999936,1149251515.5,13,12,1,2,3784050.1975484705,900522.1304934853,5037993.089330267,-86288.06886260488,52.5149059343493,13.3861123916894,74.8354170429148,-0.011543273951605,1
2940,test,1900,131515.699999937,1149251515.7,13,13,1,2,3784049.4030892453,900523.7435142775,5037990.738145127,-86300.11968149661,52.5149068758607,13.3861115715524,74.8352450019198,-0.0152671380254162,1
2941,test,1900,131515.899999937,1149251515.9,13,13,1,2,3784049.3062409926,900522.3031211273,5037987.611755325,-86312.46036966729,52.514906885904,13.3861115568111,74.8349864265451,-0.0200873761110341,1
2942,test,1900,131516.099999937,1149251516.1,14,13,1,2,3784049.803291546,900521.1902622425,5037986.895326779,-86322.71749242715,52.5149070311737,13.3861118173836,74.8346474178369,-0.0241344349371686,1
2943,test,1900,131516.299999937,1149251516.3,14,14,1,2,3784050.496432643,900523.7233719109,5037989.443534078,-86330.39437960011,52.5149070423657,13.3861118199376,74.8342395769432,-0.0262847356254163,1
2944,test,1900,131516.499999937,1149251516.5,14,14,1,2,3784050.3710316,900523.5427063185,5037987.395088937,-86342.32124781358,52.5149071658759,13.386111801792,74.8337683541399,-0.0261694512462067,1
2945,test,1900,131516.699999937,1149251516.7,14,14,1,2,3784050.167399492,900524.1559335237,5037986.256870208,-86353.49820135944,52.5149071837049,13.386111791374,74.833239206143,-0.0242583257633453,1
2946,test,1900,131516.899999937,1149251516.9,14,14,1,2,3784049.7656518496,900523.8821473883,5037984.947175952,-86364.97466850038,52.5149071961926,13.3861117913759,74.8326586548601,-0.0211406422053474,1
2947,test,1900,131517.099999937,1149251517.1,14,14,1,2,3784050.623501341,900524.3012356079,5037984.655171347,-86374.63938896132,52.5149073445605,13.3861117544578,74.8320302880203,-0.0160721178253945,1
2948,test,1900,131517.299999937,1149251517.3,14,14,1,2,3784051.160882275,900524.3590554607,5037984.424572538,-86384.87870384086,52.5149082265597,13.3861115675992,74.8313578351911,-0.0110840641761045,1
2949,test,1900,131517.499999937,1149251517.5,14,14,1,2,3784050.525274457,900524.2152349867,5037982.820341068,-86395.97843647268,52.5149080625227,13.3861116311141,74.8306484367647,-0.0074722909609526,1
2950,test,1900,131517.699999937,1149251517.7,14,14,1,2,3784049.940497865,900524.8871899538,5037982.263995751,-86406.602116379,52.514908387708,13.3861119832482,74.8299094604381,-0.0055433710172026,1
2951,test,1900,131517.899999937,1149251517.9,14,14,1,2,3784050.8018841036,900525.6986883368,5037983.312882999,-86415.60084061802,52.5149085252222,13.3861120913888,74.8291469289375,-0.0039570255846911,1
2952,test,1900,131518.099999937,1149251518.1,14,14,1,2,3784050.2835408617,900525.9542437068,5037979.908620008,-86428.28777094786,52.5149090157588,13.3861119861352,74.8283659819941,-0.0037362352281882,1
2953,test,1900,131518.299999937,1149251518.3,14,14,1,2,3784050.0815458694,900526.4491973716,5037978.91775767,-86439.0371996539,52.5149090425846,13.386112286068,74.8275703278101,-0.0034632906763488,1
2954,test,1900,131518.499999937,1149251518.5,14,14,1,2,3784049.5262107076,900525.6188609025,5037975.865128767,-86451.41448703743,52.5149091415893,13.3861121343229,74.8267596530299,-0.00221654324015,1
2955,test,1900,131518.699999937,1149251518.7,14,14,1,2,3784049.5527141513,900526.3750030079,5037977.44269069,-86460.42975203828,52.5149091301077,13.3861121194885,74.8259341244254,-0.0004253285920658,1
2956,test,1900,131518.899999937,1149251518.9,14,14,1,2,3784049.538945703,900527.1120532423,5037976.67961898,-86471.52828762453,52.5149091709843,13.3861121221541,74.8250941599403,0.0004630143157225,1
2957,test,1900,131519.099999937,1149251519.1,14,14,1,2,3784050.1676689805,900526.5079038952,5037979.834870383,-86479.60800297809,52.5149091965426,13.386112102663,74.8242406305697,0.0007489915679208,1
2958,test,1900,131519.299999937,1149251519.3,14,14,1,2,3784050.4361221595,900525.2528670982,5037978.096583943,-86490.90216914819,52.5149091258223,13.386112077513,74.8233737754085,0.0008785510833706,1
2959,test,1900,131519.499999937,1149251519.5,14,14,1,2,3784050.01307326,900525.1738539148,5037977.769972381,-86501.42516563358,52.514909081442,13.3861120666175,74.8224911355331,0.0008617538305765,1
2960,test,1900,131519.699999937,1149251519.7,13,13,1,2,3784054.6697483277,900524.2938035656,5038011.110970135,-86489.02059032893,52.5149090635938,13.3861120082213,74.821589816556,0.0007197194518739,1
2961,test,1900,131519.899999937,1149251519.9,14,14,1,2,3784049.7151425,900525.2965749184,5037978.081590329,-86521.54842019742,52.5149091117491,13.386111964669,74.8206690653744,0.0004759335446395,1
2962,test,1900,131520.099999937,1149251520.1,14,14,1,2,3784049.681489132,900524.3488307447,5037977.6107302625,-86532.24832540538,52.5149087416669,13.386111484258,74.8197279153201,0.0001671272221382,1
2963,test,1900,131520.299999937,1149251520.3,14,14,1,2,3784049.977659266,900523.4989914873,5037979.594533711,-86541.1173838157,52.5149087601169,13.3861115047322,74.8187634623598,3.44969634228638e-05,1
2964,test,1900,131520.499999937,1149251520.5,14,14,1,2,3784049.3962074122,900524.1806614039,5037979.694333873,-86551.6026359,52.5149087418344,13.3861114660776,74.8177643952729,-0.0001016262892256,1
2965,test,1900,131520.699999937,1149251520.7,14,14,1,2,3784049.7547782636,900525.0988323597,5037981.295943158,-86560.59042369884,52.5149087408042,13.3861114847955,74.8167192248912,-0.0001118729869926,1
2966,test,1900,131520.899999937,1149251520.9,14,14,1,2,3784049.7871391,900524.6814233308,5037981.691185752,-86570.75235201996,52.5149087300734,13.3861114598936,74.8156220960293,7.25247857796106e-05,1
2967,test,1900,131521.099999937,1149251521.1,14,14,1,2,3784050.156188264,900524.5379841455,5037981.292103974,-86581.12014444842,52.5149085623853,13.3861112600139,74.8144734412618,0.0005791087428937,1
2968,test,1900,131521.299999937,1149251521.3,14,14,1,2,3784049.6949750027,900524.5850230708,5037978.747245923,-86593.09700488286,52.5149085333197,13.3861112005095,74.8132748699226,0.0011489788984448,1
2969,test,1900,131521.499999937,1149251521.5,14,14,1,2,3784049.962716023,900524.022944325,5037978.218238143,-86603.55105208367,52.51490841077,13.3861112150609,74.8120261430734,0.0017533311725606,1
2970,test,1900,131521.699999937,1149251521.7,14,14,1,2,3784050.140697627,900523.7961263099,5037978.071041934,-86613.87454348404,52.514908372126,13.3861112487113,74.810730553786,0.0020567622040615,1
2971,test,1900,131521.899999937,1149251521.9,14,14,1,2,3784050.1931834454,900524.0235411022,5037978.263465894,-86624.02918224648,52.5149083018408,13.3861111574817,74.8093922809509,0.0021082395532158,1
2972,test,1900,131522.099999937,1149251522.1,14,14,1,2,3784050.2134550065,900523.6220364857,5037977.9776650015,-86634.51082392914,52.5149082794774,13.3861111720535,74.8080142227924,0.0020882463342494,1
2973,test,1900,131522.299999937,1149251522.3,14,14,1,2,3784050.257232636,900522.7772720743,5037976.400166043,-86645.95789161141,52.5149080908673,13.3861113417097,74.8065999271344,0.0015155739116372,1
2974,test,1900,131522.499999937,1149251522.5,14,14,1,2,3784050.4940200155,900522.7640550828,5037977.517957916,-86655.30150911605,52.5149082327228,13.3861112972801,74.8051524965133,0.0011945155511249,1
2975,test,1900,131522.699999937,1149251522.7,14,14,1,2,3784050.372034743,900522.9850808427,5037976.58595449,-86666.17052195121,52.5149081041905,13.3861112916432,74.8036782606087,0.0010568880304587,1
2976,test,1900,131522.899999937,1149251522.9,14,14,1,2,3784050.3296161573,900523.503913131,5037976.272174773,-86676.2878222001,52.5149080438636,13.386111339966,74.8021843507986,0.0008751266637932,1
2977,test,1900,131523.099999937,1149251523.1,14,14,1,2,3784050.4675532724,900523.25823737,5037976.885653759,-86686.24640665375,52.5149079029223,13.3861114594253,74.8006789812409,0.0008803883301294,1
2978,test,1900,131523.299999937,1149251523.3,14,14,1,2,3784050.4559112648,900522.846281026,5037976.10996875,-86697.18110734725,52.5149078099246,13.3861114274186,74.7991695956171,0.0009661933758738,1
2979,test,1900,131523.499999937,1149251523.5,14,14,1,2,3784050.468646799,900523.5730406943,5037976.386149959,-86707.0056953752,52.514907741969,13.3861114134166,74.7976619514566,0.0013197132860486,1
2980,test,1900,131523.699999937,1149251523.7,14,14,1,2,3784050.2122287755,900523.653536272,5037974.356902868,-86718.58935372281,52.5149076514935,13.3861114069921,74.7961643798771,0.0017166398911342,1
2981,test,1900,131523.899999937,1149251523.9,14,14,1,2,3784050.422236623,900522.5239457982,5037974.621002588,-86728.91021986635,52.5149076743791,13.3861114054642,74.7946861959661,0.0022360938985405,1
2982,test,1900,131524.099999937,1149251524.1,14,14,1,2,3784050.5082943873,900522.3876476431,5037974.587702636,-86739.23177239204,52.5149076988201,13.3861114241711,74.7932384655726,0.0027703403101245,1
2983,test,1900,131524.299999937,1149251524.3,14,14,1,2,3784050.592325876,900522.7001683046,5037974.720533081,-86749.42904963509,52.5149076479155,13.3861114528468,74.791831945526,0.0033008504152089,1
2984,test,1900,131524.499999937,1149251524.5,14,14,1,2,3784050.863381665,900522.6250528846,5037975.902009505,-86758.94354467005,52.5149077085839,13.3861114961113,74.7904765653945,0.0037307578598128,1
2985,test,1900,131524.699999937,1149251524.7,14,14,1,2,3784050.7660818817,900523.189717123,5037975.613588223,-86769.24534420024,52.5149077094276,13.3861115056998,74.7891818711458,0.0039923797883363,1
2986,test,1900,131524.899999937,1149251524.9,14,14,1,2,3784050.7031733305,900523.5428026193,5037975.068397784,-86779.78520722044,52.5149077564663,13.3861114604517,74.7879566396757,0.0038140458210227,1
2987,test,1900,131525.099999937,1149251525.1,14,14,1,2,3784050.6719930503,900523.7749211428,5037974.925244159,-86790.18616064021,52.5149076513862,13.3861114882719,74.7868091810307,0.003145620208441,1
2988,test,1900,131525.299999937,1149251525.3,14,14,1,2,3784050.56386924,900523.9703656033,5037974.274744942,-86800.84256128898,52.514907631278,13.3861114443839,74.7857433821623,0.0021400921976262,1
2989,test,1900,131525.499999937,1149251525.5,14,14,1,2,3784050.572543984,900523.8861659248,5037974.520348663,-86810.95103111079,52.5149076442059,13.3861114702232,74.7847581461452,0.0014121373040471,1
2990,test,1900,131525.699999937,1149251525.7,14,14,1,2,3784050.531449954,900523.9562173903,5037973.903198971,-86821.7346025335,52.5149075953178,13.3861114381185,74.7838564344846,0.0006318903031937,1
2991,test,1900,131525.999999937,1149251526.0,14,14,1,2,3784050.112196402,900523.7911730261,5037971.301308262,-86838.97277383764,52.5149075205069,13.3861114722131,74.7826701812168,-0.0006741199199808,1
2992,test,1900,131526.299999937,1149251526.3,14,14,1,2,3784050.5912579536,900523.5822851117,5037973.778748807,-86852.87073759708,52.5149074662492,13.386111481717,74.7816957824155,-0.0016087406519624,1
2993,test,1900,131526.499999937,1149251526.5,14,14,1,2,3784050.7996126767,900523.4292644401,5037975.249931381,-86862.13571077288,52.5149075424174,13.3861114244992,74.7811702869847,-0.001922161810469,1
2994,test,1900,131526.699999937,1149251526.7,13,13,1,2,3784051.5942447204,900517.7642314414,5037974.819157071,-86874.57033358143,52.5149075574963,13.3861114365066,74.7807484404255,-0.0020566124507608,1
2995,test,1900,131526.899999937,1149251526.9,13,13,1,2,3784051.5943805305,900517.6886764951,5037974.976462135,-86884.78957874032,52.5149074690396,13.3861114197121,74.7804334821731,-0.0020399721033712,1
2996,test,1900,131527.099999937,1149251527.1,13,13,1,2,3784051.48230903,900517.5308354605,5037974.145830671,-86895.68843308947,52.5149075568111,13.3861114244804,74.7802280980638,-0.0015719416818664,1
2997,test,1900,131527.399999937,1149251527.4,13,13,1,2,3784051.521017238,900517.3195840144,5037974.060624189,-86911.19491252831,52.5149074885797,13.3861114439044,74.7801306063011,-0.0001712711524059,1
2998,test,1900,131527.599999937,1149251527.6,13,13,1,2,3784051.660978951,900517.194858191,5037975.212165345,-86920.68854790163,52.5149075766337,13.3861114016819,74.780203018467,0.0007044892420373,1
2999,test,1900,131527.799999937,1149251527.8,13,13,1,2,3784051.6918716766,900517.283752458,5037974.61400164,-86931.45515441685,52.5149074856725,13.3861114227179,74.780382563662,0.0007713476697922,1
3000,test,1900,131527.999999937,1149251528.0,13,13,1,2,3784051.639249827,900517.166941488,5037974.362319648,-86941.94513197082,52.5149074778846,13.3861114488804,74.7806690086756,0.0006869112875305,1
3001,test,1900,131528.199999937,1149251528.2,13,13,1,2,3784051.6706903796,900517.1574661704,5037974.25904109,-86952.34740914498,52.5149074459139,13.386111435272,74.7810605844314,0.0006093305493444,1
3002,test,1900,131528.399999937,1149251528.4,13,13,1,2,3784051.998305681,900517.2414480508,5037976.345023583,-86961.2508821973,52.5149074116847,13.3861114316011,74.7815551993004,0.0005337133264718,1
3003,test,1900,131528.599999937,1149251528.6,13,13,1,2,3784051.608855872,900517.2761596857,5037975.433540682,-86972.3401966638,52.5149073857875,13.3861113934823,74.7821503731779,0.0002634666820067,1
3004,test,1900,131528.799999937,1149251528.8,13,13,1,2,3784051.453265928,900517.3718963158,5037974.250784429,-86983.56023850746,52.514907413736,13.386111379486,74.782842993341,-0.0001349416929729,1
3005,test,1900,131528.999999937,1149251529.0,13,13,1,2,3784051.2511288486,900517.3464536977,5037974.543036162,-86993.8192170981,52.5149075179113,13.3861114693287,74.7836290163325,-0.0005069444928383,1
3006,test,1900,131529.199999937,1149251529.2,13,13,1,2,3784051.0932893646,900517.2628932281,5037974.736855034,-87004.06448764312,52.5149074726955,13.3861114396875,74.7845034430861,-0.0008857574096406,1
3007,test,1900,131529.399999937,1149251529.4,13,13,1,2,3784051.5290323435,900517.1375718028,5037976.9685673965,-87012.78563039747,52.5149074675729,13.3861114215443,74.7854598300692,-0.0011724348921711,1
3008,test,1900,131529.599999937,1149251529.6,13,13,1,2,3784051.7973016654,900517.0953806795,5037977.068688877,-87022.91768409117,52.5149073891109,13.3861114278761,74.7864910541327,-0.0015266832811058,1
3009,test,1900,131529.799999937,1149251529.8,13,13,1,2,3784051.574194705,900517.0343322717,5037977.128965648,-87033.3326081028,52.5149073638321,13.3861114307879,74.7875893365873,-0.0016656305851321,1
3010,test,1900,131529.999999937,1149251530.0,13,13,1,2,3784051.415739193,900517.2096667233,5037977.411934876,-87043.5757911496,52.5149074867548,13.3861113651452,74.7887437456546,-0.0014287932366315,1
3011,test,1900,131530.299999937,1149251530.3,13,13,1,2,3784051.7471856894,900517.4767531755,5037979.242966439,-87057.77357052892,52.5149074206597,13.3861113530314,74.7905538915972,-0.0005744999895965,1
3012,test,1900,131530.499999937,1149251530.5,13,13,1,2,3784051.4439081587,900517.6253367048,5037978.723092397,-87068.58513599979,52.514907455916,13.3861113489437,74.7917994191584,-0.0003613257087493,1
3013,test,1900,131530.699999937,1149251530.7,13,13,1,2,3784051.1667949967,900517.8425627277,5037977.491743679,-87079.82015562225,52.5149073819586,13.3861113399875,74.7930650228263,-0.0004745477804584,1
3014,test,1900,131530.899999937,1149251530.9,13,13,1,2,3784051.679889712,900518.2655615247,5037980.902181949,-87087.80597427774,52.5149075322333,13.3861114003708,74.794339960846,-0.0003756770608739,1
3015,test,1900,131531.099999937,1149251531.1,13,13,1,2,3784051.709729294,900518.5430139522,5037981.175458464,-87097.95701265341,52.5149074173329,13.3861114131323,74.7956125191465,-0.0002897790302348,1
3016,test,1900,131531.399999937,1149251531.4,13,13,1,2,3784051.497522229,900518.7756010032,5037981.436754126,-87113.38705884424,52.5149073931818,13.386111401878,74.7974910156849,0.0001245228347779,1
3017,test,1900,131531.599999937,1149251531.6,13,13,1,2,3784051.226071535,900519.0517526261,5037981.4001057055,-87123.91624050288,52.5149073887626,13.3861113914954,74.7987060355813,0.0005022818185605,1
3018,test,1900,131531.799999937,1149251531.8,13,12,1,2,3784042.405511353,900522.1116423322,5037978.0266056,-87140.45720289707,52.5149074993029,13.3861114844033,74.7998785234125,0.0008934351974946,1
3019,test,1900,131531.999999937,1149251532.0,13,12,1,2,3784042.273513497,900522.2160571591,5037977.016833326,-87151.50576445647,52.514907559281,13.3861113913261,74.8009982236254,0.001505937813225,1
3020,test,1900,131532.199999937,1149251532.2,13,12,1,2,3784042.615418654,900522.5023020654,5037978.65028206,-87160.66792853521,52.5149075075593,13.386111468119,74.8020551395973,0.001982085421987,1
3021,test,1900,131532.399999937,1149251532.4,13,12,1,2,3784042.607089636,900522.6834796122,5037978.15258414,-87171.3354137358,52.5149075774871,13.3861114438294,74.8030400012479,0.0021123021076789,1
3022,test,1900,131532.599999937,1149251532.6,13,12,1,2,3784042.752496136,900523.0641389197,5037978.294239248,-87181.54725125646,52.5149074526436,13.386111449154,74.8039450981043,0.0024388497890751,1
3023,test,1900,131532.799999937,1149251532.8,13,12,1,2,3784042.738530708,900523.4444233616,5037977.906114818,-87192.14267728607,52.5149074287541,13.3861114584909,74.8047638243027,0.0023907729328413,1
3024,test,1900,131532.999999937,1149251533.0,13,12,1,2,3784042.709049239,900523.7705707318,5037977.5930462545,-87202.70743384217,52.5149074323656,13.3861114535619,74.805490764216,0.002174981282192,1
3025,test,1900,131533.299999937,1149251533.3,13,12,1,2,3784043.013443939,900524.115372444,5037978.900741822,-87217.2572792093,52.5149073628133,13.3861114652376,74.8064001568153,0.0016035601810172,1
3026,test,1900,131533.499999937,1149251533.5,13,12,1,2,3784043.148059767,900524.0620410226,5037978.952734093,-87227.473849162,52.5149075842688,13.3861114478151,74.8068817414284,0.0012332679588952,1
3027,test,1900,131533.699999937,1149251533.7,13,12,1,2,3784043.4562847726,900524.2659938738,5037980.777865415,-87236.50075572632,52.5149074925331,13.3861114415438,74.8072618886815,0.0010987896159896,1
3028,test,1900,131533.999999937,1149251534.0,13,12,1,2,3784043.5335319904,900525.148420683,5037980.641858603,-87252.14935139965,52.5149074309445,13.3861114205727,74.8076427262655,0.0005338275007115,1
3029,test,1900,131534.299999937,1149251534.3,13,12,1,2,3784043.585798482,900524.8564782286,5037980.25015364,-87267.80218353779,52.5149074367487,13.3861114411434,74.8078088155024,0.0002366049383574,1
3030,test,1900,131534.599999937,1149251534.6,14,12,1,2,3784043.414344684,900525.4574989416,5037979.459621072,-87283.83289921677,52.5149074549417,13.3861114479043,74.8077742647722,0.0006787584530894,1
3031,test,1900,131534.799999937,1149251534.8,14,12,1,2,3784043.536614204,900525.303072225,5037979.819974356,-87293.92276710633,52.5149074592723,13.3861114682746,74.8076464106806,0.0010791504598176,1
3032,test,1900,131534.999999937,1149251535.0,14,12,1,2,3784043.7461997783,900525.215467996,5037980.763447014,-87303.49023178061,52.5149074666723,13.3861114516898,74.8074405513902,0.0012431909268289,1
3033,test,1900,131535.199999937,1149251535.2,14,13,1,2,3784040.8270993535,900537.6003493398,5037981.047369201,-87310.62458447121,52.5149075334995,13.3861114177578,74.8071623502155,0.0013967421157661,1
3034,test,1900,131535.399999937,1149251535.4,14,13,1,2,3784040.8539721677,900537.3167591151,5037981.15391889,-87320.82475055582,52.5149074514985,13.3861114200149,74.8068181709138,0.0013456777830788,1
3035,test,1900,131535.699999937,1149251535.7,14,13,1,2,3784040.863778574,900537.4368192836,5037981.555889978,-87335.89182821047,52.5149074203708,13.3861114278946,74.8061928544068,0.001164959762267,1
3036,test,1900,131535.999999937,1149251536.0,13,12,1,2,3784043.8265796206,900525.0933906191,5037981.1120382175,-87354.66848672212,52.5149074652871,13.3861114306445,74.8054571769294,0.0007608460658022,1
3037,test,1900,131536.299999937,1149251536.3,13,12,1,2,3784044.263572825,900524.9918482449,5037982.122924608,-87369.22528980777,52.5149075140184,13.3861114024372,74.8046398478171,0.0002105777372388,1
3038,test,1900,131536.599999937,1149251536.6,13,12,1,2,3784044.843174577,900524.463872399,5037982.737027345,-87383.92678763426,52.5149075073267,13.386111420955,74.8037818876961,-0.0006444121499432,1
3039,test,1900,131536.899999937,1149251536.9,13,12,1,2,3784044.7744144136,900524.628319971,5037983.194256422,-87399.12946781242,52.5149075563313,13.3861113721369,74.802914745924,-0.0018101240270143,1
3040,test,1900,131537.199999937,1149251537.2,13,13,1,2,3784043.1941829077,900525.9158078234,5037982.4062332865,-87415.90027654963,52.5149075457054,13.3861112982541,74.8020608176552,-0.0014531524938523,1
3041,test,1900,131537.399999937,1149251537.4,13,13,1,2,3784043.700924409,900525.7656880901,5037983.17344224,-87425.455725481,52.5149075403188,13.3861114529245,74.8015097564106,-0.0015091893673973,1
3042,test,1900,131537.599999937,1149251537.6,13,13,1,2,3784043.7456107107,900526.28287096,5037982.630213725,-87436.17261653735,52.5149074362613,13.3861114734846,74.800978251188,-0.0018855794389669,1
3043,test,1900,131537.899999937,1149251537.9,13,13,1,2,3784043.815879119,900526.982825484,5037982.399362712,-87451.79180673254,52.5149074034778,13.3861114777629,74.8002250182943,-0.00184296910869,1
3044,test,1900,131538.199999937,1149251538.2,13,13,1,2,3784044.6657822765,900526.7513998055,5037983.245412059,-87466.26473251088,52.5149074773043,13.3861114620673,74.7995355864108,-0.0006656505896293,1
3045,test,1900,131538.499999937,1149251538.5,13,13,1,2,3784045.5414460828,900526.1475862121,5037982.45766205,-87481.70157683939,52.5149074515449,13.3861114844473,74.7989188844395,-0.0006436811067556,1
3046,test,1900,131538.799999937,1149251538.8,13,13,1,2,3784045.952822959,900526.2386924712,5037982.340238813,-87496.98203987228,52.5149074834067,13.3861114458461,74.7983799085766,-0.000410109642752,1
3047,test,1900,131539.099999937,1149251539.1,13,13,1,2,3784046.5886295442,900527.7531206072,5037981.47594365,-87512.3764055655,52.5149075211764,13.3861114756733,74.7979235830936,-1.51951864787408e-05,1
3048,test,1900,131539.299999937,1149251539.3,13,13,1,2,3784046.853960903,900528.5879392545,5037981.029664645,-87522.6135094078,52.5149075221179,13.3861115031164,74.7976667588978,0.00038982976885,1
3049,test,1900,131539.599999937,1149251539.6,13,13,1,2,3784047.5040940307,900528.7103447816,5037981.550911755,-87537.08386708316,52.5149074585671,13.3861114869572,74.7973518668906,0.0010616435930155,1
3050,test,1900,131539.799999937,1149251539.8,13,13,1,2,3784047.783296224,900528.9132551705,5037981.774989293,-87546.8355221245,52.514907458708,13.3861114998641,74.7971860995579,0.0014016335158749,1
3051,test,1900,131540.099999937,1149251540.1,13,13,1,2,3784048.6050205897,900529.4700174655,5037981.133412254,-87562.10444682061,52.5149074366603,13.3861115071206,74.7970007730034,0.0015848938961281,1
3052,test,1900,131540.399999937,1149251540.4,13,13,1,2,3784048.9294354413,900531.2872976868,5037979.937687127,-87577.57045278423,52.5149075538143,13.3861114980761,74.7968893268745,0.0012081884896746,1
3053,test,1900,131540.599999937,1149251540.6,13,13,1,2,3784049.7702596555,900531.4273337508,5037980.070482136,-87587.20178186384,52.5149075378724,13.3861115027341,74.7968546118378,0.0003294314718912,1
3054,test,1900,131540.899999937,1149251540.9,13,13,1,2,3784050.403172726,900532.2125625592,5037980.7449797,-87601.72437879333,52.5149074876174,13.3861114513987,74.7968540406572,-0.0005053939064605,1
3055,test,1900,131541.199999937,1149251541.2,13,13,1,2,3784051.144422727,900532.637858593,5037980.490155712,-87616.91467719995,52.5149075786672,13.3861114547921,74.7969112290258,-0.0005136537828891,1
3056,test,1900,131541.499999937,1149251541.5,13,13,1,2,3784052.1436647656,900533.236160445,5037983.618767927,-87629.94524427518,52.5149075671805,13.3861114161717,74.7970259091782,-6.66118436472574e-05,1
3057,test,1900,131541.699999937,1149251541.7,13,13,1,2,3784052.616868112,900534.0634421462,5037983.105470314,-87640.28467863575,52.5149076043026,13.3861116311744,74.7971330179185,0.0004112467122572,1
3058,test,1900,131541.899999937,1149251541.9,13,13,1,2,3784053.0623947787,900534.973407069,5037982.063369457,-87650.90975203378,52.5149075333635,13.3861115808503,74.7972670758743,0.0010125865017539,1
3059,test,1900,131542.099999937,1149251542.1,13,13,1,2,3784053.617543865,900534.3905000711,5037983.228187109,-87660.06288925032,52.5149074579223,13.3861115851857,74.7974330704022,0.0006730113953236,1
3060,test,1900,131542.399999937,1149251542.4,13,13,1,2,3784054.1436909325,900535.2519188795,5037982.3683538735,-87675.63233484086,52.5149074565873,13.386111539816,74.7977563184057,-0.0042974297271975,1
3061,test,1900,131542.599999937,1149251542.6,13,13,1,2,3784054.951465633,900536.2932497136,5037983.341194103,-87684.71058306884,52.5149074378435,13.3861115160992,74.7980312497206,-0.0117880021710537,1
3062,test,1900,131542.799999937,1149251542.8,13,13,1,2,3784054.9530689465,900536.8245067345,5037983.778615034,-87694.58956949734,52.5149074835116,13.3861115333051,74.7983637052016,-0.0227082273161352,1
3063,test,1900,131542.999999937,1149251543.0,13,13,1,2,3784055.001349583,900538.1826825476,5037982.989901188,-87705.32900977046,52.5149075259807,13.3861115016896,74.79876186619,-0.036706348435715,1
3064,test,1900,131543.299999937,1149251543.3,13,13,1,2,3784055.1403054735,900537.8026460492,5037983.230431184,-87720.32078650518,52.514907435854,13.3861115182556,74.7995022792956,-0.0628595545311828,1
3065,test,1900,131543.499999937,1149251543.5,13,13,1,2,3784054.8405206595,900538.2771401461,5037983.764149515,-87730.40279890204,52.5149073643621,13.3861115831534,74.8001083837451,-0.0788631797980721,1
3066,test,1900,131543.799999937,1149251543.8,13,13,1,2,3784055.0635254974,900538.9862746496,5037982.321533374,-87746.36835750601,52.5149074223255,13.386111474702,74.8012178791441,-0.0810100628355986,1
3067,test,1900,131544.099999937,1149251544.1,13,13,1,2,3784055.052045566,900538.0588340565,5037981.894083103,-87761.67102176277,52.5149076378029,13.386111415739,74.8026067647536,-0.0295081523487949,1
3068,test,1900,131544.299999937,1149251544.3,13,13,1,2,3784055.0307693486,900538.0976826107,5037981.712806574,-87772.1047186286,52.5149075214123,13.3861113872566,74.8037117373768,0.0500815131405078,1
3069,test,1900,131544.499999937,1149251544.5,13,13,1,2,3784054.522314578,900537.107907458,5037983.258674699,-87782.28111195068,52.5149074917728,13.3861119634176,74.8049782967104,0.173834316270185,0
3070,test,1900,131544.699999937,1149251544.7,13,12,1,2,3784053.1555419243,900530.650984672,5037982.951345622,-87795.41561859209,52.5149069497151,13.3861118004499,74.806426181971,0.346645971996233,0
3071,test,1900,131544.899999937,1149251544.9,12,11,1,2,3784053.113504963,900525.8207346768,5037986.304793616,-87804.91848302977,52.5149061552083,13.3861119210774,74.8080763128205,0.559506579834138,0
3072,test,1900,131545.099999937,1149251545.1,13,12,1,2,3784050.5519616306,900523.0438620996,5037987.536205,-87817.22803592906,52.5149048830037,13.3861119634766,74.8099439425249,0.801701278802799,0
3073,test,1900,131545.299999937,1149251545.3,13,12,1,2,3784050.1675151708,900524.2746331478,5037992.872251173,-87823.50423009584,52.5149031740661,13.3861122275524,74.8120428803557,1.0716103532757,0
3074,test,1900,131545.499999937,1149251545.5,13,13,1,2,3784052.7887981283,900526.2911193131,5038003.15564366,-87825.20318131644,52.5149010639175,13.3861125525225,74.8143857465585,1.37502525255684,0
3075,test,1900,131545.699999937,1149251545.7,13,13,1,2,3784055.192360423,900524.3263127488,5038006.597710212,-87832.39849802935,52.5148983619209,13.3861130088423,74.8169839420801,1.71267701405504,0
3076,test,1900,131545.899999937,1149251545.9,13,13,1,2,3784054.306202286,900522.4796511424,5038006.834225012,-87843.61428667011,52.5148949578778,13.3861135180137,74.8198474576539,2.07730102715885,0
3077,test,1900,131546.099999937,1149251546.1,13,13,1,2,3784052.8074462283,900522.9269018838,5038005.919916912,-87854.84547399441,52.5148909608619,13.3861141842088,74.8229840138047,2.45872143525149,0
3078,test,1900,131546.299999937,1149251546.3,13,13,1,2,3784051.8403442563,900522.7869891794,5038001.78045396,-87868.00103558249,52.514886248243,13.3861149574986,74.8263988546184,2.84794278866304,0
3079,test,1900,131546.499999937,1149251546.5,13,13,1,2,3784052.2393747233,900521.3211784366,5038001.818170326,-87878.29377371201,52.5148808233107,13.3861158426518,74.8300940078041,3.23454379005742,0
3080,test,1900,131546.699999937,1149251546.7,13,13,1,2,3784050.9214992197,900520.6651023773,5037998.951572882,-87890.508718523,52.5148748218848,13.386116773603,74.8340691356639,3.60158728953932,0
3081,test,1900,131546.899999937,1149251546.9,13,13,1,2,3784050.4734775103,900519.6357756917,5037995.286627138,-87904.11042049395,52.5148681301335,13.3861179104927,74.8383200413855,3.92847960909391,0
3082,test,1900,131547.099999937,1149251547.1,13,13,1,2,3784049.7026786804,900518.8800290553,5037992.2051559035,-87916.59149662669,52.5148609440421,13.3861192089685,74.8428398294435,4.20873364409176,0
3083,test,1900,131547.399999937,1149251547.4,13,13,1,2,3784050.0790458247,900519.2733529916,5037990.396641688,-87933.21009431579,52.5148492408493,13.3861211145817,74.8500993477114,4.57498099836959,0
3084,test,1900,131547.599999937,1149251547.6,13,13,1,2,3784052.1663309014,900518.1194004449,5037988.989398137,-87943.93734419132,52.51484104079,13.3861224124752,74.8552382641527,4.82107328764719,0
3085,test,1900,131547.799999937,1149251547.8,13,13,1,2,3784053.150290836,900519.5691279256,5037988.73631024,-87953.92839258007,52.5148326674627,13.3861236715489,74.8605971956054,5.09117910853733,0
3086,test,1900,131547.999999937,1149251548.0,14,14,1,2,3784051.971767673,900520.7015244488,5037984.930473321,-87966.40921602728,52.5148235340251,13.3861255951542,74.8661579514508,5.38699109680448,0
3087,test,1900,131548.199999937,1149251548.2,13,13,1,2,3784054.5909308726,900518.5295668985,5037984.731168851,-87976.34194158867,52.5148137635509,13.3861271956139,74.8719011904117,5.69296775205417,0
3088,test,1900,131548.399999938,1149251548.4,13,13,1,2,3784057.0501226084,900520.7089358023,5037988.74506327,-87982.5867354577,52.5148033760848,13.3861288989448,74.8778062397465,5.98556186602962,0
3089,test,1900,131548.599999938,1149251548.6,13,13,1,2,3784060.231882572,900520.2532024891,5037987.866454879,-87991.31049835666,52.5147926142457,13.3861306640652,74.8838519543382,6.24794333165031,0
3090,test,1900,131548.799999938,1149251548.8,13,13,1,2,3784061.1968400665,900519.4431091798,5037985.993492773,-88002.87157556023,52.5147814030674,13.3861325338686,74.8900159927191,6.46911015581992,0
3091,test,1900,131548.999999938,1149251549.0,14,14,1,2,3784060.8651574613,900521.9120943977,5037981.465236984,-88016.06077173259,52.5147697712153,13.3861344806671,74.896276046637,6.64471886179164,0
3092,test,1900,131549.199999938,1149251549.2,13,13,1,2,3784062.031067448,900523.9976793601,5037977.686947809,-88028.76267405324,52.5147578932901,13.3861364869302,74.9026100523507,6.77502523998189,0
3093,test,1900,131549.399999938,1149251549.4,13,13,1,2,3784062.3075925456,900524.099362469,5037971.131815095,-88044.33705650804,52.514745812027,13.3861385853446,74.9089947591687,6.86549346699164,0
3094,test,1900,131549.599999938,1149251549.6,13,13,1,2,3784064.811085486,900525.9080437518,5037965.474528538,-88057.31477767913,52.5147336152743,13.3861407613382,74.9154067088816,6.93072697949708,0
3095,test,1900,131549.799999938,1149251549.8,11,11,1,2,3784065.488236571,900527.5484542536,5037960.841810868,-88070.88183512111,52.5147212914912,13.3861430357296,74.9218226298844,6.99070896640239,0
3096,test,1900,131549.999999938,1149251550.0,11,11,1,2,3784066.9543200443,900529.32321333,5037959.469656223,-88081.1945368723,52.5147089223077,13.3861454282395,74.9282192387958,7.06535091614704,0
3097,test,1900,131550.199999938,1149251550.2,11,11,1,2,3784067.795781319,900527.1276855732,5037954.974087644,-88094.10677789537,52.5146966914559,13.3861479269259,74.9345744590229,7.1650835826032,0
3098,test,1900,131550.399999938,1149251550.4,12,12,1,2,3784068.216394865,900527.2367241266,5037954.534911811,-88105.21308810049,52.5146839367492,13.3861505682617,74.940866826209,7.29027150947902,0
3099,test,1900,131550.599999938,1149251550.6,12,12,1,2,3784068.344919283,900527.3054144947,5037946.886462751,-88121.86923542169,52.514671179787,13.3861533478543,74.9470759635156,7.43755837232855,0
3100,test,1900,131550.799999938,1149251550.8,12,12,1,2,3784068.2896083966,900525.9049867382,5037938.040900576,-88138.9689777065,52.5146578902185,13.3861562920793,74.9531797931455,7.59986639123764,0
3101,test,1900,131550.999999938,1149251551.0,13,13,1,2,3784068.9357843497,900523.4533410843,5037929.572681183,-88155.49135929266,52.5146442538347,13.3861593968838,74.9591563380323,7.77136161496955,0
3102,test,1900,131551.199999938,1149251551.2,13,12,1,2,3784069.074058228,900518.8164868804,5037937.439534786,-88162.38878066586,52.5146303799648,13.3861627032799,74.9649830181755,7.94553010699799,0
3103,test,1900,131551.399999938,1149251551.4,13,13,1,2,3784068.736721712,900521.9346498029,5037924.269143093,-88179.28329484935,52.5146167167874,13.3861661549642,74.9706376752099,8.12117398958341,0
3104,test,1900,131551.599999938,1149251551.6,13,13,1,2,3784068.134262286,900522.8223975161,5037924.830933755,-88189.62117399838,52.5146022872215,13.3861698119691,74.9761012434186,8.29495864156024,0
3105,test,1900,131551.799999938,1149251551.8,14,14,1,2,3784074.127044295,900522.3275183821,5037965.229642601,-88172.18286480906,52.5145874991654,13.3861736276213,74.9813586402772,8.46141012406368,0
3106,test,1900,131551.999999938,1149251552.0,13,13,1,2,3784069.2182977996,900524.2518589498,5037926.156329343,-88207.62530804222,52.5145724046682,13.3861775650517,74.9863958922807,8.6199877068842,0
3107,test,1900,131552.199999938,1149251552.2,13,13,1,2,3784069.1375494744,900525.3559729494,5037930.00970804,-88215.22960630922,52.5145571391107,13.3861816122879,74.9912004702101,8.76966098191429,0
3108,test,1900,131552.399999938,1149251552.4,14,14,1,2,3784075.0730706234,900525.5355493813,5037966.391323364,-88199.88745575825,52.51454282876,13.3861862101832,74.9957827754447,8.90240150775866,0
3109,test,1900,131552.599999938,1149251552.6,12,12,1,2,3784069.3628345956,900520.7938278873,5037942.733692255,-88229.69356460686,52.514527098666,13.3861904163615,75.0001659084341,9.02124770170272,0
3110,test,1900,131552.799999938,1149251552.8,13,13,1,2,3784072.562174288,900527.4715324955,5037935.915694317,-88239.81891526695,52.5145113465955,13.3861946579696,75.0043818150075,9.13135485876438,0
3111,test,1900,131552.999999938,1149251553.0,13,13,1,2,3784074.7658391115,900530.4537244414,5037936.459982645,-88247.75631383197,52.5144953370459,13.3861989459633,75.0084700018873,9.23921159664495,0
3112,test,1900,131553.199999938,1149251553.2,13,13,1,2,3784075.9080207855,900532.5567861254,5037938.333113536,-88255.76662599204,52.5144793628548,13.3862032525905,75.0124759956369,9.35349437179742,0
3113,test,1900,131553.399999938,1149251553.4,13,13,1,2,3784077.0985586545,900533.4018819345,5037943.679896865,-88260.83982977585,52.5144630284964,13.3862075313991,75.0164478612739,9.47495919645474,0
3114,test,1900,131553.599999938,1149251553.6,11,11,1,2,3784077.9184031906,900526.5648383127,5037958.369335016,-88262.27504848957,52.5144465254645,13.3862117201018,75.0204361664659,9.59784344835152,0
3115,test,1900,131553.799999938,1149251553.8,11,11,1,2,3784080.918823884,900525.8430987468,5037962.768962338,-88267.44575217976,52.5144296280971,13.386215691469,75.0244897970593,9.71521963631008,0
3116,test,1900,131553.999999938,1149251554.0,12,11,1,2,3784083.567950677,900526.9406762678,5037965.69035561,-88274.0183865287,52.5144123036005,13.3862194798348,75.0286479033727,9.82285436540912,0
3117,test,1900,131554.199999938,1149251554.2,12,12,1,2,3784088.304335918,900532.146659632,5037958.9082017355,-88284.94170694392,52.5143951225378,13.3862230437529,75.0329462571496,9.92226574711779,0
3118,test,1900,131554.399999938,1149251554.4,11,10,1,2,3784092.0507403207,900532.5635976584,5037967.943852286,-88285.96608426716,52.5143776974664,13.3862263996091,75.0374133355087,10.0152792349449,0
3119,test,1900,131554.599999938,1149251554.6,13,12,1,2,3784094.10420612,900535.560912907,5037963.69349647,-88298.20126507457,52.5143599922492,13.3862296300267,75.0420679772792,10.1044259512404,0
3120,test,1900,131554.799999938,1149251554.8,13,12,1,2,3784096.2495803516,900537.2735295492,5037962.173765831,-88308.8994925664,52.5143422077312,13.3862328048679,75.0469213339403,10.1939861276328,0
3121,test,1900,131554.999999938,1149251555.0,12,12,1,2,3784096.938542249,900538.167077491,5037963.69907863,-88317.8649382311,52.5143240818215,13.386235924407,75.051975319299,10.2831568806351,0
3122,test,1900,131555.199999938,1149251555.2,11,11,1,2,3784096.371040524,900533.684336553,5037968.466574769,-88326.07838244793,52.51430572841,13.3862389904625,75.0572257710662,10.3720226881321,0
3123,test,1900,131555.399999938,1149251555.4,11,11,1,2,3784097.388218909,900534.0940183924,5037965.196887885,-88337.89912329447,52.5142873021574,13.3862420502831,75.0626622098856,10.4598228379495,0
3124,test,1900,131555.599999938,1149251555.6,12,12,1,2,3784099.0240019658,900538.6546121676,5037956.323981711,-88352.24757432219,52.5142687335628,13.3862451007527,75.068268892212,10.5423228318273,0
3125,test,1900,131555.799999938,1149251555.8,12,12,1,3,3784101.348273799,900518.472429058,5037994.868176714,-88338.38725378143,52.5142500932435,13.3862481780998,75.0740274069501,10.6164653299632,0
3126,test,1900,131555.999999938,1149251556.0,13,13,1,2,3784102.658636648,900524.2744580036,5037981.656705609,-88354.1828882764,52.5142313575306,13.3862512950711,75.0799153481898,10.6786778230147,0
3127,test,1900,131556.199999938,1149251556.2,12,12,1,2,3784102.5990224117,900523.9879017421,5037974.16428188,-88368.85680345882,52.5142126449168,13.3862544159272,75.0859097722623,10.7283584928515,0
3128,test,1900,131556.399999938,1149251556.4,12,12,1,2,3784103.5619636765,900526.9015722366,5037970.452055084,-88380.73958369953,52.514194759488,13.3862566965675,75.0919866167876,10.7652961794765,0
3129,test,1900,131556.599999938,1149251556.6,12,12,1,2,3784105.031730431,900526.8852564713,5037963.586917473,-88395.42325095332,52.5141760425584,13.3862598317355,75.0981226651411,10.7878930989177,0
3130,test,1900,131556.799999938,1149251556.8,11,11,1,2,3784104.5713119702,900537.0528733279,5037927.706411309,-88430.70924360775,52.5141569890466,13.3862629200713,75.1042972175211,10.8112025065091,0
3131,test,1900,131556.999999938,1149251557.0,10,10,1,2,3784105.01355623,900532.7248142145,5037934.02262336,-88438.6444542023,52.5141377906983,13.3862660047368,75.110493507901,10.8394588707516,0
3132,test,1900,131557.199999938,1149251557.2,10,10,1,2,3784106.478895877,900533.7926095789,5037904.399956654,-88467.40928553375,52.5141187041945,13.3862691313479,75.1167002225446,10.8728115242654,0
3133,test,1900,131557.399999938,1149251557.4,11,11,1,2,3784110.7377954326,900540.7984285227,5037921.527701462,-88462.86724153721,52.5140992647181,13.3862722050605,75.1229136132897,10.9013748477197,0
3134,test,1900,131557.599999938,1149251557.6,12,12,1,2,3784113.348041452,900541.9971973056,5037935.017744155,-88463.14646064797,52.5140801639707,13.3862752550216,75.1291367224046,10.9130742365299,0
3135,test,1900,131557.799999938,1149251557.8,13,13,1,2,3784115.101547609,900536.3853961697,5037952.1778991055,-88460.62828059196,52.5140608632792,13.3862783133793,75.1353786596736,10.9036723976481,0
3136,test,1900,131557.999999938,1149251558.0,13,13,1,2,3784115.8595123505,900537.0725954099,5037949.281892084,-88471.90028835247,52.5140415292263,13.3862813312547,75.1416527150732,10.8818841898409,0
3137,test,1900,131558.199999938,1149251558.2,13,13,1,2,3784117.9263719073,900539.0584947673,5037945.639329159,-88483.4919669204,52.5140225299391,13.3862843448454,75.1479731266088,10.8626048745679,0
3138,test,1900,131558.399999938,1149251558.4,13,13,1,2,3784119.8978659734,900539.3361239698,5037944.57674777,-88493.06484084255,52.514004176701,13.3862873111469,75.1543528827361,10.8572354703852,0
3139,test,1900,131558.599999938,1149251558.6,11,11,1,2,3784119.0314352293,900532.4437778161,5037926.224506494,-88517.68642736228,52.5139846804847,13.3862903552299,75.1608045983471,10.852871483377,0
3140,test,1900,131558.799999938,1149251558.8,10,10,1,2,3784118.8617416574,900539.0443306001,5037897.871925103,-88548.20261236648,52.5139656649431,13.3862933733623,75.1673353558417,10.8542792898012,0
3141,test,1900,131558.999999938,1149251559.0,9,9,1,2,3784117.3987499354,900525.7244733347,5037894.647920408,-88565.91698522674,52.5139463634126,13.3862963819492,75.1739466041559,10.8569832096284,0
3142,test,1900,131559.199999938,1149251559.2,10,10,1,2,3784123.0712955897,900538.671035157,5037897.122671803,-88567.76892538382,52.513927600542,13.3862994098438,75.1806332294833,10.8627003188595,0
3143,test,1900,131559.399999938,1149251559.4,10,10,1,2,3784126.464506805,900538.702677657,5037897.039296889,-88576.63089879214,52.5139085152564,13.3863024738219,75.1873826918889,10.869190735815,0
3144,test,1900,131559.599999938,1149251559.6,10,10,1,2,3784128.044598586,900541.9796067046,5037895.810327664,-88586.468747627,52.5138891252342,13.3863056026878,75.194177364968,10.8720219006312,0
3145,test,1900,131559.799999938,1149251559.8,10,10,1,2,3784129.4185759835,900542.354785498,5037889.736085417,-88600.07848397574,52.5138698412445,13.3863087656162,75.2009954381234,10.8713541039467,0
3146,test,1900,131559.999999938,1149251560.0,10,10,1,2,3784132.287730452,900541.93514968,5037885.310584651,-88612.55209243647,52.5138505823127,13.3863119546607,75.2078128720751,10.8695892015449,0
3147,test,1900,131560.199999938,1149251560.2,13,12,1,2,3784135.953847497,900549.4441488978,5037907.385385274,-88604.1894488961,52.5138316537388,13.3863151477566,75.2146040260084,10.8707001605691,0
3148,test,1900,131560.399999938,1149251560.4,12,11,1,2,3784127.63728831,900552.3944540083,5037897.445840945,-88625.37294947648,52.5138128153905,13.3863184295544,75.2213432739439,10.8765428135034,0
3149,test,1900,131560.599999938,1149251560.6,12,11,1,2,3784128.044914412,900553.3555830001,5037891.053974305,-88639.96960720285,52.5137940685961,13.3863216284311,75.228005832764,10.8873605370043,0
3150,test,1900,131560.799999938,1149251560.8,12,11,1,2,3784124.392224769,900553.1725492355,5037872.871005847,-88665.78150690983,52.5137748980575,13.3863247462012,75.2345684567187,10.8970569065465,0
3151,test,1900,131560.999999938,1149251561.0,13,12,1,3,3784144.3520198097,900547.4357080243,5037880.784256198,-88662.1052421064,52.5137556028246,13.3863278202125,75.2410081946947,10.8981247854899,0
3152,test,1900,131561.199999938,1149251561.2,12,12,1,2,3784141.094203011,900549.6619864162,5037874.9767683195,-88676.93113573891,52.5137366679283,13.3863311623084,75.2473050191484,10.8968601614023,0
3153,test,1900,131561.399999938,1149251561.4,12,12,1,2,3784142.255534942,900550.8622507978,5037874.983299891,-88686.3319327488,52.51371759435,13.3863342571659,75.2534382700733,10.8989213313804,0
3154,test,1900,131561.599999938,1149251561.6,12,12,1,2,3784142.7713671327,900551.5230704808,5037871.326307393,-88699.08194261011,52.5136984671998,13.386337374133,75.2593916329231,10.9062358473357,0
3155,test,1900,131561.799999938,1149251561.8,12,12,1,2,3784141.3157004863,900552.1591327598,5037871.393268439,-88709.42504388602,52.5136793144623,13.3863404648824,75.2651535928299,10.9226661974465,0
3156,test,1900,131561.999999938,1149251562.0,12,12,1,2,3784142.599562445,900555.2072759174,5037875.639087976,-88715.01695260807,52.5136601665812,13.3863436213322,75.2707187044461,10.9435494988452,0
3157,test,1900,131562.199999938,1149251562.2,13,13,1,2,3784143.47683191,900556.1343403647,5037872.47009344,-88726.82340447044,52.5136409746668,13.3863467465293,75.2760885302039,10.9635004914442,0
3158,test,1900,131562.399999938,1149251562.4,13,13,1,2,3784147.4120208453,900554.4882630766,5037877.485089694,-88732.57581910887,52.513621709944,13.3863498885634,75.2812690023489,10.9831422485547,0
3159,test,1900,131562.599999938,1149251562.6,12,12,1,2,3784137.264435978,900559.1518184033,5037868.726795917,-88752.80158746443,52.5136023781574,13.3863529523221,75.2862701533715,11.005625342887,0
3160,test,1900,131562.799999938,1149251562.8,12,12,1,2,3784138.890332146,900557.4614855015,5037872.286743386,-88759.60474260186,52.5135831498994,13.3863559806384,75.2911052410674,11.0300903245629,0
3161,test,1900,131562.999999938,1149251563.0,12,12,1,2,3784142.75443176,900556.6090847234,5037879.177875571,-88763.28874516966,52.5135638380974,13.3863590290919,75.2957896744768,11.0520158761191,0
3162,test,1900,131563.199999938,1149251563.2,11,11,1,2,3784143.62071892,900554.6154133338,5037871.467876592,-88778.24471978792,52.5135441533933,13.3863620367328,75.300340725411,11.0672341838912,0
3163,test,1900,131563.399999938,1149251563.4,10,10,1,2,3784147.285210511,900558.3980407496,5037881.661820769,-88779.12064540101,52.5135246730068,13.3863650709871,75.3047746291174,11.0761191484019,0
3164,test,1900,131563.599999938,1149251563.6,10,10,1,2,3784147.7674331125,900559.6960465767,5037874.208748668,-88793.78536477289,52.5135054115703,13.3863681404412,75.309108085333,11.0734223331185,0
3165,test,1900,131563.799999938,1149251563.8,10,10,1,2,3784150.9413887695,900562.1308941393,5037883.547888169,-88795.55357805849,52.5134859607898,13.3863711820656,75.3133553476653,11.0507092369205,0
3166,test,1900,131563.999999938,1149251564.0,11,11,1,2,3784153.2823071433,900561.0858706272,5037879.263235065,-88807.0161975466,52.5134665283747,13.3863741690777,75.3175292327663,11.0064586509089,0
3167,test,1900,131564.199999938,1149251564.2,11,11,1,2,3784155.626439344,900565.5152034004,5037880.459524051,-88814.99226144841,52.5134473582655,13.3863771205002,75.3216384783406,10.947366022668,0
3168,test,1900,131564.399999938,1149251564.4,11,11,1,2,3784167.4715914684,900559.5206141922,5037880.34338135,-88820.15387422328,52.5134282056021,13.3863800516985,75.3256888448565,10.8785265170244,0
3169,test,1900,131564.599999938,1149251564.6,11,11,1,2,3784169.316233981,900560.260213437,5037886.175574301,-88825.11933544057,52.5134089368645,13.3863829934463,75.3296834732877,10.8022927410603,0
3170,test,1900,131564.799999938,1149251564.8,11,11,1,2,3784161.5428904267,900566.405550934,5037879.163322643,-88842.55599095688,52.5133905196399,13.3863861877691,75.3336223149028,10.7234088289239,0
3171,test,1900,131564.999999938,1149251565.0,12,12,1,2,3784168.7752426267,900565.123063905,5037885.542115304,-88844.91033980633,52.5133716809956,13.3863890426436,75.3375030960855,10.6433489075844,0
3172,test,1900,131565.199999938,1149251565.2,12,12,1,2,3784167.5680066636,900559.2257982037,5037888.877172409,-88854.39530051828,52.5133530546003,13.3863918621638,75.3413234193971,10.562634118256,0
3173,test,1900,131565.399999938,1149251565.4,13,13,1,2,3784169.754306634,900561.7955036876,5037888.914970106,-88863.11177096314,52.5133345657988,13.3863946672749,75.3450800365102,10.4791541295037,0
3174,test,1900,131565.599999939,1149251565.6,14,14,1,2,3784172.547896279,900562.4889326432,5037891.316809693,-88869.91676449227,52.5133160741458,13.3863974192459,75.3487699416543,10.3901453956454,0
3175,test,1900,131565.799999939,1149251565.8,14,14,1,2,3784174.149677828,900563.5056059159,5037885.922935475,-88882.80592740068,52.5132979597182,13.3864000566259,75.3523913701504,10.2942979784177,0
3176,test,1900,131565.999999939,1149251566.0,14,14,1,2,3784175.5649793944,900565.7706884922,5037879.929531286,-88896.8063276013,52.5132800260433,13.3864026082988,75.3559430210556,10.1881666756479,0
3177,test,1900,131566.199999939,1149251566.2,14,14,1,2,3784177.9914101847,900567.6560124619,5037874.945294065,-88909.50462764128,52.5132621786709,13.3864050771619,75.3594261391455,10.0658814836532,0
3178,test,1900,131566.399999939,1149251566.4,14,14,1,2,3784180.0238070553,900568.140374081,5037870.92978109,-88922.33329301052,52.5132446504068,13.3864074686452,75.3628441640377,9.92489585036878,0
3179,test,1900,131566.599999939,1149251566.6,14,14,1,2,3784180.1659209915,900570.1283090936,5037868.8797816625,-88933.53502941557,52.5132272886304,13.3864097927989,75.3662031380745,9.7597255381146,0
3180,test,1900,131566.799999939,1149251566.8,12,12,1,2,3784170.5866804225,900573.9987186046,5037844.028336803,-88964.95452901535,52.5132102246636,13.3864120755506,75.3695119256242,9.565841831959,0
3181,test,1900,131566.999999939,1149251567.0,12,12,1,2,3784180.5393986604,900567.6156434021,5037836.251570735,-88977.75166953065,52.5131936672024,13.3864143507814,75.3727820232177,9.34533599908556,0
3182,test,1900,131567.199999939,1149251567.2,11,11,1,2,3784172.23905466,900574.377482824,5037829.641706087,-88995.65968434955,52.5131775636095,13.3864165775758,75.3760255906727,9.1063183722699,0
3183,test,1900,131567.399999939,1149251567.4,11,11,1,2,3784174.337235902,900573.6145774234,5037829.017236115,-89004.58452053957,52.5131617161619,13.3864187727912,75.379255566491,8.85461269595817,0
3184,test,1900,131567.599999939,1149251567.6,12,12,1,2,3784185.43420258,900570.7324725704,5037837.253415348,-89004.31431904239,52.5131464293106,13.3864208713361,75.3824848988055,8.59342871067065,0
3185,test,1900,131567.799999939,1149251567.8,12,12,1,2,3784187.5834983187,900570.7545981718,5037836.99038429,-89013.76107121306,52.5131312015775,13.3864229292716,75.3857254786359,8.32387748800549,0
3186,test,1900,131567.999999939,1149251568.0,12,12,1,2,3784188.0134259257,900569.4164487402,5037838.614731724,-89021.49999239834,52.5131170129159,13.3864248010312,75.3889878626572,8.04942155547327,0
3187,test,1900,131568.199999939,1149251568.2,11,10,1,2,3784188.647226415,900573.4522179208,5037830.343457619,-89037.3655485553,52.5131029473666,13.3864265607799,75.3922804718846,7.77725284031888,0
3188,test,1900,131568.399999939,1149251568.4,13,12,1,2,3784194.5218099672,900582.4773844591,5037872.422132445,-89014.7396679066,52.5130895209385,13.3864282212062,75.3956100044047,7.5152393584783,0
3189,test,1900,131568.599999939,1149251568.6,12,11,1,2,3784193.6202201163,900584.556033647,5037867.3155924305,-89028.4476317301,52.513076473526,13.3864297947215,75.3989804655751,7.26566697840945,0
3190,test,1900,131568.799999939,1149251568.8,12,11,1,2,3784182.6544068926,900587.3016952849,5037863.596185993,-89045.97068065536,52.5130641271248,13.3864312952998,75.4023941816132,7.02493705862328,0
3191,test,1900,131568.999999939,1149251569.0,13,12,1,2,3784196.4216309334,900584.0347012314,5037873.9608990075,-89043.4277165174,52.5130521693493,13.3864326919991,75.4058505554799,6.7834241280232,0
3192,test,1900,131569.199999939,1149251569.2,13,12,1,2,3784197.1267432924,900580.3724427115,5037873.885712581,-89052.90532075646,52.5130403530815,13.38643404516,75.4093474709212,6.53348112137708,0
3193,test,1900,131569.399999939,1149251569.4,12,11,1,2,3784199.5273336535,900581.6760389518,5037866.3122354895,-89067.2831607174,52.5130293087653,13.3864353136015,75.4128807215518,6.27507604228321,0
3194,test,1900,131569.599999939,1149251569.6,12,11,1,2,3784200.044522223,900576.4219612535,5037866.663233155,-89076.31346042271,52.5130186572092,13.3864364833529,75.4164447228639,6.01120436370661,0
3195,test,1900,131569.799999939,1149251569.8,12,11,1,2,3784202.6686507473,900573.715846015,5037866.239154591,-89086.14244391775,52.5130084378332,13.3864376155463,75.4200316808254,5.74891586506467,0
3196,test,1900,131569.999999939,1149251570.0,13,12,1,2,3784202.466581973,900573.7874212554,5037856.24888471,-89103.83316372319,52.5129986201471,13.3864386899124,75.4236335057148,5.49835502281047,0
3197,test,1900,131570.199999939,1149251570.2,13,12,1,2,3784204.3131113886,900574.0548438272,5037851.246602065,-89117.18869742926,52.5129891730522,13.3864396641707,75.4272396043835,5.26928438185211,0
3198,test,1900,131570.399999939,1149251570.4,14,13,1,2,3784206.2882307814,900580.0086699942,5037858.883122196,-89119.85090453757,52.5129804632655,13.3864405324292,75.4308390850567,5.07091670206605,0
3199,test,1900,131570.599999939,1149251570.6,14,13,1,2,3784207.537433008,900578.9429479982,5037856.826605068,-89131.00625627214,52.5129719988779,13.3864413295551,75.4344196847169,4.90557285809036,0
3200,test,1900,131570.799999939,1149251570.8,14,13,1,2,3784206.7776551824,900576.4145417078,5037851.586485788,-89145.14978638617,52.5129634974625,13.3864420777382,75.437968436651,4.76826425862026,0
3201,test,1900,131570.999999939,1149251571.0,14,13,1,2,3784207.281289181,900576.7662242643,5037844.671225742,-89159.65125426493,52.5129553450428,13.3864427400318,75.4414711221855,4.65193070226895,0
3202,test,1900,131571.199999939,1149251571.2,14,13,1,2,3784208.231630908,900576.5896613749,5037840.25529844,-89172.4807226764,52.5129472258709,13.3864433717708,75.4449138003145,4.55007886327595,0
3203,test,1900,131571.399999939,1149251571.4,13,12,1,2,3784208.752445366,900572.7190572605,5037834.298344185,-89187.89326912709,52.5129393966064,13.3864439699186,75.4482812131202,4.45791268373103,0
3204,test,1900,131571.599999939,1149251571.6,13,12,1,2,3784209.368535395,900576.7854632348,5037835.44246536,-89197.61481979469,52.5129317169736,13.386444511049,75.4515581557606,4.37205270485861,0
3205,test,1900,131571.799999939,1149251571.8,13,12,1,2,3784207.1418231465,900578.4346650582,5037822.631620956,-89218.35312380004,52.5129240713514,13.3864450340187,75.4547305779322,4.29114776726353,0
3206,test,1900,131571.999999939,1149251572.0,14,13,1,2,3784207.1679160916,900577.868623283,5037812.529419378,-89235.5168899553,52.5129168292324,13.3864455285674,75.457784400356,4.21619843064787,0
3207,test,1900,131572.199999939,1149251572.2,13,12,1,2,3784195.875198116,900579.4869039166,5037799.779926224,-89259.76300602018,52.512909630373,13.3864460972983,75.4607069260618,4.14652598735394,0
3208,test,1900,131572.399999939,1149251572.4,13,12,1,2,3784196.656696748,900580.6546772813,5037797.321505103,-89271.45709306371,52.5129024862796,13.3864467396242,75.463487642299,4.07668967514211,0
3209,test,1900,131572.599999939,1149251572.6,13,12,1,2,3784197.421193558,900580.211048287,5037795.174401848,-89282.82126511057,52.5128956539613,13.3864475591156,75.4661164872555,4.00095650804462,0
3210,test,1900,131572.799999939,1149251572.8,13,12,1,2,3784197.535093992,900581.5798974115,5037797.017525817,-89291.62506858645,52.5128885700414,13.3864486577942,75.4685851779585,3.91666934653168,0
3211,test,1900,131572.999999939,1149251573.0,13,12,1,2,3784197.7557210787,900581.1475103723,5037794.437323748,-89303.47511205918,52.5128818276393,13.3864500786449,75.4708868948406,3.82803085337306,0
3212,test,1900,131573.199999939,1149251573.2,14,11,1,2,3784197.537732789,900582.7190151502,5037797.620440977,-89312.98178517024,52.5128754815288,13.3864519147873,75.4730161332373,3.74299305179194,0
3213,test,1900,131573.399999939,1149251573.4,15,12,1,2,3784213.6329141688,900577.3136540211,5037804.84263176,-89310.65535606584,52.5128691819514,13.3864543122354,75.474969452093,3.66463970989136,0
3214,test,1900,131573.599999939,1149251573.6,15,12,1,2,3784215.677006571,900577.231316847,5037809.097959728,-89317.60364111759,52.5128628632384,13.3864573599892,75.4767441130678,3.59272568076095,0
3215,test,1900,131573.799999939,1149251573.8,15,12,1,2,3784216.4079138855,900578.0525838764,5037809.855252379,-89326.6351341935,52.5128571144104,13.3864610962722,75.4783391039565,3.52701051285329,0
3216,test,1900,131573.999999939,1149251574.0,15,12,1,2,3784216.0428947,900576.7374136334,5037811.088676865,-89335.88466697084,52.5128516273913,13.3864655132063,75.4797549738384,3.46678987771386,0
3217,test,1900,131574.199999939,1149251574.2,15,12,1,2,3784215.744494884,900577.265199926,5037806.531580621,-89349.39575525615,52.5128463036112,13.3864705901942,75.4809934716962,3.41076701000017,0
3218,test,1900,131574.399999939,1149251574.4,15,12,1,2,3784215.5945875184,900579.6331722296,5037808.789824284,-89358.50997600313,52.5128415235043,13.3864762574533,75.4820587605785,3.36003419959162,0
3219,test,1900,131574.599999939,1149251574.6,15,12,1,2,3784216.126314113,900577.7154248811,5037809.000469728,-89367.8147409295,52.5128371434329,13.3864824959708,75.4829555517995,3.31585057745845,0
3220,test,1900,131574.799999939,1149251574.8,15,12,1,2,3784217.135097669,900578.7761565555,5037812.886006194,-89375.03883139073,52.5128329692623,13.3864892257745,75.4836903387481,3.27890177966832,0
3221,test,1900,131574.999999939,1149251575.0,15,12,1,2,3784218.5528411325,900579.8534429786,5037814.274768782,-89383.22061045452,52.5128290727783,13.3864964174552,75.4842708149367,3.24768125506402,0
3222,test,1900,131575.199999939,1149251575.2,16,13,1,2,3784217.825691839,900581.0621493348,5037811.4272115035,-89394.17287272956,52.5128256148028,13.386504023113,75.4847058910093,3.22037140006717,0
3223,test,1900,131575.399999939,1149251575.4,16,13,1,2,3784216.889878531,900583.5608041763,5037814.4580430025,-89402.59697658526,52.5128227511379,13.3865119850086,75.4850048860403,3.19796631644558,0
3224,test,1900,131575.599999939,1149251575.6,15,12,1,2,3784201.123642357,900589.9582132581,5037801.262467454,-89428.63900190126,52.5128201593563,13.3865202570839,75.4851770892678,3.18141320200486,0
3225,test,1900,131575.799999939,1149251575.8,15,12,1,2,3784201.292550995,900591.2703614824,5037798.008062598,-89440.66416414526,52.5128179386734,13.3865288267119,75.4852314862001,3.17328604834475,0
3226,test,1900,131575.999999939,1149251576.0,15,13,1,3,3784215.738182124,900587.8275759402,5037868.204364871,-89402.78179585439,52.5128161418503,13.3865376476863,75.4851777416801,3.17754251944597,0
3227,test,1900,131576.199999939,1149251576.2,15,14,1,2,3784231.0570467478,900583.7211597934,5037876.767026998,-89400.23057814449,52.5128147369251,13.3865467208208,75.4850249130565,3.19969065491851,0
3228,test,1900,131576.399999939,1149251576.4,15,14,1,2,3784230.9558128747,900584.4723345784,5037876.359643879,-89411.24572147851,52.5128138188113,13.38655603319,75.4847823623801,3.24342040710866,0
3229,test,1900,131576.599999939,1149251576.6,15,14,1,2,3784232.689774715,900584.9581309819,5037876.192845239,-89421.648943583,52.5128132256837,13.3865656142812,75.4844589546008,3.31045132511004,0
3230,test,1900,131576.799999939,1149251576.8,15,14,1,2,3784230.7916144007,900584.4108824461,5037874.905824476,-89433.59821411176,52.5128130477522,13.386575480457,75.4840627869834,3.40273963548348,0
3231,test,1900,131576.999999939,1149251577.0,15,14,1,2,3784231.051097424,900585.4534161931,5037875.100869738,-89443.61471574084,52.5128133423471,13.3865856535367,75.483601367046,3.52428302652295,0
3232,test,1900,131577.199999939,1149251577.2,15,14,1,2,3784229.5449682204,900585.3628173039,5037874.377325417,-89454.87373148878,52.5128136355346,13.3865962440179,75.4830811656696,3.68282516629725,0
3233,test,1900,131577.399999939,1149251577.4,14,14,1,2,3784228.7546128267,900586.6114517708,5037872.915671133,-89466.27143690466,52.5128142787643,13.3866073398484,75.4825080150292,3.88578585832503,0
3234,test,1900,131577.599999939,1149251577.6,14,14,1,2,3784227.0145398495,900586.6537471348,5037870.480370284,-89478.81710058032,52.5128150949078,13.3866190804951,75.4818863581956,4.13475073197293,0
3235,test,1900,131577.799999939,1149251577.8,13,13,1,2,3784216.1641693464,900591.3324256793,5037815.2961482555,-89527.26166401732,52.5128159146287,13.3866316055376,75.4812204289554,4.42169084863272,0
3236,test,1900,131577.999999939,1149251578.0,12,12,1,2,3784216.1588146314,900588.6945872293,5037816.429935889,-89538.16211081475,52.5128167686628,13.386645009365,75.4805127553418,4.73290825378762,0
3237,test,1900,131578.199999939,1149251578.2,14,14,1,3,3784224.492951047,900590.2065768705,5037869.049044359,-89511.33001158215,52.5128176293769,13.3866593510523,75.4797629091858,5.05049201954069,0
3238,test,1900,131578.399999939,1149251578.4,13,13,1,2,3784217.897518106,900594.4740249875,5037820.812640828,-89553.30281710683,52.5128185662847,13.3866746093467,75.4789689598961,5.35675140628236,0
3239,test,1900,131578.599999939,1149251578.6,13,13,1,2,3784221.7058033156,900595.0750649776,5037828.508408427,-89556.60194077805,52.5128194610006,13.3866907453525,75.4781270530515,5.63828478721876,0
3240,test,1900,131578.799999939,1149251578.8,13,13,1,2,3784222.536937214,900596.4463334591,5037836.008878064,-89561.61850716377,52.5128204160522,13.3867076678246,75.4772317294573,5.88753422583478,0
3241,test,1900,131578.999999939,1149251579.0,13,13,1,2,3784221.5358027406,900598.3193623193,5037833.096415977,-89574.60815652757,52.5128212113854,13.3867252774863,75.4762758159247,6.10417498342376,0
3242,test,1900,131579.199999939,1149251579.2,12,12,1,2,3784221.074724438,900592.5055755917,5037813.289047604,-89599.24382434538,52.5128220046244,13.3867434987877,75.4752508198152,6.2923740977462,0
3243,test,1900,131579.399999939,1149251579.4,12,12,1,2,3784206.3186324155,900601.9140679986,5037815.523713499,-89613.42746768586,52.5128227620963,13.3867622286413,75.474147550134,6.44845752599132,0
3244,test,1900,131579.599999939,1149251579.6,13,13,1,2,3784222.4787131366,900597.9941975966,5037826.322120203,-89609.54130426026,52.5128235365538,13.3867813633696,75.4729564048707,6.56761936698036,0
3245,test,1900,131579.799999939,1149251579.8,14,13,1,2,3784224.935499215,900600.5975613253,5037826.836720485,-89617.69259601513,52.512824152273,13.3868008122774,75.4716679151253,6.65303718080011,0
3246,test,1900,131579.999999939,1149251580.0,13,12,1,2,3784207.7806453556,900606.2833395901,5037814.664589519,-89643.20847669119,52.5128247697957,13.3868204769247,75.470273010996,6.71190037650614,0
3247,test,1900,131580.199999939,1149251580.2,14,13,1,2,3784216.636857133,900605.5443585004,5037857.453843612,-89622.70000664459,52.5128254018714,13.3868402847566,75.4687565656001,6.75309369748409,0
3248,test,1900,131580.399999939,1149251580.4,13,12,1,2,3784218.0899019954,900609.2301083154,5037859.344264585,-89630.23397792099,52.5128260232271,13.3868601929365,75.4671074725626,6.78354400569176,0
3249,test,1900,131580.599999939,1149251580.6,14,13,1,2,3784219.052476176,900606.7653181774,5037856.935924077,-89642.68571240337,52.5128266378021,13.3868801815047,75.4653170138261,6.8080275932041,0
3250,test,1900,131580.799999939,1149251580.8,12,10,1,2,3784209.6375378408,900607.7361338699,5037808.792780885,-89687.34172362539,52.5128272564149,13.3869002458731,75.46337749492,6.83128969525834,0
3251,test,1900,131580.999999939,1149251581.0,13,11,1,2,3784210.314717807,900611.7324401325,5037815.291759006,-89691.82320321939,52.5128278020957,13.386920387861,75.4612814286038,6.85794248081831,0
3252,test,1900,131581.199999939,1149251581.2,12,11,1,2,3784207.9470591545,900612.4315738345,5037814.673464229,-89703.71047992012,52.5128282727168,13.3869406226509,75.4590222719415,6.88990426114067,0
3253,test,1900,131581.399999939,1149251581.4,13,12,1,2,3784221.0724866646,900614.982581815,5037850.839695967,-89684.40512346996,52.5128288077294,13.3869609571566,75.4565944099752,6.92564294230476,0
3254,test,1900,131581.599999939,1149251581.6,13,12,1,2,3784222.370237475,900617.0774812666,5037850.906168827,-89693.34633395176,52.5128293513939,13.386981392798,75.4539925760526,6.96415972263279,0
3255,test,1900,131581.799999939,1149251581.8,13,12,1,2,3784230.7812178046,900620.0853346033,5037828.38276201,-89712.37284120596,52.5128297010329,13.3869998376923,75.4512127989762,7.00381013442407,0
3256,test,1900,131581.999999939,1149251582.0,12,11,1,2,3784223.500248197,900616.3815888872,5037830.538576779,-89726.38334775773,52.5128292939335,13.3870200550865,75.4482520513627,7.0515293136333,0
3257,test,1900,131582.199999939,1149251582.2,13,12,1,2,3784224.8091758797,900613.9005313382,5037855.443176877,-89721.44688285369,52.5128298650868,13.3870408707364,75.4451082128894,7.09613927347521,0
3258,test,1900,131582.399999939,1149251582.4,13,12,1,2,3784221.836780347,900621.571915113,5037826.544643864,-89748.58022845782,52.5128304270296,13.3870618097319,75.4417808102953,7.13294076608519,0
3259,test,1900,131582.599999939,1149251582.6,12,11,1,2,3784215.005835455,900623.4644908145,5037822.33162631,-89764.9419190018,52.5128310229682,13.3870828346612,75.4382701496196,7.15583715427196,0
3260,test,1900,131582.79999994,1149251582.8,13,12,1,2,3784219.5018508853,900624.3488306833,5037845.855727552,-89758.72533634893,52.5128316880481,13.3871038836994,75.4345781935179,7.1559518121842,0
3261,test,1900,131582.99999994,1149251583.0,13,12,1,2,3784218.308757144,900626.1968720816,5037820.546839819,-89784.70458217074,52.512832260021,13.3871248895961,75.4307082574207,7.12466611002085,0
3262,test,1900,131583.19999994,1149251583.2,12,11,1,2,3784213.976533631,900624.1335455191,5037824.777656039,-89796.01176515107,52.5128328447362,13.3871457639417,75.4266650583173,7.0583172450771,0
3263,test,1900,131583.39999994,1149251583.4,13,12,1,2,3784217.5731201614,900624.2716642757,5037849.255194788,-89789.96459922762,52.5128334709066,13.3871663920303,75.4224550926425,6.95754017468866,0
3264,test,1900,131583.59999994,1149251583.6,13,12,1,2,3784213.3285240345,900623.3617529812,5037847.440643669,-89803.85266269566,52.5128340020139,13.3871866670976,75.4180868686809,6.8261713455415,0
3265,test,1900,131583.79999994,1149251583.8,13,12,1,2,3784211.3385540512,900629.2931670268,5037820.899569617,-89829.41399370127,52.5128345758033,13.3872065203473,75.4135707785848,6.67092389371494,0
3266,test,1900,131583.99999994,1149251584.0,14,13,1,2,3784214.699873994,900630.4257111188,5037843.60882588,-89823.83833087159,52.5128351005511,13.3872259048399,75.4089200045183,6.50001302280773,0
3267,test,1900,131584.19999994,1149251584.2,14,13,1,2,3784215.1503294045,900630.0007314675,5037843.727912715,-89833.78976624094,52.5128356710399,13.3872447614959,75.4041501572366,6.32347152273976,0
3268,test,1900,131584.39999994,1149251584.4,14,13,1,2,3784214.6276430516,900630.9880502363,5037842.916368568,-89844.65600021512,52.5128361918037,13.3872630978353,75.3992798076145,6.15222329366943,0
3269,test,1900,131584.59999994,1149251584.6,14,13,1,2,3784212.1636931943,900631.1359337325,5037840.79965304,-89857.59268828986,52.5128365812932,13.3872809725182,75.3943302950295,5.9965590896251,0
3270,test,1900,131584.79999994,1149251584.8,13,13,1,2,3784213.6969327983,900635.1581010139,5037838.044841821,-89868.80746609299,52.512837096839,13.3872984158587,75.3893269804,5.86512271778267,0
3271,test,1900,131584.99999994,1149251585.0,14,14,1,2,3784212.1831319355,900632.9120441976,5037839.641755564,-89878.15007755856,52.5128375702811,13.3873155015009,75.3842979593245,5.76269896431349,0
3272,test,1900,131585.19999994,1149251585.2,14,14,1,2,3784211.1026373548,900634.7549264445,5037836.523934828,-89890.23174541743,52.5128380718909,13.3873323243925,75.37927600089,5.69091513998001,0
3273,test,1900,131585.39999994,1149251585.4,12,12,1,2,3784208.083527756,900635.4654253668,5037834.981456576,-89902.39811260371,52.5128387548103,13.3873489759619,75.3742968807172,5.64791770784155,0
3274,test,1900,131585.59999994,1149251585.6,12,12,1,2,3784209.8173071803,900639.453687481,5037830.013007797,-89915.19200939499,52.5128393657584,13.3873655042176,75.3694009495336,5.62813777933949,0
3275,test,1900,131585.79999994,1149251585.8,13,13,1,2,3784208.566224812,900635.9092095172,5037834.104680515,-89922.81001626005,52.5128398223338,13.3873820211564,75.3646325173837,5.61969406867769,0
3276,test,1900,131585.99999994,1149251586.0,13,13,1,2,3784207.208102387,900636.8484013722,5037833.630982621,-89933.32818414106,52.5128403375041,13.3873984934165,75.3600402090891,5.6111905060233,0
3277,test,1900,131586.19999994,1149251586.2,13,13,1,2,3784206.897015425,900637.471671235,5037835.278613246,-89943.00628623081,52.5128411262518,13.3874149347025,75.3556765188874,5.60540003435939,0
3278,test,1900,131586.39999994,1149251586.4,14,14,1,2,3784212.986395814,900637.4565797623,5037839.111942534,-89949.80677554957,52.5128421400134,13.3874313854952,75.3515888846047,5.62620534702017,0
3279,test,1900,131586.59999994,1149251586.6,13,13,1,2,3784208.922442106,900639.7691560516,5037837.686534321,-89960.41581714927,52.5128433048491,13.3874479445284,75.3478083817476,5.69737656010534,0
3280,test,1900,131586.79999994,1149251586.8,13,13,1,2,3784207.323026083,900641.2832952121,5037836.336503813,-89972.48757759698,52.5128445336404,13.3874647967543,75.3443487118014,5.82187050038657,0
3281,test,1900,131586.99999994,1149251587.0,13,13,1,2,3784207.0301172943,900643.0993402022,5037836.811626262,-89981.75115186624,52.5128457252588,13.3874820927595,75.3412109683303,5.98467552379241,0
3282,test,1900,131587.19999994,1149251587.2,12,12,1,2,3784206.2208122113,900643.0176454281,5037828.995551533,-89997.45362841769,52.5128468937266,13.3874998924576,75.3383857753197,6.1690676962917,0
3283,test,1900,131587.39999994,1149251587.4,12,12,1,2,3784205.3318475317,900643.1999787439,5037831.60638591,-90006.60721876968,52.5128481393814,13.3875182471287,75.3358563973382,6.36115035462003,0
3284,test,1900,131587.59999994,1149251587.6,12,12,1,2,3784204.7853473625,900645.3288619717,5037826.603524534,-90020.38588865148,52.5128494409163,13.3875371579449,75.3336005340556,6.54944890841888,0
3285,test,1900,131587.79999994,1149251587.8,12,12,1,2,3784204.4832690335,900646.9779735942,5037825.135850063,-90031.88925716748,52.512850743673,13.3875566012953,75.3315950896238,6.72453068283605,0
3286,test,1900,131587.99999994,1149251588.0,12,12,1,2,3784203.6609265218,900649.5969041933,5037822.638124584,-90044.24661298761,52.5128521304381,13.3875765333694,75.3298185525496,6.87829092391036,0
3287,test,1900,131588.19999994,1149251588.2,12,12,1,2,3784204.2560799993,900651.4439770401,5037823.667044026,-90053.85493769658,52.5128534769893,13.3875968899897,75.3282536419488,7.0048079117911,0
3288,test,1900,131588.39999994,1149251588.4,13,13,1,2,3784205.3027367145,900651.335923694,5037837.329517083,-90055.18642336555,52.5128549594182,13.3876175616236,75.326888820061,7.10445287198028,0
3289,test,1900,131588.59999994,1149251588.6,14,14,1,2,3784201.286817722,900653.4864478381,5037837.328652787,-90065.08526456925,52.512856371708,13.3876385055743,75.3257186257385,7.18272421937558,0
3290,test,1900,131588.79999994,1149251588.8,13,13,1,2,3784200.0626359107,900655.4967363462,5037823.706004051,-90084.54693569751,52.5128577299882,13.3876596563684,75.324742203641,7.24974792812486,0
3291,test,1900,131588.99999994,1149251589.0,12,12,1,2,3784199.1192234266,900653.7329970483,5037825.940293771,-90094.61210043357,52.5128590463228,13.3876810160748,75.3239637918635,7.31656020897741,0
3292,test,1900,131589.19999994,1149251589.2,13,13,1,2,3784199.0738441134,900657.0051888751,5037825.289575327,-90104.03500894955,52.5128603622664,13.3877025848026,75.3233919315285,7.39167254997943,0
3293,test,1900,131589.39999994,1149251589.4,12,11,1,3,3784177.5151156522,900658.1374295042,5037816.034985638,-90130.57445813046,52.5128616325792,13.3877244105502,75.3230369036558,7.47950810611103,0
3294,test,1900,131589.59999994,1149251589.6,12,11,1,2,3784193.445002767,900655.6456042542,5037829.80123539,-90125.80227051581,52.5128628543136,13.3877465108733,75.3229080387934,7.58374268854707,0
3295,test,1900,131589.79999994,1149251589.8,14,13,1,2,3784199.1730588116,900661.4733224391,5037838.044812878,-90126.95149600045,52.5128639441995,13.3877689472812,75.3230129658621,7.70626444832247,0
3296,test,1900,131589.99999994,1149251590.0,13,12,1,2,3784204.376254913,900663.9063892885,5037843.002305709,-90132.74742885261,52.512865233951,13.3877917583917,75.3233572665637,7.84382129686091,0
3297,test,1900,131590.19999994,1149251590.2,14,13,1,2,3784197.083751768,900664.826182049,5037842.685638819,-90144.45692922159,52.5128665185998,13.3878149769739,75.3239459798141,7.98624153742026,0
3298,test,1900,131590.39999994,1149251590.4,14,13,1,2,3784196.526545972,900667.3691790793,5037840.860153328,-90155.67171060138,52.5128679416675,13.3878385906086,75.3247834765867,8.12020020306435,0
3299,test,1900,131590.59999994,1149251590.6,14,13,1,2,3784194.6864352096,900667.4582828683,5037841.390111478,-90166.11071566737,52.5128695057613,13.3878625579191,75.3258724042191,8.233610652752,0
3300,test,1900,131590.79999994,1149251590.8,13,12,1,2,3784194.0615911786,900671.0790851403,5037828.254339371,-90184.01262911016,52.5128713434306,13.3878868157901,75.3272138892885,8.32320592857217,0
3301,test,1900,131590.99999994,1149251591.0,12,11,1,2,3784176.8064759243,900673.5704082064,5037819.53205411,-90208.75476085249,52.5128732893271,13.3879112642215,75.3288072064913,8.39478876767924,0
3302,test,1900,131591.19999994,1149251591.2,12,11,1,3,3784200.419287916,900674.3479650102,5037830.896674299,-90202.2159819882,52.5128750953977,13.3879358914385,75.3306494464623,8.45455583756081,0
3303,test,1900,131591.39999994,1149251591.4,12,11,1,2,3784200.8846265962,900676.8986955566,5037833.523147576,-90210.308583712,52.5128770765578,13.3879606431166,75.3327346264142,8.50624757630443,0
3304,test,1900,131591.59999994,1149251591.6,12,11,1,2,3784202.9604382445,900678.3675310905,5037847.648760656,-90210.22251500883,52.5128792849025,13.3879854968205,75.3350531775424,8.54770389885797,0
3305,test,1900,131591.79999994,1149251591.8,10,9,1,3,3784184.865883123,900678.5342402437,5037824.154723985,-90244.35638318147,52.5128815912028,13.3880104354083,75.3375913485537,8.57658078022482,0
3306,test,1900,131591.99999994,1149251592.0,11,10,1,2,3784183.7589996066,900680.5176178227,5037822.45717492,-90256.07787925572,52.5128840139079,13.3880354163487,75.3403299854943,8.59640523153407,0
3307,test,1900,131592.19999994,1149251592.2,12,11,1,2,3784182.2776964474,900683.451050677,5037826.152660826,-90263.83552568752,52.5128865495776,13.3880604245453,75.3432451929168,8.60753027971819,0
3308,test,1900,131592.39999994,1149251592.4,11,10,1,2,3784178.4966118285,900683.0010226638,5037824.558477686,-90277.02441461734,52.5128890456209,13.3880854596707,75.3463078215245,8.61174646170014,0
3309,test,1900,131592.59999994,1149251592.6,12,11,1,2,3784180.1310481657,900685.9306152256,5037824.359739285,-90286.66134923232,52.5128915802462,13.388110490294,75.3494839049207,8.61384449193858,0
3310,test,1900,131592.79999994,1149251592.8,12,11,1,2,3784175.220649381,900687.4364591824,5037821.48325678,-90300.74276337052,52.5128940488572,13.3881355383031,75.3527363294921,8.61670189557074,0
3311,test,1900,131592.99999994,1149251593.0,13,12,1,3,3784193.527003195,900688.244620616,5037830.924453439,-90295.99523667086,52.5128964929265,13.3881605957586,75.3560261185412,8.61932599851029,0
3312,test,1900,131593.19999994,1149251593.2,13,12,1,2,3784192.2230755705,900691.1682628987,5037831.9076212095,-90305.75618356181,52.5128988201194,13.3881856919921,75.3593127301856,8.62124829927295,0
3313,test,1900,131593.39999994,1149251593.4,13,12,1,2,3784192.086278201,900691.2350182157,5037833.853226056,-90315.04170713783,52.5129010987172,13.3882108040098,75.3625549127233,8.6231611726643,0
3314,test,1900,131593.59999994,1149251593.6,13,12,1,2,3784190.6672456916,900692.1375849908,5037834.261736096,-90325.35548737542,52.5129033362941,13.3882359557184,75.3657115962012,8.62475659603593,0
3315,test,1900,131593.79999994,1149251593.8,11,10,1,2,3784184.5149226002,900689.679710754,5037839.108197187,-90336.58747358868,52.5129054163736,13.3882611419187,75.3687432630919,8.62519023738873,0
3316,test,1900,131593.99999994,1149251594.0,13,12,1,2,3784189.289468935,900695.5652740168,5037837.964839218,-90343.72790997369,52.5129073674001,13.3882863476487,75.3716139210668,8.62707533997247,0
3317,test,1900,131594.19999994,1149251594.2,13,12,1,2,3784187.3695291965,900696.8336055394,5037837.314546367,-90355.1466880907,52.5129093959838,13.3883115653871,75.3742914733539,8.63261883751088,0
3318,test,1900,131594.39999994,1149251594.4,13,12,1,2,3784187.4011246813,900697.8626684174,5037837.196172507,-90365.73634071395,52.5129112891477,13.3883368220376,75.3767477823689,8.64211168598767,0
3319,test,1900,131594.59999994,1149251594.6,13,12,1,2,3784186.281501988,900699.6709925254,5037836.890847554,-90377.21495935516,52.5129131252016,13.3883621138864,75.3789591007525,8.65594561508195,0
3320,test,1900,131594.79999994,1149251594.8,13,12,1,2,3784186.1291662003,900703.1731207208,5037834.696056511,-90388.43151103136,52.5129149226137,13.388387455359,75.3809064370473,8.67218440625217,0
3321,test,1900,131594.99999994,1149251595.0,13,12,1,2,3784171.4714777726,900705.0421164067,5037839.855416145,-90402.79239351224,52.5129167509506,13.388412845706,75.3825758121462,8.68857779052564,0
3322,test,1900,131595.19999994,1149251595.2,13,12,1,2,3784176.099948214,900707.6723187402,5037841.371977182,-90409.32505869966,52.5129184792714,13.3884382888998,75.3839594395925,8.70476509419681,0
3323,test,1900,131595.39999994,1149251595.4,13,11,1,2,3784174.308152747,900708.7108115469,5037826.89008406,-90429.35152583683,52.5129200610197,13.3884636936908,75.3850562611289,8.72184636336102,0
3324,test,1900,131595.59999994,1149251595.6,14,12,1,2,3784183.8098976878,900709.50237063,5037831.009570933,-90432.26163269891,52.5129217827424,13.3884892329037,75.3858718816987,8.7394258561032,0
3325,test,1900,131595.79999994,1149251595.8,13,12,1,2,3784185.1058360822,900712.0652047987,5037830.798260886,-90441.76504021569,52.5129236909682,13.3885147307277,75.3864192648422,8.75845686578919,0
3326,test,1900,131595.99999994,1149251596.0,13,11,1,2,3784185.3599451794,900713.966156792,5037834.925516523,-90448.50335622093,52.512925505294,13.3885403052235,75.3867178921209,8.78003602470472,0
3327,test,1900,131596.19999994,1149251596.2,12,11,1,2,3784168.1833626446,900716.3280209778,5037827.209049136,-90471.70419154754,52.5129273347417,13.3885660241859,75.3867937964114,8.80347482342055,0
3328,test,1900,131596.39999994,1149251596.4,13,12,1,2,3784183.308929271,900717.2053137943,5037836.235454974,-90468.35255919212,52.5129290032357,13.3885917968667,75.3866785309401,8.83115928904817,0
3329,test,1900,131596.59999994,1149251596.6,12,11,1,2,3784168.3560174434,900719.7440238728,5037827.0069992915,-90492.01218152868,52.5129308574854,13.3886176689104,75.3864087559437,8.86501529480939,0
3330,test,1900,131596.79999994,1149251596.8,12,11,1,2,3784171.511245623,900723.149542541,5037825.449568954,-90500.97851743086,52.512932645147,13.3886436618295,75.3860247044375,8.90128315464397,0
3331,test,1900,131596.99999994,1149251597.0,12,11,1,2,3784171.913800487,900725.5162513802,5037824.336752378,-90510.73854306234,52.5129343614933,13.388669762722,75.3855696975694,8.93106782842083,0
3332,test,1900,131597.19999994,1149251597.2,12,11,1,2,3784168.628990177,900726.207587713,5037825.660990286,-90522.05712554953,52.5129361159499,13.3886959278206,75.3850887446758,8.94206742197702,0
3333,test,1900,131597.39999994,1149251597.4,12,11,1,2,3784162.773028451,900727.5819115505,5037825.547418635,-90534.41158146909,52.5129377420376,13.3887220882882,75.3846270005657,8.92307253194704,0
3334,test,1900,131597.59999994,1149251597.6,12,11,1,2,3784163.5497689564,900728.7151749379,5037826.215454013,-90544.09415019544,52.5129394700978,13.3887468831493,75.3842285072479,8.86751510142948,0
3335,test,1900,131597.79999994,1149251597.8,13,11,1,2,3784162.6942279316,900730.5464548821,5037826.016939405,-90555.15298531257,52.5129412114923,13.3887724622681,75.3839354642508,8.77692467253004,0
3336,test,1900,131597.99999994,1149251598.0,13,11,1,2,3784163.063315264,900731.7440502346,5037826.561163102,-90565.1660861912,52.51294288844,13.3887980038219,75.3837872165457,8.66424653700895,0
3337,test,1900,131598.19999994,1149251598.2,13,12,1,2,3784178.361035376,900733.4207914073,5037835.355883244,-90561.64860329765,52.5129445732299,13.3888231846369,75.383818744507,8.54320837996784,0
3338,test,1900,131598.39999994,1149251598.4,12,11,1,2,3784161.498906372,900735.8811393204,5037824.337262644,-90587.18548789347,52.5129461307933,13.3888480132955,75.3840608841625,8.42117156506826,0
3339,test,1900,131598.59999994,1149251598.6,12,11,1,2,3784159.804526534,900737.1444288718,5037823.890237345,-90598.26017281058,52.5129476744905,13.3888724902027,75.3845397998697,8.29814532819348,0
3340,test,1900,131598.79999994,1149251598.8,12,11,1,2,3784160.737708264,900739.2684363888,5037825.234536513,-90607.05153802937,52.5129493147369,13.3888965908383,75.3852751943653,8.17134836142458,0
3341,test,1900,131598.99999994,1149251599.0,12,11,1,2,3784160.4249818446,900740.7384820374,5037824.780459363,-90618.17726472772,52.5129508945008,13.388920304485,75.3862812912234,8.03866504753627,0
3342,test,1900,131599.19999994,1149251599.2,13,12,1,2,3784177.702219681,900741.0484024148,5037831.417565353,-90615.78135911304,52.5129525199049,13.3889436243993,75.3875661468244,7.89666529786286,0
3343,test,1900,131599.39999994,1149251599.4,12,11,1,3,3784158.7856323896,900743.857254994,5037822.296986458,-90640.7729879105,52.5129541492983,13.3889664931423,75.3891310767159,7.73867585267513,0
3344,test,1900,131599.59999994,1149251599.6,12,11,1,2,3784158.7016950794,900746.0408902245,5037820.396971257,-90651.65759024062,52.5129557636688,13.3889888708945,75.3909697270667,7.55654053544051,0
3345,test,1900,131599.799999941,1149251599.8,12,11,1,2,3784159.058400545,900747.5959601952,5037822.243200408,-90660.39470233001,52.5129573625099,13.389010674549,75.3930678705648,7.34703780755393,0
3346,test,1900,131599.999999941,1149251600.0,12,11,1,2,3784156.9471072177,900748.5518642459,5037819.597832983,-90673.28852821473,52.5129589043582,13.3890318270752,75.3954044146767,7.11180681713978,0
3347,test,1900,131600.199999941,1149251600.2,12,11,1,2,3784156.616849753,900749.774548875,5037820.294041048,-90683.14318052541,52.5129604708655,13.3890522487498,75.3979529641045,6.85608516033197,0
3348,test,1900,131600.399999941,1149251600.4,13,12,1,2,3784158.264151026,900749.5061636553,5037838.5362480255,-90681.43119858028,52.5129619184326,13.389071910052,75.4006815001971,6.58741605259317,0
3349,test,1900,131600.599999941,1149251600.6,14,13,1,3,3784177.8349124123,900749.3319406932,5037848.142985998,-90675.43191093417,52.5129633929699,13.3890907638828,75.4035498291512,6.31086508309407,0
3350,test,1900,131600.799999941,1149251600.8,14,13,1,2,3784178.4035717444,900749.8676529718,5037848.552827255,-90685.09736498634,52.5129647943405,13.3891084463184,75.4065105856927,6.02524297801628,0
3351,test,1900,131600.999999941,1149251601.0,12,11,1,3,3784153.274457025,900752.7731909046,5037823.591116805,-90722.7934817592,52.5129661376569,13.3891256224147,75.4095108090163,5.7199283639862,0
3352,test,1900,131601.199999941,1149251601.2,13,12,1,2,3784156.790386907,900754.8384322615,5037838.340806262,-90722.222183061,52.5129673505637,13.389141521083,75.4124947626142,5.38771254327528,0
3353,test,1900,131601.399999941,1149251601.4,14,13,1,3,3784177.682125119,900754.1640362812,5037847.355533592,-90715.23541765625,52.5129684744954,13.3891567581426,75.4154059559176,5.03097224167821,0
3354,test,1900,131601.599999941,1149251601.6,12,11,1,3,3784147.5459069447,900757.6943452773,5037822.809501623,-90754.53982475356,52.5129694614739,13.3891709303792,75.4181918267635,4.664234102927,0
3355,test,1900,131601.799999941,1149251601.8,14,13,1,3,3784175.8998224325,900757.1949128972,5037848.735148004,-90734.10520290968,52.5129703915084,13.3891840321633,75.4208116401518,4.3058035301267,0
3356,test,1900,131601.999999941,1149251602.0,14,13,1,2,3784175.677288021,900758.3634671015,5037849.742653467,-90743.44431333625,52.5129712571429,13.3891961263166,75.4232261433004,3.96556747930257,0
3357,test,1900,131602.199999941,1149251602.2,14,13,1,2,3784174.3150723614,900759.4492480943,5037848.762842829,-90754.659842168,52.5129720312506,13.3892072449787,75.4254018631254,3.64325370124438,0
3358,test,1900,131602.399999941,1149251602.4,14,14,1,2,3784169.9150329353,900759.393531237,5037846.168591815,-90769.32228845095,52.512972823888,13.3892174469827,75.4273130946207,3.3325072125971,0
3359,test,1900,131602.599999941,1149251602.6,13,12,1,2,3784155.074079383,900766.4145966268,5037832.835510241,-90794.79098574647,52.5129734001798,13.3892267449624,75.4289411550072,3.0256657784888,0
3360,test,1900,131602.799999941,1149251602.8,14,13,1,2,3784154.282438432,900769.0980203137,5037839.407284061,-90800.2234526857,52.5129740803602,13.3892351450738,75.4302739177907,2.71557767403867,0
3361,test,1900,131602.999999941,1149251603.0,15,14,1,2,3784168.831275879,900766.7923666945,5037846.628993829,-90798.91834035685,52.512974503761,13.3892426337295,75.4313047086967,2.3983492645276,0
3362,test,1900,131603.199999941,1149251603.2,14,13,1,2,3784168.491091839,900767.8905408898,5037843.136792946,-90811.81857281303,52.5129749387061,13.3892491756131,75.4320316460755,2.07932437078283,0
3363,test,1900,131603.399999941,1149251603.4,15,14,1,2,3784168.455514355,900771.9329592783,5037843.94468146,-90820.29150040634,52.5129752729017,13.3892548168524,75.4324582226925,1.77376351651458,0
3364,test,1900,131603.599999941,1149251603.6,15,15,1,2,3784162.9766519153,900761.6415081522,5037847.859457101,-90834.22759415495,52.5129755062389,13.3892596031705,75.4325933187922,1.50326356314544,0
3365,test,1900,131603.799999941,1149251603.8,14,14,1,2,3784163.326310289,900759.7221824601,5037843.120016475,-90847.4350807221,52.5129758283025,13.3892636654754,75.432449954048,1.28758349308418,0
3366,test,1900,131603.999999941,1149251604.0,15,15,1,2,3784165.1276994827,900762.4626527812,5037849.924366387,-90852.24814855635,52.5129759958646,13.3892671906524,75.4320440400507,1.14035143701376,0
3367,test,1900,131604.199999941,1149251604.2,15,15,1,2,3784163.949601176,900761.3776417527,5037850.360772468,-90862.4692351286,52.5129761567028,13.3892704008484,75.4313941217428,1.06239693153172,0
3368,test,1900,131604.399999941,1149251604.4,15,15,1,2,3784163.7332448517,900762.0842572259,5037846.900950834,-90873.46927054196,52.5129763059021,13.3892734404596,75.4305215286515,1.04063312870156,0
3369,test,1900,131604.599999941,1149251604.6,15,15,1,2,3784165.44211588,900760.9613768456,5037849.882568326,-90882.65149747915,52.5129764479352,13.3892765094543,75.4294493296954,1.05202986498718,0
3370,test,1900,131604.799999941,1149251604.8,15,15,1,2,3784163.8074366543,900760.8506001298,5037854.051709135,-90891.15778066369,52.5129766634298,13.3892796030811,75.4282014537756,1.07421973940209,0
3371,test,1900,131604.999999941,1149251605.0,15,15,1,2,3784162.474345425,900760.8864823077,5037854.578435155,-90900.94795286284,52.5129768318243,13.3892827742583,75.4268022604111,1.09416963179867,0
3372,test,1900,131605.199999941,1149251605.2,15,15,1,2,3784161.192447395,900765.9835439031,5037856.663107042,-90908.53885357235,52.5129771089404,13.3892859908344,75.4252765086116,1.10663154039519,0
3373,test,1900,131605.399999941,1149251605.4,15,15,1,2,3784162.1917327833,900765.2035215336,5037855.496952941,-90918.98894917821,52.5129772415581,13.3892892429716,75.4236490714924,1.11306283429732,0
3374,test,1900,131605.599999941,1149251605.6,15,15,1,2,3784161.804324112,900768.4213412219,5037853.082810598,-90930.04945507986,52.5129773563154,13.3892924944617,75.4219439444535,1.11602547874255,0
3375,test,1900,131605.799999941,1149251605.8,15,15,1,2,3784165.8167004967,900772.5208254621,5037859.351848457,-90934.71415232046,52.5129776047133,13.3892957653206,75.4201841245371,1.11653809595585,0
3376,test,1900,131605.999999941,1149251606.0,15,15,1,2,3784165.95203998,900768.3512734877,5037858.089993024,-90946.92529298614,52.5129777176872,13.3892990404928,75.4183908909508,1.11519186810425,0
3377,test,1900,131606.199999941,1149251606.2,15,15,1,2,3784165.6776663964,900767.2207199914,5037856.672705624,-90959.54206353017,52.5129779546702,13.3893022885313,75.4165837853326,1.11282112661989,0
3378,test,1900,131606.399999941,1149251606.4,15,15,1,2,3784167.6318274504,900768.0104688619,5037858.034291842,-90967.61436525629,52.5129781638097,13.3893055381398,75.4147801972245,1.11067796799829,0
3379,test,1900,131606.599999941,1149251606.6,15,15,1,2,3784170.4481916823,900770.366879455,5037858.503232697,-90976.14603853223,52.5129782597105,13.3893087903967,75.4129953706151,1.10831952460846,0
3380,test,1900,131606.799999941,1149251606.8,14,14,1,2,3784170.5205080975,900774.6749549502,5037856.514183691,-90985.27838461447,52.512978454231,13.389312032806,75.411242962584,1.10380816985137,0
3381,test,1900,131606.999999941,1149251607.0,15,15,1,2,3784170.3915722924,900774.258516667,5037854.66941017,-90996.48426411083,52.5129785794039,13.3893152536285,75.4095351521343,1.0932928054768,0
3382,test,1900,131607.199999941,1149251607.2,15,15,1,2,3784172.0893141786,900774.9016637517,5037855.859232821,-91005.91848895198,52.5129787734327,13.3893184245361,75.4078815104858,1.07167034136114,0
3383,test,1900,131607.399999941,1149251607.4,15,15,1,2,3784173.2102839584,900773.7871143022,5037856.933061532,-91016.91818103794,52.5129789672755,13.3893215115713,75.4062888974376,1.03387774614074,0
3384,test,1900,131607.599999941,1149251607.6,15,15,1,2,3784173.0261769434,900773.9816056679,5037857.4520325465,-91026.87018383309,52.5129792128169,13.3893244535234,75.4047620424167,0.979393956310452,0
3385,test,1900,131607.799999941,1149251607.8,15,15,1,2,3784176.291637138,900775.1413728368,5037859.420744971,-91035.14824912351,52.5129793982092,13.3893272212096,75.4033041172315,0.913573056197837,0
3386,test,1900,131607.999999941,1149251608.0,15,15,1,2,3784175.0370326117,900775.5076874978,5037857.613284931,-91047.0079776423,52.5129795812289,13.3893297860483,75.4019170416955,0.845486450500922,0
3387,test,1900,131608.199999941,1149251608.2,15,15,1,2,3784173.7301722695,900779.0069903077,5037857.085443511,-91056.94430708449,52.5129797359947,13.3893321608725,75.4006042464327,0.782739566661032,0
3388,test,1900,131608.399999941,1149251608.4,15,15,1,2,3784176.3926707287,900781.0350590883,5037859.77490494,-91064.75873543789,52.5129799760766,13.3893343564281,75.3993676033794,0.729660871993972,0
3389,test,1900,131608.599999941,1149251608.6,13,13,1,2,3784179.7423140304,900784.329924046,5037856.523260222,-91074.27624721547,52.512980143297,13.3893364118474,75.3982051758288,0.684670582225178,0
3390,test,1900,131608.799999941,1149251608.8,14,14,1,2,3784176.993108404,900781.854409075,5037860.880839777,-91083.97392686996,52.5129801735123,13.3893383493021,75.3971147063498,0.642924238424067,0
3391,test,1900,131608.999999941,1149251609.0,14,14,1,2,3784175.5345861604,900780.3261170799,5037864.081178783,-91093.08033492249,52.5129803195596,13.389340155893,75.3960932855252,0.598257012724276,0
3392,test,1900,131609.199999941,1149251609.2,15,15,1,2,3784176.182326013,900777.0140684912,5037863.4105132725,-91103.07825660186,52.5129804785156,13.3893418201958,75.3951383948396,0.54570261117021,0
3393,test,1900,131609.399999941,1149251609.4,15,14,1,2,3784179.6730915527,900777.7749923874,5037863.650793119,-91109.27019125319,52.5129805860981,13.3893433220233,75.3942485158327,0.484323457446793,0
3394,test,1900,131609.599999941,1149251609.6,15,14,1,2,3784179.0832206653,900773.4415590874,5037862.232144523,-91121.58238088396,52.5129806633955,13.3893446294584,75.3934232789494,0.414219720761106,0
3395,test,1900,131609.799999941,1149251609.8,15,15,1,2,3784177.7268571435,900772.2582623266,5037862.193517673,-91133.85223745812,52.5129807737435,13.3893457202422,75.3926607766468,0.334745102967659,0
3396,test,1900,131609.999999941,1149251610.0,15,15,1,2,3784181.398670718,900768.405541672,5037865.652597275,-91141.26748999019,52.512980763009,13.3893465664431,75.3919585869222,0.24704416529497,0
3397,test,1900,131610.199999941,1149251610.2,12,12,1,3,3784162.3961743973,900771.1750317273,5037819.1059011975,-91192.8316422501,52.5129808864018,13.3893471500849,75.3913143203412,0.157769060673681,0
3398,test,1900,131610.399999941,1149251610.4,12,12,1,2,3784161.2457483816,900772.4586870185,5037823.973886668,-91200.0045735806,52.5129808630823,13.3893474734406,75.3907276985668,0.0795244114307727,1
3399,test,1900,131610.599999941,1149251610.6,15,15,1,2,3784173.079546931,900767.6836161838,5037866.362178282,-91176.23771772718,52.5129807669232,13.3893475092355,75.3901977832601,0.02673766092727,1
3400,test,1900,131610.799999941,1149251610.8,15,15,1,2,3784171.123289199,900767.4850834648,5037867.884713988,-91186.39221084339,52.5129807345109,13.3893473662982,75.3897224484986,7.89594336987887e-05,1
3401,test,1900,131610.999999941,1149251611.0,15,15,1,2,3784170.7270571003,900768.2282403933,5037869.825731503,-91195.41338763891,52.5129807207585,13.3893473399538,75.3893044436985,-0.0089839417007984,1
3402,test,1900,131611.199999941,1149251611.2,15,15,1,2,3784168.9831928164,900768.2437374163,5037867.1107270485,-91208.63430675298,52.5129807890451,13.3893474311355,75.388946248108,-0.0095180298152053,1
3403,test,1900,131611.399999941,1149251611.4,15,15,1,2,3784168.2784826043,900768.1851933054,5037866.715933561,-91219.5639182617,52.51298076146,13.3893474708524,75.3886511599533,-0.0069941819927214,1
3404,test,1900,131611.599999941,1149251611.6,15,15,1,2,3784166.075526004,900767.2511147395,5037865.541222694,-91231.54007051188,52.5129807011409,13.3893474109728,75.3884208402443,-0.0044483209345954,1
3405,test,1900,131611.799999941,1149251611.8,15,15,1,2,3784165.725908907,900766.441121242,5037865.628259653,-91242.48693653407,52.512980717586,13.389347509564,75.3882492521833,-0.0022894784331401,1
3406,test,1900,131611.999999941,1149251612.0,15,15,1,2,3784164.441377818,900766.6352005354,5037867.591735965,-91251.92945698924,52.5129806956154,13.3893474545162,75.3881312479718,-0.00094741712148,1
3407,test,1900,131612.199999941,1149251612.2,15,15,1,2,3784163.2842044462,900765.4084759775,5037870.486810783,-91261.00182123277,52.5129807925219,13.3893474073405,75.3880653290311,-0.0002396629831704,1
3408,test,1900,131612.399999941,1149251612.4,15,15,1,2,3784163.868888497,900764.4521318998,5037872.485926907,-91269.37611611934,52.5129808436608,13.3893474598838,75.3880512821237,-0.0005643645419283,1
3409,test,1900,131612.599999941,1149251612.6,15,15,1,2,3784162.946952863,900763.6833134328,5037873.095230417,-91280.11062489911,52.5129808214579,13.3893474467613,75.3880881381988,-0.0010193609480183,1
3410,test,1900,131612.799999941,1149251612.8,15,15,1,2,3784163.3752505076,900763.4829863415,5037873.556291199,-91289.8307717881,52.5129808812283,13.3893474915743,75.3881759768817,-0.001378254831301,1
3411,test,1900,131612.999999941,1149251613.0,14,14,1,2,3784163.9029000755,900768.4616381164,5037868.266010316,-91304.74860999871,52.5129808732162,13.3893474703687,75.3883161274631,-0.0011072192685412,1
3412,test,1900,131613.199999941,1149251613.2,14,14,1,2,3784165.1768664056,900768.0152169821,5037868.483304617,-91314.74583093954,52.5129807854042,13.3893474804214,75.3885087716419,-0.0007004934439916,1
3413,test,1900,131613.399999941,1149251613.4,14,14,1,2,3784163.93893668,900767.4017575829,5037868.297126513,-91325.60522846435,52.5129807047905,13.3893474782387,75.3887519064395,7.88238508313216e-05,1
3414,test,1900,131613.599999941,1149251613.6,14,14,1,2,3784161.7306526364,900767.1277387746,5037867.582141362,-91336.97809137743,52.5129806384586,13.389347497858,75.3890423897513,0.0005753810766558,1
3415,test,1900,131613.799999941,1149251613.8,14,14,1,2,3784158.3981485567,900767.450497986,5037863.961756939,-91350.30027083326,52.5129807669558,13.3893474880027,75.3893783557642,0.0006444422379168,1
3416,test,1900,131613.999999941,1149251614.0,14,14,1,2,3784159.0764628313,900767.8114167567,5037863.194000432,-91360.96215056548,52.512980709386,13.3893475438312,75.3897695475832,0.000637705742051,1
3417,test,1900,131614.199999941,1149251614.2,14,14,1,2,3784158.80420694,900767.5461095221,5037863.340683153,-91371.47278650926,52.5129807315595,13.3893475443704,75.3902335919844,0.0019465377612659,1
3418,test,1900,131614.399999941,1149251614.4,14,14,1,2,3784160.3487384566,900767.1050266331,5037866.520509378,-91378.87055111946,52.5129809922433,13.3893476590233,75.3907954014446,0.0143374802540338,1
3419,test,1900,131614.599999941,1149251614.6,14,14,1,2,3784157.742618939,900767.8745177524,5037865.461914202,-91390.1355030604,52.5129808472366,13.3893478207998,75.3914819383552,0.05288017091919,1
3420,test,1900,131614.799999941,1149251614.8,15,15,1,2,3784157.034539734,900765.2346722577,5037866.982480561,-91399.06512706466,52.5129809551765,13.389348094419,75.3923100002773,0.146195821092968,0
3421,test,1900,131614.999999941,1149251615.0,15,14,1,2,3784168.971958781,900767.3457999801,5037868.658984586,-91402.37703905508,52.5129808628957,13.3893487934958,75.3932841184033,0.3152284349234,0
3422,test,1900,131615.199999941,1149251615.2,16,14,1,2,3784171.773783485,900767.803603769,5037875.336755828,-91408.06865586949,52.5129809233213,13.3893499904205,75.3943950781559,0.54787534551543,0
3423,test,1900,131615.399999941,1149251615.4,16,14,1,2,3784171.035725741,900768.6556316148,5037873.5027621165,-91419.8802435214,52.5129806912583,13.3893519795093,75.3956119401719,0.786404696414465,0
3424,test,1900,131615.599999941,1149251615.6,15,14,1,2,3784174.4055012236,900769.9154878294,5037872.637220327,-91428.99578253627,52.5129807866764,13.3893545666978,75.3968617270453,0.977544129063428,0
3425,test,1900,131615.799999941,1149251615.8,15,14,1,2,3784172.5562162125,900769.8878554362,5037871.561185689,-91440.444159501,52.5129810075832,13.3893576235073,75.3980642394979,1.11110350827193,0
3426,test,1900,131615.999999941,1149251616.0,15,15,1,2,3784163.1903606756,900768.3081123601,5037867.009602654,-91458.27271668796,52.5129812941263,13.389360998014,75.3991559933119,1.2013998729125,0
3427,test,1900,131616.199999941,1149251616.2,15,15,1,2,3784167.1121396422,900768.5769828644,5037870.353208559,-91464.91007720247,52.5129817028187,13.389364612425,75.4000849359547,1.26596400776875,0
3428,test,1900,131616.399999941,1149251616.4,15,15,1,2,3784165.1804225403,900769.4980284047,5037868.849072672,-91476.19506975876,52.5129820137853,13.3893683824825,75.4008051014707,1.31699807617538,0
3429,test,1900,131616.599999941,1149251616.6,15,15,1,2,3784163.674376695,900770.6785919942,5037864.520911239,-91489.21959267498,52.5129823497651,13.3893722794975,75.4012730440223,1.35609258605312,0
3430,test,1900,131616.799999941,1149251616.8,14,14,1,2,3784166.408515068,900771.4971557496,5037868.170637343,-91497.96030934206,52.51298262189,13.3893762849809,75.4014435991128,1.38344086242421,0
3431,test,1900,131616.999999942,1149251617.0,14,14,1,2,3784164.428238509,900773.463548327,5037867.768986401,-91508.8249409301,52.5129829268777,13.389380366224,75.4012695936892,1.40820501554172,0
3432,test,1900,131617.199999942,1149251617.2,14,14,1,2,3784165.58904027,900773.3455294152,5037868.797071785,-91517.98073007037,52.5129832925454,13.3893845362972,75.4007011335599,1.45172691487764,0
3433,test,1900,131617.399999942,1149251617.4,14,14,1,2,3784167.7737097647,900774.1256517762,5037867.330234659,-91527.84042505705,52.512983536003,13.3893889047799,75.3996892531971,1.54428666670389,0
3434,test,1900,131617.599999942,1149251617.6,14,14,1,2,3784169.783783984,900772.5412350325,5037865.567149967,-91538.6856566804,52.512983816793,13.3893935917677,75.3981868026835,1.71220612951267,0
3435,test,1900,131617.799999942,1149251617.8,14,14,1,2,3784170.1666691457,900771.2554137332,5037861.175993632,-91551.92220605134,52.5129842170306,13.3893989417175,75.3961494595183,1.9641525663835,0
3436,test,1900,131617.999999942,1149251618.0,14,14,1,2,3784170.7525847964,900771.3337282133,5037862.185446315,-91561.36219111865,52.5129847195834,13.3894051213206,75.393535598191,2.28214418646742,0
3437,test,1900,131618.199999942,1149251618.2,14,14,1,2,3784170.7163626635,900772.4843615685,5037866.936349019,-91568.61838614271,52.5129852483862,13.3894122907461,75.3903070839722,2.6313432135862,0
3438,test,1900,131618.399999942,1149251618.4,14,14,1,2,3784170.1273651076,900773.8815981231,5037868.434881611,-91577.75844896169,52.5129858845314,13.389420481073,75.3864298301671,2.97573206356081,0
3439,test,1900,131618.599999942,1149251618.6,15,15,1,2,3784166.5040479517,900775.7536623339,5037867.043222779,-91588.9246718606,52.5129865423482,13.3894296483635,75.3818755623591,3.28840421666695,0
3440,test,1900,131618.799999942,1149251618.8,15,15,1,2,3784165.15757029,900772.8795032998,5037859.581180211,-91606.041031729,52.512987241541,13.3894396702594,75.3766222520457,3.55450185469554,0
3441,test,1900,131618.999999942,1149251619.0,14,14,1,2,3784161.1165189203,900771.1276061342,5037858.271960227,-91619.60031839789,52.512987953181,13.3894504035904,75.3706562828065,3.77018688381072,0
3442,test,1900,131619.199999942,1149251619.2,14,14,1,2,3784162.246653086,900773.3688456065,5037859.611602101,-91627.63044273973,52.5129886891745,13.389461712915,75.3639755415651,3.94899831362409,0
3443,test,1900,131619.399999942,1149251619.4,14,14,1,2,3784161.679406345,900774.6905810385,5037860.379818291,-91637.36521469826,52.5129893656012,13.3894735314895,75.3565917973395,4.11810464193086,0
3444,test,1900,131619.599999942,1149251619.6,13,13,1,2,3784163.173759555,900775.9243410649,5037861.521013435,-91647.32786740019,52.5129900663962,13.3894858626061,75.34853370954,4.30068265798963,0
3445,test,1900,131619.799999942,1149251619.8,13,13,1,2,3784163.7296444913,900774.4960353741,5037860.331137876,-91658.71079110588,52.5129908110537,13.3894987659541,75.3398457590842,4.50672678126427,0
3446,test,1900,131619.999999942,1149251620.0,13,13,1,2,3784163.1604657327,900775.3868504419,5037852.912853547,-91674.00766604423,52.5129914431706,13.3895123136046,75.3305867071228,4.73220745913952,0
3447,test,1900,131620.199999942,1149251620.2,13,13,1,2,3784163.0127959326,900777.4352305868,5037849.1105722105,-91686.31694346505,52.5129922636073,13.3895265447797,75.3208267153972,4.96778953872735,0
3448,test,1900,131620.399999942,1149251620.4,12,12,1,2,3784159.784177391,900769.1760527355,5037857.12169614,-91697.45270205461,52.5129929077873,13.3895414748076,75.3106444886174,5.20529890781171,0
3449,test,1900,131620.599999942,1149251620.6,12,12,1,2,3784160.303909749,900772.1361569649,5037855.962770752,-91709.02028921245,52.5129937281252,13.389557103057,75.3001256621567,5.4366393053442,0
3450,test,1900,131620.799999942,1149251620.8,11,11,1,2,3784158.8951219926,900775.0443190589,5037844.602208368,-91726.67793978138,52.5129944564373,13.3895733950396,75.2893596864725,5.65500213346107,0
3451,test,1900,131620.999999942,1149251621.0,13,13,1,2,3784160.947209587,900782.4007391799,5037840.386024048,-91733.57647821476,52.5129952474373,13.3895902947463,75.2784384403609,5.85630139904586,0
3452,test,1900,131621.199999942,1149251621.2,12,12,1,2,3784146.1722976128,900786.1532526376,5037826.887670429,-91759.66366725611,52.5129959561708,13.3896077660073,75.2674524967674,6.04235169190441,0
3453,test,1900,131621.399999942,1149251621.4,13,13,1,2,3784159.601452533,900783.6817753363,5037838.198823921,-91755.9156882772,52.5129968049416,13.3896257649761,75.2564882880168,6.21815980879249,0
3454,test,1900,131621.599999942,1149251621.6,13,13,1,2,3784159.5688349935,900783.3556287171,5037840.539448882,-91765.39927528998,52.5129976615408,13.3896442750659,75.2456273215941,6.38304155560737,0
3455,test,1900,131621.799999942,1149251621.8,12,12,1,2,3784148.143198382,900788.0081347844,5037834.133378851,-91785.0902165167,52.5129985043416,13.3896631770414,75.2349484734692,6.52997535762929,0
3456,test,1900,131621.999999942,1149251622.0,11,11,1,2,3784145.6810242278,900780.8902003963,5037845.709143546,-91793.09642557328,52.512999346907,13.3896825402156,75.2245271575824,6.65209234062236,0
3457,test,1900,131622.199999942,1149251622.2,12,12,1,2,3784162.1821255344,900780.8970612462,5037859.241006435,-91785.73970179736,52.5130001288066,13.3897022332287,75.2144347217891,6.74885193504439,0
3458,test,1900,131622.399999942,1149251622.4,13,13,1,2,3784163.743169159,900783.2441082769,5037852.979472794,-91798.80472877654,52.5130008655172,13.3897221876698,75.2047357345879,6.82638834303049,0
3459,test,1900,131622.599999942,1149251622.6,12,12,1,2,3784146.651138943,900787.8842508686,5037842.645578781,-91823.64588809546,52.5130016182477,13.3897423487532,75.1954882054747,6.89378949362154,0
3460,test,1900,131622.799999942,1149251622.8,13,13,1,2,3784162.6647814303,900785.2339762799,5037854.371022209,-91817.98580001631,52.513002368307,13.3897626997491,75.1867428148226,6.95920321324815,0
3461,test,1900,131622.999999942,1149251623.0,13,13,1,2,3784165.4250974976,900786.5721775435,5037852.0538468715,-91827.30898400769,52.5130032199904,13.3897832464047,75.1785434299994,7.02584703839279,0
3462,test,1900,131623.199999942,1149251623.2,13,13,1,2,3784165.229575204,900787.9286995226,5037851.936228782,-91837.7482288692,52.513004119682,13.3898039875852,75.1709260018244,7.09425326192718,0
3463,test,1900,131623.399999942,1149251623.4,13,12,1,2,3784170.2740333225,900794.1187849666,5037858.2263328945,-91839.37130443548,52.5130049391629,13.3898249396206,75.1639170521966,7.16576889781729,0
3464,test,1900,131623.599999942,1149251623.6,13,13,1,2,3784164.7440015743,900794.9373321306,5037857.032043356,-91852.37276513161,52.5130056870199,13.3898461077314,75.157531142311,7.2406800290114,0
3465,test,1900,131623.799999942,1149251623.8,12,12,1,2,3784165.7732188976,900793.7810492372,5037853.220274678,-91865.5190300804,52.5130066187993,13.3898674900978,75.1517713808502,7.31603323903296,0
3466,test,1900,131623.999999942,1149251624.0,12,12,1,2,3784168.1687590973,900797.0296088558,5037854.383327398,-91872.74526507061,52.5130075800538,13.389889080085,75.1466306406389,7.38703978776089,0
3467,test,1900,131624.199999942,1149251624.2,15,15,1,2,3784170.4297720646,900801.3797690264,5037866.681781314,-91873.00889242427,52.5130085960909,13.3899108606062,75.1420940305916,7.45059567915751,0
3468,test,1900,131624.399999942,1149251624.4,15,15,1,2,3784171.5272023487,900802.5782693254,5037866.418363254,-91883.11206143514,52.5130096399767,13.3899328094813,75.1381395307053,7.50544579606483,0
3469,test,1900,131624.599999942,1149251624.6,15,15,1,2,3784170.904021114,900804.3524573923,5037865.527451683,-91893.80012291527,52.5130109345697,13.3899548885583,75.1347390736381,7.54925459101477,0
3470,test,1900,131624.799999942,1149251624.8,14,14,1,2,3784173.788892594,900807.6990180677,5037865.782325626,-91901.62932340457,52.5130123190283,13.3899770535202,75.1318595433974,7.57926331930847,0
3471,test,1900,131624.999999942,1149251625.0,13,13,1,2,3784170.636264158,900806.1941856336,5037867.678223639,-91912.80656240214,52.5130137128041,13.3899992755495,75.1294621644865,7.59493891182451,0
3472,test,1900,131625.199999942,1149251625.2,13,13,1,2,3784164.9592570583,900806.9672586801,5037854.802175861,-91933.94155376268,52.5130152787753,13.3900215047262,75.1275031798042,7.59607360117759,0
3473,test,1900,131625.399999942,1149251625.4,12,12,1,2,3784165.704876306,900810.742608871,5037857.301755791,-91941.73024653504,52.5130169630005,13.3900436858849,75.1259352232146,7.58464050411793,0
3474,test,1900,131625.599999942,1149251625.6,14,14,1,2,3784165.5372386235,900814.7472472867,5037861.015490289,-91949.46100321028,52.5130185464402,13.390065808236,75.1246978863526,7.56469940006196,0
3475,test,1900,131625.799999942,1149251625.8,13,13,1,2,3784164.7757617473,900817.7382715397,5037858.159344328,-91962.34205182258,52.5130203546483,13.3900878494381,75.1237201200881,7.53861417207713,0
3476,test,1900,131625.999999942,1149251626.0,12,12,1,2,3784163.6325694076,900819.8209494408,5037860.5404747585,-91972.14271898595,52.5130221497263,13.3901097990774,75.1229474429562,7.50447127058259,0
3477,test,1900,131626.199999942,1149251626.2,14,14,1,2,3784163.4950721576,900820.0915620783,5037863.393772879,-91980.35356318124,52.513023800962,13.3901316495212,75.1223231389912,7.45791400463558,0
3478,test,1900,131626.399999942,1149251626.4,13,13,1,2,3784163.1082208804,900824.3424815746,5037856.253522041,-91994.86071550484,52.5130254476413,13.3901533610349,75.1217901813189,7.39673356141464,0
3479,test,1900,131626.599999942,1149251626.6,14,14,1,2,3784162.885758206,900820.688260041,5037862.574935623,-92000.83367392916,52.5130270121557,13.3901748788814,75.1212985657221,7.32122733021126,0
3480,test,1900,131626.799999942,1149251626.8,13,13,1,2,3784162.030714973,900816.601030015,5037865.164799713,-92011.43262580891,52.513028540361,13.3901961674381,75.1208119872587,7.23223808921497,0
3481,test,1900,131626.999999942,1149251627.0,13,13,1,2,3784162.668439274,900825.326829799,5037858.616092915,-92024.37542100697,52.5130300224845,13.3902171921556,75.1203123283032,7.13592134659812,0
3482,test,1900,131627.199999942,1149251627.2,13,13,1,2,3784162.2944996003,900820.4894104542,5037867.966310831,-92029.44559064714,52.5130313678136,13.3902379419854,75.1197991427741,7.03985683727184,0
3483,test,1900,131627.399999942,1149251627.4,12,12,1,2,3784161.7156644715,900832.8614730657,5037843.305266056,-92054.65370666793,52.5130326616681,13.3902584367128,75.1192819845208,6.94504134157568,0
3484,test,1900,131627.599999942,1149251627.6,12,12,1,2,3784163.7597450875,900822.2000678111,5037868.584573006,-92048.9480592232,52.5130339882777,13.3902786527355,75.1187706709346,6.85153247588002,0
3485,test,1900,131627.799999942,1149251627.8,13,13,1,2,3784165.6990202544,900827.4931120292,5037863.313248481,-92059.39487507688,52.5130351467988,13.3902986067203,75.1182728822038,6.75897049336633,0
3486,test,1900,131627.999999942,1149251628.0,11,11,1,2,3784164.3010320594,900833.4495179608,5037843.6840087855,-92084.88079515581,52.5130361881694,13.3903182873777,75.1177945092084,6.66536655420819,0
3487,test,1900,131628.199999942,1149251628.2,13,13,1,2,3784167.4511686014,900828.1250430971,5037863.1537539875,-92079.38484804175,52.5130372549471,13.3903377048473,75.1173394653944,6.57059486591031,0
3488,test,1900,131628.399999942,1149251628.4,11,11,1,2,3784152.7981450423,900828.2815621502,5037862.137827335,-92098.94094567788,52.5130381573919,13.3903568533562,75.1169093081288,6.47663349303706,0
3489,test,1900,131628.599999942,1149251628.6,12,12,1,2,3784166.7194317253,900827.7957118661,5037870.352372058,-92097.01917561234,52.5130391089605,13.3903757284772,75.1165030249058,6.38565067214056,0
3490,test,1900,131628.799999942,1149251628.8,13,13,1,2,3784166.960526083,900833.4069880696,5037862.923008312,-92109.6272210112,52.5130400111647,13.3903943535539,75.1161176313146,6.29956545304234,0
3491,test,1900,131628.999999942,1149251629.0,13,13,1,2,3784164.786936042,900835.0844709468,5037862.029940141,-92121.3905010838,52.5130409631672,13.3904127235824,75.1157483011372,6.22024693270173,0
3492,test,1900,131629.199999942,1149251629.2,13,13,1,2,3784165.3011993635,900835.9376345505,5037860.690978513,-92132.36228936013,52.5130418189872,13.390430888372,75.1153882269977,6.14675287197614,0
3493,test,1900,131629.399999942,1149251629.4,13,13,1,2,3784165.206874992,900836.1487199834,5037860.316343021,-92142.94321747137,52.5130427021891,13.3904488490856,75.1150291728693,6.07690638411066,0
3494,test,1900,131629.599999942,1149251629.6,12,12,1,2,3784152.675931368,900839.7151035159,5037851.1432430195,-92164.60216628364,52.5130435944392,13.3904665949397,75.1146612106805,6.00879571914847,0
3495,test,1900,131629.799999942,1149251629.8,12,12,1,2,3784150.4747354146,900837.7821686778,5037853.408539174,-92174.37446622211,52.5130445280592,13.3904841471955,75.1142740774532,5.94019032758627,0
3496,test,1900,131629.999999942,1149251630.0,13,13,1,2,3784162.333870613,900837.0316084858,5037861.114720131,-92173.54960586797,52.5130452256006,13.3905015040212,75.1138563372609,5.86840562791565,0
3497,test,1900,131630.199999942,1149251630.2,11,11,1,3,3784144.9831203436,900852.5436900957,5037824.322721309,-92216.36770582662,52.5130459991457,13.3905185142248,75.1133959299467,5.79252177551761,0
3498,test,1900,131630.399999942,1149251630.4,13,13,1,3,3784161.3875802867,900837.9276531015,5037865.653568409,-92191.43664871581,52.5130467614638,13.3905354192972,75.112882452247,5.71373738660707,0
3499,test,1900,131630.599999942,1149251630.6,13,13,1,2,3784161.4021085966,900840.0213638032,5037864.131082523,-92201.35626900653,52.513047452357,13.3905520859968,75.112306537664,5.63487700161612,0
3500,test,1900,131630.799999942,1149251630.8,13,13,1,2,3784161.440277087,900840.0894859344,5037863.791843218,-92212.15497742477,52.5130482449424,13.390568522306,75.1116628995915,5.55791434941936,0
3501,test,1900,131630.999999942,1149251631.0,11,11,1,3,3784143.1375113507,900857.9007590994,5037821.509169067,-92258.85086564533,52.5130489089327,13.3905847438473,75.1109482284273,5.48214534446264,0
3502,test,1900,131631.199999942,1149251631.2,12,12,1,2,3784148.857287042,900843.0498795483,5037859.078911094,-92241.43155735845,52.5130495827103,13.3906007387718,75.1101611127235,5.40715077162694,0
3503,test,1900,131631.399999942,1149251631.4,12,12,1,2,3784159.1337980777,900852.2543397209,5037841.839499058,-92259.37226654818,52.5130503449195,13.3906164964461,75.1093032622887,5.33133676577033,0
3504,test,1900,131631.599999942,1149251631.6,12,12,1,2,3784148.6517555383,900845.8359883238,5037858.726696446,-92262.74781250818,52.5130511376048,13.3906320290474,75.1083787487727,5.25293349804819,0
3505,test,1900,131631.799999942,1149251631.8,13,13,1,2,3784160.3698652494,900843.3489966736,5037868.73761506,-92261.87219189001,52.513051825595,13.3906473313987,75.1073921228711,5.1723844687488,0
3506,test,1900,131631.999999942,1149251632.0,13,13,1,2,3784159.6992762657,900844.4478499409,5037867.494135071,-92272.81152224434,52.513052513594,13.3906623875189,75.106348577352,5.09100305743325,0
3507,test,1900,131632.199999942,1149251632.2,13,13,1,2,3784159.0076105176,900844.4886268872,5037868.484876695,-92283.09371918233,52.513053319343,13.3906772026248,75.1052551216631,5.00997068326275,0
3508,test,1900,131632.399999942,1149251632.4,12,12,1,2,3784162.644435143,900845.5289050491,5037867.972788561,-92293.50688094246,52.5130540437336,13.3906917861676,75.1041184594903,4.92776716242406,0
3509,test,1900,131632.599999942,1149251632.6,11,11,1,2,3784162.50047263,900860.9694551115,5037835.1555248955,-92326.39962528562,52.5130548263847,13.3907061143324,75.1029455251912,4.84320482730103,0
3510,test,1900,131632.799999942,1149251632.8,12,12,1,2,3784158.6891516815,900850.36991476,5037863.947310081,-92318.07576017611,52.5130556328847,13.3907201949711,75.1017434447146,4.75362776879686,0
3511,test,1900,131632.999999942,1149251633.0,12,12,1,2,3784154.0174890677,900850.6832615611,5037864.089814888,-92330.8608763484,52.5130564884944,13.3907339815521,75.1005213125268,4.65807754080816,0
3512,test,1900,131633.199999942,1149251633.2,10,10,1,3,3784155.084073334,900863.9930701322,5037817.293878613,-92373.34426511989,52.5130572045856,13.3907474872334,75.0992892032606,4.55677156701703,0
3513,test,1900,131633.399999942,1149251633.4,11,11,1,2,3784155.362374714,900867.4384342978,5037826.854208973,-92376.44777676718,52.5130579943304,13.3907606895866,75.098058750612,4.45182241210457,0
3514,test,1900,131633.599999942,1149251633.6,11,11,1,2,3784156.1626844425,900866.5269898848,5037829.601556864,-92384.99534748928,52.5130588299901,13.390773583368,75.0968431218948,4.34945972862344,0
3515,test,1900,131633.799999942,1149251633.8,11,11,1,2,3784154.261295394,900866.7121771964,5037828.764995893,-92396.92084719385,52.5130596561665,13.3907861890913,75.095656404278,4.26046787246107,0
3516,test,1900,131633.999999942,1149251634.0,12,12,1,2,3784153.3789298357,900854.4197242614,5037860.184108026,-92384.91279842936,52.5130604264723,13.3907985581988,75.0945124726013,4.19512620374108,0
3517,test,1900,131634.199999943,1149251634.2,11,11,1,2,3784156.626229148,900870.1518140167,5037827.408323853,-92416.32857203223,52.5130612717164,13.3908107710108,75.093424478565,4.15210149351325,0
3518,test,1900,131634.399999943,1149251634.4,12,12,1,2,3784154.2669731043,900855.6558017563,5037863.477150842,-92402.57125258434,52.5130620647107,13.3908228837785,75.0924051996153,4.12352211992035,0
3519,test,1900,131634.599999943,1149251634.6,12,12,1,2,3784155.248384746,900857.1217937176,5037860.888750972,-92414.38186827069,52.5130628653003,13.3908349165355,75.0914652519897,4.09983970440385,0
3520,test,1900,131634.799999943,1149251634.8,12,12,1,2,3784151.5610380513,900860.0812688177,5037857.4141131705,-92427.79992321502,52.5130637221859,13.3908468709156,75.0906150604382,4.07287117720188,0
3521,test,1900,131634.999999943,1149251635.0,14,14,1,2,3784152.5110049555,900861.146695623,5037861.940197836,-92434.27770500664,52.5130644688681,13.3908587518625,75.0898648156084,4.03752817756408,0
3522,test,1900,131635.199999943,1149251635.2,13,13,1,2,3784148.3209853186,900874.9281685005,5037831.640749822,-92467.24280125674,52.5130652178142,13.3908704969507,75.089223345403,3.99228004275463,0
3523,test,1900,131635.399999943,1149251635.4,12,12,1,2,3784150.30528146,900877.0975540506,5037828.422762055,-92478.55789582201,52.5130660457996,13.3908821066836,75.0886980055853,3.93858945876225,0
3524,test,1900,131635.599999943,1149251635.6,12,12,1,2,3784149.3485049,900879.1639206946,5037824.350439114,-92491.56301925005,52.5130668027395,13.390893201458,75.0882954278685,3.88154619414183,0
3525,test,1900,131635.799999943,1149251635.8,13,13,1,2,3784150.5715361633,900865.4176861474,5037861.593878498,-92476.70134562634,52.5130674719937,13.3909044823328,75.0880205935856,3.82832776439895,0
3526,test,1900,131635.999999943,1149251636.0,12,12,1,2,3784147.6141422694,900865.6889166075,5037864.619322268,-92485.99383929124,52.5130681255181,13.3909156257171,75.0878764294905,3.78622343425708,0
3527,test,1900,131636.199999943,1149251636.2,13,13,1,2,3784146.242522879,900865.3517614172,5037858.175977061,-92500.74460596766,52.5130688398458,13.3909266593727,75.0878658782328,3.75770427726827,0
3528,test,1900,131636.399999943,1149251636.4,13,13,1,2,3784145.229441143,900866.8860104054,5037857.832201568,-92510.76728115334,52.5130695599241,13.3909376254205,75.087995240944,3.7405423665046,0
3529,test,1900,131636.599999943,1149251636.6,13,13,1,2,3784146.0687120594,900867.1161784766,5037858.811029872,-92520.54058971378,52.5130702838465,13.3909485474828,75.0882615921738,3.73035913600213,0
3530,test,1900,131636.799999943,1149251636.8,12,12,1,2,3784146.709657052,900865.9826954692,5037864.80706474,-92527.31823362145,52.5130709402149,13.390959450789,75.0886576291955,3.72453431246594,0
3531,test,1900,131636.999999943,1149251637.0,13,13,1,2,3784146.5537616927,900868.9833169,5037862.118912588,-92538.1686189528,52.5130716009712,13.3909703436896,75.0891726648847,3.71976863566185,0
3532,test,1900,131637.199999943,1149251637.2,13,13,1,2,3784145.474212231,900871.1694430374,5037858.686732162,-92550.72236854157,52.5130722087798,13.3909812202008,75.0897918420983,3.71564697158129,0
3533,test,1900,131637.399999943,1149251637.4,13,13,1,2,3784148.7397619304,900871.6126617632,5037860.019699742,-92558.69626271343,52.5130728539428,13.3909920808744,75.0904983662338,3.71012765129961,0
3534,test,1900,131637.599999943,1149251637.6,13,13,1,2,3784149.0817811955,900870.2775375673,5037863.420895358,-92566.76397292908,52.5130735581198,13.3910029286892,75.0912777556423,3.70109300286751,0
3535,test,1900,131637.799999943,1149251637.8,13,13,1,2,3784146.899409691,900874.3608286761,5037861.761507567,-92577.3229787317,52.5130745076935,13.3910135441966,75.0921187624136,3.68855797862262,0
3536,test,1900,131637.999999943,1149251638.0,12,12,1,2,3784153.007084719,900872.0543732491,5037862.97230427,-92587.38711555339,52.5130753938934,13.3910243185495,75.0930140770598,3.67059758744855,0
3537,test,1900,131638.199999943,1149251638.2,12,12,1,2,3784153.7343993955,900873.9162220241,5037860.449868796,-92598.26609844383,52.513076209798,13.3910350213538,75.0939605647648,3.64472848830416,0
3538,test,1900,131638.399999943,1149251638.4,12,12,1,2,3784157.098648805,900872.9596249552,5037866.339890525,-92603.2720562553,52.513076999701,13.3910456107872,75.094960589536,3.61385264115714,0
3539,test,1900,131638.599999943,1149251638.6,12,12,1,2,3784154.152915916,900873.3928904766,5037861.882577815,-92618.21534435048,52.5130776898757,13.3910561241572,75.0960179314363,3.57989542388306,0
3540,test,1900,131638.799999943,1149251638.8,13,13,1,2,3784156.1640715706,900875.4905210513,5037859.49778867,-92628.97024801667,52.5130784111286,13.3910665472541,75.0971380528375,3.54589227745632,0
3541,test,1900,131638.999999943,1149251639.0,13,13,1,2,3784158.540370709,900876.2334839578,5037859.676478505,-92637.85142143616,52.5130791095306,13.3910768699323,75.0983258215088,3.51355632826447,0
3542,test,1900,131639.199999943,1149251639.2,13,13,1,2,3784157.2369114305,900878.5477049565,5037856.987269755,-92650.61190535764,52.5130797250265,13.3910871002083,75.0995820396683,3.4794940273295,0
3543,test,1900,131639.399999943,1149251639.4,13,13,1,2,3784155.403090822,900880.2343097541,5037854.053715012,-92663.60171729058,52.5130804175153,13.3910972240603,75.1009066811124,3.43662494618169,0
3544,test,1900,131639.599999943,1149251639.6,12,12,1,2,3784149.919051682,900883.7544239007,5037846.247804159,-92681.340556277,52.5130809900152,13.3911071988274,75.1023037398874,3.37317611030477,0
3545,test,1900,131639.799999943,1149251639.8,13,13,1,2,3784155.6039585113,900885.1130943472,5037846.696799841,-92689.20210757782,52.5130816596405,13.3911169505396,75.1037816598662,3.27673697032731,0
3546,test,1900,131639.999999943,1149251640.0,13,13,1,2,3784157.467407281,900885.4110602586,5037847.577527423,-92699.00129965923,52.5130822407308,13.3911263620713,75.1053527993267,3.14327490864399,0
3547,test,1900,131640.199999943,1149251640.2,13,13,1,2,3784157.6137079797,900887.955559701,5037842.1056992,-92712.61580714524,52.5130827875702,13.3911353385987,75.1070329253439,2.98273963579827,0
3548,test,1900,131640.399999943,1149251640.4,12,12,1,2,3784147.810032777,900891.0364009145,5037834.800347426,-92731.978135395,52.513083118951,13.3911438438585,75.1088413037207,2.81794858223337,0
3549,test,1900,131640.599999943,1149251640.6,13,13,1,2,3784158.1155394814,900889.0238996724,5037841.36447691,-92733.795117963,52.5130836680606,13.3911518775663,75.1108001503657,2.67642670805502,0
3550,test,1900,131640.799999943,1149251640.8,13,13,1,2,3784156.6176658785,900889.7819930936,5037838.120175614,-92746.29389984871,52.513084051471,13.3911595609606,75.1129339043121,2.57344474865976,0
3551,test,1900,131640.999999943,1149251641.0,13,13,1,2,3784156.4627516484,900889.0301650587,5037838.451951924,-92756.78110749436,52.5130844888558,13.3911669971082,75.1152676437689,2.5019384548614,0
3552,test,1900,131641.199999943,1149251641.2,13,13,1,2,3784153.6369208843,900891.1856747014,5037835.9528388865,-92769.58529280366,52.5130847731782,13.3911742574043,75.1178237243041,2.44421701118493,0
3553,test,1900,131641.399999943,1149251641.4,13,13,1,2,3784156.7777684266,900890.7141266676,5037841.159916592,-92775.37540213681,52.5130850740082,13.3911813488295,75.1206176954672,2.38616252820727,0
3554,test,1900,131641.599999943,1149251641.6,13,13,1,2,3784159.1872899774,900890.2479543563,5037844.9062880445,-92782.3236684413,52.5130853836019,13.3911882595533,75.1236535244744,2.32107588516357,0
3555,test,1900,131641.799999943,1149251641.8,13,13,1,2,3784158.5991223133,900892.3649237241,5037842.87113043,-92793.82056455291,52.5130854791231,13.3911949795276,75.12692342624,2.24675286890469,0
3556,test,1900,131641.999999943,1149251642.0,13,13,1,2,3784156.7338293605,900893.3355093942,5037836.4951865785,-92809.0124678933,52.5130855654748,13.3912014725208,75.13041155007,2.16656776670057,0
3557,test,1900,131642.199999943,1149251642.2,14,14,1,2,3784149.8041468766,900892.8039662775,5037841.067809271,-92815.21941701601,52.5130856390482,13.3912077345039,75.1340961443888,2.08590931856478,0
3558,test,1900,131642.399999943,1149251642.4,14,14,1,2,3784146.858283285,900895.2339598367,5037840.190898708,-92827.2212157777,52.5130856997343,13.3912137569248,75.1379505958667,2.00967504804599,0
3559,test,1900,131642.599999943,1149251642.6,14,14,1,2,3784146.672119929,900896.5020270426,5037845.187895325,-92834.80073621389,52.5130857107659,13.3912195666353,75.1419454603081,1.94086973547997,0
3560,test,1900,131642.799999943,1149251642.8,14,14,1,2,3784147.336722377,900896.710975949,5037839.6931802975,-92848.58708816906,52.5130855949095,13.3912251917927,75.1460496370652,1.88098833257828,0
3561,test,1900,131642.999999943,1149251643.0,15,15,1,2,3784148.421667773,900896.1696929282,5037836.981636357,-92860.71306449223,52.5130854117946,13.3912306568447,75.1502327494625,1.83330289088811,0
3562,test,1900,131643.199999943,1149251643.2,14,14,1,2,3784149.6373195867,900895.5896841304,5037844.3788410975,-92865.90292301169,52.5130852920255,13.3912359970886,75.1544617338137,1.79994461615921,0
3563,test,1900,131643.399999943,1149251643.4,14,14,1,2,3784143.9666083036,900897.0040212629,5037845.17312172,-92877.54731154013,52.5130850695423,13.3912412534242,75.1586978949436,1.77933467694149,0
3564,test,1900,131643.599999943,1149251643.6,14,14,1,2,3784141.2620227356,900897.8775479969,5037843.956004712,-92889.2570546821,52.5130848371265,13.3912464651976,75.1628970639939,1.76881133030083,0
3565,test,1900,131643.799999943,1149251643.8,14,14,1,2,3784151.7714035697,900897.1017719449,5037853.552942389,-92892.77930340565,52.5130845974126,13.391251661839,75.1670170866852,1.761979893598,0
3566,test,1900,131643.999999943,1149251644.0,14,14,1,2,3784149.3833455285,900897.1364144813,5037846.214559481,-92909.20326598837,52.5130844173296,13.3912568249677,75.1710228919692,1.75003065392679,0
3567,test,1900,131644.199999943,1149251644.2,14,14,1,2,3784150.7077160724,900895.8567924018,5037844.418607746,-92920.42413704471,52.5130841945272,13.3912619380678,75.1748877221364,1.72612657626566,0
3568,test,1900,131644.399999943,1149251644.4,14,14,1,2,3784152.48592704,900896.1489226677,5037846.717240031,-92928.7942119081,52.5130840661075,13.3912669586321,75.178590863927,1.68828965216563,0
3569,test,1900,131644.599999943,1149251644.6,14,14,1,2,3784151.0494765714,900896.2491353333,5037844.549443145,-92940.18987581195,52.5130841328616,13.3912718382395,75.1821177578582,1.63748290179044,0
3570,test,1900,131644.799999943,1149251644.8,14,14,1,2,3784149.4656079384,900896.6003068093,5037842.568977425,-92952.32372609874,52.5130841233465,13.3912765639603,75.1854617317474,1.57321333363529,0
3571,test,1900,131644.999999943,1149251645.0,14,14,1,2,3784149.3323874185,900896.0122656833,5037840.886657786,-92963.97911229587,52.5130841575726,13.3912810725412,75.1886278445325,1.48807845337293,0
3572,test,1900,131645.199999943,1149251645.2,14,14,1,2,3784147.926757842,900896.799830466,5037836.98991989,-92976.9251092765,52.5130841530753,13.391285285526,75.1916323156148,1.3780517696106,0
3573,test,1900,131645.399999943,1149251645.4,14,14,1,2,3784150.1494394187,900897.1844165615,5037839.40366285,-92984.72066353356,52.5130843633581,13.3912891483088,75.1944982232667,1.24618071438583,0
3574,test,1900,131645.599999943,1149251645.6,15,15,1,2,3784139.0505283824,900899.8792501013,5037834.83324706,-92999.56340331124,52.5130845582828,13.3912925860187,75.197251666054,1.10160324972679,0
3575,test,1900,131645.799999943,1149251645.8,14,14,1,2,3784129.7169851665,900903.0520775939,5037832.800770741,-93015.20641538576,52.513084634569,13.3912955984877,75.1999157383581,0.949278990115573,0
3576,test,1900,131645.999999943,1149251646.0,14,14,1,2,3784130.9579815627,900903.6741502102,5037835.683272267,-93023.12931400449,52.5130846865048,13.3912981516852,75.2025072503187,0.799477304627002,0
3577,test,1900,131646.199999943,1149251646.2,14,14,1,2,3784130.1526435646,900903.2544377438,5037836.988811268,-93033.21938802229,52.5130846217277,13.3913002866184,75.2050342767214,0.672624883793134,0
3578,test,1900,131646.399999943,1149251646.4,14,14,1,2,3784142.725914161,900901.5943982191,5037841.095972548,-93038.89864039028,52.5130846379402,13.3913021207436,75.2074998365951,0.586320007520403,0
3579,test,1900,131646.599999943,1149251646.6,15,15,1,2,3784137.414263391,900904.3084376223,5037841.818691439,-93046.57837319993,52.513084712958,13.391303758192,75.2099090031958,0.54302067280729,0
3580,test,1900,131646.799999943,1149251646.8,14,14,1,2,3784144.4611156583,900903.3904397967,5037841.960831047,-93053.50869309554,52.5130847340195,13.3913053223039,75.2122692511998,0.531112623447972,0
3581,test,1900,131646.999999943,1149251647.0,14,14,1,2,3784141.412569766,900903.9071406676,5037841.396709069,-93066.1182307882,52.5130848575089,13.391306879591,75.21459035813,0.533503530600212,0
3582,test,1900,131647.199999943,1149251647.2,14,14,1,2,3784134.3862257684,900903.865087012,5037839.012115303,-93081.19633369656,52.5130849613511,13.3913084472148,75.2168856229097,0.541204995676139,0
3583,test,1900,131647.399999943,1149251647.4,13,13,1,2,3784132.7784378533,900904.474518801,5037828.694163674,-93098.69633236573,52.5130850670857,13.3913100462691,75.2191700201109,0.55677793698909,0
3584,test,1900,131647.599999943,1149251647.6,13,13,1,2,3784130.614821246,900904.7741015574,5037826.074099089,-93110.7045867456,52.5130851657857,13.3913117035386,75.2214558789842,0.589706678269816,0
3585,test,1900,131647.799999943,1149251647.8,12,12,1,2,3784140.9258344844,900903.9492049199,5037827.680140107,-93119.77943121252,52.5130854086248,13.3913134943251,75.2237529265759,0.650567285783506,0
3586,test,1900,131647.999999943,1149251648.0,12,12,1,2,3784140.8698187643,900903.6216655824,5037836.433922041,-93123.66694390123,52.5130856185841,13.3913155153134,75.2260713360353,0.748841375586686,0
3587,test,1900,131648.199999943,1149251648.2,14,13,1,2,3784152.5087454948,900902.9045117318,5037841.849561212,-93121.55252102941,52.5130857950255,13.3913178795632,75.2284191090594,0.885565451041828,0
3588,test,1900,131648.399999943,1149251648.4,14,13,1,2,3784158.32487165,900900.727586264,5037850.750815017,-93124.58894099719,52.5130861034309,13.3913206782787,75.2308005296901,1.0514598843444,0
3589,test,1900,131648.599999943,1149251648.6,14,14,1,2,3784145.8914201534,900901.9286927155,5037841.062059424,-93145.89372799014,52.5130864266448,13.391323980425,75.2332124203894,1.23199385819948,0
3590,test,1900,131648.799999943,1149251648.8,13,13,1,2,3784154.79472334,900897.6492292305,5037841.646654696,-93156.99447021488,52.5130868974962,13.3913277934806,75.2356403822654,1.41604670707175,0
3591,test,1900,131648.999999943,1149251649.0,13,13,1,2,3784158.3337893127,900896.08751676,5037844.05928355,-93164.47517092685,52.5130875225963,13.3913321186838,75.2380603888462,1.59755526931936,0
3592,test,1900,131649.199999943,1149251649.2,13,13,1,2,3784155.689031319,900895.9215672354,5037844.139146924,-93176.32558289298,52.5130882983732,13.3913369236955,75.2404416786148,1.78004513731787,0
3593,test,1900,131649.399999943,1149251649.4,14,14,1,2,3784140.6256723027,900899.1205082414,5037841.408614052,-93190.35525173588,52.5130892315048,13.3913421932519,75.2427541588759,1.97063453466918,0
3594,test,1900,131649.599999943,1149251649.6,15,15,1,2,3784137.277397331,900900.226999631,5037841.787060808,-93203.3256232692,52.5130904914526,13.3913479154041,75.2449767652295,2.16880576618565,0
3595,test,1900,131649.799999943,1149251649.8,15,15,1,2,3784137.451877661,900900.916526848,5037842.545194193,-93213.26346380213,52.5130919895117,13.3913540591609,75.2470878061852,2.37009959950632,0
3596,test,1900,131649.999999943,1149251650.0,15,15,1,2,3784139.4048422235,900899.9292919436,5037845.772563367,-93220.48877594975,52.5130939135002,13.3913605633815,75.2490652220104,2.56564855990102,0
3597,test,1900,131650.199999943,1149251650.2,13,13,1,2,3784138.922000665,900901.87478574,5037841.304711607,-93233.46978790681,52.5130961284376,13.3913673275521,75.2508878077917,2.74230431889383,0
3598,test,1900,131650.399999943,1149251650.4,13,13,1,2,3784142.8746780097,900902.4104382324,5037841.554295888,-93242.04157263714,52.5130988311497,13.3913741885455,75.252535506251,2.88761775081128,0
3599,test,1900,131650.599999943,1149251650.6,13,13,1,2,3784139.0026437193,900901.8854087684,5037838.157949993,-93257.19398283352,52.513102022052,13.3913809512758,75.2539959644822,2.99711815538109,0
3600,test,1900,131650.799999943,1149251650.8,14,14,1,2,3784137.7997769862,900901.9465941808,5037836.937908153,-93268.14988630648,52.513105621681,13.3913874301562,75.2552663542366,3.07990218593939,0
3601,test,1900,131650.999999943,1149251651.0,14,14,1,2,3784135.4182690657,900901.1837039114,5037838.144965401,-93278.59689947883,52.5131095926789,13.3913935187762,75.2563528638618,3.15811483640264,0
3602,test,1900,131651.199999943,1149251651.2,14,14,1,2,3784136.208162952,900899.5490764529,5037841.404554519,-93287.2118332644,52.5131141463674,13.3913991322856,75.2572659303196,3.25583749978907,0
3603,test,1900,131651.399999944,1149251651.4,14,14,1,2,3784132.6141867843,900897.9075048526,5037840.545514679,-93300.14786490561,52.5131190677006,13.3914042201689,75.2580154761865,3.38412083372931,0
3604,test,1900,131651.599999944,1149251651.6,13,13,1,2,3784130.2652283157,900897.6310961479,5037839.5664773,-93311.4271860038,52.5131242869419,13.3914087084451,75.2586083936866,3.53508620046966,0
3605,test,1900,131651.799999944,1149251651.8,14,14,1,2,3784127.6269889046,900897.0693509504,5037838.907047957,-93323.81488129054,52.5131301578983,13.3914124722658,75.2590423993355,3.69208506450372,0
3606,test,1900,131651.999999944,1149251652.0,14,14,1,2,3784127.383524332,900895.978918631,5037839.752503695,-93333.6330112633,52.5131363585788,13.3914153999193,75.2593078735869,3.84131226359986,0
3607,test,1900,131652.199999944,1149251652.2,14,14,1,2,3784124.726428434,900894.8612013232,5037839.732750337,-93345.18424542365,52.5131431073839,13.3914173985451,75.2593937380691,3.97245807496904,0
3608,test,1900,131652.399999944,1149251652.4,14,14,1,2,3784125.9104319927,900894.6340005087,5037839.324927516,-93354.67141212856,52.5131500320005,13.3914184539322,75.2592939507889,4.08544448940022,0
3609,test,1900,131652.599999944,1149251652.6,13,13,1,2,3784127.5623882725,900893.7783660861,5037839.978696153,-93364.45769883475,52.5131572504127,13.3914185936876,75.2590035883001,4.19023454501155,0
3610,test,1900,131652.799999944,1149251652.8,14,14,1,2,3784124.921869439,900893.4103472995,5037841.840098098,-93374.25286053795,52.5131646434196,13.3914178665008,75.2585203636885,4.30201694848958,0
3611,test,1900,131652.999999944,1149251653.0,14,14,1,2,3784125.414226291,900892.3302856771,5037840.786748563,-93384.83331937082,52.5131721467733,13.3914163623795,75.2578485093651,4.42822668062162,0
3612,test,1900,131653.199999944,1149251653.2,13,13,1,2,3784124.9557753927,900891.7476890029,5037842.777242494,-93394.13494469576,52.5131800096779,13.3914140700856,75.2570003111777,4.56022258542789,0
3613,test,1900,131653.399999944,1149251653.4,13,13,1,2,3784126.360513953,900889.9984140856,5037846.290363998,-93401.75871608964,52.5131879793846,13.3914111371847,75.2560025124184,4.68335831157428,0
3614,test,1900,131653.599999944,1149251653.6,14,14,1,2,3784125.1717177844,900892.7022913387,5037843.517344912,-93413.37507331431,52.5131961401184,13.391407763845,75.2549030971527,4.77993604004538,0
3615,test,1900,131653.799999944,1149251653.8,14,14,1,2,3784122.75384879,900893.102296625,5037843.57683878,-93423.92275505934,52.5132044797034,13.3914041036405,75.2537710622856,4.83339497488691,0
3616,test,1900,131653.999999944,1149251654.0,14,14,1,2,3784121.029873255,900893.232543263,5037842.813674181,-93435.3023375182,52.5132129225326,13.391400333939,75.2526950483218,4.83795575650532,0
3617,test,1900,131654.199999944,1149251654.2,15,15,1,2,3784121.976755753,900892.7716201165,5037840.890182436,-93446.25193742917,52.5132212602546,13.3913965980795,75.2517794921993,4.80020197018937,0
3618,test,1900,131654.399999944,1149251654.4,15,14,1,3,3784100.760410489,900898.2216803366,5037833.610685475,-93470.34965918632,52.5132293521299,13.3913929897154,75.2511399629006,4.73407631635741,0
3619,test,1900,131654.599999944,1149251654.6,13,13,1,2,3784099.9737655283,900897.802593834,5037832.893047581,-93481.58463967472,52.5132372632372,13.3913895993131,75.2508938293129,4.65534119044019,0
3620,test,1900,131654.799999944,1149251654.8,14,14,1,3,3784123.1074913833,900889.5434383947,5037841.952027329,-93474.24941791622,52.5132452639528,13.3913863846291,75.2511437435121,4.57724392139915,0
3621,test,1900,131654.999999944,1149251655.0,14,14,1,2,3784125.825303026,900888.9378885032,5037844.086271043,-93481.50978643296,52.5132531997962,13.3913834206832,75.2519599200048,4.51205057364093,0
3622,test,1900,131655.199999944,1149251655.2,12,12,1,2,3784122.7574120327,900884.6891684979,5037850.047551383,-93489.8229414263,52.513261043379,13.3913806780484,75.2533747506825,4.46580854874794,0
3623,test,1900,131655.399999944,1149251655.4,12,12,1,2,3784123.7458171933,900883.0043621142,5037855.060373861,-93496.15368113676,52.5132688289143,13.3913781365726,75.2553855121273,4.44046122057152,0
3624,test,1900,131655.599999944,1149251655.6,13,13,1,2,3784124.9288907386,900885.8019249423,5037857.743260241,-93503.92638041507,52.5132765494306,13.3913757801702,75.257968148191,4.43320290245891,0
3625,test,1900,131655.799999944,1149251655.8,13,13,1,2,3784127.9122615806,900884.793366491,5037862.172810249,-93510.07750635578,52.513284323993,13.391373582351,75.2610856963396,4.43854441928949,0
3626,test,1900,131655.999999944,1149251656.0,13,13,1,2,3784128.6528187557,900883.8815220323,5037866.412199342,-93517.46980659745,52.5132921375085,13.3913715564056,75.2646961710446,4.44982963388521,0
3627,test,1900,131656.199999944,1149251656.2,14,14,1,2,3784125.7449019896,900887.7949973359,5037854.392329362,-93535.04387281838,52.5133000792444,13.3913696728766,75.2687559031036,4.4623302979379,0
3628,test,1900,131656.399999944,1149251656.4,15,15,1,2,3784128.296653847,900891.8150273139,5037858.10568058,-93540.95137406804,52.5133080091448,13.3913679294495,75.2732210353695,4.47407730041399,0
3629,test,1900,131656.599999944,1149251656.6,13,13,1,2,3784125.311646254,900885.8563202168,5037874.9489999795,-93544.13024209399,52.513315844041,13.3913663113604,75.2780493126859,4.48457113393901,0
3630,test,1900,131656.799999944,1149251656.8,13,13,1,2,3784126.323640449,900887.2994149103,5037875.857585593,-93552.6170126101,52.5133237604318,13.3913647970554,75.2832020144622,4.49454952564549,0
3631,test,1900,131656.999999944,1149251657.0,14,14,1,2,3784119.896412004,900891.5159988422,5037854.37116234,-93578.1369121603,52.5133315786475,13.3913633386428,75.2886437392608,4.50471237124344,0
3632,test,1900,131657.199999944,1149251657.2,14,14,1,2,3784120.782988934,900890.5423312197,5037861.096885305,-93584.09625422794,52.5133395586269,13.3913619215506,75.2943426167067,4.51413298175987,0
3633,test,1900,131657.399999944,1149251657.4,14,14,1,2,3784118.5329836225,900888.6376046218,5037865.709134706,-93593.21911853248,52.5133475311722,13.3913605569462,75.3002683586611,4.52365140634635,0
3634,test,1900,131657.599999944,1149251657.6,14,14,1,3,3784094.8009759295,900901.1655282769,5037852.61339545,-93621.26545840179,52.513355406571,13.3913592289694,75.3063919676826,4.53444129826424,0
3635,test,1900,131657.799999944,1149251657.8,14,14,1,2,3784093.959985938,900900.9759777384,5037854.815598867,-93630.52672065148,52.5133633992552,13.3913579470304,75.3126852047889,4.54621114152793,0
3636,test,1900,131657.999999944,1149251658.0,14,14,1,2,3784094.864281175,900901.4113045245,5037857.5816803975,-93638.73453367685,52.513371454604,13.3913567123178,75.3191198906288,4.55955194020206,0
3637,test,1900,131658.199999944,1149251658.2,14,14,1,2,3784095.5492023975,900901.0731057635,5037861.158107682,-93646.76499445445,52.5133795178926,13.3913555052819,75.3256673630135,4.57488061050261,0
3638,test,1900,131658.399999944,1149251658.4,15,15,1,3,3784120.356768528,900893.3530958933,5037867.589186072,-93641.00403534304,52.5133875986012,13.3913543428443,75.3323000958745,4.58740392972168,0
3639,test,1900,131658.599999944,1149251658.6,15,15,1,2,3784120.7728864606,900891.2643843037,5037868.274297581,-93649.87401049903,52.5133957284891,13.3913531888389,75.3389930431843,4.59034891984562,0
3640,test,1900,131658.799999944,1149251658.8,15,14,1,3,3784097.4445186914,900899.3022867052,5037861.8080399055,-93675.51133066996,52.5134037766361,13.3913520567974,75.3457231507989,4.57697155036652,0
3641,test,1900,131658.999999944,1149251659.0,14,14,1,2,3784097.6653968347,900900.5655976671,5037862.987523083,-93684.81819414516,52.5134119215605,13.3913509521889,75.3524669978229,4.54079199718118,0
3642,test,1900,131659.199999944,1149251659.2,14,13,1,3,3784083.2860101857,900889.9985122436,5037860.39680832,-93706.28672430199,52.5134198895051,13.3913498848419,75.3592015104727,4.48018237674171,0
3643,test,1900,131659.399999944,1149251659.4,13,12,1,2,3784086.169205112,900887.0541429266,5037873.558150819,-93707.5224045248,52.5134277183417,13.3913488257925,75.3659024190836,4.39897836001483,0
3644,test,1900,131659.599999944,1149251659.6,13,12,1,2,3784082.0162145253,900884.2405648114,5037853.446236776,-93732.89360216529,52.5134354380027,13.3913478168356,75.3725447927961,4.30209832100728,0
3645,test,1900,131659.799999944,1149251659.8,11,11,1,2,3784082.9261532747,900882.7969452988,5037858.706205427,-93740.64398272721,52.5134428835493,13.3913467897981,75.3791012545242,4.19976276932424,0
3646,test,1900,131659.999999944,1149251660.0,12,12,1,2,3784080.727577943,900882.2313981871,5037853.7391463965,-93754.78387030854,52.5134502006926,13.3913457640082,75.3855398522543,4.10655772871232,0
3647,test,1900,131660.199999944,1149251660.2,12,12,1,2,3784079.6503991717,900881.923191909,5037853.243137633,-93765.7312844894,52.5134574194879,13.391344744925,75.3918226454088,4.03489725035595,0
3648,test,1900,131660.399999944,1149251660.4,12,12,1,2,3784079.9444619184,900880.4908634365,5037857.917353527,-93773.36350068661,52.5134644990958,13.3913437289759,75.3979047695383,3.99442366546732,0
3649,test,1900,131660.599999944,1149251660.6,13,13,1,2,3784096.697493417,900875.6866999614,5037865.214551278,-93771.20830460136,52.513471581762,13.3913426976846,75.4037395698754,3.98401672234269,0
3650,test,1900,131660.799999944,1149251660.8,13,13,1,2,3784097.307713465,900878.9568025217,5037891.722446857,-93763.35743297805,52.5134787872708,13.391341640405,75.4092802143956,3.99620955817649,0
3651,test,1900,131660.999999944,1149251661.0,13,13,1,2,3784093.5041906023,900879.5118479199,5037886.82504385,-93778.59017095168,52.5134860480528,13.3913405653645,75.4144780110572,4.02006426825745,0
3652,test,1900,131661.199999944,1149251661.2,13,13,1,2,3784090.1062761233,900880.0262165313,5037883.7328897,-93793.01079014948,52.5134933251365,13.3913394554183,75.419282862786,4.04595213256745,0
3653,test,1900,131661.399999944,1149251661.4,13,13,1,2,3784086.9882369186,900880.9344312316,5037883.587341252,-93804.50182020864,52.5135005570384,13.3913383387941,75.4236461238645,4.07027172642716,0
3654,test,1900,131661.599999944,1149251661.6,13,13,1,2,3784085.282545501,900879.4572988447,5037882.361569756,-93816.69979999185,52.5135077960319,13.3913372086239,75.4275237028473,4.09376282711217,0
3655,test,1900,131661.799999944,1149251661.8,13,13,1,2,3784084.2978803976,900879.7809725453,5037882.06251483,-93827.7251143988,52.5135151608636,13.3913360476217,75.430876014374,4.11860659535763,0
3656,test,1900,131661.999999944,1149251662.0,12,12,1,2,3784083.996563881,900877.9708061564,5037883.883855733,-93836.50343697572,52.5135223640615,13.3913348735233,75.4336686914032,4.14674961427399,0
3657,test,1900,131662.199999944,1149251662.2,13,13,1,2,3784078.2067392347,900883.5804588365,5037864.890818249,-93861.04136123769,52.5135296807086,13.3913336570132,75.4358731253946,4.17719219071076,0
3658,test,1900,131662.399999944,1149251662.4,13,13,1,2,3784081.0756089245,900878.2173630343,5037881.008008712,-93860.10245291109,52.5135371881368,13.3913324165383,75.4374670970053,4.20758852061918,0
3659,test,1900,131662.599999944,1149251662.6,11,11,1,2,3784081.4327176274,900877.6778315088,5037886.817759121,-93866.09528329948,52.5135447060631,13.3913311491093,75.4384335419656,4.23731884731636,0
3660,test,1900,131662.799999944,1149251662.8,13,13,1,2,3784080.726894384,900878.6518298971,5037885.554047222,-93877.95884684278,52.5135522318515,13.3913298534624,75.4387626657269,4.26653266825124,0
3661,test,1900,131662.999999944,1149251663.0,11,11,1,2,3784080.1687903022,900872.662258639,5037890.987439695,-93887.02798144826,52.5135598397654,13.3913285305281,75.4384505463983,4.29534456489001,0
3662,test,1900,131663.199999944,1149251663.2,13,13,1,2,3784078.95732723,900878.578399666,5037888.078941075,-93898.43835213393,52.5135674387343,13.3913271933999,75.4374988734234,4.32382246480086,0
3663,test,1900,131663.399999944,1149251663.4,13,13,1,2,3784077.0615747636,900878.2607593733,5037888.513848961,-93909.37095910063,52.5135750475056,13.3913258308696,75.4359157433429,4.34946041968786,0
3664,test,1900,131663.599999944,1149251663.6,13,13,1,2,3784076.852309535,900878.8489034526,5037889.526609108,-93918.98201244611,52.5135828003566,13.3913244309481,75.4337155398922,4.36999707576222,0
3665,test,1900,131663.799999944,1149251663.8,13,13,1,2,3784074.6964077037,900879.9679349882,5037890.156078751,-93929.93055664803,52.5135904471745,13.3913230351966,75.4309186741659,4.38460552154841,0
3666,test,1900,131663.999999944,1149251664.0,13,13,1,2,3784073.7316478747,900879.2663296646,5037889.926188865,-93940.96288027523,52.5135982132811,13.3913216104869,75.4275503651441,4.39508034438995,0
3667,test,1900,131664.199999944,1149251664.2,12,12,1,2,3784072.1909730476,900880.3423983272,5037888.142325349,-93952.67525399796,52.5136058979486,13.3913201819349,75.423637389692,4.40476141882605,0
3668,test,1900,131664.399999944,1149251664.4,13,13,1,2,3784072.400489376,900880.770485242,5037890.9875138,-93960.76830252122,52.5136136276153,13.3913187555335,75.419178903607,4.41825876380779,0
3669,test,1900,131664.599999944,1149251664.6,13,13,1,2,3784072.7656738875,900879.8448118147,5037895.518978231,-93968.3475358047,52.513621430797,13.3913173201099,75.4141975690601,4.43717011222004,0
3670,test,1900,131664.799999944,1149251664.8,13,13,1,2,3784071.6794690457,900880.7437586341,5037895.704743868,-93978.71724480955,52.513629331562,13.3913158870559,75.4087285914819,4.45992684074332,0
3671,test,1900,131664.999999944,1149251665.0,13,13,1,2,3784070.953339086,900880.0851522392,5037896.15682784,-93989.41034232287,52.5136372130027,13.3913144521997,75.402807520026,4.48731818747198,0
3672,test,1900,131665.199999944,1149251665.2,12,12,1,2,3784067.7737630215,900875.3244436638,5037883.815168583,-94010.75328448396,52.5136452288683,13.3913129607355,75.3964682354402,4.51350196798064,0
3673,test,1900,131665.399999944,1149251665.4,12,12,1,2,3784067.765116401,900875.5297175982,5037885.302079159,-94020.39775118494,52.513653185186,13.391311475449,75.3897437081283,4.53194775122372,0
3674,test,1900,131665.599999944,1149251665.6,11,11,1,2,3784065.1627230565,900875.7724934375,5037885.760306573,-94031.8886838549,52.5136611862171,13.3913099732818,75.3826646130633,4.53538452084036,0
3675,test,1900,131665.799999944,1149251665.8,12,12,1,2,3784065.8273987053,900873.559776906,5037883.619526603,-94042.95283904827,52.5136691299553,13.3913084881228,75.3752592799413,4.51730358214882,0
3676,test,1900,131665.999999944,1149251666.0,13,12,1,2,3784065.092015734,900876.0160599664,5037885.029266858,-94051.51610340388,52.5136770086399,13.3913070419952,75.3675531793788,4.47489167504182,0
3677,test,1900,131666.199999944,1149251666.2,13,12,1,2,3784065.073764569,900875.9164018861,5037886.27878434,-94060.89222658808,52.5136849013305,13.3913056163676,75.3595691671513,4.41240284241496,0
3678,test,1900,131666.399999944,1149251666.4,13,12,1,2,3784065.1630698997,900876.2519731682,5037889.266548137,-94069.55528832425,52.5136925837766,13.3913042257256,75.3513269399718,4.33964318587976,0
3679,test,1900,131666.599999944,1149251666.6,13,12,1,2,3784063.662150742,900875.7730070393,5037890.222671134,-94080.25253418765,52.5137001561136,13.3913028688877,75.3428438798039,4.26684490693143,0
3680,test,1900,131666.799999944,1149251666.8,13,12,1,2,3784062.8157238783,900877.4648129991,5037895.374049628,-94087.64295752146,52.5137075599309,13.3913015564594,75.3341345547927,4.20190074657741,0
3681,test,1900,131666.999999944,1149251667.0,13,12,1,2,3784061.011594879,900879.0351061543,5037894.445012015,-94099.04698103196,52.5137148907497,13.3913002778732,75.3252106064434,4.14847874560655,0
3682,test,1900,131667.199999944,1149251667.2,13,12,1,2,3784060.669939268,900879.2438455872,5037896.402969552,-94108.44792891011,52.5137222748016,13.3912990294375,75.3160825634807,4.1083556443686,0
3683,test,1900,131667.399999944,1149251667.4,13,12,1,2,3784060.8837116254,900878.547118234,5037898.398688417,-94117.40975238896,52.5137295115996,13.3912978015173,75.3067609993515,4.0838631923324,0
3684,test,1900,131667.599999944,1149251667.6,12,11,1,2,3784058.1937152403,900870.5389440783,5037881.227804318,-94142.28467111719,52.5137367501228,13.3912965835422,75.2972574495733,4.075527682421,0
3685,test,1900,131667.799999944,1149251667.8,12,11,1,2,3784057.6103926986,900867.1059233006,5037877.488350934,-94155.8367265045,52.5137439225061,13.391295390174,75.2875853165236,4.08237115576844,0
3686,test,1900,131667.999999944,1149251668.0,13,12,1,2,3784061.6018935814,900877.5659343705,5037906.100913918,-94142.79330869301,52.5137511905444,13.3912942066922,75.2777593239954,4.10035035950679,0
3687,test,1900,131668.199999944,1149251668.2,13,12,1,2,3784061.044854073,900877.6756981318,5037907.717773891,-94151.50381670443,52.5137584455503,13.3912930305828,75.267795197898,4.12421145105191,0
3688,test,1900,131668.399999944,1149251668.4,12,11,1,2,3784059.103839217,900879.3784718666,5037908.688284937,-94161.77162717492,52.5137657272867,13.3912918732688,75.2577093689398,4.15004501774514,0
3689,test,1900,131668.599999945,1149251668.6,11,10,1,2,3784055.6250314666,900864.4837617901,5037869.985619565,-94202.89480076954,52.5137730955178,13.3912907131633,75.2475184402711,4.17495059444843,0
3690,test,1900,131668.799999945,1149251668.8,12,11,1,2,3784053.061030079,900863.5401482501,5037877.727127737,-94209.50834140998,52.5137803500175,13.3912895855163,75.2372396922051,4.19719531261639,0
3691,test,1900,131668.999999945,1149251669.0,12,11,1,2,3784051.214235519,900865.9253706796,5037878.066911936,-94220.01112527197,52.5137877955754,13.3912884355004,75.2268904817653,4.21402564440618,0
3692,test,1900,131669.199999945,1149251669.2,12,11,1,2,3784048.5765334726,900863.984612392,5037877.47256992,-94232.06175667564,52.5137952411525,13.391287302216,75.2164882974649,4.22443071925536,0
3693,test,1900,131669.399999945,1149251669.4,12,11,1,2,3784045.323649353,900861.1515072683,5037874.880721216,-94247.13467615918,52.5138026950609,13.3912861848188,75.2060494406754,4.23322889582295,0
3694,test,1900,131669.599999945,1149251669.6,12,11,1,2,3784044.2814014186,900859.7588340564,5037873.684549222,-94258.98591594795,52.5138102057199,13.3912850781151,75.1955896791706,4.24584662267907,0
3695,test,1900,131669.799999945,1149251669.8,12,11,1,2,3784043.6440499267,900860.1083677406,5037871.118915861,-94271.09359785992,52.5138177202053,13.3912839770723,75.1851240371429,4.26804961171453,0
3696,test,1900,131669.999999945,1149251670.0,12,11,1,2,3784043.0941614667,900860.5549012804,5037871.33179854,-94281.4748981615,52.5138253669713,13.3912828602917,75.1746673250472,4.30112598968882,0
3697,test,1900,131670.199999945,1149251670.2,12,11,1,2,3784041.4121518494,900860.745392235,5037870.292424065,-94292.85128813499,52.5138330628612,13.3912817574385,75.1642343029004,4.34315523063923,0
3698,test,1900,131670.399999945,1149251670.4,13,12,1,3,3784046.724614216,900873.0898497155,5037914.606614905,-94268.51421002993,52.5138407225459,13.3912806410042,75.1538401649947,4.39155375612357,0
3699,test,1900,131670.599999945,1149251670.6,13,12,1,2,3784045.2785396976,900873.2696302701,5037912.775276158,-94280.56150655354,52.5138484927634,13.3912795070213,75.1434999887952,4.43975143041325,0
3700,test,1900,131670.799999945,1149251670.8,14,13,1,2,3784041.6371222334,900875.5722130301,5037897.662267738,-94302.59136355686,52.5138563259491,13.3912783437996,75.133229521,4.48344823460764,0
3701,test,1900,131670.999999945,1149251671.0,14,13,1,2,3784040.93335411,900875.5155270282,5037892.955052569,-94315.59980233382,52.5138642835099,13.3912771381575,75.1230440642289,4.5199455936105,0
3702,test,1900,131671.199999945,1149251671.2,13,12,1,2,3784038.3761324584,900859.278428127,5037877.497833106,-94342.6971671327,52.5138723969602,13.3912759159659,75.1129589149886,4.54962392414019,0
3703,test,1900,131671.399999945,1149251671.4,13,12,1,2,3784039.803629553,900861.4590578546,5037882.430188542,-94349.18759985443,52.5138804159986,13.3912746755655,75.1029881749852,4.57645291974287,0
3704,test,1900,131671.599999945,1149251671.6,13,12,1,2,3784038.745424987,900860.0230328991,5037882.67008365,-94360.13564274333,52.5138885016209,13.3912734108773,75.093144503939,4.60297515674299,0
3705,test,1900,131671.799999945,1149251671.8,13,12,1,2,3784041.2784288917,900872.2928913776,5037918.327544956,-94342.48371633589,52.5138967192544,13.3912721163258,75.0834395724931,4.63120901442541,0
3706,test,1900,131671.999999945,1149251672.0,13,12,1,2,3784040.3956339005,900871.2447763402,5037916.022927351,-94354.15337331299,52.5139048531365,13.3912708057342,75.0738842143668,4.66326985242597,0
3707,test,1900,131672.199999945,1149251672.2,12,11,1,2,3784039.6124897357,900871.632186462,5037916.799890364,-94364.74368037701,52.5139131019422,13.3912694736166,75.0644885049025,4.69638214642534,0
3708,test,1900,131672.399999945,1149251672.4,13,12,1,2,3784038.6636089096,900874.5549067077,5037914.850897277,-94377.67182665848,52.5139214136184,13.3912681192614,75.0552617103236,4.72784556842588,0
3709,test,1900,131672.599999945,1149251672.6,12,11,1,2,3784037.198334979,900879.2743809491,5037906.173770519,-94394.45462596556,52.513929853948,13.391266737405,75.0462120978478,4.75568493957613,0
3710,test,1900,131672.799999945,1149251672.8,13,12,1,2,3784037.3666831357,900878.7279978832,5037914.502087785,-94399.88252539372,52.5139382794518,13.391265337222,75.0373477075798,4.77879168314944,0
3711,test,1900,131672.999999945,1149251673.0,13,12,1,2,3784035.6154275746,900879.3740158047,5037911.787762505,-94412.77469791989,52.5139467164683,13.3912639190654,75.0286757682903,4.796602522794,0
3712,test,1900,131673.199999945,1149251673.2,13,12,1,2,3784035.3032750594,900879.1349990984,5037907.121522972,-94425.74634679998,52.5139552527204,13.3912624859582,75.020203374218,4.81106804629127,0
3713,test,1900,131673.399999945,1149251673.4,13,12,1,2,3784034.746866476,900878.349272153,5037908.626514649,-94435.56853157272,52.5139636228224,13.3912610381415,75.0119319472717,4.82579095143362,0
3714,test,1900,131673.599999945,1149251673.6,12,11,1,2,3784033.8528296403,900881.7807955977,5037901.257613081,-94451.64042368575,52.5139720911637,13.3912595701125,75.0038559912291,4.84478611640339,0
3715,test,1900,131673.799999945,1149251673.8,13,12,1,2,3784033.1469079745,900877.7473957975,5037909.065679677,-94456.34486307025,52.5139805346973,13.3912581302473,74.9959794481691,4.87289928877704,0
3716,test,1900,131673.999999945,1149251674.0,13,12,1,2,3784032.761347502,900876.8520295073,5037910.189626487,-94465.71153622128,52.5139891287839,13.391256649906,74.9883065304971,4.91072267105568,0
3717,test,1900,131674.199999945,1149251674.2,14,13,1,2,3784030.806085725,900872.9570388666,5037900.893675665,-94484.6733855651,52.5139979418273,13.3912551742862,74.9808402706789,4.95665658666999,0
3718,test,1900,131674.399999945,1149251674.4,14,13,1,2,3784029.622337698,900870.9325976027,5037896.289359335,-94498.52549447691,52.5140068034356,13.3912536701337,74.9735823497598,5.00940699076332,0
3719,test,1900,131674.599999945,1149251674.6,14,13,1,2,3784028.764479517,900868.5942278671,5037893.946936672,-94510.9045594426,52.5140155677514,13.3912521347055,74.9665330907138,5.06480102272116,0
3720,test,1900,131674.799999945,1149251674.8,14,13,1,2,3784028.278716784,900868.7707498802,5037894.256506891,-94521.39802932355,52.5140245435738,13.3912505475238,74.9596916484159,5.11295890971417,0
3721,test,1900,131674.999999945,1149251675.0,14,13,1,2,3784028.1283837548,900867.925725432,5037895.922185711,-94530.7970729313,52.5140336612507,13.3912489033815,74.9530557159841,5.14440352853957,0
3722,test,1900,131675.199999945,1149251675.2,14,13,1,2,3784027.3263584543,900865.0786920515,5037898.8688709205,-94539.82244449684,52.5140427243899,13.3912472036831,74.9466226617569,5.15619914918919,0
3723,test,1900,131675.399999945,1149251675.4,13,12,1,2,3784025.9325933703,900874.5409895934,5037876.275062189,-94564.95017257187,52.5140517992717,13.3912454407654,74.9403885166432,5.15200157642101,0
3724,test,1900,131675.599999945,1149251675.6,14,13,1,2,3784029.275018147,900868.5112455995,5037899.668531109,-94560.1267967737,52.5140609100452,13.391243606824,74.9343482257672,5.1415210254345,0
3725,test,1900,131675.799999945,1149251675.8,12,12,1,2,3784023.836573326,900874.1477838537,5037876.535618044,-94586.96176931991,52.5140698541747,13.3912417141653,74.9284960002837,5.13618421208086,0
3726,test,1900,131675.999999945,1149251676.0,13,13,1,2,3784025.6493164427,900865.3277518973,5037898.374986626,-94581.42252008824,52.514078993051,13.3912397695164,74.9228246640904,5.14603248808563,0
3727,test,1900,131676.199999945,1149251676.2,12,12,1,2,3784025.7155936295,900876.1452198033,5037876.00424999,-94605.94788156253,52.5140880520551,13.3912377483785,74.9173265630682,5.17738576867187,0
3728,test,1900,131676.399999945,1149251676.4,14,14,1,2,3784027.517985254,900866.0974351955,5037906.003746437,-94596.01573861738,52.5140971805099,13.3912356455803,74.9119929089167,5.23176345313246,0
3729,test,1900,131676.599999945,1149251676.6,14,14,1,2,3784026.09253026,900866.7483068461,5037903.435969636,-94608.33551255148,52.514106409129,13.3912334670881,74.9068143930739,5.30456596991108,0
3730,test,1900,131676.799999945,1149251676.8,14,14,1,2,3784026.1690633767,900865.9955606995,5037902.950995325,-94618.63382232237,52.514115825324,13.3912312190423,74.9017807895378,5.38494509971465,0
3731,test,1900,131676.999999945,1149251677.0,14,13,1,2,3784024.489727641,900871.4595415014,5037903.053970853,-94628.10812053447,52.5141253172613,13.3912289160025,74.896881415885,5.46224183750595,0
3732,test,1900,131677.199999945,1149251677.2,13,13,1,2,3784026.324625576,900871.690986092,5037905.3216297235,-94635.488080822,52.5141350474318,13.3912265552154,74.8921051169869,5.52862392230854,0
3733,test,1900,131677.399999945,1149251677.4,11,11,1,2,3784022.742575781,900862.1311661944,5037910.947013191,-94649.00326577314,52.5141448230088,13.3912241466203,74.8874407673295,5.58101439404236,0
3734,test,1900,131677.599999945,1149251677.6,11,11,1,2,3784018.7520242715,900862.0780831688,5037908.989911374,-94662.46702511737,52.5141546116619,13.3912216956751,74.8828769015693,5.62104125395163,0
3735,test,1900,131677.799999945,1149251677.8,10,10,1,2,3784013.107769608,900855.174654888,5037894.4649760695,-94687.28807920586,52.5141645161187,13.3912191944976,74.8784023301259,5.65298523567773,0
3736,test,1900,131677.999999945,1149251678.0,11,11,1,3,3784015.880820921,900877.6543531256,5037901.269029812,-94683.05488263402,52.5141744140783,13.3912166518088,74.8740055015856,5.68051866927524,0
3737,test,1900,131678.199999945,1149251678.2,11,11,1,2,3784015.5590603375,900877.6321212396,5037904.612717374,-94691.47268388163,52.5141843877405,13.3912140796395,74.8696756369478,5.70774599089217,0
3738,test,1900,131678.399999945,1149251678.4,11,11,1,2,3784016.748228339,900879.9321620411,5037908.5238653,-94697.74635505688,52.5141944110212,13.3912114829599,74.8654024847237,5.73904093719499,0
3739,test,1900,131678.599999945,1149251678.6,10,10,1,3,3784010.1964723384,900855.1501571422,5037899.652162171,-94726.65706054668,52.5142045445749,13.3912088574708,74.8611761699962,5.77875269421146,0
3740,test,1900,131678.799999945,1149251678.8,11,11,1,2,3784010.0152372685,900853.9800117784,5037906.404790912,-94732.69307776808,52.5142147554942,13.3912062266912,74.8569873643044,5.8307615854454,0
3741,test,1900,131678.999999945,1149251679.0,11,11,1,2,3784009.8990321397,900853.872156224,5037907.818925451,-94742.14120092476,52.5142250408157,13.3912035787728,74.852828110193,5.89767394235353,0
3742,test,1900,131679.199999945,1149251679.2,11,11,1,2,3784009.3590951036,900853.7003816293,5037909.437905278,-94751.69949567257,52.514235314111,13.3912008919847,74.848691238805,5.97984063597234,0
3743,test,1900,131679.399999945,1149251679.4,11,11,1,2,3784008.506564182,900854.094336317,5037911.056069392,-94761.60445665265,52.5142457304924,13.3911982019875,74.8445708508244,6.0730795138765,0
3744,test,1900,131679.599999945,1149251679.6,11,11,1,2,3784009.1716369437,900854.2901542949,5037911.544622216,-94770.6361101965,52.5142565257559,13.3911954182136,74.840462114289,6.17454640081847,0
3745,test,1900,131679.799999945,1149251679.8,10,10,1,2,3784006.8293717173,900852.2845007369,5037907.086200615,-94784.91601357643,52.5142674992992,13.3911925762179,74.8363618368982,6.2829663327494,0
3746,test,1900,131679.999999945,1149251680.0,10,10,1,2,3784005.8160545505,900852.1497415418,5037908.209974976,-94794.92642513913,52.514278633393,13.3911896286474,74.832268241739,6.39751595656447,0
3747,test,1900,131680.199999945,1149251680.2,10,10,1,2,3784005.8431506273,900852.6087880154,5037909.610586977,-94804.10645657279,52.514289935276,13.3911866047084,74.8281801238249,6.51496582996579,0
3748,test,1900,131680.399999945,1149251680.4,10,10,1,2,3784004.6372945635,900851.6462396716,5037907.43997986,-94816.15128530437,52.5143013885173,13.3911834719789,74.8240971976933,6.6294925836664,0
3749,test,1900,131680.599999945,1149251680.6,10,10,1,2,3784004.4451039056,900850.4191048457,5037905.837537162,-94827.90448950049,52.514312993295,13.3911802218784,74.820019030875,6.73143107517298,0
3750,test,1900,131680.799999945,1149251680.8,10,10,1,2,3784003.4026497663,900850.5898750186,5037906.154968101,-94838.65477862573,52.5143248908612,13.3911769334219,74.8159447474253,6.81087005997149,0
3751,test,1900,131680.999999945,1149251681.0,10,10,1,2,3784003.38694708,900851.1323992803,5037910.4747577775,-94846.05849801553,52.5143368073747,13.3911735849391,74.8118730943216,6.85980273518816,0
3752,test,1900,131681.199999945,1149251681.2,10,10,1,2,3784002.9241687823,900849.7316223391,5037908.859675907,-94857.43767587471,52.5143488402757,13.3911702089182,74.8078032850081,6.87694481776369,0
3753,test,1900,131681.399999945,1149251681.4,10,10,1,2,3784003.1701700175,900850.6895911876,5037910.62960473,-94866.27130437025,52.5143609500214,13.3911667756856,74.8037341426405,6.86772746237503,0
3754,test,1900,131681.599999945,1149251681.6,10,10,1,2,3784002.0204726895,900850.3013339414,5037909.849196623,-94877.86154670235,52.514372999799,13.3911633242896,74.7996647485996,6.83854923597136,0
3755,test,1900,131681.799999945,1149251681.8,10,10,1,2,3784002.007327178,900849.4491442189,5037912.52998103,-94886.3974738276,52.5143848490061,13.3911598410256,74.7955946082438,6.7935685915075,0
3756,test,1900,131681.999999945,1149251682.0,10,10,1,2,3783998.2253925824,900848.9099850222,5037907.472818322,-94901.51165672796,52.5143966795278,13.3911563445808,74.7915235033312,6.73429867012806,0
3757,test,1900,131682.199999945,1149251682.2,10,10,1,2,3783996.086766952,900848.3877906355,5037907.288380293,-94913.04781614234,52.5144084425222,13.3911528613746,74.7874515693923,6.66081114633291,0
3758,test,1900,131682.399999945,1149251682.4,10,10,1,2,3783995.21056905,900847.3326152294,5037909.5827976195,-94922.26582124174,52.5144201001124,13.3911494409686,74.783380520184,6.57703476338085,0
3759,test,1900,131682.599999945,1149251682.6,10,10,1,2,3783995.454560783,900846.8362896944,5037913.436324755,-94930.57831399671,52.5144315502324,13.3911461478243,74.7793127996531,6.4897631299265,0
3760,test,1900,131682.799999945,1149251682.8,10,10,1,2,3783994.259660692,900846.6584064559,5037911.894799383,-94942.2488285849,52.514442871012,13.3911430337381,74.7752516511997,6.4033187768498,0
3761,test,1900,131682.999999945,1149251683.0,10,10,1,2,3783990.922372573,900846.6675832991,5037909.393611016,-94955.82597681736,52.5144541150369,13.3911401329571,74.7711997838318,6.31681511053633,0
3762,test,1900,131683.199999945,1149251683.2,10,10,1,2,3783990.2121043,900846.3937085455,5037910.3068280835,-94965.88347340102,52.5144651012895,13.3911374804759,74.7671604190954,6.22909659229029,0
3763,test,1900,131683.399999945,1149251683.4,10,10,1,2,3783989.2222768036,900847.2359658835,5037911.698187281,-94974.56823611833,52.5144760574615,13.3911351353081,74.7631370573346,6.13667351061901,0
3764,test,1900,131683.599999945,1149251683.6,10,10,1,2,3783988.4596643513,900846.7437030848,5037911.377492584,-94985.30085967996,52.5144867502802,13.3911331501209,74.7591338955572,6.03675321114756,0
3765,test,1900,131683.799999945,1149251683.8,10,10,1,2,3783986.588193451,900847.1308621102,5037912.368147695,-94996.05568537745,52.5144974304481,13.39113155205,74.7551564384772,5.92756245583404,0
3766,test,1900,131683.999999945,1149251684.0,10,10,1,2,3783986.508540975,900845.7603861975,5037908.735508779,-95008.33302268057,52.5145077599769,13.3911303271351,74.7512111021435,5.80886779866601,0
3767,test,1900,131684.199999945,1149251684.2,10,10,1,2,3783984.8690653318,900845.3676029099,5037910.518955604,-95018.69942760312,52.5145179691468,13.3911294526174,74.7473051702947,5.68016706629243,0
3768,test,1900,131684.399999945,1149251684.4,10,10,1,2,3783984.356682934,900844.9890464555,5037912.99866957,-95027.85941948081,52.5145278859955,13.3911289168234,74.7434470834477,5.54132531511475,0
3769,test,1900,131684.599999945,1149251684.6,10,10,1,2,3783984.1923707263,900845.6130222561,5037915.754692919,-95036.39720994065,52.5145375635704,13.3911286856402,74.7396455853364,5.39508138087255,0
3770,test,1900,131684.799999945,1149251684.8,10,10,1,2,3783982.7570717386,900845.5638533597,5037914.919655905,-95047.89603568899,52.5145470704177,13.3911286863747,74.7359105011925,5.24393923390969,0
3771,test,1900,131684.999999945,1149251685.0,10,10,1,2,3783982.1242822246,900844.3250830756,5037914.904391813,-95058.37871593719,52.5145562913704,13.3911288674063,74.7322518995315,5.08745273308214,0
3772,test,1900,131685.199999945,1149251685.2,10,10,1,2,3783982.552536228,900843.14782057,5037915.921957209,-95068.93505872088,52.5145651856461,13.3911291620167,74.7286806674321,4.92124093011332,0
3773,test,1900,131685.399999945,1149251685.4,10,10,1,2,3783982.1889938465,900844.1239500397,5037920.570611686,-95075.49541997013,52.5145737162211,13.3911295493094,74.7252075868325,4.7386828271539,0
3774,test,1900,131685.599999945,1149251685.6,10,10,1,2,3783980.6859954786,900844.4321215564,5037919.539453276,-95086.977702527,52.5145820131639,13.3911299603166,74.7218438821003,4.53507570650911,0
3775,test,1900,131685.799999946,1149251685.8,10,10,1,2,3783979.326773899,900842.6902185525,5037920.184600854,-95097.98943845642,52.5145898183918,13.3911303748644,74.7186009694928,4.31112244467966,0
3776,test,1900,131685.999999946,1149251686.0,11,11,1,3,3783989.6610251334,900847.9977973158,5037981.526791429,-95062.55223709974,52.5145972201035,13.3911307731717,74.7154899036855,4.07200308107539,0
3777,test,1900,131686.199999946,1149251686.2,11,11,1,2,3783989.980880429,900846.6663753378,5037980.564790013,-95073.4459436236,52.5146042745156,13.3911311269828,74.7125217340296,3.82327223583635,0
3778,test,1900,131686.399999946,1149251686.4,11,11,1,2,3783989.7978987717,900846.5794915213,5037981.254540372,-95083.31193208953,52.5146107818217,13.3911314173525,74.7097072730901,3.56871995690184,0
3779,test,1900,131686.599999946,1149251686.6,11,11,1,2,3783990.2399292104,900846.1832708677,5037982.353587268,-95092.63986477198,52.5146168535446,13.3911316314689,74.7070565650079,3.30883904398017,0
3780,test,1900,131686.799999946,1149251686.8,10,10,1,3,3783978.35509586,900842.496690036,5037923.37368195,-95147.04485019007,52.5146224359597,13.3911317361947,74.7045794981001,3.04117438478317,0
3781,test,1900,131686.999999946,1149251687.0,10,10,1,2,3783980.6247223355,900843.5667761372,5037929.566991282,-95152.0200023348,52.5146276181288,13.391131733268,74.7022854181411,2.76367530428266,0
3782,test,1900,131687.199999946,1149251687.2,10,10,1,2,3783981.0019689016,900844.9455987619,5037932.992797951,-95159.51429862196,52.5146322204693,13.3911316485609,74.7001828052758,2.47728333838398,0
3783,test,1900,131687.399999946,1149251687.4,10,10,1,2,3783983.2819760074,900844.0052096943,5037934.375200543,-95167.55899667836,52.5146363112506,13.3911314874009,74.698280091912,2.18529256615172,0
3784,test,1900,131687.599999946,1149251687.6,11,11,1,3,3783990.6841421393,900879.4966821154,5037945.912668117,-95153.06621016609,52.514639827176,13.3911313039451,74.696584504014,1.89418028711577,0
3785,test,1900,131687.799999946,1149251687.8,12,12,1,2,3783988.679533203,900878.5936704356,5037940.145270013,-95167.9738523612,52.5146429521137,13.391131088001,74.6951029518078,1.61469782094783,0
3786,test,1900,131687.999999946,1149251688.0,11,11,1,2,3783989.968316994,900879.2060908504,5037949.495036467,-95170.94708368553,52.5146454602425,13.3911308923596,74.6938413556766,1.3593585482435,0
3787,test,1900,131688.199999946,1149251688.2,11,11,1,2,3783990.7503965013,900879.2287497292,5037948.759838863,-95181.3326048463,52.5146476022264,13.3911307174367,74.6928045745678,1.13655214719582,0
3788,test,1900,131688.399999946,1149251688.4,11,10,1,3,3783980.192005765,900839.2020712261,5037925.57430207,-95227.52631810232,52.5146493700539,13.3911305567192,74.6919968937219,0.946355547711479,0
3789,test,1900,131688.599999946,1149251688.6,11,11,1,3,3783986.822343646,900864.9469539422,5037973.39890048,-95196.3577277594,52.5146508108787,13.3911304200602,74.6914215218038,0.782123189296792,0
3790,test,1900,131688.799999946,1149251688.8,11,11,1,2,3783985.89827279,900863.7287994118,5037976.26083013,-95205.32397330714,52.5146520404775,13.3911302995806,74.6910813436822,0.635676759873431,0
3791,test,1900,131688.999999946,1149251689.0,11,11,1,2,3783986.9451100095,900859.1694070224,5037976.278272618,-95214.82039127852,52.5146529699012,13.3911302037239,74.6909785982662,0.500380148709761,0
3792,test,1900,131689.199999946,1149251689.2,11,11,1,2,3783986.7389033237,900858.8299958997,5037976.904895691,-95224.44903455775,52.5146536141168,13.3911301263656,74.6911145779872,0.373813676742882,0
3793,test,1900,131689.399999946,1149251689.4,11,11,1,2,3783986.145935493,900863.4995755313,5037972.8717326475,-95237.69138581985,52.5146541066369,13.391130066502,74.691489791586,0.256191411870116,0
3794,test,1900,131689.599999946,1149251689.6,12,12,1,2,3783989.471446235,900859.2691607397,5038000.02619669,-95231.43090955156,52.5146544029138,13.3911300331362,74.6921039638663,0.151014199029139,0
3795,test,1900,131689.799999946,1149251689.8,11,11,1,2,3783981.161634727,900864.4414504253,5037973.6777294995,-95260.20561467829,52.5146546578545,13.3911301374442,74.6929560707319,0.069127635084381,1
3796,test,1900,131689.999999946,1149251690.0,11,11,1,2,3783979.473545737,900864.4121455747,5037974.574410106,-95270.55805716981,52.5146547649087,13.3911293070816,74.6940356921156,0.018546661730279,1
3797,test,1900,131690.199999946,1149251690.2,11,11,1,2,3783976.7286425233,900861.883965663,5037974.922679109,-95282.50618588303,52.5146541263109,13.3911296397902,74.6953415721858,-0.0054871151138637,1
3798,test,1900,131690.399999946,1149251690.4,11,11,1,2,3783972.704350753,900861.0845459296,5037975.7946853405,-95295.12684970748,52.5146541671336,13.3911296628386,74.6968697742618,-0.0130340550434048,1
3799,test,1900,131690.599999946,1149251690.6,12,12,1,2,3783970.7902658763,900860.0766355817,5037970.041335291,-95310.90963918314,52.5146545838522,13.3911302531573,74.6986117286553,-0.0132093506386538,1
3800,test,1900,131690.799999946,1149251690.8,12,12,1,2,3783969.787649496,900860.158587797,5037969.999319458,-95321.35584625743,52.5146545053811,13.3911302667404,74.7005531946998,-0.0118611880329152,1
3801,test,1900,131690.999999946,1149251691.0,12,12,1,2,3783968.7091341084,900859.5100888815,5037971.012881766,-95331.96073146521,52.5146544263799,13.3911302521904,74.7026716920375,-0.0115612920949823,1
3802,test,1900,131691.199999946,1149251691.2,12,12,1,2,3783967.719233049,900859.4161201997,5037970.982196869,-95342.66586485789,52.5146543640112,13.3911302512173,74.7049489011923,-0.0132548875911173,1
3803,test,1900,131691.399999946,1149251691.4,12,12,1,2,3783968.0375954905,900860.9523466184,5037971.61064092,-95351.99887724848,52.5146543591169,13.3911302388985,74.7073689491931,-0.016764437143313,1
3804,test,1900,131691.599999946,1149251691.6,12,12,1,2,3783968.8295363476,900860.8262360309,5037973.106117694,-95361.03863323655,52.5146542461242,13.3911302416804,74.7099158631573,-0.0212448955182657,1
3805,test,1900,131691.799999946,1149251691.8,12,12,1,2,3783968.488019667,900860.0290006388,5037973.59298538,-95371.16745150037,52.5146541712395,13.3911302595574,74.712572244537,-0.0260243353527713,1
3806,test,1900,131691.999999946,1149251692.0,12,12,1,2,3783965.605172794,900859.8899306228,5037975.172016222,-95382.11226894807,52.5146540144788,13.391130516283,74.7153200263819,-0.0298634442616165,1
3807,test,1900,131692.199999946,1149251692.2,12,12,1,2,3783966.1747701196,900859.7752734565,5037976.537825169,-95391.54614774548,52.5146538476464,13.3911305205853,74.7181401532661,-0.0321840270248161,1
3808,test,1900,131692.399999946,1149251692.4,12,12,1,2,3783967.0120658646,900859.5933017953,5037977.078173679,-95401.42524610848,52.5146537970284,13.3911305663558,74.7210133722098,-0.0325289650838776,1
3809,test,1900,131692.599999946,1149251692.6,12,12,1,2,3783967.953511147,900858.7808804988,5037978.911733345,-95410.32294860984,52.514653669393,13.3911306383078,74.7239189893259,-0.0308385448962222,1
3810,test,1900,131692.799999946,1149251692.8,12,12,1,2,3783969.03301133,900860.0515839462,5037978.989097651,-95419.57292800209,52.5146535558405,13.3911306436213,74.7268319425764,-0.0276183552464523,1
3811,test,1900,131692.999999946,1149251693.0,12,12,1,2,3783968.737776176,900860.5130825004,5037979.590248248,-95429.50254441735,52.514653349698,13.391131168845,74.7297254577694,-0.0221947913795238,1
3812,test,1900,131693.199999946,1149251693.2,12,12,1,2,3783967.687763367,900859.4049045114,5037980.785545561,-95439.99852511438,52.5146532371352,13.3911312354607,74.7325714231285,-0.0162360307098547,1
3813,test,1900,131693.399999946,1149251693.4,12,12,1,2,3783966.1556842807,900858.208629094,5037980.999110798,-95451.03934194423,52.5146531289266,13.391131209042,74.7353395644773,-0.012132506032265,1
3814,test,1900,131693.599999946,1149251693.6,12,12,1,2,3783966.756041701,900857.8388520667,5037983.848781505,-95459.61382771116,52.5146528203095,13.3911315032912,74.7380125855622,-0.009189065508402,1
3815,test,1900,131693.799999946,1149251693.8,12,12,1,2,3783967.335667873,900857.123662757,5037984.815589292,-95468.91242437082,52.5146528724345,13.3911315946125,74.7405791892133,-0.006679424623627,1
3816,test,1900,131693.999999946,1149251694.0,12,12,1,2,3783967.3900108887,900857.8914234763,5037987.291711516,-95477.2456598904,52.5146528992148,13.3911314164918,74.7430253881324,-0.0043476443016618,1
3817,test,1900,131694.199999946,1149251694.2,12,12,1,2,3783966.921096807,900856.9943636595,5037988.015064293,-95487.52557502038,52.5146529652296,13.3911314964547,74.7453364276329,-0.0023915451878781,1
3818,test,1900,131694.399999946,1149251694.4,12,12,1,2,3783967.1124647586,900856.8314338385,5037988.500602284,-95497.4928179705,52.5146529844282,13.3911314811162,74.7474987153736,-0.0006774769668537,1
3819,test,1900,131694.599999946,1149251694.6,12,12,1,2,3783966.5994583173,900856.644128391,5037990.176991247,-95506.9736914048,52.5146530902471,13.3911315101009,74.749499914366,0.0011417476830263,1
3820,test,1900,131694.799999946,1149251694.8,12,12,1,2,3783965.9414250436,900855.9875836036,5037990.167037463,-95517.49586092946,52.5146530117602,13.3911314384568,74.7513287826514,0.0027924771125134,1
3821,test,1900,131694.999999946,1149251695.0,12,12,1,2,3783963.431048171,900855.879174522,5037988.146265803,-95530.50440963516,52.5146530526344,13.3911313631623,74.7529755084102,0.0044449225032952,1
3822,test,1900,131695.199999946,1149251695.2,12,12,1,2,3783961.5885234424,900855.0326058845,5037987.963338069,-95541.90043887275,52.5146530808603,13.3911312621421,74.7544323146843,0.0060094321140441,1
3823,test,1900,131695.399999946,1149251695.4,12,12,1,2,3783960.2779023256,900853.8106099028,5037987.646768291,-95553.2618050836,52.5146530979038,13.3911311679832,74.7556926129893,0.0070668873653806,1
3824,test,1900,131695.599999946,1149251695.6,12,12,1,2,3783959.940008165,900853.690896983,5037988.3972182125,-95563.39695314103,52.514653151326,13.3911309214111,74.7567490999483,0.0077065239250066,1
3825,test,1900,131695.799999946,1149251695.8,12,12,1,2,3783958.8419825668,900852.0925582531,5037989.99912779,-95573.69088688705,52.5146532080916,13.3911309012826,74.757595102702,0.0077829118695243,1
3826,test,1900,131695.999999946,1149251696.0,12,12,1,2,3783957.5046776603,900851.3841058993,5037989.012133374,-95585.51501152258,52.5146534364015,13.391130842918,74.7582247169055,0.0073074434474047,1
3827,test,1900,131696.199999946,1149251696.2,12,12,1,2,3783957.260396109,900851.234415997,5037990.742264357,-95595.05277701859,52.5146535026516,13.3911308851711,74.7586329314921,0.0068752746127965,1
3828,test,1900,131696.399999946,1149251696.4,12,12,1,2,3783957.7427721913,900850.8446511154,5037990.419622492,-95605.20339151305,52.5146535136368,13.3911306482334,74.7588218276453,0.0073337711047372,1
3829,test,1900,131696.599999946,1149251696.6,12,12,1,2,3783956.0578823006,900850.809160042,5037988.254523974,-95617.66354594016,52.5146535103255,13.3911306058393,74.7587929049404,0.0077578138727999,1
3830,test,1900,131696.799999946,1149251696.8,13,13,1,3,3783960.091187885,900879.3250799575,5037968.856832762,-95625.63083433811,52.5146534989784,13.3911305112457,74.7585440591448,0.0080096615347625,1
3831,test,1900,131696.999999946,1149251697.0,13,13,1,2,3783960.7409571973,900879.451599843,5037969.25188682,-95635.3412092986,52.5146535644722,13.3911304881939,74.7580726216373,0.0080964907110603,1
3832,test,1900,131697.199999946,1149251697.2,13,13,1,2,3783961.773314975,900879.6168364693,5037969.187366524,-95645.05095510281,52.5146537801545,13.3911301878534,74.7573774571827,0.0077035844058042,1
3833,test,1900,131697.399999946,1149251697.4,13,13,1,2,3783960.822679222,900879.5947016011,5037969.599897323,-95655.49686275916,52.5146538334219,13.3911300823389,74.7564707837075,0.0069064757005511,1
3834,test,1900,131697.599999946,1149251697.6,13,13,1,2,3783960.7906703083,900879.8557367161,5037970.13084264,-95665.33929237118,52.5146538299434,13.3911301109954,74.7553577785063,0.0064464151292663,1
3835,test,1900,131697.799999946,1149251697.8,13,13,1,2,3783959.9728806214,900880.1471380506,5037969.217842948,-95676.50314936691,52.5146539040552,13.3911301279863,74.7540397760049,0.0060288443104566,1
3836,test,1900,131697.999999946,1149251698.0,13,13,1,2,3783959.3581220633,900879.7264695441,5037968.120319481,-95687.85001437657,52.5146538257857,13.391130133484,74.7525192238557,0.0056735791270531,1
3837,test,1900,131698.199999946,1149251698.2,13,13,1,2,3783959.552268865,900879.503746582,5037967.926395924,-95698.16463195374,52.514653800639,13.3911300641163,74.7508001996746,0.0056427053720125,1
3838,test,1900,131698.399999946,1149251698.4,13,13,1,2,3783959.9059419604,900879.1876143505,5037967.536456057,-95708.5974843147,52.5146538394841,13.3911300936587,74.7488889619067,0.0059318514100475,1
3839,test,1900,131698.599999946,1149251698.6,13,13,1,2,3783958.971563075,900879.5057421153,5037967.786047525,-95719.09190957347,52.5146538651327,13.3911300284313,74.7467932862073,0.0062666884392638,1
3840,test,1900,131698.799999946,1149251698.8,13,13,1,2,3783958.61544532,900879.1123715761,5037967.520615468,-95729.85383652408,52.5146540391088,13.3911299712611,74.7445218866809,0.0062254103292878,1
3841,test,1900,131698.999999946,1149251699.0,13,13,1,2,3783957.864297064,900879.3486145866,5037966.934560979,-95740.79487697339,52.5146540172182,13.3911299750864,74.7420853461471,0.0062008612229436,1
3842,test,1900,131699.199999946,1149251699.2,13,12,1,3,3783952.3306054366,900848.9789260495,5037986.174302994,-95754.94536512834,52.5146539597367,13.3911299180425,74.7394958645735,0.0058871512240759,1
3843,test,1900,131699.399999946,1149251699.4,13,12,1,2,3783952.8487071106,900849.1254772756,5037986.042081853,-95764.96682194994,52.5146539574745,13.3911298446075,74.7367696960938,0.0057012049400107,1
3844,test,1900,131699.599999946,1149251699.6,13,12,1,2,3783953.0445966413,900849.4914959703,5037986.189752645,-95774.85359390614,52.514654124383,13.3911298984521,74.7339231163636,0.0052849168592023,1
3845,test,1900,131699.799999946,1149251699.8,13,12,1,2,3783952.832201676,900849.8180046157,5037985.817869675,-95785.35958401179,52.5146540843709,13.3911298584459,74.7309721833969,0.0045544330615956,1
3846,test,1900,131699.999999946,1149251700.0,13,12,1,2,3783952.0590358097,900849.8174061335,5037984.876508799,-95796.58366339217,52.5146541636905,13.3911297802581,74.727933737483,0.0045443870080331,1
3847,test,1900,131700.199999946,1149251700.2,13,13,1,3,3783957.063396094,900882.0926217744,5037962.948302875,-95804.35351466844,52.5146542942616,13.3911298556817,74.7248253236167,0.0048145929484322,1
3848,test,1900,131700.399999946,1149251700.4,13,13,1,2,3783957.5904866112,900882.5490808222,5037961.690308736,-95815.30393968875,52.514654214903,13.3911298479686,74.7216617722127,0.0051153527841808,1
3849,test,1900,131700.599999946,1149251700.6,13,13,1,2,3783957.452145381,900883.1993411086,5037960.223086618,-95826.67768758546,52.514654192202,13.3911297658967,74.7184583773743,0.005638133469131,1
3850,test,1900,131700.799999946,1149251700.8,13,13,1,2,3783957.5816509575,900883.2890696836,5037959.704619009,-95837.53722421601,52.5146541882844,13.3911297814778,74.7152319699229,0.0063135549443581,1
3851,test,1900,131700.999999946,1149251701.0,13,13,1,2,3783957.260133863,900883.7445005974,5037959.320834654,-95848.11693533427,52.5146540926032,13.3911296882527,74.711999215742,0.0061255592057937,1
3852,test,1900,131701.199999946,1149251701.2,13,13,1,2,3783957.476107988,900884.2122767569,5037958.264955549,-95859.06639726399,52.5146541478537,13.3911297356981,74.7087780816296,0.004665634348359,1
3853,test,1900,131701.399999946,1149251701.4,13,13,1,2,3783957.7313600373,900884.9965490235,5037957.672106276,-95869.53189724874,52.5146542003827,13.3911295781988,74.7055865000355,0.0020549228949073,1
3854,test,1900,131701.599999946,1149251701.6,13,12,1,3,3784015.4548557624,900910.2536124706,5037972.612295017,-95837.20747309527,52.514654329761,13.3911297289478,74.7024412581316,-7.8051213333629e-05,1
3855,test,1900,131701.799999946,1149251701.8,13,12,1,2,3784015.9775605095,900910.9269658731,5037971.8150299,-95847.80911190862,52.5146542749157,13.3911297192159,74.6993576202547,-0.0018733752673208,1
3856,test,1900,131701.999999946,1149251702.0,13,12,1,2,3784015.7884586626,900910.9569102401,5037971.536142127,-95858.41269613581,52.5146542667979,13.3911298050888,74.6963491805998,-0.0032379193375949,1
3857,test,1900,131702.199999946,1149251702.2,13,12,1,2,3784015.4515534104,900911.0975537717,5037971.335115762,-95868.92088432406,52.5146542436567,13.3911297809792,74.6934276294807,-0.0039399924267578,1
3858,test,1900,131702.399999946,1149251702.4,13,12,1,2,3784015.2767798486,900910.6024063261,5037971.219864799,-95879.54449210118,52.5146541453219,13.3911297900178,74.6906035669411,-0.0048508061335425,1
3859,test,1900,131702.599999946,1149251702.6,13,13,1,3,3783957.158065418,900884.5957661105,5037955.084073398,-95933.67037907442,52.5146542136902,13.3911297418731,74.6878853046084,-0.0052096286606073,1
3860,test,1900,131702.799999946,1149251702.8,13,13,1,2,3783957.0410309425,900884.3028086814,5037952.524263641,-95945.75426547599,52.5146541588476,13.3911297596349,74.6852794731222,-0.0046778763313182,1
3861,test,1900,131702.999999947,1149251703.0,13,13,1,2,3783956.000128648,900883.0696641508,5037950.409130196,-95958.1644979086,52.5146541010227,13.3911297729925,74.6827922892795,-0.0036156767174039,1
3862,test,1900,131703.199999947,1149251703.2,13,12,1,2,3783955.4996719393,900880.202683071,5037949.405472876,-95970.22371716943,52.5146541321566,13.3911297643931,74.680427951799,-0.0020043638904869,1
3863,test,1900,131703.399999947,1149251703.4,13,12,1,2,3783954.7724371515,900878.6026893611,5037948.064476379,-95982.29997505771,52.5146541239023,13.391129762944,74.6781892443816,-0.0001628622943364,1
3864,test,1900,131703.599999947,1149251703.6,13,12,1,2,3783954.3368454003,900877.0848960485,5037947.431267492,-95993.46497637112,52.5146540330342,13.3911297438694,74.6760776654289,0.0017677362712877,1
3865,test,1900,131703.799999947,1149251703.8,13,12,1,2,3783953.6035857936,900876.0078481694,5037946.600101938,-96004.9557857813,52.5146540440708,13.3911297473602,74.674094643057,0.0037082316494765,1
3866,test,1900,131703.999999947,1149251704.0,13,12,1,2,3783952.769400162,900874.5127447124,5037943.610784664,-96018.10919644224,52.5146541181047,13.3911298879779,74.6722424268065,0.0055153639280274,1
3867,test,1900,131704.199999947,1149251704.2,13,12,1,2,3783952.4987430624,900874.4862731433,5037942.958454445,-96028.85472885863,52.5146540760392,13.3911299117168,74.6705231611316,0.006797877435423,1
3868,test,1900,131704.399999947,1149251704.4,13,11,1,3,3784009.5523678046,900905.1209663436,5037963.702234944,-95991.10269256537,52.5146541434073,13.391129867014,74.6689389641452,0.0076347830876381,1
3869,test,1900,131704.599999947,1149251704.6,13,11,1,2,3784009.180836145,900904.5203043652,5037961.884112349,-96002.76141596104,52.5146541490939,13.3911298169537,74.6674917454643,0.0084716729747839,1
3870,test,1900,131704.799999947,1149251704.8,13,11,1,2,3784007.463518982,900901.9049536898,5037958.845001851,-96016.68695500755,52.5146540275487,13.3911298689565,74.6661835936252,0.0093762313420546,1
3871,test,1900,131704.999999947,1149251705.0,13,11,1,2,3784005.5484284866,900898.8241917443,5037955.953558948,-96030.50782527865,52.5146540606279,13.3911298021953,74.6650169032274,0.0103585974693147,1
3872,test,1900,131705.199999947,1149251705.2,13,11,1,2,3784005.107447102,900898.1701571501,5037954.333902979,-96042.08599124363,52.514654071856,13.3911297710727,74.6639946633758,0.0105897219137751,1
3873,test,1900,131705.399999947,1149251705.4,13,11,1,2,3784004.597530739,900897.2080991021,5037955.576464484,-96051.95248920766,52.5146541538809,13.3911297570509,74.6631205912256,0.0096269186155072,1
3874,test,1900,131705.599999947,1149251705.6,13,11,1,2,3784004.4513084493,900896.6843428052,5037955.980452573,-96062.12288359685,52.5146541119547,13.3911297673935,74.6623987321526,0.0073114576378317,1
3875,test,1900,131705.799999947,1149251705.8,13,11,1,2,3784004.2403035155,900896.2848086103,5037957.387486353,-96071.73256450874,52.5146542229391,13.3911296518845,74.6618341260895,0.0028727615658198,1
3876,test,1900,131705.999999947,1149251706.0,13,11,1,2,3784004.0259227008,900895.7216742121,5037958.413903782,-96081.42679533582,52.5146541539939,13.3911296489225,74.6614320026808,-0.0039116468162606,1
3877,test,1900,131706.199999947,1149251706.2,13,11,1,2,3784003.347228236,900894.2608428125,5037959.5451401705,-96091.76395250169,52.5146541548898,13.391129644051,74.6611985712831,-0.0120722811624585,1
3878,test,1900,131706.399999947,1149251706.4,13,11,1,2,3784002.0510579385,900891.7785212665,5037958.396891804,-96103.77400351765,52.514654206416,13.3911296547806,74.6611406210818,-0.0216232296950383,1
3879,test,1900,131706.599999947,1149251706.6,13,12,1,3,3783950.089528853,900861.3238926107,5037939.028331024,-96158.83656474361,52.5146542320862,13.3911297685853,74.6612643139998,-0.0322233291706964,1
3880,test,1900,131706.799999947,1149251706.8,13,12,1,2,3783950.621907128,900860.7716873422,5037939.118689299,-96168.79302386705,52.5146541810387,13.391129781877,74.6615768886783,-0.0445501999791472,1
3881,test,1900,131706.999999947,1149251707.0,13,12,1,2,3783951.1289826194,900860.2920459647,5037939.866877268,-96178.33789269556,52.5146541192914,13.3911298157191,74.6620878006063,-0.0578565528415724,1
3882,test,1900,131707.199999947,1149251707.2,13,12,1,2,3783951.445248856,900860.7038021028,5037938.859047673,-96188.81224535921,52.5146539737203,13.391129804289,74.6628071651998,-0.0718356252066951,1
3883,test,1900,131707.399999947,1149251707.4,13,12,1,2,3783951.9047710984,900860.5325815836,5037937.713491748,-96199.80967890905,52.5146539379378,13.3911297640535,74.6637435610489,-0.0842256128855518,1
3884,test,1900,131707.599999947,1149251707.6,13,12,1,2,3783952.3350470643,900859.7649209127,5037935.251934315,-96211.58892953674,52.5146540887827,13.3911296714573,74.6649081123504,-0.0893491375045596,1
3885,test,1900,131707.799999947,1149251707.8,13,12,1,2,3783953.2087442284,900861.1730470314,5037935.360806458,-96220.9433390014,52.5146541450706,13.3911297045967,74.6663135429397,-0.0829694194067848,1
3886,test,1900,131707.999999947,1149251708.0,13,12,1,2,3783953.8000006652,900863.280153947,5037935.176124209,-96230.26574437537,52.5146543304438,13.3911292587278,74.6679735544481,-0.0586181888764955,1
3887,test,1900,131708.199999947,1149251708.2,13,12,1,2,3783955.719923754,900866.0599121763,5037936.5109530445,-96237.84487190255,52.5146542420461,13.3911292500342,74.669902420453,-0.0108690714830615,1
3888,test,1900,131708.399999947,1149251708.4,13,13,1,2,3783959.483506485,900870.8250501051,5037943.46292998,-96240.30967021038,52.5146547971587,13.39112982627,74.6721094213297,0.0709736062052721,1
3889,test,1900,131708.599999947,1149251708.6,13,13,1,2,3783962.6434062175,900871.7559371083,5037943.21731861,-96249.27314596169,52.5146550243767,13.3911298004204,74.6745999588399,0.196101013257126,0
3890,test,1900,131708.799999947,1149251708.8,13,12,1,3,3783961.6985512134,900852.3319314654,5037958.903923949,-96259.20189078467,52.5146556007783,13.3911297398661,74.6773784060855,0.36604495235515,0
3891,test,1900,131708.999999947,1149251709.0,13,12,1,2,3783967.7762817577,900853.8512012193,5037962.573537094,-96263.36826296394,52.5146564375184,13.3911296501717,74.6804513513373,0.567339514619792,0
3892,test,1900,131709.199999947,1149251709.2,13,13,1,3,3783974.532631908,900873.7251275275,5037952.188487205,-96267.99030857428,52.5146576632807,13.3911295070294,74.6838288480911,0.788993872670503,0
3893,test,1900,131709.399999947,1149251709.4,13,13,1,2,3783979.5727280686,900873.2681946738,5037958.785278216,-96271.88852527359,52.5146591971394,13.3911293351142,74.6875192025965,1.02799141191037,0
3894,test,1900,131709.599999947,1149251709.6,14,14,1,2,3783988.52326297,900865.6668676059,5037991.813549782,-96258.91603155805,52.5146611767451,13.3911291051009,74.6915281664462,1.2833111125563,0
3895,test,1900,131709.799999947,1149251709.8,13,13,1,2,3783990.068817983,900868.374657905,5038000.1168399295,-96262.93258418069,52.5146636325335,13.3911288099843,74.6958589598772,1.55293025353993,0
3896,test,1900,131709.999999947,1149251710.0,13,13,1,2,3783988.349177303,900869.6788463185,5037995.015086245,-96277.16820575383,52.5146667531271,13.391128447793,74.7005117080836,1.83346999180515,0
3897,test,1900,131710.199999947,1149251710.2,14,14,1,2,3783988.3726566085,900870.6704110592,5037984.648785431,-96293.93512342988,52.5146702568632,13.3911280227535,74.7054831106809,2.12332626250673,0
3898,test,1900,131710.399999947,1149251710.4,14,14,1,2,3783989.2079678113,900870.705432543,5037984.422808621,-96304.02623105118,52.5146742563108,13.3911275194065,74.710765591939,2.42175262589247,0
3899,test,1900,131710.599999947,1149251710.6,14,14,1,2,3783988.4836220774,900869.3807027282,5037986.187588709,-96314.02849095978,52.5146787626523,13.3911269793854,74.7163479129168,2.72645065780818,0
3900,test,1900,131710.799999947,1149251710.8,13,13,1,2,3783991.9438246586,900870.0079045618,5037995.105074459,-96316.84646361801,52.5146837624623,13.3911263422096,74.7222141759592,3.02970999966081,0
3901,test,1900,131710.999999947,1149251711.0,13,13,1,2,3783991.722266502,900868.20639045,5037993.493636317,-96328.00175619102,52.5146894236955,13.3911256377303,74.7283441592327,3.31683367784815,0
3902,test,1900,131711.199999947,1149251711.2,13,13,1,2,3783989.8288813056,900866.9292157482,5037988.09827404,-96342.8699841676,52.5146954932493,13.3911248851729,74.7347135306852,3.56822781089652,0
3903,test,1900,131711.399999947,1149251711.4,13,13,1,2,3783987.2703292235,900862.9864607067,5037977.384664838,-96363.75913293807,52.5147020148467,13.3911241100212,74.7412931965794,3.76990974927796,0
3904,test,1900,131711.599999947,1149251711.6,13,13,1,2,3783986.401684197,900852.8361485471,5037981.866659528,-96375.39971258152,52.51470880573,13.3911233636856,74.7480501477866,3.9259133406073,0
3905,test,1900,131711.799999947,1149251711.8,13,13,1,2,3783985.2029012186,900849.3563164471,5037984.540481993,-96385.76280404133,52.5147159077968,13.3911226392538,74.7549475072591,4.05652165754172,0
3906,test,1900,131712.099999947,1149251712.1,13,13,1,2,3783984.6846491653,900846.8263363877,5037983.174989545,-96403.28036020667,52.5147269355523,13.3911216367885,74.7654685698967,4.25461894495529,0
3907,test,1900,131712.299999947,1149251712.3,13,13,1,2,3783986.498273901,900846.6619398044,5037984.361199146,-96412.08695924707,52.51473459479,13.3911210220969,74.7725358731215,4.40996292123606,0
3908,test,1900,131712.499999947,1149251712.5,12,12,1,2,3783982.605697661,900844.6811222966,5037962.4173773555,-96438.3585714019,52.5147425664867,13.3911204540069,74.7795916135929,4.58769593116715,0
3909,test,1900,131712.699999947,1149251712.7,12,12,1,2,3783983.1801109887,900844.9657687349,5037962.9514144845,-96448.55310653706,52.5147508207888,13.3911199317641,74.7865868693152,4.78400783963527,0
3910,test,1900,131712.899999947,1149251712.9,12,12,1,2,3783979.7706225542,900846.4750949523,5037963.514892306,-96459.61221447098,52.5147594166385,13.3911194697476,74.7934704401573,4.99291534817454,0
3911,test,1900,131713.099999947,1149251713.1,12,12,1,2,3783978.055684337,900844.8390329119,5037962.116169827,-96472.04172111952,52.5147685115945,13.3911190691996,74.8001891474874,5.20889307898919,0
3912,test,1900,131713.299999947,1149251713.3,12,12,1,2,3783978.7116346667,900845.8344637539,5037963.243897823,-96481.06789018594,52.5147778081838,13.3911188240887,74.8066885478583,5.4282824706212,0
3913,test,1900,131713.499999947,1149251713.5,12,12,1,2,3783976.980106925,900846.4411432041,5037960.580251391,-96493.74929903775,52.5147876037642,13.3911187441445,74.8129136057239,5.64407257158659,0
3914,test,1900,131713.699999947,1149251713.7,12,12,1,2,3783973.559774902,900846.0461345204,5037958.26685922,-96507.20906227936,52.514797887353,13.3911187829952,74.8188088666805,5.84577360409101,0
3915,test,1900,131713.899999947,1149251713.9,14,14,1,2,3783971.5676435013,900852.7280340199,5037966.378636694,-96511.47541063887,52.5148083849673,13.3911188489333,74.8243179649069,6.02872313909629,0
3916,test,1900,131714.099999947,1149251714.1,14,14,1,2,3783970.6450454877,900851.8870285589,5037968.773297145,-96520.62817833401,52.5148191916145,13.3911188961795,74.8293840505547,6.19355279051751,0
3917,test,1900,131714.299999947,1149251714.3,15,15,1,2,3783970.6957535897,900844.8772013682,5037969.6487052785,-96533.25387066521,52.5148302385153,13.3911188998626,74.8339493648946,6.3413446024763,0
3918,test,1900,131714.499999947,1149251714.5,14,14,1,2,3783971.441759207,900842.2268414415,5037956.7441601725,-96551.59387014802,52.5148416598237,13.3911187963406,74.8379570248032,6.47049504555612,0
3919,test,1900,131714.699999947,1149251714.7,14,14,1,2,3783968.883469755,900841.9039235336,5037960.08302622,-96561.32081167829,52.5148532425399,13.3911185909099,74.8413527988362,6.58091637674693,0
3920,test,1900,131714.899999947,1149251714.9,14,14,1,2,3783971.1098525943,900840.7842735614,5037982.0075900145,-96557.20086474685,52.5148649492749,13.3911181924008,74.8440877774737,6.67470356003882,0
3921,test,1900,131715.099999947,1149251715.1,14,14,1,2,3783972.4661004106,900840.584879189,5037984.657970076,-96565.72926836312,52.5148769288104,13.3911175799117,74.8461211376179,6.75281432168815,0
3922,test,1900,131715.299999947,1149251715.3,14,14,1,2,3783971.5599796693,900840.9112533398,5037984.626749781,-96576.44208597663,52.5148888794613,13.3911167730958,74.8474237287924,6.81193676863109,0
3923,test,1900,131715.499999947,1149251715.5,14,14,1,2,3783971.5416685087,900841.3531447136,5037984.817140498,-96585.70728057266,52.5149009587492,13.3911158376126,74.8479807602313,6.8445993157299,0
3924,test,1900,131715.699999947,1149251715.7,14,14,1,2,3783969.2425395437,900840.0433368969,5037984.864460945,-96596.53134419992,52.5149130087691,13.3911147680259,74.8477921618763,6.84895080850499,0
3925,test,1900,131715.899999947,1149251715.9,15,15,1,2,3783967.6922276826,900843.0301086719,5037976.26332332,-96611.95407011964,52.5149251304173,13.3911136103636,74.8468717116911,6.8236836604722,0
3926,test,1900,131716.099999947,1149251716.1,14,14,1,2,3783968.3629829627,900840.5835820633,5037983.944763711,-96617.94790518793,52.5149372274921,13.3911123448823,74.8452448910544,6.76925203986642,0
3927,test,1900,131716.299999947,1149251716.3,13,13,1,2,3783956.0221558874,900841.1831068156,5037977.529405411,-96638.6628227592,52.5149491254643,13.391110991687,74.8429482261265,6.69454820338222,0
3928,test,1900,131716.499999947,1149251716.5,13,13,1,2,3783953.232412736,900840.3468815446,5037956.843978767,-96662.46034599943,52.5149608921148,13.3911095711,74.8400254999848,6.61267264700082,0
3929,test,1900,131716.699999947,1149251716.7,14,14,1,2,3783961.2103229905,900838.0534289572,5037958.773010981,-96667.50556812283,52.5149726048281,13.3911081137343,74.836526002655,6.53463949007177,0
3930,test,1900,131716.899999947,1149251716.9,14,14,1,2,3783960.416412059,900837.7924829746,5037956.275940847,-96679.91619301308,52.5149840280308,13.3911066102236,74.8325030967507,6.46482566733619,0
3931,test,1900,131717.099999947,1149251717.1,14,14,1,2,3783960.6457403735,900839.7543012501,5037959.155950919,-96686.95787561931,52.5149953823334,13.3911050445228,74.8280133908497,6.40338997404384,0
3932,test,1900,131717.299999947,1149251717.3,15,14,1,2,3783958.735797463,900837.0657433277,5037957.572413595,-96698.49872537391,52.5150065469388,13.3911034595655,74.8231152666171,6.35107110441662,0
3933,test,1900,131717.499999947,1149251717.5,14,13,1,2,3783958.6328015993,900840.0224878778,5037956.817753859,-96707.9329428864,52.5150176965504,13.3911018422536,74.8178674732744,6.30608028490419,0
3934,test,1900,131717.699999947,1149251717.7,13,12,1,2,3783947.679091655,900842.8306491014,5037956.336425043,-96722.46767320497,52.5150287463414,13.3911002355696,74.812328610825,6.26463847526888,0
3935,test,1900,131717.899999947,1149251717.9,15,14,1,3,3783965.6901456746,900833.1063317164,5037993.607493398,-96701.4215753583,52.5150397559255,13.3910985734964,74.8065558696399,6.22639335249845,0
3936,test,1900,131718.099999947,1149251718.1,13,12,1,2,3783960.295853109,900835.7639441988,5037970.585665526,-96727.07070847276,52.5150507196105,13.3910968919594,74.8006040751747,6.19300650389381,0
3937,test,1900,131718.299999947,1149251718.3,12,11,1,2,3783948.9391172873,900839.9189260062,5037969.069345554,-96743.08031711046,52.5150615754721,13.391095180911,74.7945252977155,6.16747644973693,0
3938,test,1900,131718.499999947,1149251718.5,13,12,1,2,3783960.7477468327,900836.9453754284,5037980.927364024,-96740.36405914111,52.5150724773317,13.3910934156272,74.7883680747156,6.15071631902494,0
3939,test,1900,131718.699999947,1149251718.7,12,11,1,2,3783947.569217292,900841.6583731091,5037972.585939947,-96761.68909790313,52.5150832107007,13.3910916345936,74.7821786508789,6.14051134792398,0
3940,test,1900,131718.899999947,1149251718.9,14,13,1,3,3783962.659838586,900839.6087415313,5038012.66569891,-96740.13762754759,52.5150939498926,13.3910898097821,74.7759999178584,6.12997358289402,0
3941,test,1900,131719.099999947,1149251719.1,13,12,1,2,3783957.258107761,900837.3476769254,5037988.046952568,-96768.70154569484,52.5151047565833,13.3910879481171,74.7698734850441,6.10854014176316,0
3942,test,1900,131719.299999947,1149251719.3,15,14,1,2,3783958.2914426094,900842.0197383845,5037985.987810037,-96777.89993341237,52.5151154792477,13.3910860808583,74.7638388409854,6.06439184355818,0
3943,test,1900,131719.499999947,1149251719.5,14,13,1,2,3783955.108603781,900839.2228993931,5037983.378340997,-96791.80634174925,52.5151259986782,13.3910841874481,74.7579326029364,5.99520482101942,0
3944,test,1900,131719.699999947,1149251719.7,14,13,1,2,3783954.732075748,900837.5833646026,5037988.452183388,-96799.34967585887,52.5151364995421,13.3910823103248,74.7521869295094,5.91238673487598,0
3945,test,1900,131719.899999947,1149251719.9,15,14,1,2,3783951.6144449287,900841.6213875406,5037997.907617532,-96804.1421480904,52.5151469304976,13.3910804348933,74.7466289334685,5.83325392971023,0
3946,test,1900,131720.099999947,1149251720.1,15,14,1,2,3783951.4349770662,900843.0701847752,5037999.37890503,-96813.62738773084,52.5151570677959,13.3910785807122,74.7412812948682,5.77331518360624,0
3947,test,1900,131720.299999947,1149251720.3,14,13,1,2,3783948.026083496,900840.519852487,5037982.781772202,-96837.73349977848,52.5151672803664,13.3910767351219,74.7361633489672,5.73930703783947,0
3948,test,1900,131720.499999947,1149251720.5,14,13,1,2,3783947.2068105326,900838.2170345676,5037985.284051667,-96846.05315200899,52.515177399242,13.3910748442691,74.7313055038084,5.73129569636519,0
3949,test,1900,131720.699999948,1149251720.7,15,14,1,2,3783946.7437239755,900842.7166100708,5038000.455992942,-96846.36810613667,52.5151873926878,13.3910729409833,74.7267322520233,5.74504441884908,0
3950,test,1900,131720.899999948,1149251720.9,14,13,1,2,3783943.66016253,900838.6130483217,5037985.398409722,-96868.37120629876,52.5151975712019,13.3910710152952,74.7224568902796,5.77404118386095,0
3951,test,1900,131721.099999948,1149251721.1,15,14,1,2,3783941.3443162655,900847.0315833321,5037989.049326179,-96874.75543018582,52.5152077790663,13.3910690633173,74.7184897578676,5.81501307984131,0
3952,test,1900,131721.299999948,1149251721.3,15,14,1,2,3783943.025797379,900848.1992934216,5037990.632557968,-96882.92319834763,52.5152180343629,13.3910670543148,74.7148233060874,5.86355190514193,0
3953,test,1900,131721.499999948,1149251721.5,15,14,1,2,3783942.197557816,900845.6386141466,5037990.753978439,-96894.09139023797,52.5152284463459,13.3910649695672,74.7114575379822,5.91491288910162,0
3954,test,1900,131721.699999948,1149251721.7,16,15,1,2,3783940.3686897256,900845.9730702969,5038002.770382374,-96897.7068722003,52.5152388135344,13.3910628015904,74.7083970090304,5.96662249121687,0
3955,test,1900,131721.899999948,1149251721.9,15,14,1,2,3783938.1656345003,900844.6759478026,5037993.104688773,-96914.36552565783,52.5152492580786,13.3910605532402,74.7056446641864,6.01627935180632,0
3956,test,1900,131722.099999948,1149251722.1,15,14,1,2,3783937.1226764303,900844.3118730133,5037996.878247521,-96922.8749204175,52.5152598870684,13.3910582254391,74.7032018511763,6.05796061261785,0
3957,test,1900,131722.299999948,1149251722.3,15,14,1,2,3783936.0163426036,900842.8895041277,5038005.119854008,-96929.9336242842,52.5152704904158,13.3910558263126,74.7010687891524,6.08017832441522,0
3958,test,1900,131722.499999948,1149251722.5,15,14,1,2,3783934.756551102,900843.04209482,5038004.72974621,-96940.9555384759,52.515281141286,13.3910534126196,74.6992442175054,6.06899175513589,0
3959,test,1900,131722.699999948,1149251722.7,15,14,1,2,3783932.8129271413,900843.6028928411,5038004.201504908,-96952.56737813143,52.5152917779624,13.3910510196463,74.6977258455927,6.01742811354287,0
3960,test,1900,131722.899999948,1149251722.9,14,13,1,2,3783935.2106586127,900838.1488959906,5038016.605048559,-96954.46358886182,52.5153022570691,13.3910487170221,74.6965095018762,5.92795709006577,0
3961,test,1900,131723.099999948,1149251723.1,14,13,1,2,3783935.8412516653,900837.7205128844,5038018.514682394,-96963.75304980225,52.5153123734401,13.391046515084,74.6955897148174,5.81158870207631,0
3962,test,1900,131723.299999948,1149251723.3,14,13,1,2,3783934.6425890825,900840.2505890444,5038018.5853710845,-96974.12456093241,52.5153224499018,13.3910444106133,74.6949600279887,5.68189744533836,0
3963,test,1900,131723.499999948,1149251723.5,14,13,1,2,3783933.3155320897,900845.2187857676,5038018.076870696,-96985.83108531966,52.5153323325769,13.3910423993538,74.6946143125982,5.5474954165317,0
3964,test,1900,131723.699999948,1149251723.7,13,13,1,2,3783931.7011804986,900840.516441284,5038016.82183726,-96996.6689595701,52.5153420169412,13.3910404586742,74.6945476388307,5.41286612254033,0
3965,test,1900,131723.899999948,1149251723.9,14,14,1,2,3783925.825039117,900839.0084008827,5038020.155277407,-97008.27792310521,52.5153515065746,13.3910386074181,74.6947556806213,5.28010553092656,0
3966,test,1900,131724.099999948,1149251724.1,15,15,1,2,3783936.556553381,900835.7308579731,5038028.632712395,-97009.55271255143,52.5153606674401,13.391036853158,74.6952356715512,5.15134050497429,0
3967,test,1900,131724.299999948,1149251724.3,14,14,1,2,3783924.7557808096,900838.9870618213,5038023.30019344,-97028.42658273855,52.515369608853,13.391035203822,74.6959854788015,5.0273071778301,0
3968,test,1900,131724.499999948,1149251724.5,15,15,1,2,3783933.9008524856,900834.6475609809,5038024.277829291,-97032.88253011474,52.5153783620215,13.3910336191691,74.697004051096,4.90902430401272,0
3969,test,1900,131724.699999948,1149251724.7,13,13,1,2,3783931.743703621,900831.407109312,5038013.549237445,-97053.00321420335,52.5153868298591,13.3910321293854,74.6982917132065,4.80031454997535,0
3970,test,1900,131724.899999948,1149251724.9,14,14,1,2,3783930.859919423,900838.8075389649,5038015.33841045,-97059.54375617692,52.515395178042,13.391030700403,74.6998490284589,4.70495402095759,0
3971,test,1900,131725.099999948,1149251725.1,15,15,1,2,3783927.293454308,900839.9922506559,5038013.426482608,-97072.659853409,52.5154034424021,13.3910293352814,74.7016767592377,4.62492604296899,0
3972,test,1900,131725.299999948,1149251725.3,15,15,1,2,3783926.651292463,900839.3658361073,5038011.7455221675,-97083.7402685996,52.5154114947145,13.3910280371731,74.7037759287801,4.56090342841429,0
3973,test,1900,131725.499999948,1149251725.5,13,13,1,2,3783914.4611922284,900838.4209320206,5038008.706512903,-97102.48425931118,52.5154195186039,13.3910267664152,74.7061466563831,4.51388448583759,0
3974,test,1900,131725.699999948,1149251725.7,13,13,1,2,3783914.31296124,900836.8826779808,5038012.887551477,-97109.84124191558,52.51542737824,13.3910255483588,74.708789082036,4.48590665987436,0
3975,test,1900,131725.899999948,1149251725.9,13,13,1,2,3783924.132165853,900837.9509864787,5038017.476070193,-97113.7802778454,52.5154352328083,13.3910243744725,74.7117010828298,4.47572716823665,0
3976,test,1900,131726.099999948,1149251726.1,14,14,1,2,3783924.9652839317,900834.0681007232,5038024.2326168185,-97119.22841903578,52.5154431006305,13.3910232465138,74.7148792484932,4.47857165416492,0
3977,test,1900,131726.299999948,1149251726.3,14,14,1,2,3783925.222514666,900831.1251291104,5038024.82280031,-97128.4715527927,52.5154510152085,13.3910221693974,74.7183168968459,4.48772436732983,0
3978,test,1900,131726.499999948,1149251726.5,14,14,1,2,3783925.281617634,900831.1074668987,5038023.136020706,-97139.29125285253,52.5154589398151,13.3910211331387,74.7220062580907,4.49815638013294,0
3979,test,1900,131726.699999948,1149251726.7,15,15,1,2,3783922.6579489056,900832.9930568042,5038015.656845304,-97154.95466258698,52.5154669087346,13.3910201259681,74.7259374690566,4.50689825846762,0
3980,test,1900,131726.899999948,1149251726.9,14,14,1,2,3783921.6504961443,900830.4967030516,5038013.203105379,-97168.48469590004,52.5154748690311,13.3910191587882,74.7300986068248,4.5128821962589,0
3981,test,1900,131727.099999948,1149251727.1,15,15,1,2,3783924.164216374,900828.9178292324,5038024.13255325,-97171.75830548455,52.5154828766687,13.391018215831,74.7344752346493,4.51282579928059,0
3982,test,1900,131727.299999948,1149251727.3,13,13,1,2,3783913.919038755,900831.0835242618,5038021.434654487,-97189.292837751,52.5154908945301,13.3910172993436,74.7390510159755,4.5033979697426,0
3983,test,1900,131727.499999948,1149251727.5,14,14,1,2,3783923.9786774274,900831.3754525923,5038028.371971727,-97188.60569692416,52.5154987114298,13.3910164152772,74.7438080392235,4.48127392181429,0
3984,test,1900,131727.699999948,1149251727.7,14,14,1,2,3783923.5314670303,900833.1818401191,5038030.510320404,-97197.36267972426,52.5155065601799,13.3910155291759,74.7487273288866,4.44190725611408,0
3985,test,1900,131727.899999948,1149251727.9,13,13,1,2,3783910.835327453,900835.314365731,5038024.547274787,-97217.63457939804,52.5155143850011,13.3910146504626,74.7537885134901,4.38083185580557,0
3986,test,1900,131728.099999948,1149251728.1,14,14,1,2,3783921.19498526,900833.1773727244,5038022.603366985,-97222.79077985098,52.5155220440722,13.3910137698423,74.7589707728126,4.29675575846397,0
3987,test,1900,131728.299999948,1149251728.3,14,14,1,3,3783902.388974569,900833.415639245,5038017.702297384,-97245.06064442945,52.5155295040125,13.3910129005127,74.76425388473,4.19040241657992,0
3988,test,1900,131728.499999948,1149251728.5,14,14,1,2,3783919.021345028,900830.510653156,5038025.2648172965,-97241.57123596824,52.5155368383195,13.3910120009291,74.7696176747722,4.06763546412719,0
3989,test,1900,131728.699999948,1149251728.7,14,14,1,2,3783921.009600536,900825.6578511246,5038029.119168153,-97249.34742194814,52.5155438965602,13.3910111174897,74.7750424869428,3.94001290094727,0
3990,test,1900,131728.899999948,1149251728.9,13,13,1,2,3783925.025348374,900821.3106205412,5038037.564378422,-97251.94963307848,52.5155507651232,13.391010215304,74.7805088382305,3.82027930172261,0
3991,test,1900,131729.099999948,1149251729.1,15,15,1,2,3783922.731528215,900823.9721970789,5038030.048455014,-97266.5233740213,52.5155574848688,13.3910093012293,74.7859980323423,3.71741270798248,0
3992,test,1900,131729.299999948,1149251729.3,15,15,1,2,3783921.7830850864,900825.3695443537,5038029.779191896,-97276.96323046014,52.5155640285305,13.3910083666317,74.7914925885344,3.63366023440455,0
3993,test,1900,131729.499999948,1149251729.5,12,12,1,2,3783919.4293287937,900813.3554588779,5038027.683180551,-97294.9967549908,52.5155703783194,13.3910074265673,74.7969761372841,3.5678346740763,0
3994,test,1900,131729.699999948,1149251729.7,15,15,1,2,3783920.0254213265,900823.3320582046,5038038.964119245,-97295.08961707668,52.5155765089291,13.3910064589292,74.802433556027,3.51678537722917,0
3995,test,1900,131729.899999948,1149251729.9,15,15,1,2,3783919.3185786414,900820.6481340538,5038042.839108898,-97305.46669093809,52.515582735405,13.3910054590467,74.807850823025,3.47526490533712,0
3996,test,1900,131730.099999948,1149251730.1,15,15,1,2,3783922.231166388,900817.6509472842,5038039.72253213,-97316.54037349694,52.5155889150713,13.391004437293,74.8132156236064,3.43807486553311,0
3997,test,1900,131730.299999948,1149251730.3,15,15,1,2,3783921.412756697,900819.627244273,5038037.454105324,-97329.19070843593,52.5155949088854,13.3910034025123,74.8185166604081,3.40101728368947,0
3998,test,1900,131730.499999948,1149251730.5,15,15,1,2,3783916.8254963206,900820.7573925026,5038032.740952387,-97343.80157494823,52.5156008745628,13.3910023749111,74.8237444764495,3.3569034083814,0
3999,test,1900,131730.699999948,1149251730.7,13,13,1,3,3783895.963127529,900825.9640452116,5038022.173732743,-97370.83356453091,52.5156067015607,13.3910013582917,74.8288908356538,3.2967845787013,0
4000,test,1900,131730.899999948,1149251730.9,15,15,1,3,3783918.2420985717,900822.3569810555,5038033.623239867,-97365.13185519114,52.5156124148032,13.391000358432,74.8339492682227,3.2119982255412,0
4001,test,1900,131731.099999948,1149251731.1,15,15,1,2,3783917.9057255406,900820.9342626404,5038035.497294981,-97372.63573134191,52.5156180230731,13.3909994196766,74.8389146443929,3.09725146787963,0
4002,test,1900,131731.299999948,1149251731.3,15,15,1,2,3783918.317812519,900820.6212535289,5038038.079499416,-97380.68926448403,52.515623352596,13.3909985514844,74.8437835614443,2.95454914899178,0
4003,test,1900,131731.499999948,1149251731.5,15,15,1,2,3783921.536287809,900821.0613369214,5038040.631379162,-97388.40846378494,52.5156283344095,13.3909977519658,74.8485540095051,2.79096799241743,0
4004,test,1900,131731.699999948,1149251731.7,15,15,1,2,3783920.5413118866,900820.3625490853,5038038.946601659,-97399.7583467281,52.5156330523565,13.3909970281099,74.8532254848063,2.61430807664149,0
4005,test,1900,131731.899999948,1149251731.9,15,15,1,2,3783915.3490421847,900818.791143464,5038033.914094392,-97413.87253794789,52.5156374500706,13.390996383041,74.8577985918056,2.43322114851089,0
4006,test,1900,131732.099999948,1149251732.1,15,15,1,2,3783916.4559610905,900817.0997413371,5038035.18282511,-97424.4470086686,52.515641553762,13.3909957969589,74.8622752965775,2.25522815184621,0
4007,test,1900,131732.299999948,1149251732.3,15,15,1,2,3783916.059024093,900818.6066867664,5038039.184032372,-97433.44031252652,52.5156453385233,13.3909952792832,74.8666584998368,2.08629605155855,0
4008,test,1900,131732.499999948,1149251732.5,15,15,1,2,3783916.3321793685,900818.8626750109,5038041.346659803,-97443.05210333245,52.5156487870247,13.3909948194505,74.8709519176806,1.92976018036147,0
4009,test,1900,131732.699999948,1149251732.7,15,15,1,2,3783916.1566930553,900820.7985583517,5038041.5446943715,-97451.28449938296,52.5156520384935,13.390994412026,74.8751603350742,1.78639688811779,0
4010,test,1900,131732.899999948,1149251732.9,15,15,1,2,3783915.6359371343,900819.6358422559,5038037.762290729,-97462.3816401039,52.5156550246038,13.3909940423538,74.8792889169492,1.65529258167952,0
4011,test,1900,131733.099999948,1149251733.1,15,15,1,2,3783916.920063978,900819.9113585488,5038039.892447197,-97471.17320590344,52.515657866408,13.3909936980032,74.8833434077352,1.53728931766897,0
4012,test,1900,131733.299999948,1149251733.3,15,15,1,2,3783917.194402282,900818.690997452,5038041.6712042205,-97480.79001535755,52.5156604535773,13.3909933989441,74.8873299964619,1.43627959162053,0
4013,test,1900,131733.499999948,1149251733.5,15,15,1,2,3783914.1349383304,900820.6540901127,5038041.113171871,-97493.49379393188,52.5156628811122,13.3909931226511,74.8912555463445,1.35646668806352,0
4014,test,1900,131733.699999948,1149251733.7,15,15,1,2,3783912.795611633,900821.1308868902,5038045.191844196,-97503.45510146386,52.5156651532595,13.3909928541096,74.895127267924,1.29872714932249,0
4015,test,1900,131733.899999948,1149251733.9,15,15,1,2,3783914.309089276,900823.251030583,5038046.419724491,-97512.51914188657,52.5156674340006,13.3909926041347,74.8989530944477,1.2601976870443,0
4016,test,1900,131734.099999948,1149251734.1,15,14,1,2,3783914.4475840284,900824.0257764851,5038047.198777176,-97519.99588881971,52.5156695527418,13.3909923523042,74.9027408270658,1.23850479361817,0
4017,test,1900,131734.299999948,1149251734.3,15,14,1,2,3783915.0190013414,900821.6149187081,5038046.72951803,-97532.34986060637,52.5156716596763,13.3909921079892,74.9064984432549,1.23191791294636,0
4018,test,1900,131734.499999948,1149251734.5,15,15,1,2,3783917.5926176324,900820.8680814275,5038050.527680237,-97539.2639549573,52.5156737668985,13.3909918528812,74.9102342342774,1.23836894895385,0
4019,test,1900,131734.699999948,1149251734.7,15,15,1,2,3783914.607236225,900818.535308254,5038046.9497726485,-97553.23537533991,52.5156759545571,13.3909915759298,74.9139567304229,1.25340446180417,0
4020,test,1900,131734.899999948,1149251734.9,15,15,1,2,3783917.9435447496,900821.7343468342,5038047.745554494,-97561.73246810834,52.5156781442847,13.3909912828565,74.9176739547453,1.27015828059221,0
4021,test,1900,131735.099999948,1149251735.1,15,15,1,2,3783916.813475277,900819.4159418582,5038045.419776397,-97574.03311377169,52.5156803677568,13.3909909704192,74.9213943495517,1.28325912039894,0
4022,test,1900,131735.299999948,1149251735.3,16,16,1,2,3783923.054395967,900825.9004904423,5038049.1200207975,-97578.62145884942,52.5156825811363,13.3909906251284,74.9251259388485,1.2912111768106,0
4023,test,1900,131735.499999948,1149251735.5,16,16,1,2,3783922.719011198,900828.5205391962,5038049.672766975,-97589.88367319897,52.5156848752301,13.3909902558752,74.9288771181417,1.29383109535295,0
4024,test,1900,131735.699999948,1149251735.7,16,16,1,2,3783923.9225507914,900829.2907959773,5038050.912582727,-97599.28077578935,52.5156871196248,13.3909898565611,74.9326561682994,1.29273875341555,0
4025,test,1900,131735.899999948,1149251735.9,16,16,1,2,3783924.472353603,900827.4294696121,5038048.952189004,-97611.39779160668,52.5156893243401,13.3909894256322,74.9364713702287,1.2941429237611,0
4026,test,1900,131736.099999948,1149251736.1,16,16,1,2,3783922.8780057277,900824.2367221995,5038044.861422686,-97625.17052846606,52.5156915212015,13.390988965139,74.9403308800304,1.31078045080354,0
4027,test,1900,131736.299999948,1149251736.3,16,16,1,2,3783923.1228192407,900825.8126921497,5038043.075954273,-97636.73756536053,52.5156938001811,13.3909884195916,74.944243089343,1.35905011506255,0
4028,test,1900,131736.499999948,1149251736.5,15,15,1,3,3783902.595722845,900831.3473534081,5038034.0265920935,-97663.13279037231,52.5156960511079,13.3909877873081,74.9482157478483,1.45612803703652,0
4029,test,1900,131736.699999948,1149251736.7,16,16,1,3,3783922.593377198,900824.544856873,5038044.124994519,-97657.77318378343,52.5156985798844,13.3909870198691,74.9522565409599,1.61829987860291,0
4030,test,1900,131736.899999948,1149251736.9,16,16,1,2,3783920.6928572915,900825.4501556763,5038041.043309541,-97669.79292849865,52.5157014468074,13.3909860454509,74.9563726442044,1.86107813954653,0
4031,test,1900,131737.099999948,1149251737.1,16,16,1,2,3783917.2476079506,900824.308352968,5038037.1617960585,-97685.3155177014,52.5157048201504,13.3909847602455,74.9605709778957,2.19371492379388,0
4032,test,1900,131737.299999948,1149251737.3,16,16,1,2,3783916.772914258,900822.1064749176,5038035.053868973,-97698.04493696571,52.515708901207,13.3909830471836,74.9648576945732,2.60927812561037,0
4033,test,1900,131737.499999948,1149251737.5,15,15,1,2,3783916.9365808708,900823.092501931,5038036.85433577,-97707.05299424712,52.5157136123918,13.3909807600927,74.9692384047075,3.08738394554362,0
4034,test,1900,131737.699999948,1149251737.7,14,14,1,3,3783898.2494369936,900828.6058419566,5038031.496423794,-97729.14598048042,52.515719278844,13.3909777623924,74.9737177314844,3.59736560279479,0
4035,test,1900,131737.899999949,1149251737.9,13,13,1,3,3783912.6195721985,900812.2513327136,5038051.79503824,-97722.21440037985,52.5157256461358,13.390973953949,74.9783000159797,4.1018439388713,0
4036,test,1900,131738.099999949,1149251738.1,15,15,1,2,3783910.5275256154,900814.3109179573,5038039.691267194,-97740.54356150625,52.5157327778628,13.3909692988107,74.9829886988053,4.57009251387731,0
4037,test,1900,131738.299999949,1149251738.3,14,14,1,2,3783910.387876693,900810.3644727038,5038026.2850651,-97758.48989305492,52.5157405018648,13.3909638914694,74.9877872524838,4.99072292344803,0
4038,test,1900,131738.499999949,1149251738.5,14,14,1,3,3783880.1415536944,900818.0331028157,5038027.765460606,-97782.63672323602,52.51574904887,13.3909578492117,74.9926995942513,5.364338445188,0
4039,test,1900,131738.699999949,1149251738.7,16,16,1,3,3783915.0344979325,900817.8559291012,5038041.283847866,-97765.62305116998,52.5157580636205,13.3909513653133,74.9977298674921,5.6947774951895,0
4040,test,1900,131738.899999949,1149251738.9,15,15,1,3,3783891.921356387,900823.4033807159,5038029.223743769,-97794.39493310818,52.5157674936841,13.3909446047607,75.0028833532023,5.98486836711185,0
4041,test,1900,131739.099999949,1149251739.1,14,14,1,3,3783907.698550953,900804.9149274736,5038022.945719102,-97803.90799260883,52.5157774377219,13.3909376965126,75.0081661442991,6.23873750017825,0
4042,test,1900,131739.299999949,1149251739.3,15,15,1,2,3783906.129427938,900808.3974379596,5038039.650289735,-97804.96801562958,52.5157877483672,13.3909307940518,75.013585091044,6.45859236041732,0
4043,test,1900,131739.499999949,1149251739.5,14,14,1,2,3783907.9355510445,900805.4715464957,5038024.772673987,-97824.33864338779,52.5157985812783,13.3909241203811,75.0191480218478,6.64549189378022,0
4044,test,1900,131739.699999949,1149251739.7,14,14,1,3,3783885.9655049904,900811.6465879867,5038035.051177375,-97839.12006509333,52.5158098927631,13.3909178493477,75.0248628482064,6.80462215464357,0
4045,test,1900,131739.899999949,1149251739.9,12,12,1,3,3783902.4656525766,900799.0503203316,5038022.531748377,-97851.18843460818,52.5158216036212,13.3909120826853,75.0307377359169,6.93905634199746,0
4046,test,1900,131740.099999949,1149251740.1,12,12,1,3,3783882.5902667535,900801.6895678259,5038045.574680686,-97857.88716923213,52.51583375836,13.3909068797849,75.0367803672514,7.04793292348243,0
4047,test,1900,131740.299999949,1149251740.3,13,12,1,3,3783903.3709569653,900788.1162043444,5038067.400243677,-97844.10730394567,52.5158459503669,13.390902267946,75.0429979666081,7.12815899134394,0
4048,test,1900,131740.499999949,1149251740.5,14,13,1,3,3783883.6988197584,900807.8229382511,5038044.517405256,-97874.28603305381,52.5158583376743,13.3908981915481,75.0493968336589,7.17286042489827,0
4049,test,1900,131740.699999949,1149251740.7,15,14,1,3,3783907.8600387657,900810.0918051659,5038015.600651717,-97888.1087079869,52.5158708995493,13.3908945369466,75.0559822040705,7.17444394126667,0
4050,test,1900,131740.899999949,1149251740.9,12,12,1,2,3783901.3228752348,900803.2486300758,5038017.559332622,-97902.18896347877,52.5158834543306,13.3908912310452,75.0627574233459,7.13394069685257,0
4051,test,1900,131741.099999949,1149251741.1,14,14,1,2,3783909.070591511,900800.0910158765,5038065.530104027,-97877.73483722136,52.515895888954,13.390888200599,75.0697244478093,7.05934898805517,0
4052,test,1900,131741.299999949,1149251741.3,13,13,1,2,3783905.836941481,900792.9818135451,5038077.010331161,-97885.35723144407,52.5159081556195,13.3908854159108,75.0768836530268,6.96319723061402,0
4053,test,1900,131741.499999949,1149251741.5,13,13,1,2,3783907.487525173,900794.3491783316,5038078.406590126,-97893.35634073053,52.5159203233743,13.3908828397526,75.0842340198698,6.85790847659266,0
4054,test,1900,131741.699999949,1149251741.7,13,13,1,3,3783882.5151230926,900803.3970464322,5038060.186189149,-97925.44136083762,52.5159323482283,13.3908804091592,75.091773871793,6.75094589308486,0
4055,test,1900,131741.899999949,1149251741.9,13,13,1,2,3783886.4785032296,900813.2515604359,5038060.033174627,-97928.50857288191,52.5159441985693,13.3908780864611,75.0995000144942,6.64601219587727,0
4056,test,1900,131742.099999949,1149251742.1,14,14,1,3,3783905.3925403967,900805.9750673622,5038072.139637403,-97921.94140104452,52.5159558524857,13.3908759105278,75.1074084741324,6.54645737358836,0
4057,test,1900,131742.299999949,1149251742.3,13,13,1,2,3783890.161590876,900806.599158305,5038060.278100926,-97948.10469294903,52.5159672052788,13.3908738437765,75.1154942057496,6.45422139442243,0
4058,test,1900,131742.599999949,1149251742.6,12,11,1,3,3783926.97550183,900811.9826764017,5038069.995017594,-97937.1934945559,52.5159839537212,13.3908708947967,75.1279424667259,6.32777253487348,0
4059,test,1900,131742.799999949,1149251742.8,15,13,1,2,3783929.6134427204,900809.7438425676,5038087.170400534,-97936.30621320747,52.5159950029571,13.3908690248386,75.1364450019505,6.24880485319178,0
4060,test,1900,131743.099999949,1149251743.1,16,14,1,2,3783933.3225476886,900812.5355745147,5038089.022674144,-97947.63632223169,52.516011346331,13.3908663462152,75.1494862648215,6.13306705093849,0
4061,test,1900,131743.299999949,1149251743.3,16,14,1,2,3783932.9711442953,900811.4440332779,5038091.598912008,-97955.94070577605,52.5160220786882,13.3908646543727,75.1583608319928,6.05629740163244,0
4062,test,1900,131743.499999949,1149251743.5,14,12,1,2,3783924.2072978485,900811.7960175015,5038072.8349413965,-97981.39999730521,52.51603269924,13.3908630114855,75.1673705102201,5.97945436389358,0
4063,test,1900,131743.699999949,1149251743.7,13,10,1,2,3783909.709899962,900805.7929119676,5038063.084672662,-98006.6666905786,52.5160432898798,13.3908614279546,75.1765070932031,5.90046862384101,0
4064,test,1900,131743.899999949,1149251743.9,14,11,1,2,3783922.500319608,900805.1450608752,5038071.200873578,-98005.3514565888,52.5160535420646,13.3908598982403,75.1857621080672,5.81758605176921,0
4065,test,1900,131744.099999949,1149251744.1,14,11,1,2,3783909.939791474,900807.98724048,5038075.604462924,-98018.85368841993,52.5160637118849,13.3908584290548,75.1951271730206,5.73167063470699,0
4066,test,1900,131744.299999949,1149251744.3,13,11,1,2,3783912.3403382157,900807.0588485542,5038077.343207332,-98026.43416190203,52.5160738050515,13.3908570142455,75.2045937036307,5.64467786971264,0
4067,test,1900,131744.599999949,1149251744.6,12,10,1,2,3783923.4078538455,900800.3921237595,5038094.680467354,-98024.98341548558,52.5160885862804,13.3908549995449,75.2189649308598,5.5159695232271,0
4068,test,1900,131744.799999949,1149251744.8,14,11,1,2,3783910.9213661724,900805.8598433005,5038082.613177905,-98049.33370589235,52.5160982918781,13.3908537169674,75.2286481214938,5.43438692867984,0
4069,test,1900,131744.999999949,1149251745.0,14,11,1,2,3783908.7940316894,900803.910523628,5038085.579626541,-98058.9770695782,52.5161077994596,13.3908524718259,75.2384033760409,5.35916364078464,0
4070,test,1900,131745.199999949,1149251745.2,15,11,1,2,3783910.4477711325,900804.9037349874,5038089.551948402,-98067.09681037639,52.5161172866158,13.390851268453,75.2482205038576,5.29064552165933,0
4071,test,1900,131745.499999949,1149251745.5,15,11,1,2,3783917.8293709555,900802.4101417441,5038092.873369794,-98077.83757609813,52.5161311530362,13.390849560117,75.2630442386787,5.1940108580593,0
4072,test,1900,131745.699999949,1149251745.7,14,10,1,2,3783906.8919629087,900803.5308045363,5038090.260012621,-98094.97478141153,52.5161402051504,13.3908484800463,75.2729820733275,5.12503820166329,0
4073,test,1900,131745.899999949,1149251745.9,13,10,1,2,3783905.4513892955,900801.3380952346,5038090.935489115,-98106.1797579779,52.516149169943,13.3908474283916,75.2829565105905,5.04003956189126,0
4074,test,1900,131746.099999949,1149251746.1,13,10,1,2,3783902.662280844,900801.5559428087,5038092.083955736,-98117.50006173737,52.5161580083653,13.39084642605,75.2929609491038,4.92510936506527,0
4075,test,1900,131746.299999949,1149251746.3,13,11,1,2,3783902.770511173,900799.3477209333,5038093.072926058,-98127.52973699885,52.5161665913323,13.3908454962089,75.3029887868089,4.7706676902313,0
4076,test,1900,131746.499999949,1149251746.5,12,10,1,2,3783901.769212842,900799.6026427222,5038098.311207349,-98134.72090939015,52.5161748502198,13.3908446457148,75.3130336628117,4.57865601864764,0
4077,test,1900,131746.699999949,1149251746.7,13,11,1,2,3783899.639124805,900799.9288189457,5038097.17027518,-98147.13997707189,52.5161827133398,13.3908438885524,75.3230894058453,4.36046733611006,0
4078,test,1900,131746.899999949,1149251746.9,12,11,1,2,3783898.58380471,900798.9137910471,5038099.745801015,-98156.53796651922,52.5161902471529,13.3908432158394,75.3331502412894,4.13366193510682,0
4079,test,1900,131747.099999949,1149251747.1,12,11,1,2,3783895.3748524953,900797.7303334062,5038095.570104881,-98170.49267147385,52.5161973175522,13.3908426477428,75.3432106246488,3.91732432021759,0
4080,test,1900,131747.299999949,1149251747.3,12,11,1,2,3783895.3377825,900795.8121139351,5038092.3320276225,-98183.40888630859,52.5162040611916,13.3908420043357,75.3532653638323,3.72641087081789,0
4081,test,1900,131747.499999949,1149251747.5,12,11,1,2,3783893.4401685223,900795.8235012479,5038090.366457765,-98195.68373579577,52.5162105289239,13.3908412483185,75.3633098113407,3.56925880483634,0
4082,test,1900,131747.699999949,1149251747.7,12,11,1,2,3783893.6505042654,900796.3336345301,5038087.342894708,-98208.2235624054,52.5162167388561,13.3908402890204,75.373339257084,3.44763813786557,0
4083,test,1900,131747.899999949,1149251747.9,14,12,1,2,3783897.9923958885,900797.0034605295,5038087.405926658,-98215.98158542377,52.5162226836955,13.3908390686554,75.383349480161,3.36195162487383,0
4084,test,1900,131748.099999949,1149251748.1,14,13,1,2,3783897.19438409,900797.0521142847,5038091.633369533,-98223.32926175956,52.5162285649806,13.3908375246218,75.393336423593,3.31169762011169,0
4085,test,1900,131748.299999949,1149251748.3,13,12,1,2,3783893.254049309,900796.2716052239,5038091.180251545,-98236.25127378239,52.5162343279621,13.3908355911394,75.4032963189215,3.29179711759138,0
4086,test,1900,131748.499999949,1149251748.5,13,12,1,2,3783892.1111117653,900796.1284578198,5038090.06048272,-98247.72169649058,52.5162399612631,13.3908332167921,75.4132253616412,3.29307418427686,0
4087,test,1900,131748.699999949,1149251748.7,13,12,1,2,3783892.105753038,900795.1196434076,5038092.732101378,-98257.17555018699,52.5162454795816,13.3908303286151,75.4231184816128,3.30527871157143,0
4088,test,1900,131748.899999949,1149251748.9,13,12,1,2,3783890.6865780596,900790.5952901269,5038087.231209987,-98272.01475774133,52.5162509468852,13.3908269037211,75.4329717937979,3.31982934062496,0
4089,test,1900,131749.099999949,1149251749.1,14,13,1,2,3783891.2207045527,900793.9417535126,5038081.057042976,-98284.37273585825,52.5162563085393,13.3908229371021,75.4427817266456,3.33151602656533,0
4090,test,1900,131749.299999949,1149251749.3,14,13,1,2,3783890.9029413974,900792.6132211001,5038074.804413125,-98298.45304191296,52.5162615486027,13.3908184229958,75.4525444938379,3.33669983262728,0
4091,test,1900,131749.499999949,1149251749.5,14,13,1,2,3783889.8235693066,900794.9485855746,5038074.214922885,-98310.12096340678,52.5162666149843,13.3908133696686,75.462256937534,3.33289931032645,0
4092,test,1900,131749.699999949,1149251749.7,12,11,1,2,3783885.942799093,900793.4399385147,5038072.387173292,-98323.45149808784,52.5162715020166,13.3908078194869,75.4719153467385,3.32003752395195,0
4093,test,1900,131749.899999949,1149251749.9,14,12,1,2,3783886.6039120764,900792.7261665715,5038073.522478564,-98332.383652259,52.5162760595066,13.3908017930004,75.4815165998191,3.3007802809887,0
4094,test,1900,131750.099999949,1149251750.1,13,12,1,2,3783886.815524876,900791.5906634942,5038068.38909018,-98345.94993596686,52.5162804592122,13.390795331145,75.4910575661401,3.27983002489095,0
4095,test,1900,131750.299999949,1149251750.3,16,14,1,2,3783889.4807417965,900789.2729482446,5038070.99194296,-98353.08868733533,52.5162845411449,13.3907884706714,75.5005354647038,3.25998310555767,0
4096,test,1900,131750.499999949,1149251750.5,15,14,1,2,3783890.8623600397,900790.1488790992,5038071.182109244,-98362.22523525197,52.5162883328199,13.3907812446839,75.5099477115243,3.23923132515101,0
4097,test,1900,131750.799999949,1149251750.8,15,14,1,2,3783891.93242936,900789.4682105401,5038069.720002917,-98378.71807189085,52.5162933463569,13.3907697962702,75.5239368811086,3.19925603355644,0
4098,test,1900,131750.999999949,1149251751.0,16,15,1,2,3783898.763238293,900788.4564740926,5038085.556708788,-98376.20026018373,52.5162963543598,13.3907618471186,75.5331731638603,3.16281132891632,0
4099,test,1900,131751.199999949,1149251751.2,16,15,1,2,3783901.0460084663,900786.3489010644,5038085.432547021,-98386.10881825382,52.5162989706315,13.3907537003495,75.5423345928911,3.11736576500152,0
4100,test,1900,131751.399999949,1149251751.4,16,15,1,2,3783903.6424074657,900785.0569502489,5038086.255152184,-98395.11450432982,52.5163012223262,13.3907454198549,75.5514188639236,3.06526076960782,0
4101,test,1900,131751.599999949,1149251751.6,14,13,1,2,3783910.6204082603,900782.3052407431,5038092.300970312,-98397.9897233102,52.516303176949,13.3907370593029,75.5604234984731,3.00897791055399,0
4102,test,1900,131751.799999949,1149251751.8,15,14,1,2,3783908.0918750996,900783.0286382418,5038089.416754475,-98412.10974881811,52.5163047968291,13.3907286836976,75.5693457274797,2.95758344554699,0
4103,test,1900,131751.999999949,1149251752.0,14,13,1,2,3783905.376483788,900781.0440319102,5038090.462179662,-98423.64570097916,52.516306082636,13.3907203035765,75.5781835686324,2.91592571270185,0
4104,test,1900,131752.199999949,1149251752.2,14,14,1,2,3783905.201289449,900779.5771766508,5038089.723103756,-98434.74830404358,52.5163069543722,13.3907119251275,75.5869347741391,2.879847574681,0
4105,test,1900,131752.399999949,1149251752.4,13,13,1,2,3783904.6306863073,900778.1921040785,5038093.710607566,-98443.9614632434,52.5163075536237,13.3907035710776,75.5955969041056,2.84634405807362,0
4106,test,1900,131752.599999949,1149251752.6,14,14,1,2,3783903.9446435007,900780.3825683551,5038092.829083513,-98455.07268359179,52.5163079806957,13.3906952564955,75.6041679178399,2.81655229892444,0
4107,test,1900,131752.799999949,1149251752.8,14,14,1,2,3783904.7825765433,900779.7049390326,5038095.350575443,-98463.8557465527,52.5163081902336,13.3906869989945,75.6126462028507,2.79405604521209,0
4108,test,1900,131752.999999949,1149251753.0,13,13,1,2,3783901.5835267757,900783.5376884333,5038091.169389999,-98478.5928638068,52.5163082620393,13.3906787809815,75.6210304917321,2.78100914040032,0
4109,test,1900,131753.199999949,1149251753.2,13,12,1,3,3783875.1176607073,900783.948911781,5038076.510096275,-98511.27643115354,52.5163081207189,13.3906705957247,75.6293199956771,2.77107046399462,0
4110,test,1900,131753.399999949,1149251753.4,13,12,1,2,3783868.1732724747,900781.9963503812,5038073.351217678,-98527.04268796943,52.5163078870786,13.3906624506894,75.6375135911729,2.76010606060762,0
4111,test,1900,131753.599999949,1149251753.6,14,13,1,2,3783878.7102990183,900777.3833491718,5038080.431653307,-98527.42247826594,52.5163076446323,13.3906543381515,75.6456110005479,2.7494079092174,0
4112,test,1900,131753.799999949,1149251753.8,13,12,1,2,3783870.090208994,900782.1827500497,5038079.692290944,-98543.12203595568,52.5163072378531,13.3906462795714,75.6536120005725,2.73648429084933,0
4113,test,1900,131753.999999949,1149251754.0,12,11,1,2,3783874.994778033,900781.0465792847,5038085.959564381,-98548.06876915459,52.5163067692596,13.3906382641472,75.6615163402376,2.72308798591343,0
4114,test,1900,131754.199999949,1149251754.2,11,10,1,2,3783873.5375134954,900781.136666161,5038082.739779055,-98561.81372713413,52.5163062344355,13.3906302853214,75.6693244539127,2.71350820390998,0
4115,test,1900,131754.399999949,1149251754.4,13,12,1,2,3783868.923698932,900782.216580043,5038081.735262106,-98573.17123293834,52.516305691336,13.3906223382795,75.6770369783647,2.70835184835168,0
4116,test,1900,131754.599999949,1149251754.6,13,12,1,2,3783875.0557775544,900781.6201248984,5038083.859855713,-98580.54387975221,52.5163051874635,13.3906143951724,75.6846542266023,2.70876214664497,0
4117,test,1900,131754.799999949,1149251754.8,12,11,1,2,3783878.3678293694,900781.5889990694,5038086.977180552,-98586.73825881042,52.5163046313704,13.3906064520835,75.6921771989138,2.71697141971051,0
4118,test,1900,131754.999999949,1149251755.0,12,11,1,2,3783885.7138149724,900780.1016138525,5038087.9915648475,-98592.27799667437,52.5163040662045,13.3905984632986,75.6996070556718,2.73309580568457,0
4119,test,1900,131755.199999949,1149251755.2,12,11,1,2,3783886.326470745,900780.8407664287,5038089.047263067,-98601.74907689149,52.5163035133209,13.39059042875,75.7069450044501,2.75315199891498,0
4120,test,1900,131755.399999949,1149251755.4,12,11,1,2,3783887.875379862,900782.5203931356,5038091.366292395,-98610.22486830091,52.5163028730944,13.3905823431565,75.7141921994851,2.7759704224984,0
4121,test,1900,131755.599999949,1149251755.6,12,11,1,2,3783887.023693933,900782.5506127576,5038089.642746621,-98622.44062025013,52.5163022751755,13.3905741798366,75.7213505508622,2.79816120262814,0
4122,test,1900,131755.799999949,1149251755.8,12,11,1,2,3783886.985479191,900782.6225887687,5038087.636134595,-98633.70024932268,52.5163017361084,13.3905659533413,75.7284213494432,2.81501276007844,0
4123,test,1900,131755.999999949,1149251756.0,13,12,1,2,3783880.6445739185,900785.0019438961,5038084.668717607,-98648.34858694549,52.5163011820119,13.3905576864165,75.7354060298457,2.82520332940408,0
4124,test,1900,131756.199999949,1149251756.2,13,12,1,2,3783881.439800565,900781.8794427795,5038084.163900128,-98658.04952541442,52.5163005460584,13.3905494083691,75.7423064006552,2.82921056862887,0
4125,test,1900,131756.399999949,1149251756.4,13,12,1,2,3783877.233551017,900779.5276543366,5038080.688190356,-98672.14503629087,52.5163000671968,13.3905411155276,75.7491241702714,2.82755147213053,0
4126,test,1900,131756.599999949,1149251756.6,12,11,1,2,3783888.162155122,900777.7741414035,5038084.384252831,-98676.06745205352,52.5162995104306,13.3905328448142,75.7558607639584,2.82198723106269,0
4127,test,1900,131756.799999949,1149251756.8,13,12,1,2,3783900.2063533096,900775.1744936042,5038091.965254323,-98676.5167678713,52.5162989209827,13.39052458345,75.7625176641428,2.81444885741433,0
4128,test,1900,131756.999999949,1149251757.0,14,13,1,2,3783904.48788932,900769.5729470288,5038095.403102904,-98681.94539876217,52.5162983141807,13.3905163486646,75.7690964199989,2.80591185342162,0
4129,test,1900,131757.199999949,1149251757.2,14,13,1,2,3783902.5227611517,900769.3940744883,5038093.276221629,-98695.02457527161,52.5162977364785,13.3905081504073,75.7755983917065,2.79604500960656,0
4130,test,1900,131757.399999949,1149251757.4,14,13,1,2,3783900.4691328644,900770.4114150798,5038094.116724382,-98706.40596546973,52.5162970555541,13.3904999836429,75.7820250279347,2.78621463087927,0
4131,test,1900,131757.59999995,1149251757.6,15,14,1,2,3783895.5337688606,900773.0694816812,5038090.781085626,-98719.99637336802,52.5162965108777,13.3904918556116,75.7883776864517,2.77623604469652,0
4132,test,1900,131757.79999995,1149251757.8,14,13,1,2,3783886.96754151,900775.262831255,5038087.553700177,-98737.78525708549,52.5162958861015,13.3904837619857,75.794657512045,2.76227176031782,0
4133,test,1900,131757.99999995,1149251758.0,13,12,1,2,3783883.063809593,900775.3883952873,5038063.751006816,-98765.02803314765,52.5162951866885,13.3904757185119,75.8008654099494,2.74319968099431,0
4134,test,1900,131758.19999995,1149251758.2,13,12,1,2,3783882.9395989785,900776.3650934706,5038062.125588484,-98776.72440217699,52.5162943946705,13.3904677407069,75.8070023446864,2.72082884482321,0
4135,test,1900,131758.39999995,1149251758.4,14,13,1,2,3783887.9717398896,900773.941882165,5038088.727296609,-98768.68779415553,52.5162937090378,13.3904598343129,75.8130691411432,2.69544520947361,0
4136,test,1900,131758.59999995,1149251758.6,13,11,1,3,3783851.698282021,900775.66368909,5038043.5408183085,-98825.26238551308,52.5162930677054,13.3904520085492,75.8190665454068,2.66698848732207,0
4137,test,1900,131758.79999995,1149251758.8,13,11,1,2,3783851.918634415,900774.267492911,5038042.270343448,-98835.74374326652,52.5162923180021,13.3904442714065,75.824994860162,2.63675619578514,0
4138,test,1900,131758.99999995,1149251759.0,14,12,1,2,3783866.662621442,900778.0250349076,5038045.532407148,-98836.16885724606,52.5162915924478,13.3904366226019,75.8308545949594,2.60616427534245,0
4139,test,1900,131759.19999995,1149251759.2,14,12,1,2,3783868.035191561,900777.3883609854,5038045.519574167,-98845.78246948926,52.5162909011076,13.3904290558408,75.8366460883804,2.57775708885092,0
4140,test,1900,131759.39999995,1149251759.4,13,11,1,2,3783867.7933278256,900784.1356321237,5038030.989027833,-98865.0824499444,52.5162903541834,13.3904215586813,75.8423693843097,2.55296981449535,0
4141,test,1900,131759.59999995,1149251759.6,13,11,1,2,3783854.729007567,900771.6372062567,5038044.883282275,-98873.93198225099,52.5162898169163,13.39041412332,75.8480244623971,2.53318566528971,0
4142,test,1900,131759.79999995,1149251759.8,13,12,1,2,3783871.4052414186,900775.8506543556,5038050.7024053605,-98870.81843187347,52.5162891795399,13.3904067277001,75.853611317671,2.52075818459519,0
4143,test,1900,131759.99999995,1149251760.0,13,12,1,2,3783870.1831035484,900776.1649052378,5038051.109494388,-98880.97504994467,52.5162886373404,13.3903993539125,75.8591295183192,2.5176852834655,0
4144,test,1900,131760.19999995,1149251760.2,12,11,1,2,3783853.7506199214,900768.9308969345,5038047.877545148,-98902.5619549144,52.5162881285019,13.3903919661549,75.8645789075859,2.52404074679108,0
4145,test,1900,131760.39999995,1149251760.4,11,10,1,2,3783850.275838953,900775.6291668775,5038032.47306208,-98925.34858353395,52.5162876968948,13.3903845393908,75.8699591882165,2.5380793601941,0
4146,test,1900,131760.59999995,1149251760.6,13,12,1,3,3783873.6358130225,900767.5780105569,5038055.874800542,-98908.4511704168,52.5162872494563,13.3903770622026,75.8752699533624,2.55656944700628,0
4147,test,1900,131760.79999995,1149251760.8,13,12,1,2,3783873.708219174,900768.1632504213,5038057.266401302,-98917.89429374716,52.5162867594037,13.3903695480821,75.8805106489872,2.57291821913215,0
4148,test,1900,131760.99999995,1149251761.0,12,11,1,2,3783870.064191772,900767.7122127807,5038054.542286512,-98931.53769817688,52.5162863545544,13.3903619857548,75.8856805945807,2.58287441743877,0
4149,test,1900,131761.19999995,1149251761.2,13,12,1,2,3783869.4393162793,900770.0490792539,5038053.793849126,-98941.7852875299,52.5162858119941,13.3903544116603,75.8907790322109,2.58735021673425,0
4150,test,1900,131761.39999995,1149251761.4,13,12,1,2,3783872.1967356065,900769.0866920477,5038057.721997071,-98947.55543779423,52.5162850887877,13.3903468562619,75.8958054583285,2.5877564267147,0
4151,test,1900,131761.59999995,1149251761.6,13,12,1,2,3783872.2445514053,900766.9246622977,5038050.955885212,-98963.00059344544,52.5162843323798,13.3903393443039,75.9007588148606,2.582441099708,0
4152,test,1900,131761.79999995,1149251761.8,13,12,1,2,3783869.2794006597,900764.0861539143,5038049.470904478,-98976.14123770047,52.5162833784487,13.3903319020269,75.90563843336,2.56706121259006,0
4153,test,1900,131761.99999995,1149251762.0,13,12,1,2,3783869.4095793227,900765.6021284685,5038051.828189741,-98985.14180123214,52.5162822652945,13.3903246175559,75.9104430120022,2.53325943109777,0
4154,test,1900,131762.19999995,1149251762.2,13,11,1,2,3783871.4199256888,900771.5787097052,5038041.816568536,-99001.08138216064,52.5162809480642,13.3903175541488,75.9151712335057,2.47207401506178,0
4155,test,1900,131762.39999995,1149251762.4,13,12,1,2,3783869.420928762,900764.4650715779,5038057.403772026,-99001.83764980573,52.5162794888528,13.3903108337692,75.9198214229279,2.37799098757732,0
4156,test,1900,131762.59999995,1149251762.6,13,12,1,2,3783870.0928151524,900764.4248408984,5038055.4811312705,-99012.79394892503,52.5162779309787,13.3903045405325,75.9243915026387,2.24857218572908,0
4157,test,1900,131762.79999995,1149251762.8,13,12,1,2,3783870.324011974,900765.6295292915,5038051.936582979,-99024.98469174953,52.516276292759,13.3902987674333,75.9288794464883,2.08528797621377,0
4158,test,1900,131762.99999995,1149251763.0,13,12,1,2,3783868.1656037,900763.6752140843,5038046.963355891,-99039.12408185778,52.5162746015188,13.390293592499,75.9332829053002,1.88653402534076,0
4159,test,1900,131763.19999995,1149251763.2,13,12,1,2,3783867.1942316405,900764.5539189383,5038049.303818232,-99047.98702273826,52.5162730224418,13.390289077232,75.9375990472268,1.65382627696681,0
4160,test,1900,131763.39999995,1149251763.4,13,12,1,2,3783867.9611529717,900764.5533253046,5038050.367812602,-99057.81363415252,52.5162716620541,13.3902852633966,75.9418248030604,1.3919113180025,0
4161,test,1900,131763.59999995,1149251763.6,12,12,1,2,3783869.4043844235,900763.2462692955,5038053.471433099,-99065.80467072979,52.5162705346298,13.3902821964508,75.9459568352513,1.10862221535874,0
4162,test,1900,131763.79999995,1149251763.8,11,11,1,2,3783874.9221396623,900764.1091132737,5038057.053242846,-99072.6085597661,52.5162696165906,13.3902798652296,75.9499912915743,0.818950589803918,0
4163,test,1900,131763.99999995,1149251764.0,11,11,1,2,3783875.5993794827,900763.396163362,5038058.433030921,-99082.45557787755,52.5162690506055,13.3902782309992,75.9539243449082,0.545943103931679,0
4164,test,1900,131764.19999995,1149251764.2,11,11,1,2,3783871.970397398,900761.351995291,5038056.266359087,-99096.4419020652,52.5162686389016,13.39027721295,75.9577521056736,0.313730890096212,0
4165,test,1900,131764.39999995,1149251764.4,11,11,1,3,3783848.208029797,900760.6933357831,5038046.8428709265,-99123.09461708812,52.5162684112716,13.3902766749477,75.9614716649702,0.141152283803119,0
4166,test,1900,131764.59999995,1149251764.6,11,11,1,2,3783850.3728929586,900760.9569160239,5038043.802378438,-99133.87967838961,52.5162691412623,13.3902768522876,75.9650857819284,0.0347806625999799,1
4167,test,1900,131764.79999995,1149251764.8,11,11,1,2,3783851.5142540615,900760.1866357547,5038041.10089748,-99145.95395647649,52.5162700821166,13.3902789722482,75.9685866790051,-0.0301436244140356,1
4168,test,1900,131764.99999995,1149251765.0,12,11,1,2,3783849.881862371,900759.7874603334,5038039.967139315,-99158.57702915282,52.5162701083274,13.3902791759698,75.9719702610408,-0.085599114696996,1
4169,test,1900,131765.19999995,1149251765.2,12,11,1,2,3783849.0524879307,900760.3258237059,5038040.195249842,-99168.88185656059,52.5162922092387,13.3903087571366,75.9752397492659,-0.157889531963878,1
4170,test,1900,131765.39999995,1149251765.4,11,10,1,2,3783851.427367486,900761.8181615447,5038043.16271994,-99175.2924194815,52.5162931607339,13.3903077830726,75.9784159282729,-0.233265689786396,1
4171,test,1900,131765.59999995,1149251765.6,11,10,1,2,3783851.0086008594,900761.5235735842,5038042.013803889,-99186.53640158643,52.5162934142977,13.3903084567467,75.9815487249179,-0.31027638089801,1
4172,test,1900,131765.79999995,1149251765.8,11,10,1,2,3783850.15313006,900763.3505049167,5038041.909970958,-99196.58393442885,52.5162939089417,13.3903092529538,75.9846666513673,-0.350851680056474,1
4173,test,1900,131765.99999995,1149251766.0,11,10,1,2,3783849.5410940424,900762.9567170568,5038039.685516353,-99208.01586021688,52.5162943755862,13.3903100915679,75.9877773769107,-0.328634668228347,1
4174,test,1900,131766.19999995,1149251766.2,12,11,1,2,3783853.384277136,900766.9861584736,5038047.114120342,-99210.87162446308,52.5162953029786,13.3903119835754,75.9908792334474,-0.225366280536988,1
4175,test,1900,131766.39999995,1149251766.4,12,11,1,2,3783850.916886352,900764.3807340101,5038041.570641459,-99226.69564312931,52.5162955997667,13.3903123188573,75.9939701967372,-0.0621710211295125,1
4176,test,1900,131766.59999995,1149251766.6,12,11,1,2,3783856.262196235,900767.0045982441,5038042.995367312,-99231.91508965121,52.5162959492059,13.3903122501117,75.9970471957147,0.116339399028892,0
4177,test,1900,131766.79999995,1149251766.8,12,11,1,2,3783856.2834424875,900767.823024242,5038046.949168589,-99239.08890623973,52.5162959442859,13.3903117869807,76.0001005009388,0.256349655127298,0
4178,test,1900,131766.99999995,1149251767.0,12,11,1,2,3783856.3931514313,900766.4770441636,5038044.131140385,-99251.31775471674,52.5162956638634,13.3903110862989,76.0031182131036,0.341414821051157,0
4179,test,1900,131767.19999995,1149251767.2,12,11,1,2,3783856.727596723,900765.3476910945,5038045.446744861,-99261.79056802955,52.5162956519956,13.3903102383822,76.0060905879037,0.388087257069552,0
4180,test,1900,131767.39999995,1149251767.4,12,11,1,2,3783854.4189351005,900765.5376575043,5038046.185890731,-99272.96365728161,52.5162954544902,13.3903093110165,76.009009118218,0.423631812039288,0
4181,test,1900,131767.59999995,1149251767.6,13,12,1,2,3783866.7806462385,900764.1781101131,5038052.7168465275,-99273.35226494823,52.5162952784611,13.3903082914638,76.0118651067854,0.471688301051453,0
4182,test,1900,131767.79999995,1149251767.8,13,12,1,2,3783865.5125903836,900763.2953553599,5038048.770678087,-99286.51166262449,52.5162949189914,13.3903071920582,76.0146504883234,0.544760320796495,0
4183,test,1900,131767.99999995,1149251768.0,13,12,1,2,3783867.576780579,900762.6458467952,5038050.890725598,-99293.9537954819,52.5162944522529,13.390305942757,76.0173560902554,0.642809236049654,0
4184,test,1900,131768.19999995,1149251768.2,13,12,1,2,3783866.5758693996,900765.5423526848,5038053.516866868,-99302.66860828591,52.5162941002926,13.3903045056839,76.0199740704074,0.75387449317242,0
4185,test,1900,131768.39999995,1149251768.4,13,12,1,2,3783867.1841112548,900764.9768228298,5038056.739803548,-99310.34067288082,52.516293297006,13.3903029272397,76.0224959109336,0.857465177186983,0
4186,test,1900,131768.59999995,1149251768.6,13,12,1,2,3783865.7438882375,900763.9289973063,5038061.570621953,-99318.20272023744,52.5162922467653,13.3903012648645,76.0249132744584,0.935083259794696,0
4187,test,1900,131768.79999995,1149251768.8,14,13,1,2,3783867.0598624954,900764.6079836388,5038079.807904128,-99317.06963427275,52.516291487064,13.3902995859677,76.0272179180541,0.981030734805048,0
4188,test,1900,131768.99999995,1149251769.0,14,13,1,2,3783864.8971657837,900763.1396116941,5038078.625466669,-99329.54812992777,52.5162905953951,13.3902979858993,76.0294037002131,1.00289229775517,0
4189,test,1900,131769.19999995,1149251769.2,14,13,1,2,3783868.6702687945,900763.568236627,5038079.375699829,-99337.6401323072,52.5162895631476,13.390296456915,76.0314682805772,1.01350165411983,0
4190,test,1900,131769.39999995,1149251769.4,14,13,1,2,3783868.7772223274,900766.6628569511,5038081.332651407,-99344.736719137,52.5162882847018,13.3902950655873,76.033405056463,1.02419109975711,0
4191,test,1900,131769.59999995,1149251769.6,14,13,1,2,3783867.7972177803,900763.8951227524,5038077.618748798,-99358.39651163195,52.516287361575,13.3902937675973,76.0352073588148,1.03985493988587,0
4192,test,1900,131769.79999995,1149251769.8,14,13,1,2,3783869.2299502464,900766.0836094589,5038080.750915781,-99365.00738556916,52.5162860261371,13.3902925912284,76.0368676319557,1.0573493706194,0
4193,test,1900,131769.99999995,1149251770.0,14,13,1,2,3783869.0364496787,900766.6586709599,5038078.7623236785,-99376.8141887416,52.5162842880836,13.3902915522054,76.0383791548373,1.07119080467695,0
4194,test,1900,131770.19999995,1149251770.2,14,13,1,2,3783866.23733823,900767.3791747503,5038078.843188587,-99388.51600010655,52.5162828469055,13.3902906458744,76.0397346569322,1.0765061218975,0
4195,test,1900,131770.39999995,1149251770.4,13,12,1,2,3783867.711676767,900768.6222471128,5038060.619550933,-99409.60511141732,52.5162810673816,13.3902899009084,76.040927050824,1.07108822619278,0
4196,test,1900,131770.59999995,1149251770.6,13,11,1,2,3783871.2856583884,900767.1299647918,5038064.120194981,-99418.41134008148,52.5162796750244,13.3902893142014,76.0419495342539,1.05665600187458,0
4197,test,1900,131770.79999995,1149251770.8,13,12,1,2,3783869.4041607413,900767.5259434121,5038062.261232191,-99429.34631840284,52.5162780989981,13.3902888963124,76.042796095366,1.0352758739634,0
4198,test,1900,131770.99999995,1149251771.0,12,11,1,2,3783865.0998873888,900766.4279594593,5038059.058165008,-99443.34338930027,52.5162771218638,13.3902885945245,76.0434593008891,1.00910053379254,0
4199,test,1900,131771.19999995,1149251771.2,12,11,1,2,3783858.865546227,900761.9830988324,5038052.143171705,-99462.12760068025,52.5162758096332,13.3902884527779,76.0439331909987,0.977722208803938,0
4200,test,1900,131771.39999995,1149251771.4,12,11,1,2,3783861.739574113,900762.2377327475,5038050.087608925,-99472.69261687856,52.5162745181852,13.3902884423008,76.0442122404283,0.937853865341097,0
4201,test,1900,131771.59999995,1149251771.6,12,11,1,2,3783864.7663980355,900764.5201611508,5038052.0665715,-99479.80512290448,52.5162731757615,13.3902885213531,76.0442902283601,0.885532647784323,0
4202,test,1900,131771.79999995,1149251771.8,13,12,1,2,3783869.5916872537,900765.03559621,5038049.223254978,-99490.29384982647,52.5162721891834,13.3902886755858,76.0441615761794,0.816693697362688,0
4203,test,1900,131771.99999995,1149251772.0,13,12,1,2,3783868.7029812904,900761.7405575907,5038049.811451474,-99501.90657736849,52.5162712343989,13.3902888953765,76.0438208428733,0.728982182401086,0
4204,test,1900,131772.19999995,1149251772.2,14,12,1,2,3783867.915449252,900764.1097289979,5038056.065179636,-99507.75197977855,52.5162703194483,13.390289158994,76.0432628949843,0.621759085155139,0
4205,test,1900,131772.39999995,1149251772.4,13,12,1,2,3783864.49809026,900765.3627433147,5038054.3611956285,-99519.3390863234,52.5162697855021,13.3902894250717,76.0424822989693,0.494961060023763,0
4206,test,1900,131772.59999995,1149251772.6,13,12,1,2,3783862.489269036,900765.0241221546,5038053.777001047,-99530.61179039287,52.5162694557989,13.3902896485069,76.0414744795352,0.352722102883242,0
4207,test,1900,131772.79999995,1149251772.8,12,11,1,2,3783869.7967792833,900768.0183957011,5038057.377382099,-99535.23734142506,52.5162690247019,13.3902898138303,76.0402336145488,0.206750218892492,0
4208,test,1900,131772.99999995,1149251773.0,12,11,1,2,3783869.014088586,900769.6316269215,5038062.7200007895,-99541.975582023,52.5162692812874,13.3902897762776,76.0387542589494,0.0752362247926123,1
4209,test,1900,131773.19999995,1149251773.2,13,12,1,2,3783870.078001563,900770.5531243995,5038083.197046074,-99537.75906515987,52.5162892069084,13.3903124380096,76.0370327323577,-0.0206684590357776,1
4210,test,1900,131773.39999995,1149251773.4,14,12,1,2,3783871.251662369,900772.9088047827,5038083.882517189,-99545.50320454314,52.5162889136925,13.3903052043547,76.0350741322505,-0.082459739355767,1
4211,test,1900,131773.59999995,1149251773.6,14,12,1,2,3783870.074879918,900774.2143979907,5038086.041688131,-99554.47990008004,52.5162891741273,13.3903051067533,76.0328823396493,-0.135492744124472,1
4212,test,1900,131773.79999995,1149251773.8,14,12,1,2,3783870.6274764496,900774.6999837474,5038088.315578385,-99563.08213218875,52.516293200863,13.3903050441587,76.0304703479706,-0.19998886795117,1
4213,test,1900,131773.99999995,1149251774.0,14,13,1,2,3783872.957162823,900774.7626405781,5038090.77449932,-99571.33549513125,52.5162940263754,13.390304863042,76.0278718491878,-0.274803257271959,1
4214,test,1900,131774.19999995,1149251774.2,14,13,1,2,3783871.7411847604,900775.4944297354,5038089.586777769,-99582.73563651781,52.5162949244823,13.3903046150169,76.0251449652285,-0.336632154650715,1
4215,test,1900,131774.39999995,1149251774.4,14,13,1,2,3783873.2040909766,900775.4452293261,5038092.21203274,-99590.60459731646,52.5162956754172,13.3903043579273,76.0223272704455,-0.356006716283655,1
4216,test,1900,131774.599999951,1149251774.6,13,12,1,2,3783868.78209791,900774.5483464637,5038091.195337282,-99602.17355137988,52.5162962520188,13.3903041059307,76.0194385625987,-0.32002325998696,1
4217,test,1900,131774.799999951,1149251774.8,13,12,1,2,3783867.4586308985,900772.7843836586,5038092.441430482,-99613.19271771172,52.5162968612753,13.3903039108723,76.0164937564841,-0.227657562711684,1
4218,test,1900,131774.999999951,1149251775.0,13,11,1,2,3783868.388400084,900772.4352652695,5038082.962951531,-99629.25961052784,52.5162973640089,13.3903037895934,76.0135047604726,-0.0850675687103624,1
4219,test,1900,131775.199999951,1149251775.2,12,11,1,2,3783868.1114194,900769.7412047106,5038081.957847447,-99640.8940555,52.516297554419,13.3903037748101,76.0104860739283,0.0930741467217426,1
4220,test,1900,131775.399999951,1149251775.4,12,11,1,2,3783866.8027817435,900768.9145390611,5038078.153583415,-99654.83587871224,52.5162973607847,13.390303872441,76.0074400426756,0.28720802242357,0
4221,test,1900,131775.599999951,1149251775.6,12,11,1,2,3783867.857701462,900769.9211784768,5038079.428123597,-99663.27793117719,52.5162967536686,13.3903040985893,76.0043653621013,0.487804717695122,0
4222,test,1900,131775.799999951,1149251775.8,12,11,1,2,3783869.9440883766,900771.7657399391,5038081.655823793,-99670.69806848533,52.5162957116034,13.3903044734257,76.0012613252326,0.695744619437968,0
4223,test,1900,131775.999999951,1149251776.0,12,11,1,2,3783870.195506432,900771.2135515179,5038072.454553371,-99687.43443545372,52.5162944752656,13.3903050509187,75.9981274397193,0.914724012243132,0
4224,test,1900,131776.199999951,1149251776.2,12,11,1,2,3783868.4949924704,900768.4282072533,5038073.365607979,-99700.3233978621,52.5162927180077,13.3903058599068,75.9949638440978,1.14582917990213,0
4225,test,1900,131776.399999951,1149251776.4,12,11,1,2,3783866.2164565525,900767.5946911395,5038065.470426895,-99716.74901631633,52.5162906957423,13.3903069680075,75.9917699423288,1.38632012408632,0
4226,test,1900,131776.599999951,1149251776.6,12,11,1,2,3783865.9162549675,900765.1537277628,5038056.906523176,-99734.0241025005,52.5162885172182,13.3903084870794,75.988545664355,1.63109788376095,0
4227,test,1900,131776.799999951,1149251776.8,12,11,1,2,3783868.9323732285,900764.3825484507,5038064.294222577,-99739.2600252789,52.5162858167993,13.3903105717368,75.9852903657269,1.87356787251555,0
4228,test,1900,131776.999999951,1149251777.0,12,11,1,2,3783869.2026517717,900764.0588555881,5038064.1613227865,-99749.6418575034,52.5162830301151,13.3903133163388,75.9820045315977,2.10802010466807,0
4229,test,1900,131777.199999951,1149251777.2,12,11,1,2,3783865.047617674,900762.7164987186,5038058.937460017,-99765.03890628397,52.5162799216561,13.3903168685336,75.9786891994744,2.32657984415584,0
4230,test,1900,131777.399999951,1149251777.4,12,11,1,2,3783865.849783177,900762.3031918874,5038059.639039152,-99774.52157161958,52.5162766017449,13.3903213201104,75.9753446230421,2.51995584279436,0
4231,test,1900,131777.599999951,1149251777.6,12,11,1,2,3783866.1523381863,900760.7678468818,5038061.607655588,-99783.79959278832,52.5162735119694,13.3903266990794,75.9719717807639,2.67608657453856,0
4232,test,1900,131777.799999951,1149251777.8,13,12,1,2,3783864.029170691,900761.034794212,5038064.259420141,-99791.80615656171,52.516270764752,13.3903329593846,75.9685711977456,2.78300441720837,0
4233,test,1900,131777.999999951,1149251778.0,13,12,1,2,3783866.082670019,900762.521008493,5038061.941461784,-99802.11733535018,52.5162681640777,13.3903399912061,75.9651434536312,2.83770227122922,0
4234,test,1900,131778.199999951,1149251778.2,13,12,1,2,3783867.4835382905,900763.9667846934,5038065.016560091,-99809.29744777016,52.5162662203426,13.3903475767333,75.9616892911595,2.85236102296842,0
4235,test,1900,131778.399999951,1149251778.4,13,12,1,2,3783867.0603204165,900763.0973092645,5038064.868657021,-99820.44561674084,52.516264697124,13.3903555445234,75.9582095600861,2.8490232896447,0
4236,test,1900,131778.599999951,1149251778.6,13,12,1,2,3783866.228760914,900764.2706469438,5038059.948589798,-99834.06042550385,52.5162638901406,13.3903637568,75.9547049465835,2.84944215800199,0
4237,test,1900,131778.799999951,1149251778.8,13,12,1,2,3783868.847830925,900766.5181936471,5038065.949098374,-99839.28308096036,52.5162635741656,13.3903721522606,75.9511765287556,2.8705963477442,0
4238,test,1900,131778.999999951,1149251779.0,13,12,1,2,3783870.783020428,900769.2007690932,5038064.569009854,-99848.58056448663,52.5162637887343,13.3903806691296,75.947624981672,2.92353854694287,0
4239,test,1900,131779.199999951,1149251779.2,13,12,1,2,3783868.0625930787,900768.2979870692,5038062.577841591,-99862.08032232156,52.5162642773277,13.390389355858,75.9440516166359,3.00906144315061,0
4240,test,1900,131779.399999951,1149251779.4,13,12,1,2,3783870.1127617983,900769.239183407,5038069.939864586,-99866.0569587585,52.5162652016492,13.3903982734399,75.9404574747509,3.12205199396576,0
4241,test,1900,131779.599999951,1149251779.6,11,10,1,3,3783853.8451690543,900776.7086987002,5038044.719151096,-99900.53310720283,52.5162666089635,13.3904074779094,75.9368435128137,3.25685794476096,0
4242,test,1900,131779.799999951,1149251779.8,12,11,1,2,3783854.2538450006,900770.3636393244,5038062.771813383,-99897.38723899378,52.5162679809801,13.3904170333704,75.9332113052251,3.40519897350209,0
4243,test,1900,131779.999999951,1149251780.0,12,11,1,2,3783853.98912196,900770.8927735155,5038064.97393214,-99906.91457213958,52.5162698142546,13.3904269758397,75.9295619681685,3.55555724701855,0
4244,test,1900,131780.199999951,1149251780.2,12,11,1,2,3783853.413587475,900771.0842516099,5038059.188872103,-99921.04043271393,52.5162715892351,13.3904373430651,75.9258967966749,3.694490007986,0
4245,test,1900,131780.399999951,1149251780.4,12,11,1,2,3783857.065096915,900771.654329501,5038056.85048792,-99930.93222750249,52.51627326565,13.3904480908099,75.9222171203688,3.80879163702293,0
4246,test,1900,131780.599999951,1149251780.6,12,11,1,2,3783853.226835612,900770.8890447017,5038055.341052804,-99944.15407441794,52.5162747411048,13.3904591650549,75.9185243643533,3.8911504998145,0
4247,test,1900,131780.799999951,1149251780.8,12,11,1,2,3783853.8323558164,900770.7317541515,5038051.53502085,-99955.94299525367,52.5162763339682,13.3904704462847,75.9148198772165,3.94034598076221,0
4248,test,1900,131780.999999951,1149251781.0,12,11,1,2,3783854.598399043,900772.9684658502,5038048.582635344,-99967.46110482035,52.5162778600236,13.3904818436073,75.9111049864915,3.96098642527351,0
4249,test,1900,131781.199999951,1149251781.2,12,11,1,2,3783853.960230808,900773.6196444031,5038048.155304847,-99977.91652387354,52.5162793943766,13.3904932876709,75.9073808782644,3.9614500997267,0
4250,test,1900,131781.399999951,1149251781.4,12,11,1,2,3783855.9297872796,900777.3120212217,5038043.036099147,-99990.56763303396,52.5162808115469,13.3905047518797,75.9036484923082,3.94979015612956,0
4251,test,1900,131781.599999951,1149251781.6,12,11,1,2,3783853.6929172934,900777.9704274412,5038040.641453029,-100003.55574837848,52.5162822140186,13.3905162116762,75.8999086102288,3.93217389050247,0
4252,test,1900,131781.799999951,1149251781.8,12,11,1,2,3783854.4801091133,900778.570901127,5038042.53265364,-100013.04853951275,52.5162833227783,13.3905276402728,75.8961621317911,3.9073990517512,0
4253,test,1900,131781.999999951,1149251782.0,12,11,1,2,3783858.80471091,900780.4199531757,5038042.579078008,-100021.29976635055,52.5162845347093,13.3905389821462,75.89240955666,3.87272957127956,0
4254,test,1900,131782.199999951,1149251782.2,12,11,1,2,3783860.799853457,900783.0429671337,5038039.836733248,-100031.85314223886,52.5162855329029,13.390550227895,75.8886512821443,3.82394729790467,0
4255,test,1900,131782.399999951,1149251782.4,13,12,1,2,3783865.6016595764,900784.9439310725,5038041.901136386,-100037.91658386028,52.5162863753721,13.3905613212172,75.8848877159568,3.7535809428043,0
4256,test,1900,131782.599999951,1149251782.6,13,12,1,2,3783865.1522771744,900784.406199351,5038043.433707715,-100047.42542675739,52.5162872730512,13.3905721898194,75.8811190263601,3.65797553296579,0
4257,test,1900,131782.799999951,1149251782.8,13,12,1,2,3783868.112530935,900786.8716832481,5038043.556076898,-100054.63482278735,52.5162883020921,13.3905827201795,75.8773455510326,3.53527295298554,0
4258,test,1900,131782.999999951,1149251783.0,13,12,1,2,3783869.7982334737,900789.2347651517,5038047.08792254,-100061.46423473959,52.5162891383988,13.3905928652154,75.8735672076992,3.38924046863113,0
4259,test,1900,131783.199999951,1149251783.2,13,12,1,2,3783867.6397479163,900789.3877674474,5038049.21805444,-100072.11477458765,52.5162897664305,13.3906025787632,75.8697842866179,3.22522810225488,0
4260,test,1900,131783.399999951,1149251783.4,12,11,1,2,3783867.629065695,900786.8993632393,5038050.77516326,-100081.2999292466,52.51629044709,13.3906117872026,75.8659970753375,3.04765139636358,0
4261,test,1900,131783.599999951,1149251783.6,12,11,1,2,3783868.293413588,900787.3172685958,5038051.2272542175,-100091.07441642242,52.5162909164697,13.3906204619906,75.8622052616134,2.86198563631903,0
4262,test,1900,131783.799999951,1149251783.8,12,11,1,2,3783866.6142404955,900787.2221959785,5038051.1509326035,-100102.31115137921,52.516291528862,13.3906285876382,75.8584090159671,2.67185563810667,0
4263,test,1900,131783.999999951,1149251784.0,12,11,1,2,3783864.5415075105,900789.1239117153,5038048.0909699835,-100115.25881256636,52.5162919372382,13.3906361625451,75.8546081687269,2.48146665190814,0
4264,test,1900,131784.199999951,1149251784.2,12,11,1,2,3783859.6459305324,900789.3336132017,5038048.992590382,-100126.64843095551,52.5162923356987,13.3906431883145,75.8508022437893,2.29627078374606,0
4265,test,1900,131784.399999951,1149251784.4,12,11,1,2,3783856.7031743224,900790.400664728,5038047.269492799,-100139.85596018615,52.5162927899702,13.3906496711323,75.8469914756935,2.12505012195199,0
4266,test,1900,131784.599999951,1149251784.6,12,11,1,2,3783861.1108268998,900791.2653651211,5038047.408629007,-100147.66364488084,52.5162931292987,13.3906557024135,75.843175456792,1.98260137588188,0
4267,test,1900,131784.799999951,1149251784.8,13,12,1,2,3783867.6427174485,900787.8359505079,5038075.799560233,-100137.70915403019,52.5162935024494,13.3906613804284,75.8393537058354,1.87996890068972,0
4268,test,1900,131784.999999951,1149251785.0,13,12,1,2,3783870.353305398,900786.9257224648,5038078.512897046,-100145.37645152712,52.5162937426095,13.3906668052555,75.8355260099985,1.81981516762803,0
4269,test,1900,131785.199999951,1149251785.2,13,12,1,2,3783868.0631224336,900788.1183621663,5038079.260377469,-100155.72532440234,52.5162937981282,13.3906721131173,75.831691450654,1.79929747826208,0
4270,test,1900,131785.399999951,1149251785.4,13,12,1,2,3783867.4370767158,900788.2601847571,5038078.130304489,-100167.20587136204,52.516293951769,13.3906774215459,75.8278496425077,1.80845238211284,0
4271,test,1900,131785.599999951,1149251785.6,13,12,1,2,3783867.0879111346,900788.1418958643,5038079.707717598,-100177.66028133145,52.516294180229,13.3906827678661,75.824000259191,1.84234347721429,0
4272,test,1900,131785.799999951,1149251785.8,13,12,1,2,3783870.029618611,900787.1047544389,5038080.34766324,-100185.7769428823,52.5162941170007,13.3906882483205,75.820143164458,1.89936346550044,0
4273,test,1900,131785.999999951,1149251786.0,13,12,1,2,3783870.610715579,900789.3263972963,5038081.26737499,-100194.19133891909,52.5162938577771,13.390693914745,75.8162774768312,1.97653964998756,0
4274,test,1900,131786.199999951,1149251786.2,13,12,1,2,3783870.373603109,900789.2176533381,5038081.928715845,-100203.46680871013,52.5162934328857,13.3906997860378,75.8124027045811,2.0688844219207,0
4275,test,1900,131786.399999951,1149251786.4,13,12,1,2,3783870.066296503,900788.9019015688,5038084.349304676,-100212.40791417629,52.516292835109,13.3907058992626,75.8085182557602,2.16972358168661,0
4276,test,1900,131786.599999951,1149251786.6,13,12,1,2,3783868.1844496536,900788.5228900579,5038082.793382398,-100224.42215883895,52.516291984626,13.3907122321689,75.8046236676874,2.27062910580676,0
4277,test,1900,131786.799999951,1149251786.8,14,13,1,2,3783878.7637059935,900785.3312810819,5038089.875047202,-100224.74598317132,52.5162906308002,13.3907187175915,75.8007186311951,2.36832752634241,0
4278,test,1900,131786.999999951,1149251787.0,14,13,1,2,3783879.77721991,900783.2669646621,5038091.117542053,-100234.15137722944,52.516289021907,13.3907252765833,75.7968027435899,2.46341086637757,0
4279,test,1900,131787.199999951,1149251787.2,14,13,1,2,3783879.379457466,900782.6296673912,5038092.722742521,-100242.86953695866,52.5162870540221,13.3907318427806,75.7928757028722,2.55794194254229,0
4280,test,1900,131787.399999951,1149251787.4,14,13,1,2,3783879.2052331017,900783.0801383004,5038092.18937507,-100253.3348633845,52.5162847426707,13.3907383045243,75.7889370273132,2.65294662975795,0
4281,test,1900,131787.599999951,1149251787.6,15,13,1,2,3783883.598237969,900783.5166124998,5038090.391673906,-100262.98466180255,52.516281839546,13.3907446109516,75.784986296926,2.74869251960427,0
4282,test,1900,131787.799999951,1149251787.8,15,13,1,2,3783882.1100765266,900781.7099941971,5038090.951397546,-100274.26981556253,52.5162784442822,13.3907506952203,75.7810231510189,2.84520154453425,0
4283,test,1900,131787.999999951,1149251788.0,14,12,1,2,3783882.4853189215,900779.0715911548,5038094.322022734,-100282.63182558949,52.5162746667383,13.3907564043233,75.7770468824423,2.938398641074,0
4284,test,1900,131788.199999951,1149251788.2,14,12,1,2,3783881.7655361462,900779.4480898984,5038092.768634029,-100293.840793751,52.5162705261368,13.3907616451458,75.7730572195353,3.0224224417339,0
4285,test,1900,131788.399999951,1149251788.4,14,12,1,2,3783881.24080452,900779.7175549831,5038091.015650417,-100304.98330446625,52.516266096642,13.390766368613,75.7690537956815,3.09497259953997,0
4286,test,1900,131788.599999951,1149251788.6,14,12,1,2,3783884.177271332,900781.8139177167,5038088.913401133,-100313.70965730505,52.5162612246502,13.3907705552947,75.7650359469343,3.15844351362939,0
4287,test,1900,131788.799999951,1149251788.8,13,12,1,2,3783888.9567083633,900782.8004021881,5038088.80776778,-100320.62623591171,52.5162560351927,13.3907742483796,75.761003078555,3.21654975319733,0
4288,test,1900,131788.999999951,1149251789.0,11,11,1,2,3783886.7364790738,900785.7335359822,5038075.787325897,-100340.29903446494,52.5162506454947,13.3907774705922,75.756954753807,3.27410482995074,0
4289,test,1900,131789.199999951,1149251789.2,12,11,1,2,3783887.5904303663,900783.8980245609,5038080.021875731,-100348.27075718158,52.5162450501089,13.390780341429,75.7528900678481,3.33460488891418,0
4290,test,1900,131789.399999951,1149251789.4,14,13,1,2,3783891.7999759195,900784.5401912022,5038088.029855134,-100351.73077790895,52.5162392794366,13.3907829311336,75.7488082549752,3.40042906239038,0
4291,test,1900,131789.599999951,1149251789.6,15,14,1,2,3783892.739349327,900788.1542177085,5038082.175522355,-100364.12255126519,52.51623328957,13.3907853060487,75.7447088376751,3.47186191858619,0
4292,test,1900,131789.799999951,1149251789.8,15,14,1,2,3783891.3236323544,900789.7878416603,5038080.401280481,-100375.96437952077,52.5162274072396,13.3907875123648,75.7405908607778,3.54689052470872,0
4293,test,1900,131789.999999951,1149251790.0,12,12,1,2,3783894.4398681275,900786.7167495984,5038085.089431502,-100380.97144689353,52.5162212824691,13.3907896073252,75.7364538122858,3.62089136530166,0
4294,test,1900,131790.199999951,1149251790.2,10,10,1,2,3783894.357312414,900790.9703525505,5038074.320423816,-100400.36949670735,52.5162148050315,13.3907916244401,75.7322973623533,3.68717844181939,0
4295,test,1900,131790.399999951,1149251790.4,12,11,1,2,3783893.754366953,900793.0008915202,5038074.772833927,-100411.08480664833,52.5162084308957,13.39079356659,75.7281208904896,3.73984185134509,0
4296,test,1900,131790.599999951,1149251790.6,13,12,1,2,3783892.564021992,900796.0905699135,5038070.645761434,-100424.32716983763,52.5162018853153,13.390795458993,75.7239237169226,3.7764858244481,0
4297,test,1900,131790.799999951,1149251790.8,14,13,1,2,3783893.779589733,900798.9998243484,5038069.9829536835,-100433.92212757395,52.5161953623316,13.3907973146478,75.7197056780516,3.80067692257483,0
4298,test,1900,131790.999999951,1149251791.0,14,13,1,2,3783892.293136813,900800.1238387693,5038067.754567215,-100446.2161645199,52.5161891377563,13.390798488742,75.7154661201805,3.82283442940576,0
4299,test,1900,131791.199999951,1149251791.2,13,13,1,2,3783896.214707674,900791.6310307671,5038077.243643688,-100447.77488352358,52.5161824637613,13.3908003825208,75.711204855832,3.85730125304443,0
4300,test,1900,131791.399999951,1149251791.4,14,14,1,2,3783893.149006499,900796.1572699975,5038073.792008927,-100461.89684006185,52.5161757629815,13.3908023015402,75.7069216123969,3.91647848249572,0
4301,test,1900,131791.599999951,1149251791.6,13,13,1,2,3783898.5696865614,900794.9649961432,5038077.053454241,-100467.57635555451,52.5161688383264,13.3908042845414,75.7026160856016,4.00915202634423,0
4302,test,1900,131791.799999952,1149251791.8,12,12,1,2,3783903.255812858,900794.2449928549,5038092.232776939,-100466.94743026412,52.5161618399982,13.3908063613387,75.6982878700986,4.13632170146033,0
4303,test,1900,131791.999999952,1149251792.0,12,12,1,2,3783902.927905613,900793.059696157,5038095.642520533,-100475.07530163252,52.5161542741204,13.3908085492978,75.6939367557283,4.2899365935327,0
4304,test,1900,131792.199999952,1149251792.2,11,11,1,2,3783903.2009899616,900792.3673640346,5038093.33912759,-100486.92448198253,52.5161466257609,13.3908108427296,75.6895627280081,4.45648276237878,0
4305,test,1900,131792.399999952,1149251792.4,10,10,1,2,3783909.51107727,900787.9599300979,5038098.70918789,-100489.80685195315,52.5161386775788,13.390813211453,75.6851652013943,4.62068800849424,0
4306,test,1900,131792.599999952,1149251792.6,11,11,1,2,3783904.1766642565,900793.4416455548,5038094.523211925,-100505.45705998603,52.5161304433394,13.390815647198,75.6807446149665,4.76617554902263,0
4307,test,1900,131792.799999952,1149251792.8,11,11,1,2,3783904.9074554276,900793.5819285322,5038094.559977208,-100515.24477057585,52.5161219925334,13.3908181209612,75.6763007761797,4.8778716491426,0
4308,test,1900,131792.999999952,1149251793.0,11,11,1,2,3783907.0030806614,900793.6848007224,5038095.043916788,-100523.54708319751,52.5161133896133,13.3908205751908,75.6718347544545,4.94815399651596,0
4309,test,1900,131793.199999952,1149251793.2,11,11,1,2,3783906.8549711052,900794.9651569745,5038090.79566083,-100536.61229564835,52.5161046936249,13.3908229973028,75.6673470485917,4.97766037313567,0
4310,test,1900,131793.399999952,1149251793.4,12,12,1,2,3783903.360879442,900795.9671806487,5038088.628192426,-100549.7549050096,52.5160958546653,13.390825342037,75.6628375703384,4.97476651529369,0
4311,test,1900,131793.599999952,1149251793.6,11,11,1,2,3783902.715715875,900795.9381400474,5038084.583158039,-100562.60935203987,52.5160871065598,13.3908275703085,75.6583068783393,4.95401319136567,0
4312,test,1900,131793.799999952,1149251793.8,11,11,1,2,3783903.3506983314,900795.9751640062,5038086.497776572,-100570.43671651292,52.5160784873989,13.3908296695624,75.6537547947901,4.93095020911368,0
4313,test,1900,131793.999999952,1149251794.0,10,10,1,2,3783906.943953986,900800.2145083853,5038081.446626398,-100582.32240862973,52.5160698409905,13.3908316849822,75.6491817465689,4.91726025506397,0
4314,test,1900,131794.199999952,1149251794.2,10,10,1,2,3783903.606378384,900801.331136253,5038077.21069641,-100596.87947639315,52.516061204999,13.3908336020119,75.644587575637,4.9194238512419,0
4315,test,1900,131794.399999952,1149251794.4,11,11,1,2,3783905.724283138,900795.6857502164,5038084.411373063,-100600.81041836969,52.5160525591341,13.3908354513143,75.6399728607701,4.93871177351999,0
4316,test,1900,131794.599999952,1149251794.6,12,12,1,2,3783905.70812503,900795.7529676489,5038087.97806534,-100607.7010132774,52.5160437495631,13.3908372445788,75.6353378438553,4.97073049462064,0
4317,test,1900,131794.799999952,1149251794.8,13,11,1,2,3783903.587693756,900797.2072442885,5038086.747261464,-100619.64230955766,52.5160349459392,13.3908389911402,75.6306825171048,5.00778953144926,0
4318,test,1900,131794.999999952,1149251795.0,12,10,1,2,3783903.17857912,900799.1024071195,5038084.843143869,-100632.56994230147,52.5160261025858,13.3908406821506,75.6260073971164,5.04215293921658,0
4319,test,1900,131795.199999952,1149251795.2,11,10,1,2,3783904.0575474943,900800.1878021918,5038071.94985479,-100649.6070259261,52.516017015025,13.3908423286245,75.621312776678,5.06869775937473,0
4320,test,1900,131795.399999952,1149251795.4,10,9,1,2,3783905.6452390067,900798.628480547,5038070.594360166,-100661.07786779561,52.5160079699267,13.3908439198586,75.6165989406524,5.08666931377594,0
4321,test,1900,131795.599999952,1149251795.6,11,10,1,2,3783903.0124674374,900801.6152164534,5038071.172860177,-100672.44259916068,52.5159990278537,13.3908454692846,75.6118661894026,5.09822985304552,0
4322,test,1900,131795.799999952,1149251795.8,11,10,1,2,3783903.4782429077,900800.935398964,5038070.65813873,-100682.75276579444,52.5159900043732,13.3908469760227,75.6071149478655,5.1068838148212,0
4323,test,1900,131795.999999952,1149251796.0,9,8,1,2,3783902.0944975475,900802.5731392897,5038074.087447213,-100692.95730712079,52.5159810177511,13.3908484049166,75.6023453396587,5.11525755146898,0
4324,test,1900,131796.199999952,1149251796.2,10,9,1,2,3783909.2140504345,900800.2681239853,5038082.618375792,-100693.8927154074,52.5159719313911,13.3908498063466,75.5975575780774,5.12416859588414,0
4325,test,1900,131796.399999952,1149251796.4,11,10,1,2,3783918.573953199,900800.4011786558,5038085.240718144,-100696.14217815262,52.515962765247,13.3908511582778,75.592751988577,5.13141375778786,0
4326,test,1900,131796.599999952,1149251796.6,12,11,1,2,3783922.638802539,900800.9503196484,5038074.235008419,-100711.14906565739,52.5159535735475,13.390852513741,75.5879287842877,5.13097278834893,0
4327,test,1900,131796.799999952,1149251796.8,12,11,1,2,3783927.6401724126,900807.6527609916,5038070.395846613,-100720.6179534188,52.5159445374619,13.3908538734262,75.5830879627281,5.11449989160602,0
4328,test,1900,131796.999999952,1149251797.0,11,10,1,2,3783919.7410868434,900811.0551781805,5038062.463795845,-100741.07661817435,52.5159354613436,13.3908552367649,75.5782302269502,5.07573863083186,0
4329,test,1900,131797.199999952,1149251797.2,10,10,1,3,3783966.3650120576,900814.0106569875,5038079.687420032,-100716.34622974243,52.5159265690557,13.3908565981199,75.5733555054173,5.01391058518434,0
4330,test,1900,131797.399999952,1149251797.4,11,11,1,2,3783959.8646915103,900816.6430103518,5038076.403999826,-100733.769616019,52.5159176987665,13.3908580070699,75.5684640992187,4.9306899667781,0
4331,test,1900,131797.599999952,1149251797.6,10,10,1,2,3783958.907830415,900826.3056740419,5038066.81661365,-100746.89129281101,52.5159089902722,13.3908594677137,75.5635560442648,4.82815856728518,0
4332,test,1900,131797.799999952,1149251797.8,10,10,1,3,3783917.9070121353,900814.009086741,5038054.080226527,-100791.92402903749,52.5159005237755,13.3908609462851,75.5586318241834,4.71070417567744,0
4333,test,1900,131797.999999952,1149251798.0,10,10,1,2,3783910.956897034,900814.8704515086,5038037.734386046,-100816.31155661523,52.5158924474614,13.3908624368057,75.5536912937584,4.5835975242942,0
4334,test,1900,131798.199999952,1149251798.2,10,10,1,2,3783915.820375779,900817.4452989041,5038048.598088518,-100817.45572529011,52.5158844483562,13.3908639374862,75.548734499197,4.44983142828568,0
4335,test,1900,131798.399999952,1149251798.4,11,10,1,2,3783914.7579713566,900815.7751592395,5038044.546275389,-100830.57158235344,52.5158767915682,13.3908654158482,75.5437616421246,4.31004715845977,0
4336,test,1900,131798.599999952,1149251798.6,11,11,1,2,3783920.824550348,900814.1600360874,5038046.806724559,-100837.97179692826,52.5158692320045,13.3908669029989,75.5387728003002,4.16318054137371,0
4337,test,1900,131798.799999952,1149251798.8,11,11,1,2,3783925.763164496,900812.1275134754,5038050.203853364,-100843.74302790604,52.515862172972,13.390868317764,75.5337678801803,4.00860747383012,0
4338,test,1900,131798.999999952,1149251799.0,11,11,1,2,3783933.000518223,900813.2012936538,5038052.770897945,-100849.50457321135,52.5158553358821,13.3908696285338,75.5287471476264,3.84804505597743,0
4339,test,1900,131799.199999952,1149251799.2,11,11,1,2,3783928.6294615343,900814.9301365823,5038048.686875704,-100863.98902889845,52.5158486695023,13.3908707152454,75.5237108269837,3.68635357641061,0
4340,test,1900,131799.399999952,1149251799.4,11,11,1,2,3783934.3943367265,900812.3268932198,5038054.151072515,-100867.98219697448,52.5158423100826,13.3908715053837,75.5186587474095,3.53200808031508,0
4341,test,1900,131799.599999952,1149251799.6,11,11,1,3,3783907.7379519143,900821.9528296418,5038041.58477935,-100899.53165343941,52.5158361955428,13.3908719195653,75.5135911060673,3.39523450113641,0
4342,test,1900,131799.799999952,1149251799.8,10,10,1,2,3783901.368668633,900817.2094714353,5038011.44407908,-100932.43781526417,52.5158303825237,13.3908719190185,75.5085078575153,3.28383774088368,0
4343,test,1900,131799.999999952,1149251800.0,13,13,1,2,3783902.1242133467,900810.3377809003,5038040.868773181,-100926.70839262579,52.515824645872,13.3908714676912,75.5034092989904,3.20042131540496,0
4344,test,1900,131800.199999952,1149251800.2,12,11,1,2,3783885.06025495,900804.6329791454,5038041.013283952,-100948.76296792191,52.5158190334134,13.3908705358135,75.4982951443272,3.14345240636126,0
4345,test,1900,131800.399999952,1149251800.4,13,12,1,3,3783905.1952906335,900811.3077821167,5038037.555018754,-100946.9681520763,52.515813502682,13.3908690934831,75.493166074105,3.11064023020218,0
4346,test,1900,131800.599999952,1149251800.6,13,13,1,2,3783920.592845689,900804.0912894969,5038049.704586128,-100944.41992398133,52.5158081981294,13.3908671084251,75.488022236605,3.10161830672797,0
4347,test,1900,131800.799999952,1149251800.8,14,14,1,2,3783924.6496141064,900809.2992803907,5038046.891318515,-100952.08876699505,52.5158029751437,13.390864496503,75.4828641422114,3.11578363828782,0
4348,test,1900,131800.999999952,1149251801.0,14,14,1,2,3783923.8668379006,900809.0841220007,5038042.094537672,-100965.72116553111,52.5157977386043,13.3908612430622,75.4776921837267,3.15111048656611,0
4349,test,1900,131801.199999952,1149251801.2,14,14,1,2,3783916.496750773,900812.4579742963,5038034.097194599,-100984.66560264757,52.5157927229741,13.3908572948466,75.4725068295269,3.20445951946602,0
4350,test,1900,131801.399999952,1149251801.4,15,15,1,2,3783925.223756849,900811.3222278164,5038037.601354189,-100988.96855059975,52.5157878108705,13.3908526450801,75.4673085567935,3.27131536503409,0
4351,test,1900,131801.599999952,1149251801.6,15,15,1,2,3783930.64123748,900809.0440148734,5038041.470977988,-100994.64475288811,52.5157828401128,13.3908472462845,75.4620983257777,3.3468181698763,0
4352,test,1900,131801.799999952,1149251801.8,14,14,1,2,3783934.7667164193,900809.7134596909,5038042.590163668,-101001.86291702528,52.5157781205536,13.3908410108187,75.4568767901973,3.42815037692941,0
4353,test,1900,131801.999999952,1149251802.0,13,13,1,2,3783930.686268634,900810.831754082,5038024.056428405,-101025.69530727268,52.5157737230816,13.3908338444076,75.4516449343567,3.51671090695792,0
4354,test,1900,131802.199999952,1149251802.2,15,14,1,2,3783932.5241528465,900813.2499917572,5038041.395076998,-101024.3403034461,52.5157697117021,13.3908257795639,75.4464034883187,3.61550904839062,0
4355,test,1900,131802.399999952,1149251802.4,15,15,1,2,3783931.0806598295,900813.7430457174,5038041.052395947,-101035.55534661736,52.5157660602508,13.3908168061701,75.4411534878522,3.72480933039376,0
4356,test,1900,131802.599999952,1149251802.6,14,14,1,2,3783928.170205764,900814.1924794512,5038015.611609156,-101062.72287155631,52.5157630039338,13.3908069527323,75.435896029424,3.84279649663238,0
4357,test,1900,131802.799999952,1149251802.8,15,15,1,2,3783931.896096184,900813.415271057,5038038.775338244,-101055.8793362453,52.5157604062268,13.3907962984991,75.4306320914211,3.97018710902545,0
4358,test,1900,131802.999999952,1149251803.0,15,15,1,2,3783931.9560564044,900812.2126425556,5038043.516555437,-101063.58972079206,52.5157584525555,13.3907849403425,75.4253628902435,4.11052532199735,0
4359,test,1900,131803.199999952,1149251803.2,15,15,1,2,3783935.1935387696,900810.2398932242,5038048.486599412,-101070.26781830752,52.5157567124958,13.3907729497491,75.4200896890954,4.26740049832736,0
4360,test,1900,131803.399999952,1149251803.4,15,15,1,2,3783935.5837569474,900809.9407524272,5038046.777541192,-101080.52340812015,52.5157553977638,13.3907603381151,75.4148131057791,4.44118473163316,0
4361,test,1900,131803.599999952,1149251803.6,15,15,1,2,3783938.363947081,900807.9175692528,5038048.593202695,-101087.97722789817,52.5157540946811,13.3907471475038,75.4095347109535,4.6290817400047,0
4362,test,1900,131803.799999952,1149251803.8,14,14,1,2,3783940.413161876,900807.3650891139,5038049.027244263,-101096.85170532807,52.5157529311389,13.3907333528927,75.4042551639017,4.82347591769877,0
4363,test,1900,131803.999999952,1149251804.0,15,15,1,2,3783937.956130266,900806.2586065592,5038048.638333661,-101108.4716653891,52.5157517392441,13.3907189731308,75.3989757721771,5.01102367859747,0
4364,test,1900,131804.199999952,1149251804.2,15,15,1,2,3783936.2650787863,900806.1033892933,5038046.250879793,-101121.3973350839,52.5157507597708,13.390704059402,75.3936974940539,5.17250584938648,0
4365,test,1900,131804.399999952,1149251804.4,15,15,1,2,3783934.9620887064,900805.3288122738,5038044.53967019,-101132.90685964926,52.5157498277529,13.3906887213031,75.388421341396,5.28466287827685,0
4366,test,1900,131804.599999952,1149251804.6,14,14,1,2,3783934.748096736,900803.1357791123,5038048.1398019465,-101141.87444073638,52.5157489904432,13.3906731175328,75.3831488236687,5.32974267158018,0
4367,test,1900,131804.799999952,1149251804.8,14,14,1,2,3783933.1750129727,900800.5302418795,5038049.310997452,-101152.20163451089,52.5157483091604,13.390657472017,75.3778811036946,5.30498386300839,0
4368,test,1900,131804.999999952,1149251805.0,15,15,1,2,3783935.472100873,900803.3417001872,5038047.019875965,-101162.40958752431,52.5157476489265,13.3906419761454,75.3726193004301,5.22655938687047,0
4369,test,1900,131805.199999952,1149251805.2,13,13,1,2,3783919.5636258484,900806.410890059,5038013.056286948,-101200.77154993253,52.5157470389111,13.3906267591265,75.3673648180278,5.11458371426739,0
4370,test,1900,131805.399999952,1149251805.4,15,15,1,3,3783938.180764845,900800.7607033894,5038050.28338656,-101179.24206034839,52.5157465938152,13.3906119090209,75.3621184878698,4.98436307314501,0
4371,test,1900,131805.599999952,1149251805.6,14,14,1,2,3783937.0506383292,900797.5276913351,5038055.5413125185,-101187.07715714812,52.5157460141254,13.3905974479281,75.3568815319925,4.84556727947564,0
4372,test,1900,131805.799999952,1149251805.8,14,14,1,2,3783924.1692212564,900802.1220762122,5038044.651325395,-101209.45649620752,52.515745331938,13.3905834117129,75.3516549569946,4.70269573510477,0
4373,test,1900,131805.999999952,1149251806.0,13,13,1,2,3783939.9135552268,900794.4960167776,5038056.907465017,-101208.67247854987,52.5157449972634,13.3905697868872,75.3464401268757,4.55717064143757,0
4374,test,1900,131806.199999952,1149251806.2,12,12,1,2,3783937.8381181345,900791.0632172091,5038056.747261933,-101220.18557856158,52.515744499503,13.3905566078945,75.3412379427218,4.40794767794674,0
4375,test,1900,131806.399999952,1149251806.4,15,15,1,2,3783935.4781844188,900793.0402210243,5038055.671580658,-101229.23570241423,52.5157438930104,13.3905438815528,75.336049645027,4.25464009156636,0
4376,test,1900,131806.599999952,1149251806.6,15,15,1,2,3783934.376044301,900793.6244295435,5038053.58972356,-101240.77332196901,52.5157433543511,13.3905316124685,75.33087657436,4.09656825812158,0
4377,test,1900,131806.799999952,1149251806.8,15,15,1,2,3783935.574929054,900792.5216813749,5038055.08325657,-101249.46170682945,52.515742973108,13.3905197953748,75.3257198142428,3.93327836989014,0
4378,test,1900,131806.999999952,1149251807.0,15,15,1,2,3783933.29511441,900790.8804631291,5038053.979693074,-101260.72676536375,52.5157425725616,13.3905084872621,75.3205811025596,3.76729887400974,0
4379,test,1900,131807.199999952,1149251807.2,14,14,1,2,3783931.0948310755,900790.1418767524,5038027.431192503,-101288.96679516335,52.5157421208165,13.3904976537398,75.3154612902974,3.60499989432858,0
4380,test,1900,131807.399999952,1149251807.4,15,15,1,2,3783934.3820753475,900789.3522767317,5038054.524872061,-101280.66559201956,52.515741741404,13.390487270178,75.3103616796738,3.45496658578675,0
4381,test,1900,131807.599999952,1149251807.6,14,14,1,2,3783934.8410842884,900787.7518361225,5038057.315978485,-101289.75272529431,52.5157413599468,13.3904772998509,75.3052835481908,3.32371617560795,0
4382,test,1900,131807.799999952,1149251807.8,14,14,1,2,3783934.3579962896,900785.5012040746,5038058.581306455,-101300.4614571239,52.5157410272463,13.3904676906861,75.3002279581525,3.21263833763774,0
4383,test,1900,131807.999999952,1149251808.0,15,14,1,2,3783934.6502307774,900784.7825920243,5038060.325454242,-101309.58080954076,52.515740788366,13.3904583937538,75.2951965553774,3.11831280275435,0
4384,test,1900,131808.199999952,1149251808.2,14,13,1,2,3783927.3023258075,900788.1071578977,5038053.009079108,-101327.83605457672,52.515740522795,13.3904493456887,75.2901903704929,3.03270293908967,0
4385,test,1900,131808.399999952,1149251808.4,14,13,1,2,3783936.9106286573,900785.2429220645,5038060.118637082,-101331.51892650742,52.5157402379839,13.3904405494969,75.2852107813296,2.94644096130522,0
4386,test,1900,131808.599999952,1149251808.6,13,13,1,2,3783930.6114057093,900785.2039598217,5038026.921273552,-101364.26528228282,52.5157401029469,13.3904320089569,75.2802594855539,2.85162840654181,0
4387,test,1900,131808.799999952,1149251808.8,14,14,1,2,3783934.849720721,900782.3902234694,5038062.919843917,-101350.49184304464,52.5157397586665,13.3904237710154,75.275337966704,2.74544092296479,0
4388,test,1900,131808.999999953,1149251809.0,14,14,1,2,3783935.316980092,900780.7792246995,5038062.959981326,-101359.491255444,52.5157395922584,13.3904158494703,75.2704479063244,2.63378541062683,0
4389,test,1900,131809.199999953,1149251809.2,14,14,1,2,3783933.9668923053,900781.6375848966,5038059.58204908,-101371.41651646921,52.5157393647994,13.3904082593645,75.2655906994494,2.52921145406942,0
4390,test,1900,131809.399999953,1149251809.4,15,15,1,2,3783936.4451561603,900783.7227953912,5038058.699248235,-101379.93511370366,52.5157391489697,13.3904009455125,75.260768013749,2.44593163577046,0
4391,test,1900,131809.599999953,1149251809.6,15,15,1,2,3783938.166700531,900784.0042591302,5038060.691044223,-101389.07648314901,52.5157389457714,13.39039382588,75.2559812679445,2.39263255324678,0
4392,test,1900,131809.799999953,1149251809.8,15,15,1,2,3783940.0851464975,900781.8730148149,5038061.48303581,-101399.5782452409,52.5157385520357,13.3903868450641,75.2512321359512,2.37087026441487,0
4393,test,1900,131809.999999953,1149251810.0,15,15,1,2,3783939.6542178607,900782.6340494301,5038061.210132255,-101410.20269028732,52.5157384114911,13.3903798911657,75.2465220609339,2.37912215820034,0
4394,test,1900,131810.199999953,1149251810.2,14,14,1,2,3783931.751389408,900784.3959356748,5038057.805699204,-101425.568068107,52.5157381559195,13.3903728678574,75.2418529092287,2.41681382374262,0
4395,test,1900,131810.399999953,1149251810.4,15,15,1,2,3783938.0022622445,900782.1499941443,5038062.398707627,-101429.73312545197,52.5157376388226,13.3903657102524,75.2372262855238,2.48493616252757,0
4396,test,1900,131810.599999953,1149251810.6,14,14,1,2,3783934.0293252505,900782.7939793938,5038023.7738367235,-101465.50607674505,52.5157370353087,13.3903583268994,75.2326438111929,2.58509022398131,0
4397,test,1900,131810.799999953,1149251810.8,14,14,1,2,3783933.689048568,900783.1243477779,5038022.012922756,-101476.98119288584,52.5157363167878,13.3903506201204,75.228107279697,2.71800639488363,0
4398,test,1900,131810.999999953,1149251811.0,15,15,1,2,3783938.7200692524,900779.3818801102,5038060.01274207,-101462.47188293273,52.5157354204656,13.3903425145065,75.2236182444901,2.88124685950914,0
4399,test,1900,131811.199999953,1149251811.2,15,15,1,2,3783938.816049691,900779.2558930742,5038058.221538737,-101474.03699105144,52.5157344823426,13.3903339219973,75.2191784282896,3.06627893585931,0
4400,test,1900,131811.399999953,1149251811.4,15,15,1,2,3783939.6652263836,900777.6022617208,5038058.632285843,-101484.09009971502,52.5157333117603,13.3903248129338,75.2147895539904,3.25912403385877,0
4401,test,1900,131811.599999953,1149251811.6,16,15,1,2,3783938.9773040833,900776.9164206093,5038059.996956433,-101494.24124474353,52.5157319941893,13.3903151520183,75.2104530085866,3.44442422870685,0
4402,test,1900,131811.799999953,1149251811.8,15,14,1,2,3783934.2402656404,900777.6276582467,5038025.300667564,-101528.63643498646,52.5157306510063,13.3903050071551,75.2061707937955,3.61162303330187,0
4403,test,1900,131811.999999953,1149251812.0,15,15,1,2,3783938.0669972813,900776.4711991819,5038058.412136838,-101516.63253895639,52.5157292399032,13.3902944085528,75.2019448225585,3.75815223147952,0
4404,test,1900,131812.199999953,1149251812.2,15,15,1,2,3783939.503875749,900776.315831474,5038060.013787533,-101524.68038802053,52.5157278569526,13.3902833939488,75.1977764073799,3.88865414208534,0
4405,test,1900,131812.399999953,1149251812.4,14,14,1,2,3783939.108036242,900774.6311971862,5038062.244735352,-101535.5473795805,52.5157265244636,13.3902719800999,75.1936671856813,4.01016699923106,0
4406,test,1900,131812.599999953,1149251812.6,15,15,1,2,3783940.6567317466,900774.2177333627,5038062.803839066,-101543.7115631776,52.5157252658236,13.3902601876372,75.1896185087054,4.12803421089715,0
4407,test,1900,131812.799999953,1149251812.8,13,13,1,2,3783928.8865948846,900777.5041798785,5038024.707040499,-101582.0780548032,52.5157239572187,13.39024802402,75.1856316674281,4.24416448404355,0
4408,test,1900,131812.999999953,1149251813.0,15,15,1,2,3783938.609069038,900774.7699477061,5038060.760019371,-101564.94450026561,52.5157227496796,13.3902355010356,75.1817079006118,4.35804734864464,0
4409,test,1900,131813.199999953,1149251813.2,14,14,1,2,3783933.068904164,900775.2419450349,5038025.055820295,-101599.50029182057,52.5157217272673,13.390222610461,75.1778483038064,4.46694411205967,0
4410,test,1900,131813.399999953,1149251813.4,15,15,1,2,3783939.0850585825,900772.393946765,5038061.48889702,-101584.76477982571,52.5157207751997,13.3902093890244,75.1740540375854,4.56728213617648,0
4411,test,1900,131813.599999953,1149251813.6,13,13,1,2,3783930.8011928126,900773.9403344156,5038021.644598394,-101622.97277289158,52.5157199921649,13.390195861481,75.1703259326713,4.65553345199186,0
4412,test,1900,131813.799999953,1149251813.8,15,15,1,2,3783939.859446008,900771.7789065173,5038059.396324481,-101605.81624135208,52.5157192646789,13.3901820891059,75.1666646749861,4.72813485559822,0
4413,test,1900,131813.999999953,1149251814.0,14,14,1,2,3783940.5236929418,900770.675316038,5038059.75714833,-101615.52008723229,52.5157186569171,13.3901681119813,75.1630710167914,4.77937660958045,0
4414,test,1900,131814.199999953,1149251814.2,14,14,1,2,3783935.143142604,900768.3033869859,5038057.093006297,-101629.61908026658,52.5157181961608,13.3901540178554,75.1595455024111,4.80555738272393,0
4415,test,1900,131814.399999953,1149251814.4,14,14,1,2,3783932.1043848386,900770.1961224581,5038019.107871327,-101665.33707716264,52.5157176606197,13.3901398661542,75.1560886850956,4.80910200231721,0
4416,test,1900,131814.599999953,1149251814.6,13,13,1,2,3783933.4732010667,900767.3184318641,5038022.29636029,-101673.81621096055,52.5157171436452,13.3901257339105,75.1527006085857,4.79933260787077,0
4417,test,1900,131814.799999953,1149251814.8,13,13,1,2,3783933.254280008,900766.5318258699,5038022.902084417,-101683.25702373391,52.5157166538484,13.3901116315421,75.1493817923368,4.78805489824131,0
4418,test,1900,131814.999999953,1149251815.0,15,15,1,2,3783940.6065586344,900764.4854653941,5038058.116948708,-101667.90622062176,52.5157160534522,13.3900975591928,75.1461318439662,4.78640166588484,0
4419,test,1900,131815.199999953,1149251815.2,14,14,1,2,3783941.0421939073,900763.5377850664,5038057.694305125,-101679.5922793084,52.515715433613,13.3900834709772,75.1429505744743,4.80161314377157,0
4420,test,1900,131815.399999953,1149251815.4,14,14,1,2,3783939.9762724163,900762.8284041336,5038056.16918531,-101692.24968480103,52.5157147109502,13.3900693072822,75.1398376700505,4.83528670041391,0
4421,test,1900,131815.599999953,1149251815.6,13,13,1,2,3783937.5041507073,900761.3711349816,5038024.452443419,-101723.48859023264,52.5157139844395,13.390055030494,75.1367927094186,4.88418286479472,0
4422,test,1900,131815.799999953,1149251815.8,15,15,1,2,3783943.7940895604,900761.1242628944,5038058.629702254,-101709.63432759319,52.5157131764319,13.3900409717659,75.1338150581893,4.93832662708697,0
4423,test,1900,131815.999999953,1149251816.0,14,14,1,2,3783940.4243976893,900761.6737311681,5038056.34740544,-101722.42113149578,52.5157125336961,13.390026379008,75.1309039692352,4.99082018052895,0
4424,test,1900,131816.199999953,1149251816.2,14,14,1,2,3783937.857196499,900760.5652042448,5038054.332961115,-101734.54209908085,52.5157117318312,13.3900116563205,75.128058660275,5.03272423099216,0
4425,test,1900,131816.399999953,1149251816.4,13,13,1,2,3783936.365497801,900757.6188487291,5038056.7427563565,-101745.14310530883,52.5157110041788,13.3899968364176,75.1252781034359,5.0544837854201,0
4426,test,1900,131816.599999953,1149251816.6,11,11,1,3,3783906.8544922946,900756.0349221027,5038005.926458397,-101801.97693053306,52.5157103063702,13.3899819874981,75.1225612684819,5.04787057506996,0
4427,test,1900,131816.799999953,1149251816.8,12,12,1,2,3783908.3167846976,900752.3220894659,5038044.028268855,-101788.39135707646,52.5157096831067,13.3899671913655,75.1199066389902,5.00853494303212,0
4428,test,1900,131816.999999953,1149251817.0,13,13,1,2,3783922.960697171,900756.3225937211,5038045.994523206,-101788.51368901593,52.5157091336506,13.3899525502481,75.1173104946272,4.94103450000571,0
4429,test,1900,131817.199999953,1149251817.2,15,15,1,3,3783940.932564093,900754.4051860631,5038054.051332697,-101785.24496495392,52.5157085200898,13.3899381333769,75.1147712605675,4.85554190464924,0
4430,test,1900,131817.399999953,1149251817.4,13,13,1,2,3783934.821186889,900753.206952254,5038015.835594783,-101822.88023215791,52.5157079838867,13.3899239737809,75.1122874598394,4.76483757595643,0
4431,test,1900,131817.599999953,1149251817.6,14,14,1,2,3783938.392707827,900751.6156121384,5038052.793351001,-101809.29068104978,52.5157075017834,13.389910076369,75.1098576316191,4.68112240396107,0
4432,test,1900,131817.799999953,1149251817.8,14,14,1,2,3783939.956559137,900749.8373544216,5038053.34109727,-101819.37904457266,52.5157071955218,13.3898963891631,75.107479960273,4.61533087643265,0
4433,test,1900,131817.999999953,1149251818.0,14,13,1,2,3783935.747706851,900751.5794571533,5038014.346725188,-101855.16805230784,52.5157068945554,13.3898828580956,75.1051528038873,4.5759881373134,0
4434,test,1900,131818.199999953,1149251818.2,15,14,1,2,3783938.8257230488,900751.4665633292,5038016.836046958,-101862.47816323103,52.5157067099063,13.3898693853307,75.1028739788035,4.5672651389391,0
4435,test,1900,131818.399999953,1149251818.4,15,14,1,2,3783938.538598066,900750.85713696,5038049.202725998,-101853.03213330908,52.5157066819892,13.3898558875728,75.100641683671,4.58739534970094,0
4436,test,1900,131818.599999953,1149251818.6,16,15,1,2,3783945.9004380517,900751.5592765963,5038050.367098785,-101858.39607763095,52.5157066832587,13.3898423061692,75.0984536026689,4.63104479111666,0
4437,test,1900,131818.799999953,1149251818.8,15,14,1,2,3783941.273141583,900751.7097962272,5038014.337584601,-101893.29453954136,52.5157066895724,13.389828566101,75.0963074129963,4.69093572115733,0
4438,test,1900,131818.999999953,1149251819.0,16,15,1,2,3783947.3402636424,900750.106221072,5038052.091488224,-101878.23335028096,52.5157066748972,13.3898146370343,75.0942009225116,4.75949254295564,0
4439,test,1900,131819.199999953,1149251819.2,14,14,1,2,3783946.8334312923,900747.656999743,5038052.496841981,-101888.68162023363,52.5157065681253,13.3898005040111,75.0921316156568,4.83128460842373,0
4440,test,1900,131819.399999953,1149251819.4,15,14,1,2,3783947.2152566058,900746.0392969709,5038052.394241167,-101899.48421283823,52.515706553433,13.389786157079,75.0900968797268,4.9037614105879,0
4441,test,1900,131819.599999953,1149251819.6,16,15,1,2,3783947.234304291,900747.1672580914,5038051.098215013,-101909.950882335,52.515706491002,13.3897715919522,75.0880940339605,4.97537123913534,0
4442,test,1900,131819.799999953,1149251819.8,16,15,1,2,3783949.4782881215,900746.0534264689,5038052.912788793,-101918.3710852312,52.5157063378975,13.3897568251925,75.0861202579849,5.04499738287093,0
4443,test,1900,131819.999999953,1149251820.0,15,14,1,2,3783944.080909159,900745.6632115971,5038019.4009091975,-101950.72653983794,52.5157060967435,13.3897418509303,75.084172489369,5.11170546525986,0
4444,test,1900,131820.199999953,1149251820.2,17,15,1,2,3783949.2676735423,900744.940256605,5038050.624279778,-101940.08353851046,52.5157058671375,13.3897266935437,75.0822480285458,5.17338304746139,0
4445,test,1900,131820.399999953,1149251820.4,16,14,1,2,3783950.1731434935,900743.9298185558,5038049.199906561,-101951.09569505863,52.5157055408074,13.389711365252,75.0803436318288,5.22617510131604,0
4446,test,1900,131820.599999953,1149251820.6,16,14,1,2,3783951.365564606,900742.0272981166,5038050.152537604,-101961.39464990869,52.5157050596608,13.3896959055669,75.0784560038697,5.26586370361654,0
4447,test,1900,131820.799999953,1149251820.8,17,15,1,2,3783956.8198203174,900740.7311673374,5038051.949454832,-101967.65988928462,52.515704594705,13.3896803650332,75.076582163791,5.28930850842097,0
4448,test,1900,131820.999999953,1149251821.0,16,14,1,2,3783954.085642647,900740.6886042361,5038049.285774902,-101979.8834718266,52.5157038995617,13.3896647963483,75.0747184291454,5.29272679005629,0
4449,test,1900,131821.199999953,1149251821.2,15,13,1,2,3783948.3377713067,900739.4965287163,5038046.090812688,-101995.6464443462,52.5157031213727,13.3896492595551,75.072861747725,5.27188773921173,0
4450,test,1900,131821.399999953,1149251821.4,16,15,1,2,3783959.8961503934,900738.3434131736,5038051.826016837,-101997.69638211968,52.5157022337651,13.3896338306315,75.0710085733178,5.22583088825355,0
4451,test,1900,131821.599999953,1149251821.6,13,12,1,2,3783949.414521652,900736.9654820738,5038015.762828761,-102035.5592188894,52.515701262459,13.3896185775925,75.0691550060394,5.15810379877623,0
4452,test,1900,131821.799999953,1149251821.8,14,13,1,2,3783957.935352012,900734.8881515586,5038050.893808388,-102021.28959372218,52.5157004359263,13.3896035534001,75.0672976171479,5.07568483903679,0
4453,test,1900,131821.999999953,1149251822.0,15,13,1,2,3783956.0341974515,900733.1342424448,5038020.67538109,-102050.9821628725,52.5156992959831,13.3895895277239,75.0654327137326,4.98861514806147,0
4454,test,1900,131822.199999953,1149251822.2,16,14,1,2,3783957.7885217094,900731.9095381271,5038051.161041817,-102041.24984503536,52.5156983558892,13.3895750140455,75.0635562465386,4.90841405885779,0
4455,test,1900,131822.399999953,1149251822.4,13,13,1,2,3783949.069421108,900731.7958992646,5038019.153056372,-102075.39565601545,52.5156974544506,13.3895607034916,75.0616643734427,4.84232378220563,0
4456,test,1900,131822.599999953,1149251822.6,16,15,1,2,3783959.3486923766,900732.8182448817,5038050.454176035,-102061.71586395016,52.5156965148582,13.3895465718033,75.0597530919619,4.7958776312109,0
4457,test,1900,131822.799999953,1149251822.8,15,15,1,2,3783959.480664995,900732.7298022276,5038047.6656021215,-102072.94785567485,52.5156956897749,13.3895325342894,75.057818478077,4.76966874555741,0
4458,test,1900,131822.999999953,1149251823.0,16,15,1,2,3783959.4697778937,900731.4228514015,5038046.61214931,-102083.85197732737,52.5156948282729,13.3895185532708,75.0558564326684,4.75821846646814,0
4459,test,1900,131823.199999953,1149251823.2,16,14,1,2,3783958.223485976,900727.7408229922,5038049.5687918365,-102093.964800667,52.5156940098454,13.3895045894794,75.0538630661057,4.75026932147259,0
4460,test,1900,131823.399999953,1149251823.4,16,15,1,2,3783960.599394076,900728.6819033958,5038048.863680109,-102103.1237515992,52.5156932108656,13.3894906596132,75.0518344706914,4.73328189646358,0
4461,test,1900,131823.599999953,1149251823.6,16,15,1,2,3783960.8747455594,900727.8860212186,5038049.154729891,-102113.38756866445,52.5156924362173,13.3894768027453,75.0497671798248,4.69803874469435,0
4462,test,1900,131823.799999953,1149251823.8,16,15,1,2,3783961.14206002,900727.168218637,5038049.588065749,-102123.81774488825,52.5156916856673,13.389463072728,75.047657624253,4.64280071730171,0
4463,test,1900,131823.999999953,1149251824.0,16,14,1,2,3783961.908706906,900726.2316702828,5038049.518900542,-102133.37526530666,52.5156909785923,13.3894495393195,75.0455022217246,4.57232295914435,0
4464,test,1900,131824.199999953,1149251824.2,16,15,1,2,3783962.1515691574,900724.7351034461,5038051.851035625,-102141.79857575375,52.5156902214654,13.3894362167881,75.0432980884109,4.49397781531564,0
4465,test,1900,131824.399999953,1149251824.4,15,15,1,2,3783963.6357619236,900723.5620780693,5038050.891130669,-102151.98564646376,52.5156895637034,13.3894231337995,75.0410420548658,4.41395015840465,0
4466,test,1900,131824.599999953,1149251824.6,14,14,1,2,3783963.1225701896,900722.2504922145,5038052.1398156425,-102162.51214830992,52.5156888414228,13.389410289336,75.038731538827,4.33438710086043,0
4467,test,1900,131824.799999953,1149251824.8,16,15,1,2,3783963.0847683814,900721.5252994107,5038053.323742894,-102172.05409395794,52.5156880699573,13.3893976775245,75.0363639905533,4.2527050924443,0
4468,test,1900,131824.999999953,1149251825.0,16,15,1,2,3783963.4810075755,900721.029154684,5038053.49131322,-102182.56558665352,52.5156873872638,13.3893853173344,75.0339372456678,4.16189889703728,0
4469,test,1900,131825.199999953,1149251825.2,16,15,1,2,3783962.800017713,900721.2967105149,5038052.440644696,-102193.96432638296,52.5156866257625,13.3893732641144,75.0314497616915,4.05100650074372,0
4470,test,1900,131825.399999953,1149251825.4,16,15,1,2,3783963.900081211,900722.7239044138,5038055.03817607,-102202.29886648958,52.5156858964935,13.3893615816566,75.0289000758353,3.90860731220966,0
4471,test,1900,131825.599999953,1149251825.6,16,15,1,2,3783965.2815862657,900721.3716944229,5038058.252382224,-102210.23218869153,52.515685161123,13.3893503752865,75.0262870944912,3.72836855503845,0
4472,test,1900,131825.799999953,1149251825.8,16,14,1,2,3783961.243244754,900722.05200068,5038030.156785806,-102239.51676655456,52.5156843490888,13.3893397577898,75.0236100898331,3.50963187226284,0
4473,test,1900,131825.999999953,1149251826.0,16,14,1,2,3783965.2992451666,900717.5996605407,5038062.772277449,-102228.9877529253,52.5156837224564,13.3893298331324,75.020868616904,3.25848849544866,0
4474,test,1900,131826.199999954,1149251826.2,16,14,1,2,3783964.3490871787,900715.4859202291,5038062.224416353,-102240.75395006315,52.5156829411437,13.3893206923824,75.0180626487853,2.98134964718055,0
4475,test,1900,131826.399999954,1149251826.4,15,15,1,2,3783966.2374388413,900715.0272917494,5038059.429781796,-102251.31339914909,52.5156823526932,13.3893123995981,75.015192385007,2.68281040490215,0
4476,test,1900,131826.599999954,1149251826.6,15,15,1,2,3783968.5986669725,900714.3618335315,5038059.952118356,-102260.35978381874,52.5156817834392,13.3893050037111,75.0122584735156,2.36894678774218,0
4477,test,1900,131826.799999954,1149251826.8,15,15,1,2,3783969.7710734056,900713.9231699824,5038059.651155315,-102270.72526793201,52.5156812929646,13.3892985540726,75.0092619169645,2.04702326390318,0
4478,test,1900,131826.999999954,1149251827.0,13,13,1,2,3783962.0928203324,900711.2936132449,5038053.401572445,-102289.89581398516,52.5156807587269,13.3892930355116,75.0062040134694,1.72790289298481,0
4479,test,1900,131827.199999954,1149251827.2,14,14,1,2,3783968.000008037,900709.7642310059,5038053.511881766,-102297.07701505102,52.5156803207882,13.3892884226135,75.0030862584226,1.42787682148287,0
4480,test,1900,131827.399999954,1149251827.4,15,14,1,2,3783965.848672541,900707.919236097,5038047.455512351,-102311.91905707294,52.5156799732334,13.3892846477728,74.9999107612408,1.16342713363135,0
4481,test,1900,131827.599999954,1149251827.6,16,15,1,2,3783970.0113280253,900710.7286989422,5038052.769073713,-102315.80942032058,52.5156766281435,13.3892917512276,74.9966799281826,0.944364694858369,0
4482,test,1900,131827.799999954,1149251827.8,15,14,1,2,3783966.1040329463,900708.7127242545,5038051.898274766,-102329.28155748505,52.5156763110534,13.38928925042,74.9933965170803,0.772214191604372,0
4483,test,1900,131827.999999954,1149251828.0,15,14,1,2,3783966.6771039614,900706.3061264151,5038053.7840665765,-102338.87387895508,52.5156760105304,13.3892872030715,74.9900636537236,0.643927229170804,0
4484,test,1900,131828.199999954,1149251828.2,15,14,1,2,3783965.719593506,900707.8331185832,5038047.788645662,-102353.74216173506,52.5156758883321,13.3892862821903,74.9866843133023,0.556401128217494,0
4485,test,1900,131828.399999954,1149251828.4,15,14,1,2,3783964.985566271,900709.2114026683,5038045.395867039,-102365.606095478,52.5156756525798,13.3892847272241,74.9832623195407,0.50636382120294,0
4486,test,1900,131828.599999954,1149251828.6,15,14,1,2,3783964.8486665473,900709.7863973755,5038043.72995971,-102376.73091050122,52.5156754965505,13.3892832757192,74.9798017232144,0.489042258033011,0
4487,test,1900,131828.799999954,1149251828.8,15,14,1,2,3783965.2204392604,900711.1706476555,5038048.534749536,-102383.65043749315,52.5156753573512,13.3892818189326,74.9763065810679,0.500418046269155,0
4488,test,1900,131828.999999954,1149251829.0,15,14,1,2,3783960.5462117204,900711.1304526909,5038050.8605960095,-102394.84372092618,52.5156751276712,13.3892803033839,74.9727814316881,0.53997165573342,0
4489,test,1900,131829.199999954,1149251829.2,15,14,1,2,3783958.814608615,900710.952700956,5038043.546599317,-102409.64118960866,52.5156749763305,13.389278623149,74.969231314885,0.60886141479564,0
4490,test,1900,131829.399999954,1149251829.4,15,14,1,2,3783956.034540594,900709.9366870222,5038041.504808946,-102423.33219046751,52.5156747204164,13.3892767118401,74.9656616579416,0.706479770865409,0
4491,test,1900,131829.599999954,1149251829.6,16,14,1,2,3783957.621778485,900712.5167571475,5038044.292865594,-102430.40118631527,52.5156744717088,13.3892744707549,74.9620782723098,0.830385822953464,0
4492,test,1900,131829.799999954,1149251829.8,15,13,1,2,3783954.6740376605,900707.4687258156,5038046.980324537,-102441.92619704406,52.5156742477285,13.3892718267655,74.9584877385497,0.978221757144068,0
4493,test,1900,131829.999999954,1149251830.0,16,14,1,2,3783956.287515358,900706.4290554579,5038048.567362948,-102451.55373502236,52.5156739354364,13.3892687205243,74.9548968487595,1.14520950222098,0
4494,test,1900,131830.199999954,1149251830.2,16,14,1,2,3783956.7445153794,900707.591724086,5038046.516234429,-102462.42217779283,52.5156736391107,13.3892651153406,74.951313190847,1.31847782730747,0
4495,test,1900,131830.399999954,1149251830.4,16,14,1,2,3783955.191793385,900707.7119767099,5038046.966972419,-102473.32881831499,52.5156732441139,13.3892610208235,74.947744607015,1.47951883477618,0
4496,test,1900,131830.599999954,1149251830.6,16,14,1,2,3783954.183834871,900707.0240059878,5038044.70157909,-102485.54446276583,52.5156728808771,13.3892564854158,74.9441990150614,1.61270928257122,0
4497,test,1900,131830.799999954,1149251830.8,16,14,1,2,3783954.9844908947,900706.5633986931,5038044.719022559,-102494.84229867421,52.5156724503985,13.3892516168746,74.9406849303799,1.71205575977698,0
4498,test,1900,131830.999999954,1149251831.0,16,14,1,2,3783953.1811304195,900705.9301149487,5038041.935845393,-102508.20583133551,52.5156719764643,13.3892465059574,74.9372115429639,1.78141638838599,0
4499,test,1900,131831.199999954,1149251831.2,16,14,1,2,3783955.2237852076,900706.9602049184,5038043.12263329,-102515.4623989874,52.5156714614931,13.3892412272247,74.9337887179051,1.82803493830746,0
4500,test,1900,131831.399999954,1149251831.4,15,13,1,2,3783951.200546561,900707.9968956171,5038042.901591086,-102527.71901207221,52.5156710139727,13.3892358397675,74.9304267572221,1.85654407596742,0
4501,test,1900,131831.599999954,1149251831.6,16,14,1,2,3783956.2628680244,900705.9374072875,5038044.176761151,-102534.77429798749,52.5156704304799,13.3892303943695,74.9271364730699,1.86992966641899,0
4502,test,1900,131831.799999954,1149251831.8,16,14,1,2,3783954.436280778,900707.1630313837,5038042.850204156,-102546.4457915449,52.5156698076466,13.389224931814,74.9239293481088,1.86979232488579,0
4503,test,1900,131831.999999954,1149251832.0,16,14,1,2,3783953.481122157,900706.761107994,5038039.841857999,-102558.9213156773,52.5156692713768,13.3892194847287,74.9208171977715,1.85673191192795,0
4504,test,1900,131832.199999954,1149251832.2,16,14,1,2,3783954.554311869,900707.8275965288,5038039.414481878,-102568.59578256674,52.5156687626347,13.3892140941489,74.9178126916014,1.8300098846059,0
4505,test,1900,131832.399999954,1149251832.4,15,13,1,2,3783950.0680991854,900705.0209661495,5038038.608889875,-102581.8928225578,52.5156683237922,13.3892088135673,74.9149285507981,1.78788435054412,0
4506,test,1900,131832.599999954,1149251832.6,16,14,1,2,3783952.4021496065,900705.6867796158,5038040.018062872,-102590.25997594399,52.5156677885498,13.3892036737665,74.9121784850682,1.72807145451139,0
4507,test,1900,131832.799999954,1149251832.8,14,13,1,2,3783949.925144008,900708.3571525313,5038011.766665744,-102618.43625378574,52.5156673782602,13.3891987378123,74.9095813590311,1.64719541437726,0
4508,test,1900,131832.999999954,1149251833.0,15,14,1,2,3783949.0817835596,900707.470840857,5038036.860859034,-102613.55461161248,52.5156668186175,13.3891940824384,74.9071569092581,1.5413046077949,0
4509,test,1900,131833.199999954,1149251833.2,15,14,1,2,3783944.4805258196,900705.8436203253,5038034.1792505635,-102628.1228239501,52.5156663618824,13.3891897731167,74.9049211636051,1.40868556882423,0
4510,test,1900,131833.399999954,1149251833.4,15,14,1,2,3783945.6448024986,900705.0222290604,5038035.601792062,-102636.91795594012,52.5156659747467,13.3891858927836,74.9028872075976,1.25215793570325,0
4511,test,1900,131833.599999954,1149251833.6,15,14,1,2,3783947.089800854,900705.5783656781,5038033.390798904,-102647.39306256323,52.5156656872014,13.389182494719,74.9010613681423,1.07800792580663,0
4512,test,1900,131833.799999954,1149251833.8,15,14,1,2,3783948.640350909,900705.0627479205,5038035.231506301,-102655.59964964529,52.5156654803789,13.3891796136133,74.8994446870943,0.894227191175697,0
4513,test,1900,131833.999999954,1149251834.0,15,14,1,2,3783946.613773341,900704.5755840571,5038035.84305017,-102666.32734404743,52.5156653714857,13.3891772667109,74.8980349213677,0.710952211518579,0
4514,test,1900,131834.199999954,1149251834.2,15,14,1,2,3783945.6130351494,900701.9625491548,5038037.818607386,-102676.15197407697,52.5156651571108,13.3891754463032,74.8968276368905,0.538954139044778,0
4515,test,1900,131834.399999954,1149251834.4,15,14,1,2,3783944.570808209,900702.843495567,5038039.238196611,-102685.82759598609,52.5156649688326,13.3891741134414,74.8958165868851,0.389018635084586,0
4516,test,1900,131834.599999954,1149251834.6,15,14,1,2,3783939.449479906,900699.0159402317,5038035.747363777,-102702.56889412033,52.5156648366917,13.3891731691723,74.894993352771,0.267512322748384,0
4517,test,1900,131834.799999954,1149251834.8,16,14,1,2,3783936.289816001,900698.8620149803,5038033.00776692,-102716.28728212332,52.5156648079812,13.3891725406504,74.8943456517412,0.172443393107379,0
4518,test,1900,131834.999999954,1149251835.0,16,14,1,2,3783934.6228071507,900698.3540666514,5038028.927918429,-102730.08141201126,52.515664747651,13.3891721441766,74.8938611807369,0.0978404932552201,1
4519,test,1900,131835.199999954,1149251835.2,15,13,1,2,3783934.0079922345,900700.7937305967,5037999.052209913,-102758.24359406797,52.5156646007402,13.3891720096001,74.8935236385003,0.0433186129919425,1
4520,test,1900,131835.399999954,1149251835.4,15,14,1,2,3783939.953201442,900707.5753900692,5037994.170857051,-102766.36302655497,52.5156644930776,13.3891718960994,74.8933061515807,0.0109857552479446,1
4521,test,1900,131835.599999954,1149251835.6,14,13,1,2,3783941.7112580263,900703.0676674917,5038003.993221945,-102772.22864957139,52.5156645139326,13.389171845828,74.893190825645,-0.002245974325668,1
4522,test,1900,131835.799999954,1149251835.8,14,13,1,2,3783942.735941056,900704.1555859633,5038005.117432674,-102781.13823504912,52.5156646435595,13.3891719044791,74.893160814991,-0.0055347055321589,1
4523,test,1900,131835.999999954,1149251836.0,14,13,1,2,3783943.468915732,900704.1822375528,5038005.546516871,-102790.73494856268,52.5156645181311,13.389171929106,74.8932008060673,-0.0052042282460894,1
4524,test,1900,131836.199999954,1149251836.2,15,14,1,2,3783941.7859813073,900712.8167066955,5037992.554354281,-102805.97956268459,52.5156645402027,13.3891718497702,74.8932956658726,-0.0041456657318646,1
4525,test,1900,131836.399999954,1149251836.4,15,14,1,2,3783943.801884111,900712.3682619889,5037992.666166257,-102815.31275746356,52.5156646424263,13.3891718415566,74.8934272875653,-0.0022467349503243,1
4526,test,1900,131836.599999954,1149251836.6,15,14,1,2,3783945.8507140004,900711.9067631011,5037994.162838322,-102823.66975943449,52.5156645873626,13.3891718397004,74.8935835241683,-0.0008288560357627,1
4527,test,1900,131836.799999954,1149251836.8,15,14,1,2,3783946.1960316673,900713.0076558897,5037995.271154394,-102832.63011417908,52.5156646289628,13.3891718930934,74.8937548406465,-0.0002854264254874,1
4528,test,1900,131836.999999954,1149251837.0,15,14,1,2,3783946.0630837204,900714.0932191159,5037995.924797591,-102842.36814828964,52.5156646507004,13.3891718307812,74.8939294925981,1.26602897507241e-05,1
4529,test,1900,131837.199999954,1149251837.2,15,14,1,2,3783945.286510828,900714.8228383061,5037993.077532114,-102854.64375333994,52.5156646901808,13.3891718333526,74.8941002397752,0.0008062238154346,1
4530,test,1900,131837.399999954,1149251837.4,15,14,1,2,3783944.926809905,900714.9066794554,5037991.539496182,-102866.03480611468,52.5156646532601,13.3891718400408,74.8942623639928,0.0018278584324005,1
4531,test,1900,131837.599999954,1149251837.6,15,14,1,2,3783944.798209363,900715.577333541,5037991.068314872,-102876.57720720329,52.5156646665341,13.3891718444062,74.8944100305977,0.0025456921105756,1
4532,test,1900,131837.799999954,1149251837.8,15,14,1,2,3783945.111431035,900716.5745981326,5037992.710900784,-102885.47177501275,52.5156646760174,13.3891718405853,74.894535804199,0.0029873399068256,1
4533,test,1900,131837.999999954,1149251838.0,15,14,1,2,3783944.9016978214,900717.6802255511,5037993.463201987,-102894.8512669381,52.515664688822,13.389171862642,74.8946316176325,0.0030216260117384,1
4534,test,1900,131838.199999954,1149251838.2,15,14,1,2,3783944.2037177007,900717.8450014485,5037990.832235967,-102907.00497155126,52.5156647597294,13.3891718116763,74.8946902003068,0.0017724345997714,1
4535,test,1900,131838.399999954,1149251838.4,15,14,1,2,3783944.115756802,900718.472394773,5037989.68995016,-102917.72038922957,52.5156647169371,13.3891718181689,74.8947054485695,0.0012478819692569,1
4536,test,1900,131838.599999954,1149251838.6,15,14,1,2,3783942.9949659123,900718.3596276497,5037988.544602024,-102929.4002687499,52.5156647118173,13.3891718441615,74.894672267809,0.0006459042001047,1
4537,test,1900,131838.799999954,1149251838.8,15,14,1,2,3783942.9625879074,900718.3094508805,5037989.391619683,-102939.14865294944,52.5156646979798,13.3891718418506,74.8945866469374,0.0005216671410561,1
4538,test,1900,131838.999999954,1149251839.0,15,14,1,2,3783943.0615261137,900718.646476967,5037992.016730318,-102947.61372838862,52.5156647190759,13.3891718374207,74.8944479884609,0.000566040074815,1
4539,test,1900,131839.199999954,1149251839.2,15,14,1,2,3783943.7170351427,900718.298577086,5037994.627274423,-102956.11441326825,52.5156647293011,13.3891719248856,74.8942558118662,0.0004881630289574,1
4540,test,1900,131839.399999954,1149251839.4,16,15,1,3,3783952.644260409,900717.133629819,5038058.0746256085,-102922.91083391887,52.5156647360573,13.3891718793103,74.8940090037689,0.0002933141510189,1
4541,test,1900,131839.599999954,1149251839.6,16,15,1,2,3783952.1595395417,900716.8007517308,5038057.816462636,-102933.62673058137,52.5156645696815,13.3891719015663,74.8937095572186,0.0006560258114887,1
4542,test,1900,131839.799999954,1149251839.8,16,15,1,2,3783951.7896110313,900717.3232172241,5038058.393573133,-102943.61668680698,52.5156646523512,13.3891718898493,74.893360545777,0.0014865586449665,1
4543,test,1900,131839.999999954,1149251840.0,16,15,1,2,3783952.015909982,900717.4429242072,5038057.803083331,-102954.15883088911,52.5156647354027,13.3891718848126,74.8929691874961,0.0017717532665287,1
4544,test,1900,131840.199999954,1149251840.2,16,15,1,2,3783951.0354290605,900718.2807244245,5038055.038817754,-102966.3268962716,52.5156648080729,13.3891718474583,74.8925510593385,0.0015286255368453,1
4545,test,1900,131840.399999954,1149251840.4,16,15,1,2,3783951.508937044,900718.4785539764,5038055.676150278,-102975.8468922283,52.5156648227837,13.389171797105,74.8921252542864,0.0009666619538121,1
4546,test,1900,131840.599999954,1149251840.6,16,15,1,2,3783951.7123174756,900718.55246046,5038055.633188844,-102986.04704782736,52.5156648315351,13.389171853539,74.8917034391564,-0.0006533774675362,1
4547,test,1900,131840.799999954,1149251840.8,17,15,1,2,3783951.7543030498,900717.7176415268,5038056.354273524,-102996.31075067545,52.5156648401834,13.3891718237459,74.8912901805329,-0.0013831820909696,1
4548,test,1900,131840.999999954,1149251841.0,17,15,1,2,3783951.4460314563,900717.7120897012,5038055.777461448,-103007.10843235067,52.5156648150408,13.3891718409903,74.8908888210693,-0.001627108790613,1
4549,test,1900,131841.199999954,1149251841.2,17,15,1,2,3783950.713446636,900717.645885111,5038055.815658908,-103017.76075433822,52.5156647529002,13.3891718543856,74.8904995293431,-0.0019074122861717,1
4550,test,1900,131841.399999954,1149251841.4,17,15,1,2,3783950.7205549856,900717.5492243449,5038055.982362654,-103027.90287785746,52.5156647355674,13.3891718181279,74.8901181441874,-0.0017567903961752,1
4551,test,1900,131841.599999954,1149251841.6,16,14,1,2,3783950.2358143753,900705.3848714327,5038069.414177428,-103036.1429869595,52.515664756369,13.3891718303925,74.8897387266435,-0.0025554796402271,1
4552,test,1900,131841.799999954,1149251841.8,16,14,1,2,3783950.1198583823,900704.1853682362,5038068.031905407,-103047.73747049787,52.5156647769291,13.3891718733241,74.8893577104632,-0.0029926452565197,1
4553,test,1900,131841.999999954,1149251842.0,16,14,1,2,3783950.434863314,900704.089694426,5038068.710726867,-103057.43631262532,52.5156647766293,13.3891718423525,74.8889725486531,-0.0032010855843648,1
4554,test,1900,131842.199999954,1149251842.2,16,14,1,2,3783950.327452182,900703.7740408853,5038068.654153099,-103067.90405289002,52.5156647846627,13.3891718626148,74.8885816549996,-0.002700946570041,1
4555,test,1900,131842.399999954,1149251842.4,16,14,1,2,3783950.298942753,900703.8322912466,5038069.429318135,-103077.70830431813,52.5156647501259,13.3891718521789,74.8881843540815,-0.0017049096373409,1
4556,test,1900,131842.599999954,1149251842.6,16,14,1,2,3783950.335369102,900704.0860668895,5038069.769175571,-103087.64931587403,52.5156647449307,13.3891718648636,74.8877828335346,-0.0006027025638492,1
4557,test,1900,131842.799999954,1149251842.8,16,14,1,2,3783950.420306711,900704.0971605951,5038070.538028364,-103097.44215596045,52.5156647711738,13.38917189292,74.8873775569411,0.0001396593988855,1
4558,test,1900,131842.999999954,1149251843.0,15,14,1,2,3783950.463332367,900703.9157302135,5038071.825700137,-103106.93235096417,52.5156648344389,13.3891718514979,74.8869668747868,0.0005744626295934,1
4559,test,1900,131843.199999954,1149251843.2,15,14,1,2,3783950.434822733,900703.9731338406,5038072.911488744,-103116.51611664191,52.5156647508536,13.38917181955,74.8865507810698,0.0006610711289657,1
4560,test,1900,131843.399999955,1149251843.4,15,14,1,2,3783950.3541813763,900704.3033674038,5038073.360889465,-103126.45801011892,52.5156647181835,13.3891718311541,74.886131975437,0.0012508250257783,1
4561,test,1900,131843.599999955,1149251843.6,15,14,1,2,3783950.129331327,900704.1794108888,5038073.013196701,-103137.08513812372,52.5156647075173,13.3891718284502,74.8857131223799,0.0014916421969533,1
4562,test,1900,131843.799999955,1149251843.8,15,14,1,2,3783950.197690191,900704.5412426486,5038073.056823479,-103147.17691735186,52.5156646710994,13.3891718117902,74.8852984327021,0.0010131744231909,1
4563,test,1900,131843.999999955,1149251844.0,15,14,1,2,3783950.1634978857,900704.5761461877,5038072.262993582,-103157.91482394114,52.5156646614454,13.3891718394542,74.8848959793198,-0.0009715747096487,1
4564,test,1900,131844.199999955,1149251844.2,15,14,1,2,3783949.9932472417,900704.8031029825,5038072.636818078,-103167.94112468751,52.5156646499033,13.3891718315207,74.8845196848824,-0.0045563472873022,1
4565,test,1900,131844.399999955,1149251844.4,15,14,1,2,3783949.8888099403,900704.614375504,5038072.579729606,-103178.39796694828,52.515664714335,13.3891718381194,74.8841854213239,-0.0078508846225314,1
4566,test,1900,131844.599999955,1149251844.6,15,14,1,2,3783949.8903815835,900704.5559116412,5038072.281618061,-103188.88065551015,52.5156647151228,13.3891718170182,74.8839054890914,-0.0101429470268941,1
4567,test,1900,131844.799999955,1149251844.8,15,14,1,2,3783949.9050227334,900704.7019214202,5038072.374315103,-103199.11891319012,52.5156647089582,13.3891718260687,74.8836903284944,-0.009169063381471,1
4568,test,1900,131844.999999955,1149251845.0,15,14,1,2,3783949.9533814103,900705.1524763922,5038072.125683864,-103209.43252813777,52.5156647037984,13.3891717735889,74.8835483483052,-0.0010480161346148,1
4569,test,1900,131845.199999955,1149251845.2,15,14,1,2,3783949.996781691,900705.1639831545,5038072.034020219,-103219.78655276776,52.5156647084563,13.389171674385,74.883485868459,0.0193725151260066,1
4570,test,1900,131845.399999955,1149251845.4,15,14,1,2,3783950.000214465,900705.1942592929,5038072.7113326285,-103229.62325160617,52.5156646507734,13.3891715024655,74.8835039206971,0.0577949598380672,1
4571,test,1900,131845.599999955,1149251845.6,14,14,1,2,3783950.4649869506,900706.9509374205,5038075.3878367,-103237.46579193985,52.515664610113,13.3891710157737,74.8836007572871,0.119123817996896,0
4572,test,1900,131845.799999955,1149251845.8,14,14,1,3,3783942.081532159,900719.4034077214,5038002.687189129,-103291.07968764461,52.5156645889223,13.3891705462131,74.883767654232,0.200778985833903,0
4573,test,1900,131845.999999955,1149251846.0,13,13,1,2,3783941.229477739,900717.9527045813,5038008.757675945,-103298.58681275614,52.5156645238876,13.3891698275055,74.883977244767,0.291462197316531,0
4574,test,1900,131846.199999955,1149251846.2,14,14,1,3,3783946.6491301176,900713.3796586304,5038065.103703505,-103272.95112814098,52.5156644370177,13.389168852567,74.8842047836915,0.37000683201946,0
4575,test,1900,131846.399999955,1149251846.4,14,14,1,2,3783946.082014105,900712.3284300428,5038064.245951995,-103284.47944592901,52.5156643659969,13.389167679199,74.8844277655438,0.425694089123697,0
4576,test,1900,131846.599999955,1149251846.6,14,14,1,2,3783944.8530205907,900710.6653962762,5038057.396442255,-103300.31074625507,52.5156642639972,13.3891663819085,74.884622864552,0.459874047654466,0
4577,test,1900,131846.799999955,1149251846.8,14,14,1,2,3783944.8869169727,900709.6460623097,5038052.247976221,-103314.26814431569,52.5156641176485,13.3891650218715,74.8847666877415,0.475913698113637,0
4578,test,1900,131846.999999955,1149251847.0,15,14,1,2,3783943.0719449604,900708.9947604572,5038044.6108721895,-103330.22082967685,52.5156639494466,13.3891636227256,74.8848400055318,0.473791328541168,0
4579,test,1900,131847.199999955,1149251847.2,15,14,1,2,3783938.8755702907,900710.2664832709,5038030.831954762,-103350.65750732072,52.515663794068,13.3891622676128,74.8848294117495,0.455685472722384,0
4580,test,1900,131847.399999955,1149251847.4,15,14,1,2,3783936.928878769,900709.8340330514,5038025.904498184,-103364.69365414984,52.5156637166828,13.3891609714081,74.8847300666821,0.42708205956587,0
4581,test,1900,131847.599999955,1149251847.6,15,14,1,2,3783934.92347266,900709.6414046226,5038028.105665664,-103374.8792892588,52.5156635311164,13.3891597648349,74.8845444638788,0.396999172286942,0
4582,test,1900,131847.799999955,1149251847.8,15,14,1,2,3783936.151417813,900709.2702426598,5038025.351510032,-103386.28954900018,52.515663449131,13.3891586360728,74.8842792118039,0.372876887890446,0
4583,test,1900,131847.999999955,1149251848.0,15,14,1,2,3783934.9260520996,900706.6149630109,5038020.57852852,-103401.47535700811,52.5156633657839,13.3891575652939,74.8839423708254,0.360940328131912,0
4584,test,1900,131848.199999955,1149251848.2,15,14,1,2,3783933.992485217,900705.3811179376,5038017.892885113,-103414.3572632423,52.5156633103194,13.3891565092591,74.8835424316701,0.363128987763232,0
4585,test,1900,131848.399999955,1149251848.4,15,14,1,2,3783935.5987327383,900705.8442868114,5038017.848049383,-103423.52712022276,52.5156631641322,13.3891554323175,74.8830892875772,0.378625550325697,0
4586,test,1900,131848.599999955,1149251848.6,15,13,1,2,3783920.7514676233,900705.5329884582,5038008.257632189,-103447.58608346489,52.5156630657187,13.3891542816432,74.882595278356,0.406799571803583,0
4587,test,1900,131848.799999955,1149251848.8,15,13,1,2,3783918.323833969,900703.4300022254,5038008.29588505,-103459.87911830479,52.5156629389227,13.3891530577084,74.8820758919892,0.44566729968203,0
4588,test,1900,131848.999999955,1149251849.0,15,13,1,2,3783920.03849124,900702.1088498125,5038011.124947102,-103467.60112321336,52.5156627978831,13.3891517082808,74.8815500452505,0.487427530461625,0
4589,test,1900,131849.199999955,1149251849.2,16,13,1,2,3783923.4532427536,900703.0157898774,5038014.0385417,-103474.39518227805,52.5156626317266,13.3891502306716,74.8810402824555,0.522092108269262,0
4590,test,1900,131849.399999955,1149251849.4,15,14,1,3,3783945.7032874683,900697.4140031389,5038030.246250762,-103463.6533725942,52.515662514629,13.3891486742776,74.8805711512706,0.539023079230387,0
4591,test,1900,131849.599999955,1149251849.6,15,14,1,2,3783944.8552781353,900696.9869192579,5038029.293303546,-103474.62029689882,52.5156623298341,13.3891471083797,74.8801696517808,0.529593892978118,0
4592,test,1900,131849.799999955,1149251849.8,15,14,1,2,3783945.0028660474,900698.8630842414,5038023.871309196,-103487.67808557583,52.515662129318,13.3891456123525,74.8798622138279,0.492352387594115,0
4593,test,1900,131849.999999955,1149251850.0,15,14,1,2,3783944.472231215,900698.6763683554,5038019.376563219,-103500.12443911,52.5156620955367,13.389144256717,74.879673067212,0.434140529817569,0
4594,test,1900,131850.199999955,1149251850.2,14,14,1,2,3783945.3602330117,900696.217008945,5038020.206742146,-103509.96362349424,52.5156620254535,13.3891430936391,74.8796228476153,0.366962532986992,0
4595,test,1900,131850.399999955,1149251850.4,14,13,1,2,3783945.1279185996,900685.3405604047,5038031.743899152,-103517.9951710808,52.5156619481773,13.3891421095019,74.8797278934394,0.298871831650321,0
4596,test,1900,131850.599999955,1149251850.6,14,12,1,3,3783916.4898492964,900707.1184203409,5037988.766864011,-103562.24264401894,52.5156618571206,13.3891413282137,74.8799992581609,0.228613499801572,0
4597,test,1900,131850.799999955,1149251850.8,14,13,1,3,3783942.4726952277,900703.5404948681,5037999.850209556,-103552.70842794617,52.5156618636309,13.389140757716,74.8804422404857,0.154790604490739,0
4598,test,1900,131850.999999955,1149251851.0,14,13,1,2,3783940.5699681547,900705.4734989256,5037996.355195855,-103565.57282929857,52.515661859186,13.3891403677083,74.8810558698139,0.0841983554174311,1
4599,test,1900,131851.199999955,1149251851.2,14,13,1,2,3783939.50524929,900705.6434889676,5037996.563057971,-103576.18959085879,52.5156616642312,13.3891402161109,74.8818299684687,0.032871807058769,1
4600,test,1900,131851.399999955,1149251851.4,14,13,1,2,3783939.73849284,900706.0984489986,5037995.661595423,-103587.14615400526,52.5156617195403,13.3891402417999,74.8827458953674,0.0047512643982317,1
4601,test,1900,131851.599999955,1149251851.6,14,13,1,2,3783939.242400257,900705.753318453,5037997.462353848,-103596.60773085465,52.5156617437353,13.3891401570418,74.8837815382824,-0.0061060004103686,1
4602,test,1900,131851.799999955,1149251851.8,14,13,1,2,3783939.366907937,900705.1944840354,5038000.697929037,-103605.32071867459,52.5156618093146,13.3891400682793,74.8849067600123,-0.0075476764496691,1
4603,test,1900,131851.999999955,1149251852.0,14,13,1,2,3783937.53835626,900705.1204738,5038000.640046635,-103616.29982241697,52.5156618004617,13.389140080626,74.8860907484039,-0.0064182629168761,1
4604,test,1900,131852.199999955,1149251852.2,14,13,1,2,3783937.588694993,900705.3058780751,5038000.02563269,-103626.88874488896,52.5156617926096,13.3891401020325,74.8873076707236,-0.005474902665792,1
4605,test,1900,131852.399999955,1149251852.4,14,13,1,2,3783939.1682836493,900705.140220472,5038002.031756456,-103635.202088144,52.5156617974481,13.3891400286399,74.8885395705671,-0.0056394232621942,1
4606,test,1900,131852.599999955,1149251852.6,14,13,1,2,3783938.2382298866,900705.075135656,5037999.75121869,-103647.22877781284,52.5156618361766,13.3891399734473,74.8897756485681,-0.0066060964193738,1
4607,test,1900,131852.799999955,1149251852.8,14,13,1,2,3783938.154917261,900704.7059549841,5038002.021857102,-103656.27381424181,52.5156619195055,13.3891399861614,74.8910071124632,-0.008337054428042,1
4608,test,1900,131852.999999955,1149251853.0,14,13,1,2,3783938.172435616,900703.4942707787,5038005.749097937,-103664.42159844287,52.5156618919423,13.3891399764768,74.8922292312386,-0.0101166684914289,1
4609,test,1900,131853.199999955,1149251853.2,14,13,1,2,3783937.1391359894,900703.818930746,5038004.439698129,-103675.67824829569,52.5156618201251,13.3891400058448,74.8934380658051,-0.0115925630895432,1
4610,test,1900,131853.399999955,1149251853.4,14,13,1,2,3783938.1695577004,900704.0098898773,5038005.965831797,-103684.38460613746,52.5156618168052,13.389139918872,74.8946316589129,-0.0121096863472739,1
4611,test,1900,131853.599999955,1149251853.6,15,13,1,2,3783938.6001169705,900703.3019372353,5038006.19691989,-103694.28931538363,52.515661821602,13.3891399384965,74.895810407908,-0.0107990620866008,1
4612,test,1900,131853.799999955,1149251853.8,14,13,1,2,3783938.464805662,900701.758847894,5038007.990504491,-103704.15433810074,52.5156618402841,13.3891399330797,74.8969735369047,-0.0067186677046623,1
4613,test,1900,131853.999999955,1149251854.0,14,13,1,2,3783938.0797948926,900701.9296729257,5038007.599235155,-103714.82885596185,52.5156618539601,13.3891398979907,74.8981222851752,0.0026773913130548,1
4614,test,1900,131854.199999955,1149251854.2,14,13,1,2,3783938.167081812,900702.240290356,5038007.829792247,-103724.87178390169,52.5156618672675,13.389139812344,74.899261268777,0.0185461422539669,1
4615,test,1900,131854.399999955,1149251854.4,14,13,1,2,3783936.766497336,900702.3264990831,5038005.449322792,-103737.42969479019,52.5156618604695,13.3891396344182,74.9003994150487,0.042375652501093,1
4616,test,1900,131854.599999955,1149251854.6,15,13,1,2,3783935.973299504,900702.9966409343,5038004.804930112,-103748.51720013955,52.5156618385881,13.3891394377439,74.9015453112197,0.0778283530337564,1
4617,test,1900,131854.799999955,1149251854.8,16,14,1,2,3783936.481173956,900703.1583344284,5038013.872235932,-103752.85960996602,52.5156618277461,13.3891391025664,74.9027144347706,0.128642872445806,0
4618,test,1900,131854.999999955,1149251855.0,16,14,1,2,3783935.499977641,900703.8568842501,5038009.641359601,-103766.2643722202,52.5156618471785,13.3891386075467,74.9039278219399,0.199108584558831,0
4619,test,1900,131855.199999955,1149251855.2,15,14,1,2,3783935.0514944727,900703.977335634,5038006.566255059,-103778.65460492588,52.5156617412677,13.3891379048236,74.9052000102419,0.282669038239297,0
4620,test,1900,131855.399999955,1149251855.4,15,14,1,2,3783935.2913046423,900702.281932851,5038004.415128727,-103791.14894086827,52.5156616369333,13.3891369566934,74.9065424901951,0.365657839678298,0
4621,test,1900,131855.599999955,1149251855.6,15,14,1,2,3783935.4459742713,900701.2967149798,5038004.9227519855,-103801.02961784808,52.515661590102,13.3891357709482,74.9079659885236,0.452199700210604,0
4622,test,1900,131855.799999955,1149251855.8,15,14,1,2,3783939.147532021,900697.8832768892,5038016.196727028,-103803.55209131782,52.5156613216433,13.3891343089609,74.9094835660798,0.562028996487634,0
4623,test,1900,131855.999999955,1149251856.0,15,14,1,2,3783937.6760114226,900698.1494661779,5038020.442189691,-103812.0334113469,52.5156611249131,13.3891324727369,74.9111097741114,0.71380809226748,0
4624,test,1900,131856.199999955,1149251856.2,15,14,1,2,3783937.6733087976,900699.4898481221,5038025.598504412,-103818.65303101602,52.515660795668,13.3891301309782,74.9128582531716,0.906607579393006,0
4625,test,1900,131856.399999955,1149251856.4,15,14,1,2,3783939.069714183,900699.2395931401,5038031.069346962,-103824.52867783632,52.5156604134091,13.389127215836,74.9147377552957,1.12326083599511,0
4626,test,1900,131856.599999955,1149251856.6,15,14,1,2,3783940.098609399,900699.3393614984,5038032.892288626,-103832.71981220515,52.5156599507687,13.3891236822703,74.9167527145054,1.34624978562903,0
4627,test,1900,131856.799999955,1149251856.8,15,14,1,2,3783939.7624615417,900699.1002947812,5038032.4296379965,-103844.08118184196,52.5156592896092,13.3891195542978,74.9189075393717,1.57053737990928,0
4628,test,1900,131856.999999955,1149251857.0,15,14,1,2,3783938.6743567684,900698.2860226213,5038032.4830646,-103854.90726757678,52.5156583697108,13.3891148629473,74.9212073380807,1.80022049849686,0
4629,test,1900,131857.199999955,1149251857.2,15,14,1,2,3783938.5667845705,900699.6166127545,5038031.706472649,-103865.54307780848,52.5156572486253,13.3891095960853,74.9236548104827,2.03993093599547,0
4630,test,1900,131857.399999955,1149251857.4,15,14,1,2,3783939.654775303,900698.0071891899,5038032.354615248,-103875.32057022097,52.5156556702299,13.3891038307106,74.926247163642,2.28601278917489,0
4631,test,1900,131857.599999955,1149251857.6,14,13,1,2,3783938.862179339,900698.0891512863,5038017.267449362,-103894.96265198322,52.5156537471634,13.3890976299449,74.9289724009051,2.53366484678005,0
4632,test,1900,131857.799999955,1149251857.8,15,14,1,2,3783944.180724552,900697.642601458,5038033.040842329,-103892.63999063626,52.5156513714654,13.3890910997471,74.9318025420154,2.783022331408,0
4633,test,1900,131857.999999955,1149251858.0,14,13,1,2,3783941.7785249865,900695.8769467794,5038013.877015559,-103916.52608829156,52.5156484624642,13.389084335105,74.9346997880582,3.02963478454982,0
4634,test,1900,131858.199999955,1149251858.2,16,14,1,2,3783943.779459249,900694.8304166881,5038029.607933876,-103916.5340683514,52.5156449446612,13.3890774713215,74.9376274840219,3.2575485652331,0
4635,test,1900,131858.399999955,1149251858.4,16,14,1,2,3783945.884372825,900694.4826381203,5038026.387250698,-103927.37945048799,52.5156407101823,13.3890707331758,74.9405554418516,3.4505478210711,0
4636,test,1900,131858.599999955,1149251858.6,16,14,1,2,3783946.9311046028,900693.962441158,5038030.22313786,-103935.0703641576,52.5156358340614,13.3890643007148,74.9434492313527,3.59694638038679,0
4637,test,1900,131858.799999955,1149251858.8,16,14,1,2,3783943.9711928,900694.49638249,5038028.185689073,-103947.76760437369,52.5156303759711,13.3890583659514,74.9462655270554,3.69664606652556,0
4638,test,1900,131858.999999955,1149251859.0,16,14,1,2,3783944.8412060523,900695.565916462,5038028.686770858,-103956.8261851825,52.5156246292455,13.3890530397446,74.948955897278,3.76994057348741,0
4639,test,1900,131859.199999955,1149251859.2,16,14,1,2,3783944.540296091,900695.584720515,5038031.112111019,-103965.69969774061,52.5156184500729,13.3890483754003,74.9514685498376,3.84122612526407,0
4640,test,1900,131859.399999955,1149251859.4,16,14,1,2,3783945.041348348,900697.0617997004,5038034.659519277,-103973.17465396358,52.5156121819672,13.3890443122325,74.953757813132,3.92476443758045,0
4641,test,1900,131859.599999955,1149251859.6,16,14,1,2,3783944.4965131227,900697.1878176554,5038034.854908038,-103983.76576373236,52.5156055072858,13.3890408728946,74.9557893358152,4.02028140859774,0
4642,test,1900,131859.799999955,1149251859.8,17,14,1,2,3783943.48574433,900696.5175254184,5038036.828447706,-103993.6492090604,52.5155985916133,13.3890379469098,74.9575428135382,4.1161935773071,0
4643,test,1900,131859.999999955,1149251860.0,14,13,1,2,3783943.1098060207,900695.5176095726,5038028.2648140425,-104009.68866732519,52.5155914053491,13.389035441301,74.9590117122951,4.19566898036608,0
4644,test,1900,131860.199999955,1149251860.2,15,14,1,2,3783946.0171949337,900694.4031642681,5038037.734526592,-104012.84693091192,52.515583994618,13.3890332279208,74.9602011040193,4.23902241539414,0
4645,test,1900,131860.399999955,1149251860.4,14,14,1,2,3783946.8783921744,900692.8268445214,5038039.862194624,-104021.64665666626,52.5155766744323,13.3890312192647,74.9611253401328,4.23614726952821,0
4646,test,1900,131860.599999956,1149251860.6,15,14,1,2,3783946.9173309677,900693.0582285544,5038040.738329315,-104031.12475512098,52.5155692896723,13.3890294320283,74.9618050329716,4.18919087619474,0
4647,test,1900,131860.799999956,1149251860.8,15,14,1,2,3783946.7402267773,900691.8109531039,5038044.696896209,-104039.23859112532,52.5155619445371,13.3890278293852,74.9622615971918,4.10609286704501,0
4648,test,1900,131860.999999956,1149251861.0,14,13,1,2,3783944.4340131856,900692.0302252101,5038028.325210329,-104060.9724808894,52.5155548048948,13.389026391867,74.9625170641817,3.99425989993282,0
4649,test,1900,131861.199999956,1149251861.2,14,13,1,2,3783947.4006192037,900698.05908162,5038052.8145002015,-104051.98858444556,52.515547944001,13.3890251530415,74.962608013846,3.86417414545657,0
4650,test,1900,131861.399999956,1149251861.4,14,13,1,2,3783950.6426866846,900698.9474951259,5038057.968401625,-104057.68337400393,52.5155412166484,13.3890240840451,74.9625757697481,3.72379048017532,0
4651,test,1900,131861.599999956,1149251861.6,15,13,1,2,3783951.2256273516,900698.7096672452,5038058.703485591,-104067.45422331958,52.5155347871494,13.3890231853008,74.9624640937115,3.5866950217246,0
4652,test,1900,131861.799999956,1149251861.8,15,13,1,2,3783951.737194962,900695.8333411893,5038057.451880651,-104079.18833820565,52.5155287596701,13.3890224180622,74.9623170767206,3.46421161249917,0
4653,test,1900,131861.999999956,1149251862.0,15,13,1,2,3783952.599393261,900695.2449390854,5038056.103669981,-104089.65844723317,52.5155227880803,13.3890217882268,74.9621791198187,3.35735017131896,0
4654,test,1900,131862.199999956,1149251862.2,14,13,1,2,3783943.250806147,900690.8600388741,5038051.1719279,-104108.7935942373,52.5155169074664,13.3890212876345,74.9620941421853,3.25961269316152,0
4655,test,1900,131862.399999956,1149251862.4,15,13,1,2,3783944.273072286,900691.2292651145,5038051.511562962,-104118.01168737934,52.5155111339936,13.3890208951658,74.9621029111055,3.16326221964027,0
4656,test,1900,131862.599999956,1149251862.6,15,13,1,2,3783944.1833889126,900691.5756417358,5038048.372766484,-104129.68604595156,52.515505681108,13.3890206052382,74.962244031211,3.06039410196706,0
4657,test,1900,131862.799999956,1149251862.8,15,13,1,2,3783946.4235437317,900690.8912337694,5038045.970942533,-104139.9855447161,52.5155004376492,13.3890204194443,74.9625529689627,2.94097722734762,0
4658,test,1900,131862.999999956,1149251863.0,15,13,1,2,3783948.917775405,900693.7247170917,5038046.151015391,-104147.57583793228,52.5154953517205,13.3890203299588,74.9630617152406,2.79731690541279,0
4659,test,1900,131863.199999956,1149251863.2,16,14,1,2,3783957.6117317723,900692.5569631474,5038048.838681107,-104151.4789537186,52.5154904756122,13.3890203077763,74.9637983636506,2.63363477964525,0
4660,test,1900,131863.399999956,1149251863.4,16,14,1,2,3783956.501707174,900691.2607256072,5038044.933759239,-104164.49089453563,52.5154859589716,13.3890203612509,74.9647863442653,2.46507919484995,0
4661,test,1900,131863.599999956,1149251863.6,16,14,1,2,3783957.6271510324,900689.7786561032,5038046.335055615,-104173.74556322563,52.5154817976328,13.3890204516186,74.9660451597639,2.31057572699183,0
4662,test,1900,131863.799999956,1149251863.8,16,14,1,2,3783958.0658600284,900689.4157886162,5038051.5536040915,-104180.54478210545,52.5154778538842,13.3890205909329,74.9675913723104,2.18596157559989,0
4663,test,1900,131863.999999956,1149251864.0,16,13,1,2,3783952.125758447,900693.2530504225,5038052.55565124,-104192.5328029213,52.5154741627964,13.3890207549258,74.9694371742046,2.09784065006133,0
4664,test,1900,131864.199999956,1149251864.2,15,13,1,2,3783951.640195312,900694.4506861251,5038051.366559021,-104203.95566193768,52.5154705648463,13.3890209459035,74.9715907541021,2.04548948727551,0
4665,test,1900,131864.399999956,1149251864.4,16,14,1,2,3783959.0495362477,900693.2884163249,5038055.505870688,-104206.98151354249,52.515466994906,13.3890211555383,74.9740567429376,2.02059911564819,0
4666,test,1900,131864.599999956,1149251864.6,16,14,1,2,3783958.2162682647,900694.0134956848,5038053.634391642,-104218.28909918948,52.5154635666128,13.3890213826635,74.9768323892158,2.01199149330195,0
4667,test,1900,131864.799999956,1149251864.8,16,14,1,2,3783956.8091503517,900695.06250709,5038050.156518956,-104231.49627997233,52.515460017803,13.3890216353342,74.9798960804269,2.00938228511396,0
4668,test,1900,131864.999999956,1149251865.0,15,14,1,2,3783957.93657008,900694.8452005989,5038048.858092926,-104243.01110287003,52.5154564478245,13.3890219047224,74.9832388223901,2.00645103799295,0
4669,test,1900,131865.199999956,1149251865.2,15,13,1,2,3783960.527904609,900696.0430397902,5038053.241198868,-104248.534052251,52.515452965901,13.3890221995862,74.9868515121787,2.00076532685239,0
4670,test,1900,131865.499999956,1149251865.5,16,14,1,2,3783962.1006101687,900697.5302292311,5038046.468372739,-104266.48688235148,52.5154477270411,13.3890226494292,74.9927476954031,1.98867749888347,0
4671,test,1900,131865.699999956,1149251865.7,15,13,1,2,3783962.599021191,900694.713280728,5038041.077672503,-104280.60939095746,52.5154442048186,13.3890229717046,74.9969715906168,1.98208067150215,0
4672,test,1900,131865.899999956,1149251865.9,17,15,1,2,3783961.9752679276,900697.7641398975,5038044.272763458,-104288.53418864944,52.5154408001478,13.389023309315,75.0014054729732,1.9763674264405,0
4673,test,1900,131866.099999956,1149251866.1,16,14,1,2,3783961.00688866,900701.1219133566,5038041.3045593165,-104300.59900259893,52.5154371992597,13.3890236686454,75.0060246373625,1.96785668529583,0
4674,test,1900,131866.299999956,1149251866.3,16,14,1,2,3783962.3439531596,900702.7795579538,5038042.965684702,-104307.87999006429,52.5154337672976,13.3890240427856,75.0108004609658,1.94977507990351,0
4675,test,1900,131866.499999956,1149251866.5,14,12,1,2,3783958.0649807435,900699.1052306877,5038035.126101308,-104326.08311250444,52.5154302946746,13.3890244245907,75.0157011867713,1.91196769103686,0
4676,test,1900,131866.699999956,1149251866.7,15,13,1,2,3783963.3738924144,900703.2064943315,5038045.188495356,-104327.29402413178,52.5154269837596,13.3890248171751,75.0206913446781,1.84678153981775,0
4677,test,1900,131866.899999956,1149251866.9,15,13,1,2,3783965.4037601943,900704.9102484224,5038042.158709353,-104339.078201081,52.5154238970382,13.3890252054084,75.0257338985997,1.75037311328713,0
4678,test,1900,131867.099999956,1149251867.1,15,13,1,2,3783964.8178019603,900703.760077187,5038038.642993133,-104352.45276019367,52.5154208838501,13.3890255904084,75.030790938945,1.62232515408124,0
4679,test,1900,131867.299999956,1149251867.3,15,13,1,2,3783967.2227397733,900701.7215794382,5038040.268172274,-104360.60584941643,52.5154181616311,13.3890259413811,75.035824543922,1.46792285053048,0
4680,test,1900,131867.499999956,1149251867.5,15,13,1,2,3783968.4883666355,900699.6751643029,5038041.676992924,-104368.79792062672,52.515415673402,13.3890262591763,75.0407973360766,1.29422959842163,0
4681,test,1900,131867.699999956,1149251867.7,15,13,1,2,3783966.0727510443,900702.5333434541,5038043.7442755755,-104377.70087185227,52.5154136511595,13.3890266920325,75.0456719777886,1.10972523898256,0
4682,test,1900,131867.899999956,1149251867.9,15,13,1,2,3783963.238673435,900703.5654767529,5038038.914966305,-104393.2698738763,52.5154119996733,13.3890269192177,75.0504122289862,0.921696360406373,0
4683,test,1900,131868.099999956,1149251868.1,15,13,1,2,3783964.5767623982,900705.8128230318,5038034.848641132,-104405.58489134455,52.5154104425914,13.3890271175554,75.05498190421,0.735071038283501,0
4684,test,1900,131868.299999956,1149251868.3,15,14,1,2,3783964.345162666,900704.6595955639,5038032.300483146,-104416.92034635316,52.5154093677948,13.3890272470378,75.0593452492798,0.557675464898383,0
4685,test,1900,131868.499999956,1149251868.5,15,14,1,2,3783962.856023985,900701.4356683983,5038032.224809986,-104427.2437097763,52.5154084534089,13.3890273625865,75.0634666831109,0.397476457582525,0
4686,test,1900,131868.699999956,1149251868.7,16,14,1,2,3783960.2722184393,900702.2153110823,5038029.984731839,-104439.88250149328,52.515408366935,13.3890280178446,75.0673114183489,0.260149299416349,0
4687,test,1900,131868.899999956,1149251868.9,16,14,1,2,3783957.499132729,900699.5712551854,5038035.2353352625,-104447.54378876375,52.5154080317212,13.3890280604096,75.0708446338785,0.148653911003529,0
4688,test,1900,131869.099999956,1149251869.1,15,14,1,2,3783953.4117580615,900700.7407849508,5038030.897810032,-104460.48439341644,52.5154077561663,13.3890277639088,75.0740317156644,0.0673745166486036,1
4689,test,1900,131869.299999956,1149251869.3,15,14,1,2,3783949.6867189007,900702.5185336097,5038029.807942066,-104471.88649225251,52.5154077722717,13.3890279876264,75.0768467680992,0.0190570949165415,1
4690,test,1900,131869.499999956,1149251869.5,15,13,1,2,3783947.461093341,900702.6631849818,5038028.637318475,-104483.12395891894,52.51540773552,13.3890279938431,75.0792535642458,-0.0031698032008346,1
4691,test,1900,131869.699999956,1149251869.7,14,12,1,2,3783947.00622661,900700.4150499634,5038028.708042216,-104492.12797451882,52.5154080467718,13.389028110991,75.0812193119258,-0.0108845521087702,1
4692,test,1900,131869.899999956,1149251869.9,14,12,1,2,3783946.257893114,900701.9522262695,5038027.176109034,-104503.28563192555,52.515407999028,13.3890279883272,75.0827161305522,-0.0126504413769069,1
4693,test,1900,131870.099999956,1149251870.1,14,12,1,2,3783945.7916759015,900703.0278035371,5038027.158399593,-104512.97963897634,52.5154078862441,13.3890278531628,75.0837245293812,-0.0127347078490707,1
4694,test,1900,131870.299999956,1149251870.3,14,12,1,2,3783944.411994819,900703.8345530661,5038027.819703509,-104522.42809941423,52.5154078558499,13.3890278420333,75.0842333953662,-0.0123041373385604,1
4695,test,1900,131870.499999956,1149251870.5,14,13,1,2,3783944.39586973,900698.624591474,5038033.631282157,-104531.21319910132,52.5154078949899,13.3890278224153,75.0842248394588,-0.0115872088808517,1
4696,test,1900,131870.699999956,1149251870.7,14,13,1,2,3783943.2108073044,900698.1240006199,5038035.708760735,-104539.93041756858,52.5154079175997,13.389027776573,75.0836798862426,-0.0105023530160387,1
4697,test,1900,131870.899999956,1149251870.9,14,13,1,2,3783942.746989936,900697.0759901659,5038035.365454881,-104550.41661299608,52.5154078813875,13.389027674038,75.082581994774,-0.0096132789834977,1
4698,test,1900,131871.099999956,1149251871.1,14,13,1,2,3783941.3328453684,900696.0051174994,5038037.7925674105,-104559.5884665529,52.5154079019884,13.389027617932,75.0809181781827,-0.0091646187759568,1
4699,test,1900,131871.299999956,1149251871.3,14,13,1,2,3783940.8988669254,900695.4851733661,5038038.5027387915,-104569.67261529267,52.5154078634468,13.3890276019703,75.0786802508373,-0.0086994950191481,1
4700,test,1900,131871.499999956,1149251871.5,14,13,1,2,3783941.922696369,900692.7212728568,5038039.53496069,-104579.29119555358,52.5154077816096,13.3890275954553,75.0758638215461,-0.0086926583613907,1
4701,test,1900,131871.699999956,1149251871.7,14,13,1,2,3783940.3113431833,900692.2257823262,5038040.304882147,-104589.15540651929,52.5154078886057,13.3890275594773,75.0724698410844,-0.0084769484968219,1
4702,test,1900,131871.899999956,1149251871.9,14,13,1,2,3783938.795492347,900693.591227056,5038039.521492173,-104599.95403201865,52.5154079227874,13.3890276043818,75.0685047366317,-0.00849117651506,1
4703,test,1900,131872.099999956,1149251872.1,14,13,1,2,3783937.4055738165,900695.702511952,5038039.02750382,-104610.46536724172,52.5154079945862,13.3890273594684,75.0639810735962,-0.0082833794507132,1
4704,test,1900,131872.299999956,1149251872.3,14,13,1,2,3783937.64514878,900696.3014402876,5038038.465423926,-104620.69811760457,52.5154080809288,13.3890271540465,75.058921864511,-0.0085800647561566,1
4705,test,1900,131872.499999956,1149251872.5,14,13,1,2,3783936.9587550187,900695.9719412614,5038037.580450769,-104631.50451027103,52.5154079730599,13.3890271765068,75.0533588550897,-0.0088923049058366,1
4706,test,1900,131872.699999956,1149251872.7,14,13,1,2,3783936.3103121095,900696.8479739712,5038038.801457551,-104640.63343719716,52.5154079981328,13.3890271664749,75.0473277671195,-0.0095317031877749,1
4707,test,1900,131872.899999956,1149251872.9,14,13,1,2,3783935.8757251967,900697.427510556,5038038.811149462,-104650.24086647842,52.5154079741876,13.3890270843403,75.040871112353,-0.0100190811229901,1
4708,test,1900,131873.099999956,1149251873.1,14,12,1,2,3783934.9487415287,900703.1182887591,5038030.594449604,-104667.58336143674,52.5154080776932,13.3890270578321,75.034040426261,-0.0103435379530863,1
4709,test,1900,131873.299999956,1149251873.3,14,12,1,2,3783934.4196003936,900703.3217424045,5038029.8945180075,-104678.24338096715,52.5154081526886,13.3890270524015,75.0268979755656,-0.0101107516930491,1
4710,test,1900,131873.499999956,1149251873.5,14,12,1,2,3783934.569840918,900702.8255596998,5038031.035004552,-104687.35458905295,52.5154081598027,13.3890270359509,75.019515364489,-0.0092740076652911,1
4711,test,1900,131873.699999956,1149251873.7,14,12,1,2,3783933.6816092758,900703.2659438015,5038030.749965306,-104697.6246130401,52.5154081722726,13.3890270465818,75.0119733485262,-0.0074369340116746,1
4712,test,1900,131873.899999956,1149251873.9,14,12,1,2,3783932.5062215826,900704.1270489094,5038028.964144793,-104709.54307390202,52.5154082204953,13.3890270675126,75.0043644246019,-0.0054768652877374,1
4713,test,1900,131874.099999956,1149251874.1,14,12,1,2,3783930.129452028,900703.4439075016,5038027.806529682,-104721.61564023972,52.5154084048652,13.3890269557658,74.9967938548892,-0.002404445757258,1
4714,test,1900,131874.299999956,1149251874.3,14,12,1,2,3783928.4927240177,900703.094356174,5038027.532607064,-104732.47216897846,52.5154085109476,13.3890270875174,74.9893734769425,4.27165289911921e-05,1
4715,test,1900,131874.499999956,1149251874.5,14,11,1,3,3783948.3153531603,900701.7599785979,5038032.659274722,-104741.2221762579,52.5154085019106,13.3890270593116,74.9821896716187,0.0024742108380064,1
4716,test,1900,131874.699999956,1149251874.7,14,11,1,2,3783947.9930601683,900701.6604382414,5038032.20733981,-104751.9181036682,52.5154085625944,13.3890270330878,74.975314788953,0.0051131178118351,1
4717,test,1900,131874.899999956,1149251874.9,14,11,1,2,3783947.0555137377,900702.226202743,5038031.0401597675,-104763.17585918648,52.5154085750106,13.3890270447624,74.9688081173027,0.0075886083137913,1
4718,test,1900,131875.099999956,1149251875.1,14,11,1,2,3783947.062322414,900703.1322245315,5038030.051959447,-104773.7102368309,52.5154084842298,13.3890270316195,74.9627151436303,0.0093437869969494,1
4719,test,1900,131875.299999956,1149251875.3,14,11,1,2,3783946.8133549257,900702.7372336278,5038029.846800092,-104784.16182624428,52.5154084302717,13.3890270299672,74.9570696336338,0.0101889416008879,1
4720,test,1900,131875.499999956,1149251875.5,14,11,1,2,3783947.0566038187,900703.7817779604,5038029.5580816055,-104794.03867988952,52.5154083638395,13.3890270044191,74.9518884224892,0.0103515072459217,1
4721,test,1900,131875.699999956,1149251875.7,14,11,1,2,3783946.812279181,900703.7748578085,5038029.0665712645,-104804.7249626482,52.5154083986081,13.3890270584624,74.9471752262271,0.0100943125015191,1
4722,test,1900,131875.899999956,1149251875.9,14,11,1,2,3783946.4410062185,900704.1192596832,5038028.79095355,-104815.20551120398,52.5154083575857,13.3890270477027,74.9429273039214,0.0095078988387061,1
4723,test,1900,131876.099999956,1149251876.1,14,11,1,2,3783945.5378054637,900704.7863325241,5038028.157364786,-104826.06643216826,52.5154081125441,13.3890270251008,74.9391400443144,0.0083473193356503,1
4724,test,1900,131876.299999956,1149251876.3,14,11,1,2,3783945.207182865,900705.6717246806,5038026.935472632,-104836.96572175287,52.5154080145764,13.3890269760933,74.9358002833568,0.0063685705299571,1
4725,test,1900,131876.499999956,1149251876.5,14,11,1,2,3783945.1728070187,900705.2712825466,5038027.527222867,-104846.9681945005,52.5154079823812,13.3890270366184,74.9328863548233,0.0027615302586954,1
4726,test,1900,131876.699999956,1149251876.7,14,11,1,2,3783945.018333431,900705.599841917,5038026.9756258745,-104857.50669222939,52.5154078823815,13.3890270423065,74.9303739486988,-0.0017349127576793,1
4727,test,1900,131876.899999956,1149251876.9,14,11,1,2,3783944.089365806,900704.7894932792,5038027.098277169,-104868.29190089834,52.5154078531167,13.3890270340618,74.9282393170304,-0.00782467322788,1
4728,test,1900,131877.099999956,1149251877.1,14,11,1,2,3783943.889340217,900704.8800262751,5038026.916580306,-104878.77065122373,52.5154076516234,13.3890270562735,74.9264578089303,-0.0147803002484508,1
4729,test,1900,131877.299999956,1149251877.3,14,11,1,2,3783944.2876728578,900705.1335090414,5038026.868746585,-104888.87792124391,52.5154076541774,13.3890270441448,74.9250016650513,-0.0205673261574065,1
4730,test,1900,131877.499999956,1149251877.5,14,11,1,2,3783943.8629822107,900704.8043629305,5038026.701771977,-104899.53923048014,52.5154076283106,13.389027059771,74.9238406398486,-0.0256550279355844,1
4731,test,1900,131877.699999956,1149251877.7,14,11,1,2,3783943.522469031,900704.476883084,5038026.809450714,-104909.99391824607,52.515407671866,13.3890270863651,74.9229472621544,-0.0291939793775402,1
4732,test,1900,131877.899999956,1149251877.9,14,11,1,2,3783943.5849859505,900705.2121744277,5038026.284202151,-104920.41202787815,52.5154077086366,13.3890270664251,74.9222962630351,-0.0301309469851683,1
4733,test,1900,131878.099999956,1149251878.1,14,12,1,2,3783943.6199028,900696.2185483555,5038036.13428228,-104922.63605314084,52.5154075899069,13.3890270857415,74.9218613228797,-0.028137959251221,1
4734,test,1900,131878.299999957,1149251878.3,14,12,1,2,3783943.3461400387,900696.3130354865,5038035.889925834,-104933.08471168531,52.5154075530035,13.3890270393586,74.9216141922586,-0.0209970000718043,1
4735,test,1900,131878.499999957,1149251878.5,15,12,1,2,3783942.9160428634,900697.1278788933,5038034.995317543,-104943.68461600454,52.5154075562687,13.3890270241062,74.9215269797787,-0.006277753351834,1
4736,test,1900,131878.699999957,1149251878.7,15,12,1,2,3783942.8856870946,900697.1160396535,5038034.913026513,-104954.06036616057,52.5154075458937,13.3890270763006,74.9215726767765,0.0188355043793542,1
4737,test,1900,131878.899999957,1149251878.9,16,12,1,2,3783943.3786440874,900696.8358261593,5038034.986867758,-104964.1824764274,52.5154073345193,13.3890271656523,74.9217253181236,0.0565455554975232,1
4738,test,1900,131879.099999957,1149251879.1,15,11,1,2,3783947.714395173,900691.2552719709,5038028.810908528,-104978.28783900419,52.5154070428305,13.3890272112092,74.9219557919241,0.108741049100664,0
4739,test,1900,131879.299999957,1149251879.3,14,12,1,2,3783947.992014689,900698.7938131379,5038038.949735144,-104979.6481804049,52.515406699738,13.3890273494228,74.9222302365368,0.178352866876915,0
4740,test,1900,131879.499999957,1149251879.5,15,12,1,2,3783949.1090393695,900700.112002155,5038042.072284776,-104986.86504179619,52.5154062902403,13.3890274222976,74.9225132468585,0.260049651007777,0
4741,test,1900,131879.699999957,1149251879.7,14,13,1,2,3783939.816913826,900705.3724523966,5038029.184766899,-105003.83970238331,52.5154057303294,13.3890274962694,74.9227785714175,0.341498969177718,0
4742,test,1900,131879.899999957,1149251879.9,14,13,1,2,3783940.847181207,900706.0516652088,5038027.083926072,-105015.28825273566,52.5154049421,13.3890275836676,74.9230064178163,0.413180496376072,0
4743,test,1900,131880.099999957,1149251880.1,13,13,1,2,3783944.5706625283,900703.7396364269,5038026.356653677,-105027.18307173607,52.5154040958878,13.3890276640353,74.9231776984979,0.472353467336216,0
4744,test,1900,131880.299999957,1149251880.3,13,13,1,2,3783951.9907123465,900702.904698885,5038029.161801997,-105034.4515745878,52.5154031372224,13.389027781436,74.9232739165518,0.521676318477998,0
4745,test,1900,131880.499999957,1149251880.5,13,13,1,2,3783958.7942227144,900701.3308766902,5038033.334542682,-105040.91916291333,52.5154021826651,13.3890279061367,74.9232776098454,0.568422810967013,0
4746,test,1900,131880.699999957,1149251880.7,14,14,1,2,3783962.5771735557,900701.0561409983,5038035.121520852,-105048.39097516063,52.5154010796111,13.3890280575246,74.9231725237522,0.621723331793986,0
4747,test,1900,131880.899999957,1149251880.9,14,14,1,2,3783967.1923704897,900697.9745353286,5038044.727292565,-105050.92385000031,52.5153999192267,13.389028213525,74.9229438090146,0.693481133246014,0
4748,test,1900,131881.099999957,1149251881.1,14,13,1,2,3783965.8907743236,900693.3312250478,5038046.539821278,-105062.33613691639,52.515398568099,13.3890283946004,74.9225786580135,0.793351795109241,0
4749,test,1900,131881.299999957,1149251881.3,14,13,1,2,3783965.0681262068,900698.2362073613,5038046.95557523,-105072.28297205282,52.5153970295777,13.3890286061893,74.9220661873228,0.925627576141385,0
4750,test,1900,131881.499999957,1149251881.5,15,14,1,2,3783969.812718541,900703.551528589,5038050.33244261,-105076.42020893875,52.5153951303955,13.3890288467566,74.9213975061769,1.09062386921239,0
4751,test,1900,131881.699999957,1149251881.7,14,13,1,2,3783968.3293705177,900703.6978602634,5038054.9934875965,-105085.13795671632,52.5153929779262,13.3890291296412,74.9205662426444,1.28853575610541,0
4752,test,1900,131881.899999957,1149251881.9,15,13,1,2,3783964.5393151473,900702.5136049062,5038046.563420644,-105103.93873089163,52.5153905582405,13.3890294765081,74.9195683658461,1.51830740113408,0
4753,test,1900,131882.099999957,1149251882.1,15,14,1,2,3783967.310748882,900706.4899684511,5038038.980747797,-105116.20311567343,52.5153876635363,13.3890298919479,74.9184027218142,1.7743382911631,0
4754,test,1900,131882.299999957,1149251882.3,15,14,1,2,3783965.640885147,900706.2198399978,5038033.156068542,-105130.90864681316,52.5153842024377,13.3890303856194,74.9170704683799,2.04797451700223,0
4755,test,1900,131882.499999957,1149251882.5,15,14,1,2,3783966.2795976135,900705.4640115531,5038032.973642945,-105141.96217730438,52.515380274887,13.3890309474729,74.9155754157041,2.3314240641013,0
4756,test,1900,131882.699999957,1149251882.7,15,14,1,2,3783969.444862849,900705.1007237516,5038036.642443387,-105150.03746152415,52.515375930008,13.3890316000245,74.913923615288,2.61449846460397,0
4757,test,1900,131882.899999957,1149251882.9,15,14,1,2,3783970.8664594255,900703.8647746405,5038036.7474911725,-105160.04926083659,52.5153710153668,13.3890323328601,74.9121236981177,2.88549022664848,0
4758,test,1900,131883.099999957,1149251883.1,14,13,1,2,3783972.63486617,900704.0803606119,5038036.562373564,-105170.2728798248,52.5153656653716,13.3890331513884,74.910186641829,3.13413463465506,0
4759,test,1900,131883.299999957,1149251883.3,15,13,1,3,3783991.3735266067,900706.6829789666,5038042.1848866055,-105167.25302292718,52.5153599176323,13.389034043206,74.9081261912866,3.35334450048634,0
4760,test,1900,131883.499999957,1149251883.5,13,12,1,2,3783992.7689226954,900707.7995777474,5038040.292783868,-105176.89459200736,52.5153538124937,13.3890349943989,74.905958876686,3.54198340713018,0
4761,test,1900,131883.699999957,1149251883.7,13,12,1,2,3783989.6161876745,900708.925610332,5038044.144932811,-105186.04811187631,52.5153473598205,13.3890360060246,74.9037030894371,3.7036389444583,0
4762,test,1900,131883.899999957,1149251883.9,14,13,1,2,3783973.665904248,900705.2273229235,5038040.981998948,-105207.32268205681,52.5153406575367,13.3890370704442,74.9013785863239,3.84684806571408,0
4763,test,1900,131884.099999957,1149251884.1,16,14,1,2,3783970.11696778,900705.9594608458,5038039.03772666,-105219.43612052622,52.5153336788269,13.3890381526178,74.8990053607002,3.98486789805135,0
4764,test,1900,131884.299999957,1149251884.3,17,15,1,2,3783971.0617059073,900707.8807894939,5038032.691359366,-105232.77418659853,52.5153265773771,13.3890392744261,74.8966027971259,4.13098046681668,0
4765,test,1900,131884.499999957,1149251884.5,16,14,1,2,3783971.6254734388,900708.9078021202,5038034.147636563,-105243.45545821793,52.5153192053298,13.3890404158255,74.8941889800595,4.29190876256423,0
4766,test,1900,131884.699999957,1149251884.7,16,15,1,2,3783974.0526031917,900709.8974442955,5038037.589209266,-105251.01376229676,52.5153114338107,13.3890416140095,74.8917809606557,4.46993369367182,0
4767,test,1900,131884.899999957,1149251884.9,15,14,1,2,3783973.1539720404,900706.5708871451,5038029.76599262,-105266.02007980343,52.5153033247586,13.3890428314014,74.8893929540529,4.6639150053914,0
4768,test,1900,131885.199999957,1149251885.2,15,14,1,2,3783975.4909130307,900703.3291434641,5038031.072729586,-105279.37162074876,52.5152905931864,13.3890447378435,74.8858730751725,4.97314963601739,0
4769,test,1900,131885.499999957,1149251885.5,15,14,1,2,3783973.071823887,900703.7047158398,5038019.377672769,-105302.30384131115,52.5152769000131,13.3890467239158,74.8824525464955,5.28373999750548,0
4770,test,1900,131885.699999957,1149251885.7,14,14,1,2,3783973.9278654787,900704.5539373156,5038015.578829849,-105315.23445483195,52.5152673103761,13.389048096339,74.8802367497768,5.4861585116569,0
4771,test,1900,131885.899999957,1149251885.9,14,14,1,2,3783974.131171846,900706.8708874797,5038009.761328193,-105328.51358103142,52.5152573673594,13.3890495203565,74.8780760588629,5.68396821959912,0
4772,test,1900,131886.099999957,1149251886.1,14,14,1,2,3783974.818557201,900706.888578954,5038006.262378279,-105340.76232847989,52.5152472043503,13.3890509166933,74.8759711451388,5.87731364989574,0
4773,test,1900,131886.299999957,1149251886.3,14,13,1,2,3783975.834883801,900714.3817561691,5037998.471338743,-105356.08864253247,52.5152366814025,13.389052311476,74.8739211627021,6.06463087490872,0
4774,test,1900,131886.499999957,1149251886.5,14,13,1,2,3783976.005942242,900714.3796094793,5037998.570262989,-105366.78101390207,52.515225845617,13.3890536637067,74.8719239282326,6.24302328889796,0
4775,test,1900,131886.699999957,1149251886.7,14,13,1,2,3783975.7681325385,900715.5457194325,5037998.163258564,-105377.05416261968,52.5152145449159,13.3890549527693,74.8699767976883,6.41175070382763,0
4776,test,1900,131886.899999957,1149251886.9,14,14,1,2,3783978.2151138894,900709.6831214956,5038008.838849878,-105378.17053774637,52.5152030084683,13.3890561547793,74.8680756640315,6.5702530134368,0
4777,test,1900,131887.099999957,1149251887.1,15,14,1,2,3783978.2314314293,900710.0618252928,5038007.02506112,-105389.9078065137,52.515191089294,13.3890572734952,74.8662173799824,6.71628739220444,0
4778,test,1900,131887.299999957,1149251887.3,13,13,1,2,3783978.1510769306,900718.4210443875,5037997.421411843,-105407.69274401602,52.5151792139866,13.3890582919341,74.864400431973,6.85006997238129,0
4779,test,1900,131887.499999957,1149251887.5,13,13,1,2,3783978.1646644585,900719.018227664,5037997.111392132,-105417.71397181226,52.5151668698643,13.3890592338051,74.8626247998138,6.96744974000828,0
4780,test,1900,131887.699999957,1149251887.7,12,12,1,2,3783976.9151241956,900713.5462668531,5037988.348128238,-105434.19970324112,52.5151544833878,13.3890601426162,74.8608948631178,7.06872781513156,0
4781,test,1900,131887.899999957,1149251887.9,13,13,1,2,3783975.4101163284,900718.4839935494,5037993.4458223265,-105440.86100332094,52.5151417774083,13.3890610212801,74.8592190242557,7.15618764019349,0
4782,test,1900,131888.099999957,1149251888.1,15,14,1,2,3783977.3115838785,900715.7914964964,5037997.057128963,-105448.05290900802,52.5151291036292,13.3890618701594,74.8576115329614,7.2332322313257,0
4783,test,1900,131888.299999957,1149251888.3,15,14,1,2,3783978.380297776,900713.9655913459,5037997.526865399,-105457.52531985339,52.5151162251723,13.38906268564,74.8560929067126,7.29540487425452,0
4784,test,1900,131888.499999957,1149251888.5,15,14,1,2,3783979.003497044,900712.6917866735,5037994.787739094,-105468.98556203014,52.5151036106477,13.3890641948413,74.8546882614489,7.33446236371814,0
4785,test,1900,131888.699999957,1149251888.7,14,13,1,2,3783982.6236485634,900711.6716686672,5038014.715439487,-105465.10442783576,52.5150904218851,13.3890650654615,74.8534205795324,7.34752623767025,0
4786,test,1900,131888.899999957,1149251888.9,15,14,1,2,3783981.747724233,900712.7907795368,5037994.77560318,-105488.09483698179,52.5150772905696,13.3890659810325,74.8523235610482,7.32912298415055,0
4787,test,1900,131889.099999957,1149251889.1,14,13,1,2,3783984.8626024676,900712.7761916241,5038016.59602175,-105483.03707475198,52.5150641801697,13.3890669443862,74.851433454032,7.27631819731513,0
4788,test,1900,131889.299999957,1149251889.3,15,14,1,2,3783984.1988439457,900709.4115167544,5037993.839383111,-105507.64390197635,52.5150513335695,13.3890679741429,74.850777730157,7.19632768976405,0
4789,test,1900,131889.599999957,1149251889.6,16,15,1,2,3783985.684146801,900711.8453954705,5037997.7680321,-105518.89906566405,52.5150323525014,13.3890696807152,74.8502806042444,7.04874279356067,0
4790,test,1900,131889.799999957,1149251889.8,15,14,1,2,3783990.457441282,900711.955755254,5038016.746661077,-105515.23613316072,52.5150200623894,13.3890709125266,74.8502955661097,6.94352808999351,0
4791,test,1900,131889.999999957,1149251890.0,16,15,1,2,3783988.9817584455,900712.6513133075,5037993.016873903,-105541.46777335854,52.5150078478927,13.3890722490492,74.8505971998938,6.83640121161402,0
4792,test,1900,131890.199999957,1149251890.2,15,15,1,2,3783988.908282857,900711.7024364391,5037991.920524647,-105551.55320706678,52.5149957630697,13.3890736667161,74.8511881793915,6.73024553984979,0
4793,test,1900,131890.399999957,1149251890.4,15,15,1,2,3783991.1551395184,900712.0721529518,5037991.354660188,-105560.4736844691,52.5149840577156,13.3890751642911,74.8520649817255,6.62724630515704,0
4794,test,1900,131890.599999957,1149251890.6,15,15,1,2,3783993.3642711933,900712.3237373763,5037987.323232958,-105573.0119420531,52.5149723543231,13.3890767680201,74.8532196002279,6.53057633905761,0
4795,test,1900,131890.799999957,1149251890.8,14,14,1,2,3783995.1644519684,900714.997134308,5037986.049972984,-105585.24760142915,52.5149609025015,13.3890784149422,74.8546391532133,6.44480971312438,0
4796,test,1900,131890.999999957,1149251891.0,14,14,1,2,3783997.475015205,900715.1503492362,5037987.357867149,-105593.77897300597,52.5149493491182,13.3890801328141,74.8563064515486,6.37359615127011,0
4797,test,1900,131891.199999957,1149251891.2,14,14,1,2,3783998.919482007,900716.1486310511,5037989.284105801,-105601.68422518406,52.5149382783411,13.3890819017556,74.8581997886387,6.31810472948875,0
4798,test,1900,131891.399999957,1149251891.4,14,14,1,2,3784001.0565456115,900714.9416933837,5037987.783898382,-105612.60590273452,52.5149271508944,13.389083723913,74.8602957820256,6.27680302790218,0
4799,test,1900,131891.599999957,1149251891.6,14,14,1,2,3784003.661251372,900714.842504849,5037989.527485769,-105621.2390551405,52.5149160943706,13.3890855925035,74.86256878254,6.24905857586055,0
4800,test,1900,131891.799999957,1149251891.8,14,14,1,2,3784005.3933479385,900714.4435683929,5037988.279879915,-105631.87900802676,52.5149049946939,13.3890875386094,74.8649914923304,6.23173438366195,0
4801,test,1900,131891.999999957,1149251892.0,14,14,1,2,3784008.2946060584,900714.1283924741,5037990.00717627,-105639.86717367337,52.5148939869849,13.3890895581616,74.867536277482,6.21943023966183,0
4802,test,1900,131892.199999957,1149251892.2,13,13,1,2,3784008.666149283,900715.5532073686,5037989.150074343,-105650.768191842,52.5148829780545,13.3890916607027,74.8701752832534,6.20525452370122,0
4803,test,1900,131892.399999957,1149251892.4,13,13,1,2,3784010.0583064286,900715.877999753,5037984.652662887,-105664.16828622774,52.5148720095062,13.3890938512437,74.8728817070604,6.18724175470999,0
4804,test,1900,131892.599999957,1149251892.6,14,14,1,2,3784012.9619197175,900713.5379329462,5037991.71523121,-105669.40267912082,52.5148612177317,13.3890961474289,74.8756279373313,6.16900402874449,0
4805,test,1900,131892.799999957,1149251892.8,13,13,1,2,3784010.1145445183,900712.026943138,5037964.539188694,-105698.71835444389,52.5148503256338,13.3890985650945,74.8783833248641,6.15469010905151,0
4806,test,1900,131892.999999957,1149251893.0,14,14,1,2,3784016.551264486,900708.6913341008,5037984.1263998365,-105694.90756867015,52.5148395560754,13.3891011222837,74.881114989765,6.14853101824087,0
4807,test,1900,131893.199999957,1149251893.2,13,13,1,2,3784015.793632832,900707.3404702839,5037950.807950689,-105726.69485635789,52.5148287267825,13.3891038212564,74.8837884953304,6.15142261156073,0
4808,test,1900,131893.399999957,1149251893.4,12,12,1,3,3783991.3302811524,900719.1738484001,5037929.120327759,-105762.38896841154,52.5148179901334,13.389106661133,74.8863692547179,6.16100139235973,0
4809,test,1900,131893.599999957,1149251893.6,13,13,1,2,3783999.3855089303,900717.9286083884,5037966.9844751675,-105744.8473369369,52.5148072664881,13.3891096246803,74.8888232978756,6.16962122709168,0
4810,test,1900,131893.799999957,1149251893.8,15,14,1,2,3784016.310568144,900712.9109747222,5037943.017382816,-105762.80879758693,52.5147963717494,13.3891127349978,74.8911198889162,6.16583399235827,0
4811,test,1900,131893.999999957,1149251894.0,16,15,1,2,3784018.95845872,900712.4386930123,5037976.964119862,-105750.9707557147,52.5147855620859,13.3891159671212,74.8932319395137,6.14026485397094,0
4812,test,1900,131894.199999957,1149251894.2,15,14,1,3,3783999.7855657227,900720.8893460559,5037962.444124956,-105778.0202917653,52.5147747799834,13.3891193158599,74.8951359231474,6.08386202639851,0
4813,test,1900,131894.399999957,1149251894.4,16,15,1,3,3784021.983420681,900713.1158675421,5037976.769677569,-105770.37322224327,52.5147642476579,13.3891227457334,74.8968135296395,5.99273466221698,0
4814,test,1900,131894.599999957,1149251894.6,15,14,1,3,3784002.7549372693,900719.7601559839,5037964.7463618135,-105796.63602958649,52.514753874969,13.3891261939133,74.8982510596291,5.87211090748231,0
4815,test,1900,131894.799999957,1149251894.8,16,15,1,3,3784026.9795562727,900712.3123098048,5037978.876518236,-105786.94729668015,52.5147437436056,13.3891296265016,74.8994393047038,5.73461007321916,0
4816,test,1900,131894.999999957,1149251895.0,16,15,1,2,3784028.466511752,900711.3279876888,5037981.041386439,-105795.05307181073,52.514733909109,13.3891330105077,74.9003733064385,5.59326779000914,0
4817,test,1900,131895.199999957,1149251895.2,12,12,1,2,3784027.4027011697,900714.7065199298,5037955.111710716,-105820.78745490559,52.5147242362973,13.3891363510274,74.9010530963651,5.45789054746812,0
4818,test,1900,131895.399999957,1149251895.4,12,12,1,3,3784005.9455202757,900719.5360406633,5037968.776231139,-105831.79942229479,52.5147149796204,13.3891396317298,74.9014840639469,5.33117078425644,0
4819,test,1900,131895.599999957,1149251895.6,13,13,1,2,3784023.4960167245,900713.6041668255,5037981.904729794,-105825.37915721552,52.514705833077,13.3891428468677,74.901676013583,5.2101531365702,0
4820,test,1900,131895.799999957,1149251895.8,15,15,1,3,3784026.570177238,900693.6951954345,5038014.068143994,-105807.16472934926,52.5146968603459,13.3891460050744,74.9016414112861,5.09197685895062,0
4821,test,1900,131895.999999957,1149251896.0,15,15,1,2,3784025.7759813988,900696.0677799544,5038011.445072042,-105820.49111174227,52.51468802397,13.3891490911647,74.901394384926,4.97612562398009,0
4822,test,1900,131896.199999957,1149251896.2,16,15,1,2,3784028.2537468155,900699.153815167,5038011.282592577,-105830.55152017255,52.5146794120415,13.3891520317104,74.9009493515231,4.86397630248652,0
4823,test,1900,131896.399999957,1149251896.4,15,14,1,2,3784022.563618101,900705.0616735568,5038002.119575977,-105849.18885619797,52.5146709908043,13.3891548678921,74.9003211784397,4.75710271565488,0
4824,test,1900,131896.599999957,1149251896.6,16,15,1,2,3784029.2958268537,900705.5492440924,5038004.5825242195,-105854.77217046714,52.5146627372367,13.3891575896698,74.8995248772571,4.6584536565077,0
4825,test,1900,131896.799999957,1149251896.8,15,14,1,2,3784021.1750750523,900709.6438015157,5037994.222029488,-105875.09034315385,52.5146545519966,13.3891601666765,74.8985754359875,4.57180106235735,0
4826,test,1900,131896.999999958,1149251897.0,16,15,1,2,3784031.272804716,900707.6715021408,5037996.560582581,-105879.63174244278,52.5146465829917,13.3891626398148,74.8974874107499,4.50145593945701,0
4827,test,1900,131897.199999958,1149251897.2,16,15,1,2,3784031.3296442204,900710.7041497221,5037997.066073025,-105889.86339609405,52.5146387892401,13.389165024549,74.896274147714,4.44864257443088,0
4828,test,1900,131897.399999958,1149251897.4,14,13,1,2,3784034.5407147645,900712.096618451,5038005.639250388,-105894.56763672314,52.5146310356714,13.3891673309293,74.8949479343583,4.41018115281675,0
4829,test,1900,131897.599999958,1149251897.6,13,12,1,2,3784032.0629153466,900713.6054801232,5038007.259290015,-105904.09060196382,52.5146232553334,13.3891695662305,74.8935196181676,4.38049230968444,0
4830,test,1900,131897.799999958,1149251897.8,13,12,1,2,3784021.661231515,900714.4825921596,5038002.7607785,-105922.38782844992,52.5146156682817,13.3891717207026,74.8919989016736,4.35560132145615,0
4831,test,1900,131897.999999958,1149251898.0,13,12,1,2,3784039.7583744586,900711.1581860619,5038012.002473933,-105918.15920546456,52.5146080653281,13.3891738217402,74.8903936192819,4.33363398318035,0
4832,test,1900,131898.199999958,1149251898.2,14,13,1,2,3784038.4095832445,900710.4071654242,5038004.768019894,-105932.79111639757,52.5146004334241,13.3891758658743,74.8887103283651,4.31222210409617,0
4833,test,1900,131898.399999958,1149251898.4,14,13,1,2,3784041.458813434,900710.4246908124,5038015.440213193,-105934.50605764663,52.5145928355792,13.3891778363501,74.8869551772171,4.28901122347915,0
4834,test,1900,131898.599999958,1149251898.6,14,13,1,2,3784044.62218762,900709.1530890282,5038007.226341526,-105948.64171841489,52.5145852882555,13.389179754381,74.8851333802974,4.26239892405371,0
4835,test,1900,131898.799999958,1149251898.8,13,13,1,2,3784043.5218334147,900710.1479422118,5038003.300095799,-105961.87129923645,52.5145778411608,13.3891815917785,74.8832495643886,4.2294746814217,0
4836,test,1900,131898.999999958,1149251899.0,13,13,1,2,3784041.5689824666,900711.4613735757,5037999.242219849,-105974.67884870374,52.514570476086,13.3891833652904,74.8813081837969,4.18668031670676,0
4837,test,1900,131899.199999958,1149251899.2,15,15,1,2,3784042.733500633,900716.9265245253,5037999.696791559,-105983.83594442713,52.5145631453969,13.3891850383335,74.8793131492986,4.13219840309568,0
4838,test,1900,131899.399999958,1149251899.4,15,15,1,2,3784042.6851933985,900718.2272022684,5037996.344167095,-105995.60728877017,52.5145557859395,13.3891866197652,74.8772682539911,4.06473399867221,0
4839,test,1900,131899.599999958,1149251899.6,13,13,1,2,3784030.093880779,900723.5828168568,5037982.556043168,-106019.13623925754,52.5145488096555,13.3891880751881,74.8751770527394,3.98577682087708,0
4840,test,1900,131899.799999958,1149251899.8,13,13,1,2,3784030.30771168,900721.2981709385,5037984.649062354,-106028.65436969436,52.5145418636251,13.389189417502,74.8730427214537,3.90040723983875,0
4841,test,1900,131899.999999958,1149251900.0,14,14,1,2,3784031.274868375,900724.4234903166,5037982.064789089,-106038.9151061528,52.5145350531872,13.3891906439544,74.8708683631069,3.8143234136989,0
4842,test,1900,131900.199999958,1149251900.2,14,14,1,2,3784033.212393758,900725.5297529044,5037986.5993526,-106045.64005385771,52.5145283746861,13.3891917503647,74.8686567198726,3.73234432555453,0
4843,test,1900,131900.399999958,1149251900.4,15,15,1,2,3784049.9620798766,900718.1569222149,5037995.980280896,-106042.28194541179,52.5145217343949,13.3891927290937,74.86641001609,3.65668534204796,0
4844,test,1900,131900.599999958,1149251900.6,15,15,1,2,3784048.053107417,900719.2669476307,5037995.451497111,-106053.9841813059,52.5145152270276,13.3891936092178,74.8641306889679,3.58847950103933,0
4845,test,1900,131900.799999958,1149251900.8,14,14,1,2,3784049.4652744075,900719.2854321211,5037997.89440804,-106061.91256138597,52.5145089822906,13.3891943876716,74.8618207077301,3.52893754940652,0
4846,test,1900,131900.999999958,1149251901.0,15,15,1,2,3784049.927484066,900719.3074433401,5037997.253586808,-106072.79355338328,52.514502802214,13.3891950734602,74.8594820686896,3.47802059426784,0
4847,test,1900,131901.199999958,1149251901.2,13,13,1,2,3784050.028613242,900717.7583838343,5038002.717588822,-106078.31503028283,52.5144966143585,13.3891956738764,74.8571164989378,3.43458297290295,0
4848,test,1900,131901.399999958,1149251901.4,13,13,1,2,3784048.139351672,900724.3773488137,5037988.000841084,-106099.20920653593,52.5144906104592,13.3891961837724,74.8547258260233,3.39753124946394,0
4849,test,1900,131901.599999958,1149251901.6,14,14,1,2,3784052.494641794,900719.3416055407,5037990.142840541,-106105.32054584127,52.5144845881965,13.3891966053696,74.8523118300323,3.36421037690523,0
4850,test,1900,131901.799999958,1149251901.8,13,13,1,2,3784053.8433237933,900718.5428409688,5037992.719135284,-106113.95653085543,52.514478669979,13.3891969258567,74.8498764987058,3.33315984134289,0
4851,test,1900,131901.999999958,1149251902.0,13,13,1,2,3784053.105611768,900718.9236136704,5037994.091596847,-106123.6701143833,52.5144727808839,13.3891971685837,74.8474216730677,3.30493856011076,0
4852,test,1900,131902.199999958,1149251902.2,12,12,1,2,3784053.9379197643,900717.6034533748,5037995.85906792,-106131.31982424158,52.5144671067497,13.3891973011995,74.844948909141,3.28011424381338,0
4853,test,1900,131902.399999958,1149251902.4,14,14,1,2,3784053.778962125,900715.1995264048,5037992.050283723,-106143.64872101856,52.5144613871619,13.3891973542143,74.8424595452892,3.25830946717346,0
4854,test,1900,131902.599999958,1149251902.6,14,14,1,2,3784052.9610524816,900720.1453548162,5037994.299085422,-106152.98919308341,52.5144556830702,13.3891973211537,74.8399551771278,3.23947065118297,0
4855,test,1900,131902.799999958,1149251902.8,14,14,1,2,3784053.2662692717,900719.8817133389,5037988.740935219,-106167.0695311017,52.514449965309,13.389197205193,74.8374373475319,3.22259104737934,0
4856,test,1900,131902.999999958,1149251903.0,14,14,1,2,3784052.6168683954,900719.9933357609,5037983.885790099,-106180.07958055554,52.5144441886608,13.3891970230578,74.8349075823865,3.20675493528779,0
4857,test,1900,131903.199999958,1149251903.2,15,15,1,2,3784050.5994514585,900721.9984857901,5037978.04273501,-106194.57410818983,52.514438462216,13.3891967690864,74.8323669555092,3.19178872625646,0
4858,test,1900,131903.399999958,1149251903.4,14,14,1,2,3784050.0696170297,900720.8117465316,5037978.24122712,-106205.48897986693,52.5144328221491,13.3891964397638,74.8298165793405,3.17812016456992,0
4859,test,1900,131903.599999958,1149251903.6,13,13,1,2,3784046.226230119,900724.396065971,5037972.778109949,-106221.45579075963,52.5144271462469,13.3891960462096,74.8272574292105,3.16651643421431,0
4860,test,1900,131903.799999958,1149251903.8,15,14,1,2,3784056.235177611,900720.3674490514,5037977.300193466,-106224.40048706645,52.5144216054253,13.3891956036562,74.824690673297,3.16025008185832,0
4861,test,1900,131903.999999958,1149251904.0,15,14,1,2,3784057.698845419,900721.5679358914,5037976.5291592395,-106234.19371645982,52.5144159384915,13.3891951203732,74.8221173912926,3.16302873893551,0
4862,test,1900,131904.199999958,1149251904.2,14,14,1,2,3784058.8561895136,900722.2655806295,5037976.9974277085,-106242.76449230567,52.5144103871947,13.3891945609185,74.8195384594309,3.17793095556054,0
4863,test,1900,131904.399999958,1149251904.4,13,13,1,2,3784060.6319124247,900723.2058777033,5037987.91487787,-106246.03915367328,52.5144047151863,13.3891939640635,74.8169544099259,3.20691849140376,0
4864,test,1900,131904.599999958,1149251904.6,15,15,1,2,3784058.052460582,900726.2108055097,5037974.92099858,-106265.98766425972,52.5143990004964,13.3891933325006,74.8143657864493,3.25159026267536,0
4865,test,1900,131904.799999958,1149251904.8,15,15,1,2,3784059.3594696997,900726.8033787799,5037972.604598212,-106277.81524803593,52.5143932473473,13.3891927025057,74.8117729325357,3.31349526595452,0
4866,test,1900,131904.999999958,1149251905.0,14,14,1,2,3784059.065724646,900726.1761311836,5037974.324283053,-106287.60531568411,52.5143872732898,13.3891920815629,74.80917601767,3.39112430047163,0
4867,test,1900,131905.199999958,1149251905.2,14,14,1,2,3784060.2479324993,900727.1951865528,5037978.940902562,-106294.12934834285,52.5143812682431,13.389191476343,74.8065754999999,3.47939825962451,0
4868,test,1900,131905.399999958,1149251905.4,14,14,1,2,3784061.8792117145,900728.9855087233,5037982.818010347,-106300.89333620279,52.5143750570158,13.389190911738,74.8039709826787,3.5709586661712,0
4869,test,1900,131905.599999958,1149251905.6,14,13,1,2,3784053.256199868,900731.7488852711,5037981.465984084,-106316.81149773212,52.5143686117126,13.3891904575127,74.8013624536874,3.65678079014414,0
4870,test,1900,131905.799999958,1149251905.8,16,15,1,2,3784060.620928127,900729.9913063337,5037987.41623995,-106320.39336789284,52.5143619770671,13.3891901164513,74.7987498386317,3.72690465500765,0
4871,test,1900,131905.999999958,1149251906.0,14,13,1,2,3784052.023262798,900733.2080493259,5037968.79936707,-106346.1690991453,52.5143552064471,13.3891899122894,74.7961323975666,3.77465238023104,0
4872,test,1900,131906.199999958,1149251906.2,16,15,1,2,3784061.842647356,900729.6793894862,5037986.858679161,-106340.9927467284,52.5143484634824,13.3891898686634,74.7935099613247,3.79858518497285,0
4873,test,1900,131906.399999958,1149251906.4,14,13,1,2,3784051.4775284855,900735.2826749702,5037977.3473177105,-106361.75318974027,52.5143416646205,13.3891899873035,74.7908827378939,3.80127811667769,0
4874,test,1900,131906.599999958,1149251906.6,15,14,1,2,3784063.71460852,900729.4960216265,5037983.676011745,-106361.76334078153,52.5143349250706,13.3891902867156,74.7882512214558,3.78792328619685,0
4875,test,1900,131906.799999958,1149251906.8,15,14,1,2,3784062.0966280364,900728.9949653959,5037973.571489075,-106378.49216022842,52.514328203874,13.3891907500809,74.7856159843509,3.76533492017109,0
4876,test,1900,131906.999999958,1149251907.0,16,15,1,2,3784062.1971150385,900729.1868982518,5037981.262692178,-106384.54749159193,52.5143214471029,13.3891913874039,74.7829776376472,3.73786091237636,0
4877,test,1900,131907.199999958,1149251907.2,16,15,1,2,3784059.3760454413,900731.7153677071,5037979.17718582,-106397.1762034433,52.5143147375975,13.389192187235,74.7803376861588,3.70766356236584,0
4878,test,1900,131907.399999958,1149251907.4,15,14,1,2,3784059.3953266246,900731.773593235,5037982.153434279,-106405.50187147294,52.5143081026972,13.3891930943875,74.7776971264825,3.67608289521104,0
4879,test,1900,131907.599999958,1149251907.6,15,15,1,2,3784059.485165667,900732.4714536973,5037985.231217402,-106414.25213309679,52.5143015783968,13.3891940612385,74.7750579631546,3.64481791338704,0
4880,test,1900,131907.799999958,1149251907.8,15,15,1,2,3784059.881615575,900731.2389359042,5037989.350388309,-106420.59110431129,52.5142951130409,13.3891950468062,74.772422210153,3.6150666140218,0
4881,test,1900,131907.999999958,1149251908.0,14,14,1,2,3784055.7998823007,900734.8976871141,5037987.906402205,-106433.45084903298,52.5142887218366,13.3891960403211,74.7697922140289,3.586622202427,0
4882,test,1900,131908.199999958,1149251908.2,14,14,1,2,3784065.342765892,900726.9145504952,5038001.38391612,-106429.81290133635,52.5142822907246,13.3891970417293,74.7671710093744,3.55937949102974,0
4883,test,1900,131908.399999958,1149251908.4,15,15,1,2,3784063.0530813537,900730.3204199714,5037990.2237059735,-106448.86657689871,52.5142759271881,13.389198039757,74.7645617143493,3.53262892806492,0
4884,test,1900,131908.599999958,1149251908.6,15,14,1,2,3784056.211484837,900732.7021623843,5037983.346369088,-106467.31385394973,52.514269684071,13.3891990472284,74.7619678096113,3.50595324864107,0
4885,test,1900,131908.799999958,1149251908.8,16,15,1,2,3784068.7353465892,900730.0753877377,5037992.431421013,-106466.06972893573,52.5142634235402,13.3892000524502,74.759393133026,3.48050537079201,0
4886,test,1900,131908.999999958,1149251909.0,16,15,1,2,3784069.5487522576,900728.5903922726,5037992.362722233,-106474.63771904922,52.5142574643234,13.3892016726227,74.7568419489555,3.45498916263405,0
4887,test,1900,131909.199999958,1149251909.2,16,15,1,2,3784070.5251760776,900729.6646738418,5037992.260761463,-106484.81256294853,52.5142512046976,13.389202667895,74.7543183219996,3.43174091939283,0
4888,test,1900,131909.399999958,1149251909.4,15,15,1,2,3784073.6411787695,900729.725565875,5037993.778286114,-106492.27999433731,52.514245064352,13.3892036610652,74.7518265852197,3.41804234167831,0
4889,test,1900,131909.599999958,1149251909.6,16,15,1,2,3784070.039440268,900732.9415989061,5037990.119839427,-106506.84850801484,52.5142390154241,13.3892046471159,74.7493710590514,3.41908482922346,0
4890,test,1900,131909.799999958,1149251909.8,16,15,1,2,3784068.0292678825,900732.6594306079,5037985.050991137,-106521.39564851148,52.5142328395296,13.3892056362911,74.7469565636756,3.43834251367927,0
4891,test,1900,131909.999999958,1149251910.0,16,15,1,2,3784068.220816954,900733.1777652447,5037983.463807027,-106533.15201072328,52.5142266569071,13.389206636831,74.7445876893956,3.47480644413385,0
4892,test,1900,131910.199999958,1149251910.2,15,14,1,2,3784058.9502900834,900738.7015335503,5037977.578142627,-106551.91193444323,52.5142204034568,13.3892076502835,74.7422690450487,3.52417769401939,0
4893,test,1900,131910.399999958,1149251910.4,16,15,1,2,3784069.90845227,900735.3519856321,5037988.287845698,-106549.54695507664,52.5142140998098,13.389208645579,74.7400049014865,3.5813719033415,0
4894,test,1900,131910.599999958,1149251910.6,16,15,1,2,3784068.478367161,900736.0572621129,5037985.542978073,-106563.28941734771,52.5142076171128,13.38920965752,74.7377998594765,3.64286904291113,0
4895,test,1900,131910.799999958,1149251910.8,16,15,1,2,3784068.7836162895,900734.9953240014,5037988.667397274,-106570.16288682722,52.5142009929173,13.3892107429089,74.7356578810212,3.7055497356856,0
4896,test,1900,131910.999999958,1149251911.0,15,14,1,2,3784062.109255404,900735.8099344929,5037984.056396637,-106585.94768809617,52.5141942746453,13.3892118480014,74.733583078108,3.76755346142079,0
4897,test,1900,131911.199999958,1149251911.2,16,15,1,2,3784070.9853277537,900732.7149923842,5037989.078255351,-106589.34426455978,52.5141873723835,13.3892129252468,74.731578823728,3.82622349925952,0
4898,test,1900,131911.399999958,1149251911.4,16,15,1,2,3784067.323972803,900732.9492580388,5037982.964906266,-106603.97567139147,52.5141808634037,13.3892143506883,74.7296480055187,3.87751005021616,0
4899,test,1900,131911.599999958,1149251911.6,16,15,1,2,3784069.0068871886,900734.5184199254,5037987.648584607,-106610.18359985824,52.514173883682,13.3892155276274,74.7277937073572,3.91515385511707,0
4900,test,1900,131911.799999958,1149251911.8,15,14,1,2,3784069.8943745587,900728.7387709728,5037988.512575483,-106618.7007972531,52.5141668034147,13.3892167094286,74.7260181748958,3.9343772327437,0
4901,test,1900,131911.999999958,1149251912.0,16,15,1,2,3784068.2014179453,900735.393214613,5037979.289341459,-106635.74807996606,52.5141597624734,13.3892178959368,74.7243234791993,3.93466016044943,0
4902,test,1900,131912.199999958,1149251912.2,16,15,1,2,3784066.8890364696,900732.4848853498,5037977.067896175,-106647.31227046513,52.5141527589719,13.3892189381604,74.7227111472045,3.91867085953527,0
4903,test,1900,131912.399999958,1149251912.4,16,15,1,2,3784070.4712314857,900731.6426510368,5037983.982432902,-106652.49769256801,52.5141458320967,13.3892200923374,74.7211820612248,3.88899275906007,0
4904,test,1900,131912.599999958,1149251912.6,16,15,1,2,3784071.3861479657,900732.6106371672,5037982.932018356,-106663.23620139474,52.5141418272109,13.3892211111213,74.7197332809631,3.85344531646555,0
4905,test,1900,131912.799999958,1149251912.8,15,14,1,2,3784075.4168277998,900729.1110102466,5037995.066250945,-106663.74342404128,52.514134974592,13.3892222542812,74.718365062878,3.80884705699066,0
4906,test,1900,131912.999999958,1149251913.0,15,14,1,2,3784070.5381038687,900733.3825835573,5037988.953252041,-106680.10705722596,52.5141293898649,13.3892237564168,74.7170783446271,3.75143961934014,0
4907,test,1900,131913.199999958,1149251913.2,16,15,1,2,3784073.5923595196,900735.7819055276,5037985.595386001,-106691.45698724476,52.5141228935672,13.3892248731545,74.7158735025252,3.67934496148427,0
4908,test,1900,131913.399999958,1149251913.4,14,13,1,2,3784077.2888491503,900734.4839840247,5037989.729786807,-106697.3324795976,52.5141163021639,13.3892259681599,74.7147514729952,3.59402241282999,0
4909,test,1900,131913.599999958,1149251913.6,16,15,1,2,3784078.090633942,900738.199565859,5037985.030607725,-106711.58016953297,52.5141099416687,13.3892270565131,74.7137129021636,3.50259408074114,0
4910,test,1900,131913.799999958,1149251913.8,16,14,1,2,3784076.724605947,900741.9180287912,5037985.671611655,-106721.91903075684,52.5141037065374,13.3892281260183,74.7127584767982,3.41448657631433,0
4911,test,1900,131913.999999958,1149251914.0,16,15,1,2,3784077.4985430427,900740.5422303224,5037977.848905521,-106736.28776741223,52.5140976569422,13.3892292014181,74.7118887255008,3.33873729341542,0
4912,test,1900,131914.199999959,1149251914.2,15,15,1,2,3784079.9521591007,900740.0606847502,5037974.383894561,-106748.42427802,52.5140917488455,13.3892303129899,74.7111040723921,3.2803198348839,0
4913,test,1900,131914.399999959,1149251914.4,17,15,1,2,3784079.68205424,900742.3345327263,5037970.890385156,-106761.16762631369,52.514085972865,13.3892314454849,74.7104052519486,3.23828259482802,0
4914,test,1900,131914.599999959,1149251914.6,17,15,1,2,3784080.5359453573,900743.8980693128,5037970.995088483,-106771.4129177251,52.5140803397664,13.3892326162263,74.709792901214,3.20823549505597,0
4915,test,1900,131914.799999959,1149251914.8,16,14,1,2,3784080.3992692824,900743.3301000282,5037963.304560144,-106785.21726031216,52.514074738007,13.3892338315227,74.7092671641485,3.18592093390313,0
4916,test,1900,131914.999999959,1149251915.0,15,14,1,2,3784082.719743411,900742.7278141147,5037967.124712093,-106791.93804455509,52.5140690360047,13.3892350890201,74.7088286323336,3.16893530111094,0
4917,test,1900,131915.199999959,1149251915.2,15,14,1,2,3784082.9057267653,900743.7648381013,5037966.890958027,-106802.67796444107,52.5140634235143,13.3892363739111,74.7084777219187,3.1580209050167,0
4918,test,1900,131915.399999959,1149251915.4,15,14,1,2,3784083.9936276884,900744.6304948095,5037969.387474533,-106811.09167020035,52.5140578564468,13.3892376865302,74.7082143772434,3.1566724108143,0
4919,test,1900,131915.599999959,1149251915.6,15,14,1,2,3784085.389059149,900745.2647805794,5037962.884877793,-106824.55802519522,52.5140523565633,13.389239030784,74.7080387522628,3.16707383778501,0
4920,test,1900,131915.799999959,1149251915.8,13,13,1,2,3784088.0957866325,900743.5085153742,5037958.659811408,-106838.05842966343,52.5140466797065,13.3892404174098,74.7079507732699,3.18637366221123,0
4921,test,1900,131915.999999959,1149251916.0,12,12,1,2,3784084.98515407,900741.9636495684,5037928.549817508,-106869.38565811864,52.5140410518402,13.3892418420792,74.7079502497262,3.20661016010956,0
4922,test,1900,131916.199999959,1149251916.2,14,14,1,2,3784088.7560487543,900741.9103435642,5037962.428716079,-106856.64829864996,52.5140354728116,13.3892432912027,74.7080368963652,3.21909117545273,0
4923,test,1900,131916.399999959,1149251916.4,14,14,1,2,3784085.9860045053,900745.7986089492,5037929.752539335,-106888.8703240979,52.5140299419687,13.3892447685068,74.7082101966244,3.21999598198103,0
4924,test,1900,131916.599999959,1149251916.6,14,14,1,2,3784084.5287599512,900746.1907552421,5037926.915541065,-106900.30781181825,52.5140243007339,13.3892462585346,74.7084697265156,3.21045496013267,0
4925,test,1900,131916.799999959,1149251916.8,15,15,1,2,3784090.302298592,900743.333224294,5037953.80730944,-106891.83434087258,52.51401855683,13.3892477316825,74.7088149159416,3.19343699079603,0
4926,test,1900,131916.999999959,1149251917.0,14,14,1,2,3784087.4111117325,900746.2905621555,5037953.490516197,-106903.21920006415,52.514012988317,13.3892491471087,74.7092474711202,3.17237348400028,0
4927,test,1900,131917.199999959,1149251917.2,14,14,1,2,3784087.946940388,900744.6733347281,5037950.227059519,-106916.01189142095,52.5140074631559,13.389250512767,74.7097693709158,3.14983728585757,0
4928,test,1900,131917.399999959,1149251917.4,14,14,1,2,3784084.827718803,900739.4298160308,5037943.071585702,-106934.06606439048,52.5140018457722,13.3892518204801,74.7103795190703,3.12734220876646,0
4929,test,1900,131917.599999959,1149251917.6,13,13,1,3,3784069.88898246,900746.6666399413,5037890.824653134,-106983.91324256333,52.5139964016263,13.3892530599873,74.7110769801588,3.10700480804421,0
4930,test,1900,131917.799999959,1149251917.8,15,14,1,3,3784100.695277733,900742.7687624438,5037934.975807147,-106952.20655823605,52.513990842125,13.389254232363,74.711860666594,3.09236604259068,0
4931,test,1900,131917.999999959,1149251918.0,15,14,1,2,3784101.596991221,900741.5598838227,5037928.671183783,-106965.47897464283,52.5139853855625,13.3892553403942,74.7127294481401,3.08873370577386,0
4932,test,1900,131918.199999959,1149251918.2,15,15,1,2,3784088.3671408053,900738.2482558739,5037921.35814402,-106987.36805242472,52.5139800773383,13.3892563988572,74.7136820653553,3.1032355362558,0
4933,test,1900,131918.399999959,1149251918.4,13,13,1,2,3784073.551041526,900742.3612565683,5037909.262959404,-107014.26904464826,52.5139746410662,13.3892574525825,74.7147170955224,3.14148440925649,0
4934,test,1900,131918.599999959,1149251918.6,14,14,1,3,3784091.0862189867,900735.3531469178,5037924.840751089,-107007.45767934849,52.5139691101046,13.3892585362225,74.7158332068184,3.20534522647125,0
4935,test,1900,131918.799999959,1149251918.8,14,14,1,2,3784090.936936402,900734.7786950374,5037926.28317515,-107015.76807493943,52.513963453202,13.3892596878519,74.7170287387727,3.29582426077334,0
4936,test,1900,131918.999999959,1149251919.0,13,13,1,2,3784086.450549953,900735.8773044905,5037888.0555459475,-107051.61017665413,52.5139576703533,13.3892609052448,74.7183018127698,3.4153321178076,0
4937,test,1900,131919.199999959,1149251919.2,13,13,1,2,3784084.8226715117,900737.9847561104,5037888.991005947,-107062.5185614616,52.5139515974589,13.3892622395856,74.7196503451657,3.56578894443949,0
4938,test,1900,131919.399999959,1149251919.4,13,13,1,2,3784085.7184041543,900736.389700873,5037892.001268095,-107071.33559250498,52.5139451898918,13.3892636885239,74.7210721001807,3.74532508064962,0
4939,test,1900,131919.599999959,1149251919.6,15,15,1,2,3784088.2365046446,900738.7042834375,5037922.742375176,-107062.9689163032,52.5139384108421,13.3892652949451,74.7225646815951,3.94517580593471,0
4940,test,1900,131919.799999959,1149251919.8,14,14,1,2,3784086.281936422,900740.0861180243,5037894.076818018,-107090.99512473588,52.513931278182,13.3892670480958,74.7241253955087,4.15451954944348,0
4941,test,1900,131919.999999959,1149251920.0,15,15,1,2,3784090.8908945187,900738.961360693,5037924.907124149,-107080.06723874624,52.5139237220008,13.3892689799973,74.7257512292249,4.36612511339886,0
4942,test,1900,131920.199999959,1149251920.2,15,15,1,2,3784090.9902513805,900739.0055529239,5037924.192525021,-107090.2688067475,52.5139159813609,13.3892710719621,74.7274393841576,4.57858959883255,0
4943,test,1900,131920.399999959,1149251920.4,14,14,1,2,3784085.9633559166,900740.3904182145,5037892.438700872,-107123.04880475272,52.5139079522599,13.3892733790715,74.7291861079987,4.79441561796787,0
4944,test,1900,131920.599999959,1149251920.6,15,15,1,2,3784089.0225215945,900739.7348529696,5037922.0061329175,-107113.11398208742,52.5138994454215,13.3892758878804,74.7309880839969,5.01501809453867,0
4945,test,1900,131920.799999959,1149251920.8,14,14,1,2,3784088.362517221,900740.136295635,5037897.413877538,-107138.45065924451,52.5138903986574,13.3892786030808,74.7328416580594,5.23911251620973,0
4946,test,1900,131920.999999959,1149251921.0,14,14,1,2,3784090.198439333,900739.6076324136,5037899.343086485,-107146.77924617336,52.5138810620257,13.3892815355644,74.7347429336095,5.46485669151302,0
4947,test,1900,131921.199999959,1149251921.2,15,15,1,2,3784095.6833563945,900739.1784108009,5037922.463890912,-107139.83469690628,52.5138713109118,13.3892847039616,74.7366878260294,5.6897464434312,0
4948,test,1900,131921.399999959,1149251921.4,14,14,1,2,3784095.0021034423,900740.8680678684,5037909.9105403945,-107157.48931920729,52.5138613433907,13.389288021595,74.7386723669618,5.91137624483344,0
4949,test,1900,131921.599999959,1149251921.6,14,14,1,2,3784096.9579471,900741.7111066816,5037916.430722424,-107161.93402681519,52.5138509670279,13.389291487675,74.7406923854227,6.12839102396961,0
4950,test,1900,131921.799999959,1149251921.8,14,14,1,2,3784096.332215507,900740.0888684536,5037913.794271381,-107173.74061977559,52.5138403971637,13.3892947244074,74.7427439068204,6.33960496321171,0
4951,test,1900,131921.999999959,1149251922.0,13,13,1,2,3784093.8223579857,900741.3651475287,5037917.1205495605,-107181.94978674271,52.5138290807127,13.3892984656588,74.7448231968203,6.54302888386993,0
4952,test,1900,131922.199999959,1149251922.2,13,13,1,2,3784084.208452091,900744.1516645458,5037918.230761593,-107196.45615314132,52.5138173998047,13.3893022901818,74.7469258567643,6.73170436692995,0
4953,test,1900,131922.399999959,1149251922.4,12,11,1,2,3784088.975990882,900745.616908667,5037911.091688296,-107208.23219930941,52.5138056083127,13.3893061428461,74.749048356139,6.89651954509513,0
4954,test,1900,131922.599999959,1149251922.6,13,13,1,2,3784095.9995442843,900745.3466910977,5037916.626650967,-107210.69955156697,52.5137935075158,13.3893100426585,74.7511866979145,7.03336300602039,0
4955,test,1900,131922.799999959,1149251922.8,10,10,1,2,3784097.3863428044,900751.7184568098,5037919.015233588,-107219.62223528046,52.5137812606314,13.3893139148919,74.7533372198356,7.14684262583042,0
4956,test,1900,131922.999999959,1149251923.0,10,10,1,2,3784089.048142278,900745.1175235097,5037931.3649167,-107225.88601249293,52.5137688895468,13.3893176281908,74.7554962766687,7.24530529415196,0
4957,test,1900,131923.199999959,1149251923.2,11,11,1,2,3784099.150224193,900745.601010556,5037929.039676673,-107232.13243017385,52.5137561122248,13.389321195317,74.7576598025147,7.33908902831645,0
4958,test,1900,131923.499999959,1149251923.5,10,10,1,2,3784099.05050725,900741.2473765109,5037897.650731452,-107268.26965834107,52.513736506702,13.3893262094463,74.760905329851,7.49212740750818,0
4959,test,1900,131923.699999959,1149251923.7,11,11,1,2,3784102.171254802,900744.2061442027,5037928.499318982,-107255.82107026855,52.513723246849,13.3893293206162,74.7630637221666,7.6094835362257,0
4960,test,1900,131923.899999959,1149251923.9,11,11,1,2,3784095.035928687,900744.0973789532,5037922.166174597,-107273.67796455264,52.5137097422177,13.3893322987737,74.7652132869561,7.73902242273465,0
4961,test,1900,131924.199999959,1149251924.2,13,13,1,2,3784103.4898954635,900742.7833925905,5037928.0956916325,-107280.82158104077,52.5136888156328,13.389336544278,74.7684128460762,7.94447764541136,0
4962,test,1900,131924.399999959,1149251924.4,12,11,1,2,3784103.862754405,900742.0146625293,5037907.738595636,-107304.42690032312,52.5136746419123,13.3893392283323,74.7705236152582,8.07736619575444,0
4963,test,1900,131924.599999959,1149251924.6,13,13,1,2,3784108.2043323014,900741.4728442653,5037933.974101482,-107295.16387486148,52.5136601021085,13.3893417956821,74.7726115987245,8.20084367639561,0
4964,test,1900,131924.799999959,1149251924.8,12,12,1,2,3784110.4807888963,900749.5438967862,5037925.276013456,-107307.37185055437,52.5136453651377,13.3893442539837,74.7746728050611,8.31386594672258,0
4965,test,1900,131924.999999959,1149251925.0,12,12,1,2,3784104.31391054,900746.6207149328,5037921.236948611,-107323.43588162985,52.5136304828607,13.3893466082566,74.7767029770723,8.41691104059651,0
4966,test,1900,131925.199999959,1149251925.2,14,14,1,2,3784105.592488826,900750.8924116656,5037921.22488571,-107332.3519106218,52.5136153486341,13.3893488895514,74.7786978587017,8.51062805042667,0
4967,test,1900,131925.399999959,1149251925.4,11,11,1,2,3784104.3869095743,900754.7565226582,5037905.284464703,-107354.1649530816,52.5136001544773,13.389351142841,74.7806530182189,8.59334516878809,0
4968,test,1900,131925.599999959,1149251925.6,13,13,1,2,3784108.028243336,900753.4288602878,5037921.750418085,-107351.0786965993,52.513584797551,13.3893534233709,74.7825642243665,8.65867315537428,0
4969,test,1900,131925.799999959,1149251925.8,11,11,1,2,3784107.179626775,900754.4202037017,5037900.791232746,-107376.33568241501,52.5135693226614,13.3893557298709,74.7844268729194,8.69909151786315,0
4970,test,1900,131925.999999959,1149251926.0,11,11,1,2,3784110.989986626,900754.3200966928,5037911.663697635,-107377.63819575903,52.5135538782584,13.3893580880183,74.7862364511869,8.71265474923454,0
4971,test,1900,131926.199999959,1149251926.2,13,13,1,2,3784111.612509137,900754.4352813443,5037917.71699273,-107383.1465241086,52.5135384975919,13.3893604689325,74.7879884543157,8.703284565244,0
4972,test,1900,131926.399999959,1149251926.4,10,10,1,2,3784110.325458686,900757.7243568967,5037894.64321137,-107409.05516882143,52.5135230707493,13.3893628843881,74.7896783170715,8.6800121308038,0
4973,test,1900,131926.599999959,1149251926.6,12,12,1,2,3784123.197398142,900754.5487088981,5037924.385877216,-107392.62971084795,52.5135077759694,13.3893652998489,74.7913014387761,8.65394413580476,0
4974,test,1900,131926.799999959,1149251926.8,13,13,1,2,3784124.271024203,900749.8518507915,5037918.6155492235,-107407.20053284105,52.513492449034,13.3893677324694,74.7928534358653,8.63338196206421,0
4975,test,1900,131926.999999959,1149251927.0,12,11,1,2,3784120.925286891,900753.8721540127,5037899.0342446165,-107431.4827262007,52.5134772868744,13.3893701740646,74.7943296744132,8.62185020532884,0
4976,test,1900,131927.199999959,1149251927.2,13,12,1,2,3784122.817536709,900750.4932270304,5037909.631230626,-107433.49759009967,52.5134621072114,13.3893726404325,74.7957257282024,8.61834729585609,0
4977,test,1900,131927.499999959,1149251927.5,13,12,1,2,3784126.7208443843,900753.4612118272,5037915.593880431,-107442.90963798571,52.5134392214278,13.3893763611089,74.7976591956708,8.62087519895626,0
4978,test,1900,131927.699999959,1149251927.7,13,12,1,2,3784126.868497538,900750.2954769472,5037906.640796704,-107459.39958166877,52.5134239565949,13.3893788464532,74.7988348975082,8.62393245113335,0
4979,test,1900,131927.899999959,1149251927.9,11,11,1,2,3784128.382410114,900753.2938297573,5037896.608229916,-107475.86054223623,52.5134087347871,13.3893813506345,74.7999148439222,8.62731953890928,0
4980,test,1900,131928.099999959,1149251928.1,12,12,1,2,3784128.942662251,900752.3088490657,5037904.5706787985,-107480.72661040748,52.5133933048641,13.3893838303045,74.8008946537281,8.63198825282204,0
4981,test,1900,131928.299999959,1149251928.3,11,11,1,2,3784127.4511712785,900757.0505301877,5037888.242380499,-107502.85207138238,52.5133782786364,13.3893862933481,74.8017697246879,8.63635089108509,0
4982,test,1900,131928.599999959,1149251928.6,14,13,1,2,3784133.1905086567,900757.094715436,5037915.995464117,-107496.19081850574,52.5133554017006,13.3893899414003,74.802877429757,8.63814914261526,0
4983,test,1900,131928.799999959,1149251928.8,12,11,1,2,3784127.21791907,900758.861739922,5037904.943853503,-107517.26860237867,52.5133400776632,13.3893923417573,74.8034732493867,8.63330982422159,0
4984,test,1900,131928.999999959,1149251929.0,12,11,1,2,3784130.9543274106,900755.2876727169,5037910.545053611,-107521.71229608676,52.5133248673677,13.3893947230263,74.8039503035244,8.6213110438756,0
4985,test,1900,131929.199999959,1149251929.2,14,12,1,2,3784135.4559247396,900762.3660242107,5037905.443565047,-107532.59080045813,52.5133096026636,13.3893970636881,74.8043048368424,8.59936097964239,0
4986,test,1900,131929.499999959,1149251929.5,11,9,1,3,3784121.2569324845,900754.100175476,5037837.907719192,-107603.34677435491,52.5132869447238,13.3894006143105,74.8045982222179,8.54457781679371,0
4987,test,1900,131929.699999959,1149251929.7,13,11,1,3,3784132.4258191846,900758.5527035319,5037908.048332265,-107558.40423787193,52.5132717697535,13.3894029147267,74.8046296927211,8.49643422398941,0
4988,test,1900,131929.899999959,1149251929.9,12,9,1,2,3784131.002140815,900752.4974075651,5037891.349809855,-107583.22894100871,52.5132568484,13.3894052439358,74.8045260616593,8.44372279542819,0
4989,test,1900,131930.099999959,1149251930.1,12,10,1,2,3784134.6038386086,900765.81618151,5037893.334248224,-107587.95455125271,52.5132418199482,13.3894075619462,74.8042839353629,8.38935945062916,0
4990,test,1900,131930.299999959,1149251930.3,11,9,1,3,3784129.859863014,900756.3827359944,5037837.038691307,-107641.24107836853,52.5132269577668,13.3894099074616,74.8039001371323,8.33721061605171,0
4991,test,1900,131930.499999959,1149251930.5,14,12,1,3,3784152.460286914,900757.2288278963,5037914.175325873,-107586.65425470308,52.5132122448533,13.389412284538,74.8033719511236,8.2925352053518,0
4992,test,1900,131930.699999959,1149251930.7,13,12,1,2,3784141.83283468,900761.2415152688,5037906.324629964,-107606.16883829734,52.5131975202512,13.3894146686686,74.8026966747364,8.2608404978934,0
4993,test,1900,131930.899999959,1149251930.9,12,11,1,2,3784141.7151108407,900764.7649865051,5037890.591021301,-107627.40710539941,52.5131829783792,13.389417071765,74.8018715914328,8.24594274917948,0
4994,test,1900,131931.099999959,1149251931.1,13,12,1,2,3784142.0858380278,900771.1773899532,5037884.48235545,-107640.36060316324,52.5131684477399,13.389419505894,74.8008943514277,8.24635494811644,0
4995,test,1900,131931.299999959,1149251931.3,13,12,1,2,3784158.027260226,900766.5995869362,5037881.130970868,-107646.72291014047,52.5131538946183,13.3894219630133,74.7997635323916,8.25357903172108,0
4996,test,1900,131931.499999959,1149251931.5,12,12,1,2,3784157.6061668075,900764.9072521529,5037872.349339912,-107664.30725324611,52.5131393821977,13.3894244389251,74.7984769877315,8.25466023674536,0
4997,test,1900,131931.699999959,1149251931.7,13,13,1,2,3784158.3181750313,900770.3562591983,5037871.430230935,-107673.22691539855,52.5131247362191,13.3894269338147,74.7970337514764,8.23761685252439,0
4998,test,1900,131931.899999959,1149251931.9,13,13,1,2,3784156.025228574,900769.0313281341,5037854.300379857,-107696.84433141362,52.5131103167363,13.3894294204195,74.7954321154051,8.19589254036637,0
4999,test,1900,131932.099999959,1149251932.1,12,12,1,2,3784153.145084318,900760.4863953275,5037833.21080437,-107725.15104248548,52.5130958958503,13.3894318336299,74.793671507206,8.13045529667154,0
5000,test,1900,131932.299999959,1149251932.3,12,12,1,2,3784156.4244230026,900764.4736923592,5037836.609242926,-107731.71115585373,52.5130816110303,13.3894341478071,74.7917515453515,8.04626758152558,0
